{"authorDailyContributionsMap":{"aaravvr":[{"date":"2026-01-28T00:00:00","commitResults":[{"hash":"ea003146b425cf5c87a4676c317c4dd216a52bee","isMergeCommit":false,"messageTitle":"feature: implement Level 0 (Rename, Greet, Exit)","messageBody":"","tags":["Level-0"],"fileTypesAndContributionMap":{"java":{"insertions":16,"deletions":10},"bat":{"insertions":1,"deletions":1},"md":{"insertions":3,"deletions":3}}}]},{"date":"2026-01-29T00:00:00","commitResults":[{"hash":"8818229ca675be72efe2e039d778b958704a0dce","isMergeCommit":false,"messageTitle":"feature: Level-1 echo","messageBody":"","tags":["Level-1"],"fileTypesAndContributionMap":{"java":{"insertions":23,"deletions":6}}},{"hash":"96069a2b947241e1c05d5a33ea2d18873ce8a2a2","isMergeCommit":false,"messageTitle":"feature: Level-2 (Add, List)","messageBody":"","tags":["Level-2"],"fileTypesAndContributionMap":{"java":{"insertions":15,"deletions":5}}}]},{"date":"2026-01-30T00:00:00","commitResults":[{"hash":"b5bdc00120a42b54f97232e2e5c8660beff79ca2","isMergeCommit":false,"messageTitle":"feature: Level-3 (Add ability to mark tasks as done or not done)","messageBody":"","tags":["Level-3","A-CodingStandard"],"fileTypesAndContributionMap":{"java":{"insertions":180,"deletions":26}}}]},{"date":"2026-02-04T00:00:00","commitResults":[{"hash":"d2dcdf127400da68ca231adbd270ea64d4142641","isMergeCommit":false,"messageTitle":"Add support for Todo, Deadline, and Event tasks","messageBody":"","tags":["Level-4"],"fileTypesAndContributionMap":{"java":{"insertions":335,"deletions":152},"bat":{"insertions":1,"deletions":1},"md":{"insertions":3,"deletions":3}}},{"hash":"2858fb516c3b22e0a3c53d436c06a38fb072187d","isMergeCommit":false,"messageTitle":"Add text UI testing","messageBody":"","tags":["A-TextUiTesting"],"fileTypesAndContributionMap":{"txt":{"insertions":11,"deletions":0},"bat":{"insertions":2,"deletions":2},"sh":{"insertions":3,"deletions":7}}},{"hash":"470b96e9da23828c25d13d26cb0754119e7bef5c","isMergeCommit":false,"messageTitle":"Improve code quality","messageBody":"break down long methods into smaller focused methods, consolidate duplicate error messages into reusable methods, and add complete Javadoc documentation for all classes and public methods\n","tags":["A-CodeQuality"],"fileTypesAndContributionMap":{"java":{"insertions":197,"deletions":66}}},{"hash":"663e5a7079f90a5a3d059b06595dbab7a0ec19c1","isMergeCommit":false,"messageTitle":"fix syntax error","messageBody":"","fileTypesAndContributionMap":{"md":{"insertions":1,"deletions":1}}}]}]},"authorFileTypeContributionMap":{"aaravvr":{"java":511,"md":3,"fxml":0,"sh":3,"bat":2,"gradle":0,"txt":11}},"authorContributionVariance":{"aaravvr":22944.322},"authorDisplayNameMap":{"aaravvr":"CS2113-T14-1 AARA..JESH"}}
