{"authorDailyContributionsMap":{"Nishchay2576":[{"date":"2026-01-23T00:00:00","commitResults":[{"hash":"de004df96a99feefa918700fe99c906366b0d7d7","isMergeCommit":false,"messageTitle":"Level-0","messageBody":"","tags":["Level-0"],"fileTypesAndContributionMap":{"java":{"insertions":10,"deletions":10},"bat":{"insertions":1,"deletions":1},"md":{"insertions":3,"deletions":3}}}]},{"date":"2026-01-26T00:00:00","commitResults":[{"hash":"c90e688d0e44f64d5c7c8f9114f8775e1b90e6b4","isMergeCommit":false,"messageTitle":"Level-1","messageBody":"","tags":["Level-1"],"fileTypesAndContributionMap":{"java":{"insertions":19,"deletions":6}}}]},{"date":"2026-01-27T00:00:00","commitResults":[{"hash":"8e6ef556f881b8db897c3ca64b7844c5538759d2","isMergeCommit":false,"messageTitle":"Level-2","messageBody":"","tags":["Level-2"],"fileTypesAndContributionMap":{"java":{"insertions":23,"deletions":3}}}]},{"date":"2026-01-29T00:00:00","commitResults":[{"hash":"68ef9026f870bb9dcc431f8fbf5875f2c5c4957d","isMergeCommit":false,"messageTitle":"Level-3","messageBody":"","fileTypesAndContributionMap":{"java":{"insertions":138,"deletions":43}}}]},{"date":"2026-01-30T00:00:00","commitResults":[{"hash":"7e346a8dc38de0c4951bda21d816dfebd3c8c56c","isMergeCommit":false,"messageTitle":"A-CodingStandard","messageBody":"","tags":["A-CodingStandard"],"fileTypesAndContributionMap":{"java":{"insertions":2,"deletions":1}}}]},{"date":"2026-02-03T00:00:00","commitResults":[{"hash":"43e126ad80e8cf2ddadaa2aa707a8173f4b6370a","isMergeCommit":false,"messageTitle":"Added files for Toto, Deadline, and Events. Minor changes to Task and Minion","messageBody":"","fileTypesAndContributionMap":{"java":{"insertions":39,"deletions":6}}}]},{"date":"2026-02-04T00:00:00","commitResults":[{"hash":"7601b22969d76cebf6a30812f3047f31070e6ce2","isMergeCommit":false,"messageTitle":"Changed the command logic of list, mark, unmark functions, refactored them into methods","messageBody":"","fileTypesAndContributionMap":{"java":{"insertions":143,"deletions":81}}},{"hash":"23faecdca87361316d35e52e9c6268bbfe113218","isMergeCommit":false,"messageTitle":"Level-4: Implement Todo, Deadline, and Event classes","messageBody":"","tags":["Level-4"],"fileTypesAndContributionMap":{"java":{"insertions":342,"deletions":60}}}]},{"date":"2026-02-06T00:00:00","commitResults":[{"hash":"f2d425f4317628df42c80f2af225848992e18df5","isMergeCommit":false,"messageTitle":"Improved Coding Quality, with tag A-CodingQuality","messageBody":"","tags":["A-CodeQuality"],"fileTypesAndContributionMap":{"java":{"insertions":45,"deletions":19}}}]},{"date":"2026-02-11T00:00:00","commitResults":[{"hash":"36e284a3b1344588329bcdb0ccdaa107c2de83cc","isMergeCommit":false,"messageTitle":"Refactored packages, made Task abstract, added custom Exception, added Responses","messageBody":"","fileTypesAndContributionMap":{"java":{"insertions":93,"deletions":117}}}]},{"date":"2026-02-12T00:00:00","commitResults":[{"hash":"06d913d94f48df09e6b4ab514f11e66cfa6a0925","isMergeCommit":false,"messageTitle":"Implemented Level-5 and A-Exceptions: Handle errors with MinionException","messageBody":"","tags":["Level-5","A-Exceptions"],"fileTypesAndContributionMap":{"java":{"insertions":120,"deletions":91}}},{"hash":"898895267b5e7f54cf40321c52b09ad8b517d868","isMergeCommit":false,"messageTitle":"Finalize code changes for A-Packages","messageBody":"","fileTypesAndContributionMap":{"java":{"insertions":3,"deletions":5}}},{"hash":"d84c6b16b40aa1db4f39db31fab3588a653c2fbc","isMergeCommit":true,"messageTitle":"Merge branch \u0027branch-A-Packages\u0027","messageBody":"","fileTypesAndContributionMap":{}}]}]},"authorFileTypeContributionMap":{"Nishchay2576":{"java":545,"md":3,"fxml":0,"sh":0,"bat":1,"gradle":0,"txt":0}},"authorContributionVariance":{"Nishchay2576":13335.205},"authorDisplayNameMap":{"Nishchay2576":"CS2113-F14-1 SANG..CHAY"}}
