{"authorDailyContributionsMap":{"E1484104":[{"date":"2026-01-18T00:00:00","commitResults":[{"hash":"d5b743f09d6610ac3378ce0b1827a55a53b35587","isMergeCommit":false,"messageTitle":"Rename from Duke to Kitten","messageBody":"","fileTypesAndContributionMap":{"java":{"insertions":1,"deletions":1},"bat":{"insertions":1,"deletions":1},"md":{"insertions":3,"deletions":3}}},{"hash":"f30d94c59f15e618f0ba5a629d7a480aa2b20123","isMergeCommit":false,"messageTitle":"Untrack all .class files","messageBody":"","fileTypesAndContributionMap":{"sh":{"insertions":1,"deletions":1}}}]},{"date":"2026-01-25T00:00:00","commitResults":[{"hash":"8d9b1911557bb6ea9d0102f55946b8bc12c84fd7","isMergeCommit":false,"messageTitle":"Replace source code to an initial skeletal version","messageBody":"","tags":["Level-0"],"fileTypesAndContributionMap":{"java":{"insertions":6,"deletions":6}}},{"hash":"e166f6220dfbf87c9c82d12c2fa504d81fd3d4fe","isMergeCommit":false,"messageTitle":"Make Kitten echo commands","messageBody":"","fileTypesAndContributionMap":{"java":{"insertions":18,"deletions":6}}},{"hash":"db5f60d2c9efac5580cb2da2ddc7a8aafa1efdf9","isMergeCommit":false,"messageTitle":"Customize Kitten\u0027s language pack","messageBody":"","tags":["Level-1"],"fileTypesAndContributionMap":{"java":{"insertions":3,"deletions":3}}},{"hash":"2f1e6c3306b62962039b55fd44dc6346e239919c","isMergeCommit":false,"messageTitle":"Add \"add\" and \"list\" function","messageBody":"","tags":["Level-2"],"fileTypesAndContributionMap":{"java":{"insertions":15,"deletions":2}}},{"hash":"e00540b193e46dbf7d7202968d28ef90854c9da3","isMergeCommit":false,"messageTitle":"Create Task class to represent tasks","messageBody":"","fileTypesAndContributionMap":{"java":{"insertions":21,"deletions":0}}},{"hash":"6cdd58512412a0a3875b2857987a8399a2debf57","isMergeCommit":false,"messageTitle":"Use Task class in \"add\" and \"list\" function","messageBody":"","fileTypesAndContributionMap":{"java":{"insertions":4,"deletions":3}}},{"hash":"311b789b34f1d3840f146d25ba1b2ed9e6296306","isMergeCommit":false,"messageTitle":"Fix bug: illegal access to protected attribute","messageBody":"","fileTypesAndContributionMap":{"java":{"insertions":10,"deletions":1}}},{"hash":"b289582075ccc709defa2937cab6bbf982ff54da","isMergeCommit":false,"messageTitle":"Add \"mark\" function","messageBody":"","fileTypesAndContributionMap":{"java":{"insertions":7,"deletions":0}}},{"hash":"65eddb0e1da9ca3fd31c139074fda62dba2353b4","isMergeCommit":false,"messageTitle":"Add \"unmark\" function","messageBody":"","fileTypesAndContributionMap":{"java":{"insertions":7,"deletions":0}}},{"hash":"b0fdbfd127fd664f277609556f959f9ad60e8c5d","isMergeCommit":false,"messageTitle":"Use class-level members to track number of tasks","messageBody":"","fileTypesAndContributionMap":{"java":{"insertions":10,"deletions":5}}},{"hash":"56c483d06696c01f9a7c9f8e4fc32e8173cf79c1","isMergeCommit":false,"messageTitle":"Follow the coding standard","messageBody":"","tags":["Level-3","A-CodingStandard"],"fileTypesAndContributionMap":{"java":{"insertions":16,"deletions":16}}}]},{"date":"2026-01-31T00:00:00","commitResults":[{"hash":"61cbaa13d12a7478b0af9cb27f0d0c237836c400","isMergeCommit":false,"messageTitle":"Refactor the code in class Kitten","messageBody":"","fileTypesAndContributionMap":{"java":{"insertions":61,"deletions":30}}},{"hash":"0d1bbf283ebb73ff175ef50e03845e2962c77273","isMergeCommit":false,"messageTitle":"Disable display of leading and trailing spaces","messageBody":"","fileTypesAndContributionMap":{"java":{"insertions":2,"deletions":2}}},{"hash":"1cee950355c2c123f283443cfbc0b9b2ccf309b2","isMergeCommit":false,"messageTitle":"Add support for \"todo\" \"deadline\" \"event\" tasks","messageBody":"","fileTypesAndContributionMap":{"java":{"insertions":94,"deletions":5}}}]},{"date":"2026-02-01T00:00:00","commitResults":[{"hash":"d3151f2c338e643a0110590b52a3504b42cc32ef","isMergeCommit":false,"messageTitle":"Customize Kitten\u0027s language pack","messageBody":"","tags":["Level-4"],"fileTypesAndContributionMap":{"java":{"insertions":10,"deletions":3}}},{"hash":"b451a87427d11793d889b8e7b906739a5a2ced5b","isMergeCommit":false,"messageTitle":"Automate text UI testing","messageBody":"","tags":["A-TextUiTesting"],"fileTypesAndContributionMap":{"txt":{"insertions":13,"deletions":0},"sh":{"insertions":3,"deletions":2}}},{"hash":"42f7440d74a64bf83d161217f6fb60a833d6a722","isMergeCommit":false,"messageTitle":"Update parameter extraction method in \"mark\" and \"unmark\"","messageBody":"","fileTypesAndContributionMap":{"txt":{"insertions":2,"deletions":2},"java":{"insertions":6,"deletions":4}}}]},{"date":"2026-02-07T00:00:00","commitResults":[{"hash":"be7bf5ce210871ccbbf56ebc9c7cf9bf036d65db","isMergeCommit":false,"messageTitle":"Improve code quality according to PR review","messageBody":"","tags":["A-CodeQuality"],"fileTypesAndContributionMap":{"java":{"insertions":6,"deletions":5}}}]},{"date":"2026-02-08T00:00:00","commitResults":[{"hash":"60ab2e848613da34b4bccf657afc9fade2d909a7","isMergeCommit":false,"messageTitle":"Handle all possible errors and give explanations","messageBody":"","fileTypesAndContributionMap":{"java":{"insertions":116,"deletions":37}}},{"hash":"9f9a4ba4828f967d2cde6005296270fb63aeb829","isMergeCommit":false,"messageTitle":"Add error-specific correction suggestions","messageBody":"","fileTypesAndContributionMap":{"java":{"insertions":31,"deletions":10}}},{"hash":"cd54ab24c065ab64d5d1a80e8bacbb8e44be9795","isMergeCommit":false,"messageTitle":"Update text UI testing for Level-5","messageBody":"","fileTypesAndContributionMap":{"txt":{"insertions":8,"deletions":0}}},{"hash":"e3ef1dc3d9f76969e7ae47fb573ce46fe97e2e3a","isMergeCommit":true,"messageTitle":"Merge branch \u0027branch-Level-5\u0027","messageBody":"","tags":["Level-5"],"fileTypesAndContributionMap":{}},{"hash":"5edf342df0647a7bb383091ea293fd215a9ede1a","isMergeCommit":false,"messageTitle":"Divide classes into packages","messageBody":"","fileTypesAndContributionMap":{"java":{"insertions":26,"deletions":0},"sh":{"insertions":2,"deletions":2}}},{"hash":"91d7282ea86c404d11184a725f82f520152214a4","isMergeCommit":true,"messageTitle":"Merge branch \u0027branch-A-Packages\u0027","messageBody":"","tags":["A-Packages"],"fileTypesAndContributionMap":{}}]}]},"authorFileTypeContributionMap":{"E1484104":{"java":339,"md":3,"fxml":0,"sh":4,"bat":1,"gradle":0,"txt":21}},"authorContributionVariance":{"E1484104":3395.9958},"authorDisplayNameMap":{"E1484104":"CS2113-W13-2 WANG..GJIN"}}
