[{"path":"README.md","fileType":"md","lines":[{"lineNumber":1,"author":{"gitId":"tlimnus"},"content":"# Atlas project template","lastModifiedDate":"2026-01-31T02:15:46","isFullCredit":false},{"lineNumber":2,"author":{"gitId":"-"},"content":"","lastModifiedDate":"2020-05-25T00:03:55","isFullCredit":false},{"lineNumber":3,"author":{"gitId":"-"},"content":"This is a project template for a greenfield Java project. It\u0027s named after the Java mascot _Duke_. Given below are instructions on how to use it.","lastModifiedDate":"2020-05-25T00:03:55","isFullCredit":false},{"lineNumber":4,"author":{"gitId":"-"},"content":"","lastModifiedDate":"2020-05-25T00:03:55","isFullCredit":false},{"lineNumber":5,"author":{"gitId":"-"},"content":"## Setting up in Intellij","lastModifiedDate":"2020-05-25T00:03:55","isFullCredit":false},{"lineNumber":6,"author":{"gitId":"-"},"content":"","lastModifiedDate":"2020-05-25T00:03:55","isFullCredit":false},{"lineNumber":7,"author":{"gitId":"-"},"content":"Prerequisites: JDK 17, update Intellij to the most recent version.","lastModifiedDate":"2024-07-11T16:50:14","isFullCredit":false},{"lineNumber":8,"author":{"gitId":"-"},"content":"","lastModifiedDate":"2020-05-25T00:03:55","isFullCredit":false},{"lineNumber":9,"author":{"gitId":"-"},"content":"1. Open Intellij (if you are not in the welcome screen, click `File` \u003e `Close Project` to close the existing project first)","lastModifiedDate":"2021-01-17T12:25:53","isFullCredit":false},{"lineNumber":10,"author":{"gitId":"-"},"content":"1. Open the project into Intellij as follows:","lastModifiedDate":"2021-01-17T12:25:53","isFullCredit":false},{"lineNumber":11,"author":{"gitId":"-"},"content":"   1. Click `Open`.","lastModifiedDate":"2021-01-17T12:25:53","isFullCredit":false},{"lineNumber":12,"author":{"gitId":"-"},"content":"   1. Select the project directory, and click `OK`.","lastModifiedDate":"2021-01-17T12:25:53","isFullCredit":false},{"lineNumber":13,"author":{"gitId":"-"},"content":"   1. If there are any further prompts, accept the defaults.","lastModifiedDate":"2020-05-25T00:03:55","isFullCredit":false},{"lineNumber":14,"author":{"gitId":"-"},"content":"1. Configure the project to use **JDK 17** (not other versions) as explained in [here](https://www.jetbrains.com/help/idea/sdk.html#set-up-jdk).\u003cbr\u003e","lastModifiedDate":"2024-07-11T16:50:14","isFullCredit":false},{"lineNumber":15,"author":{"gitId":"-"},"content":"   In the same dialog, set the **Project language level** field to the `SDK default` option.","lastModifiedDate":"2021-07-29T20:29:39","isFullCredit":false},{"lineNumber":16,"author":{"gitId":"tlimnus"},"content":"1. After that, locate the `src/main/java/Atlas.java` file, right-click it, and choose `Run Atlas.main()` (if the code editor is showing compile errors, try restarting the IDE). If the setup is correct, you should see something like the below as the output:","lastModifiedDate":"2026-01-31T02:15:46","isFullCredit":false},{"lineNumber":17,"author":{"gitId":"-"},"content":"   ```","lastModifiedDate":"2020-05-25T00:03:55","isFullCredit":false},{"lineNumber":18,"author":{"gitId":"-"},"content":"   Hello from","lastModifiedDate":"2020-05-25T00:03:55","isFullCredit":false},{"lineNumber":19,"author":{"gitId":"-"},"content":"    ____        _        ","lastModifiedDate":"2020-05-25T00:03:55","isFullCredit":false},{"lineNumber":20,"author":{"gitId":"-"},"content":"   |  _ \\ _   _| | _____ ","lastModifiedDate":"2020-05-25T00:03:55","isFullCredit":false},{"lineNumber":21,"author":{"gitId":"-"},"content":"   | | | | | | | |/ / _ \\","lastModifiedDate":"2020-05-25T00:03:55","isFullCredit":false},{"lineNumber":22,"author":{"gitId":"-"},"content":"   | |_| | |_| |   \u003c  __/","lastModifiedDate":"2020-05-25T00:03:55","isFullCredit":false},{"lineNumber":23,"author":{"gitId":"-"},"content":"   |____/ \\__,_|_|\\_\\___|","lastModifiedDate":"2020-05-25T00:03:55","isFullCredit":false},{"lineNumber":24,"author":{"gitId":"-"},"content":"   ```","lastModifiedDate":"2020-05-25T00:03:55","isFullCredit":false},{"lineNumber":25,"author":{"gitId":"-"},"content":"","lastModifiedDate":"2025-01-04T21:44:28","isFullCredit":false},{"lineNumber":26,"author":{"gitId":"-"},"content":"**Warning:** Keep the `src\\main\\java` folder as the root folder for Java files (i.e., don\u0027t rename those folders or move Java files to another folder outside of this folder path), as this is the default location some tools (e.g., Gradle) expect to find Java files.","lastModifiedDate":"2025-01-04T21:44:28","isFullCredit":false}],"authorContributionMap":{"tlimnus":2,"-":24}},{"path":"docs/README.md","fileType":"md","lines":[{"lineNumber":1,"author":{"gitId":"tlimnus"},"content":"# Atlas User Guide","lastModifiedDate":"2026-01-31T02:15:46","isFullCredit":false},{"lineNumber":2,"author":{"gitId":"-"},"content":"","lastModifiedDate":"2019-07-29T17:14:46","isFullCredit":false},{"lineNumber":3,"author":{"gitId":"-"},"content":"// Update the title above to match the actual product name","lastModifiedDate":"2024-01-07T18:33:52","isFullCredit":false},{"lineNumber":4,"author":{"gitId":"-"},"content":"","lastModifiedDate":"2019-07-29T17:14:46","isFullCredit":false},{"lineNumber":5,"author":{"gitId":"-"},"content":"// Product screenshot goes here","lastModifiedDate":"2024-01-07T18:33:52","isFullCredit":false},{"lineNumber":6,"author":{"gitId":"-"},"content":"","lastModifiedDate":"2021-07-17T16:49:07","isFullCredit":false},{"lineNumber":7,"author":{"gitId":"-"},"content":"// Product intro goes here","lastModifiedDate":"2024-01-07T18:33:52","isFullCredit":false},{"lineNumber":8,"author":{"gitId":"-"},"content":"","lastModifiedDate":"2021-07-17T16:49:07","isFullCredit":false},{"lineNumber":9,"author":{"gitId":"-"},"content":"## Adding deadlines","lastModifiedDate":"2024-01-07T18:33:52","isFullCredit":false},{"lineNumber":10,"author":{"gitId":"-"},"content":"","lastModifiedDate":"2021-07-17T16:49:07","isFullCredit":false},{"lineNumber":11,"author":{"gitId":"-"},"content":"// Describe the action and its outcome.","lastModifiedDate":"2024-01-07T18:33:52","isFullCredit":false},{"lineNumber":12,"author":{"gitId":"-"},"content":"","lastModifiedDate":"2019-07-29T17:14:46","isFullCredit":false},{"lineNumber":13,"author":{"gitId":"-"},"content":"// Give examples of usage","lastModifiedDate":"2024-01-07T18:33:52","isFullCredit":false},{"lineNumber":14,"author":{"gitId":"-"},"content":"","lastModifiedDate":"2019-07-29T17:14:46","isFullCredit":false},{"lineNumber":15,"author":{"gitId":"-"},"content":"Example: `keyword (optional arguments)`","lastModifiedDate":"2024-01-07T18:33:52","isFullCredit":false},{"lineNumber":16,"author":{"gitId":"-"},"content":"","lastModifiedDate":"2019-07-29T17:14:46","isFullCredit":false},{"lineNumber":17,"author":{"gitId":"-"},"content":"// A description of the expected outcome goes here","lastModifiedDate":"2024-01-07T18:33:52","isFullCredit":false},{"lineNumber":18,"author":{"gitId":"-"},"content":"","lastModifiedDate":"2019-07-29T17:14:46","isFullCredit":false},{"lineNumber":19,"author":{"gitId":"-"},"content":"```","lastModifiedDate":"2024-01-07T18:33:52","isFullCredit":false},{"lineNumber":20,"author":{"gitId":"-"},"content":"expected output","lastModifiedDate":"2024-01-07T18:33:52","isFullCredit":false},{"lineNumber":21,"author":{"gitId":"-"},"content":"```","lastModifiedDate":"2024-01-07T18:33:52","isFullCredit":false},{"lineNumber":22,"author":{"gitId":"-"},"content":"","lastModifiedDate":"2019-07-29T17:14:46","isFullCredit":false},{"lineNumber":23,"author":{"gitId":"-"},"content":"## Feature ABC","lastModifiedDate":"2024-01-07T18:33:52","isFullCredit":false},{"lineNumber":24,"author":{"gitId":"-"},"content":"","lastModifiedDate":"2019-07-29T17:14:46","isFullCredit":false},{"lineNumber":25,"author":{"gitId":"-"},"content":"// Feature details","lastModifiedDate":"2024-01-07T18:33:52","isFullCredit":false},{"lineNumber":26,"author":{"gitId":"-"},"content":"","lastModifiedDate":"2019-07-29T17:14:46","isFullCredit":false},{"lineNumber":27,"author":{"gitId":"-"},"content":"","lastModifiedDate":"2021-07-17T16:49:07","isFullCredit":false},{"lineNumber":28,"author":{"gitId":"-"},"content":"## Feature XYZ","lastModifiedDate":"2024-01-07T18:33:52","isFullCredit":false},{"lineNumber":29,"author":{"gitId":"-"},"content":"","lastModifiedDate":"2024-01-07T18:33:52","isFullCredit":false},{"lineNumber":30,"author":{"gitId":"-"},"content":"// Feature details","lastModifiedDate":"2024-01-07T18:33:52","isFullCredit":false}],"authorContributionMap":{"tlimnus":1,"-":29}},{"path":"src/main/java/Atlas.java","fileType":"java","lines":[{"lineNumber":1,"author":{"gitId":"tlimnus"},"content":"import java.util.Scanner;","lastModifiedDate":"2026-01-31T02:15:46","isFullCredit":false},{"lineNumber":2,"author":{"gitId":"tlimnus"},"content":"import java.util.*;","lastModifiedDate":"2026-02-02T19:41:20","isFullCredit":false},{"lineNumber":3,"author":{"gitId":"tlimnus"},"content":"","lastModifiedDate":"2026-01-31T02:15:46","isFullCredit":false},{"lineNumber":4,"author":{"gitId":"tlimnus"},"content":"public class Atlas {","lastModifiedDate":"2026-01-31T02:15:46","isFullCredit":false},{"lineNumber":5,"author":{"gitId":"tlimnus"},"content":"    public static void main(String[] args) {","lastModifiedDate":"2026-01-31T02:15:46","isFullCredit":false},{"lineNumber":6,"author":{"gitId":"tlimnus"},"content":"        Scanner sc \u003d new Scanner(System.in);","lastModifiedDate":"2026-01-31T02:15:46","isFullCredit":false},{"lineNumber":7,"author":{"gitId":"tlimnus"},"content":"        List\u003cTask\u003e li \u003d new ArrayList\u003cTask\u003e();","lastModifiedDate":"2026-02-02T19:41:20","isFullCredit":false},{"lineNumber":8,"author":{"gitId":"tlimnus"},"content":"","lastModifiedDate":"2026-01-31T02:15:46","isFullCredit":false},{"lineNumber":9,"author":{"gitId":"tlimnus"},"content":"        String logo \u003d","lastModifiedDate":"2026-01-31T02:15:46","isFullCredit":false},{"lineNumber":10,"author":{"gitId":"tlimnus"},"content":"                \"   ___  _______    ___    _____ \\n\"","lastModifiedDate":"2026-01-31T02:15:46","isFullCredit":false},{"lineNumber":11,"author":{"gitId":"tlimnus"},"content":"                        + \"  / _ |/_  __/ /   / _ |  / ___/ \\n\"","lastModifiedDate":"2026-01-31T02:15:46","isFullCredit":false},{"lineNumber":12,"author":{"gitId":"tlimnus"},"content":"                        + \" / __ | / / / /__ / __ |  \\\\__ \\\\  \\n\"","lastModifiedDate":"2026-01-31T02:15:46","isFullCredit":false},{"lineNumber":13,"author":{"gitId":"tlimnus"},"content":"                        + \"/_/ |_|/_/ /____//_/ |_| /____/  \\n\";","lastModifiedDate":"2026-01-31T02:15:46","isFullCredit":false},{"lineNumber":14,"author":{"gitId":"tlimnus"},"content":"        System.out.println(\"Hello! I\u0027m\\n\" + logo);","lastModifiedDate":"2026-01-31T02:15:46","isFullCredit":false},{"lineNumber":15,"author":{"gitId":"tlimnus"},"content":"        System.out.println(\"What can I do for you?\");","lastModifiedDate":"2026-01-31T02:15:46","isFullCredit":false},{"lineNumber":16,"author":{"gitId":"tlimnus"},"content":"","lastModifiedDate":"2026-01-31T02:15:46","isFullCredit":false},{"lineNumber":17,"author":{"gitId":"tlimnus"},"content":"        while(true){","lastModifiedDate":"2026-01-31T02:15:46","isFullCredit":false},{"lineNumber":18,"author":{"gitId":"tlimnus"},"content":"            String input \u003d sc.nextLine();","lastModifiedDate":"2026-01-31T02:15:46","isFullCredit":false},{"lineNumber":19,"author":{"gitId":"tlimnus"},"content":"","lastModifiedDate":"2026-02-02T19:41:20","isFullCredit":false},{"lineNumber":20,"author":{"gitId":"tlimnus"},"content":"            // |Echo+List| _______________________________________________________","lastModifiedDate":"2026-02-02T19:41:20","isFullCredit":false},{"lineNumber":21,"author":{"gitId":"tlimnus"},"content":"","lastModifiedDate":"2026-02-02T19:41:20","isFullCredit":false},{"lineNumber":22,"author":{"gitId":"tlimnus"},"content":"            if (input.equals(\"bye\")){","lastModifiedDate":"2026-01-31T02:15:46","isFullCredit":false},{"lineNumber":23,"author":{"gitId":"tlimnus"},"content":"                System.out.println(\"Bye. Hope to see you again soon!\");","lastModifiedDate":"2026-01-31T02:15:46","isFullCredit":false},{"lineNumber":24,"author":{"gitId":"tlimnus"},"content":"                break;","lastModifiedDate":"2026-01-31T02:15:46","isFullCredit":false},{"lineNumber":25,"author":{"gitId":"tlimnus"},"content":"            }","lastModifiedDate":"2026-01-31T02:15:46","isFullCredit":false},{"lineNumber":26,"author":{"gitId":"tlimnus"},"content":"            if (input.equals(\"list\")){","lastModifiedDate":"2026-02-02T19:41:20","isFullCredit":false},{"lineNumber":27,"author":{"gitId":"tlimnus"},"content":"                System.out.println(\"Here are the tasks in your list:\");","lastModifiedDate":"2026-02-06T02:53:41","isFullCredit":false},{"lineNumber":28,"author":{"gitId":"tlimnus"},"content":"                for (Task text : li){","lastModifiedDate":"2026-02-02T19:41:20","isFullCredit":false},{"lineNumber":29,"author":{"gitId":"tlimnus"},"content":"                    System.out.println(text.toString());","lastModifiedDate":"2026-02-06T02:53:41","isFullCredit":false},{"lineNumber":30,"author":{"gitId":"tlimnus"},"content":"                }","lastModifiedDate":"2026-02-02T19:41:20","isFullCredit":false},{"lineNumber":31,"author":{"gitId":"tlimnus"},"content":"                continue;","lastModifiedDate":"2026-02-02T19:41:20","isFullCredit":false},{"lineNumber":32,"author":{"gitId":"tlimnus"},"content":"            }","lastModifiedDate":"2026-02-02T19:41:20","isFullCredit":false},{"lineNumber":33,"author":{"gitId":"tlimnus"},"content":"","lastModifiedDate":"2026-02-02T19:41:20","isFullCredit":false},{"lineNumber":34,"author":{"gitId":"tlimnus"},"content":"            // |Mark or Unmark| ____________________________________________________________","lastModifiedDate":"2026-02-02T19:41:20","isFullCredit":false},{"lineNumber":35,"author":{"gitId":"tlimnus"},"content":"","lastModifiedDate":"2026-02-02T19:41:20","isFullCredit":false},{"lineNumber":36,"author":{"gitId":"tlimnus"},"content":"            if (input.startsWith(\"mark \") || input.startsWith(\"unmark \")){","lastModifiedDate":"2026-02-02T19:41:20","isFullCredit":false},{"lineNumber":37,"author":{"gitId":"tlimnus"},"content":"                String[] parts \u003d input.trim().split(\"\\\\s+\");","lastModifiedDate":"2026-02-02T19:41:20","isFullCredit":false},{"lineNumber":38,"author":{"gitId":"tlimnus"},"content":"                String num \u003d parts[1];","lastModifiedDate":"2026-02-02T19:41:20","isFullCredit":false},{"lineNumber":39,"author":{"gitId":"tlimnus"},"content":"                int index \u003d Integer.parseInt(num) - 1;","lastModifiedDate":"2026-02-02T19:41:20","isFullCredit":false},{"lineNumber":40,"author":{"gitId":"tlimnus"},"content":"                li.get(index).markAsDone();","lastModifiedDate":"2026-02-02T19:41:20","isFullCredit":false},{"lineNumber":41,"author":{"gitId":"tlimnus"},"content":"                if (input.startsWith(\"u\")){ // Assumes user doesn\u0027t mark something that is already marked and vice versa","lastModifiedDate":"2026-02-02T19:41:20","isFullCredit":false},{"lineNumber":42,"author":{"gitId":"tlimnus"},"content":"                    System.out.println(\"OK, I\u0027ve marked this task as not done yet:\");","lastModifiedDate":"2026-02-02T19:41:20","isFullCredit":false},{"lineNumber":43,"author":{"gitId":"tlimnus"},"content":"                }","lastModifiedDate":"2026-02-02T19:41:20","isFullCredit":false},{"lineNumber":44,"author":{"gitId":"tlimnus"},"content":"                else{","lastModifiedDate":"2026-02-02T19:41:20","isFullCredit":false},{"lineNumber":45,"author":{"gitId":"tlimnus"},"content":"                    System.out.println(\"Nice! I\u0027ve marked this task as Done:\");","lastModifiedDate":"2026-02-02T19:41:20","isFullCredit":false},{"lineNumber":46,"author":{"gitId":"tlimnus"},"content":"                }","lastModifiedDate":"2026-02-02T19:41:20","isFullCredit":false},{"lineNumber":47,"author":{"gitId":"tlimnus"},"content":"                System.out.println(\"[\" + li.get(index).getStatusIcon() + \"] \" + li.get(index).description);","lastModifiedDate":"2026-02-02T19:41:20","isFullCredit":false},{"lineNumber":48,"author":{"gitId":"tlimnus"},"content":"                continue;","lastModifiedDate":"2026-02-02T19:41:20","isFullCredit":false},{"lineNumber":49,"author":{"gitId":"tlimnus"},"content":"            }","lastModifiedDate":"2026-02-02T19:41:20","isFullCredit":false},{"lineNumber":50,"author":{"gitId":"tlimnus"},"content":"","lastModifiedDate":"2026-02-06T02:53:41","isFullCredit":false},{"lineNumber":51,"author":{"gitId":"tlimnus"},"content":"            // |Week 4 Functions| _____________________________________________________________","lastModifiedDate":"2026-02-06T02:53:41","isFullCredit":false},{"lineNumber":52,"author":{"gitId":"tlimnus"},"content":"            String[] parts \u003d input.trim().split(\"\\\\s+\",2);","lastModifiedDate":"2026-02-06T02:53:41","isFullCredit":false},{"lineNumber":53,"author":{"gitId":"tlimnus"},"content":"            if (input.startsWith(\"todo\")) {","lastModifiedDate":"2026-02-06T02:53:41","isFullCredit":false},{"lineNumber":54,"author":{"gitId":"tlimnus"},"content":"                li.add(new Todo(parts[1]));","lastModifiedDate":"2026-02-06T02:53:41","isFullCredit":false},{"lineNumber":55,"author":{"gitId":"tlimnus"},"content":"                System.out.println(\"Todo Added: \" + li.get(li.size() - 1).toString());","lastModifiedDate":"2026-02-06T02:53:41","isFullCredit":false},{"lineNumber":56,"author":{"gitId":"tlimnus"},"content":"                System.out.println(\"You now have \" + li.size() + \" tasks.\");","lastModifiedDate":"2026-02-06T02:53:41","isFullCredit":false},{"lineNumber":57,"author":{"gitId":"tlimnus"},"content":"            }","lastModifiedDate":"2026-02-06T02:53:41","isFullCredit":false},{"lineNumber":58,"author":{"gitId":"tlimnus"},"content":"            if (input.startsWith(\"deadline\")) {","lastModifiedDate":"2026-02-06T02:53:41","isFullCredit":false},{"lineNumber":59,"author":{"gitId":"tlimnus"},"content":"                String[] deadlineparts \u003d parts[1].split(\"/\");","lastModifiedDate":"2026-02-06T02:53:41","isFullCredit":false},{"lineNumber":60,"author":{"gitId":"tlimnus"},"content":"                li.add(new Deadline(deadlineparts[0].trim(), deadlineparts[1]));","lastModifiedDate":"2026-02-06T02:53:41","isFullCredit":false},{"lineNumber":61,"author":{"gitId":"tlimnus"},"content":"                System.out.println(\"Deadline Added: \" + li.get(li.size() - 1).toString());","lastModifiedDate":"2026-02-06T02:53:41","isFullCredit":false},{"lineNumber":62,"author":{"gitId":"tlimnus"},"content":"                System.out.println(\"You now have \" + li.size() + \" tasks.\");","lastModifiedDate":"2026-02-06T02:53:41","isFullCredit":false},{"lineNumber":63,"author":{"gitId":"tlimnus"},"content":"            }","lastModifiedDate":"2026-02-06T02:53:41","isFullCredit":false},{"lineNumber":64,"author":{"gitId":"tlimnus"},"content":"            if (input.startsWith(\"event\")) {","lastModifiedDate":"2026-02-06T02:53:41","isFullCredit":false},{"lineNumber":65,"author":{"gitId":"tlimnus"},"content":"                String[] eventparts \u003d parts[1].split(\"/\");","lastModifiedDate":"2026-02-06T02:53:41","isFullCredit":false},{"lineNumber":66,"author":{"gitId":"tlimnus"},"content":"                li.add(new Events(eventparts[0].trim(),eventparts[1],eventparts[2]));","lastModifiedDate":"2026-02-06T02:53:41","isFullCredit":false},{"lineNumber":67,"author":{"gitId":"tlimnus"},"content":"                System.out.println(\"Todo Added: \" + li.get(li.size() - 1).toString());","lastModifiedDate":"2026-02-06T02:53:41","isFullCredit":false},{"lineNumber":68,"author":{"gitId":"tlimnus"},"content":"                System.out.println(\"You now have \" + li.size() + \" tasks.\");","lastModifiedDate":"2026-02-06T02:53:41","isFullCredit":false},{"lineNumber":69,"author":{"gitId":"tlimnus"},"content":"            }","lastModifiedDate":"2026-02-06T02:53:41","isFullCredit":false},{"lineNumber":70,"author":{"gitId":"tlimnus"},"content":"","lastModifiedDate":"2026-02-06T02:53:41","isFullCredit":false},{"lineNumber":71,"author":{"gitId":"tlimnus"},"content":"            // li.add(new Task(input))","lastModifiedDate":"2026-02-06T02:53:41","isFullCredit":false},{"lineNumber":72,"author":{"gitId":"tlimnus"},"content":"            // System.out.println(\"added: \" + input);","lastModifiedDate":"2026-02-06T02:53:41","isFullCredit":false},{"lineNumber":73,"author":{"gitId":"tlimnus"},"content":"","lastModifiedDate":"2026-02-02T19:41:20","isFullCredit":false},{"lineNumber":74,"author":{"gitId":"tlimnus"},"content":"        }","lastModifiedDate":"2026-01-31T02:15:46","isFullCredit":false},{"lineNumber":75,"author":{"gitId":"tlimnus"},"content":"","lastModifiedDate":"2026-01-31T02:15:46","isFullCredit":false},{"lineNumber":76,"author":{"gitId":"tlimnus"},"content":"        sc.close();","lastModifiedDate":"2026-01-31T02:15:46","isFullCredit":false},{"lineNumber":77,"author":{"gitId":"tlimnus"},"content":"    }","lastModifiedDate":"2026-01-31T02:15:46","isFullCredit":false},{"lineNumber":78,"author":{"gitId":"tlimnus"},"content":"}","lastModifiedDate":"2026-01-31T02:15:46","isFullCredit":false}],"authorContributionMap":{"tlimnus":78}},{"path":"src/main/java/Deadline.java","fileType":"java","lines":[{"lineNumber":1,"author":{"gitId":"tlimnus"},"content":"public class Deadline extends Task{","lastModifiedDate":"2026-02-06T02:53:41","isFullCredit":false},{"lineNumber":2,"author":{"gitId":"tlimnus"},"content":"    protected String by;","lastModifiedDate":"2026-02-06T02:53:41","isFullCredit":false},{"lineNumber":3,"author":{"gitId":"tlimnus"},"content":"","lastModifiedDate":"2026-02-06T02:53:41","isFullCredit":false},{"lineNumber":4,"author":{"gitId":"tlimnus"},"content":"    public Deadline(String description, String by) {","lastModifiedDate":"2026-02-06T02:53:41","isFullCredit":false},{"lineNumber":5,"author":{"gitId":"tlimnus"},"content":"        super(description);","lastModifiedDate":"2026-02-06T02:53:41","isFullCredit":false},{"lineNumber":6,"author":{"gitId":"tlimnus"},"content":"        this.by \u003d by;","lastModifiedDate":"2026-02-06T02:53:41","isFullCredit":false},{"lineNumber":7,"author":{"gitId":"tlimnus"},"content":"    }","lastModifiedDate":"2026-02-06T02:53:41","isFullCredit":false},{"lineNumber":8,"author":{"gitId":"tlimnus"},"content":"","lastModifiedDate":"2026-02-06T02:53:41","isFullCredit":false},{"lineNumber":9,"author":{"gitId":"tlimnus"},"content":"    @Override","lastModifiedDate":"2026-02-06T02:53:41","isFullCredit":false},{"lineNumber":10,"author":{"gitId":"tlimnus"},"content":"    public String toString() {","lastModifiedDate":"2026-02-06T02:53:41","isFullCredit":false},{"lineNumber":11,"author":{"gitId":"tlimnus"},"content":"        return \"[D]\" + super.toString() + \" (by: \" + by + \")\";","lastModifiedDate":"2026-02-06T02:53:41","isFullCredit":false},{"lineNumber":12,"author":{"gitId":"tlimnus"},"content":"    }","lastModifiedDate":"2026-02-06T02:53:41","isFullCredit":false},{"lineNumber":13,"author":{"gitId":"tlimnus"},"content":"}","lastModifiedDate":"2026-02-06T02:53:41","isFullCredit":false}],"authorContributionMap":{"tlimnus":13}},{"path":"src/main/java/Events.java","fileType":"java","lines":[{"lineNumber":1,"author":{"gitId":"tlimnus"},"content":"public class Events extends Task{","lastModifiedDate":"2026-02-06T02:53:41","isFullCredit":false},{"lineNumber":2,"author":{"gitId":"tlimnus"},"content":"    protected String from;","lastModifiedDate":"2026-02-06T02:53:41","isFullCredit":false},{"lineNumber":3,"author":{"gitId":"tlimnus"},"content":"    protected String to;","lastModifiedDate":"2026-02-06T02:53:41","isFullCredit":false},{"lineNumber":4,"author":{"gitId":"tlimnus"},"content":"","lastModifiedDate":"2026-02-06T02:53:41","isFullCredit":false},{"lineNumber":5,"author":{"gitId":"tlimnus"},"content":"    public Events(String description, String from, String to) {","lastModifiedDate":"2026-02-06T02:53:41","isFullCredit":false},{"lineNumber":6,"author":{"gitId":"tlimnus"},"content":"        super(description);","lastModifiedDate":"2026-02-06T02:53:41","isFullCredit":false},{"lineNumber":7,"author":{"gitId":"tlimnus"},"content":"        this.from \u003d from;","lastModifiedDate":"2026-02-06T02:53:41","isFullCredit":false},{"lineNumber":8,"author":{"gitId":"tlimnus"},"content":"        this.to \u003d to;","lastModifiedDate":"2026-02-06T02:53:41","isFullCredit":false},{"lineNumber":9,"author":{"gitId":"tlimnus"},"content":"    }","lastModifiedDate":"2026-02-06T02:53:41","isFullCredit":false},{"lineNumber":10,"author":{"gitId":"tlimnus"},"content":"","lastModifiedDate":"2026-02-06T02:53:41","isFullCredit":false},{"lineNumber":11,"author":{"gitId":"tlimnus"},"content":"    @Override","lastModifiedDate":"2026-02-06T02:53:41","isFullCredit":false},{"lineNumber":12,"author":{"gitId":"tlimnus"},"content":"    public String toString() {","lastModifiedDate":"2026-02-06T02:53:41","isFullCredit":false},{"lineNumber":13,"author":{"gitId":"tlimnus"},"content":"        return \"[E]\" + super.toString() + \" (from: \" + from + \" to: \" + to + \")\";","lastModifiedDate":"2026-02-06T02:53:41","isFullCredit":false},{"lineNumber":14,"author":{"gitId":"tlimnus"},"content":"    }","lastModifiedDate":"2026-02-06T02:53:41","isFullCredit":false},{"lineNumber":15,"author":{"gitId":"tlimnus"},"content":"}","lastModifiedDate":"2026-02-06T02:53:41","isFullCredit":false}],"authorContributionMap":{"tlimnus":15}},{"path":"src/main/java/Task.java","fileType":"java","lines":[{"lineNumber":1,"author":{"gitId":"tlimnus"},"content":"public class Task {","lastModifiedDate":"2026-02-02T11:49:25","isFullCredit":false},{"lineNumber":2,"author":{"gitId":"tlimnus"},"content":"    protected String description;","lastModifiedDate":"2026-02-02T19:41:20","isFullCredit":false},{"lineNumber":3,"author":{"gitId":"tlimnus"},"content":"    protected Boolean isDone;","lastModifiedDate":"2026-02-02T19:41:20","isFullCredit":false},{"lineNumber":4,"author":{"gitId":"tlimnus"},"content":"","lastModifiedDate":"2026-02-02T19:41:20","isFullCredit":false},{"lineNumber":5,"author":{"gitId":"tlimnus"},"content":"    public Task (String description){","lastModifiedDate":"2026-02-02T19:41:20","isFullCredit":false},{"lineNumber":6,"author":{"gitId":"tlimnus"},"content":"        this.description \u003d description;","lastModifiedDate":"2026-02-02T19:41:20","isFullCredit":false},{"lineNumber":7,"author":{"gitId":"tlimnus"},"content":"        this.isDone \u003d false;","lastModifiedDate":"2026-02-02T19:41:20","isFullCredit":false},{"lineNumber":8,"author":{"gitId":"tlimnus"},"content":"    }","lastModifiedDate":"2026-02-02T19:41:20","isFullCredit":false},{"lineNumber":9,"author":{"gitId":"tlimnus"},"content":"","lastModifiedDate":"2026-02-02T19:41:20","isFullCredit":false},{"lineNumber":10,"author":{"gitId":"tlimnus"},"content":"    public void markAsDone () {","lastModifiedDate":"2026-02-02T19:41:20","isFullCredit":false},{"lineNumber":11,"author":{"gitId":"tlimnus"},"content":"        if (this.isDone){","lastModifiedDate":"2026-02-02T19:41:20","isFullCredit":false},{"lineNumber":12,"author":{"gitId":"tlimnus"},"content":"            this.isDone \u003d false;","lastModifiedDate":"2026-02-02T19:41:20","isFullCredit":false},{"lineNumber":13,"author":{"gitId":"tlimnus"},"content":"            return;","lastModifiedDate":"2026-02-02T19:41:20","isFullCredit":false},{"lineNumber":14,"author":{"gitId":"tlimnus"},"content":"        }","lastModifiedDate":"2026-02-02T19:41:20","isFullCredit":false},{"lineNumber":15,"author":{"gitId":"tlimnus"},"content":"        this.isDone \u003d true;","lastModifiedDate":"2026-02-02T19:41:20","isFullCredit":false},{"lineNumber":16,"author":{"gitId":"tlimnus"},"content":"    }","lastModifiedDate":"2026-02-02T19:41:20","isFullCredit":false},{"lineNumber":17,"author":{"gitId":"tlimnus"},"content":"","lastModifiedDate":"2026-02-02T19:41:20","isFullCredit":false},{"lineNumber":18,"author":{"gitId":"tlimnus"},"content":"    public String getStatusIcon(){","lastModifiedDate":"2026-02-02T19:41:20","isFullCredit":false},{"lineNumber":19,"author":{"gitId":"tlimnus"},"content":"        return (isDone ? \"x\" : \" \");","lastModifiedDate":"2026-02-02T19:41:20","isFullCredit":false},{"lineNumber":20,"author":{"gitId":"tlimnus"},"content":"    }","lastModifiedDate":"2026-02-02T19:41:20","isFullCredit":false},{"lineNumber":21,"author":{"gitId":"tlimnus"},"content":"","lastModifiedDate":"2026-02-06T02:53:41","isFullCredit":false},{"lineNumber":22,"author":{"gitId":"tlimnus"},"content":"    @Override","lastModifiedDate":"2026-02-06T02:53:41","isFullCredit":false},{"lineNumber":23,"author":{"gitId":"tlimnus"},"content":"    public String toString(){","lastModifiedDate":"2026-02-06T02:53:41","isFullCredit":false},{"lineNumber":24,"author":{"gitId":"tlimnus"},"content":"        return \"[\" + this.getStatusIcon() + \"] \" + description;","lastModifiedDate":"2026-02-06T02:53:41","isFullCredit":false},{"lineNumber":25,"author":{"gitId":"tlimnus"},"content":"    }","lastModifiedDate":"2026-02-06T02:53:41","isFullCredit":false},{"lineNumber":26,"author":{"gitId":"tlimnus"},"content":"}","lastModifiedDate":"2026-02-02T11:49:25","isFullCredit":false}],"authorContributionMap":{"tlimnus":26}},{"path":"src/main/java/Todo.java","fileType":"java","lines":[{"lineNumber":1,"author":{"gitId":"tlimnus"},"content":"public class Todo extends Task {","lastModifiedDate":"2026-02-06T02:53:41","isFullCredit":false},{"lineNumber":2,"author":{"gitId":"tlimnus"},"content":"    protected String by;","lastModifiedDate":"2026-02-06T02:53:41","isFullCredit":false},{"lineNumber":3,"author":{"gitId":"tlimnus"},"content":"","lastModifiedDate":"2026-02-06T02:53:41","isFullCredit":false},{"lineNumber":4,"author":{"gitId":"tlimnus"},"content":"    public Todo(String description){","lastModifiedDate":"2026-02-06T02:53:41","isFullCredit":false},{"lineNumber":5,"author":{"gitId":"tlimnus"},"content":"        super(description);","lastModifiedDate":"2026-02-06T02:53:41","isFullCredit":false},{"lineNumber":6,"author":{"gitId":"tlimnus"},"content":"    }","lastModifiedDate":"2026-02-06T02:53:41","isFullCredit":false},{"lineNumber":7,"author":{"gitId":"tlimnus"},"content":"","lastModifiedDate":"2026-02-06T02:53:41","isFullCredit":false},{"lineNumber":8,"author":{"gitId":"tlimnus"},"content":"    @Override","lastModifiedDate":"2026-02-06T02:53:41","isFullCredit":false},{"lineNumber":9,"author":{"gitId":"tlimnus"},"content":"    public String toString() {","lastModifiedDate":"2026-02-06T02:53:41","isFullCredit":false},{"lineNumber":10,"author":{"gitId":"tlimnus"},"content":"        return \"[T]\" + super.toString();","lastModifiedDate":"2026-02-06T02:53:41","isFullCredit":false},{"lineNumber":11,"author":{"gitId":"tlimnus"},"content":"    }","lastModifiedDate":"2026-02-06T02:53:41","isFullCredit":false},{"lineNumber":12,"author":{"gitId":"tlimnus"},"content":"}","lastModifiedDate":"2026-02-06T02:53:41","isFullCredit":false}],"authorContributionMap":{"tlimnus":12}},{"path":"text-ui-test/runtest.bat","fileType":"bat","lines":[{"lineNumber":1,"author":{"gitId":"-"},"content":"@ECHO OFF","lastModifiedDate":"2020-05-25T00:03:55","isFullCredit":false},{"lineNumber":2,"author":{"gitId":"-"},"content":"","lastModifiedDate":"2020-05-25T00:03:55","isFullCredit":false},{"lineNumber":3,"author":{"gitId":"-"},"content":"REM create bin directory if it doesn\u0027t exist","lastModifiedDate":"2020-05-25T00:03:55","isFullCredit":false},{"lineNumber":4,"author":{"gitId":"-"},"content":"if not exist ..\\bin mkdir ..\\bin","lastModifiedDate":"2020-05-25T00:03:55","isFullCredit":false},{"lineNumber":5,"author":{"gitId":"-"},"content":"","lastModifiedDate":"2020-05-25T00:03:55","isFullCredit":false},{"lineNumber":6,"author":{"gitId":"-"},"content":"REM delete output from previous run","lastModifiedDate":"2020-05-25T00:03:55","isFullCredit":false},{"lineNumber":7,"author":{"gitId":"-"},"content":"if exist ACTUAL.TXT del ACTUAL.TXT","lastModifiedDate":"2020-08-25T17:23:26","isFullCredit":false},{"lineNumber":8,"author":{"gitId":"-"},"content":"","lastModifiedDate":"2020-05-25T00:03:55","isFullCredit":false},{"lineNumber":9,"author":{"gitId":"-"},"content":"REM compile the code into the bin folder","lastModifiedDate":"2020-05-25T00:03:55","isFullCredit":false},{"lineNumber":10,"author":{"gitId":"-"},"content":"javac  -cp ..\\src\\main\\java -Xlint:none -d ..\\bin ..\\src\\main\\java\\*.java","lastModifiedDate":"2020-08-25T17:23:26","isFullCredit":false},{"lineNumber":11,"author":{"gitId":"-"},"content":"IF ERRORLEVEL 1 (","lastModifiedDate":"2020-05-25T00:03:55","isFullCredit":false},{"lineNumber":12,"author":{"gitId":"-"},"content":"    echo ********** BUILD FAILURE **********","lastModifiedDate":"2020-05-25T00:03:55","isFullCredit":false},{"lineNumber":13,"author":{"gitId":"-"},"content":"    exit /b 1","lastModifiedDate":"2020-05-25T00:03:55","isFullCredit":false},{"lineNumber":14,"author":{"gitId":"-"},"content":")","lastModifiedDate":"2020-05-25T00:03:55","isFullCredit":false},{"lineNumber":15,"author":{"gitId":"-"},"content":"REM no error here, errorlevel \u003d\u003d 0","lastModifiedDate":"2020-05-25T00:03:55","isFullCredit":false},{"lineNumber":16,"author":{"gitId":"-"},"content":"","lastModifiedDate":"2020-05-25T00:03:55","isFullCredit":false},{"lineNumber":17,"author":{"gitId":"-"},"content":"REM run the program, feed commands from input.txt file and redirect the output to the ACTUAL.TXT","lastModifiedDate":"2020-05-25T00:03:55","isFullCredit":false},{"lineNumber":18,"author":{"gitId":"tlimnus"},"content":"java -classpath ..\\bin Atlas \u003c input.txt \u003e ACTUAL.TXT","lastModifiedDate":"2026-01-31T02:15:46","isFullCredit":false},{"lineNumber":19,"author":{"gitId":"-"},"content":"","lastModifiedDate":"2020-05-25T00:03:55","isFullCredit":false},{"lineNumber":20,"author":{"gitId":"-"},"content":"REM compare the output to the expected output","lastModifiedDate":"2020-05-25T00:03:55","isFullCredit":false},{"lineNumber":21,"author":{"gitId":"-"},"content":"FC ACTUAL.TXT EXPECTED.TXT","lastModifiedDate":"2020-05-25T00:03:55","isFullCredit":false}],"authorContributionMap":{"tlimnus":1,"-":20}}]
