{"authorDailyContributionsMap":{"tlimnus":[{"date":"2026-01-31T00:00:00","commitResults":[{"hash":"a6d20fc3707e97e72d8982a29ae88fc3d69c5ff6","isMergeCommit":false,"messageTitle":"Added Echo Func","messageBody":"","fileTypesAndContributionMap":{"java":{"insertions":26,"deletions":10},"bat":{"insertions":1,"deletions":1},"md":{"insertions":3,"deletions":3}}}]},{"date":"2026-02-02T00:00:00","commitResults":[{"hash":"760ebbf21ab6c714c0d9c895859b7cf347cb261d","isMergeCommit":false,"messageTitle":"Level-0","messageBody":"","tags":["Level-3","Level-2","Level-1","Level-0"],"fileTypesAndContributionMap":{"java":{"insertions":4,"deletions":0}}},{"hash":"d0359a3714dca4c5d1161b37acf44d2744b2bae4","isMergeCommit":false,"messageTitle":"Mark/Unmark","messageBody":"","tags":["Level-4"],"fileTypesAndContributionMap":{"java":{"insertions":50,"deletions":3}}}]},{"date":"2026-02-06T00:00:00","commitResults":[{"hash":"f254553f41ca79961869996107e971124a39bda1","isMergeCommit":false,"messageTitle":"Level-4","messageBody":"","fileTypesAndContributionMap":{"java":{"insertions":70,"deletions":3}}}]}]},"authorFileTypeContributionMap":{"tlimnus":{"java":144,"md":3,"fxml":0,"sh":0,"bat":1,"gradle":0,"txt":0}},"authorContributionVariance":{"tlimnus":326.55173},"authorDisplayNameMap":{"tlimnus":"CS2113-F09-2 LIM ..TORE"}}
