[{"path":"src/main/java/Merci.java","fileType":"java","lines":[{"lineNumber":1,"author":{"gitId":"ryantrc"},"content":"import java.util.Arrays;","lastModifiedDate":"2026-02-05T15:13:57","isFullCredit":false},{"lineNumber":2,"author":{"gitId":"ryantrc"},"content":"import java.util.Scanner;","lastModifiedDate":"2026-01-29T12:02:43","isFullCredit":false},{"lineNumber":3,"author":{"gitId":"ryantrc"},"content":"","lastModifiedDate":"2026-01-29T12:02:43","isFullCredit":false},{"lineNumber":4,"author":{"gitId":"ryantrc"},"content":"public class Merci {","lastModifiedDate":"2026-01-28T19:24:28","isFullCredit":false},{"lineNumber":5,"author":{"gitId":"ryantrc"},"content":"    public static void main(String[] args) {","lastModifiedDate":"2026-01-28T19:24:28","isFullCredit":false},{"lineNumber":6,"author":{"gitId":"ryantrc"},"content":"        System.out.println(\"Hello! I am Merci!!\");","lastModifiedDate":"2026-01-29T12:02:43","isFullCredit":false},{"lineNumber":7,"author":{"gitId":"ryantrc"},"content":"        System.out.println(\"What can I do for you?\\n\");","lastModifiedDate":"2026-01-29T12:35:24","isFullCredit":false},{"lineNumber":8,"author":{"gitId":"ryantrc"},"content":"","lastModifiedDate":"2026-01-29T12:02:43","isFullCredit":false},{"lineNumber":9,"author":{"gitId":"ryantrc"},"content":"        Scanner sc \u003d new Scanner(System.in);","lastModifiedDate":"2026-01-29T12:02:43","isFullCredit":false},{"lineNumber":10,"author":{"gitId":"ryantrc"},"content":"        Task[] tasks \u003d new Task[100];","lastModifiedDate":"2026-01-29T14:18:47","isFullCredit":false},{"lineNumber":11,"author":{"gitId":"ryantrc"},"content":"        int taskCount \u003d 0;","lastModifiedDate":"2026-01-29T12:35:24","isFullCredit":false},{"lineNumber":12,"author":{"gitId":"ryantrc"},"content":"        while (true){","lastModifiedDate":"2026-01-29T12:02:43","isFullCredit":false},{"lineNumber":13,"author":{"gitId":"ryantrc"},"content":"            String input \u003d sc.nextLine();","lastModifiedDate":"2026-01-29T14:18:47","isFullCredit":false},{"lineNumber":14,"author":{"gitId":"ryantrc"},"content":"","lastModifiedDate":"2026-01-29T12:35:24","isFullCredit":false},{"lineNumber":15,"author":{"gitId":"ryantrc"},"content":"            if (input.equalsIgnoreCase(\"list\")) {","lastModifiedDate":"2026-01-29T12:35:24","isFullCredit":false},{"lineNumber":16,"author":{"gitId":"ryantrc"},"content":"                System.out.println(\"Here are the tasks in your list: \");","lastModifiedDate":"2026-01-29T14:18:47","isFullCredit":false},{"lineNumber":17,"author":{"gitId":"ryantrc"},"content":"                for (int i \u003d 0; i \u003c taskCount; i++) {","lastModifiedDate":"2026-01-29T12:35:24","isFullCredit":false},{"lineNumber":18,"author":{"gitId":"ryantrc"},"content":"                    System.out.println((i + 1) + \".\" + tasks[i].toString());","lastModifiedDate":"2026-01-29T14:18:47","isFullCredit":false},{"lineNumber":19,"author":{"gitId":"ryantrc"},"content":"                }","lastModifiedDate":"2026-01-29T14:18:47","isFullCredit":false},{"lineNumber":20,"author":{"gitId":"ryantrc"},"content":"            }","lastModifiedDate":"2026-01-29T12:35:24","isFullCredit":false},{"lineNumber":21,"author":{"gitId":"ryantrc"},"content":"            else if (input.equalsIgnoreCase(\"bye\")){","lastModifiedDate":"2026-01-29T14:18:47","isFullCredit":false},{"lineNumber":22,"author":{"gitId":"ryantrc"},"content":"                System.out.println(\"bye! see you again soon!\");","lastModifiedDate":"2026-01-29T12:35:24","isFullCredit":false},{"lineNumber":23,"author":{"gitId":"ryantrc"},"content":"                break;","lastModifiedDate":"2026-01-29T12:02:43","isFullCredit":false},{"lineNumber":24,"author":{"gitId":"ryantrc"},"content":"            } else if (input.toLowerCase().startsWith(\"mark \")){","lastModifiedDate":"2026-01-29T14:18:47","isFullCredit":false},{"lineNumber":25,"author":{"gitId":"ryantrc"},"content":"                int index \u003d Integer.parseInt(input.substring(5).trim()) - 1;","lastModifiedDate":"2026-01-29T14:18:47","isFullCredit":false},{"lineNumber":26,"author":{"gitId":"ryantrc"},"content":"                tasks[index].markAsDone();","lastModifiedDate":"2026-01-29T14:18:47","isFullCredit":false},{"lineNumber":27,"author":{"gitId":"ryantrc"},"content":"                System.out.println(\"Nice! I\u0027ve marked this as done: \");","lastModifiedDate":"2026-01-29T14:18:47","isFullCredit":false},{"lineNumber":28,"author":{"gitId":"ryantrc"},"content":"                System.out.println(tasks[index].toString());","lastModifiedDate":"2026-01-29T14:18:47","isFullCredit":false},{"lineNumber":29,"author":{"gitId":"ryantrc"},"content":"            } else if (input.toLowerCase().startsWith(\"unmark \")){","lastModifiedDate":"2026-01-29T14:18:47","isFullCredit":false},{"lineNumber":30,"author":{"gitId":"ryantrc"},"content":"                int index \u003d Integer.parseInt(input.substring(7).trim()) - 1;","lastModifiedDate":"2026-01-29T14:18:47","isFullCredit":false},{"lineNumber":31,"author":{"gitId":"ryantrc"},"content":"                tasks[index].markAsNotDone();","lastModifiedDate":"2026-01-29T14:18:47","isFullCredit":false},{"lineNumber":32,"author":{"gitId":"ryantrc"},"content":"                System.out.println(\"OK, I\u0027ve marked this task as not done yet: \");","lastModifiedDate":"2026-01-29T14:18:47","isFullCredit":false},{"lineNumber":33,"author":{"gitId":"ryantrc"},"content":"                System.out.println(tasks[index].toString());","lastModifiedDate":"2026-01-29T14:18:47","isFullCredit":false},{"lineNumber":34,"author":{"gitId":"ryantrc"},"content":"            } else {","lastModifiedDate":"2026-02-05T15:13:57","isFullCredit":false},{"lineNumber":35,"author":{"gitId":"ryantrc"},"content":"","lastModifiedDate":"2026-02-05T15:13:57","isFullCredit":false},{"lineNumber":36,"author":{"gitId":"ryantrc"},"content":"                Task newTask;","lastModifiedDate":"2026-02-05T15:13:57","isFullCredit":false},{"lineNumber":37,"author":{"gitId":"ryantrc"},"content":"","lastModifiedDate":"2026-02-05T15:13:57","isFullCredit":false},{"lineNumber":38,"author":{"gitId":"ryantrc"},"content":"                if (input.toLowerCase().startsWith(\"deadline\")){","lastModifiedDate":"2026-02-05T15:13:57","isFullCredit":false},{"lineNumber":39,"author":{"gitId":"ryantrc"},"content":"                    String rest \u003d input.substring(9).trim();","lastModifiedDate":"2026-02-05T15:13:57","isFullCredit":false},{"lineNumber":40,"author":{"gitId":"ryantrc"},"content":"                    String[] parts \u003d rest.split(\"/by\", 2);","lastModifiedDate":"2026-02-05T15:13:57","isFullCredit":false},{"lineNumber":41,"author":{"gitId":"ryantrc"},"content":"","lastModifiedDate":"2026-02-05T15:13:57","isFullCredit":false},{"lineNumber":42,"author":{"gitId":"ryantrc"},"content":"                    if (parts.length \u003d\u003d 2){","lastModifiedDate":"2026-02-05T15:13:57","isFullCredit":false},{"lineNumber":43,"author":{"gitId":"ryantrc"},"content":"                        String desc \u003d parts[0];","lastModifiedDate":"2026-02-05T15:13:57","isFullCredit":false},{"lineNumber":44,"author":{"gitId":"ryantrc"},"content":"                        String by \u003d parts[1];","lastModifiedDate":"2026-02-05T15:13:57","isFullCredit":false},{"lineNumber":45,"author":{"gitId":"ryantrc"},"content":"                        newTask \u003d new Deadline(desc, by);","lastModifiedDate":"2026-02-05T15:13:57","isFullCredit":false},{"lineNumber":46,"author":{"gitId":"ryantrc"},"content":"                    } else {","lastModifiedDate":"2026-02-05T15:13:57","isFullCredit":false},{"lineNumber":47,"author":{"gitId":"ryantrc"},"content":"                        // malformed -\u003e treat as todo","lastModifiedDate":"2026-02-05T15:13:57","isFullCredit":false},{"lineNumber":48,"author":{"gitId":"ryantrc"},"content":"                        newTask \u003d new toDo(input);","lastModifiedDate":"2026-02-05T15:13:57","isFullCredit":false},{"lineNumber":49,"author":{"gitId":"ryantrc"},"content":"                    }","lastModifiedDate":"2026-02-05T15:13:57","isFullCredit":false},{"lineNumber":50,"author":{"gitId":"ryantrc"},"content":"                } else if (input.toLowerCase().startsWith(\"event\")){","lastModifiedDate":"2026-02-05T15:13:57","isFullCredit":false},{"lineNumber":51,"author":{"gitId":"ryantrc"},"content":"                    String rest \u003d input.substring(6).trim();","lastModifiedDate":"2026-02-05T15:13:57","isFullCredit":false},{"lineNumber":52,"author":{"gitId":"ryantrc"},"content":"                    String[] parts \u003d rest.split(\"/from\", 2);","lastModifiedDate":"2026-02-05T15:13:57","isFullCredit":false},{"lineNumber":53,"author":{"gitId":"ryantrc"},"content":"","lastModifiedDate":"2026-02-05T15:13:57","isFullCredit":false},{"lineNumber":54,"author":{"gitId":"ryantrc"},"content":"                    if (parts.length \u003d\u003d 2){","lastModifiedDate":"2026-02-05T15:13:57","isFullCredit":false},{"lineNumber":55,"author":{"gitId":"ryantrc"},"content":"                        String desc \u003d parts[0].trim();","lastModifiedDate":"2026-02-05T15:13:57","isFullCredit":false},{"lineNumber":56,"author":{"gitId":"ryantrc"},"content":"                        String[] parts2 \u003d parts[1].split(\"/to\", 2);","lastModifiedDate":"2026-02-05T15:13:57","isFullCredit":false},{"lineNumber":57,"author":{"gitId":"ryantrc"},"content":"                        if (parts2.length \u003d\u003d 2){","lastModifiedDate":"2026-02-05T15:13:57","isFullCredit":false},{"lineNumber":58,"author":{"gitId":"ryantrc"},"content":"                            String from \u003d parts2[0];","lastModifiedDate":"2026-02-05T15:13:57","isFullCredit":false},{"lineNumber":59,"author":{"gitId":"ryantrc"},"content":"                            String to \u003d parts2[1];","lastModifiedDate":"2026-02-05T15:13:57","isFullCredit":false},{"lineNumber":60,"author":{"gitId":"ryantrc"},"content":"                            newTask \u003d new Event(desc, from, to);","lastModifiedDate":"2026-02-05T15:13:57","isFullCredit":false},{"lineNumber":61,"author":{"gitId":"ryantrc"},"content":"                        } else {","lastModifiedDate":"2026-02-05T15:13:57","isFullCredit":false},{"lineNumber":62,"author":{"gitId":"ryantrc"},"content":"                            // malformed -\u003e treat as todo","lastModifiedDate":"2026-02-05T15:13:57","isFullCredit":false},{"lineNumber":63,"author":{"gitId":"ryantrc"},"content":"                            newTask \u003d new toDo(input);","lastModifiedDate":"2026-02-05T15:13:57","isFullCredit":false},{"lineNumber":64,"author":{"gitId":"ryantrc"},"content":"                        }","lastModifiedDate":"2026-01-29T14:18:47","isFullCredit":false},{"lineNumber":65,"author":{"gitId":"ryantrc"},"content":"                    } else {","lastModifiedDate":"2026-02-05T15:13:57","isFullCredit":false},{"lineNumber":66,"author":{"gitId":"ryantrc"},"content":"                        // malformed -\u003e treat as todo","lastModifiedDate":"2026-02-05T15:13:57","isFullCredit":false},{"lineNumber":67,"author":{"gitId":"ryantrc"},"content":"                        newTask \u003d new toDo(input);","lastModifiedDate":"2026-02-05T15:13:57","isFullCredit":false},{"lineNumber":68,"author":{"gitId":"ryantrc"},"content":"                    }","lastModifiedDate":"2026-02-05T15:13:57","isFullCredit":false},{"lineNumber":69,"author":{"gitId":"ryantrc"},"content":"                } else if (input.toLowerCase().startsWith(\"todo\")){","lastModifiedDate":"2026-02-05T15:13:57","isFullCredit":false},{"lineNumber":70,"author":{"gitId":"ryantrc"},"content":"                    String desc \u003d input.substring(5).trim();","lastModifiedDate":"2026-02-05T15:13:57","isFullCredit":false},{"lineNumber":71,"author":{"gitId":"ryantrc"},"content":"                    newTask \u003d new toDo(desc);","lastModifiedDate":"2026-02-05T15:13:57","isFullCredit":false},{"lineNumber":72,"author":{"gitId":"ryantrc"},"content":"                } else {","lastModifiedDate":"2026-02-05T15:13:57","isFullCredit":false},{"lineNumber":73,"author":{"gitId":"ryantrc"},"content":"                    newTask \u003d new toDo(input);","lastModifiedDate":"2026-02-05T15:13:57","isFullCredit":false},{"lineNumber":74,"author":{"gitId":"ryantrc"},"content":"                }","lastModifiedDate":"2026-02-05T15:13:57","isFullCredit":false},{"lineNumber":75,"author":{"gitId":"ryantrc"},"content":"","lastModifiedDate":"2026-02-05T15:13:57","isFullCredit":false},{"lineNumber":76,"author":{"gitId":"ryantrc"},"content":"                tasks[taskCount] \u003d newTask;","lastModifiedDate":"2026-02-05T15:13:57","isFullCredit":false},{"lineNumber":77,"author":{"gitId":"ryantrc"},"content":"                taskCount++;","lastModifiedDate":"2026-01-29T12:35:24","isFullCredit":false},{"lineNumber":78,"author":{"gitId":"ryantrc"},"content":"","lastModifiedDate":"2026-02-05T15:13:57","isFullCredit":false},{"lineNumber":79,"author":{"gitId":"ryantrc"},"content":"                System.out.println(\"Got it! I\u0027ve added this task: \");","lastModifiedDate":"2026-02-05T15:13:57","isFullCredit":false},{"lineNumber":80,"author":{"gitId":"ryantrc"},"content":"                System.out.println(newTask.toString());","lastModifiedDate":"2026-02-05T15:13:57","isFullCredit":false},{"lineNumber":81,"author":{"gitId":"ryantrc"},"content":"                System.out.println(\"You now have \" + taskCount + \" tasks in the list\");","lastModifiedDate":"2026-02-05T15:13:57","isFullCredit":false},{"lineNumber":82,"author":{"gitId":"ryantrc"},"content":"            }","lastModifiedDate":"2026-01-29T12:02:43","isFullCredit":false},{"lineNumber":83,"author":{"gitId":"ryantrc"},"content":"        }","lastModifiedDate":"2026-01-28T19:24:28","isFullCredit":false},{"lineNumber":84,"author":{"gitId":"ryantrc"},"content":"    }","lastModifiedDate":"2026-01-28T19:24:28","isFullCredit":false},{"lineNumber":85,"author":{"gitId":"ryantrc"},"content":"}","lastModifiedDate":"2026-01-29T12:46:28","isFullCredit":false},{"lineNumber":86,"author":{"gitId":"ryantrc"},"content":"","lastModifiedDate":"2026-01-29T14:18:47","isFullCredit":false}],"authorContributionMap":{"ryantrc":86}},{"path":"src/main/java/Task.java","fileType":"java","lines":[{"lineNumber":1,"author":{"gitId":"ryantrc"},"content":"import jdk.jfr.Description;","lastModifiedDate":"2026-02-05T15:13:57","isFullCredit":false},{"lineNumber":2,"author":{"gitId":"ryantrc"},"content":"","lastModifiedDate":"2026-02-05T15:13:57","isFullCredit":false},{"lineNumber":3,"author":{"gitId":"ryantrc"},"content":"public class Task {","lastModifiedDate":"2026-01-29T14:18:47","isFullCredit":false},{"lineNumber":4,"author":{"gitId":"ryantrc"},"content":"    protected String description;","lastModifiedDate":"2026-01-29T14:18:47","isFullCredit":false},{"lineNumber":5,"author":{"gitId":"ryantrc"},"content":"    protected boolean isDone;","lastModifiedDate":"2026-01-29T14:18:47","isFullCredit":false},{"lineNumber":6,"author":{"gitId":"ryantrc"},"content":"","lastModifiedDate":"2026-01-29T14:18:47","isFullCredit":false},{"lineNumber":7,"author":{"gitId":"ryantrc"},"content":"    public Task(String description) {","lastModifiedDate":"2026-01-29T14:18:47","isFullCredit":false},{"lineNumber":8,"author":{"gitId":"ryantrc"},"content":"        this.description \u003d description;","lastModifiedDate":"2026-01-29T14:18:47","isFullCredit":false},{"lineNumber":9,"author":{"gitId":"ryantrc"},"content":"        this.isDone \u003d false;","lastModifiedDate":"2026-01-29T14:18:47","isFullCredit":false},{"lineNumber":10,"author":{"gitId":"ryantrc"},"content":"    }","lastModifiedDate":"2026-01-29T14:18:47","isFullCredit":false},{"lineNumber":11,"author":{"gitId":"ryantrc"},"content":"","lastModifiedDate":"2026-01-29T14:18:47","isFullCredit":false},{"lineNumber":12,"author":{"gitId":"ryantrc"},"content":"    public String getStatusIcon() {","lastModifiedDate":"2026-01-29T14:18:47","isFullCredit":false},{"lineNumber":13,"author":{"gitId":"ryantrc"},"content":"        return (isDone ? \"X\" : \" \"); // mark done task with X","lastModifiedDate":"2026-01-29T14:18:47","isFullCredit":false},{"lineNumber":14,"author":{"gitId":"ryantrc"},"content":"    }","lastModifiedDate":"2026-01-29T14:18:47","isFullCredit":false},{"lineNumber":15,"author":{"gitId":"ryantrc"},"content":"","lastModifiedDate":"2026-01-29T14:18:47","isFullCredit":false},{"lineNumber":16,"author":{"gitId":"ryantrc"},"content":"    public void markAsDone(){","lastModifiedDate":"2026-01-29T14:18:47","isFullCredit":false},{"lineNumber":17,"author":{"gitId":"ryantrc"},"content":"        this.isDone \u003d true;","lastModifiedDate":"2026-01-29T14:18:47","isFullCredit":false},{"lineNumber":18,"author":{"gitId":"ryantrc"},"content":"    }","lastModifiedDate":"2026-01-29T14:18:47","isFullCredit":false},{"lineNumber":19,"author":{"gitId":"ryantrc"},"content":"","lastModifiedDate":"2026-01-29T14:18:47","isFullCredit":false},{"lineNumber":20,"author":{"gitId":"ryantrc"},"content":"    public void markAsNotDone(){","lastModifiedDate":"2026-01-29T14:18:47","isFullCredit":false},{"lineNumber":21,"author":{"gitId":"ryantrc"},"content":"        this.isDone \u003d false;","lastModifiedDate":"2026-01-29T14:18:47","isFullCredit":false},{"lineNumber":22,"author":{"gitId":"ryantrc"},"content":"    }","lastModifiedDate":"2026-01-29T14:18:47","isFullCredit":false},{"lineNumber":23,"author":{"gitId":"ryantrc"},"content":"","lastModifiedDate":"2026-01-29T14:18:47","isFullCredit":false},{"lineNumber":24,"author":{"gitId":"ryantrc"},"content":"    public String getDescription(){","lastModifiedDate":"2026-01-29T14:18:47","isFullCredit":false},{"lineNumber":25,"author":{"gitId":"ryantrc"},"content":"        return this.description;","lastModifiedDate":"2026-01-29T14:18:47","isFullCredit":false},{"lineNumber":26,"author":{"gitId":"ryantrc"},"content":"    }","lastModifiedDate":"2026-01-29T14:18:47","isFullCredit":false},{"lineNumber":27,"author":{"gitId":"ryantrc"},"content":"","lastModifiedDate":"2026-01-29T14:18:47","isFullCredit":false},{"lineNumber":28,"author":{"gitId":"ryantrc"},"content":"    public String toString(){","lastModifiedDate":"2026-01-29T14:18:47","isFullCredit":false},{"lineNumber":29,"author":{"gitId":"ryantrc"},"content":"        return \"[\" + this.getStatusIcon() + \"]\" + \" \" + this.getDescription();","lastModifiedDate":"2026-01-29T14:18:47","isFullCredit":false},{"lineNumber":30,"author":{"gitId":"ryantrc"},"content":"    }","lastModifiedDate":"2026-01-29T14:18:47","isFullCredit":false},{"lineNumber":31,"author":{"gitId":"ryantrc"},"content":"}","lastModifiedDate":"2026-01-29T14:18:47","isFullCredit":false},{"lineNumber":32,"author":{"gitId":"ryantrc"},"content":"","lastModifiedDate":"2026-02-05T15:13:57","isFullCredit":false},{"lineNumber":33,"author":{"gitId":"ryantrc"},"content":"","lastModifiedDate":"2026-02-05T15:13:57","isFullCredit":false},{"lineNumber":34,"author":{"gitId":"ryantrc"},"content":"class Deadline extends Task {","lastModifiedDate":"2026-02-05T15:13:57","isFullCredit":false},{"lineNumber":35,"author":{"gitId":"ryantrc"},"content":"","lastModifiedDate":"2026-02-05T15:13:57","isFullCredit":false},{"lineNumber":36,"author":{"gitId":"ryantrc"},"content":"    protected String by;","lastModifiedDate":"2026-02-05T15:13:57","isFullCredit":false},{"lineNumber":37,"author":{"gitId":"ryantrc"},"content":"","lastModifiedDate":"2026-02-05T15:13:57","isFullCredit":false},{"lineNumber":38,"author":{"gitId":"ryantrc"},"content":"    public Deadline (String description, String by) {","lastModifiedDate":"2026-02-05T15:13:57","isFullCredit":false},{"lineNumber":39,"author":{"gitId":"ryantrc"},"content":"        super(description);","lastModifiedDate":"2026-02-05T15:13:57","isFullCredit":false},{"lineNumber":40,"author":{"gitId":"ryantrc"},"content":"        this.by \u003d by;","lastModifiedDate":"2026-02-05T15:13:57","isFullCredit":false},{"lineNumber":41,"author":{"gitId":"ryantrc"},"content":"    }","lastModifiedDate":"2026-02-05T15:13:57","isFullCredit":false},{"lineNumber":42,"author":{"gitId":"ryantrc"},"content":"","lastModifiedDate":"2026-02-05T15:13:57","isFullCredit":false},{"lineNumber":43,"author":{"gitId":"ryantrc"},"content":"    @Override","lastModifiedDate":"2026-02-05T15:13:57","isFullCredit":false},{"lineNumber":44,"author":{"gitId":"ryantrc"},"content":"    public String toString() {","lastModifiedDate":"2026-02-05T15:13:57","isFullCredit":false},{"lineNumber":45,"author":{"gitId":"ryantrc"},"content":"        return \"[D]\" + super.toString() + \" (by: \" + by + \")\";","lastModifiedDate":"2026-02-05T15:13:57","isFullCredit":false},{"lineNumber":46,"author":{"gitId":"ryantrc"},"content":"    }","lastModifiedDate":"2026-02-05T15:13:57","isFullCredit":false},{"lineNumber":47,"author":{"gitId":"ryantrc"},"content":"}","lastModifiedDate":"2026-02-05T15:13:57","isFullCredit":false},{"lineNumber":48,"author":{"gitId":"ryantrc"},"content":"","lastModifiedDate":"2026-02-05T15:13:57","isFullCredit":false},{"lineNumber":49,"author":{"gitId":"ryantrc"},"content":"class toDo extends Task {","lastModifiedDate":"2026-02-05T15:13:57","isFullCredit":false},{"lineNumber":50,"author":{"gitId":"ryantrc"},"content":"","lastModifiedDate":"2026-02-05T15:13:57","isFullCredit":false},{"lineNumber":51,"author":{"gitId":"ryantrc"},"content":"    public toDo (String description) {","lastModifiedDate":"2026-02-05T15:13:57","isFullCredit":false},{"lineNumber":52,"author":{"gitId":"ryantrc"},"content":"        super(description);","lastModifiedDate":"2026-02-05T15:13:57","isFullCredit":false},{"lineNumber":53,"author":{"gitId":"ryantrc"},"content":"    }","lastModifiedDate":"2026-02-05T15:13:57","isFullCredit":false},{"lineNumber":54,"author":{"gitId":"ryantrc"},"content":"","lastModifiedDate":"2026-02-05T15:13:57","isFullCredit":false},{"lineNumber":55,"author":{"gitId":"ryantrc"},"content":"    @Override","lastModifiedDate":"2026-02-05T15:13:57","isFullCredit":false},{"lineNumber":56,"author":{"gitId":"ryantrc"},"content":"    public String toString() {","lastModifiedDate":"2026-02-05T15:13:57","isFullCredit":false},{"lineNumber":57,"author":{"gitId":"ryantrc"},"content":"        return \"[T]\" + super.toString();","lastModifiedDate":"2026-02-05T15:13:57","isFullCredit":false},{"lineNumber":58,"author":{"gitId":"ryantrc"},"content":"    }","lastModifiedDate":"2026-02-05T15:13:57","isFullCredit":false},{"lineNumber":59,"author":{"gitId":"ryantrc"},"content":"}","lastModifiedDate":"2026-02-05T15:13:57","isFullCredit":false},{"lineNumber":60,"author":{"gitId":"ryantrc"},"content":"","lastModifiedDate":"2026-02-05T15:13:57","isFullCredit":false},{"lineNumber":61,"author":{"gitId":"ryantrc"},"content":"class Event extends Task {","lastModifiedDate":"2026-02-05T15:13:57","isFullCredit":false},{"lineNumber":62,"author":{"gitId":"ryantrc"},"content":"    protected String from;","lastModifiedDate":"2026-02-05T15:13:57","isFullCredit":false},{"lineNumber":63,"author":{"gitId":"ryantrc"},"content":"    protected  String to;","lastModifiedDate":"2026-02-05T15:13:57","isFullCredit":false},{"lineNumber":64,"author":{"gitId":"ryantrc"},"content":"","lastModifiedDate":"2026-02-05T15:13:57","isFullCredit":false},{"lineNumber":65,"author":{"gitId":"ryantrc"},"content":"    public Event(String description, String from, String to) {","lastModifiedDate":"2026-02-05T15:13:57","isFullCredit":false},{"lineNumber":66,"author":{"gitId":"ryantrc"},"content":"        super(description);","lastModifiedDate":"2026-02-05T15:13:57","isFullCredit":false},{"lineNumber":67,"author":{"gitId":"ryantrc"},"content":"        this.from \u003d from;","lastModifiedDate":"2026-02-05T15:13:57","isFullCredit":false},{"lineNumber":68,"author":{"gitId":"ryantrc"},"content":"        this.to \u003d to;","lastModifiedDate":"2026-02-05T15:13:57","isFullCredit":false},{"lineNumber":69,"author":{"gitId":"ryantrc"},"content":"    }","lastModifiedDate":"2026-02-05T15:13:57","isFullCredit":false},{"lineNumber":70,"author":{"gitId":"ryantrc"},"content":"","lastModifiedDate":"2026-02-05T15:13:57","isFullCredit":false},{"lineNumber":71,"author":{"gitId":"ryantrc"},"content":"    @Override","lastModifiedDate":"2026-02-05T15:13:57","isFullCredit":false},{"lineNumber":72,"author":{"gitId":"ryantrc"},"content":"    public String toString() {","lastModifiedDate":"2026-02-05T15:13:57","isFullCredit":false},{"lineNumber":73,"author":{"gitId":"ryantrc"},"content":"        return \"[E]\" + super.toString() + \" (from: \" + this.from + \" to: \" + this.to + \" )\";","lastModifiedDate":"2026-02-05T15:13:57","isFullCredit":false},{"lineNumber":74,"author":{"gitId":"ryantrc"},"content":"    }","lastModifiedDate":"2026-02-05T15:13:57","isFullCredit":false},{"lineNumber":75,"author":{"gitId":"ryantrc"},"content":"}","lastModifiedDate":"2026-02-05T15:13:57","isFullCredit":false}],"authorContributionMap":{"ryantrc":75}}]
