{"authorDailyContributionsMap":{"ryantrc":[{"date":"2026-01-28T00:00:00","commitResults":[{"hash":"10b9f58a22e0e3d66b157bf2715e29c55ef71d8a","isMergeCommit":false,"messageTitle":"Rename Duke to Merci","messageBody":"","fileTypesAndContributionMap":{"java":{"insertions":10,"deletions":0}}}]},{"date":"2026-01-29T00:00:00","commitResults":[{"hash":"28167813d3f17d72d306ea01cd678c5a256fbe5c","isMergeCommit":false,"messageTitle":"Added level-1: echo","messageBody":"","fileTypesAndContributionMap":{"java":{"insertions":17,"deletions":6}}},{"hash":"129510d032c7d603dfddc4df6bb3f94db2468ffd","isMergeCommit":false,"messageTitle":"Added Level-2:Add, List","messageBody":"","fileTypesAndContributionMap":{"java":{"insertions":17,"deletions":8}}},{"hash":"551751de46288cef6cf3b5db65fc31abe73c42ce","isMergeCommit":false,"messageTitle":"Fix level 2 list logic","messageBody":"","fileTypesAndContributionMap":{"java":{"insertions":5,"deletions":5}}},{"hash":"95b00291dfbff46cf09bf7d6cdf1ed7576cf577a","isMergeCommit":false,"messageTitle":"Added Level 3: Mark as done","messageBody":"","fileTypesAndContributionMap":{"java":{"insertions":53,"deletions":12}}}]},{"date":"2026-02-05T00:00:00","commitResults":[{"hash":"bd1b53a5dba39e12846fd234c1a66f0953e43c1a","isMergeCommit":false,"messageTitle":"Added Level-4:Todo, Event, Deadlines","messageBody":"","fileTypesAndContributionMap":{"java":{"insertions":94,"deletions":4}}}]},{"date":"2026-02-12T00:00:00","commitResults":[{"hash":"9db7e7d6dfe9e944ef70aabc62b1140930706657","isMergeCommit":false,"messageTitle":"Added Level 5: Handle Errors","messageBody":"","fileTypesAndContributionMap":{"java":{"insertions":105,"deletions":69}}},{"hash":"2ceb3f1999f750841751128370b8df14ee5a2033","isMergeCommit":true,"messageTitle":"Merge branch \u0027branch-Level-5\u0027","messageBody":"","fileTypesAndContributionMap":{}}]}]},"authorFileTypeContributionMap":{"ryantrc":{"java":207,"md":0,"fxml":0,"sh":0,"bat":0,"gradle":0,"txt":0}},"authorContributionVariance":{"ryantrc":1440.6451},"authorDisplayNameMap":{"ryantrc":"CS2113-F09-2 RYAN..HANG"}}
