{"authorDailyContributionsMap":{"marken9":[{"date":"2026-01-24T00:00:00","commitResults":[{"hash":"9fe182e2227525f9b40046578dffeb9cc76e91d6","isMergeCommit":false,"messageTitle":"Add Level-0","messageBody":"","tags":["Level-0"],"fileTypesAndContributionMap":{"java":{"insertions":14,"deletions":10}}}]},{"date":"2026-01-28T00:00:00","commitResults":[{"hash":"34cf077973f359092c4650df388433c2a012e8c5","isMergeCommit":false,"messageTitle":"Add simple todo list for level 1 to 3 and complete A-CodingStandard","messageBody":"","tags":["Level-3","Level-2","Level-1","A-CodingStandard"],"fileTypesAndContributionMap":{"java":{"insertions":96,"deletions":3}}}]},{"date":"2026-02-03T00:00:00","commitResults":[{"hash":"14637af8432326fa70414f10691c97344021fdc0","isMergeCommit":false,"messageTitle":"Add new classes for different tasks","messageBody":"","fileTypesAndContributionMap":{"java":{"insertions":79,"deletions":3}}},{"hash":"4db0ec40958d3f19e2bc4b83f038204ff87e5387","isMergeCommit":false,"messageTitle":"Update todo, mark, list","messageBody":"","fileTypesAndContributionMap":{"java":{"insertions":105,"deletions":34}}}]},{"date":"2026-02-04T00:00:00","commitResults":[{"hash":"8f9ed706172ee3bfa25aa1fc21cf0c73af72c788","isMergeCommit":false,"messageTitle":"Update deadline command and add printError()","messageBody":"","fileTypesAndContributionMap":{"java":{"insertions":29,"deletions":3}}},{"hash":"4984dd8a245e47fb035ff4973138d9bd2df8bbfb","isMergeCommit":false,"messageTitle":"Update event command","messageBody":"","tags":["Level-4"],"fileTypesAndContributionMap":{"java":{"insertions":20,"deletions":3}}},{"hash":"8f95da68fb7e1d50ca7262d18255edeb45c6dc13","isMergeCommit":false,"messageTitle":"Update text UI testing files","messageBody":"","tags":["A-TextUiTesting"],"fileTypesAndContributionMap":{"txt":{"insertions":5,"deletions":0},"java":{"insertions":2,"deletions":3},"bat":{"insertions":1,"deletions":1}}}]},{"date":"2026-02-07T00:00:00","commitResults":[{"hash":"d9e109f6172afea888a5d957b33bf71f17cb5adc","isMergeCommit":false,"messageTitle":"Improve code quality","messageBody":"","tags":["A-CodeQuality"],"fileTypesAndContributionMap":{"java":{"insertions":64,"deletions":55}}}]}]},"authorFileTypeContributionMap":{"marken9":{"java":305,"md":0,"fxml":0,"sh":0,"bat":1,"gradle":0,"txt":5}},"authorContributionVariance":{"marken9":2283.4888},"authorDisplayNameMap":{"marken9":"CS2113-T14-3 MARK..IONG"}}
