[{"path":"README.md","fileType":"md","lines":[{"lineNumber":1,"author":{"gitId":"HX2003"},"content":"# Quark Chatbot","lastModifiedDate":"2026-01-19T22:05:03","isFullCredit":false},{"lineNumber":2,"author":{"gitId":"-"},"content":"","lastModifiedDate":"2020-05-25T00:03:55","isFullCredit":false},{"lineNumber":3,"author":{"gitId":"-"},"content":"## Setting up in Intellij","lastModifiedDate":"2020-05-25T00:03:55","isFullCredit":false},{"lineNumber":4,"author":{"gitId":"-"},"content":"","lastModifiedDate":"2020-05-25T00:03:55","isFullCredit":false},{"lineNumber":5,"author":{"gitId":"-"},"content":"Prerequisites: JDK 17, update Intellij to the most recent version.","lastModifiedDate":"2024-07-11T16:50:14","isFullCredit":false},{"lineNumber":6,"author":{"gitId":"-"},"content":"","lastModifiedDate":"2020-05-25T00:03:55","isFullCredit":false},{"lineNumber":7,"author":{"gitId":"-"},"content":"1. Open Intellij (if you are not in the welcome screen, click `File` \u003e `Close Project` to close the existing project first)","lastModifiedDate":"2021-01-17T12:25:53","isFullCredit":false},{"lineNumber":8,"author":{"gitId":"-"},"content":"1. Open the project into Intellij as follows:","lastModifiedDate":"2021-01-17T12:25:53","isFullCredit":false},{"lineNumber":9,"author":{"gitId":"-"},"content":"   1. Click `Open`.","lastModifiedDate":"2021-01-17T12:25:53","isFullCredit":false},{"lineNumber":10,"author":{"gitId":"-"},"content":"   1. Select the project directory, and click `OK`.","lastModifiedDate":"2021-01-17T12:25:53","isFullCredit":false},{"lineNumber":11,"author":{"gitId":"-"},"content":"   1. If there are any further prompts, accept the defaults.","lastModifiedDate":"2020-05-25T00:03:55","isFullCredit":false},{"lineNumber":12,"author":{"gitId":"-"},"content":"1. Configure the project to use **JDK 17** (not other versions) as explained in [here](https://www.jetbrains.com/help/idea/sdk.html#set-up-jdk).\u003cbr\u003e","lastModifiedDate":"2024-07-11T16:50:14","isFullCredit":false},{"lineNumber":13,"author":{"gitId":"-"},"content":"   In the same dialog, set the **Project language level** field to the `SDK default` option.","lastModifiedDate":"2021-07-29T20:29:39","isFullCredit":false},{"lineNumber":14,"author":{"gitId":"HX2003"},"content":"1. After that, locate the `src/main/java/quark/ui/Quark.java` file, right-click it, and choose `Run Quark.main()` (if the code editor is showing compile errors, try restarting the IDE). If the setup is correct, you should see something like the below as the output:","lastModifiedDate":"2026-02-07T22:19:26","isFullCredit":false},{"lineNumber":15,"author":{"gitId":"-"},"content":"   ```","lastModifiedDate":"2020-05-25T00:03:55","isFullCredit":false},{"lineNumber":16,"author":{"gitId":"HX2003"},"content":"   ____________________________________________________________","lastModifiedDate":"2026-02-07T22:19:26","isFullCredit":false},{"lineNumber":17,"author":{"gitId":"HX2003"},"content":"   Hello! I\u0027m Quark","lastModifiedDate":"2026-01-19T22:05:03","isFullCredit":false},{"lineNumber":18,"author":{"gitId":"HX2003"},"content":"   What can I do for you?","lastModifiedDate":"2026-01-19T22:05:03","isFullCredit":false},{"lineNumber":19,"author":{"gitId":"HX2003"},"content":"   ____________________________________________________________","lastModifiedDate":"2026-01-19T22:05:03","isFullCredit":false},{"lineNumber":20,"author":{"gitId":"-"},"content":"   ```","lastModifiedDate":"2020-05-25T00:03:55","isFullCredit":false},{"lineNumber":21,"author":{"gitId":"-"},"content":"","lastModifiedDate":"2025-01-04T21:44:28","isFullCredit":false},{"lineNumber":22,"author":{"gitId":"-"},"content":"**Warning:** Keep the `src\\main\\java` folder as the root folder for Java files (i.e., don\u0027t rename those folders or move Java files to another folder outside of this folder path), as this is the default location some tools (e.g., Gradle) expect to find Java files.","lastModifiedDate":"2025-01-04T21:44:28","isFullCredit":false}],"authorContributionMap":{"HX2003":6,"-":16}},{"path":"docs/README.md","fileType":"md","lines":[{"lineNumber":1,"author":{"gitId":"HX2003"},"content":"# Quark User Guide","lastModifiedDate":"2026-01-19T22:05:03","isFullCredit":false},{"lineNumber":2,"author":{"gitId":"-"},"content":"","lastModifiedDate":"2019-07-29T17:14:46","isFullCredit":false},{"lineNumber":3,"author":{"gitId":"-"},"content":"// Update the title above to match the actual product name","lastModifiedDate":"2024-01-07T18:33:52","isFullCredit":false},{"lineNumber":4,"author":{"gitId":"-"},"content":"","lastModifiedDate":"2019-07-29T17:14:46","isFullCredit":false},{"lineNumber":5,"author":{"gitId":"-"},"content":"// Product screenshot goes here","lastModifiedDate":"2024-01-07T18:33:52","isFullCredit":false},{"lineNumber":6,"author":{"gitId":"-"},"content":"","lastModifiedDate":"2021-07-17T16:49:07","isFullCredit":false},{"lineNumber":7,"author":{"gitId":"-"},"content":"// Product intro goes here","lastModifiedDate":"2024-01-07T18:33:52","isFullCredit":false},{"lineNumber":8,"author":{"gitId":"-"},"content":"","lastModifiedDate":"2021-07-17T16:49:07","isFullCredit":false},{"lineNumber":9,"author":{"gitId":"-"},"content":"## Adding deadlines","lastModifiedDate":"2024-01-07T18:33:52","isFullCredit":false},{"lineNumber":10,"author":{"gitId":"-"},"content":"","lastModifiedDate":"2021-07-17T16:49:07","isFullCredit":false},{"lineNumber":11,"author":{"gitId":"-"},"content":"// Describe the action and its outcome.","lastModifiedDate":"2024-01-07T18:33:52","isFullCredit":false},{"lineNumber":12,"author":{"gitId":"-"},"content":"","lastModifiedDate":"2019-07-29T17:14:46","isFullCredit":false},{"lineNumber":13,"author":{"gitId":"-"},"content":"// Give examples of usage","lastModifiedDate":"2024-01-07T18:33:52","isFullCredit":false},{"lineNumber":14,"author":{"gitId":"-"},"content":"","lastModifiedDate":"2019-07-29T17:14:46","isFullCredit":false},{"lineNumber":15,"author":{"gitId":"-"},"content":"Example: `keyword (optional arguments)`","lastModifiedDate":"2024-01-07T18:33:52","isFullCredit":false},{"lineNumber":16,"author":{"gitId":"-"},"content":"","lastModifiedDate":"2019-07-29T17:14:46","isFullCredit":false},{"lineNumber":17,"author":{"gitId":"-"},"content":"// A description of the expected outcome goes here","lastModifiedDate":"2024-01-07T18:33:52","isFullCredit":false},{"lineNumber":18,"author":{"gitId":"-"},"content":"","lastModifiedDate":"2019-07-29T17:14:46","isFullCredit":false},{"lineNumber":19,"author":{"gitId":"-"},"content":"```","lastModifiedDate":"2024-01-07T18:33:52","isFullCredit":false},{"lineNumber":20,"author":{"gitId":"-"},"content":"expected output","lastModifiedDate":"2024-01-07T18:33:52","isFullCredit":false},{"lineNumber":21,"author":{"gitId":"-"},"content":"```","lastModifiedDate":"2024-01-07T18:33:52","isFullCredit":false},{"lineNumber":22,"author":{"gitId":"-"},"content":"","lastModifiedDate":"2019-07-29T17:14:46","isFullCredit":false},{"lineNumber":23,"author":{"gitId":"-"},"content":"## Feature ABC","lastModifiedDate":"2024-01-07T18:33:52","isFullCredit":false},{"lineNumber":24,"author":{"gitId":"-"},"content":"","lastModifiedDate":"2019-07-29T17:14:46","isFullCredit":false},{"lineNumber":25,"author":{"gitId":"-"},"content":"// Feature details","lastModifiedDate":"2024-01-07T18:33:52","isFullCredit":false},{"lineNumber":26,"author":{"gitId":"-"},"content":"","lastModifiedDate":"2019-07-29T17:14:46","isFullCredit":false},{"lineNumber":27,"author":{"gitId":"-"},"content":"","lastModifiedDate":"2021-07-17T16:49:07","isFullCredit":false},{"lineNumber":28,"author":{"gitId":"-"},"content":"## Feature XYZ","lastModifiedDate":"2024-01-07T18:33:52","isFullCredit":false},{"lineNumber":29,"author":{"gitId":"-"},"content":"","lastModifiedDate":"2024-01-07T18:33:52","isFullCredit":false},{"lineNumber":30,"author":{"gitId":"-"},"content":"// Feature details","lastModifiedDate":"2024-01-07T18:33:52","isFullCredit":false}],"authorContributionMap":{"HX2003":1,"-":29}},{"path":"src/main/java/quark/QuarkCommandException.java","fileType":"java","lines":[{"lineNumber":1,"author":{"gitId":"HX2003"},"content":"package quark;","lastModifiedDate":"2026-02-07T22:13:32","isFullCredit":false},{"lineNumber":2,"author":{"gitId":"HX2003"},"content":"","lastModifiedDate":"2026-02-07T22:13:32","isFullCredit":false},{"lineNumber":3,"author":{"gitId":"HX2003"},"content":"public class QuarkCommandException extends Exception {","lastModifiedDate":"2026-02-07T17:46:27","isFullCredit":false},{"lineNumber":4,"author":{"gitId":"HX2003"},"content":"    public QuarkCommandException(String message) {","lastModifiedDate":"2026-02-07T18:39:34","isFullCredit":false},{"lineNumber":5,"author":{"gitId":"HX2003"},"content":"        super(message);","lastModifiedDate":"2026-02-07T18:39:34","isFullCredit":false},{"lineNumber":6,"author":{"gitId":"HX2003"},"content":"    }","lastModifiedDate":"2026-02-07T18:39:34","isFullCredit":false},{"lineNumber":7,"author":{"gitId":"HX2003"},"content":"}","lastModifiedDate":"2026-02-07T17:46:27","isFullCredit":false}],"authorContributionMap":{"HX2003":7}},{"path":"src/main/java/quark/task/Deadline.java","fileType":"java","lines":[{"lineNumber":1,"author":{"gitId":"HX2003"},"content":"package quark.task;","lastModifiedDate":"2026-02-07T22:13:32","isFullCredit":false},{"lineNumber":2,"author":{"gitId":"HX2003"},"content":"","lastModifiedDate":"2026-02-07T22:13:32","isFullCredit":false},{"lineNumber":3,"author":{"gitId":"HX2003"},"content":"public class Deadline extends Task {","lastModifiedDate":"2026-01-30T20:40:59","isFullCredit":false},{"lineNumber":4,"author":{"gitId":"HX2003"},"content":"    private final String endDate;","lastModifiedDate":"2026-01-30T20:40:59","isFullCredit":false},{"lineNumber":5,"author":{"gitId":"HX2003"},"content":"","lastModifiedDate":"2026-01-30T20:40:59","isFullCredit":false},{"lineNumber":6,"author":{"gitId":"HX2003"},"content":"    public Deadline(String description, String endDate) {","lastModifiedDate":"2026-01-30T20:40:59","isFullCredit":false},{"lineNumber":7,"author":{"gitId":"HX2003"},"content":"        super(description);","lastModifiedDate":"2026-01-30T20:40:59","isFullCredit":false},{"lineNumber":8,"author":{"gitId":"HX2003"},"content":"        this.endDate \u003d endDate;","lastModifiedDate":"2026-01-30T20:40:59","isFullCredit":false},{"lineNumber":9,"author":{"gitId":"HX2003"},"content":"    }","lastModifiedDate":"2026-01-30T20:40:59","isFullCredit":false},{"lineNumber":10,"author":{"gitId":"HX2003"},"content":"","lastModifiedDate":"2026-01-30T20:40:59","isFullCredit":false},{"lineNumber":11,"author":{"gitId":"HX2003"},"content":"    @Override","lastModifiedDate":"2026-01-30T20:40:59","isFullCredit":false},{"lineNumber":12,"author":{"gitId":"HX2003"},"content":"    public String toString() {","lastModifiedDate":"2026-01-30T20:40:59","isFullCredit":false},{"lineNumber":13,"author":{"gitId":"HX2003"},"content":"        return \"[D]\" + getStatusString() + \" \" + description + \" (by: \" + endDate + \")\";","lastModifiedDate":"2026-01-30T21:38:45","isFullCredit":false},{"lineNumber":14,"author":{"gitId":"HX2003"},"content":"    }","lastModifiedDate":"2026-01-30T20:40:59","isFullCredit":false},{"lineNumber":15,"author":{"gitId":"HX2003"},"content":"}","lastModifiedDate":"2026-01-30T20:40:59","isFullCredit":false}],"authorContributionMap":{"HX2003":15}},{"path":"src/main/java/quark/task/Event.java","fileType":"java","lines":[{"lineNumber":1,"author":{"gitId":"HX2003"},"content":"package quark.task;","lastModifiedDate":"2026-02-07T22:13:32","isFullCredit":false},{"lineNumber":2,"author":{"gitId":"HX2003"},"content":"","lastModifiedDate":"2026-02-07T22:13:32","isFullCredit":false},{"lineNumber":3,"author":{"gitId":"HX2003"},"content":"public class Event extends Task {","lastModifiedDate":"2026-01-30T20:40:59","isFullCredit":false},{"lineNumber":4,"author":{"gitId":"HX2003"},"content":"    private final String startDate;","lastModifiedDate":"2026-01-30T20:40:59","isFullCredit":false},{"lineNumber":5,"author":{"gitId":"HX2003"},"content":"    private final String endDate;","lastModifiedDate":"2026-01-30T20:40:59","isFullCredit":false},{"lineNumber":6,"author":{"gitId":"HX2003"},"content":"","lastModifiedDate":"2026-01-30T20:40:59","isFullCredit":false},{"lineNumber":7,"author":{"gitId":"HX2003"},"content":"    public Event(String description, String startDate, String endDate) {","lastModifiedDate":"2026-01-30T20:40:59","isFullCredit":false},{"lineNumber":8,"author":{"gitId":"HX2003"},"content":"        super(description);","lastModifiedDate":"2026-01-30T20:40:59","isFullCredit":false},{"lineNumber":9,"author":{"gitId":"HX2003"},"content":"        this.startDate \u003d startDate;","lastModifiedDate":"2026-01-30T20:40:59","isFullCredit":false},{"lineNumber":10,"author":{"gitId":"HX2003"},"content":"        this.endDate \u003d endDate;","lastModifiedDate":"2026-01-30T20:40:59","isFullCredit":false},{"lineNumber":11,"author":{"gitId":"HX2003"},"content":"    }","lastModifiedDate":"2026-01-30T20:40:59","isFullCredit":false},{"lineNumber":12,"author":{"gitId":"HX2003"},"content":"","lastModifiedDate":"2026-01-30T20:40:59","isFullCredit":false},{"lineNumber":13,"author":{"gitId":"HX2003"},"content":"    @Override","lastModifiedDate":"2026-01-30T20:40:59","isFullCredit":false},{"lineNumber":14,"author":{"gitId":"HX2003"},"content":"    public String toString() {","lastModifiedDate":"2026-01-30T20:40:59","isFullCredit":false},{"lineNumber":15,"author":{"gitId":"HX2003"},"content":"        return \"[E]\" + getStatusString() + \" \" + description + \" (from: \" + startDate + \", to: \" + endDate + \")\";","lastModifiedDate":"2026-01-30T20:40:59","isFullCredit":false},{"lineNumber":16,"author":{"gitId":"HX2003"},"content":"    }","lastModifiedDate":"2026-01-30T20:40:59","isFullCredit":false},{"lineNumber":17,"author":{"gitId":"HX2003"},"content":"}","lastModifiedDate":"2026-01-30T20:40:59","isFullCredit":false}],"authorContributionMap":{"HX2003":17}},{"path":"src/main/java/quark/task/Task.java","fileType":"java","lines":[{"lineNumber":1,"author":{"gitId":"HX2003"},"content":"package quark.task;","lastModifiedDate":"2026-02-07T22:13:32","isFullCredit":false},{"lineNumber":2,"author":{"gitId":"HX2003"},"content":"","lastModifiedDate":"2026-02-07T22:13:32","isFullCredit":false},{"lineNumber":3,"author":{"gitId":"HX2003"},"content":"public class Task {","lastModifiedDate":"2026-01-24T22:58:31","isFullCredit":false},{"lineNumber":4,"author":{"gitId":"HX2003"},"content":"    protected final String description;","lastModifiedDate":"2026-01-30T20:40:59","isFullCredit":false},{"lineNumber":5,"author":{"gitId":"HX2003"},"content":"    private boolean isDone;","lastModifiedDate":"2026-01-25T00:01:02","isFullCredit":false},{"lineNumber":6,"author":{"gitId":"HX2003"},"content":"","lastModifiedDate":"2026-01-24T22:58:31","isFullCredit":false},{"lineNumber":7,"author":{"gitId":"HX2003"},"content":"    public Task(String description) {","lastModifiedDate":"2026-01-24T22:58:31","isFullCredit":false},{"lineNumber":8,"author":{"gitId":"HX2003"},"content":"        this.description \u003d description;","lastModifiedDate":"2026-01-24T22:58:31","isFullCredit":false},{"lineNumber":9,"author":{"gitId":"HX2003"},"content":"        this.isDone \u003d false;","lastModifiedDate":"2026-01-25T00:01:02","isFullCredit":false},{"lineNumber":10,"author":{"gitId":"HX2003"},"content":"    }","lastModifiedDate":"2026-01-25T00:01:02","isFullCredit":false},{"lineNumber":11,"author":{"gitId":"HX2003"},"content":"","lastModifiedDate":"2026-01-25T00:01:02","isFullCredit":false},{"lineNumber":12,"author":{"gitId":"HX2003"},"content":"    public void setDone(boolean isDone) {","lastModifiedDate":"2026-01-25T00:01:02","isFullCredit":false},{"lineNumber":13,"author":{"gitId":"HX2003"},"content":"        this.isDone \u003d isDone;","lastModifiedDate":"2026-01-25T00:01:02","isFullCredit":false},{"lineNumber":14,"author":{"gitId":"HX2003"},"content":"    }","lastModifiedDate":"2026-01-24T22:58:31","isFullCredit":false},{"lineNumber":15,"author":{"gitId":"HX2003"},"content":"","lastModifiedDate":"2026-01-24T22:58:31","isFullCredit":false},{"lineNumber":16,"author":{"gitId":"HX2003"},"content":"    public String toString() {","lastModifiedDate":"2026-01-30T20:40:59","isFullCredit":false},{"lineNumber":17,"author":{"gitId":"HX2003"},"content":"        return description; // \"[\" + \"]\" + getStatusString()","lastModifiedDate":"2026-01-30T20:40:59","isFullCredit":false},{"lineNumber":18,"author":{"gitId":"HX2003"},"content":"    }","lastModifiedDate":"2026-01-24T22:58:31","isFullCredit":false},{"lineNumber":19,"author":{"gitId":"HX2003"},"content":"","lastModifiedDate":"2026-01-24T22:58:31","isFullCredit":false},{"lineNumber":20,"author":{"gitId":"HX2003"},"content":"    public String getDescription() {","lastModifiedDate":"2026-01-30T20:40:59","isFullCredit":false},{"lineNumber":21,"author":{"gitId":"HX2003"},"content":"        return description;","lastModifiedDate":"2026-01-30T20:40:59","isFullCredit":false},{"lineNumber":22,"author":{"gitId":"HX2003"},"content":"    }","lastModifiedDate":"2026-01-25T00:01:02","isFullCredit":false},{"lineNumber":23,"author":{"gitId":"HX2003"},"content":"","lastModifiedDate":"2026-01-25T00:01:02","isFullCredit":false},{"lineNumber":24,"author":{"gitId":"HX2003"},"content":"    protected String getStatusString() {","lastModifiedDate":"2026-01-30T20:40:59","isFullCredit":false},{"lineNumber":25,"author":{"gitId":"HX2003"},"content":"        return (isDone ? \"[X]\" : \"[ ]\"); // mark done task with X","lastModifiedDate":"2026-01-30T20:40:59","isFullCredit":false},{"lineNumber":26,"author":{"gitId":"HX2003"},"content":"    }","lastModifiedDate":"2026-01-25T00:01:02","isFullCredit":false},{"lineNumber":27,"author":{"gitId":"HX2003"},"content":"}","lastModifiedDate":"2026-01-24T22:58:31","isFullCredit":false}],"authorContributionMap":{"HX2003":27}},{"path":"src/main/java/quark/task/ToDo.java","fileType":"java","lines":[{"lineNumber":1,"author":{"gitId":"HX2003"},"content":"package quark.task;","lastModifiedDate":"2026-02-07T22:13:32","isFullCredit":false},{"lineNumber":2,"author":{"gitId":"HX2003"},"content":"","lastModifiedDate":"2026-02-07T22:13:32","isFullCredit":false},{"lineNumber":3,"author":{"gitId":"HX2003"},"content":"public class ToDo extends Task {","lastModifiedDate":"2026-01-30T20:40:59","isFullCredit":false},{"lineNumber":4,"author":{"gitId":"HX2003"},"content":"    public ToDo(String description) {","lastModifiedDate":"2026-01-30T20:40:59","isFullCredit":false},{"lineNumber":5,"author":{"gitId":"HX2003"},"content":"        super(description);","lastModifiedDate":"2026-01-30T20:40:59","isFullCredit":false},{"lineNumber":6,"author":{"gitId":"HX2003"},"content":"    }","lastModifiedDate":"2026-01-30T20:40:59","isFullCredit":false},{"lineNumber":7,"author":{"gitId":"HX2003"},"content":"","lastModifiedDate":"2026-01-30T20:40:59","isFullCredit":false},{"lineNumber":8,"author":{"gitId":"HX2003"},"content":"    @Override","lastModifiedDate":"2026-01-30T20:40:59","isFullCredit":false},{"lineNumber":9,"author":{"gitId":"HX2003"},"content":"    public String toString() {","lastModifiedDate":"2026-01-30T20:40:59","isFullCredit":false},{"lineNumber":10,"author":{"gitId":"HX2003"},"content":"        return \"[T]\" + getStatusString() + \" \" + description;","lastModifiedDate":"2026-01-30T20:40:59","isFullCredit":false},{"lineNumber":11,"author":{"gitId":"HX2003"},"content":"    }","lastModifiedDate":"2026-01-30T20:40:59","isFullCredit":false},{"lineNumber":12,"author":{"gitId":"HX2003"},"content":"}","lastModifiedDate":"2026-01-30T20:40:59","isFullCredit":false}],"authorContributionMap":{"HX2003":12}},{"path":"src/main/java/quark/ui/Quark.java","fileType":"java","lines":[{"lineNumber":1,"author":{"gitId":"HX2003"},"content":"package quark.ui;","lastModifiedDate":"2026-02-07T22:13:32","isFullCredit":false},{"lineNumber":2,"author":{"gitId":"HX2003"},"content":"","lastModifiedDate":"2026-02-07T22:13:32","isFullCredit":false},{"lineNumber":3,"author":{"gitId":"HX2003"},"content":"import quark.task.Deadline;","lastModifiedDate":"2026-02-07T22:13:32","isFullCredit":false},{"lineNumber":4,"author":{"gitId":"HX2003"},"content":"import quark.task.Event;","lastModifiedDate":"2026-02-07T22:13:32","isFullCredit":false},{"lineNumber":5,"author":{"gitId":"HX2003"},"content":"import quark.QuarkCommandException;","lastModifiedDate":"2026-02-07T22:13:32","isFullCredit":false},{"lineNumber":6,"author":{"gitId":"HX2003"},"content":"import quark.task.Task;","lastModifiedDate":"2026-02-07T22:13:32","isFullCredit":false},{"lineNumber":7,"author":{"gitId":"HX2003"},"content":"import quark.task.ToDo;","lastModifiedDate":"2026-02-07T22:13:32","isFullCredit":false},{"lineNumber":8,"author":{"gitId":"HX2003"},"content":"","lastModifiedDate":"2026-02-07T22:13:32","isFullCredit":false},{"lineNumber":9,"author":{"gitId":"HX2003"},"content":"import java.util.ArrayList;","lastModifiedDate":"2026-01-24T22:58:31","isFullCredit":false},{"lineNumber":10,"author":{"gitId":"HX2003"},"content":"import java.util.List;","lastModifiedDate":"2026-01-24T22:58:31","isFullCredit":false},{"lineNumber":11,"author":{"gitId":"HX2003"},"content":"import java.util.Scanner;","lastModifiedDate":"2026-01-24T22:42:56","isFullCredit":false},{"lineNumber":12,"author":{"gitId":"HX2003"},"content":"","lastModifiedDate":"2026-01-24T22:42:56","isFullCredit":false},{"lineNumber":13,"author":{"gitId":"HX2003"},"content":"public class Quark {","lastModifiedDate":"2026-01-19T22:05:03","isFullCredit":false},{"lineNumber":14,"author":{"gitId":"HX2003"},"content":"    static List\u003cTask\u003e tasks \u003d new ArrayList\u003c\u003e();","lastModifiedDate":"2026-01-30T20:40:59","isFullCredit":false},{"lineNumber":15,"author":{"gitId":"HX2003"},"content":"","lastModifiedDate":"2026-01-30T20:40:59","isFullCredit":false},{"lineNumber":16,"author":{"gitId":"HX2003"},"content":"    private static final String SEPARATOR \u003d \"____________________________________________________________\";","lastModifiedDate":"2026-01-24T22:42:56","isFullCredit":false},{"lineNumber":17,"author":{"gitId":"HX2003"},"content":"    private static final String PREFIX_BY \u003d \" /by \";","lastModifiedDate":"2026-01-30T20:40:59","isFullCredit":false},{"lineNumber":18,"author":{"gitId":"HX2003"},"content":"    private static final String PREFIX_TO \u003d \" /to \";","lastModifiedDate":"2026-01-30T20:40:59","isFullCredit":false},{"lineNumber":19,"author":{"gitId":"HX2003"},"content":"    private static final String PREFIX_FROM \u003d \" /from \";","lastModifiedDate":"2026-01-30T20:40:59","isFullCredit":false},{"lineNumber":20,"author":{"gitId":"HX2003"},"content":"","lastModifiedDate":"2026-01-24T22:42:56","isFullCredit":false},{"lineNumber":21,"author":{"gitId":"HX2003"},"content":"    private static void printReply(String reply) {","lastModifiedDate":"2026-02-07T18:13:54","isFullCredit":false},{"lineNumber":22,"author":{"gitId":"HX2003"},"content":"        System.out.println(SEPARATOR + System.lineSeparator()","lastModifiedDate":"2026-02-07T18:13:54","isFullCredit":false},{"lineNumber":23,"author":{"gitId":"HX2003"},"content":"                + reply + System.lineSeparator()","lastModifiedDate":"2026-02-07T18:13:54","isFullCredit":false},{"lineNumber":24,"author":{"gitId":"HX2003"},"content":"                + SEPARATOR);","lastModifiedDate":"2026-02-07T18:13:54","isFullCredit":false},{"lineNumber":25,"author":{"gitId":"HX2003"},"content":"    }","lastModifiedDate":"2026-02-07T18:13:54","isFullCredit":false},{"lineNumber":26,"author":{"gitId":"HX2003"},"content":"","lastModifiedDate":"2026-02-07T18:13:54","isFullCredit":false},{"lineNumber":27,"author":{"gitId":"HX2003"},"content":"    private static void printHelloReply() {","lastModifiedDate":"2026-02-07T18:24:57","isFullCredit":false},{"lineNumber":28,"author":{"gitId":"HX2003"},"content":"        printReply(\"Hello! I\u0027m Quark\" + System.lineSeparator()","lastModifiedDate":"2026-02-07T18:24:57","isFullCredit":false},{"lineNumber":29,"author":{"gitId":"HX2003"},"content":"                + \"What can I do for you?\");","lastModifiedDate":"2026-02-07T18:24:57","isFullCredit":false},{"lineNumber":30,"author":{"gitId":"HX2003"},"content":"    }","lastModifiedDate":"2026-01-30T21:29:54","isFullCredit":false},{"lineNumber":31,"author":{"gitId":"HX2003"},"content":"","lastModifiedDate":"2026-01-30T21:29:54","isFullCredit":false},{"lineNumber":32,"author":{"gitId":"HX2003"},"content":"    private static void printByeReply() {","lastModifiedDate":"2026-02-07T18:24:57","isFullCredit":false},{"lineNumber":33,"author":{"gitId":"HX2003"},"content":"        printReply(\"Bye. Hope to see you again soon!\");","lastModifiedDate":"2026-02-07T18:24:57","isFullCredit":false},{"lineNumber":34,"author":{"gitId":"HX2003"},"content":"    }","lastModifiedDate":"2026-01-30T21:29:54","isFullCredit":false},{"lineNumber":35,"author":{"gitId":"HX2003"},"content":"","lastModifiedDate":"2026-01-30T21:29:54","isFullCredit":false},{"lineNumber":36,"author":{"gitId":"HX2003"},"content":"    public static void handleEmptyCommand() {","lastModifiedDate":"2026-02-07T18:17:14","isFullCredit":false},{"lineNumber":37,"author":{"gitId":"HX2003"},"content":"        printReply(\"Command not recognized, did you mean to a enter command?\");","lastModifiedDate":"2026-02-07T18:17:14","isFullCredit":false},{"lineNumber":38,"author":{"gitId":"HX2003"},"content":"    }","lastModifiedDate":"2026-02-07T18:17:14","isFullCredit":false},{"lineNumber":39,"author":{"gitId":"HX2003"},"content":"","lastModifiedDate":"2026-02-07T18:17:14","isFullCredit":false},{"lineNumber":40,"author":{"gitId":"HX2003"},"content":"    public static void handleUnrecognizableCommand(String command) {","lastModifiedDate":"2026-02-07T18:17:14","isFullCredit":false},{"lineNumber":41,"author":{"gitId":"HX2003"},"content":"        printReply(\"Command \\\"\" + command + \"\\\" not recognized\");","lastModifiedDate":"2026-02-07T18:17:14","isFullCredit":false},{"lineNumber":42,"author":{"gitId":"HX2003"},"content":"    }","lastModifiedDate":"2026-02-07T18:17:14","isFullCredit":false},{"lineNumber":43,"author":{"gitId":"HX2003"},"content":"","lastModifiedDate":"2026-02-07T18:17:14","isFullCredit":false},{"lineNumber":44,"author":{"gitId":"HX2003"},"content":"    public static void handleListCommand()  {","lastModifiedDate":"2026-02-07T18:17:14","isFullCredit":false},{"lineNumber":45,"author":{"gitId":"HX2003"},"content":"        StringBuilder reply \u003d new StringBuilder();","lastModifiedDate":"2026-02-07T18:24:57","isFullCredit":false},{"lineNumber":46,"author":{"gitId":"HX2003"},"content":"        if (tasks.isEmpty()) {","lastModifiedDate":"2026-02-07T08:50:51","isFullCredit":false},{"lineNumber":47,"author":{"gitId":"HX2003"},"content":"            reply.append(\"You have no tasks\");","lastModifiedDate":"2026-02-07T18:24:57","isFullCredit":false},{"lineNumber":48,"author":{"gitId":"HX2003"},"content":"        } else {","lastModifiedDate":"2026-02-07T08:50:51","isFullCredit":false},{"lineNumber":49,"author":{"gitId":"HX2003"},"content":"            reply.append(\"Here are the tasks:\");","lastModifiedDate":"2026-02-07T18:24:57","isFullCredit":false},{"lineNumber":50,"author":{"gitId":"HX2003"},"content":"        }","lastModifiedDate":"2026-02-07T08:50:51","isFullCredit":false},{"lineNumber":51,"author":{"gitId":"HX2003"},"content":"        for (int i \u003d 0; i \u003c tasks.size(); i++) {","lastModifiedDate":"2026-01-30T20:40:59","isFullCredit":false},{"lineNumber":52,"author":{"gitId":"HX2003"},"content":"            String line \u003d System.lineSeparator() + (i + 1) + \". \" + tasks.get(i);","lastModifiedDate":"2026-02-07T18:24:57","isFullCredit":false},{"lineNumber":53,"author":{"gitId":"HX2003"},"content":"            reply.append(line);","lastModifiedDate":"2026-02-07T18:24:57","isFullCredit":false},{"lineNumber":54,"author":{"gitId":"HX2003"},"content":"        }","lastModifiedDate":"2026-01-30T20:40:59","isFullCredit":false},{"lineNumber":55,"author":{"gitId":"HX2003"},"content":"        printReply(reply.toString());","lastModifiedDate":"2026-02-07T18:24:57","isFullCredit":false},{"lineNumber":56,"author":{"gitId":"HX2003"},"content":"    }","lastModifiedDate":"2026-01-30T20:40:59","isFullCredit":false},{"lineNumber":57,"author":{"gitId":"HX2003"},"content":"","lastModifiedDate":"2026-01-24T22:58:31","isFullCredit":false},{"lineNumber":58,"author":{"gitId":"HX2003"},"content":"    public static void handleTaskCommand(String command, String arguments) throws QuarkCommandException {","lastModifiedDate":"2026-02-07T18:39:34","isFullCredit":false},{"lineNumber":59,"author":{"gitId":"HX2003"},"content":"        switch (command) {","lastModifiedDate":"2026-01-30T20:40:59","isFullCredit":false},{"lineNumber":60,"author":{"gitId":"HX2003"},"content":"            case \"todo\" -\u003e {","lastModifiedDate":"2026-01-30T20:40:59","isFullCredit":false},{"lineNumber":61,"author":{"gitId":"HX2003"},"content":"                ToDo task \u003d new ToDo(arguments);","lastModifiedDate":"2026-01-30T20:40:59","isFullCredit":false},{"lineNumber":62,"author":{"gitId":"HX2003"},"content":"                tasks.add(task);","lastModifiedDate":"2026-01-30T20:40:59","isFullCredit":false},{"lineNumber":63,"author":{"gitId":"HX2003"},"content":"            }","lastModifiedDate":"2026-01-30T20:40:59","isFullCredit":false},{"lineNumber":64,"author":{"gitId":"HX2003"},"content":"            case \"deadline\" -\u003e {","lastModifiedDate":"2026-01-30T20:40:59","isFullCredit":false},{"lineNumber":65,"author":{"gitId":"HX2003"},"content":"                int indexOfBy \u003d arguments.indexOf(PREFIX_BY);","lastModifiedDate":"2026-01-30T20:40:59","isFullCredit":false},{"lineNumber":66,"author":{"gitId":"HX2003"},"content":"","lastModifiedDate":"2026-01-24T22:42:56","isFullCredit":false},{"lineNumber":67,"author":{"gitId":"HX2003"},"content":"                if (indexOfBy \u003d\u003d -1) {","lastModifiedDate":"2026-01-30T21:33:00","isFullCredit":false},{"lineNumber":68,"author":{"gitId":"HX2003"},"content":"                    throw new QuarkCommandException(\"Failed to parse provided deadline\");","lastModifiedDate":"2026-02-07T18:39:34","isFullCredit":false},{"lineNumber":69,"author":{"gitId":"HX2003"},"content":"                }","lastModifiedDate":"2026-01-30T21:33:00","isFullCredit":false},{"lineNumber":70,"author":{"gitId":"HX2003"},"content":"","lastModifiedDate":"2026-01-19T22:05:03","isFullCredit":false},{"lineNumber":71,"author":{"gitId":"HX2003"},"content":"                String description \u003d arguments.substring(0, indexOfBy);","lastModifiedDate":"2026-01-30T20:40:59","isFullCredit":false},{"lineNumber":72,"author":{"gitId":"HX2003"},"content":"                String endDate \u003d arguments.substring(indexOfBy + PREFIX_BY.length());","lastModifiedDate":"2026-01-30T20:40:59","isFullCredit":false},{"lineNumber":73,"author":{"gitId":"HX2003"},"content":"","lastModifiedDate":"2026-01-24T22:42:56","isFullCredit":false},{"lineNumber":74,"author":{"gitId":"HX2003"},"content":"                if (description.isBlank() || endDate.isBlank()) {","lastModifiedDate":"2026-01-30T21:33:00","isFullCredit":false},{"lineNumber":75,"author":{"gitId":"HX2003"},"content":"                    throw new QuarkCommandException(\"Failed to parse provided deadline\");","lastModifiedDate":"2026-02-07T18:39:34","isFullCredit":false},{"lineNumber":76,"author":{"gitId":"HX2003"},"content":"                }","lastModifiedDate":"2026-01-30T21:33:00","isFullCredit":false},{"lineNumber":77,"author":{"gitId":"HX2003"},"content":"","lastModifiedDate":"2026-01-24T22:42:56","isFullCredit":false},{"lineNumber":78,"author":{"gitId":"HX2003"},"content":"                Deadline task \u003d new Deadline(description, endDate);","lastModifiedDate":"2026-01-30T20:40:59","isFullCredit":false},{"lineNumber":79,"author":{"gitId":"HX2003"},"content":"                tasks.add(task);","lastModifiedDate":"2026-01-30T20:40:59","isFullCredit":false},{"lineNumber":80,"author":{"gitId":"HX2003"},"content":"            }","lastModifiedDate":"2026-01-24T22:42:56","isFullCredit":false},{"lineNumber":81,"author":{"gitId":"HX2003"},"content":"            case \"event\" -\u003e {","lastModifiedDate":"2026-01-30T20:40:59","isFullCredit":false},{"lineNumber":82,"author":{"gitId":"HX2003"},"content":"                int indexOfFrom \u003d arguments.indexOf(PREFIX_FROM);","lastModifiedDate":"2026-01-30T20:40:59","isFullCredit":false},{"lineNumber":83,"author":{"gitId":"HX2003"},"content":"                int indexOfTo \u003d arguments.indexOf(PREFIX_TO);","lastModifiedDate":"2026-01-30T20:40:59","isFullCredit":false},{"lineNumber":84,"author":{"gitId":"HX2003"},"content":"","lastModifiedDate":"2026-01-24T22:42:56","isFullCredit":false},{"lineNumber":85,"author":{"gitId":"HX2003"},"content":"                if (indexOfFrom \u003d\u003d -1 || indexOfTo \u003d\u003d -1 || indexOfFrom \u003e\u003d indexOfTo) {","lastModifiedDate":"2026-01-30T21:33:00","isFullCredit":false},{"lineNumber":86,"author":{"gitId":"HX2003"},"content":"                    throw new QuarkCommandException(\"Failed to parse provided event\");","lastModifiedDate":"2026-02-07T18:39:34","isFullCredit":false},{"lineNumber":87,"author":{"gitId":"HX2003"},"content":"                }","lastModifiedDate":"2026-01-30T21:33:00","isFullCredit":false},{"lineNumber":88,"author":{"gitId":"HX2003"},"content":"","lastModifiedDate":"2026-01-30T20:40:59","isFullCredit":false},{"lineNumber":89,"author":{"gitId":"HX2003"},"content":"                String description \u003d arguments.substring(0, indexOfFrom);","lastModifiedDate":"2026-01-30T20:40:59","isFullCredit":false},{"lineNumber":90,"author":{"gitId":"HX2003"},"content":"                String startDate \u003d arguments.substring(indexOfFrom + PREFIX_FROM.length(), indexOfTo);","lastModifiedDate":"2026-01-30T20:40:59","isFullCredit":false},{"lineNumber":91,"author":{"gitId":"HX2003"},"content":"                String endDate \u003d arguments.substring(indexOfTo + PREFIX_TO.length());","lastModifiedDate":"2026-01-30T20:40:59","isFullCredit":false},{"lineNumber":92,"author":{"gitId":"HX2003"},"content":"","lastModifiedDate":"2026-01-30T20:40:59","isFullCredit":false},{"lineNumber":93,"author":{"gitId":"HX2003"},"content":"                if (description.isBlank() || startDate.isBlank() || endDate.isBlank()) {","lastModifiedDate":"2026-01-30T21:33:00","isFullCredit":false},{"lineNumber":94,"author":{"gitId":"HX2003"},"content":"                    throw new QuarkCommandException(\"Failed to parse provided event\");","lastModifiedDate":"2026-02-07T18:39:34","isFullCredit":false},{"lineNumber":95,"author":{"gitId":"HX2003"},"content":"                }","lastModifiedDate":"2026-01-30T21:33:00","isFullCredit":false},{"lineNumber":96,"author":{"gitId":"HX2003"},"content":"","lastModifiedDate":"2026-01-30T20:40:59","isFullCredit":false},{"lineNumber":97,"author":{"gitId":"HX2003"},"content":"                Event task \u003d new Event(description, startDate, endDate);","lastModifiedDate":"2026-01-30T20:40:59","isFullCredit":false},{"lineNumber":98,"author":{"gitId":"HX2003"},"content":"                tasks.add(task);","lastModifiedDate":"2026-01-30T20:40:59","isFullCredit":false},{"lineNumber":99,"author":{"gitId":"HX2003"},"content":"            }","lastModifiedDate":"2026-01-24T22:58:31","isFullCredit":false},{"lineNumber":100,"author":{"gitId":"HX2003"},"content":"        }","lastModifiedDate":"2026-01-24T22:58:31","isFullCredit":false},{"lineNumber":101,"author":{"gitId":"HX2003"},"content":"","lastModifiedDate":"2026-01-24T22:58:31","isFullCredit":false},{"lineNumber":102,"author":{"gitId":"HX2003"},"content":"        printReply(\"Added this task:\" + System.lineSeparator()","lastModifiedDate":"2026-02-07T18:24:57","isFullCredit":false},{"lineNumber":103,"author":{"gitId":"HX2003"},"content":"                + tasks.get(tasks.size() - 1) + System.lineSeparator()","lastModifiedDate":"2026-01-30T20:40:59","isFullCredit":false},{"lineNumber":104,"author":{"gitId":"HX2003"},"content":"                + \"You now have \" + tasks.size() + \" tasks in total.\");","lastModifiedDate":"2026-02-07T18:24:57","isFullCredit":false},{"lineNumber":105,"author":{"gitId":"HX2003"},"content":"    }","lastModifiedDate":"2026-01-25T00:01:02","isFullCredit":false},{"lineNumber":106,"author":{"gitId":"HX2003"},"content":"","lastModifiedDate":"2026-01-25T00:01:02","isFullCredit":false},{"lineNumber":107,"author":{"gitId":"HX2003"},"content":"    public static void handleMarkUnmarkCommand(String command, String arguments) throws QuarkCommandException  {","lastModifiedDate":"2026-02-07T18:39:34","isFullCredit":false},{"lineNumber":108,"author":{"gitId":"HX2003"},"content":"        boolean isMark \u003d command.equals(\"mark\");","lastModifiedDate":"2026-01-30T20:40:59","isFullCredit":false},{"lineNumber":109,"author":{"gitId":"HX2003"},"content":"        int id;","lastModifiedDate":"2026-02-07T18:39:34","isFullCredit":false},{"lineNumber":110,"author":{"gitId":"HX2003"},"content":"        try {","lastModifiedDate":"2026-01-25T00:01:02","isFullCredit":false},{"lineNumber":111,"author":{"gitId":"HX2003"},"content":"            id \u003d Integer.parseInt(arguments) - 1;","lastModifiedDate":"2026-02-07T18:39:34","isFullCredit":false},{"lineNumber":112,"author":{"gitId":"HX2003"},"content":"        } catch (NumberFormatException e) {","lastModifiedDate":"2026-02-07T18:39:34","isFullCredit":false},{"lineNumber":113,"author":{"gitId":"HX2003"},"content":"            throw new QuarkCommandException(\"Failed to parse task number\");","lastModifiedDate":"2026-02-07T18:39:34","isFullCredit":false},{"lineNumber":114,"author":{"gitId":"HX2003"},"content":"        }","lastModifiedDate":"2026-02-07T18:39:34","isFullCredit":false},{"lineNumber":115,"author":{"gitId":"HX2003"},"content":"","lastModifiedDate":"2026-01-30T20:40:59","isFullCredit":false},{"lineNumber":116,"author":{"gitId":"HX2003"},"content":"        if (id \u003c 0 || id \u003e\u003d tasks.size()) {","lastModifiedDate":"2026-01-30T21:33:00","isFullCredit":false},{"lineNumber":117,"author":{"gitId":"HX2003"},"content":"            throw new QuarkCommandException(\"Task number out of range\");","lastModifiedDate":"2026-02-07T18:39:34","isFullCredit":false},{"lineNumber":118,"author":{"gitId":"HX2003"},"content":"        }","lastModifiedDate":"2026-01-30T21:33:00","isFullCredit":false},{"lineNumber":119,"author":{"gitId":"HX2003"},"content":"","lastModifiedDate":"2026-01-25T00:01:02","isFullCredit":false},{"lineNumber":120,"author":{"gitId":"HX2003"},"content":"        tasks.get(id).setDone(isMark);","lastModifiedDate":"2026-01-25T00:01:02","isFullCredit":false},{"lineNumber":121,"author":{"gitId":"HX2003"},"content":"        if (isMark) {","lastModifiedDate":"2026-01-25T00:01:02","isFullCredit":false},{"lineNumber":122,"author":{"gitId":"HX2003"},"content":"            printReply(\"Nice! I\u0027ve marked this task as done:\" + System.lineSeparator()","lastModifiedDate":"2026-02-07T18:24:57","isFullCredit":false},{"lineNumber":123,"author":{"gitId":"HX2003"},"content":"                    + tasks.get(id));","lastModifiedDate":"2026-02-07T18:24:57","isFullCredit":false},{"lineNumber":124,"author":{"gitId":"HX2003"},"content":"        } else {","lastModifiedDate":"2026-01-25T00:01:02","isFullCredit":false},{"lineNumber":125,"author":{"gitId":"HX2003"},"content":"            printReply(\"OK, I\u0027ve marked this task as not done yet:\" + System.lineSeparator()","lastModifiedDate":"2026-02-07T18:24:57","isFullCredit":false},{"lineNumber":126,"author":{"gitId":"HX2003"},"content":"                    + tasks.get(id));","lastModifiedDate":"2026-02-07T18:24:57","isFullCredit":false},{"lineNumber":127,"author":{"gitId":"HX2003"},"content":"        }","lastModifiedDate":"2026-01-25T00:01:02","isFullCredit":false},{"lineNumber":128,"author":{"gitId":"HX2003"},"content":"    }","lastModifiedDate":"2026-01-30T20:40:59","isFullCredit":false},{"lineNumber":129,"author":{"gitId":"HX2003"},"content":"","lastModifiedDate":"2026-01-30T20:40:59","isFullCredit":false},{"lineNumber":130,"author":{"gitId":"HX2003"},"content":"    public static boolean parser(String in) {","lastModifiedDate":"2026-01-30T20:40:59","isFullCredit":false},{"lineNumber":131,"author":{"gitId":"HX2003"},"content":"        String line \u003d in.trim();","lastModifiedDate":"2026-01-30T20:40:59","isFullCredit":false},{"lineNumber":132,"author":{"gitId":"HX2003"},"content":"        String[] split \u003d line.split(\" \", 2); // Split into command, and arguments","lastModifiedDate":"2026-01-30T20:40:59","isFullCredit":false},{"lineNumber":133,"author":{"gitId":"HX2003"},"content":"","lastModifiedDate":"2026-01-30T20:40:59","isFullCredit":false},{"lineNumber":134,"author":{"gitId":"HX2003"},"content":"        String command \u003d split[0];","lastModifiedDate":"2026-01-30T20:40:59","isFullCredit":false},{"lineNumber":135,"author":{"gitId":"HX2003"},"content":"        String argument \u003d \"\";","lastModifiedDate":"2026-02-07T18:39:34","isFullCredit":false},{"lineNumber":136,"author":{"gitId":"HX2003"},"content":"","lastModifiedDate":"2026-01-30T20:40:59","isFullCredit":false},{"lineNumber":137,"author":{"gitId":"HX2003"},"content":"        if (split.length \u003e 1) {","lastModifiedDate":"2026-02-07T18:39:34","isFullCredit":false},{"lineNumber":138,"author":{"gitId":"HX2003"},"content":"            argument \u003d split[1];","lastModifiedDate":"2026-02-07T18:39:34","isFullCredit":false},{"lineNumber":139,"author":{"gitId":"HX2003"},"content":"        }","lastModifiedDate":"2026-02-07T18:39:34","isFullCredit":false},{"lineNumber":140,"author":{"gitId":"HX2003"},"content":"","lastModifiedDate":"2026-02-07T18:39:34","isFullCredit":false},{"lineNumber":141,"author":{"gitId":"HX2003"},"content":"        try {","lastModifiedDate":"2026-02-07T18:39:34","isFullCredit":false},{"lineNumber":142,"author":{"gitId":"HX2003"},"content":"            switch (command) {","lastModifiedDate":"2026-02-07T18:10:16","isFullCredit":false},{"lineNumber":143,"author":{"gitId":"HX2003"},"content":"            case \"\" -\u003e handleEmptyCommand();","lastModifiedDate":"2026-02-07T18:17:14","isFullCredit":false},{"lineNumber":144,"author":{"gitId":"HX2003"},"content":"            case \"bye\" -\u003e {","lastModifiedDate":"2026-02-07T18:10:16","isFullCredit":false},{"lineNumber":145,"author":{"gitId":"HX2003"},"content":"                return true;","lastModifiedDate":"2026-01-30T20:40:59","isFullCredit":false},{"lineNumber":146,"author":{"gitId":"HX2003"},"content":"            }","lastModifiedDate":"2026-01-30T20:40:59","isFullCredit":false},{"lineNumber":147,"author":{"gitId":"HX2003"},"content":"            case \"list\" -\u003e handleListCommand();","lastModifiedDate":"2026-02-07T18:17:14","isFullCredit":false},{"lineNumber":148,"author":{"gitId":"HX2003"},"content":"            case \"todo\", \"deadline\", \"event\" -\u003e handleTaskCommand(command, argument);","lastModifiedDate":"2026-02-07T18:39:34","isFullCredit":false},{"lineNumber":149,"author":{"gitId":"HX2003"},"content":"            case \"mark\", \"unmark\" -\u003e handleMarkUnmarkCommand(command, argument);","lastModifiedDate":"2026-02-07T18:39:34","isFullCredit":false},{"lineNumber":150,"author":{"gitId":"HX2003"},"content":"            default -\u003e handleUnrecognizableCommand(command);","lastModifiedDate":"2026-02-07T18:17:14","isFullCredit":false},{"lineNumber":151,"author":{"gitId":"HX2003"},"content":"            }","lastModifiedDate":"2026-01-25T00:01:02","isFullCredit":false},{"lineNumber":152,"author":{"gitId":"HX2003"},"content":"        } catch (QuarkCommandException e) {","lastModifiedDate":"2026-02-07T18:39:34","isFullCredit":false},{"lineNumber":153,"author":{"gitId":"HX2003"},"content":"            printReply(\"Unable to decipher command arguments: \" + e.getMessage());","lastModifiedDate":"2026-02-07T18:39:34","isFullCredit":false},{"lineNumber":154,"author":{"gitId":"HX2003"},"content":"        }","lastModifiedDate":"2026-02-07T18:39:34","isFullCredit":false},{"lineNumber":155,"author":{"gitId":"HX2003"},"content":"","lastModifiedDate":"2026-01-25T00:01:02","isFullCredit":false},{"lineNumber":156,"author":{"gitId":"HX2003"},"content":"        return false;","lastModifiedDate":"2026-01-30T20:40:59","isFullCredit":false},{"lineNumber":157,"author":{"gitId":"HX2003"},"content":"    }","lastModifiedDate":"2026-01-30T20:40:59","isFullCredit":false},{"lineNumber":158,"author":{"gitId":"HX2003"},"content":"","lastModifiedDate":"2026-01-24T22:58:31","isFullCredit":false},{"lineNumber":159,"author":{"gitId":"HX2003"},"content":"    public static void main(String[] args) {","lastModifiedDate":"2026-01-30T20:40:59","isFullCredit":false},{"lineNumber":160,"author":{"gitId":"HX2003"},"content":"        Scanner in \u003d new Scanner(System.in);","lastModifiedDate":"2026-01-30T20:40:59","isFullCredit":false},{"lineNumber":161,"author":{"gitId":"HX2003"},"content":"","lastModifiedDate":"2026-01-30T20:40:59","isFullCredit":false},{"lineNumber":162,"author":{"gitId":"HX2003"},"content":"        printHelloReply();","lastModifiedDate":"2026-02-07T18:24:57","isFullCredit":false},{"lineNumber":163,"author":{"gitId":"HX2003"},"content":"","lastModifiedDate":"2026-01-30T20:40:59","isFullCredit":false},{"lineNumber":164,"author":{"gitId":"HX2003"},"content":"        while (true) {","lastModifiedDate":"2026-01-30T20:40:59","isFullCredit":false},{"lineNumber":165,"author":{"gitId":"HX2003"},"content":"            if (in.hasNextLine()) {","lastModifiedDate":"2026-01-30T21:01:18","isFullCredit":false},{"lineNumber":166,"author":{"gitId":"HX2003"},"content":"                if (parser(in.nextLine())) break;","lastModifiedDate":"2026-01-30T20:40:59","isFullCredit":false},{"lineNumber":167,"author":{"gitId":"HX2003"},"content":"            }","lastModifiedDate":"2026-01-24T22:42:56","isFullCredit":false},{"lineNumber":168,"author":{"gitId":"HX2003"},"content":"        }","lastModifiedDate":"2026-01-30T21:01:18","isFullCredit":false},{"lineNumber":169,"author":{"gitId":"HX2003"},"content":"","lastModifiedDate":"2026-01-24T22:42:56","isFullCredit":false},{"lineNumber":170,"author":{"gitId":"HX2003"},"content":"        printByeReply();","lastModifiedDate":"2026-02-07T18:24:57","isFullCredit":false},{"lineNumber":171,"author":{"gitId":"HX2003"},"content":"    }","lastModifiedDate":"2026-01-19T22:05:03","isFullCredit":false},{"lineNumber":172,"author":{"gitId":"HX2003"},"content":"}","lastModifiedDate":"2026-01-19T22:05:03","isFullCredit":false}],"authorContributionMap":{"HX2003":172}},{"path":"text-ui-test/input.txt","fileType":"txt","lines":[{"lineNumber":1,"author":{"gitId":"HX2003"},"content":"list","lastModifiedDate":"2026-02-07T21:46:14","isFullCredit":false},{"lineNumber":2,"author":{"gitId":"HX2003"},"content":"todo Eat lunch","lastModifiedDate":"2026-01-30T21:23:35","isFullCredit":false},{"lineNumber":3,"author":{"gitId":"HX2003"},"content":"deadline return book /by Sunday","lastModifiedDate":"2026-01-30T21:23:35","isFullCredit":false},{"lineNumber":4,"author":{"gitId":"HX2003"},"content":"event project meeting /from Mon 2pm /to Mon 4pm","lastModifiedDate":"2026-01-30T21:23:35","isFullCredit":false},{"lineNumber":5,"author":{"gitId":"HX2003"},"content":"list","lastModifiedDate":"2026-01-30T21:23:35","isFullCredit":false},{"lineNumber":6,"author":{"gitId":"HX2003"},"content":"mark 2","lastModifiedDate":"2026-01-30T21:23:35","isFullCredit":false},{"lineNumber":7,"author":{"gitId":"HX2003"},"content":"list","lastModifiedDate":"2026-01-30T21:23:35","isFullCredit":false},{"lineNumber":8,"author":{"gitId":"HX2003"},"content":"unmark 2","lastModifiedDate":"2026-01-30T21:23:35","isFullCredit":false},{"lineNumber":9,"author":{"gitId":"HX2003"},"content":"list","lastModifiedDate":"2026-01-30T21:23:35","isFullCredit":false},{"lineNumber":10,"author":{"gitId":"HX2003"},"content":"mark 999","lastModifiedDate":"2026-02-07T21:46:14","isFullCredit":false},{"lineNumber":11,"author":{"gitId":"HX2003"},"content":"uducsdncsoww","lastModifiedDate":"2026-02-07T21:46:14","isFullCredit":false},{"lineNumber":12,"author":{"gitId":"HX2003"},"content":"bye","lastModifiedDate":"2026-01-30T21:23:35","isFullCredit":false}],"authorContributionMap":{"HX2003":12}},{"path":"text-ui-test/runtest.bat","fileType":"bat","lines":[{"lineNumber":1,"author":{"gitId":"-"},"content":"@ECHO OFF","lastModifiedDate":"2020-05-25T00:03:55","isFullCredit":false},{"lineNumber":2,"author":{"gitId":"-"},"content":"","lastModifiedDate":"2020-05-25T00:03:55","isFullCredit":false},{"lineNumber":3,"author":{"gitId":"-"},"content":"REM create bin directory if it doesn\u0027t exist","lastModifiedDate":"2020-05-25T00:03:55","isFullCredit":false},{"lineNumber":4,"author":{"gitId":"-"},"content":"if not exist ..\\bin mkdir ..\\bin","lastModifiedDate":"2020-05-25T00:03:55","isFullCredit":false},{"lineNumber":5,"author":{"gitId":"-"},"content":"","lastModifiedDate":"2020-05-25T00:03:55","isFullCredit":false},{"lineNumber":6,"author":{"gitId":"-"},"content":"REM delete output from previous run","lastModifiedDate":"2020-05-25T00:03:55","isFullCredit":false},{"lineNumber":7,"author":{"gitId":"-"},"content":"if exist ACTUAL.TXT del ACTUAL.TXT","lastModifiedDate":"2020-08-25T17:23:26","isFullCredit":false},{"lineNumber":8,"author":{"gitId":"-"},"content":"","lastModifiedDate":"2020-05-25T00:03:55","isFullCredit":false},{"lineNumber":9,"author":{"gitId":"-"},"content":"REM compile the code into the bin folder","lastModifiedDate":"2020-05-25T00:03:55","isFullCredit":false},{"lineNumber":10,"author":{"gitId":"HX2003"},"content":"javac  -cp ..\\src\\main\\java -Xlint:none -d ..\\bin ..\\src\\main\\java\\quark\\*.java ..\\src\\main\\java\\quark\\ui\\*.java ..\\src\\main\\java\\quark\\task\\*.java","lastModifiedDate":"2026-02-11T15:35:45","isFullCredit":false},{"lineNumber":11,"author":{"gitId":"-"},"content":"IF ERRORLEVEL 1 (","lastModifiedDate":"2020-05-25T00:03:55","isFullCredit":false},{"lineNumber":12,"author":{"gitId":"-"},"content":"    echo ********** BUILD FAILURE **********","lastModifiedDate":"2020-05-25T00:03:55","isFullCredit":false},{"lineNumber":13,"author":{"gitId":"-"},"content":"    exit /b 1","lastModifiedDate":"2020-05-25T00:03:55","isFullCredit":false},{"lineNumber":14,"author":{"gitId":"-"},"content":")","lastModifiedDate":"2020-05-25T00:03:55","isFullCredit":false},{"lineNumber":15,"author":{"gitId":"-"},"content":"REM no error here, errorlevel \u003d\u003d 0","lastModifiedDate":"2020-05-25T00:03:55","isFullCredit":false},{"lineNumber":16,"author":{"gitId":"-"},"content":"","lastModifiedDate":"2020-05-25T00:03:55","isFullCredit":false},{"lineNumber":17,"author":{"gitId":"-"},"content":"REM run the program, feed commands from input.txt file and redirect the output to the ACTUAL.TXT","lastModifiedDate":"2020-05-25T00:03:55","isFullCredit":false},{"lineNumber":18,"author":{"gitId":"HX2003"},"content":"java -classpath ..\\bin quark/ui/Quark \u003c input.txt \u003e ACTUAL.TXT","lastModifiedDate":"2026-02-11T15:35:45","isFullCredit":false},{"lineNumber":19,"author":{"gitId":"-"},"content":"","lastModifiedDate":"2020-05-25T00:03:55","isFullCredit":false},{"lineNumber":20,"author":{"gitId":"-"},"content":"REM compare the output to the expected output","lastModifiedDate":"2020-05-25T00:03:55","isFullCredit":false},{"lineNumber":21,"author":{"gitId":"-"},"content":"FC ACTUAL.TXT EXPECTED.TXT","lastModifiedDate":"2020-05-25T00:03:55","isFullCredit":false}],"authorContributionMap":{"HX2003":2,"-":19}},{"path":"text-ui-test/runtest.sh","fileType":"sh","lines":[{"lineNumber":1,"author":{"gitId":"-"},"content":"#!/usr/bin/env bash","lastModifiedDate":"2020-05-25T00:03:55","isFullCredit":false},{"lineNumber":2,"author":{"gitId":"-"},"content":"","lastModifiedDate":"2020-05-25T00:03:55","isFullCredit":false},{"lineNumber":3,"author":{"gitId":"-"},"content":"# create bin directory if it doesn\u0027t exist","lastModifiedDate":"2020-05-25T00:03:55","isFullCredit":false},{"lineNumber":4,"author":{"gitId":"-"},"content":"if [ ! -d \"../bin\" ]","lastModifiedDate":"2020-05-25T00:03:55","isFullCredit":false},{"lineNumber":5,"author":{"gitId":"-"},"content":"then","lastModifiedDate":"2020-05-25T00:03:55","isFullCredit":false},{"lineNumber":6,"author":{"gitId":"-"},"content":"    mkdir ../bin","lastModifiedDate":"2020-05-25T00:03:55","isFullCredit":false},{"lineNumber":7,"author":{"gitId":"-"},"content":"fi","lastModifiedDate":"2020-05-25T00:03:55","isFullCredit":false},{"lineNumber":8,"author":{"gitId":"-"},"content":"","lastModifiedDate":"2020-05-25T00:03:55","isFullCredit":false},{"lineNumber":9,"author":{"gitId":"-"},"content":"# delete output from previous run","lastModifiedDate":"2020-05-25T00:03:55","isFullCredit":false},{"lineNumber":10,"author":{"gitId":"-"},"content":"if [ -e \"./ACTUAL.TXT\" ]","lastModifiedDate":"2020-05-25T00:03:55","isFullCredit":false},{"lineNumber":11,"author":{"gitId":"-"},"content":"then","lastModifiedDate":"2020-05-25T00:03:55","isFullCredit":false},{"lineNumber":12,"author":{"gitId":"-"},"content":"    rm ACTUAL.TXT","lastModifiedDate":"2020-05-25T00:03:55","isFullCredit":false},{"lineNumber":13,"author":{"gitId":"-"},"content":"fi","lastModifiedDate":"2020-05-25T00:03:55","isFullCredit":false},{"lineNumber":14,"author":{"gitId":"-"},"content":"","lastModifiedDate":"2020-05-25T00:03:55","isFullCredit":false},{"lineNumber":15,"author":{"gitId":"-"},"content":"# compile the code into the bin folder, terminates if error occurred","lastModifiedDate":"2020-05-25T00:03:55","isFullCredit":false},{"lineNumber":16,"author":{"gitId":"HX2003"},"content":"if ! javac -cp ../src/main/java -Xlint:none -d ../bin ..\\src\\main\\java\\quark\\*.java ..\\src\\main\\java\\quark\\ui\\*.java ..\\src\\main\\java\\quark\\task\\*.java","lastModifiedDate":"2026-02-11T15:35:45","isFullCredit":false},{"lineNumber":17,"author":{"gitId":"-"},"content":"then","lastModifiedDate":"2020-05-25T00:03:55","isFullCredit":false},{"lineNumber":18,"author":{"gitId":"-"},"content":"    echo \"********** BUILD FAILURE **********\"","lastModifiedDate":"2020-05-25T00:03:55","isFullCredit":false},{"lineNumber":19,"author":{"gitId":"-"},"content":"    exit 1","lastModifiedDate":"2020-05-25T00:03:55","isFullCredit":false},{"lineNumber":20,"author":{"gitId":"-"},"content":"fi","lastModifiedDate":"2020-05-25T00:03:55","isFullCredit":false},{"lineNumber":21,"author":{"gitId":"-"},"content":"","lastModifiedDate":"2020-05-25T00:03:55","isFullCredit":false},{"lineNumber":22,"author":{"gitId":"-"},"content":"# run the program, feed commands from input.txt file and redirect the output to the ACTUAL.TXT","lastModifiedDate":"2020-05-25T00:03:55","isFullCredit":false},{"lineNumber":23,"author":{"gitId":"HX2003"},"content":"java -classpath ../bin quark/ui/Quark \u003c input.txt \u003e ACTUAL.TXT","lastModifiedDate":"2026-02-11T15:35:45","isFullCredit":false},{"lineNumber":24,"author":{"gitId":"-"},"content":"","lastModifiedDate":"2020-05-25T00:03:55","isFullCredit":false},{"lineNumber":25,"author":{"gitId":"-"},"content":"# convert to UNIX format","lastModifiedDate":"2020-05-25T00:03:55","isFullCredit":false},{"lineNumber":26,"author":{"gitId":"-"},"content":"cp EXPECTED.TXT EXPECTED-UNIX.TXT","lastModifiedDate":"2020-05-25T00:03:55","isFullCredit":false},{"lineNumber":27,"author":{"gitId":"-"},"content":"dos2unix ACTUAL.TXT EXPECTED-UNIX.TXT","lastModifiedDate":"2020-05-25T00:03:55","isFullCredit":false},{"lineNumber":28,"author":{"gitId":"-"},"content":"","lastModifiedDate":"2020-05-25T00:03:55","isFullCredit":false},{"lineNumber":29,"author":{"gitId":"-"},"content":"# compare the output to the expected output","lastModifiedDate":"2020-05-25T00:03:55","isFullCredit":false},{"lineNumber":30,"author":{"gitId":"-"},"content":"diff ACTUAL.TXT EXPECTED-UNIX.TXT","lastModifiedDate":"2020-05-25T00:03:55","isFullCredit":false},{"lineNumber":31,"author":{"gitId":"-"},"content":"if [ $? -eq 0 ]","lastModifiedDate":"2020-05-25T00:03:55","isFullCredit":false},{"lineNumber":32,"author":{"gitId":"-"},"content":"then","lastModifiedDate":"2020-05-25T00:03:55","isFullCredit":false},{"lineNumber":33,"author":{"gitId":"-"},"content":"    echo \"Test result: PASSED\"","lastModifiedDate":"2020-05-25T00:03:55","isFullCredit":false},{"lineNumber":34,"author":{"gitId":"-"},"content":"    exit 0","lastModifiedDate":"2020-05-25T00:03:55","isFullCredit":false},{"lineNumber":35,"author":{"gitId":"-"},"content":"else","lastModifiedDate":"2020-05-25T00:03:55","isFullCredit":false},{"lineNumber":36,"author":{"gitId":"-"},"content":"    echo \"Test result: FAILED\"","lastModifiedDate":"2020-05-25T00:03:55","isFullCredit":false},{"lineNumber":37,"author":{"gitId":"-"},"content":"    exit 1","lastModifiedDate":"2020-05-25T00:03:55","isFullCredit":false},{"lineNumber":38,"author":{"gitId":"-"},"content":"fi","lastModifiedDate":"2020-05-25T00:03:55","isFullCredit":false}],"authorContributionMap":{"HX2003":2,"-":36}}]
