[{"path":"src/main/java/Deadline.java","fileType":"java","lines":[{"lineNumber":1,"author":{"gitId":"lukelouyu"},"content":"public class Deadline extends Task {","lastModifiedDate":"2026-02-02T17:27:58","isFullCredit":false},{"lineNumber":2,"author":{"gitId":"lukelouyu"},"content":"    private final String by;","lastModifiedDate":"2026-02-02T17:27:58","isFullCredit":false},{"lineNumber":3,"author":{"gitId":"lukelouyu"},"content":"","lastModifiedDate":"2026-02-02T17:27:58","isFullCredit":false},{"lineNumber":4,"author":{"gitId":"lukelouyu"},"content":"    /**","lastModifiedDate":"2026-02-04T14:50:19","isFullCredit":false},{"lineNumber":5,"author":{"gitId":"lukelouyu"},"content":"     * Creates a deadline task with a description and a due time.","lastModifiedDate":"2026-02-04T14:50:19","isFullCredit":false},{"lineNumber":6,"author":{"gitId":"lukelouyu"},"content":"     *","lastModifiedDate":"2026-02-04T14:50:19","isFullCredit":false},{"lineNumber":7,"author":{"gitId":"lukelouyu"},"content":"     * @param description Task description.","lastModifiedDate":"2026-02-04T14:50:19","isFullCredit":false},{"lineNumber":8,"author":{"gitId":"lukelouyu"},"content":"     * @param by Due time information (as provided by the user).","lastModifiedDate":"2026-02-04T14:50:19","isFullCredit":false},{"lineNumber":9,"author":{"gitId":"lukelouyu"},"content":"     */","lastModifiedDate":"2026-02-04T14:50:19","isFullCredit":false},{"lineNumber":10,"author":{"gitId":"lukelouyu"},"content":"    public Deadline(String description, String by) {","lastModifiedDate":"2026-02-02T17:27:58","isFullCredit":false},{"lineNumber":11,"author":{"gitId":"lukelouyu"},"content":"        super(description);","lastModifiedDate":"2026-02-02T17:27:58","isFullCredit":false},{"lineNumber":12,"author":{"gitId":"lukelouyu"},"content":"        this.by \u003d by;","lastModifiedDate":"2026-02-02T17:27:58","isFullCredit":false},{"lineNumber":13,"author":{"gitId":"lukelouyu"},"content":"    }","lastModifiedDate":"2026-02-02T17:27:58","isFullCredit":false},{"lineNumber":14,"author":{"gitId":"lukelouyu"},"content":"","lastModifiedDate":"2026-02-02T17:27:58","isFullCredit":false},{"lineNumber":15,"author":{"gitId":"lukelouyu"},"content":"    /**","lastModifiedDate":"2026-02-04T14:50:19","isFullCredit":false},{"lineNumber":16,"author":{"gitId":"lukelouyu"},"content":"     * Returns the UI string for a deadline task, including its due time.","lastModifiedDate":"2026-02-04T14:50:19","isFullCredit":false},{"lineNumber":17,"author":{"gitId":"lukelouyu"},"content":"     *","lastModifiedDate":"2026-02-04T14:50:19","isFullCredit":false},{"lineNumber":18,"author":{"gitId":"lukelouyu"},"content":"     * @return Formatted deadline string.","lastModifiedDate":"2026-02-04T14:50:19","isFullCredit":false},{"lineNumber":19,"author":{"gitId":"lukelouyu"},"content":"     */","lastModifiedDate":"2026-02-04T14:50:19","isFullCredit":false},{"lineNumber":20,"author":{"gitId":"lukelouyu"},"content":"    @Override","lastModifiedDate":"2026-02-02T17:27:58","isFullCredit":false},{"lineNumber":21,"author":{"gitId":"lukelouyu"},"content":"    public String toString() {","lastModifiedDate":"2026-02-02T17:27:58","isFullCredit":false},{"lineNumber":22,"author":{"gitId":"lukelouyu"},"content":"        return \"[D]\" + super.toString() + \" (by: \" + by + \")\";","lastModifiedDate":"2026-02-02T17:27:58","isFullCredit":false},{"lineNumber":23,"author":{"gitId":"lukelouyu"},"content":"    }","lastModifiedDate":"2026-02-02T17:27:58","isFullCredit":false},{"lineNumber":24,"author":{"gitId":"lukelouyu"},"content":"}","lastModifiedDate":"2026-02-02T17:27:58","isFullCredit":false}],"authorContributionMap":{"lukelouyu":24}},{"path":"src/main/java/Event.java","fileType":"java","lines":[{"lineNumber":1,"author":{"gitId":"lukelouyu"},"content":"public class Event extends Task {","lastModifiedDate":"2026-02-02T17:27:58","isFullCredit":false},{"lineNumber":2,"author":{"gitId":"lukelouyu"},"content":"    private final String from;","lastModifiedDate":"2026-02-02T17:27:58","isFullCredit":false},{"lineNumber":3,"author":{"gitId":"lukelouyu"},"content":"    private final String to;","lastModifiedDate":"2026-02-02T17:27:58","isFullCredit":false},{"lineNumber":4,"author":{"gitId":"lukelouyu"},"content":"","lastModifiedDate":"2026-02-02T17:27:58","isFullCredit":false},{"lineNumber":5,"author":{"gitId":"lukelouyu"},"content":"    /**","lastModifiedDate":"2026-02-04T14:50:19","isFullCredit":false},{"lineNumber":6,"author":{"gitId":"lukelouyu"},"content":"     * Creates an event task with a description and a time range.","lastModifiedDate":"2026-02-04T14:50:19","isFullCredit":false},{"lineNumber":7,"author":{"gitId":"lukelouyu"},"content":"     *","lastModifiedDate":"2026-02-04T14:50:19","isFullCredit":false},{"lineNumber":8,"author":{"gitId":"lukelouyu"},"content":"     * @param description Task description.","lastModifiedDate":"2026-02-04T14:50:19","isFullCredit":false},{"lineNumber":9,"author":{"gitId":"lukelouyu"},"content":"     * @param from Start time information (as provided by the user).","lastModifiedDate":"2026-02-04T14:50:19","isFullCredit":false},{"lineNumber":10,"author":{"gitId":"lukelouyu"},"content":"     * @param to End time information (as provided by the user).","lastModifiedDate":"2026-02-04T14:50:19","isFullCredit":false},{"lineNumber":11,"author":{"gitId":"lukelouyu"},"content":"     */","lastModifiedDate":"2026-02-04T14:50:19","isFullCredit":false},{"lineNumber":12,"author":{"gitId":"lukelouyu"},"content":"    public Event(String description, String from, String to) {","lastModifiedDate":"2026-02-02T17:27:58","isFullCredit":false},{"lineNumber":13,"author":{"gitId":"lukelouyu"},"content":"        super(description);","lastModifiedDate":"2026-02-02T17:27:58","isFullCredit":false},{"lineNumber":14,"author":{"gitId":"lukelouyu"},"content":"        this.from \u003d from;","lastModifiedDate":"2026-02-02T17:27:58","isFullCredit":false},{"lineNumber":15,"author":{"gitId":"lukelouyu"},"content":"        this.to \u003d to;","lastModifiedDate":"2026-02-02T17:27:58","isFullCredit":false},{"lineNumber":16,"author":{"gitId":"lukelouyu"},"content":"    }","lastModifiedDate":"2026-02-02T17:27:58","isFullCredit":false},{"lineNumber":17,"author":{"gitId":"lukelouyu"},"content":"","lastModifiedDate":"2026-02-02T17:27:58","isFullCredit":false},{"lineNumber":18,"author":{"gitId":"lukelouyu"},"content":"    /**","lastModifiedDate":"2026-02-04T14:50:19","isFullCredit":false},{"lineNumber":19,"author":{"gitId":"lukelouyu"},"content":"     * Returns the UI string for an event task, including its time range.","lastModifiedDate":"2026-02-04T14:50:19","isFullCredit":false},{"lineNumber":20,"author":{"gitId":"lukelouyu"},"content":"     *","lastModifiedDate":"2026-02-04T14:50:19","isFullCredit":false},{"lineNumber":21,"author":{"gitId":"lukelouyu"},"content":"     * @return Formatted event string.","lastModifiedDate":"2026-02-04T14:50:19","isFullCredit":false},{"lineNumber":22,"author":{"gitId":"lukelouyu"},"content":"     */","lastModifiedDate":"2026-02-04T14:50:19","isFullCredit":false},{"lineNumber":23,"author":{"gitId":"lukelouyu"},"content":"    @Override","lastModifiedDate":"2026-02-02T17:27:58","isFullCredit":false},{"lineNumber":24,"author":{"gitId":"lukelouyu"},"content":"    public String toString() {","lastModifiedDate":"2026-02-02T17:27:58","isFullCredit":false},{"lineNumber":25,"author":{"gitId":"lukelouyu"},"content":"        return \"[E]\" + super.toString() + \" (from: \" + from + \" to: \" + to + \")\";","lastModifiedDate":"2026-02-02T17:27:58","isFullCredit":false},{"lineNumber":26,"author":{"gitId":"lukelouyu"},"content":"    }","lastModifiedDate":"2026-02-02T17:27:58","isFullCredit":false},{"lineNumber":27,"author":{"gitId":"lukelouyu"},"content":"}","lastModifiedDate":"2026-02-02T17:27:58","isFullCredit":false}],"authorContributionMap":{"lukelouyu":27}},{"path":"src/main/java/Luke.java","fileType":"java","lines":[{"lineNumber":1,"author":{"gitId":"lukelouyu"},"content":"import java.util.ArrayList;","lastModifiedDate":"2026-01-28T12:57:20","isFullCredit":false},{"lineNumber":2,"author":{"gitId":"lukelouyu"},"content":"import java.util.Scanner;","lastModifiedDate":"2026-02-02T13:08:20","isFullCredit":false},{"lineNumber":3,"author":{"gitId":"lukelouyu"},"content":"","lastModifiedDate":"2026-01-28T12:15:32","isFullCredit":false},{"lineNumber":4,"author":{"gitId":"lukelouyu"},"content":"public class Luke {","lastModifiedDate":"2026-01-28T10:31:27","isFullCredit":false},{"lineNumber":5,"author":{"gitId":"lukelouyu"},"content":"    public static final int UNMARK_INDEX \u003d 7;","lastModifiedDate":"2026-02-02T20:07:18","isFullCredit":false},{"lineNumber":6,"author":{"gitId":"lukelouyu"},"content":"    public static final int MARK_INDEX \u003d 5;","lastModifiedDate":"2026-02-02T20:07:18","isFullCredit":false},{"lineNumber":7,"author":{"gitId":"lukelouyu"},"content":"","lastModifiedDate":"2026-02-02T20:07:18","isFullCredit":false},{"lineNumber":8,"author":{"gitId":"lukelouyu"},"content":"    private static final String LINE \u003d","lastModifiedDate":"2026-01-28T12:30:50","isFullCredit":false},{"lineNumber":9,"author":{"gitId":"lukelouyu"},"content":"            \"    ________________________________________________________\";","lastModifiedDate":"2026-02-02T15:52:33","isFullCredit":false},{"lineNumber":10,"author":{"gitId":"lukelouyu"},"content":"    private static final String SPACE \u003d","lastModifiedDate":"2026-02-02T15:52:33","isFullCredit":false},{"lineNumber":11,"author":{"gitId":"lukelouyu"},"content":"            \"    \";","lastModifiedDate":"2026-02-02T15:52:33","isFullCredit":false},{"lineNumber":12,"author":{"gitId":"lukelouyu"},"content":"","lastModifiedDate":"2026-02-02T15:52:33","isFullCredit":false},{"lineNumber":13,"author":{"gitId":"-"},"content":"    public static void main(String[] args) {","lastModifiedDate":"2019-07-29T17:14:46","isFullCredit":false},{"lineNumber":14,"author":{"gitId":"lukelouyu"},"content":"        Scanner in \u003d new Scanner(System.in);","lastModifiedDate":"2026-01-28T12:57:20","isFullCredit":false},{"lineNumber":15,"author":{"gitId":"lukelouyu"},"content":"        ArrayList\u003cTask\u003e tasks \u003d new ArrayList\u003c\u003e();","lastModifiedDate":"2026-01-28T13:14:50","isFullCredit":false},{"lineNumber":16,"author":{"gitId":"lukelouyu"},"content":"","lastModifiedDate":"2026-01-28T12:57:20","isFullCredit":false},{"lineNumber":17,"author":{"gitId":"lukelouyu"},"content":"        executeIntro();","lastModifiedDate":"2026-02-02T15:52:33","isFullCredit":false},{"lineNumber":18,"author":{"gitId":"lukelouyu"},"content":"","lastModifiedDate":"2026-01-28T12:15:32","isFullCredit":false},{"lineNumber":19,"author":{"gitId":"lukelouyu"},"content":"        while (true) {","lastModifiedDate":"2026-01-28T12:15:32","isFullCredit":false},{"lineNumber":20,"author":{"gitId":"lukelouyu"},"content":"            String input \u003d in.nextLine().trim();","lastModifiedDate":"2026-02-02T17:27:58","isFullCredit":false},{"lineNumber":21,"author":{"gitId":"lukelouyu"},"content":"            String command \u003d input.split(\" \")[0];","lastModifiedDate":"2026-02-02T17:27:58","isFullCredit":false},{"lineNumber":22,"author":{"gitId":"lukelouyu"},"content":"","lastModifiedDate":"2026-01-28T12:57:20","isFullCredit":false},{"lineNumber":23,"author":{"gitId":"lukelouyu"},"content":"            try {","lastModifiedDate":"2026-02-08T18:57:24","isFullCredit":false},{"lineNumber":24,"author":{"gitId":"lukelouyu"},"content":"                switch (command) {","lastModifiedDate":"2026-02-02T17:27:58","isFullCredit":false},{"lineNumber":25,"author":{"gitId":"lukelouyu"},"content":"                case \"bye\":","lastModifiedDate":"2026-02-02T17:27:58","isFullCredit":false},{"lineNumber":26,"author":{"gitId":"lukelouyu"},"content":"                    executeBye();","lastModifiedDate":"2026-02-02T15:52:33","isFullCredit":false},{"lineNumber":27,"author":{"gitId":"lukelouyu"},"content":"                    return;","lastModifiedDate":"2026-02-02T17:27:58","isFullCredit":false},{"lineNumber":28,"author":{"gitId":"lukelouyu"},"content":"                case \"list\":","lastModifiedDate":"2026-02-02T17:27:58","isFullCredit":false},{"lineNumber":29,"author":{"gitId":"lukelouyu"},"content":"                    executeList(tasks);","lastModifiedDate":"2026-02-02T15:52:33","isFullCredit":false},{"lineNumber":30,"author":{"gitId":"lukelouyu"},"content":"                    continue;","lastModifiedDate":"2026-01-28T12:57:20","isFullCredit":false},{"lineNumber":31,"author":{"gitId":"lukelouyu"},"content":"                case \"mark\":","lastModifiedDate":"2026-02-02T17:27:58","isFullCredit":false},{"lineNumber":32,"author":{"gitId":"lukelouyu"},"content":"                    executeMark(input, tasks);","lastModifiedDate":"2026-02-02T15:52:33","isFullCredit":false},{"lineNumber":33,"author":{"gitId":"lukelouyu"},"content":"                    continue;","lastModifiedDate":"2026-02-02T15:52:33","isFullCredit":false},{"lineNumber":34,"author":{"gitId":"lukelouyu"},"content":"                case \"unmark\":","lastModifiedDate":"2026-02-02T17:27:58","isFullCredit":false},{"lineNumber":35,"author":{"gitId":"lukelouyu"},"content":"                    executeUnmark(input, tasks);","lastModifiedDate":"2026-02-02T15:52:33","isFullCredit":false},{"lineNumber":36,"author":{"gitId":"lukelouyu"},"content":"                    continue;","lastModifiedDate":"2026-02-02T15:52:33","isFullCredit":false},{"lineNumber":37,"author":{"gitId":"lukelouyu"},"content":"                case \"todo\": {","lastModifiedDate":"2026-02-02T17:27:58","isFullCredit":false},{"lineNumber":38,"author":{"gitId":"lukelouyu"},"content":"","lastModifiedDate":"2026-02-08T18:57:24","isFullCredit":false},{"lineNumber":39,"author":{"gitId":"lukelouyu"},"content":"                    Task t \u003d parseTodo(input);","lastModifiedDate":"2026-02-02T17:27:58","isFullCredit":false},{"lineNumber":40,"author":{"gitId":"lukelouyu"},"content":"                    tasks.add(t);","lastModifiedDate":"2026-02-02T17:27:58","isFullCredit":false},{"lineNumber":41,"author":{"gitId":"lukelouyu"},"content":"                    executeAddedResponse(t, tasks.size());","lastModifiedDate":"2026-02-02T17:27:58","isFullCredit":false},{"lineNumber":42,"author":{"gitId":"lukelouyu"},"content":"                    continue;","lastModifiedDate":"2026-02-02T17:27:58","isFullCredit":false},{"lineNumber":43,"author":{"gitId":"lukelouyu"},"content":"                }","lastModifiedDate":"2026-02-02T17:27:58","isFullCredit":false},{"lineNumber":44,"author":{"gitId":"lukelouyu"},"content":"                case \"deadline\": {","lastModifiedDate":"2026-02-02T17:27:58","isFullCredit":false},{"lineNumber":45,"author":{"gitId":"lukelouyu"},"content":"","lastModifiedDate":"2026-02-08T18:57:24","isFullCredit":false},{"lineNumber":46,"author":{"gitId":"lukelouyu"},"content":"                    Task t \u003d parseDeadline(input);","lastModifiedDate":"2026-02-02T17:27:58","isFullCredit":false},{"lineNumber":47,"author":{"gitId":"lukelouyu"},"content":"                    tasks.add(t);","lastModifiedDate":"2026-02-02T17:27:58","isFullCredit":false},{"lineNumber":48,"author":{"gitId":"lukelouyu"},"content":"                    executeAddedResponse(t, tasks.size());","lastModifiedDate":"2026-02-02T17:27:58","isFullCredit":false},{"lineNumber":49,"author":{"gitId":"lukelouyu"},"content":"                    continue;","lastModifiedDate":"2026-02-02T17:27:58","isFullCredit":false},{"lineNumber":50,"author":{"gitId":"lukelouyu"},"content":"                }","lastModifiedDate":"2026-02-02T17:27:58","isFullCredit":false},{"lineNumber":51,"author":{"gitId":"lukelouyu"},"content":"                case \"event\": {","lastModifiedDate":"2026-02-02T17:27:58","isFullCredit":false},{"lineNumber":52,"author":{"gitId":"lukelouyu"},"content":"","lastModifiedDate":"2026-02-08T18:57:24","isFullCredit":false},{"lineNumber":53,"author":{"gitId":"lukelouyu"},"content":"                    Task t \u003d parseEvent(input);","lastModifiedDate":"2026-02-02T17:27:58","isFullCredit":false},{"lineNumber":54,"author":{"gitId":"lukelouyu"},"content":"                    tasks.add(t);","lastModifiedDate":"2026-02-02T17:27:58","isFullCredit":false},{"lineNumber":55,"author":{"gitId":"lukelouyu"},"content":"                    executeAddedResponse(t, tasks.size());","lastModifiedDate":"2026-02-02T17:27:58","isFullCredit":false},{"lineNumber":56,"author":{"gitId":"lukelouyu"},"content":"                    continue;","lastModifiedDate":"2026-02-02T17:27:58","isFullCredit":false},{"lineNumber":57,"author":{"gitId":"lukelouyu"},"content":"                }","lastModifiedDate":"2026-02-02T17:27:58","isFullCredit":false},{"lineNumber":58,"author":{"gitId":"lukelouyu"},"content":"                default:","lastModifiedDate":"2026-02-02T17:27:58","isFullCredit":false},{"lineNumber":59,"author":{"gitId":"lukelouyu"},"content":"                    throw new LukeException(","lastModifiedDate":"2026-02-08T18:57:24","isFullCredit":false},{"lineNumber":60,"author":{"gitId":"lukelouyu"},"content":"                            \"OOPS!!! I\u0027m sorry, but I don\u0027t know what that means :-(\"","lastModifiedDate":"2026-02-08T18:57:24","isFullCredit":false},{"lineNumber":61,"author":{"gitId":"lukelouyu"},"content":"                    );","lastModifiedDate":"2026-02-08T18:57:24","isFullCredit":false},{"lineNumber":62,"author":{"gitId":"lukelouyu"},"content":"                }","lastModifiedDate":"2026-02-08T18:57:24","isFullCredit":false},{"lineNumber":63,"author":{"gitId":"lukelouyu"},"content":"            } catch (LukeException e) {","lastModifiedDate":"2026-02-08T18:57:24","isFullCredit":false},{"lineNumber":64,"author":{"gitId":"lukelouyu"},"content":"                receiveError(e.getMessage());","lastModifiedDate":"2026-02-08T18:57:24","isFullCredit":false},{"lineNumber":65,"author":{"gitId":"lukelouyu"},"content":"            }","lastModifiedDate":"2026-02-02T15:52:33","isFullCredit":false},{"lineNumber":66,"author":{"gitId":"lukelouyu"},"content":"        }","lastModifiedDate":"2026-02-02T15:52:33","isFullCredit":false},{"lineNumber":67,"author":{"gitId":"lukelouyu"},"content":"","lastModifiedDate":"2026-01-28T13:14:50","isFullCredit":false},{"lineNumber":68,"author":{"gitId":"lukelouyu"},"content":"    }","lastModifiedDate":"2026-02-02T15:52:33","isFullCredit":false},{"lineNumber":69,"author":{"gitId":"lukelouyu"},"content":"","lastModifiedDate":"2026-02-02T15:52:33","isFullCredit":false},{"lineNumber":70,"author":{"gitId":"lukelouyu"},"content":"    /**","lastModifiedDate":"2026-02-08T18:57:24","isFullCredit":false},{"lineNumber":71,"author":{"gitId":"lukelouyu"},"content":"     * Format Error Message","lastModifiedDate":"2026-02-08T18:57:24","isFullCredit":false},{"lineNumber":72,"author":{"gitId":"lukelouyu"},"content":"     */","lastModifiedDate":"2026-02-08T18:57:24","isFullCredit":false},{"lineNumber":73,"author":{"gitId":"lukelouyu"},"content":"    private static void receiveError(String e) {","lastModifiedDate":"2026-02-08T18:57:24","isFullCredit":false},{"lineNumber":74,"author":{"gitId":"lukelouyu"},"content":"        System.out.println(LINE);","lastModifiedDate":"2026-02-08T18:57:24","isFullCredit":false},{"lineNumber":75,"author":{"gitId":"lukelouyu"},"content":"        System.out.println(SPACE + \"  \" + e);","lastModifiedDate":"2026-02-08T18:57:24","isFullCredit":false},{"lineNumber":76,"author":{"gitId":"lukelouyu"},"content":"        System.out.println(LINE);","lastModifiedDate":"2026-02-08T18:57:24","isFullCredit":false},{"lineNumber":77,"author":{"gitId":"lukelouyu"},"content":"    }","lastModifiedDate":"2026-02-08T18:57:24","isFullCredit":false},{"lineNumber":78,"author":{"gitId":"lukelouyu"},"content":"","lastModifiedDate":"2026-02-08T18:57:24","isFullCredit":false},{"lineNumber":79,"author":{"gitId":"lukelouyu"},"content":"    /**","lastModifiedDate":"2026-02-04T14:50:19","isFullCredit":false},{"lineNumber":80,"author":{"gitId":"lukelouyu"},"content":"     * Prints the confirmation message after a task is added.","lastModifiedDate":"2026-02-04T14:50:19","isFullCredit":false},{"lineNumber":81,"author":{"gitId":"lukelouyu"},"content":"     *","lastModifiedDate":"2026-02-04T14:50:19","isFullCredit":false},{"lineNumber":82,"author":{"gitId":"lukelouyu"},"content":"     * @param task The task that was added.","lastModifiedDate":"2026-02-04T14:50:19","isFullCredit":false},{"lineNumber":83,"author":{"gitId":"lukelouyu"},"content":"     * @param size The total number of tasks after adding.","lastModifiedDate":"2026-02-04T14:50:19","isFullCredit":false},{"lineNumber":84,"author":{"gitId":"lukelouyu"},"content":"     */","lastModifiedDate":"2026-02-04T14:50:19","isFullCredit":false},{"lineNumber":85,"author":{"gitId":"lukelouyu"},"content":"    private static void executeAddedResponse(Task task, int size) {","lastModifiedDate":"2026-02-02T17:27:58","isFullCredit":false},{"lineNumber":86,"author":{"gitId":"lukelouyu"},"content":"        System.out.println(LINE);","lastModifiedDate":"2026-01-28T13:14:50","isFullCredit":false},{"lineNumber":87,"author":{"gitId":"lukelouyu"},"content":"        System.out.println(SPACE + \" Got it. I\u0027ve added this task: \");","lastModifiedDate":"2026-02-02T17:27:58","isFullCredit":false},{"lineNumber":88,"author":{"gitId":"lukelouyu"},"content":"        System.out.println(SPACE + \"   \" + task);","lastModifiedDate":"2026-02-02T17:27:58","isFullCredit":false},{"lineNumber":89,"author":{"gitId":"lukelouyu"},"content":"        System.out.println(SPACE + \" Now you have \" + size + \" tasks in the list\");","lastModifiedDate":"2026-02-02T17:27:58","isFullCredit":false},{"lineNumber":90,"author":{"gitId":"lukelouyu"},"content":"        System.out.println(LINE);","lastModifiedDate":"2026-01-28T13:14:50","isFullCredit":false},{"lineNumber":91,"author":{"gitId":"lukelouyu"},"content":"    }","lastModifiedDate":"2026-01-28T13:14:50","isFullCredit":false},{"lineNumber":92,"author":{"gitId":"lukelouyu"},"content":"","lastModifiedDate":"2026-01-28T13:14:50","isFullCredit":false},{"lineNumber":93,"author":{"gitId":"lukelouyu"},"content":"    /**","lastModifiedDate":"2026-02-04T14:50:19","isFullCredit":false},{"lineNumber":94,"author":{"gitId":"lukelouyu"},"content":"     * Marks the specified task as done, based on the user input.","lastModifiedDate":"2026-02-08T20:18:49","isFullCredit":false},{"lineNumber":95,"author":{"gitId":"lukelouyu"},"content":"     *","lastModifiedDate":"2026-02-04T14:50:19","isFullCredit":false},{"lineNumber":96,"author":{"gitId":"lukelouyu"},"content":"     * @param input Full user command (e.g., \"mark 2\").","lastModifiedDate":"2026-02-08T20:18:49","isFullCredit":false},{"lineNumber":97,"author":{"gitId":"lukelouyu"},"content":"     * @param tasks Current list of tasks.","lastModifiedDate":"2026-02-04T14:50:19","isFullCredit":false},{"lineNumber":98,"author":{"gitId":"lukelouyu"},"content":"     */","lastModifiedDate":"2026-02-04T14:50:19","isFullCredit":false},{"lineNumber":99,"author":{"gitId":"lukelouyu"},"content":"    private static void executeMark(String input, ArrayList\u003cTask\u003e tasks) throws LukeException {","lastModifiedDate":"2026-02-08T20:18:49","isFullCredit":false},{"lineNumber":100,"author":{"gitId":"lukelouyu"},"content":"        int taskNumber \u003d parseTaskIndex(input, tasks, \"mark\");","lastModifiedDate":"2026-02-08T20:18:49","isFullCredit":false},{"lineNumber":101,"author":{"gitId":"lukelouyu"},"content":"        Task task \u003d tasks.get(taskNumber - 1);","lastModifiedDate":"2026-01-28T13:14:50","isFullCredit":false},{"lineNumber":102,"author":{"gitId":"lukelouyu"},"content":"        task.markDone();","lastModifiedDate":"2026-02-08T20:18:49","isFullCredit":false},{"lineNumber":103,"author":{"gitId":"lukelouyu"},"content":"","lastModifiedDate":"2026-02-02T20:07:18","isFullCredit":false},{"lineNumber":104,"author":{"gitId":"lukelouyu"},"content":"        System.out.println(LINE);","lastModifiedDate":"2026-01-28T13:14:50","isFullCredit":false},{"lineNumber":105,"author":{"gitId":"lukelouyu"},"content":"        System.out.println(SPACE + \" Nice! I\u0027ve marked this task as done:\");","lastModifiedDate":"2026-02-08T20:18:49","isFullCredit":false},{"lineNumber":106,"author":{"gitId":"lukelouyu"},"content":"        System.out.println(SPACE + \"   \" + task);","lastModifiedDate":"2026-02-02T15:52:33","isFullCredit":false},{"lineNumber":107,"author":{"gitId":"lukelouyu"},"content":"        System.out.println(LINE);","lastModifiedDate":"2026-01-28T13:14:50","isFullCredit":false},{"lineNumber":108,"author":{"gitId":"lukelouyu"},"content":"    }","lastModifiedDate":"2026-01-28T13:14:50","isFullCredit":false},{"lineNumber":109,"author":{"gitId":"lukelouyu"},"content":"","lastModifiedDate":"2026-01-28T13:14:50","isFullCredit":false},{"lineNumber":110,"author":{"gitId":"lukelouyu"},"content":"    /**","lastModifiedDate":"2026-02-04T14:50:19","isFullCredit":false},{"lineNumber":111,"author":{"gitId":"lukelouyu"},"content":"     * Unmarks the specified task as not done, based on the user input.","lastModifiedDate":"2026-02-08T20:18:49","isFullCredit":false},{"lineNumber":112,"author":{"gitId":"lukelouyu"},"content":"     *","lastModifiedDate":"2026-02-04T14:50:19","isFullCredit":false},{"lineNumber":113,"author":{"gitId":"lukelouyu"},"content":"     * @param input Full user command (e.g., \"unmark 2\").","lastModifiedDate":"2026-02-08T20:18:49","isFullCredit":false},{"lineNumber":114,"author":{"gitId":"lukelouyu"},"content":"     * @param tasks Current list of tasks.","lastModifiedDate":"2026-02-04T14:50:19","isFullCredit":false},{"lineNumber":115,"author":{"gitId":"lukelouyu"},"content":"     */","lastModifiedDate":"2026-02-04T14:50:19","isFullCredit":false},{"lineNumber":116,"author":{"gitId":"lukelouyu"},"content":"    private static void executeUnmark(String input, ArrayList\u003cTask\u003e tasks) throws LukeException {","lastModifiedDate":"2026-02-08T20:18:49","isFullCredit":false},{"lineNumber":117,"author":{"gitId":"lukelouyu"},"content":"        int taskNumber \u003d parseTaskIndex(input, tasks, \"unmark\");","lastModifiedDate":"2026-02-08T20:18:49","isFullCredit":false},{"lineNumber":118,"author":{"gitId":"lukelouyu"},"content":"        Task task \u003d tasks.get(taskNumber - 1);","lastModifiedDate":"2026-02-02T15:52:33","isFullCredit":false},{"lineNumber":119,"author":{"gitId":"lukelouyu"},"content":"        task.unmarkDone();","lastModifiedDate":"2026-02-08T20:18:49","isFullCredit":false},{"lineNumber":120,"author":{"gitId":"lukelouyu"},"content":"","lastModifiedDate":"2026-02-08T20:18:49","isFullCredit":false},{"lineNumber":121,"author":{"gitId":"lukelouyu"},"content":"","lastModifiedDate":"2026-02-02T15:52:33","isFullCredit":false},{"lineNumber":122,"author":{"gitId":"lukelouyu"},"content":"        System.out.println(LINE);","lastModifiedDate":"2026-02-02T15:52:33","isFullCredit":false},{"lineNumber":123,"author":{"gitId":"lukelouyu"},"content":"        System.out.println(SPACE + \" OK! I\u0027ve marked this task as not done yet:\");","lastModifiedDate":"2026-02-08T20:18:49","isFullCredit":false},{"lineNumber":124,"author":{"gitId":"lukelouyu"},"content":"        System.out.println(SPACE + \"   \" + task);","lastModifiedDate":"2026-02-02T15:52:33","isFullCredit":false},{"lineNumber":125,"author":{"gitId":"lukelouyu"},"content":"        System.out.println(LINE);","lastModifiedDate":"2026-01-28T12:30:50","isFullCredit":false},{"lineNumber":126,"author":{"gitId":"lukelouyu"},"content":"    }","lastModifiedDate":"2026-02-02T15:52:33","isFullCredit":false},{"lineNumber":127,"author":{"gitId":"lukelouyu"},"content":"","lastModifiedDate":"2026-02-02T15:52:33","isFullCredit":false},{"lineNumber":128,"author":{"gitId":"lukelouyu"},"content":"    /**","lastModifiedDate":"2026-02-08T18:57:24","isFullCredit":false},{"lineNumber":129,"author":{"gitId":"lukelouyu"},"content":"     * Prints the greeting shown at the start of the program.","lastModifiedDate":"2026-02-08T18:57:24","isFullCredit":false},{"lineNumber":130,"author":{"gitId":"lukelouyu"},"content":"     */","lastModifiedDate":"2026-02-08T18:57:24","isFullCredit":false},{"lineNumber":131,"author":{"gitId":"lukelouyu"},"content":"    private static void executeIntro() {","lastModifiedDate":"2026-02-02T15:52:33","isFullCredit":false},{"lineNumber":132,"author":{"gitId":"lukelouyu"},"content":"        System.out.println(LINE);","lastModifiedDate":"2026-02-02T15:52:33","isFullCredit":false},{"lineNumber":133,"author":{"gitId":"lukelouyu"},"content":"        System.out.println(SPACE + \"Hello! I\u0027m Luke\");","lastModifiedDate":"2026-02-02T15:52:33","isFullCredit":false},{"lineNumber":134,"author":{"gitId":"lukelouyu"},"content":"        System.out.println(SPACE + \"What can I do for you?\");","lastModifiedDate":"2026-02-02T15:52:33","isFullCredit":false},{"lineNumber":135,"author":{"gitId":"lukelouyu"},"content":"        System.out.println(LINE);","lastModifiedDate":"2026-01-28T12:30:50","isFullCredit":false},{"lineNumber":136,"author":{"gitId":"-"},"content":"    }","lastModifiedDate":"2019-07-29T17:14:46","isFullCredit":false},{"lineNumber":137,"author":{"gitId":"lukelouyu"},"content":"","lastModifiedDate":"2026-01-28T12:57:20","isFullCredit":false},{"lineNumber":138,"author":{"gitId":"lukelouyu"},"content":"    /**","lastModifiedDate":"2026-02-04T14:50:19","isFullCredit":false},{"lineNumber":139,"author":{"gitId":"lukelouyu"},"content":"     * Prints all tasks currently stored in the list.","lastModifiedDate":"2026-02-04T14:50:19","isFullCredit":false},{"lineNumber":140,"author":{"gitId":"lukelouyu"},"content":"     *","lastModifiedDate":"2026-02-04T14:50:19","isFullCredit":false},{"lineNumber":141,"author":{"gitId":"lukelouyu"},"content":"     * @param tasks Current list of tasks.","lastModifiedDate":"2026-02-04T14:50:19","isFullCredit":false},{"lineNumber":142,"author":{"gitId":"lukelouyu"},"content":"     */","lastModifiedDate":"2026-02-04T14:50:19","isFullCredit":false},{"lineNumber":143,"author":{"gitId":"lukelouyu"},"content":"    private static void executeList(ArrayList\u003cTask\u003e tasks) {","lastModifiedDate":"2026-02-02T15:52:33","isFullCredit":false},{"lineNumber":144,"author":{"gitId":"lukelouyu"},"content":"        System.out.println(LINE);","lastModifiedDate":"2026-02-02T15:52:33","isFullCredit":false},{"lineNumber":145,"author":{"gitId":"lukelouyu"},"content":"        if (tasks.isEmpty()) {","lastModifiedDate":"2026-02-02T17:27:58","isFullCredit":false},{"lineNumber":146,"author":{"gitId":"lukelouyu"},"content":"            System.out.println(SPACE + \"Your list is empty\");","lastModifiedDate":"2026-02-02T17:27:58","isFullCredit":false},{"lineNumber":147,"author":{"gitId":"lukelouyu"},"content":"        } else {","lastModifiedDate":"2026-02-02T17:27:58","isFullCredit":false},{"lineNumber":148,"author":{"gitId":"lukelouyu"},"content":"            System.out.println(SPACE + \" Here are the tasks in your list:\");","lastModifiedDate":"2026-02-02T15:52:33","isFullCredit":false},{"lineNumber":149,"author":{"gitId":"lukelouyu"},"content":"            int index \u003d 1;","lastModifiedDate":"2026-02-02T15:52:33","isFullCredit":false},{"lineNumber":150,"author":{"gitId":"lukelouyu"},"content":"            for (Task task : tasks) {","lastModifiedDate":"2026-02-02T15:52:33","isFullCredit":false},{"lineNumber":151,"author":{"gitId":"lukelouyu"},"content":"                System.out.println(SPACE + \" \" + index + \". \" + task);","lastModifiedDate":"2026-02-02T17:27:58","isFullCredit":false},{"lineNumber":152,"author":{"gitId":"lukelouyu"},"content":"                index++;","lastModifiedDate":"2026-02-02T15:52:33","isFullCredit":false},{"lineNumber":153,"author":{"gitId":"lukelouyu"},"content":"            }","lastModifiedDate":"2026-02-02T15:52:33","isFullCredit":false},{"lineNumber":154,"author":{"gitId":"lukelouyu"},"content":"        }","lastModifiedDate":"2026-02-02T17:27:58","isFullCredit":false},{"lineNumber":155,"author":{"gitId":"lukelouyu"},"content":"        System.out.println(LINE);","lastModifiedDate":"2026-02-02T15:52:33","isFullCredit":false},{"lineNumber":156,"author":{"gitId":"lukelouyu"},"content":"    }","lastModifiedDate":"2026-02-02T15:52:33","isFullCredit":false},{"lineNumber":157,"author":{"gitId":"lukelouyu"},"content":"","lastModifiedDate":"2026-01-28T12:57:20","isFullCredit":false},{"lineNumber":158,"author":{"gitId":"lukelouyu"},"content":"    /**","lastModifiedDate":"2026-02-08T18:57:24","isFullCredit":false},{"lineNumber":159,"author":{"gitId":"lukelouyu"},"content":"     * Prints the goodbye message and divider lines.","lastModifiedDate":"2026-02-08T18:57:24","isFullCredit":false},{"lineNumber":160,"author":{"gitId":"lukelouyu"},"content":"     */","lastModifiedDate":"2026-02-08T18:57:24","isFullCredit":false},{"lineNumber":161,"author":{"gitId":"lukelouyu"},"content":"    private static void executeBye() {","lastModifiedDate":"2026-02-02T15:52:33","isFullCredit":false},{"lineNumber":162,"author":{"gitId":"lukelouyu"},"content":"        System.out.println(LINE);","lastModifiedDate":"2026-02-02T15:52:33","isFullCredit":false},{"lineNumber":163,"author":{"gitId":"lukelouyu"},"content":"        System.out.println(SPACE + \" Bye. Hope to see you again soon!\");","lastModifiedDate":"2026-02-02T15:52:33","isFullCredit":false},{"lineNumber":164,"author":{"gitId":"lukelouyu"},"content":"        System.out.println(LINE);","lastModifiedDate":"2026-02-02T15:52:33","isFullCredit":false},{"lineNumber":165,"author":{"gitId":"lukelouyu"},"content":"    }","lastModifiedDate":"2026-01-28T12:57:20","isFullCredit":false},{"lineNumber":166,"author":{"gitId":"lukelouyu"},"content":"","lastModifiedDate":"2026-02-02T17:27:58","isFullCredit":false},{"lineNumber":167,"author":{"gitId":"lukelouyu"},"content":"    /**","lastModifiedDate":"2026-02-04T14:50:19","isFullCredit":false},{"lineNumber":168,"author":{"gitId":"lukelouyu"},"content":"     * Parses an \"event\" command into an {@link Event} task.","lastModifiedDate":"2026-02-04T14:50:19","isFullCredit":false},{"lineNumber":169,"author":{"gitId":"lukelouyu"},"content":"     * Expected format: event \u003cdesc\u003e /from \u003cstart\u003e /to \u003cend\u003e","lastModifiedDate":"2026-02-04T14:50:19","isFullCredit":false},{"lineNumber":170,"author":{"gitId":"lukelouyu"},"content":"     *","lastModifiedDate":"2026-02-04T14:50:19","isFullCredit":false},{"lineNumber":171,"author":{"gitId":"lukelouyu"},"content":"     * @param input Full user command.","lastModifiedDate":"2026-02-04T14:50:19","isFullCredit":false},{"lineNumber":172,"author":{"gitId":"lukelouyu"},"content":"     * @return An {@link Event} representing the parsed input.","lastModifiedDate":"2026-02-04T14:50:19","isFullCredit":false},{"lineNumber":173,"author":{"gitId":"lukelouyu"},"content":"     */","lastModifiedDate":"2026-02-04T14:50:19","isFullCredit":false},{"lineNumber":174,"author":{"gitId":"lukelouyu"},"content":"    private static Task parseEvent(String input) throws LukeException {","lastModifiedDate":"2026-02-08T18:57:24","isFullCredit":false},{"lineNumber":175,"author":{"gitId":"lukelouyu"},"content":"        String rest \u003d input.substring(\"event\".length()).trim();","lastModifiedDate":"2026-02-02T17:42:11","isFullCredit":false},{"lineNumber":176,"author":{"gitId":"lukelouyu"},"content":"        if (rest.isEmpty()) {","lastModifiedDate":"2026-02-08T18:57:24","isFullCredit":false},{"lineNumber":177,"author":{"gitId":"lukelouyu"},"content":"            throw new LukeException(\"OOPS!!! The description of an event cannot be empty.\");","lastModifiedDate":"2026-02-08T18:57:24","isFullCredit":false},{"lineNumber":178,"author":{"gitId":"lukelouyu"},"content":"        }","lastModifiedDate":"2026-02-08T18:57:24","isFullCredit":false},{"lineNumber":179,"author":{"gitId":"lukelouyu"},"content":"","lastModifiedDate":"2026-02-02T17:27:58","isFullCredit":false},{"lineNumber":180,"author":{"gitId":"lukelouyu"},"content":"        String[] parts \u003d rest.split(\" /from | /to \");","lastModifiedDate":"2026-02-02T17:27:58","isFullCredit":false},{"lineNumber":181,"author":{"gitId":"lukelouyu"},"content":"        if (parts.length \u003c 3) {","lastModifiedDate":"2026-02-08T19:53:16","isFullCredit":false},{"lineNumber":182,"author":{"gitId":"lukelouyu"},"content":"            throw new LukeException(\"OOPS!!! Please use format: event \u003cdesc\u003e /from \u003ctime\u003e /to \u003ctime\u003e.\");","lastModifiedDate":"2026-02-08T19:53:16","isFullCredit":false},{"lineNumber":183,"author":{"gitId":"lukelouyu"},"content":"        }","lastModifiedDate":"2026-02-08T19:53:16","isFullCredit":false},{"lineNumber":184,"author":{"gitId":"lukelouyu"},"content":"","lastModifiedDate":"2026-02-02T17:27:58","isFullCredit":false},{"lineNumber":185,"author":{"gitId":"lukelouyu"},"content":"        String description \u003d parts[0].trim();","lastModifiedDate":"2026-02-02T17:27:58","isFullCredit":false},{"lineNumber":186,"author":{"gitId":"lukelouyu"},"content":"        String from \u003d parts[1].trim();","lastModifiedDate":"2026-02-02T17:27:58","isFullCredit":false},{"lineNumber":187,"author":{"gitId":"lukelouyu"},"content":"        String to \u003d parts[2].trim();","lastModifiedDate":"2026-02-02T17:27:58","isFullCredit":false},{"lineNumber":188,"author":{"gitId":"lukelouyu"},"content":"        if (description.isEmpty() || from.isEmpty() || to.isEmpty()) {","lastModifiedDate":"2026-02-08T19:53:16","isFullCredit":false},{"lineNumber":189,"author":{"gitId":"lukelouyu"},"content":"            throw new LukeException(\"OOPS!!! Event description and time cannot be empty.\");","lastModifiedDate":"2026-02-08T19:53:16","isFullCredit":false},{"lineNumber":190,"author":{"gitId":"lukelouyu"},"content":"        }","lastModifiedDate":"2026-02-08T19:53:16","isFullCredit":false},{"lineNumber":191,"author":{"gitId":"lukelouyu"},"content":"","lastModifiedDate":"2026-02-02T17:27:58","isFullCredit":false},{"lineNumber":192,"author":{"gitId":"lukelouyu"},"content":"        return new Event(description, from, to);","lastModifiedDate":"2026-02-02T17:27:58","isFullCredit":false},{"lineNumber":193,"author":{"gitId":"lukelouyu"},"content":"    }","lastModifiedDate":"2026-02-02T17:27:58","isFullCredit":false},{"lineNumber":194,"author":{"gitId":"lukelouyu"},"content":"","lastModifiedDate":"2026-02-02T17:27:58","isFullCredit":false},{"lineNumber":195,"author":{"gitId":"lukelouyu"},"content":"    /**","lastModifiedDate":"2026-02-04T14:50:19","isFullCredit":false},{"lineNumber":196,"author":{"gitId":"lukelouyu"},"content":"     * Parses a \"todo\" command into a {@link Todo} task.","lastModifiedDate":"2026-02-04T14:50:19","isFullCredit":false},{"lineNumber":197,"author":{"gitId":"lukelouyu"},"content":"     * Expected format: todo \u003cdesc\u003e","lastModifiedDate":"2026-02-04T14:50:19","isFullCredit":false},{"lineNumber":198,"author":{"gitId":"lukelouyu"},"content":"     *","lastModifiedDate":"2026-02-04T14:50:19","isFullCredit":false},{"lineNumber":199,"author":{"gitId":"lukelouyu"},"content":"     * @param input Full user command.","lastModifiedDate":"2026-02-04T14:50:19","isFullCredit":false},{"lineNumber":200,"author":{"gitId":"lukelouyu"},"content":"     * @return A {@link Todo} representing the parsed input.","lastModifiedDate":"2026-02-04T14:50:19","isFullCredit":false},{"lineNumber":201,"author":{"gitId":"lukelouyu"},"content":"     */","lastModifiedDate":"2026-02-04T14:50:19","isFullCredit":false},{"lineNumber":202,"author":{"gitId":"lukelouyu"},"content":"    private static Task parseTodo(String input) throws LukeException {","lastModifiedDate":"2026-02-08T18:57:24","isFullCredit":false},{"lineNumber":203,"author":{"gitId":"lukelouyu"},"content":"        String description \u003d input.substring(\"todo\".length()).trim();","lastModifiedDate":"2026-02-02T17:42:11","isFullCredit":false},{"lineNumber":204,"author":{"gitId":"lukelouyu"},"content":"        if (description.isEmpty()) {","lastModifiedDate":"2026-02-08T18:57:24","isFullCredit":false},{"lineNumber":205,"author":{"gitId":"lukelouyu"},"content":"            throw new LukeException(\"OOPS!!! The description of todo cannot be empty.\");","lastModifiedDate":"2026-02-08T18:57:24","isFullCredit":false},{"lineNumber":206,"author":{"gitId":"lukelouyu"},"content":"        }","lastModifiedDate":"2026-02-08T18:57:24","isFullCredit":false},{"lineNumber":207,"author":{"gitId":"lukelouyu"},"content":"","lastModifiedDate":"2026-02-08T19:53:16","isFullCredit":false},{"lineNumber":208,"author":{"gitId":"lukelouyu"},"content":"        return new Todo(description);","lastModifiedDate":"2026-02-02T17:27:58","isFullCredit":false},{"lineNumber":209,"author":{"gitId":"lukelouyu"},"content":"    }","lastModifiedDate":"2026-02-02T17:27:58","isFullCredit":false},{"lineNumber":210,"author":{"gitId":"lukelouyu"},"content":"","lastModifiedDate":"2026-02-02T17:27:58","isFullCredit":false},{"lineNumber":211,"author":{"gitId":"lukelouyu"},"content":"    /**","lastModifiedDate":"2026-02-04T14:50:19","isFullCredit":false},{"lineNumber":212,"author":{"gitId":"lukelouyu"},"content":"     * Parses a \"deadline\" command into a {@link Deadline} task.","lastModifiedDate":"2026-02-04T14:50:19","isFullCredit":false},{"lineNumber":213,"author":{"gitId":"lukelouyu"},"content":"     * Expected format: deadline \u003cdesc\u003e /by \u003ctime\u003e","lastModifiedDate":"2026-02-04T14:50:19","isFullCredit":false},{"lineNumber":214,"author":{"gitId":"lukelouyu"},"content":"     *","lastModifiedDate":"2026-02-04T14:50:19","isFullCredit":false},{"lineNumber":215,"author":{"gitId":"lukelouyu"},"content":"     * @param input Full user command.","lastModifiedDate":"2026-02-04T14:50:19","isFullCredit":false},{"lineNumber":216,"author":{"gitId":"lukelouyu"},"content":"     * @return A {@link Deadline} representing the parsed input.","lastModifiedDate":"2026-02-04T14:50:19","isFullCredit":false},{"lineNumber":217,"author":{"gitId":"lukelouyu"},"content":"     */","lastModifiedDate":"2026-02-04T14:50:19","isFullCredit":false},{"lineNumber":218,"author":{"gitId":"lukelouyu"},"content":"    private static Task parseDeadline(String input) throws LukeException {","lastModifiedDate":"2026-02-08T18:57:24","isFullCredit":false},{"lineNumber":219,"author":{"gitId":"lukelouyu"},"content":"        String rest \u003d input.substring(\"deadline\".length()).trim();","lastModifiedDate":"2026-02-02T17:42:11","isFullCredit":false},{"lineNumber":220,"author":{"gitId":"lukelouyu"},"content":"        if (rest.isEmpty()) {","lastModifiedDate":"2026-02-08T18:57:24","isFullCredit":false},{"lineNumber":221,"author":{"gitId":"lukelouyu"},"content":"            throw new LukeException(\"OOPS!!! The description of a deadline cannot be empty.\");","lastModifiedDate":"2026-02-08T19:53:16","isFullCredit":false},{"lineNumber":222,"author":{"gitId":"lukelouyu"},"content":"        }","lastModifiedDate":"2026-02-08T18:57:24","isFullCredit":false},{"lineNumber":223,"author":{"gitId":"lukelouyu"},"content":"","lastModifiedDate":"2026-02-08T19:53:16","isFullCredit":false},{"lineNumber":224,"author":{"gitId":"lukelouyu"},"content":"        String[] parts \u003d rest.split(\" /by \", 2);","lastModifiedDate":"2026-02-02T17:27:58","isFullCredit":false},{"lineNumber":225,"author":{"gitId":"lukelouyu"},"content":"        if (parts.length \u003c 2) {","lastModifiedDate":"2026-02-08T19:53:16","isFullCredit":false},{"lineNumber":226,"author":{"gitId":"lukelouyu"},"content":"            throw new LukeException(\"OOPS!!! Please use the format: deadline \u003cdescription\u003e /by \u003ctime\u003e.\");","lastModifiedDate":"2026-02-08T19:53:16","isFullCredit":false},{"lineNumber":227,"author":{"gitId":"lukelouyu"},"content":"        }","lastModifiedDate":"2026-02-08T19:53:16","isFullCredit":false},{"lineNumber":228,"author":{"gitId":"lukelouyu"},"content":"","lastModifiedDate":"2026-02-02T17:27:58","isFullCredit":false},{"lineNumber":229,"author":{"gitId":"lukelouyu"},"content":"        String description \u003d parts[0].trim();","lastModifiedDate":"2026-02-02T17:27:58","isFullCredit":false},{"lineNumber":230,"author":{"gitId":"lukelouyu"},"content":"        String by \u003d parts[1].trim();","lastModifiedDate":"2026-02-02T17:27:58","isFullCredit":false},{"lineNumber":231,"author":{"gitId":"lukelouyu"},"content":"        if (description.isEmpty() || by.isEmpty()) {","lastModifiedDate":"2026-02-08T19:53:16","isFullCredit":false},{"lineNumber":232,"author":{"gitId":"lukelouyu"},"content":"            throw new LukeException(\"OOPS!!! Deadline description and time cannot be empty.\");","lastModifiedDate":"2026-02-08T19:53:16","isFullCredit":false},{"lineNumber":233,"author":{"gitId":"lukelouyu"},"content":"        }","lastModifiedDate":"2026-02-08T19:53:16","isFullCredit":false},{"lineNumber":234,"author":{"gitId":"lukelouyu"},"content":"","lastModifiedDate":"2026-02-08T19:53:16","isFullCredit":false},{"lineNumber":235,"author":{"gitId":"lukelouyu"},"content":"","lastModifiedDate":"2026-02-02T17:27:58","isFullCredit":false},{"lineNumber":236,"author":{"gitId":"lukelouyu"},"content":"        return new Deadline(description, by);","lastModifiedDate":"2026-02-02T17:27:58","isFullCredit":false},{"lineNumber":237,"author":{"gitId":"lukelouyu"},"content":"    }","lastModifiedDate":"2026-02-02T17:27:58","isFullCredit":false},{"lineNumber":238,"author":{"gitId":"lukelouyu"},"content":"","lastModifiedDate":"2026-02-08T20:08:34","isFullCredit":false},{"lineNumber":239,"author":{"gitId":"lukelouyu"},"content":"\u003c\u003c\u003c\u003c\u003c\u003c\u003c HEAD","lastModifiedDate":"2026-02-08T20:38:41","isFullCredit":false},{"lineNumber":240,"author":{"gitId":"lukelouyu"},"content":"\u003d\u003d\u003d\u003d\u003d\u003d\u003d","lastModifiedDate":"2026-02-08T20:38:41","isFullCredit":false},{"lineNumber":241,"author":{"gitId":"lukelouyu"},"content":"    private static int parseTaskIndex(String input, ArrayList\u003cTask\u003e tasks, String commandWord)","lastModifiedDate":"2026-02-08T20:18:49","isFullCredit":false},{"lineNumber":242,"author":{"gitId":"lukelouyu"},"content":"            throws LukeException {","lastModifiedDate":"2026-02-08T20:18:49","isFullCredit":false},{"lineNumber":243,"author":{"gitId":"lukelouyu"},"content":"","lastModifiedDate":"2026-02-08T20:18:49","isFullCredit":false},{"lineNumber":244,"author":{"gitId":"lukelouyu"},"content":"        String[] tokens \u003d input.trim().split(\"\\\\s+\", 2);","lastModifiedDate":"2026-02-08T20:18:49","isFullCredit":false},{"lineNumber":245,"author":{"gitId":"lukelouyu"},"content":"","lastModifiedDate":"2026-02-08T20:18:49","isFullCredit":false},{"lineNumber":246,"author":{"gitId":"lukelouyu"},"content":"        if (tokens.length \u003c 2 || tokens[1].trim().isEmpty()) {","lastModifiedDate":"2026-02-08T20:18:49","isFullCredit":false},{"lineNumber":247,"author":{"gitId":"lukelouyu"},"content":"            throw new LukeException(\"OOPS!!! Please provide a task number. Example: \" + commandWord + \" 1\");","lastModifiedDate":"2026-02-08T20:18:49","isFullCredit":false},{"lineNumber":248,"author":{"gitId":"lukelouyu"},"content":"        }","lastModifiedDate":"2026-02-08T20:18:49","isFullCredit":false},{"lineNumber":249,"author":{"gitId":"lukelouyu"},"content":"","lastModifiedDate":"2026-02-08T20:18:49","isFullCredit":false},{"lineNumber":250,"author":{"gitId":"lukelouyu"},"content":"        int oneBasedIndex;","lastModifiedDate":"2026-02-08T20:18:49","isFullCredit":false},{"lineNumber":251,"author":{"gitId":"lukelouyu"},"content":"        try {","lastModifiedDate":"2026-02-08T20:18:49","isFullCredit":false},{"lineNumber":252,"author":{"gitId":"lukelouyu"},"content":"            oneBasedIndex \u003d Integer.parseInt(tokens[1].trim());","lastModifiedDate":"2026-02-08T20:18:49","isFullCredit":false},{"lineNumber":253,"author":{"gitId":"lukelouyu"},"content":"        } catch (NumberFormatException e) {","lastModifiedDate":"2026-02-08T20:18:49","isFullCredit":false},{"lineNumber":254,"author":{"gitId":"lukelouyu"},"content":"            throw new LukeException(\"OOPS!!! Task number must be an integer. Example: \" + commandWord + \" 1\");","lastModifiedDate":"2026-02-08T20:18:49","isFullCredit":false},{"lineNumber":255,"author":{"gitId":"lukelouyu"},"content":"        }","lastModifiedDate":"2026-02-08T20:18:49","isFullCredit":false},{"lineNumber":256,"author":{"gitId":"lukelouyu"},"content":"","lastModifiedDate":"2026-02-08T20:18:49","isFullCredit":false},{"lineNumber":257,"author":{"gitId":"lukelouyu"},"content":"        if (oneBasedIndex \u003c 1 || oneBasedIndex \u003e tasks.size()) {","lastModifiedDate":"2026-02-08T20:18:49","isFullCredit":false},{"lineNumber":258,"author":{"gitId":"lukelouyu"},"content":"            throw new LukeException(\"OOPS!!! Task number must be between 1 and \" + tasks.size() + \".\");","lastModifiedDate":"2026-02-08T20:18:49","isFullCredit":false},{"lineNumber":259,"author":{"gitId":"lukelouyu"},"content":"        }","lastModifiedDate":"2026-02-08T20:18:49","isFullCredit":false},{"lineNumber":260,"author":{"gitId":"lukelouyu"},"content":"","lastModifiedDate":"2026-02-08T20:18:49","isFullCredit":false},{"lineNumber":261,"author":{"gitId":"lukelouyu"},"content":"        return oneBasedIndex - 1; ","lastModifiedDate":"2026-02-08T20:18:49","isFullCredit":false},{"lineNumber":262,"author":{"gitId":"lukelouyu"},"content":"    }","lastModifiedDate":"2026-02-08T20:18:49","isFullCredit":false},{"lineNumber":263,"author":{"gitId":"lukelouyu"},"content":"","lastModifiedDate":"2026-02-08T20:18:49","isFullCredit":false},{"lineNumber":264,"author":{"gitId":"lukelouyu"},"content":"\u003e\u003e\u003e\u003e\u003e\u003e\u003e branch-Level-5","lastModifiedDate":"2026-02-08T20:38:41","isFullCredit":false},{"lineNumber":265,"author":{"gitId":"lukelouyu"},"content":"","lastModifiedDate":"2026-02-08T20:08:34","isFullCredit":false},{"lineNumber":266,"author":{"gitId":"-"},"content":"}","lastModifiedDate":"2019-07-29T17:14:46","isFullCredit":false}],"authorContributionMap":{"lukelouyu":263,"-":3}},{"path":"src/main/java/LukeException.java","fileType":"java","lines":[{"lineNumber":1,"author":{"gitId":"lukelouyu"},"content":"public class LukeException extends Exception {","lastModifiedDate":"2026-02-08T19:00:34","isFullCredit":false},{"lineNumber":2,"author":{"gitId":"lukelouyu"},"content":"    public LukeException(String message) {","lastModifiedDate":"2026-02-08T19:00:34","isFullCredit":false},{"lineNumber":3,"author":{"gitId":"lukelouyu"},"content":"        super(message);","lastModifiedDate":"2026-02-08T19:00:34","isFullCredit":false},{"lineNumber":4,"author":{"gitId":"lukelouyu"},"content":"    }","lastModifiedDate":"2026-02-08T19:00:34","isFullCredit":false},{"lineNumber":5,"author":{"gitId":"lukelouyu"},"content":"}","lastModifiedDate":"2026-02-08T19:00:34","isFullCredit":false}],"authorContributionMap":{"lukelouyu":5}},{"path":"src/main/java/Task.java","fileType":"java","lines":[{"lineNumber":1,"author":{"gitId":"lukelouyu"},"content":"public class Task {","lastModifiedDate":"2026-01-28T13:14:50","isFullCredit":false},{"lineNumber":2,"author":{"gitId":"lukelouyu"},"content":"    private final String description;","lastModifiedDate":"2026-02-02T17:27:58","isFullCredit":false},{"lineNumber":3,"author":{"gitId":"lukelouyu"},"content":"    private boolean isDone;","lastModifiedDate":"2026-01-28T13:14:50","isFullCredit":false},{"lineNumber":4,"author":{"gitId":"lukelouyu"},"content":"","lastModifiedDate":"2026-01-28T13:14:50","isFullCredit":false},{"lineNumber":5,"author":{"gitId":"lukelouyu"},"content":"    public Task(String description) {","lastModifiedDate":"2026-01-28T13:14:50","isFullCredit":false},{"lineNumber":6,"author":{"gitId":"lukelouyu"},"content":"        this.description \u003d description;","lastModifiedDate":"2026-01-28T13:14:50","isFullCredit":false},{"lineNumber":7,"author":{"gitId":"lukelouyu"},"content":"    }","lastModifiedDate":"2026-01-28T13:14:50","isFullCredit":false},{"lineNumber":8,"author":{"gitId":"lukelouyu"},"content":"","lastModifiedDate":"2026-01-28T13:14:50","isFullCredit":false},{"lineNumber":9,"author":{"gitId":"lukelouyu"},"content":"    /**","lastModifiedDate":"2026-02-04T14:50:19","isFullCredit":false},{"lineNumber":10,"author":{"gitId":"lukelouyu"},"content":"     * Marks this task as completed.","lastModifiedDate":"2026-02-04T14:50:19","isFullCredit":false},{"lineNumber":11,"author":{"gitId":"lukelouyu"},"content":"     */","lastModifiedDate":"2026-02-04T14:50:19","isFullCredit":false},{"lineNumber":12,"author":{"gitId":"lukelouyu"},"content":"    public void markDone() {","lastModifiedDate":"2026-01-28T13:14:50","isFullCredit":false},{"lineNumber":13,"author":{"gitId":"lukelouyu"},"content":"        isDone \u003d true;","lastModifiedDate":"2026-01-28T13:14:50","isFullCredit":false},{"lineNumber":14,"author":{"gitId":"lukelouyu"},"content":"    }","lastModifiedDate":"2026-01-28T13:14:50","isFullCredit":false},{"lineNumber":15,"author":{"gitId":"lukelouyu"},"content":"","lastModifiedDate":"2026-01-28T13:14:50","isFullCredit":false},{"lineNumber":16,"author":{"gitId":"lukelouyu"},"content":"    /**","lastModifiedDate":"2026-02-04T14:50:19","isFullCredit":false},{"lineNumber":17,"author":{"gitId":"lukelouyu"},"content":"     * Marks this task as not completed.","lastModifiedDate":"2026-02-04T14:50:19","isFullCredit":false},{"lineNumber":18,"author":{"gitId":"lukelouyu"},"content":"     */","lastModifiedDate":"2026-02-04T14:50:19","isFullCredit":false},{"lineNumber":19,"author":{"gitId":"lukelouyu"},"content":"    public void unmarkDone() {","lastModifiedDate":"2026-01-28T13:14:50","isFullCredit":false},{"lineNumber":20,"author":{"gitId":"lukelouyu"},"content":"        isDone \u003d false;","lastModifiedDate":"2026-01-28T13:14:50","isFullCredit":false},{"lineNumber":21,"author":{"gitId":"lukelouyu"},"content":"    }","lastModifiedDate":"2026-01-28T13:14:50","isFullCredit":false},{"lineNumber":22,"author":{"gitId":"lukelouyu"},"content":"","lastModifiedDate":"2026-01-28T13:14:50","isFullCredit":false},{"lineNumber":23,"author":{"gitId":"lukelouyu"},"content":"    /**","lastModifiedDate":"2026-02-04T14:50:19","isFullCredit":false},{"lineNumber":24,"author":{"gitId":"lukelouyu"},"content":"     * Returns the string representation used in the UI, including the done status.","lastModifiedDate":"2026-02-04T14:50:19","isFullCredit":false},{"lineNumber":25,"author":{"gitId":"lukelouyu"},"content":"     *","lastModifiedDate":"2026-02-04T14:50:19","isFullCredit":false},{"lineNumber":26,"author":{"gitId":"lukelouyu"},"content":"     * @return Formatted task string.","lastModifiedDate":"2026-02-04T14:50:19","isFullCredit":false},{"lineNumber":27,"author":{"gitId":"lukelouyu"},"content":"     */","lastModifiedDate":"2026-02-04T14:50:19","isFullCredit":false},{"lineNumber":28,"author":{"gitId":"lukelouyu"},"content":"    @Override","lastModifiedDate":"2026-02-02T17:27:58","isFullCredit":false},{"lineNumber":29,"author":{"gitId":"lukelouyu"},"content":"    public String toString() {","lastModifiedDate":"2026-01-28T13:14:50","isFullCredit":false},{"lineNumber":30,"author":{"gitId":"lukelouyu"},"content":"        if (isDone) {","lastModifiedDate":"2026-01-28T13:14:50","isFullCredit":false},{"lineNumber":31,"author":{"gitId":"lukelouyu"},"content":"            return \"[X] \" + description;","lastModifiedDate":"2026-01-28T13:14:50","isFullCredit":false},{"lineNumber":32,"author":{"gitId":"lukelouyu"},"content":"        } else {","lastModifiedDate":"2026-01-28T13:14:50","isFullCredit":false},{"lineNumber":33,"author":{"gitId":"lukelouyu"},"content":"            return \"[ ] \" + description;","lastModifiedDate":"2026-01-28T13:14:50","isFullCredit":false},{"lineNumber":34,"author":{"gitId":"lukelouyu"},"content":"        }","lastModifiedDate":"2026-01-28T13:14:50","isFullCredit":false},{"lineNumber":35,"author":{"gitId":"lukelouyu"},"content":"    }","lastModifiedDate":"2026-01-28T13:14:50","isFullCredit":false},{"lineNumber":36,"author":{"gitId":"lukelouyu"},"content":"}","lastModifiedDate":"2026-01-28T13:14:50","isFullCredit":false}],"authorContributionMap":{"lukelouyu":36}},{"path":"src/main/java/Todo.java","fileType":"java","lines":[{"lineNumber":1,"author":{"gitId":"lukelouyu"},"content":"public class Todo extends Task {","lastModifiedDate":"2026-02-02T17:27:58","isFullCredit":false},{"lineNumber":2,"author":{"gitId":"lukelouyu"},"content":"","lastModifiedDate":"2026-02-04T14:50:19","isFullCredit":false},{"lineNumber":3,"author":{"gitId":"lukelouyu"},"content":"    /**","lastModifiedDate":"2026-02-04T14:50:19","isFullCredit":false},{"lineNumber":4,"author":{"gitId":"lukelouyu"},"content":"     * Creates a todo task with the given description.","lastModifiedDate":"2026-02-04T14:50:19","isFullCredit":false},{"lineNumber":5,"author":{"gitId":"lukelouyu"},"content":"     *","lastModifiedDate":"2026-02-04T14:50:19","isFullCredit":false},{"lineNumber":6,"author":{"gitId":"lukelouyu"},"content":"     * @param description Task description.","lastModifiedDate":"2026-02-04T14:50:19","isFullCredit":false},{"lineNumber":7,"author":{"gitId":"lukelouyu"},"content":"     */","lastModifiedDate":"2026-02-04T14:50:19","isFullCredit":false},{"lineNumber":8,"author":{"gitId":"lukelouyu"},"content":"    public Todo(String description) {","lastModifiedDate":"2026-02-02T17:27:58","isFullCredit":false},{"lineNumber":9,"author":{"gitId":"lukelouyu"},"content":"        super(description);","lastModifiedDate":"2026-02-02T17:27:58","isFullCredit":false},{"lineNumber":10,"author":{"gitId":"lukelouyu"},"content":"    }","lastModifiedDate":"2026-02-02T17:27:58","isFullCredit":false},{"lineNumber":11,"author":{"gitId":"lukelouyu"},"content":"","lastModifiedDate":"2026-02-02T17:27:58","isFullCredit":false},{"lineNumber":12,"author":{"gitId":"lukelouyu"},"content":"    /**","lastModifiedDate":"2026-02-04T14:50:19","isFullCredit":false},{"lineNumber":13,"author":{"gitId":"lukelouyu"},"content":"     * Returns the UI string for a todo task.","lastModifiedDate":"2026-02-04T14:50:19","isFullCredit":false},{"lineNumber":14,"author":{"gitId":"lukelouyu"},"content":"     *","lastModifiedDate":"2026-02-04T14:50:19","isFullCredit":false},{"lineNumber":15,"author":{"gitId":"lukelouyu"},"content":"     * @return Formatted todo string.","lastModifiedDate":"2026-02-04T14:50:19","isFullCredit":false},{"lineNumber":16,"author":{"gitId":"lukelouyu"},"content":"     */","lastModifiedDate":"2026-02-04T14:50:19","isFullCredit":false},{"lineNumber":17,"author":{"gitId":"lukelouyu"},"content":"    @Override","lastModifiedDate":"2026-02-02T17:27:58","isFullCredit":false},{"lineNumber":18,"author":{"gitId":"lukelouyu"},"content":"    public String toString() {","lastModifiedDate":"2026-02-02T17:27:58","isFullCredit":false},{"lineNumber":19,"author":{"gitId":"lukelouyu"},"content":"        return \"[T]\" + super.toString();","lastModifiedDate":"2026-02-02T17:27:58","isFullCredit":false},{"lineNumber":20,"author":{"gitId":"lukelouyu"},"content":"    }","lastModifiedDate":"2026-02-02T17:27:58","isFullCredit":false},{"lineNumber":21,"author":{"gitId":"lukelouyu"},"content":"}","lastModifiedDate":"2026-02-02T17:27:58","isFullCredit":false}],"authorContributionMap":{"lukelouyu":21}}]
