{"authorDailyContributionsMap":{"the-RoaringCat":[{"date":"2026-01-18T00:00:00","commitResults":[{"hash":"b2fb88e73b6f14dcb31e3db5cc063ced2d094cef","isMergeCommit":false,"messageTitle":"Rename the bot to 9527","messageBody":"","fileTypesAndContributionMap":{"java":{"insertions":10,"deletions":10}}},{"hash":"acccd7566076e2b8d9a134f471700e4a9f17ea0e","isMergeCommit":false,"messageTitle":"Rename Bot to 9527","messageBody":"","fileTypesAndContributionMap":{"java":{"insertions":11,"deletions":7},"bat":{"insertions":1,"deletions":1},"md":{"insertions":3,"deletions":3}}}]},{"date":"2026-01-26T00:00:00","commitResults":[{"hash":"19c6dc16a0f49a81614e1f64994484e721393ed4","isMergeCommit":false,"messageTitle":"Add greetUser and byeUser function","messageBody":"","fileTypesAndContributionMap":{"java":{"insertions":20,"deletions":9}}},{"hash":"5d785f8cce4bb9a7df7b9c588191a54b3b07fae9","isMergeCommit":false,"messageTitle":"Create Echo Class; Add echoUser()","messageBody":"","fileTypesAndContributionMap":{"java":{"insertions":26,"deletions":2}}},{"hash":"2cb293c7034cb96f2658c2ac88963a783de1d4b5","isMergeCommit":false,"messageTitle":"Add functionality for task input and task display","messageBody":"","fileTypesAndContributionMap":{"java":{"insertions":49,"deletions":11}}}]},{"date":"2026-01-27T00:00:00","commitResults":[{"hash":"e5260d3477a2aaf27fd8d80e7d0ce453f519301e","isMergeCommit":false,"messageTitle":"Add methods to manage tasks(mark, unmark and printings)","messageBody":"","fileTypesAndContributionMap":{"java":{"insertions":118,"deletions":29}}},{"hash":"f016bf1183a294bfd20309ca3f16d6aadbc3f60b","isMergeCommit":false,"messageTitle":"fix a small error","messageBody":"","fileTypesAndContributionMap":{"java":{"insertions":1,"deletions":1}}}]},{"date":"2026-01-31T00:00:00","commitResults":[{"hash":"753d8e3f8571fd0a814a7813ec8494b3fda3fe4e","isMergeCommit":false,"messageTitle":"Refactor the code","messageBody":"","fileTypesAndContributionMap":{"java":{"insertions":59,"deletions":69}}},{"hash":"3d67b9841058153f941356ee92724332850b6f6b","isMergeCommit":false,"messageTitle":"Add Todo Deadline and Event; Add the ability to add them to the list of task","messageBody":"","fileTypesAndContributionMap":{"java":{"insertions":144,"deletions":8}}}]},{"date":"2026-02-01T00:00:00","commitResults":[{"hash":"7d7f033aff325d52ff08b2e50b055566e848b984","isMergeCommit":false,"messageTitle":"Big refactor","messageBody":"","fileTypesAndContributionMap":{"java":{"insertions":97,"deletions":101}}}]}]},"authorFileTypeContributionMap":{"the-RoaringCat":{"java":298,"md":3,"fxml":0,"sh":0,"bat":1,"gradle":0,"txt":0}},"authorContributionVariance":{"the-RoaringCat":5400.2427},"authorDisplayNameMap":{"the-RoaringCat":"CS2113-W10-4 MO H..ANQI"}}
