{"authorDailyContributionsMap":{"Tan-Pang":[{"date":"2026-01-22T00:00:00","commitResults":[{"hash":"2cac219310f92e921aaf610af3833b6f7a992f10","isMergeCommit":false,"messageTitle":"Added Increment: Level-0","messageBody":"Renamed Duke to Happy\n","tags":["Level-0"],"fileTypesAndContributionMap":{"java":{"insertions":11,"deletions":10},"bat":{"insertions":1,"deletions":1}}}]},{"date":"2026-01-27T00:00:00","commitResults":[{"hash":"fac43c9b45699e06e8bc537b4dcd1ea27b81b237","isMergeCommit":false,"messageTitle":"Added Level-1: Echo","messageBody":"","tags":["Level-1"],"fileTypesAndContributionMap":{"java":{"insertions":16,"deletions":3}}},{"hash":"3f3d10a0484239667e5f420e85009715e0fb5461","isMergeCommit":false,"messageTitle":"Added Level-2: Add, List","messageBody":"","tags":["Level-2"],"fileTypesAndContributionMap":{"java":{"insertions":28,"deletions":9}}},{"hash":"ce10b7680e4c389e3096ee089c87d1e9f7c148ac","isMergeCommit":false,"messageTitle":"Added Level-3: Mark as Done","messageBody":"Added Task.java\n","tags":["Level-3"],"fileTypesAndContributionMap":{"java":{"insertions":63,"deletions":16}}}]},{"date":"2026-02-04T00:00:00","commitResults":[{"hash":"9e8b20c44515c8de2ca3409719890f3847524508","isMergeCommit":false,"messageTitle":"Added Level-4: ToDo, Event, Deadline","messageBody":"Added ToDo.java, Deadline.java and Event.java\n","tags":["Level-4"],"fileTypesAndContributionMap":{"java":{"insertions":204,"deletions":45}}}]}]},"authorFileTypeContributionMap":{"Tan-Pang":{"java":249,"md":0,"fxml":0,"sh":0,"bat":1,"gradle":0,"txt":0}},"authorContributionVariance":{"Tan-Pang":2763.6985},"authorDisplayNameMap":{"Tan-Pang":"CS2113-W10-2 TAN ..PANG"}}
