{"authorDailyContributionsMap":{"ShyamalV18":[{"date":"2026-01-28T00:00:00","commitResults":[{"hash":"1c7039a96d91d306e0e8b3b52c64a03f6850b18a","isMergeCommit":false,"messageTitle":"Level 0. Renamed as Porus, Greet, Exit","messageBody":"","tags":["Level-0"],"fileTypesAndContributionMap":{"java":{"insertions":14,"deletions":10},"bat":{"insertions":1,"deletions":1},"md":{"insertions":3,"deletions":3}}}]},{"date":"2026-01-29T00:00:00","commitResults":[{"hash":"52b9bb44102b947c5ae220a342dbd09b1fd70fa6","isMergeCommit":false,"messageTitle":"Level 1. Echo","messageBody":"","tags":["Level-1"],"fileTypesAndContributionMap":{"java":{"insertions":32,"deletions":2}}},{"hash":"2a13550a264d558f47eb0dcd519859b1230c18d4","isMergeCommit":false,"messageTitle":"Level2. Added List","messageBody":"","tags":["Level-2"],"fileTypesAndContributionMap":{"java":{"insertions":29,"deletions":2}}}]},{"date":"2026-01-30T00:00:00","commitResults":[{"hash":"ca109d0f1d350c597f5b38b0d7e25a95dfe33fce","isMergeCommit":false,"messageTitle":"Level3. Marking \u0026 Unmarking added + Task class","messageBody":"","tags":["Level-3","A-Classes"],"fileTypesAndContributionMap":{"java":{"insertions":78,"deletions":19}}},{"hash":"2887a209f86a4965443cccd4a434191e5e6aba37","isMergeCommit":false,"messageTitle":"A-CodingStandard. Cleaned up and reformatted code according to convention. Added comments","messageBody":"","tags":["A-CodingStandard"],"fileTypesAndContributionMap":{"java":{"insertions":13,"deletions":6}}}]}]},"authorFileTypeContributionMap":{"ShyamalV18":{"java":137,"md":3,"fxml":0,"sh":0,"bat":1,"gradle":0,"txt":0}},"authorContributionVariance":{"ShyamalV18":756.4897},"authorDisplayNameMap":{"ShyamalV18":"CS2113-T14-1 SHYA..AMAN"}}
