[{"path":"README.md","fileType":"md","lines":[{"lineNumber":1,"author":{"gitId":"SIONMATHEW"},"content":"# KingSIM project template","lastModifiedDate":"2026-01-28T11:40:46","isFullCredit":false},{"lineNumber":2,"author":{"gitId":"-"},"content":"","lastModifiedDate":"2020-05-25T00:03:55","isFullCredit":false},{"lineNumber":3,"author":{"gitId":"-"},"content":"This is a project template for a greenfield Java project. It\u0027s named after the Java mascot _Duke_. Given below are instructions on how to use it.","lastModifiedDate":"2020-05-25T00:03:55","isFullCredit":false},{"lineNumber":4,"author":{"gitId":"-"},"content":"","lastModifiedDate":"2020-05-25T00:03:55","isFullCredit":false},{"lineNumber":5,"author":{"gitId":"-"},"content":"## Setting up in Intellij","lastModifiedDate":"2020-05-25T00:03:55","isFullCredit":false},{"lineNumber":6,"author":{"gitId":"-"},"content":"","lastModifiedDate":"2020-05-25T00:03:55","isFullCredit":false},{"lineNumber":7,"author":{"gitId":"-"},"content":"Prerequisites: JDK 17, update Intellij to the most recent version.","lastModifiedDate":"2024-07-11T16:50:14","isFullCredit":false},{"lineNumber":8,"author":{"gitId":"-"},"content":"","lastModifiedDate":"2020-05-25T00:03:55","isFullCredit":false},{"lineNumber":9,"author":{"gitId":"-"},"content":"1. Open Intellij (if you are not in the welcome screen, click `File` \u003e `Close Project` to close the existing project first)","lastModifiedDate":"2021-01-17T12:25:53","isFullCredit":false},{"lineNumber":10,"author":{"gitId":"-"},"content":"1. Open the project into Intellij as follows:","lastModifiedDate":"2021-01-17T12:25:53","isFullCredit":false},{"lineNumber":11,"author":{"gitId":"-"},"content":"   1. Click `Open`.","lastModifiedDate":"2021-01-17T12:25:53","isFullCredit":false},{"lineNumber":12,"author":{"gitId":"-"},"content":"   1. Select the project directory, and click `OK`.","lastModifiedDate":"2021-01-17T12:25:53","isFullCredit":false},{"lineNumber":13,"author":{"gitId":"-"},"content":"   1. If there are any further prompts, accept the defaults.","lastModifiedDate":"2020-05-25T00:03:55","isFullCredit":false},{"lineNumber":14,"author":{"gitId":"-"},"content":"1. Configure the project to use **JDK 17** (not other versions) as explained in [here](https://www.jetbrains.com/help/idea/sdk.html#set-up-jdk).\u003cbr\u003e","lastModifiedDate":"2024-07-11T16:50:14","isFullCredit":false},{"lineNumber":15,"author":{"gitId":"-"},"content":"   In the same dialog, set the **Project language level** field to the `SDK default` option.","lastModifiedDate":"2021-07-29T20:29:39","isFullCredit":false},{"lineNumber":16,"author":{"gitId":"SIONMATHEW"},"content":"1. After that, locate the `src/main/java/KingSIM.java` file, right-click it, and choose `Run KingSIM.main()` (if the code editor is showing compile errors, try restarting the IDE). If the setup is correct, you should see something like the below as the output:","lastModifiedDate":"2026-01-28T11:40:46","isFullCredit":false},{"lineNumber":17,"author":{"gitId":"-"},"content":"   ```","lastModifiedDate":"2020-05-25T00:03:55","isFullCredit":false},{"lineNumber":18,"author":{"gitId":"-"},"content":"   Hello from","lastModifiedDate":"2020-05-25T00:03:55","isFullCredit":false},{"lineNumber":19,"author":{"gitId":"-"},"content":"    ____        _        ","lastModifiedDate":"2020-05-25T00:03:55","isFullCredit":false},{"lineNumber":20,"author":{"gitId":"-"},"content":"   |  _ \\ _   _| | _____ ","lastModifiedDate":"2020-05-25T00:03:55","isFullCredit":false},{"lineNumber":21,"author":{"gitId":"-"},"content":"   | | | | | | | |/ / _ \\","lastModifiedDate":"2020-05-25T00:03:55","isFullCredit":false},{"lineNumber":22,"author":{"gitId":"-"},"content":"   | |_| | |_| |   \u003c  __/","lastModifiedDate":"2020-05-25T00:03:55","isFullCredit":false},{"lineNumber":23,"author":{"gitId":"-"},"content":"   |____/ \\__,_|_|\\_\\___|","lastModifiedDate":"2020-05-25T00:03:55","isFullCredit":false},{"lineNumber":24,"author":{"gitId":"-"},"content":"   ```","lastModifiedDate":"2020-05-25T00:03:55","isFullCredit":false},{"lineNumber":25,"author":{"gitId":"-"},"content":"","lastModifiedDate":"2025-01-04T21:44:28","isFullCredit":false},{"lineNumber":26,"author":{"gitId":"-"},"content":"**Warning:** Keep the `src\\main\\java` folder as the root folder for Java files (i.e., don\u0027t rename those folders or move Java files to another folder outside of this folder path), as this is the default location some tools (e.g., Gradle) expect to find Java files.","lastModifiedDate":"2025-01-04T21:44:28","isFullCredit":false}],"authorContributionMap":{"SIONMATHEW":2,"-":24}},{"path":"docs/README.md","fileType":"md","lines":[{"lineNumber":1,"author":{"gitId":"SIONMATHEW"},"content":"# KingSIM User Guide","lastModifiedDate":"2026-01-28T11:40:46","isFullCredit":false},{"lineNumber":2,"author":{"gitId":"-"},"content":"","lastModifiedDate":"2019-07-29T17:14:46","isFullCredit":false},{"lineNumber":3,"author":{"gitId":"-"},"content":"// Update the title above to match the actual product name","lastModifiedDate":"2024-01-07T18:33:52","isFullCredit":false},{"lineNumber":4,"author":{"gitId":"-"},"content":"","lastModifiedDate":"2019-07-29T17:14:46","isFullCredit":false},{"lineNumber":5,"author":{"gitId":"-"},"content":"// Product screenshot goes here","lastModifiedDate":"2024-01-07T18:33:52","isFullCredit":false},{"lineNumber":6,"author":{"gitId":"-"},"content":"","lastModifiedDate":"2021-07-17T16:49:07","isFullCredit":false},{"lineNumber":7,"author":{"gitId":"-"},"content":"// Product intro goes here","lastModifiedDate":"2024-01-07T18:33:52","isFullCredit":false},{"lineNumber":8,"author":{"gitId":"-"},"content":"","lastModifiedDate":"2021-07-17T16:49:07","isFullCredit":false},{"lineNumber":9,"author":{"gitId":"-"},"content":"## Adding deadlines","lastModifiedDate":"2024-01-07T18:33:52","isFullCredit":false},{"lineNumber":10,"author":{"gitId":"-"},"content":"","lastModifiedDate":"2021-07-17T16:49:07","isFullCredit":false},{"lineNumber":11,"author":{"gitId":"-"},"content":"// Describe the action and its outcome.","lastModifiedDate":"2024-01-07T18:33:52","isFullCredit":false},{"lineNumber":12,"author":{"gitId":"-"},"content":"","lastModifiedDate":"2019-07-29T17:14:46","isFullCredit":false},{"lineNumber":13,"author":{"gitId":"-"},"content":"// Give examples of usage","lastModifiedDate":"2024-01-07T18:33:52","isFullCredit":false},{"lineNumber":14,"author":{"gitId":"-"},"content":"","lastModifiedDate":"2019-07-29T17:14:46","isFullCredit":false},{"lineNumber":15,"author":{"gitId":"-"},"content":"Example: `keyword (optional arguments)`","lastModifiedDate":"2024-01-07T18:33:52","isFullCredit":false},{"lineNumber":16,"author":{"gitId":"-"},"content":"","lastModifiedDate":"2019-07-29T17:14:46","isFullCredit":false},{"lineNumber":17,"author":{"gitId":"-"},"content":"// A description of the expected outcome goes here","lastModifiedDate":"2024-01-07T18:33:52","isFullCredit":false},{"lineNumber":18,"author":{"gitId":"-"},"content":"","lastModifiedDate":"2019-07-29T17:14:46","isFullCredit":false},{"lineNumber":19,"author":{"gitId":"-"},"content":"```","lastModifiedDate":"2024-01-07T18:33:52","isFullCredit":false},{"lineNumber":20,"author":{"gitId":"-"},"content":"expected output","lastModifiedDate":"2024-01-07T18:33:52","isFullCredit":false},{"lineNumber":21,"author":{"gitId":"-"},"content":"```","lastModifiedDate":"2024-01-07T18:33:52","isFullCredit":false},{"lineNumber":22,"author":{"gitId":"-"},"content":"","lastModifiedDate":"2019-07-29T17:14:46","isFullCredit":false},{"lineNumber":23,"author":{"gitId":"-"},"content":"## Feature ABC","lastModifiedDate":"2024-01-07T18:33:52","isFullCredit":false},{"lineNumber":24,"author":{"gitId":"-"},"content":"","lastModifiedDate":"2019-07-29T17:14:46","isFullCredit":false},{"lineNumber":25,"author":{"gitId":"-"},"content":"// Feature details","lastModifiedDate":"2024-01-07T18:33:52","isFullCredit":false},{"lineNumber":26,"author":{"gitId":"-"},"content":"","lastModifiedDate":"2019-07-29T17:14:46","isFullCredit":false},{"lineNumber":27,"author":{"gitId":"-"},"content":"","lastModifiedDate":"2021-07-17T16:49:07","isFullCredit":false},{"lineNumber":28,"author":{"gitId":"-"},"content":"## Feature XYZ","lastModifiedDate":"2024-01-07T18:33:52","isFullCredit":false},{"lineNumber":29,"author":{"gitId":"-"},"content":"","lastModifiedDate":"2024-01-07T18:33:52","isFullCredit":false},{"lineNumber":30,"author":{"gitId":"-"},"content":"// Feature details","lastModifiedDate":"2024-01-07T18:33:52","isFullCredit":false}],"authorContributionMap":{"SIONMATHEW":1,"-":29}},{"path":"src/main/java/KingSIM.java","fileType":"java","lines":[{"lineNumber":1,"author":{"gitId":"SIONMATHEW"},"content":"import java.util.Scanner;","lastModifiedDate":"2026-01-30T13:01:52","isFullCredit":false},{"lineNumber":2,"author":{"gitId":"SIONMATHEW"},"content":"","lastModifiedDate":"2026-01-30T13:22:48","isFullCredit":false},{"lineNumber":3,"author":{"gitId":"SIONMATHEW"},"content":"/**","lastModifiedDate":"2026-01-30T13:29:27","isFullCredit":false},{"lineNumber":4,"author":{"gitId":"SIONMATHEW"},"content":" * KingSIM is a simple chatbot that can add tasks, list tasks and mark/unmark tasks as done.","lastModifiedDate":"2026-01-30T13:29:27","isFullCredit":false},{"lineNumber":5,"author":{"gitId":"SIONMATHEW"},"content":" */","lastModifiedDate":"2026-01-30T13:29:27","isFullCredit":false},{"lineNumber":6,"author":{"gitId":"SIONMATHEW"},"content":"public class KingSIM {","lastModifiedDate":"2026-01-28T11:40:46","isFullCredit":false},{"lineNumber":7,"author":{"gitId":"SIONMATHEW"},"content":"    private static final String LINE \u003d \"____________________________________________________________\";","lastModifiedDate":"2026-01-30T13:29:27","isFullCredit":false},{"lineNumber":8,"author":{"gitId":"SIONMATHEW"},"content":"    private static final int MAX_TASKS \u003d 100;","lastModifiedDate":"2026-01-30T13:29:27","isFullCredit":false},{"lineNumber":9,"author":{"gitId":"SIONMATHEW"},"content":"","lastModifiedDate":"2026-01-30T13:29:27","isFullCredit":false},{"lineNumber":10,"author":{"gitId":"SIONMATHEW"},"content":"","lastModifiedDate":"2026-01-30T13:29:27","isFullCredit":false},{"lineNumber":11,"author":{"gitId":"SIONMATHEW"},"content":"    public static void main(String[] args) {","lastModifiedDate":"2026-01-28T11:40:46","isFullCredit":false},{"lineNumber":12,"author":{"gitId":"SIONMATHEW"},"content":"        System.out.println(LINE);","lastModifiedDate":"2026-01-30T13:22:48","isFullCredit":false},{"lineNumber":13,"author":{"gitId":"SIONMATHEW"},"content":"        System.out.println(\"Hello! I\u0027m KingSIM\");","lastModifiedDate":"2026-01-28T11:40:46","isFullCredit":false},{"lineNumber":14,"author":{"gitId":"SIONMATHEW"},"content":"        System.out.println(\"What can I do for you?\");","lastModifiedDate":"2026-01-28T11:40:46","isFullCredit":false},{"lineNumber":15,"author":{"gitId":"SIONMATHEW"},"content":"        System.out.println(LINE);","lastModifiedDate":"2026-01-30T13:22:48","isFullCredit":false},{"lineNumber":16,"author":{"gitId":"SIONMATHEW"},"content":"","lastModifiedDate":"2026-01-30T13:22:48","isFullCredit":false},{"lineNumber":17,"author":{"gitId":"SIONMATHEW"},"content":"        Scanner scanner \u003d new Scanner(System.in);","lastModifiedDate":"2026-01-30T13:29:27","isFullCredit":false},{"lineNumber":18,"author":{"gitId":"SIONMATHEW"},"content":"","lastModifiedDate":"2026-01-30T13:29:27","isFullCredit":false},{"lineNumber":19,"author":{"gitId":"SIONMATHEW"},"content":"        Task[] tasks \u003d new Task[MAX_TASKS];","lastModifiedDate":"2026-01-30T13:29:27","isFullCredit":false},{"lineNumber":20,"author":{"gitId":"SIONMATHEW"},"content":"        int taskCount \u003d 0;","lastModifiedDate":"2026-01-30T13:22:48","isFullCredit":false},{"lineNumber":21,"author":{"gitId":"SIONMATHEW"},"content":"","lastModifiedDate":"2026-01-30T13:22:48","isFullCredit":false},{"lineNumber":22,"author":{"gitId":"SIONMATHEW"},"content":"        while (true) {","lastModifiedDate":"2026-01-30T13:01:52","isFullCredit":false},{"lineNumber":23,"author":{"gitId":"SIONMATHEW"},"content":"            String input \u003d scanner.nextLine().trim();","lastModifiedDate":"2026-01-30T13:29:27","isFullCredit":false},{"lineNumber":24,"author":{"gitId":"SIONMATHEW"},"content":"","lastModifiedDate":"2026-01-30T13:22:48","isFullCredit":false},{"lineNumber":25,"author":{"gitId":"SIONMATHEW"},"content":"            if (input.equalsIgnoreCase(\"bye\")) {","lastModifiedDate":"2026-01-30T13:29:27","isFullCredit":false},{"lineNumber":26,"author":{"gitId":"SIONMATHEW"},"content":"                printBye();","lastModifiedDate":"2026-01-30T13:29:27","isFullCredit":false},{"lineNumber":27,"author":{"gitId":"SIONMATHEW"},"content":"                break;","lastModifiedDate":"2026-01-30T13:01:52","isFullCredit":false},{"lineNumber":28,"author":{"gitId":"SIONMATHEW"},"content":"            }","lastModifiedDate":"2026-01-30T13:01:52","isFullCredit":false},{"lineNumber":29,"author":{"gitId":"SIONMATHEW"},"content":"","lastModifiedDate":"2026-01-30T13:22:48","isFullCredit":false},{"lineNumber":30,"author":{"gitId":"SIONMATHEW"},"content":"            if (input.equalsIgnoreCase(\"list\")) {","lastModifiedDate":"2026-01-30T13:29:27","isFullCredit":false},{"lineNumber":31,"author":{"gitId":"SIONMATHEW"},"content":"                printList(tasks, taskCount);","lastModifiedDate":"2026-01-30T13:29:27","isFullCredit":false},{"lineNumber":32,"author":{"gitId":"SIONMATHEW"},"content":"                continue;","lastModifiedDate":"2026-01-30T13:22:48","isFullCredit":false},{"lineNumber":33,"author":{"gitId":"SIONMATHEW"},"content":"            }","lastModifiedDate":"2026-01-30T13:12:00","isFullCredit":false},{"lineNumber":34,"author":{"gitId":"SIONMATHEW"},"content":"","lastModifiedDate":"2026-01-30T13:22:48","isFullCredit":false},{"lineNumber":35,"author":{"gitId":"SIONMATHEW"},"content":"            if (input.toLowerCase().startsWith(\"mark \")) {","lastModifiedDate":"2026-01-30T13:29:27","isFullCredit":false},{"lineNumber":36,"author":{"gitId":"SIONMATHEW"},"content":"                int index \u003d Integer.parseInt(input.substring(5).trim()) - 1;","lastModifiedDate":"2026-01-30T13:29:27","isFullCredit":false},{"lineNumber":37,"author":{"gitId":"SIONMATHEW"},"content":"                tasks[index].markDone();","lastModifiedDate":"2026-01-30T13:22:48","isFullCredit":false},{"lineNumber":38,"author":{"gitId":"SIONMATHEW"},"content":"                printMarkMessage(\"Nice! I\u0027ve marked this task as done:\", tasks[index]);","lastModifiedDate":"2026-01-30T13:29:27","isFullCredit":false},{"lineNumber":39,"author":{"gitId":"SIONMATHEW"},"content":"                continue;","lastModifiedDate":"2026-01-30T13:29:27","isFullCredit":false},{"lineNumber":40,"author":{"gitId":"SIONMATHEW"},"content":"            }","lastModifiedDate":"2026-01-30T13:29:27","isFullCredit":false},{"lineNumber":41,"author":{"gitId":"SIONMATHEW"},"content":"","lastModifiedDate":"2026-01-30T13:29:27","isFullCredit":false},{"lineNumber":42,"author":{"gitId":"SIONMATHEW"},"content":"            if (input.toLowerCase().startsWith(\"unmark \")) {","lastModifiedDate":"2026-01-30T13:29:27","isFullCredit":false},{"lineNumber":43,"author":{"gitId":"SIONMATHEW"},"content":"                int index \u003d Integer.parseInt(input.substring(7).trim()) - 1;","lastModifiedDate":"2026-01-30T13:29:27","isFullCredit":false},{"lineNumber":44,"author":{"gitId":"SIONMATHEW"},"content":"                tasks[index].unmarkDone();","lastModifiedDate":"2026-01-30T13:29:27","isFullCredit":false},{"lineNumber":45,"author":{"gitId":"SIONMATHEW"},"content":"                printMarkMessage(\"OK, I\u0027ve marked this task as not done yet:\", tasks[index]);","lastModifiedDate":"2026-01-30T13:29:27","isFullCredit":false},{"lineNumber":46,"author":{"gitId":"SIONMATHEW"},"content":"                continue;","lastModifiedDate":"2026-01-30T13:29:27","isFullCredit":false},{"lineNumber":47,"author":{"gitId":"SIONMATHEW"},"content":"            }","lastModifiedDate":"2026-01-30T13:29:27","isFullCredit":false},{"lineNumber":48,"author":{"gitId":"SIONMATHEW"},"content":"","lastModifiedDate":"2026-01-30T13:29:27","isFullCredit":false},{"lineNumber":49,"author":{"gitId":"SIONMATHEW"},"content":"            tasks[taskCount] \u003d new Task(input);","lastModifiedDate":"2026-01-30T13:29:27","isFullCredit":false},{"lineNumber":50,"author":{"gitId":"SIONMATHEW"},"content":"            taskCount++;","lastModifiedDate":"2026-01-30T13:29:27","isFullCredit":false},{"lineNumber":51,"author":{"gitId":"SIONMATHEW"},"content":"","lastModifiedDate":"2026-01-30T13:22:48","isFullCredit":false},{"lineNumber":52,"author":{"gitId":"SIONMATHEW"},"content":"            System.out.println(LINE);","lastModifiedDate":"2026-01-30T13:22:48","isFullCredit":false},{"lineNumber":53,"author":{"gitId":"SIONMATHEW"},"content":"            System.out.println(\"added: \" + input);","lastModifiedDate":"2026-01-30T13:29:27","isFullCredit":false},{"lineNumber":54,"author":{"gitId":"SIONMATHEW"},"content":"            System.out.println(LINE);","lastModifiedDate":"2026-01-30T13:22:48","isFullCredit":false},{"lineNumber":55,"author":{"gitId":"SIONMATHEW"},"content":"        }","lastModifiedDate":"2026-01-30T13:22:48","isFullCredit":false},{"lineNumber":56,"author":{"gitId":"SIONMATHEW"},"content":"","lastModifiedDate":"2026-01-30T13:22:48","isFullCredit":false},{"lineNumber":57,"author":{"gitId":"SIONMATHEW"},"content":"        scanner.close();","lastModifiedDate":"2026-01-30T13:29:27","isFullCredit":false},{"lineNumber":58,"author":{"gitId":"SIONMATHEW"},"content":"    }","lastModifiedDate":"2026-01-30T13:29:27","isFullCredit":false},{"lineNumber":59,"author":{"gitId":"SIONMATHEW"},"content":"","lastModifiedDate":"2026-01-30T13:22:48","isFullCredit":false},{"lineNumber":60,"author":{"gitId":"SIONMATHEW"},"content":"    private static void printBye() {","lastModifiedDate":"2026-01-30T13:29:27","isFullCredit":false},{"lineNumber":61,"author":{"gitId":"SIONMATHEW"},"content":"        System.out.println(LINE);","lastModifiedDate":"2026-01-30T13:22:48","isFullCredit":false},{"lineNumber":62,"author":{"gitId":"SIONMATHEW"},"content":"        System.out.println(\"Bye. Hope to see you again soon!\");","lastModifiedDate":"2026-01-30T13:29:27","isFullCredit":false},{"lineNumber":63,"author":{"gitId":"SIONMATHEW"},"content":"        System.out.println(LINE);","lastModifiedDate":"2026-01-30T13:22:48","isFullCredit":false},{"lineNumber":64,"author":{"gitId":"SIONMATHEW"},"content":"    }","lastModifiedDate":"2026-01-30T13:12:00","isFullCredit":false},{"lineNumber":65,"author":{"gitId":"SIONMATHEW"},"content":"","lastModifiedDate":"2026-01-30T13:12:00","isFullCredit":false},{"lineNumber":66,"author":{"gitId":"SIONMATHEW"},"content":"    private static void printList(Task[] tasks, int taskCount) {","lastModifiedDate":"2026-01-30T13:29:27","isFullCredit":false},{"lineNumber":67,"author":{"gitId":"SIONMATHEW"},"content":"        System.out.println(LINE);","lastModifiedDate":"2026-01-30T13:22:48","isFullCredit":false},{"lineNumber":68,"author":{"gitId":"SIONMATHEW"},"content":"        System.out.println(\"Here are the tasks in your list:\");","lastModifiedDate":"2026-01-30T13:29:27","isFullCredit":false},{"lineNumber":69,"author":{"gitId":"SIONMATHEW"},"content":"        for (int i \u003d 0; i \u003c taskCount; i++) {","lastModifiedDate":"2026-01-30T13:29:27","isFullCredit":false},{"lineNumber":70,"author":{"gitId":"SIONMATHEW"},"content":"            System.out.println((i + 1) + \".\" + tasks[i]);","lastModifiedDate":"2026-01-30T13:29:27","isFullCredit":false},{"lineNumber":71,"author":{"gitId":"SIONMATHEW"},"content":"        }","lastModifiedDate":"2026-01-30T13:29:27","isFullCredit":false},{"lineNumber":72,"author":{"gitId":"SIONMATHEW"},"content":"        System.out.println(LINE);","lastModifiedDate":"2026-01-30T13:22:48","isFullCredit":false},{"lineNumber":73,"author":{"gitId":"SIONMATHEW"},"content":"    }","lastModifiedDate":"2026-01-30T13:01:52","isFullCredit":false},{"lineNumber":74,"author":{"gitId":"SIONMATHEW"},"content":"","lastModifiedDate":"2026-01-30T13:29:27","isFullCredit":false},{"lineNumber":75,"author":{"gitId":"SIONMATHEW"},"content":"    private static void printMarkMessage(String message, Task task) {","lastModifiedDate":"2026-01-30T13:29:27","isFullCredit":false},{"lineNumber":76,"author":{"gitId":"SIONMATHEW"},"content":"        System.out.println(LINE);","lastModifiedDate":"2026-01-30T13:29:27","isFullCredit":false},{"lineNumber":77,"author":{"gitId":"SIONMATHEW"},"content":"        System.out.println(message);","lastModifiedDate":"2026-01-30T13:29:27","isFullCredit":false},{"lineNumber":78,"author":{"gitId":"SIONMATHEW"},"content":"        System.out.println(\"  \" + task);","lastModifiedDate":"2026-01-30T13:29:27","isFullCredit":false},{"lineNumber":79,"author":{"gitId":"SIONMATHEW"},"content":"        System.out.println(LINE);","lastModifiedDate":"2026-01-30T13:29:27","isFullCredit":false},{"lineNumber":80,"author":{"gitId":"SIONMATHEW"},"content":"    }","lastModifiedDate":"2026-01-28T11:40:46","isFullCredit":false},{"lineNumber":81,"author":{"gitId":"SIONMATHEW"},"content":"}","lastModifiedDate":"2026-01-28T11:40:46","isFullCredit":false}],"authorContributionMap":{"SIONMATHEW":81}},{"path":"src/main/java/Task.java","fileType":"java","lines":[{"lineNumber":1,"author":{"gitId":"SIONMATHEW"},"content":"","lastModifiedDate":"2026-01-30T13:33:59","isFullCredit":false},{"lineNumber":2,"author":{"gitId":"SIONMATHEW"},"content":"/**","lastModifiedDate":"2026-01-30T13:33:59","isFullCredit":false},{"lineNumber":3,"author":{"gitId":"SIONMATHEW"},"content":" * Represents a task with a description and a done/not-done status.","lastModifiedDate":"2026-01-30T13:33:59","isFullCredit":false},{"lineNumber":4,"author":{"gitId":"SIONMATHEW"},"content":" */","lastModifiedDate":"2026-01-30T13:33:59","isFullCredit":false},{"lineNumber":5,"author":{"gitId":"SIONMATHEW"},"content":"public class Task {","lastModifiedDate":"2026-01-30T13:22:48","isFullCredit":false},{"lineNumber":6,"author":{"gitId":"SIONMATHEW"},"content":"    private final String description;","lastModifiedDate":"2026-01-30T13:29:27","isFullCredit":false},{"lineNumber":7,"author":{"gitId":"SIONMATHEW"},"content":"    private boolean isDone;","lastModifiedDate":"2026-01-30T13:22:48","isFullCredit":false},{"lineNumber":8,"author":{"gitId":"SIONMATHEW"},"content":"","lastModifiedDate":"2026-01-30T13:22:48","isFullCredit":false},{"lineNumber":9,"author":{"gitId":"SIONMATHEW"},"content":"    public Task(String description) {","lastModifiedDate":"2026-01-30T13:22:48","isFullCredit":false},{"lineNumber":10,"author":{"gitId":"SIONMATHEW"},"content":"        this.description \u003d description;","lastModifiedDate":"2026-01-30T13:22:48","isFullCredit":false},{"lineNumber":11,"author":{"gitId":"SIONMATHEW"},"content":"        this.isDone \u003d false;","lastModifiedDate":"2026-01-30T13:22:48","isFullCredit":false},{"lineNumber":12,"author":{"gitId":"SIONMATHEW"},"content":"    }","lastModifiedDate":"2026-01-30T13:22:48","isFullCredit":false},{"lineNumber":13,"author":{"gitId":"SIONMATHEW"},"content":"","lastModifiedDate":"2026-01-30T13:22:48","isFullCredit":false},{"lineNumber":14,"author":{"gitId":"SIONMATHEW"},"content":"    public void markDone() {","lastModifiedDate":"2026-01-30T13:22:48","isFullCredit":false},{"lineNumber":15,"author":{"gitId":"SIONMATHEW"},"content":"        isDone \u003d true;","lastModifiedDate":"2026-01-30T13:22:48","isFullCredit":false},{"lineNumber":16,"author":{"gitId":"SIONMATHEW"},"content":"    }","lastModifiedDate":"2026-01-30T13:22:48","isFullCredit":false},{"lineNumber":17,"author":{"gitId":"SIONMATHEW"},"content":"","lastModifiedDate":"2026-01-30T13:22:48","isFullCredit":false},{"lineNumber":18,"author":{"gitId":"SIONMATHEW"},"content":"    public void unmarkDone() {","lastModifiedDate":"2026-01-30T13:22:48","isFullCredit":false},{"lineNumber":19,"author":{"gitId":"SIONMATHEW"},"content":"        isDone \u003d false;","lastModifiedDate":"2026-01-30T13:22:48","isFullCredit":false},{"lineNumber":20,"author":{"gitId":"SIONMATHEW"},"content":"    }","lastModifiedDate":"2026-01-30T13:22:48","isFullCredit":false},{"lineNumber":21,"author":{"gitId":"SIONMATHEW"},"content":"","lastModifiedDate":"2026-01-30T13:22:48","isFullCredit":false},{"lineNumber":22,"author":{"gitId":"SIONMATHEW"},"content":"    private String getStatusIcon() {","lastModifiedDate":"2026-01-30T13:29:27","isFullCredit":false},{"lineNumber":23,"author":{"gitId":"SIONMATHEW"},"content":"        return isDone ? \"X\" : \" \";","lastModifiedDate":"2026-01-30T13:22:48","isFullCredit":false},{"lineNumber":24,"author":{"gitId":"SIONMATHEW"},"content":"    }","lastModifiedDate":"2026-01-30T13:22:48","isFullCredit":false},{"lineNumber":25,"author":{"gitId":"SIONMATHEW"},"content":"","lastModifiedDate":"2026-01-30T13:22:48","isFullCredit":false},{"lineNumber":26,"author":{"gitId":"SIONMATHEW"},"content":"    @Override","lastModifiedDate":"2026-01-30T13:22:48","isFullCredit":false},{"lineNumber":27,"author":{"gitId":"SIONMATHEW"},"content":"    public String toString() {","lastModifiedDate":"2026-01-30T13:22:48","isFullCredit":false},{"lineNumber":28,"author":{"gitId":"SIONMATHEW"},"content":"        return \"[\" + getStatusIcon() + \"] \" + description;","lastModifiedDate":"2026-01-30T13:22:48","isFullCredit":false},{"lineNumber":29,"author":{"gitId":"SIONMATHEW"},"content":"    }","lastModifiedDate":"2026-01-30T13:22:48","isFullCredit":false},{"lineNumber":30,"author":{"gitId":"SIONMATHEW"},"content":"}","lastModifiedDate":"2026-01-30T13:22:48","isFullCredit":false}],"authorContributionMap":{"SIONMATHEW":30}},{"path":"text-ui-test/runtest.bat","fileType":"bat","lines":[{"lineNumber":1,"author":{"gitId":"-"},"content":"@ECHO OFF","lastModifiedDate":"2020-05-25T00:03:55","isFullCredit":false},{"lineNumber":2,"author":{"gitId":"-"},"content":"","lastModifiedDate":"2020-05-25T00:03:55","isFullCredit":false},{"lineNumber":3,"author":{"gitId":"-"},"content":"REM create bin directory if it doesn\u0027t exist","lastModifiedDate":"2020-05-25T00:03:55","isFullCredit":false},{"lineNumber":4,"author":{"gitId":"-"},"content":"if not exist ..\\bin mkdir ..\\bin","lastModifiedDate":"2020-05-25T00:03:55","isFullCredit":false},{"lineNumber":5,"author":{"gitId":"-"},"content":"","lastModifiedDate":"2020-05-25T00:03:55","isFullCredit":false},{"lineNumber":6,"author":{"gitId":"-"},"content":"REM delete output from previous run","lastModifiedDate":"2020-05-25T00:03:55","isFullCredit":false},{"lineNumber":7,"author":{"gitId":"-"},"content":"if exist ACTUAL.TXT del ACTUAL.TXT","lastModifiedDate":"2020-08-25T17:23:26","isFullCredit":false},{"lineNumber":8,"author":{"gitId":"-"},"content":"","lastModifiedDate":"2020-05-25T00:03:55","isFullCredit":false},{"lineNumber":9,"author":{"gitId":"-"},"content":"REM compile the code into the bin folder","lastModifiedDate":"2020-05-25T00:03:55","isFullCredit":false},{"lineNumber":10,"author":{"gitId":"-"},"content":"javac  -cp ..\\src\\main\\java -Xlint:none -d ..\\bin ..\\src\\main\\java\\*.java","lastModifiedDate":"2020-08-25T17:23:26","isFullCredit":false},{"lineNumber":11,"author":{"gitId":"-"},"content":"IF ERRORLEVEL 1 (","lastModifiedDate":"2020-05-25T00:03:55","isFullCredit":false},{"lineNumber":12,"author":{"gitId":"-"},"content":"    echo ********** BUILD FAILURE **********","lastModifiedDate":"2020-05-25T00:03:55","isFullCredit":false},{"lineNumber":13,"author":{"gitId":"-"},"content":"    exit /b 1","lastModifiedDate":"2020-05-25T00:03:55","isFullCredit":false},{"lineNumber":14,"author":{"gitId":"-"},"content":")","lastModifiedDate":"2020-05-25T00:03:55","isFullCredit":false},{"lineNumber":15,"author":{"gitId":"-"},"content":"REM no error here, errorlevel \u003d\u003d 0","lastModifiedDate":"2020-05-25T00:03:55","isFullCredit":false},{"lineNumber":16,"author":{"gitId":"-"},"content":"","lastModifiedDate":"2020-05-25T00:03:55","isFullCredit":false},{"lineNumber":17,"author":{"gitId":"-"},"content":"REM run the program, feed commands from input.txt file and redirect the output to the ACTUAL.TXT","lastModifiedDate":"2020-05-25T00:03:55","isFullCredit":false},{"lineNumber":18,"author":{"gitId":"SIONMATHEW"},"content":"java -classpath ..\\bin KingSIM \u003c input.txt \u003e ACTUAL.TXT","lastModifiedDate":"2026-01-28T11:40:46","isFullCredit":false},{"lineNumber":19,"author":{"gitId":"-"},"content":"","lastModifiedDate":"2020-05-25T00:03:55","isFullCredit":false},{"lineNumber":20,"author":{"gitId":"-"},"content":"REM compare the output to the expected output","lastModifiedDate":"2020-05-25T00:03:55","isFullCredit":false},{"lineNumber":21,"author":{"gitId":"-"},"content":"FC ACTUAL.TXT EXPECTED.TXT","lastModifiedDate":"2020-05-25T00:03:55","isFullCredit":false}],"authorContributionMap":{"SIONMATHEW":1,"-":20}}]
