[{"path":"README.md","fileType":"md","lines":[{"lineNumber":1,"author":{"gitId":"SIONMATHEW"},"content":"# kingsim.KingSIM project template","lastModifiedDate":"2026-02-13T14:28:42","isFullCredit":false},{"lineNumber":2,"author":{"gitId":"-"},"content":"","lastModifiedDate":"2020-05-25T00:03:55","isFullCredit":false},{"lineNumber":3,"author":{"gitId":"-"},"content":"This is a project template for a greenfield Java project. It\u0027s named after the Java mascot _Duke_. Given below are instructions on how to use it.","lastModifiedDate":"2020-05-25T00:03:55","isFullCredit":false},{"lineNumber":4,"author":{"gitId":"-"},"content":"","lastModifiedDate":"2020-05-25T00:03:55","isFullCredit":false},{"lineNumber":5,"author":{"gitId":"-"},"content":"## Setting up in Intellij","lastModifiedDate":"2020-05-25T00:03:55","isFullCredit":false},{"lineNumber":6,"author":{"gitId":"-"},"content":"","lastModifiedDate":"2020-05-25T00:03:55","isFullCredit":false},{"lineNumber":7,"author":{"gitId":"-"},"content":"Prerequisites: JDK 17, update Intellij to the most recent version.","lastModifiedDate":"2024-07-11T16:50:14","isFullCredit":false},{"lineNumber":8,"author":{"gitId":"-"},"content":"","lastModifiedDate":"2020-05-25T00:03:55","isFullCredit":false},{"lineNumber":9,"author":{"gitId":"-"},"content":"1. Open Intellij (if you are not in the welcome screen, click `File` \u003e `Close Project` to close the existing project first)","lastModifiedDate":"2021-01-17T12:25:53","isFullCredit":false},{"lineNumber":10,"author":{"gitId":"-"},"content":"1. Open the project into Intellij as follows:","lastModifiedDate":"2021-01-17T12:25:53","isFullCredit":false},{"lineNumber":11,"author":{"gitId":"-"},"content":"   1. Click `Open`.","lastModifiedDate":"2021-01-17T12:25:53","isFullCredit":false},{"lineNumber":12,"author":{"gitId":"-"},"content":"   1. Select the project directory, and click `OK`.","lastModifiedDate":"2021-01-17T12:25:53","isFullCredit":false},{"lineNumber":13,"author":{"gitId":"-"},"content":"   1. If there are any further prompts, accept the defaults.","lastModifiedDate":"2020-05-25T00:03:55","isFullCredit":false},{"lineNumber":14,"author":{"gitId":"-"},"content":"1. Configure the project to use **JDK 17** (not other versions) as explained in [here](https://www.jetbrains.com/help/idea/sdk.html#set-up-jdk).\u003cbr\u003e","lastModifiedDate":"2024-07-11T16:50:14","isFullCredit":false},{"lineNumber":15,"author":{"gitId":"-"},"content":"   In the same dialog, set the **Project language level** field to the `SDK default` option.","lastModifiedDate":"2021-07-29T20:29:39","isFullCredit":false},{"lineNumber":16,"author":{"gitId":"SIONMATHEW"},"content":"1. After that, locate the `src/main/java/kingsim.KingSIM.java` file, right-click it, and choose `Run kingsim.KingSIM.main()` (if the code editor is showing compile errors, try restarting the IDE). If the setup is correct, you should see something like the below as the output:","lastModifiedDate":"2026-02-13T14:28:42","isFullCredit":false},{"lineNumber":17,"author":{"gitId":"-"},"content":"   ```","lastModifiedDate":"2020-05-25T00:03:55","isFullCredit":false},{"lineNumber":18,"author":{"gitId":"-"},"content":"   Hello from","lastModifiedDate":"2020-05-25T00:03:55","isFullCredit":false},{"lineNumber":19,"author":{"gitId":"-"},"content":"    ____        _        ","lastModifiedDate":"2020-05-25T00:03:55","isFullCredit":false},{"lineNumber":20,"author":{"gitId":"-"},"content":"   |  _ \\ _   _| | _____ ","lastModifiedDate":"2020-05-25T00:03:55","isFullCredit":false},{"lineNumber":21,"author":{"gitId":"-"},"content":"   | | | | | | | |/ / _ \\","lastModifiedDate":"2020-05-25T00:03:55","isFullCredit":false},{"lineNumber":22,"author":{"gitId":"-"},"content":"   | |_| | |_| |   \u003c  __/","lastModifiedDate":"2020-05-25T00:03:55","isFullCredit":false},{"lineNumber":23,"author":{"gitId":"-"},"content":"   |____/ \\__,_|_|\\_\\___|","lastModifiedDate":"2020-05-25T00:03:55","isFullCredit":false},{"lineNumber":24,"author":{"gitId":"-"},"content":"   ```","lastModifiedDate":"2020-05-25T00:03:55","isFullCredit":false},{"lineNumber":25,"author":{"gitId":"-"},"content":"","lastModifiedDate":"2025-01-04T21:44:28","isFullCredit":false},{"lineNumber":26,"author":{"gitId":"-"},"content":"**Warning:** Keep the `src\\main\\java` folder as the root folder for Java files (i.e., don\u0027t rename those folders or move Java files to another folder outside of this folder path), as this is the default location some tools (e.g., Gradle) expect to find Java files.","lastModifiedDate":"2025-01-04T21:44:28","isFullCredit":false}],"authorContributionMap":{"SIONMATHEW":2,"-":24}},{"path":"docs/README.md","fileType":"md","lines":[{"lineNumber":1,"author":{"gitId":"SIONMATHEW"},"content":"# kingsim.KingSIM User Guide","lastModifiedDate":"2026-02-13T14:28:42","isFullCredit":false},{"lineNumber":2,"author":{"gitId":"-"},"content":"","lastModifiedDate":"2019-07-29T17:14:46","isFullCredit":false},{"lineNumber":3,"author":{"gitId":"-"},"content":"// Update the title above to match the actual product name","lastModifiedDate":"2024-01-07T18:33:52","isFullCredit":false},{"lineNumber":4,"author":{"gitId":"-"},"content":"","lastModifiedDate":"2019-07-29T17:14:46","isFullCredit":false},{"lineNumber":5,"author":{"gitId":"-"},"content":"// Product screenshot goes here","lastModifiedDate":"2024-01-07T18:33:52","isFullCredit":false},{"lineNumber":6,"author":{"gitId":"-"},"content":"","lastModifiedDate":"2021-07-17T16:49:07","isFullCredit":false},{"lineNumber":7,"author":{"gitId":"-"},"content":"// Product intro goes here","lastModifiedDate":"2024-01-07T18:33:52","isFullCredit":false},{"lineNumber":8,"author":{"gitId":"-"},"content":"","lastModifiedDate":"2021-07-17T16:49:07","isFullCredit":false},{"lineNumber":9,"author":{"gitId":"-"},"content":"## Adding deadlines","lastModifiedDate":"2024-01-07T18:33:52","isFullCredit":false},{"lineNumber":10,"author":{"gitId":"-"},"content":"","lastModifiedDate":"2021-07-17T16:49:07","isFullCredit":false},{"lineNumber":11,"author":{"gitId":"-"},"content":"// Describe the action and its outcome.","lastModifiedDate":"2024-01-07T18:33:52","isFullCredit":false},{"lineNumber":12,"author":{"gitId":"-"},"content":"","lastModifiedDate":"2019-07-29T17:14:46","isFullCredit":false},{"lineNumber":13,"author":{"gitId":"-"},"content":"// Give examples of usage","lastModifiedDate":"2024-01-07T18:33:52","isFullCredit":false},{"lineNumber":14,"author":{"gitId":"-"},"content":"","lastModifiedDate":"2019-07-29T17:14:46","isFullCredit":false},{"lineNumber":15,"author":{"gitId":"-"},"content":"Example: `keyword (optional arguments)`","lastModifiedDate":"2024-01-07T18:33:52","isFullCredit":false},{"lineNumber":16,"author":{"gitId":"-"},"content":"","lastModifiedDate":"2019-07-29T17:14:46","isFullCredit":false},{"lineNumber":17,"author":{"gitId":"-"},"content":"// A description of the expected outcome goes here","lastModifiedDate":"2024-01-07T18:33:52","isFullCredit":false},{"lineNumber":18,"author":{"gitId":"-"},"content":"","lastModifiedDate":"2019-07-29T17:14:46","isFullCredit":false},{"lineNumber":19,"author":{"gitId":"-"},"content":"```","lastModifiedDate":"2024-01-07T18:33:52","isFullCredit":false},{"lineNumber":20,"author":{"gitId":"-"},"content":"expected output","lastModifiedDate":"2024-01-07T18:33:52","isFullCredit":false},{"lineNumber":21,"author":{"gitId":"-"},"content":"```","lastModifiedDate":"2024-01-07T18:33:52","isFullCredit":false},{"lineNumber":22,"author":{"gitId":"-"},"content":"","lastModifiedDate":"2019-07-29T17:14:46","isFullCredit":false},{"lineNumber":23,"author":{"gitId":"-"},"content":"## Feature ABC","lastModifiedDate":"2024-01-07T18:33:52","isFullCredit":false},{"lineNumber":24,"author":{"gitId":"-"},"content":"","lastModifiedDate":"2019-07-29T17:14:46","isFullCredit":false},{"lineNumber":25,"author":{"gitId":"-"},"content":"// Feature details","lastModifiedDate":"2024-01-07T18:33:52","isFullCredit":false},{"lineNumber":26,"author":{"gitId":"-"},"content":"","lastModifiedDate":"2019-07-29T17:14:46","isFullCredit":false},{"lineNumber":27,"author":{"gitId":"-"},"content":"","lastModifiedDate":"2021-07-17T16:49:07","isFullCredit":false},{"lineNumber":28,"author":{"gitId":"-"},"content":"## Feature XYZ","lastModifiedDate":"2024-01-07T18:33:52","isFullCredit":false},{"lineNumber":29,"author":{"gitId":"-"},"content":"","lastModifiedDate":"2024-01-07T18:33:52","isFullCredit":false},{"lineNumber":30,"author":{"gitId":"-"},"content":"// Feature details","lastModifiedDate":"2024-01-07T18:33:52","isFullCredit":false}],"authorContributionMap":{"SIONMATHEW":1,"-":29}},{"path":"src/main/java/kingsim/Deadline.java","fileType":"java","lines":[{"lineNumber":1,"author":{"gitId":"SIONMATHEW"},"content":"package kingsim;","lastModifiedDate":"2026-02-13T14:28:42","isFullCredit":false},{"lineNumber":2,"author":{"gitId":"SIONMATHEW"},"content":"","lastModifiedDate":"2026-02-13T14:28:42","isFullCredit":false},{"lineNumber":3,"author":{"gitId":"SIONMATHEW"},"content":"/**","lastModifiedDate":"2026-02-06T00:50:40","isFullCredit":false},{"lineNumber":4,"author":{"gitId":"SIONMATHEW"},"content":" * Represents a kingsim.Deadline task.","lastModifiedDate":"2026-02-13T14:28:42","isFullCredit":false},{"lineNumber":5,"author":{"gitId":"SIONMATHEW"},"content":" */","lastModifiedDate":"2026-02-06T00:50:40","isFullCredit":false},{"lineNumber":6,"author":{"gitId":"SIONMATHEW"},"content":"public class Deadline extends Task {","lastModifiedDate":"2026-02-06T00:50:40","isFullCredit":false},{"lineNumber":7,"author":{"gitId":"SIONMATHEW"},"content":"    private final String by;","lastModifiedDate":"2026-02-06T00:50:40","isFullCredit":false},{"lineNumber":8,"author":{"gitId":"SIONMATHEW"},"content":"","lastModifiedDate":"2026-02-06T00:50:40","isFullCredit":false},{"lineNumber":9,"author":{"gitId":"SIONMATHEW"},"content":"    public Deadline(String description, String by) {","lastModifiedDate":"2026-02-06T00:50:40","isFullCredit":false},{"lineNumber":10,"author":{"gitId":"SIONMATHEW"},"content":"        super(description);","lastModifiedDate":"2026-02-06T00:50:40","isFullCredit":false},{"lineNumber":11,"author":{"gitId":"SIONMATHEW"},"content":"        this.by \u003d by;","lastModifiedDate":"2026-02-06T00:50:40","isFullCredit":false},{"lineNumber":12,"author":{"gitId":"SIONMATHEW"},"content":"    }","lastModifiedDate":"2026-02-06T00:50:40","isFullCredit":false},{"lineNumber":13,"author":{"gitId":"SIONMATHEW"},"content":"","lastModifiedDate":"2026-02-06T00:50:40","isFullCredit":false},{"lineNumber":14,"author":{"gitId":"SIONMATHEW"},"content":"    @Override","lastModifiedDate":"2026-02-06T00:50:40","isFullCredit":false},{"lineNumber":15,"author":{"gitId":"SIONMATHEW"},"content":"    public String toString() {","lastModifiedDate":"2026-02-06T00:50:40","isFullCredit":false},{"lineNumber":16,"author":{"gitId":"SIONMATHEW"},"content":"        return \"[D] \" + super.toString() + \" (by: \" + by + \")\";","lastModifiedDate":"2026-02-06T00:50:40","isFullCredit":false},{"lineNumber":17,"author":{"gitId":"SIONMATHEW"},"content":"    }","lastModifiedDate":"2026-02-06T00:50:40","isFullCredit":false},{"lineNumber":18,"author":{"gitId":"SIONMATHEW"},"content":"}","lastModifiedDate":"2026-02-06T00:50:40","isFullCredit":false}],"authorContributionMap":{"SIONMATHEW":18}},{"path":"src/main/java/kingsim/Event.java","fileType":"java","lines":[{"lineNumber":1,"author":{"gitId":"SIONMATHEW"},"content":"package kingsim;","lastModifiedDate":"2026-02-13T14:28:42","isFullCredit":false},{"lineNumber":2,"author":{"gitId":"SIONMATHEW"},"content":"","lastModifiedDate":"2026-02-13T14:28:42","isFullCredit":false},{"lineNumber":3,"author":{"gitId":"SIONMATHEW"},"content":"/**","lastModifiedDate":"2026-02-06T00:50:40","isFullCredit":false},{"lineNumber":4,"author":{"gitId":"SIONMATHEW"},"content":" * Represents an kingsim.Event task .","lastModifiedDate":"2026-02-13T14:28:42","isFullCredit":false},{"lineNumber":5,"author":{"gitId":"SIONMATHEW"},"content":" */","lastModifiedDate":"2026-02-06T00:50:40","isFullCredit":false},{"lineNumber":6,"author":{"gitId":"SIONMATHEW"},"content":"public class Event extends Task {","lastModifiedDate":"2026-02-06T00:50:40","isFullCredit":false},{"lineNumber":7,"author":{"gitId":"SIONMATHEW"},"content":"    private final String from;","lastModifiedDate":"2026-02-06T00:50:40","isFullCredit":false},{"lineNumber":8,"author":{"gitId":"SIONMATHEW"},"content":"    private final String to;","lastModifiedDate":"2026-02-06T00:50:40","isFullCredit":false},{"lineNumber":9,"author":{"gitId":"SIONMATHEW"},"content":"","lastModifiedDate":"2026-02-06T00:50:40","isFullCredit":false},{"lineNumber":10,"author":{"gitId":"SIONMATHEW"},"content":"    public Event(String description, String from, String to) {","lastModifiedDate":"2026-02-06T00:50:40","isFullCredit":false},{"lineNumber":11,"author":{"gitId":"SIONMATHEW"},"content":"        super(description);","lastModifiedDate":"2026-02-06T00:50:40","isFullCredit":false},{"lineNumber":12,"author":{"gitId":"SIONMATHEW"},"content":"        this.from \u003d from;","lastModifiedDate":"2026-02-06T00:50:40","isFullCredit":false},{"lineNumber":13,"author":{"gitId":"SIONMATHEW"},"content":"        this.to \u003d to;","lastModifiedDate":"2026-02-06T00:50:40","isFullCredit":false},{"lineNumber":14,"author":{"gitId":"SIONMATHEW"},"content":"    }","lastModifiedDate":"2026-02-06T00:50:40","isFullCredit":false},{"lineNumber":15,"author":{"gitId":"SIONMATHEW"},"content":"","lastModifiedDate":"2026-02-06T00:50:40","isFullCredit":false},{"lineNumber":16,"author":{"gitId":"SIONMATHEW"},"content":"    @Override","lastModifiedDate":"2026-02-06T00:50:40","isFullCredit":false},{"lineNumber":17,"author":{"gitId":"SIONMATHEW"},"content":"    public String toString() {","lastModifiedDate":"2026-02-06T00:50:40","isFullCredit":false},{"lineNumber":18,"author":{"gitId":"SIONMATHEW"},"content":"        return \"[E] \" + super.toString() + \" (from: \" + from + \" to: \" + to + \")\";","lastModifiedDate":"2026-02-06T00:50:40","isFullCredit":false},{"lineNumber":19,"author":{"gitId":"SIONMATHEW"},"content":"    }","lastModifiedDate":"2026-02-06T00:50:40","isFullCredit":false},{"lineNumber":20,"author":{"gitId":"SIONMATHEW"},"content":"}","lastModifiedDate":"2026-02-06T00:50:40","isFullCredit":false}],"authorContributionMap":{"SIONMATHEW":20}},{"path":"src/main/java/kingsim/KingSIM.java","fileType":"java","lines":[{"lineNumber":1,"author":{"gitId":"SIONMATHEW"},"content":"package kingsim;","lastModifiedDate":"2026-02-13T14:28:42","isFullCredit":false},{"lineNumber":2,"author":{"gitId":"SIONMATHEW"},"content":"","lastModifiedDate":"2026-02-13T14:28:42","isFullCredit":false},{"lineNumber":3,"author":{"gitId":"SIONMATHEW"},"content":"import java.util.Scanner;","lastModifiedDate":"2026-01-30T13:01:52","isFullCredit":false},{"lineNumber":4,"author":{"gitId":"SIONMATHEW"},"content":"","lastModifiedDate":"2026-01-30T13:22:48","isFullCredit":false},{"lineNumber":5,"author":{"gitId":"SIONMATHEW"},"content":"/**","lastModifiedDate":"2026-01-30T13:29:27","isFullCredit":false},{"lineNumber":6,"author":{"gitId":"SIONMATHEW"},"content":" * kingsim.KingSIM is a simple chatbot that can add tasks, list tasks,","lastModifiedDate":"2026-02-13T14:28:42","isFullCredit":false},{"lineNumber":7,"author":{"gitId":"SIONMATHEW"},"content":" * and mark/unmark tasks as done.","lastModifiedDate":"2026-02-06T00:50:40","isFullCredit":false},{"lineNumber":8,"author":{"gitId":"SIONMATHEW"},"content":" */","lastModifiedDate":"2026-01-30T13:29:27","isFullCredit":false},{"lineNumber":9,"author":{"gitId":"SIONMATHEW"},"content":"public class KingSIM {","lastModifiedDate":"2026-01-28T11:40:46","isFullCredit":false},{"lineNumber":10,"author":{"gitId":"SIONMATHEW"},"content":"    private static final String LINE \u003d \"____________________________________________________________\";","lastModifiedDate":"2026-01-30T13:29:27","isFullCredit":false},{"lineNumber":11,"author":{"gitId":"SIONMATHEW"},"content":"    private static final int MAX_TASKS \u003d 100;","lastModifiedDate":"2026-01-30T13:29:27","isFullCredit":false},{"lineNumber":12,"author":{"gitId":"SIONMATHEW"},"content":"","lastModifiedDate":"2026-01-30T13:29:27","isFullCredit":false},{"lineNumber":13,"author":{"gitId":"SIONMATHEW"},"content":"    // Custom exception for input errors","lastModifiedDate":"2026-02-13T13:59:24","isFullCredit":false},{"lineNumber":14,"author":{"gitId":"SIONMATHEW"},"content":"    private static class KingSimException extends Exception {","lastModifiedDate":"2026-02-13T13:59:24","isFullCredit":false},{"lineNumber":15,"author":{"gitId":"SIONMATHEW"},"content":"        public KingSimException(String message) {","lastModifiedDate":"2026-02-13T13:59:24","isFullCredit":false},{"lineNumber":16,"author":{"gitId":"SIONMATHEW"},"content":"            super(message);","lastModifiedDate":"2026-02-13T13:59:24","isFullCredit":false},{"lineNumber":17,"author":{"gitId":"SIONMATHEW"},"content":"        }","lastModifiedDate":"2026-02-13T13:59:24","isFullCredit":false},{"lineNumber":18,"author":{"gitId":"SIONMATHEW"},"content":"    }","lastModifiedDate":"2026-02-13T13:59:24","isFullCredit":false},{"lineNumber":19,"author":{"gitId":"SIONMATHEW"},"content":"","lastModifiedDate":"2026-02-13T13:59:24","isFullCredit":false},{"lineNumber":20,"author":{"gitId":"SIONMATHEW"},"content":"    public static void main(String[] args) {","lastModifiedDate":"2026-01-28T11:40:46","isFullCredit":false},{"lineNumber":21,"author":{"gitId":"SIONMATHEW"},"content":"        printWelcome();","lastModifiedDate":"2026-02-06T00:50:40","isFullCredit":false},{"lineNumber":22,"author":{"gitId":"SIONMATHEW"},"content":"","lastModifiedDate":"2026-01-30T13:22:48","isFullCredit":false},{"lineNumber":23,"author":{"gitId":"SIONMATHEW"},"content":"        Scanner scanner \u003d new Scanner(System.in);","lastModifiedDate":"2026-01-30T13:29:27","isFullCredit":false},{"lineNumber":24,"author":{"gitId":"SIONMATHEW"},"content":"        Task[] tasks \u003d new Task[MAX_TASKS];","lastModifiedDate":"2026-01-30T13:29:27","isFullCredit":false},{"lineNumber":25,"author":{"gitId":"SIONMATHEW"},"content":"        int taskCount \u003d 0;","lastModifiedDate":"2026-01-30T13:22:48","isFullCredit":false},{"lineNumber":26,"author":{"gitId":"SIONMATHEW"},"content":"","lastModifiedDate":"2026-01-30T13:22:48","isFullCredit":false},{"lineNumber":27,"author":{"gitId":"SIONMATHEW"},"content":"        while (true) {","lastModifiedDate":"2026-01-30T13:01:52","isFullCredit":false},{"lineNumber":28,"author":{"gitId":"SIONMATHEW"},"content":"            String input \u003d scanner.nextLine().trim();","lastModifiedDate":"2026-01-30T13:29:27","isFullCredit":false},{"lineNumber":29,"author":{"gitId":"SIONMATHEW"},"content":"            try {","lastModifiedDate":"2026-02-13T13:59:24","isFullCredit":false},{"lineNumber":30,"author":{"gitId":"SIONMATHEW"},"content":"                if (input.isEmpty()) {","lastModifiedDate":"2026-02-13T13:59:24","isFullCredit":false},{"lineNumber":31,"author":{"gitId":"SIONMATHEW"},"content":"                    throw new KingSimException(\"No input received. Try: list, todo \u003ctask\u003e, deadline \u003ctask\u003e /by \u003cwhen\u003e\");","lastModifiedDate":"2026-02-13T13:59:24","isFullCredit":false},{"lineNumber":32,"author":{"gitId":"SIONMATHEW"},"content":"                }","lastModifiedDate":"2026-02-13T13:59:24","isFullCredit":false},{"lineNumber":33,"author":{"gitId":"SIONMATHEW"},"content":"","lastModifiedDate":"2026-02-13T13:59:24","isFullCredit":false},{"lineNumber":34,"author":{"gitId":"SIONMATHEW"},"content":"                String lower \u003d input.toLowerCase();","lastModifiedDate":"2026-02-06T00:50:40","isFullCredit":false},{"lineNumber":35,"author":{"gitId":"SIONMATHEW"},"content":"","lastModifiedDate":"2026-01-30T13:22:48","isFullCredit":false},{"lineNumber":36,"author":{"gitId":"SIONMATHEW"},"content":"                if (lower.equals(\"bye\")) {","lastModifiedDate":"2026-02-06T00:50:40","isFullCredit":false},{"lineNumber":37,"author":{"gitId":"SIONMATHEW"},"content":"                    printBye();","lastModifiedDate":"2026-01-30T13:29:27","isFullCredit":false},{"lineNumber":38,"author":{"gitId":"SIONMATHEW"},"content":"                    break;","lastModifiedDate":"2026-01-30T13:01:52","isFullCredit":false},{"lineNumber":39,"author":{"gitId":"SIONMATHEW"},"content":"                }","lastModifiedDate":"2026-01-30T13:01:52","isFullCredit":false},{"lineNumber":40,"author":{"gitId":"SIONMATHEW"},"content":"","lastModifiedDate":"2026-01-30T13:22:48","isFullCredit":false},{"lineNumber":41,"author":{"gitId":"SIONMATHEW"},"content":"                if (lower.equals(\"list\")) {","lastModifiedDate":"2026-02-06T00:50:40","isFullCredit":false},{"lineNumber":42,"author":{"gitId":"SIONMATHEW"},"content":"                    printList(tasks, taskCount);","lastModifiedDate":"2026-01-30T13:29:27","isFullCredit":false},{"lineNumber":43,"author":{"gitId":"SIONMATHEW"},"content":"                    continue;","lastModifiedDate":"2026-01-30T13:22:48","isFullCredit":false},{"lineNumber":44,"author":{"gitId":"SIONMATHEW"},"content":"                }","lastModifiedDate":"2026-01-30T13:12:00","isFullCredit":false},{"lineNumber":45,"author":{"gitId":"SIONMATHEW"},"content":"","lastModifiedDate":"2026-01-30T13:22:48","isFullCredit":false},{"lineNumber":46,"author":{"gitId":"SIONMATHEW"},"content":"                if (lower.equals(\"mark\") || lower.startsWith(\"mark \")) {","lastModifiedDate":"2026-02-13T13:59:24","isFullCredit":false},{"lineNumber":47,"author":{"gitId":"SIONMATHEW"},"content":"                    handleMarkUnmark(tasks, taskCount, input, true);","lastModifiedDate":"2026-02-06T00:50:40","isFullCredit":false},{"lineNumber":48,"author":{"gitId":"SIONMATHEW"},"content":"                    continue;","lastModifiedDate":"2026-01-30T13:29:27","isFullCredit":false},{"lineNumber":49,"author":{"gitId":"SIONMATHEW"},"content":"                }","lastModifiedDate":"2026-01-30T13:29:27","isFullCredit":false},{"lineNumber":50,"author":{"gitId":"SIONMATHEW"},"content":"","lastModifiedDate":"2026-01-30T13:29:27","isFullCredit":false},{"lineNumber":51,"author":{"gitId":"SIONMATHEW"},"content":"                if (lower.equals(\"unmark\") || lower.startsWith(\"unmark \")) {","lastModifiedDate":"2026-02-13T13:59:24","isFullCredit":false},{"lineNumber":52,"author":{"gitId":"SIONMATHEW"},"content":"                    handleMarkUnmark(tasks, taskCount, input, false);","lastModifiedDate":"2026-02-06T00:50:40","isFullCredit":false},{"lineNumber":53,"author":{"gitId":"SIONMATHEW"},"content":"                    continue;","lastModifiedDate":"2026-01-30T13:29:27","isFullCredit":false},{"lineNumber":54,"author":{"gitId":"SIONMATHEW"},"content":"                }","lastModifiedDate":"2026-01-30T13:29:27","isFullCredit":false},{"lineNumber":55,"author":{"gitId":"SIONMATHEW"},"content":"","lastModifiedDate":"2026-01-30T13:29:27","isFullCredit":false},{"lineNumber":56,"author":{"gitId":"SIONMATHEW"},"content":"                if (taskCount \u003e\u003d MAX_TASKS) {","lastModifiedDate":"2026-02-06T00:50:40","isFullCredit":false},{"lineNumber":57,"author":{"gitId":"SIONMATHEW"},"content":"                    throw new KingSimException(\"I’m full. I can only store up to \" + MAX_TASKS + \" tasks.\");","lastModifiedDate":"2026-02-13T13:59:24","isFullCredit":false},{"lineNumber":58,"author":{"gitId":"SIONMATHEW"},"content":"                }","lastModifiedDate":"2026-02-06T00:50:40","isFullCredit":false},{"lineNumber":59,"author":{"gitId":"SIONMATHEW"},"content":"","lastModifiedDate":"2026-02-06T00:50:40","isFullCredit":false},{"lineNumber":60,"author":{"gitId":"SIONMATHEW"},"content":"                Task newTask \u003d parseTask(input);","lastModifiedDate":"2026-02-06T00:50:40","isFullCredit":false},{"lineNumber":61,"author":{"gitId":"SIONMATHEW"},"content":"                tasks[taskCount] \u003d newTask;","lastModifiedDate":"2026-02-06T00:50:40","isFullCredit":false},{"lineNumber":62,"author":{"gitId":"SIONMATHEW"},"content":"                taskCount++;","lastModifiedDate":"2026-01-30T13:29:27","isFullCredit":false},{"lineNumber":63,"author":{"gitId":"SIONMATHEW"},"content":"","lastModifiedDate":"2026-01-30T13:22:48","isFullCredit":false},{"lineNumber":64,"author":{"gitId":"SIONMATHEW"},"content":"                printAddTaskMessage(newTask, taskCount);","lastModifiedDate":"2026-02-06T00:50:40","isFullCredit":false},{"lineNumber":65,"author":{"gitId":"SIONMATHEW"},"content":"","lastModifiedDate":"2026-02-13T13:59:24","isFullCredit":false},{"lineNumber":66,"author":{"gitId":"SIONMATHEW"},"content":"            } catch (KingSimException e) {","lastModifiedDate":"2026-02-13T13:59:24","isFullCredit":false},{"lineNumber":67,"author":{"gitId":"SIONMATHEW"},"content":"                printError(e.getMessage());","lastModifiedDate":"2026-02-13T13:59:24","isFullCredit":false},{"lineNumber":68,"author":{"gitId":"SIONMATHEW"},"content":"            } catch (Exception e) {","lastModifiedDate":"2026-02-13T13:59:24","isFullCredit":false},{"lineNumber":69,"author":{"gitId":"SIONMATHEW"},"content":"                // Safety net: app should never crash due to unexpected input","lastModifiedDate":"2026-02-13T13:59:24","isFullCredit":false},{"lineNumber":70,"author":{"gitId":"SIONMATHEW"},"content":"                printError(\"Oops—something went wrong. Try again?\");","lastModifiedDate":"2026-02-13T13:59:24","isFullCredit":false},{"lineNumber":71,"author":{"gitId":"SIONMATHEW"},"content":"            }","lastModifiedDate":"2026-02-13T13:59:24","isFullCredit":false},{"lineNumber":72,"author":{"gitId":"SIONMATHEW"},"content":"        }","lastModifiedDate":"2026-01-30T13:22:48","isFullCredit":false},{"lineNumber":73,"author":{"gitId":"SIONMATHEW"},"content":"","lastModifiedDate":"2026-01-30T13:22:48","isFullCredit":false},{"lineNumber":74,"author":{"gitId":"SIONMATHEW"},"content":"        scanner.close();","lastModifiedDate":"2026-01-30T13:29:27","isFullCredit":false},{"lineNumber":75,"author":{"gitId":"SIONMATHEW"},"content":"    }","lastModifiedDate":"2026-01-30T13:29:27","isFullCredit":false},{"lineNumber":76,"author":{"gitId":"SIONMATHEW"},"content":"","lastModifiedDate":"2026-01-30T13:22:48","isFullCredit":false},{"lineNumber":77,"author":{"gitId":"SIONMATHEW"},"content":"    private static void printWelcome() {","lastModifiedDate":"2026-02-06T00:50:40","isFullCredit":false},{"lineNumber":78,"author":{"gitId":"SIONMATHEW"},"content":"        System.out.println(LINE);","lastModifiedDate":"2026-02-06T00:50:40","isFullCredit":false},{"lineNumber":79,"author":{"gitId":"SIONMATHEW"},"content":"        System.out.println(\"Hello! I\u0027m kingsim.KingSIM\");","lastModifiedDate":"2026-02-13T14:28:42","isFullCredit":false},{"lineNumber":80,"author":{"gitId":"SIONMATHEW"},"content":"        System.out.println(\"What can I do for you?\");","lastModifiedDate":"2026-02-06T00:50:40","isFullCredit":false},{"lineNumber":81,"author":{"gitId":"SIONMATHEW"},"content":"        System.out.println(LINE);","lastModifiedDate":"2026-02-06T00:50:40","isFullCredit":false},{"lineNumber":82,"author":{"gitId":"SIONMATHEW"},"content":"    }","lastModifiedDate":"2026-02-06T00:50:40","isFullCredit":false},{"lineNumber":83,"author":{"gitId":"SIONMATHEW"},"content":"","lastModifiedDate":"2026-02-06T00:50:40","isFullCredit":false},{"lineNumber":84,"author":{"gitId":"SIONMATHEW"},"content":"    private static void printBye() {","lastModifiedDate":"2026-01-30T13:29:27","isFullCredit":false},{"lineNumber":85,"author":{"gitId":"SIONMATHEW"},"content":"        System.out.println(LINE);","lastModifiedDate":"2026-01-30T13:22:48","isFullCredit":false},{"lineNumber":86,"author":{"gitId":"SIONMATHEW"},"content":"        System.out.println(\"Bye. Hope to see you again soon!\");","lastModifiedDate":"2026-01-30T13:29:27","isFullCredit":false},{"lineNumber":87,"author":{"gitId":"SIONMATHEW"},"content":"        System.out.println(LINE);","lastModifiedDate":"2026-01-30T13:22:48","isFullCredit":false},{"lineNumber":88,"author":{"gitId":"SIONMATHEW"},"content":"    }","lastModifiedDate":"2026-01-30T13:12:00","isFullCredit":false},{"lineNumber":89,"author":{"gitId":"SIONMATHEW"},"content":"","lastModifiedDate":"2026-01-30T13:12:00","isFullCredit":false},{"lineNumber":90,"author":{"gitId":"SIONMATHEW"},"content":"    private static void printError(String message) {","lastModifiedDate":"2026-02-06T00:50:40","isFullCredit":false},{"lineNumber":91,"author":{"gitId":"SIONMATHEW"},"content":"        System.out.println(LINE);","lastModifiedDate":"2026-02-06T00:50:40","isFullCredit":false},{"lineNumber":92,"author":{"gitId":"SIONMATHEW"},"content":"        System.out.println(message);","lastModifiedDate":"2026-02-06T00:50:40","isFullCredit":false},{"lineNumber":93,"author":{"gitId":"SIONMATHEW"},"content":"        System.out.println(LINE);","lastModifiedDate":"2026-02-06T00:50:40","isFullCredit":false},{"lineNumber":94,"author":{"gitId":"SIONMATHEW"},"content":"    }","lastModifiedDate":"2026-02-06T00:50:40","isFullCredit":false},{"lineNumber":95,"author":{"gitId":"SIONMATHEW"},"content":"","lastModifiedDate":"2026-02-06T00:50:40","isFullCredit":false},{"lineNumber":96,"author":{"gitId":"SIONMATHEW"},"content":"    private static void printAddTaskMessage(Task task, int taskCount) {","lastModifiedDate":"2026-02-06T00:50:40","isFullCredit":false},{"lineNumber":97,"author":{"gitId":"SIONMATHEW"},"content":"        System.out.println(LINE);","lastModifiedDate":"2026-02-06T00:50:40","isFullCredit":false},{"lineNumber":98,"author":{"gitId":"SIONMATHEW"},"content":"        System.out.println(\"Got it. I\u0027ve added this task:\");","lastModifiedDate":"2026-02-06T00:50:40","isFullCredit":false},{"lineNumber":99,"author":{"gitId":"SIONMATHEW"},"content":"        System.out.println(\"  \" + task);","lastModifiedDate":"2026-02-06T00:50:40","isFullCredit":false},{"lineNumber":100,"author":{"gitId":"SIONMATHEW"},"content":"        System.out.println(\"Now you have \" + taskCount + \" tasks in the list.\");","lastModifiedDate":"2026-02-06T00:50:40","isFullCredit":false},{"lineNumber":101,"author":{"gitId":"SIONMATHEW"},"content":"        System.out.println(LINE);","lastModifiedDate":"2026-02-06T00:50:40","isFullCredit":false},{"lineNumber":102,"author":{"gitId":"SIONMATHEW"},"content":"    }","lastModifiedDate":"2026-02-06T00:50:40","isFullCredit":false},{"lineNumber":103,"author":{"gitId":"SIONMATHEW"},"content":"","lastModifiedDate":"2026-02-06T00:50:40","isFullCredit":false},{"lineNumber":104,"author":{"gitId":"SIONMATHEW"},"content":"    private static void printList(Task[] tasks, int taskCount) {","lastModifiedDate":"2026-01-30T13:29:27","isFullCredit":false},{"lineNumber":105,"author":{"gitId":"SIONMATHEW"},"content":"        System.out.println(LINE);","lastModifiedDate":"2026-01-30T13:22:48","isFullCredit":false},{"lineNumber":106,"author":{"gitId":"SIONMATHEW"},"content":"","lastModifiedDate":"2026-02-13T13:59:24","isFullCredit":false},{"lineNumber":107,"author":{"gitId":"SIONMATHEW"},"content":"        if (taskCount \u003d\u003d 0) {","lastModifiedDate":"2026-02-13T13:59:24","isFullCredit":false},{"lineNumber":108,"author":{"gitId":"SIONMATHEW"},"content":"            System.out.println(\"Your list is empty for now.\");","lastModifiedDate":"2026-02-13T13:59:24","isFullCredit":false},{"lineNumber":109,"author":{"gitId":"SIONMATHEW"},"content":"            System.out.println(\"Add one with: todo \u003ctask\u003e\");","lastModifiedDate":"2026-02-13T13:59:24","isFullCredit":false},{"lineNumber":110,"author":{"gitId":"SIONMATHEW"},"content":"            System.out.println(LINE);","lastModifiedDate":"2026-02-13T13:59:24","isFullCredit":false},{"lineNumber":111,"author":{"gitId":"SIONMATHEW"},"content":"            return;","lastModifiedDate":"2026-02-13T13:59:24","isFullCredit":false},{"lineNumber":112,"author":{"gitId":"SIONMATHEW"},"content":"        }","lastModifiedDate":"2026-02-13T13:59:24","isFullCredit":false},{"lineNumber":113,"author":{"gitId":"SIONMATHEW"},"content":"","lastModifiedDate":"2026-02-13T13:59:24","isFullCredit":false},{"lineNumber":114,"author":{"gitId":"SIONMATHEW"},"content":"        System.out.println(\"Here are the tasks in your list:\");","lastModifiedDate":"2026-01-30T13:29:27","isFullCredit":false},{"lineNumber":115,"author":{"gitId":"SIONMATHEW"},"content":"        for (int i \u003d 0; i \u003c taskCount; i++) {","lastModifiedDate":"2026-01-30T13:29:27","isFullCredit":false},{"lineNumber":116,"author":{"gitId":"SIONMATHEW"},"content":"            System.out.println((i + 1) + \". \" + tasks[i]);","lastModifiedDate":"2026-01-30T13:29:27","isFullCredit":false},{"lineNumber":117,"author":{"gitId":"SIONMATHEW"},"content":"        }","lastModifiedDate":"2026-01-30T13:29:27","isFullCredit":false},{"lineNumber":118,"author":{"gitId":"SIONMATHEW"},"content":"        System.out.println(LINE);","lastModifiedDate":"2026-01-30T13:22:48","isFullCredit":false},{"lineNumber":119,"author":{"gitId":"SIONMATHEW"},"content":"    }","lastModifiedDate":"2026-01-30T13:01:52","isFullCredit":false},{"lineNumber":120,"author":{"gitId":"SIONMATHEW"},"content":"","lastModifiedDate":"2026-01-30T13:29:27","isFullCredit":false},{"lineNumber":121,"author":{"gitId":"SIONMATHEW"},"content":"    private static void handleMarkUnmark(Task[] tasks, int taskCount, String input, boolean isMark)","lastModifiedDate":"2026-02-13T13:59:24","isFullCredit":false},{"lineNumber":122,"author":{"gitId":"SIONMATHEW"},"content":"            throws KingSimException {","lastModifiedDate":"2026-02-13T13:59:24","isFullCredit":false},{"lineNumber":123,"author":{"gitId":"SIONMATHEW"},"content":"        String command \u003d isMark ? \"mark\" : \"unmark\";","lastModifiedDate":"2026-02-06T00:50:40","isFullCredit":false},{"lineNumber":124,"author":{"gitId":"SIONMATHEW"},"content":"        String numberPart \u003d input.substring(command.length()).trim();","lastModifiedDate":"2026-02-06T00:50:40","isFullCredit":false},{"lineNumber":125,"author":{"gitId":"SIONMATHEW"},"content":"","lastModifiedDate":"2026-02-06T00:50:40","isFullCredit":false},{"lineNumber":126,"author":{"gitId":"SIONMATHEW"},"content":"        if (numberPart.isEmpty()) {","lastModifiedDate":"2026-02-13T13:59:24","isFullCredit":false},{"lineNumber":127,"author":{"gitId":"SIONMATHEW"},"content":"            throw new KingSimException(\"Which task number? Try: \" + command + \" 1\");","lastModifiedDate":"2026-02-13T13:59:24","isFullCredit":false},{"lineNumber":128,"author":{"gitId":"SIONMATHEW"},"content":"        }","lastModifiedDate":"2026-02-13T13:59:24","isFullCredit":false},{"lineNumber":129,"author":{"gitId":"SIONMATHEW"},"content":"","lastModifiedDate":"2026-02-13T13:59:24","isFullCredit":false},{"lineNumber":130,"author":{"gitId":"SIONMATHEW"},"content":"        int index;","lastModifiedDate":"2026-02-06T00:50:40","isFullCredit":false},{"lineNumber":131,"author":{"gitId":"SIONMATHEW"},"content":"        try {","lastModifiedDate":"2026-02-06T00:50:40","isFullCredit":false},{"lineNumber":132,"author":{"gitId":"SIONMATHEW"},"content":"            index \u003d Integer.parseInt(numberPart) - 1;","lastModifiedDate":"2026-02-06T00:50:40","isFullCredit":false},{"lineNumber":133,"author":{"gitId":"SIONMATHEW"},"content":"        } catch (NumberFormatException e) {","lastModifiedDate":"2026-02-06T00:50:40","isFullCredit":false},{"lineNumber":134,"author":{"gitId":"SIONMATHEW"},"content":"            throw new KingSimException(\"That doesn’t look like a number. Try: \" + command + \" 1\");","lastModifiedDate":"2026-02-13T13:59:24","isFullCredit":false},{"lineNumber":135,"author":{"gitId":"SIONMATHEW"},"content":"        }","lastModifiedDate":"2026-02-06T00:50:40","isFullCredit":false},{"lineNumber":136,"author":{"gitId":"SIONMATHEW"},"content":"","lastModifiedDate":"2026-02-06T00:50:40","isFullCredit":false},{"lineNumber":137,"author":{"gitId":"SIONMATHEW"},"content":"        if (index \u003c 0 || index \u003e\u003d taskCount) {","lastModifiedDate":"2026-02-06T00:50:40","isFullCredit":false},{"lineNumber":138,"author":{"gitId":"SIONMATHEW"},"content":"            throw new KingSimException(\"That task number doesn’t exist yet.\");","lastModifiedDate":"2026-02-13T13:59:24","isFullCredit":false},{"lineNumber":139,"author":{"gitId":"SIONMATHEW"},"content":"        }","lastModifiedDate":"2026-02-06T00:50:40","isFullCredit":false},{"lineNumber":140,"author":{"gitId":"SIONMATHEW"},"content":"","lastModifiedDate":"2026-02-06T00:50:40","isFullCredit":false},{"lineNumber":141,"author":{"gitId":"SIONMATHEW"},"content":"        if (isMark) {","lastModifiedDate":"2026-02-06T00:50:40","isFullCredit":false},{"lineNumber":142,"author":{"gitId":"SIONMATHEW"},"content":"            tasks[index].markDone();","lastModifiedDate":"2026-02-06T00:50:40","isFullCredit":false},{"lineNumber":143,"author":{"gitId":"SIONMATHEW"},"content":"            printMarkMessage(\"Nice! I\u0027ve marked this task as done:\", tasks[index]);","lastModifiedDate":"2026-02-06T00:50:40","isFullCredit":false},{"lineNumber":144,"author":{"gitId":"SIONMATHEW"},"content":"        } else {","lastModifiedDate":"2026-02-06T00:50:40","isFullCredit":false},{"lineNumber":145,"author":{"gitId":"SIONMATHEW"},"content":"            tasks[index].unmarkDone();","lastModifiedDate":"2026-02-06T00:50:40","isFullCredit":false},{"lineNumber":146,"author":{"gitId":"SIONMATHEW"},"content":"            printMarkMessage(\"Alright, I\u0027ve marked this task as not done yet:\", tasks[index]);","lastModifiedDate":"2026-02-13T13:59:24","isFullCredit":false},{"lineNumber":147,"author":{"gitId":"SIONMATHEW"},"content":"        }","lastModifiedDate":"2026-02-06T00:50:40","isFullCredit":false},{"lineNumber":148,"author":{"gitId":"SIONMATHEW"},"content":"    }","lastModifiedDate":"2026-02-06T00:50:40","isFullCredit":false},{"lineNumber":149,"author":{"gitId":"SIONMATHEW"},"content":"","lastModifiedDate":"2026-02-06T00:50:40","isFullCredit":false},{"lineNumber":150,"author":{"gitId":"SIONMATHEW"},"content":"    private static void printMarkMessage(String message, Task task) {","lastModifiedDate":"2026-01-30T13:29:27","isFullCredit":false},{"lineNumber":151,"author":{"gitId":"SIONMATHEW"},"content":"        System.out.println(LINE);","lastModifiedDate":"2026-01-30T13:29:27","isFullCredit":false},{"lineNumber":152,"author":{"gitId":"SIONMATHEW"},"content":"        System.out.println(message);","lastModifiedDate":"2026-01-30T13:29:27","isFullCredit":false},{"lineNumber":153,"author":{"gitId":"SIONMATHEW"},"content":"        System.out.println(\"  \" + task);","lastModifiedDate":"2026-01-30T13:29:27","isFullCredit":false},{"lineNumber":154,"author":{"gitId":"SIONMATHEW"},"content":"        System.out.println(LINE);","lastModifiedDate":"2026-01-30T13:29:27","isFullCredit":false},{"lineNumber":155,"author":{"gitId":"SIONMATHEW"},"content":"    }","lastModifiedDate":"2026-01-28T11:40:46","isFullCredit":false},{"lineNumber":156,"author":{"gitId":"SIONMATHEW"},"content":"","lastModifiedDate":"2026-02-06T00:50:40","isFullCredit":false},{"lineNumber":157,"author":{"gitId":"SIONMATHEW"},"content":"    /**","lastModifiedDate":"2026-02-06T00:50:40","isFullCredit":false},{"lineNumber":158,"author":{"gitId":"SIONMATHEW"},"content":"     * Parses user input into a kingsim.Task (kingsim.Todo/kingsim.Deadline/kingsim.Event).","lastModifiedDate":"2026-02-13T14:28:42","isFullCredit":false},{"lineNumber":159,"author":{"gitId":"SIONMATHEW"},"content":"     * Throws KingSimException if the input is invalid.","lastModifiedDate":"2026-02-13T13:59:24","isFullCredit":false},{"lineNumber":160,"author":{"gitId":"SIONMATHEW"},"content":"     */","lastModifiedDate":"2026-02-06T00:50:40","isFullCredit":false},{"lineNumber":161,"author":{"gitId":"SIONMATHEW"},"content":"    private static Task parseTask(String input) throws KingSimException {","lastModifiedDate":"2026-02-13T13:59:24","isFullCredit":false},{"lineNumber":162,"author":{"gitId":"SIONMATHEW"},"content":"        String lower \u003d input.toLowerCase();","lastModifiedDate":"2026-02-06T00:50:40","isFullCredit":false},{"lineNumber":163,"author":{"gitId":"SIONMATHEW"},"content":"","lastModifiedDate":"2026-02-06T00:50:40","isFullCredit":false},{"lineNumber":164,"author":{"gitId":"SIONMATHEW"},"content":"        if (lower.equals(\"todo\") || lower.startsWith(\"todo \")) {","lastModifiedDate":"2026-02-13T13:59:24","isFullCredit":false},{"lineNumber":165,"author":{"gitId":"SIONMATHEW"},"content":"            String desc \u003d input.length() \u003e 4 ? input.substring(4).trim() : \"\";","lastModifiedDate":"2026-02-13T13:59:24","isFullCredit":false},{"lineNumber":166,"author":{"gitId":"SIONMATHEW"},"content":"            if (desc.isEmpty()) {","lastModifiedDate":"2026-02-06T00:50:40","isFullCredit":false},{"lineNumber":167,"author":{"gitId":"SIONMATHEW"},"content":"                throw new KingSimException(\"Your todo needs a description. Try: todo buy milk\");","lastModifiedDate":"2026-02-13T13:59:24","isFullCredit":false},{"lineNumber":168,"author":{"gitId":"SIONMATHEW"},"content":"            }","lastModifiedDate":"2026-02-06T00:50:40","isFullCredit":false},{"lineNumber":169,"author":{"gitId":"SIONMATHEW"},"content":"            return new Todo(desc);","lastModifiedDate":"2026-02-06T00:50:40","isFullCredit":false},{"lineNumber":170,"author":{"gitId":"SIONMATHEW"},"content":"        }","lastModifiedDate":"2026-02-06T00:50:40","isFullCredit":false},{"lineNumber":171,"author":{"gitId":"SIONMATHEW"},"content":"","lastModifiedDate":"2026-02-06T00:50:40","isFullCredit":false},{"lineNumber":172,"author":{"gitId":"SIONMATHEW"},"content":"        if (lower.equals(\"deadline\") || lower.startsWith(\"deadline \")) {","lastModifiedDate":"2026-02-13T13:59:24","isFullCredit":false},{"lineNumber":173,"author":{"gitId":"SIONMATHEW"},"content":"            String rest \u003d input.length() \u003e 8 ? input.substring(8).trim() : \"\";","lastModifiedDate":"2026-02-13T13:59:24","isFullCredit":false},{"lineNumber":174,"author":{"gitId":"SIONMATHEW"},"content":"            if (rest.isEmpty()) {","lastModifiedDate":"2026-02-13T13:59:24","isFullCredit":false},{"lineNumber":175,"author":{"gitId":"SIONMATHEW"},"content":"                throw new KingSimException(\"A deadline needs details. Try: deadline return book /by Sunday\");","lastModifiedDate":"2026-02-13T13:59:24","isFullCredit":false},{"lineNumber":176,"author":{"gitId":"SIONMATHEW"},"content":"            }","lastModifiedDate":"2026-02-13T13:59:24","isFullCredit":false},{"lineNumber":177,"author":{"gitId":"SIONMATHEW"},"content":"","lastModifiedDate":"2026-02-13T13:59:24","isFullCredit":false},{"lineNumber":178,"author":{"gitId":"SIONMATHEW"},"content":"            String[] parts \u003d rest.split(\" /by \", 2);","lastModifiedDate":"2026-02-06T00:50:40","isFullCredit":false},{"lineNumber":179,"author":{"gitId":"SIONMATHEW"},"content":"            if (parts.length \u003c 2) {","lastModifiedDate":"2026-02-06T00:50:40","isFullCredit":false},{"lineNumber":180,"author":{"gitId":"SIONMATHEW"},"content":"                throw new KingSimException(\"Missing /by. Format: deadline \u003ctask\u003e /by \u003cwhen\u003e\");","lastModifiedDate":"2026-02-13T13:59:24","isFullCredit":false},{"lineNumber":181,"author":{"gitId":"SIONMATHEW"},"content":"            }","lastModifiedDate":"2026-02-06T00:50:40","isFullCredit":false},{"lineNumber":182,"author":{"gitId":"SIONMATHEW"},"content":"","lastModifiedDate":"2026-02-06T00:50:40","isFullCredit":false},{"lineNumber":183,"author":{"gitId":"SIONMATHEW"},"content":"            String desc \u003d parts[0].trim();","lastModifiedDate":"2026-02-06T00:50:40","isFullCredit":false},{"lineNumber":184,"author":{"gitId":"SIONMATHEW"},"content":"            String by \u003d parts[1].trim();","lastModifiedDate":"2026-02-06T00:50:40","isFullCredit":false},{"lineNumber":185,"author":{"gitId":"SIONMATHEW"},"content":"","lastModifiedDate":"2026-02-06T00:50:40","isFullCredit":false},{"lineNumber":186,"author":{"gitId":"SIONMATHEW"},"content":"            if (desc.isEmpty()) {","lastModifiedDate":"2026-02-06T00:50:40","isFullCredit":false},{"lineNumber":187,"author":{"gitId":"SIONMATHEW"},"content":"                throw new KingSimException(\"kingsim.Deadline description can\u0027t be empty.\");","lastModifiedDate":"2026-02-13T14:28:42","isFullCredit":false},{"lineNumber":188,"author":{"gitId":"SIONMATHEW"},"content":"            }","lastModifiedDate":"2026-02-06T00:50:40","isFullCredit":false},{"lineNumber":189,"author":{"gitId":"SIONMATHEW"},"content":"            if (by.isEmpty()) {","lastModifiedDate":"2026-02-06T00:50:40","isFullCredit":false},{"lineNumber":190,"author":{"gitId":"SIONMATHEW"},"content":"                throw new KingSimException(\"Please add the due date after /by.\");","lastModifiedDate":"2026-02-13T13:59:24","isFullCredit":false},{"lineNumber":191,"author":{"gitId":"SIONMATHEW"},"content":"            }","lastModifiedDate":"2026-02-06T00:50:40","isFullCredit":false},{"lineNumber":192,"author":{"gitId":"SIONMATHEW"},"content":"","lastModifiedDate":"2026-02-06T00:50:40","isFullCredit":false},{"lineNumber":193,"author":{"gitId":"SIONMATHEW"},"content":"            return new Deadline(desc, by);","lastModifiedDate":"2026-02-06T00:50:40","isFullCredit":false},{"lineNumber":194,"author":{"gitId":"SIONMATHEW"},"content":"        }","lastModifiedDate":"2026-02-06T00:50:40","isFullCredit":false},{"lineNumber":195,"author":{"gitId":"SIONMATHEW"},"content":"","lastModifiedDate":"2026-02-06T00:50:40","isFullCredit":false},{"lineNumber":196,"author":{"gitId":"SIONMATHEW"},"content":"        if (lower.equals(\"event\") || lower.startsWith(\"event \")) {","lastModifiedDate":"2026-02-13T13:59:24","isFullCredit":false},{"lineNumber":197,"author":{"gitId":"SIONMATHEW"},"content":"            String rest \u003d input.length() \u003e 5 ? input.substring(5).trim() : \"\";","lastModifiedDate":"2026-02-13T13:59:24","isFullCredit":false},{"lineNumber":198,"author":{"gitId":"SIONMATHEW"},"content":"            if (rest.isEmpty()) {","lastModifiedDate":"2026-02-13T13:59:24","isFullCredit":false},{"lineNumber":199,"author":{"gitId":"SIONMATHEW"},"content":"                throw new KingSimException(\"An event needs details. Try: event meeting /from 2pm /to 4pm\");","lastModifiedDate":"2026-02-13T13:59:24","isFullCredit":false},{"lineNumber":200,"author":{"gitId":"SIONMATHEW"},"content":"            }","lastModifiedDate":"2026-02-13T13:59:24","isFullCredit":false},{"lineNumber":201,"author":{"gitId":"SIONMATHEW"},"content":"","lastModifiedDate":"2026-02-06T00:50:40","isFullCredit":false},{"lineNumber":202,"author":{"gitId":"SIONMATHEW"},"content":"            int fromPos \u003d rest.indexOf(\" /from \");","lastModifiedDate":"2026-02-06T00:50:40","isFullCredit":false},{"lineNumber":203,"author":{"gitId":"SIONMATHEW"},"content":"            int toPos \u003d rest.indexOf(\" /to \");","lastModifiedDate":"2026-02-06T00:50:40","isFullCredit":false},{"lineNumber":204,"author":{"gitId":"SIONMATHEW"},"content":"","lastModifiedDate":"2026-02-06T00:50:40","isFullCredit":false},{"lineNumber":205,"author":{"gitId":"SIONMATHEW"},"content":"            // Minimal safety guard to prevent unexpected substring errors (e.g., \"/from /to ...\")","lastModifiedDate":"2026-02-13T13:59:24","isFullCredit":false},{"lineNumber":206,"author":{"gitId":"SIONMATHEW"},"content":"            if (fromPos \u003d\u003d -1 || toPos \u003d\u003d -1 || toPos \u003c fromPos + 7) {","lastModifiedDate":"2026-02-13T13:59:24","isFullCredit":false},{"lineNumber":207,"author":{"gitId":"SIONMATHEW"},"content":"                throw new KingSimException(\"Format: event \u003cname\u003e /from \u003cstart\u003e /to \u003cend\u003e\");","lastModifiedDate":"2026-02-13T13:59:24","isFullCredit":false},{"lineNumber":208,"author":{"gitId":"SIONMATHEW"},"content":"            }","lastModifiedDate":"2026-02-06T00:50:40","isFullCredit":false},{"lineNumber":209,"author":{"gitId":"SIONMATHEW"},"content":"","lastModifiedDate":"2026-02-06T00:50:40","isFullCredit":false},{"lineNumber":210,"author":{"gitId":"SIONMATHEW"},"content":"            String desc \u003d rest.substring(0, fromPos).trim();","lastModifiedDate":"2026-02-06T00:50:40","isFullCredit":false},{"lineNumber":211,"author":{"gitId":"SIONMATHEW"},"content":"            String from \u003d rest.substring(fromPos + 7, toPos).trim();","lastModifiedDate":"2026-02-13T13:59:24","isFullCredit":false},{"lineNumber":212,"author":{"gitId":"SIONMATHEW"},"content":"            String to \u003d rest.substring(toPos + 5).trim();","lastModifiedDate":"2026-02-13T13:59:24","isFullCredit":false},{"lineNumber":213,"author":{"gitId":"SIONMATHEW"},"content":"","lastModifiedDate":"2026-02-06T00:50:40","isFullCredit":false},{"lineNumber":214,"author":{"gitId":"SIONMATHEW"},"content":"            if (desc.isEmpty()) {","lastModifiedDate":"2026-02-06T00:50:40","isFullCredit":false},{"lineNumber":215,"author":{"gitId":"SIONMATHEW"},"content":"                throw new KingSimException(\"kingsim.Event name can\u0027t be empty.\");","lastModifiedDate":"2026-02-13T14:28:42","isFullCredit":false},{"lineNumber":216,"author":{"gitId":"SIONMATHEW"},"content":"            }","lastModifiedDate":"2026-02-13T13:59:24","isFullCredit":false},{"lineNumber":217,"author":{"gitId":"SIONMATHEW"},"content":"            if (from.isEmpty()) {","lastModifiedDate":"2026-02-13T13:59:24","isFullCredit":false},{"lineNumber":218,"author":{"gitId":"SIONMATHEW"},"content":"                throw new KingSimException(\"Please include a start time after /from.\");","lastModifiedDate":"2026-02-13T13:59:24","isFullCredit":false},{"lineNumber":219,"author":{"gitId":"SIONMATHEW"},"content":"            }","lastModifiedDate":"2026-02-06T00:50:40","isFullCredit":false},{"lineNumber":220,"author":{"gitId":"SIONMATHEW"},"content":"            if (to.isEmpty()) {","lastModifiedDate":"2026-02-13T13:59:24","isFullCredit":false},{"lineNumber":221,"author":{"gitId":"SIONMATHEW"},"content":"                throw new KingSimException(\"Please include an end time after /to.\");","lastModifiedDate":"2026-02-13T13:59:24","isFullCredit":false},{"lineNumber":222,"author":{"gitId":"SIONMATHEW"},"content":"            }","lastModifiedDate":"2026-02-06T00:50:40","isFullCredit":false},{"lineNumber":223,"author":{"gitId":"SIONMATHEW"},"content":"","lastModifiedDate":"2026-02-06T00:50:40","isFullCredit":false},{"lineNumber":224,"author":{"gitId":"SIONMATHEW"},"content":"            return new Event(desc, from, to);","lastModifiedDate":"2026-02-06T00:50:40","isFullCredit":false},{"lineNumber":225,"author":{"gitId":"SIONMATHEW"},"content":"        }","lastModifiedDate":"2026-02-06T00:50:40","isFullCredit":false},{"lineNumber":226,"author":{"gitId":"SIONMATHEW"},"content":"","lastModifiedDate":"2026-02-06T00:50:40","isFullCredit":false},{"lineNumber":227,"author":{"gitId":"SIONMATHEW"},"content":"        throw new KingSimException(\"Sorry, I don’t know that command. Try: list, todo, deadline, event, mark, unmark, bye\");","lastModifiedDate":"2026-02-13T13:59:24","isFullCredit":false},{"lineNumber":228,"author":{"gitId":"SIONMATHEW"},"content":"    }","lastModifiedDate":"2026-02-06T00:50:40","isFullCredit":false},{"lineNumber":229,"author":{"gitId":"SIONMATHEW"},"content":"}","lastModifiedDate":"2026-01-28T11:40:46","isFullCredit":false}],"authorContributionMap":{"SIONMATHEW":229}},{"path":"src/main/java/kingsim/Task.java","fileType":"java","lines":[{"lineNumber":1,"author":{"gitId":"SIONMATHEW"},"content":"package kingsim;","lastModifiedDate":"2026-02-13T14:28:42","isFullCredit":false},{"lineNumber":2,"author":{"gitId":"SIONMATHEW"},"content":"","lastModifiedDate":"2026-01-30T13:33:59","isFullCredit":false},{"lineNumber":3,"author":{"gitId":"SIONMATHEW"},"content":"/**","lastModifiedDate":"2026-01-30T13:33:59","isFullCredit":false},{"lineNumber":4,"author":{"gitId":"SIONMATHEW"},"content":" * Represents a task with a description and a done/not-done status.","lastModifiedDate":"2026-01-30T13:33:59","isFullCredit":false},{"lineNumber":5,"author":{"gitId":"SIONMATHEW"},"content":" */","lastModifiedDate":"2026-01-30T13:33:59","isFullCredit":false},{"lineNumber":6,"author":{"gitId":"SIONMATHEW"},"content":"public class Task {","lastModifiedDate":"2026-01-30T13:22:48","isFullCredit":false},{"lineNumber":7,"author":{"gitId":"SIONMATHEW"},"content":"    private final String description;","lastModifiedDate":"2026-01-30T13:29:27","isFullCredit":false},{"lineNumber":8,"author":{"gitId":"SIONMATHEW"},"content":"    private boolean isDone;","lastModifiedDate":"2026-01-30T13:22:48","isFullCredit":false},{"lineNumber":9,"author":{"gitId":"SIONMATHEW"},"content":"","lastModifiedDate":"2026-01-30T13:22:48","isFullCredit":false},{"lineNumber":10,"author":{"gitId":"SIONMATHEW"},"content":"    public Task(String description) {","lastModifiedDate":"2026-01-30T13:22:48","isFullCredit":false},{"lineNumber":11,"author":{"gitId":"SIONMATHEW"},"content":"        this.description \u003d description;","lastModifiedDate":"2026-01-30T13:22:48","isFullCredit":false},{"lineNumber":12,"author":{"gitId":"SIONMATHEW"},"content":"        this.isDone \u003d false;","lastModifiedDate":"2026-01-30T13:22:48","isFullCredit":false},{"lineNumber":13,"author":{"gitId":"SIONMATHEW"},"content":"    }","lastModifiedDate":"2026-01-30T13:22:48","isFullCredit":false},{"lineNumber":14,"author":{"gitId":"SIONMATHEW"},"content":"","lastModifiedDate":"2026-01-30T13:22:48","isFullCredit":false},{"lineNumber":15,"author":{"gitId":"SIONMATHEW"},"content":"    public void markDone() {","lastModifiedDate":"2026-01-30T13:22:48","isFullCredit":false},{"lineNumber":16,"author":{"gitId":"SIONMATHEW"},"content":"        isDone \u003d true;","lastModifiedDate":"2026-01-30T13:22:48","isFullCredit":false},{"lineNumber":17,"author":{"gitId":"SIONMATHEW"},"content":"    }","lastModifiedDate":"2026-01-30T13:22:48","isFullCredit":false},{"lineNumber":18,"author":{"gitId":"SIONMATHEW"},"content":"","lastModifiedDate":"2026-01-30T13:22:48","isFullCredit":false},{"lineNumber":19,"author":{"gitId":"SIONMATHEW"},"content":"    public void unmarkDone() {","lastModifiedDate":"2026-01-30T13:22:48","isFullCredit":false},{"lineNumber":20,"author":{"gitId":"SIONMATHEW"},"content":"        isDone \u003d false;","lastModifiedDate":"2026-01-30T13:22:48","isFullCredit":false},{"lineNumber":21,"author":{"gitId":"SIONMATHEW"},"content":"    }","lastModifiedDate":"2026-01-30T13:22:48","isFullCredit":false},{"lineNumber":22,"author":{"gitId":"SIONMATHEW"},"content":"","lastModifiedDate":"2026-01-30T13:22:48","isFullCredit":false},{"lineNumber":23,"author":{"gitId":"SIONMATHEW"},"content":"    private String getStatusIcon() {","lastModifiedDate":"2026-01-30T13:29:27","isFullCredit":false},{"lineNumber":24,"author":{"gitId":"SIONMATHEW"},"content":"        return isDone ? \"X\" : \" \";","lastModifiedDate":"2026-01-30T13:22:48","isFullCredit":false},{"lineNumber":25,"author":{"gitId":"SIONMATHEW"},"content":"    }","lastModifiedDate":"2026-01-30T13:22:48","isFullCredit":false},{"lineNumber":26,"author":{"gitId":"SIONMATHEW"},"content":"","lastModifiedDate":"2026-01-30T13:22:48","isFullCredit":false},{"lineNumber":27,"author":{"gitId":"SIONMATHEW"},"content":"    @Override","lastModifiedDate":"2026-01-30T13:22:48","isFullCredit":false},{"lineNumber":28,"author":{"gitId":"SIONMATHEW"},"content":"    public String toString() {","lastModifiedDate":"2026-01-30T13:22:48","isFullCredit":false},{"lineNumber":29,"author":{"gitId":"SIONMATHEW"},"content":"        return \"[\" + getStatusIcon() + \"] \" + description;","lastModifiedDate":"2026-01-30T13:22:48","isFullCredit":false},{"lineNumber":30,"author":{"gitId":"SIONMATHEW"},"content":"    }","lastModifiedDate":"2026-01-30T13:22:48","isFullCredit":false},{"lineNumber":31,"author":{"gitId":"SIONMATHEW"},"content":"}","lastModifiedDate":"2026-01-30T13:22:48","isFullCredit":false}],"authorContributionMap":{"SIONMATHEW":31}},{"path":"src/main/java/kingsim/Todo.java","fileType":"java","lines":[{"lineNumber":1,"author":{"gitId":"SIONMATHEW"},"content":"package kingsim;","lastModifiedDate":"2026-02-13T14:28:42","isFullCredit":false},{"lineNumber":2,"author":{"gitId":"SIONMATHEW"},"content":"","lastModifiedDate":"2026-02-13T14:28:42","isFullCredit":false},{"lineNumber":3,"author":{"gitId":"SIONMATHEW"},"content":"/**","lastModifiedDate":"2026-02-06T00:50:40","isFullCredit":false},{"lineNumber":4,"author":{"gitId":"SIONMATHEW"},"content":" * Represents a kingsim.Todo task","lastModifiedDate":"2026-02-13T14:28:42","isFullCredit":false},{"lineNumber":5,"author":{"gitId":"SIONMATHEW"},"content":" */","lastModifiedDate":"2026-02-06T00:50:40","isFullCredit":false},{"lineNumber":6,"author":{"gitId":"SIONMATHEW"},"content":"public class Todo extends Task {","lastModifiedDate":"2026-02-06T00:50:40","isFullCredit":false},{"lineNumber":7,"author":{"gitId":"SIONMATHEW"},"content":"    public Todo(String description) {","lastModifiedDate":"2026-02-06T00:50:40","isFullCredit":false},{"lineNumber":8,"author":{"gitId":"SIONMATHEW"},"content":"        super(description);","lastModifiedDate":"2026-02-06T00:50:40","isFullCredit":false},{"lineNumber":9,"author":{"gitId":"SIONMATHEW"},"content":"    }","lastModifiedDate":"2026-02-06T00:50:40","isFullCredit":false},{"lineNumber":10,"author":{"gitId":"SIONMATHEW"},"content":"","lastModifiedDate":"2026-02-06T00:50:40","isFullCredit":false},{"lineNumber":11,"author":{"gitId":"SIONMATHEW"},"content":"    @Override","lastModifiedDate":"2026-02-06T00:50:40","isFullCredit":false},{"lineNumber":12,"author":{"gitId":"SIONMATHEW"},"content":"    public String toString() {","lastModifiedDate":"2026-02-06T00:50:40","isFullCredit":false},{"lineNumber":13,"author":{"gitId":"SIONMATHEW"},"content":"        return \"[T] \" + super.toString();","lastModifiedDate":"2026-02-06T00:50:40","isFullCredit":false},{"lineNumber":14,"author":{"gitId":"SIONMATHEW"},"content":"    }","lastModifiedDate":"2026-02-06T00:50:40","isFullCredit":false},{"lineNumber":15,"author":{"gitId":"SIONMATHEW"},"content":"}","lastModifiedDate":"2026-02-06T00:50:40","isFullCredit":false},{"lineNumber":16,"author":{"gitId":"SIONMATHEW"},"content":"","lastModifiedDate":"2026-02-06T00:50:40","isFullCredit":false}],"authorContributionMap":{"SIONMATHEW":16}},{"path":"text-ui-test/input.txt","fileType":"txt","lines":[{"lineNumber":1,"author":{"gitId":"SIONMATHEW"},"content":"list","lastModifiedDate":"2026-02-06T10:57:33","isFullCredit":false},{"lineNumber":2,"author":{"gitId":"SIONMATHEW"},"content":"todo read book","lastModifiedDate":"2026-02-06T10:57:33","isFullCredit":false},{"lineNumber":3,"author":{"gitId":"SIONMATHEW"},"content":"todo","lastModifiedDate":"2026-02-06T10:57:33","isFullCredit":false},{"lineNumber":4,"author":{"gitId":"SIONMATHEW"},"content":"deadline submit report /by Sunday","lastModifiedDate":"2026-02-06T10:57:33","isFullCredit":false},{"lineNumber":5,"author":{"gitId":"SIONMATHEW"},"content":"deadline submit report","lastModifiedDate":"2026-02-06T10:57:33","isFullCredit":false},{"lineNumber":6,"author":{"gitId":"SIONMATHEW"},"content":"event project meeting /from Mon 2pm /to Mon 4pm","lastModifiedDate":"2026-02-06T10:57:33","isFullCredit":false},{"lineNumber":7,"author":{"gitId":"SIONMATHEW"},"content":"event project meeting /from Mon 2pm","lastModifiedDate":"2026-02-06T10:57:33","isFullCredit":false},{"lineNumber":8,"author":{"gitId":"SIONMATHEW"},"content":"list","lastModifiedDate":"2026-02-06T10:57:33","isFullCredit":false},{"lineNumber":9,"author":{"gitId":"SIONMATHEW"},"content":"mark 2","lastModifiedDate":"2026-02-06T10:57:33","isFullCredit":false},{"lineNumber":10,"author":{"gitId":"SIONMATHEW"},"content":"unmark 2","lastModifiedDate":"2026-02-06T10:57:33","isFullCredit":false},{"lineNumber":11,"author":{"gitId":"SIONMATHEW"},"content":"mark abc","lastModifiedDate":"2026-02-06T10:57:33","isFullCredit":false},{"lineNumber":12,"author":{"gitId":"SIONMATHEW"},"content":"unmark 10","lastModifiedDate":"2026-02-06T10:57:33","isFullCredit":false},{"lineNumber":13,"author":{"gitId":"SIONMATHEW"},"content":"list","lastModifiedDate":"2026-02-06T10:57:33","isFullCredit":false},{"lineNumber":14,"author":{"gitId":"SIONMATHEW"},"content":"bye","lastModifiedDate":"2026-02-06T10:57:33","isFullCredit":false}],"authorContributionMap":{"SIONMATHEW":14}},{"path":"text-ui-test/runtest.bat","fileType":"bat","lines":[{"lineNumber":1,"author":{"gitId":"-"},"content":"@ECHO OFF","lastModifiedDate":"2020-05-25T00:03:55","isFullCredit":false},{"lineNumber":2,"author":{"gitId":"-"},"content":"","lastModifiedDate":"2020-05-25T00:03:55","isFullCredit":false},{"lineNumber":3,"author":{"gitId":"-"},"content":"REM create bin directory if it doesn\u0027t exist","lastModifiedDate":"2020-05-25T00:03:55","isFullCredit":false},{"lineNumber":4,"author":{"gitId":"-"},"content":"if not exist ..\\bin mkdir ..\\bin","lastModifiedDate":"2020-05-25T00:03:55","isFullCredit":false},{"lineNumber":5,"author":{"gitId":"-"},"content":"","lastModifiedDate":"2020-05-25T00:03:55","isFullCredit":false},{"lineNumber":6,"author":{"gitId":"-"},"content":"REM delete output from previous run","lastModifiedDate":"2020-05-25T00:03:55","isFullCredit":false},{"lineNumber":7,"author":{"gitId":"-"},"content":"if exist ACTUAL.TXT del ACTUAL.TXT","lastModifiedDate":"2020-08-25T17:23:26","isFullCredit":false},{"lineNumber":8,"author":{"gitId":"-"},"content":"","lastModifiedDate":"2020-05-25T00:03:55","isFullCredit":false},{"lineNumber":9,"author":{"gitId":"-"},"content":"REM compile the code into the bin folder","lastModifiedDate":"2020-05-25T00:03:55","isFullCredit":false},{"lineNumber":10,"author":{"gitId":"-"},"content":"javac  -cp ..\\src\\main\\java -Xlint:none -d ..\\bin ..\\src\\main\\java\\*.java","lastModifiedDate":"2020-08-25T17:23:26","isFullCredit":false},{"lineNumber":11,"author":{"gitId":"-"},"content":"IF ERRORLEVEL 1 (","lastModifiedDate":"2020-05-25T00:03:55","isFullCredit":false},{"lineNumber":12,"author":{"gitId":"-"},"content":"    echo ********** BUILD FAILURE **********","lastModifiedDate":"2020-05-25T00:03:55","isFullCredit":false},{"lineNumber":13,"author":{"gitId":"-"},"content":"    exit /b 1","lastModifiedDate":"2020-05-25T00:03:55","isFullCredit":false},{"lineNumber":14,"author":{"gitId":"-"},"content":")","lastModifiedDate":"2020-05-25T00:03:55","isFullCredit":false},{"lineNumber":15,"author":{"gitId":"-"},"content":"REM no error here, errorlevel \u003d\u003d 0","lastModifiedDate":"2020-05-25T00:03:55","isFullCredit":false},{"lineNumber":16,"author":{"gitId":"-"},"content":"","lastModifiedDate":"2020-05-25T00:03:55","isFullCredit":false},{"lineNumber":17,"author":{"gitId":"-"},"content":"REM run the program, feed commands from input.txt file and redirect the output to the ACTUAL.TXT","lastModifiedDate":"2020-05-25T00:03:55","isFullCredit":false},{"lineNumber":18,"author":{"gitId":"SIONMATHEW"},"content":"java -classpath ..\\bin kingsim.KingSIM \u003c input.txt \u003e ACTUAL.TXT","lastModifiedDate":"2026-02-13T14:28:42","isFullCredit":false},{"lineNumber":19,"author":{"gitId":"-"},"content":"","lastModifiedDate":"2020-05-25T00:03:55","isFullCredit":false},{"lineNumber":20,"author":{"gitId":"-"},"content":"REM compare the output to the expected output","lastModifiedDate":"2020-05-25T00:03:55","isFullCredit":false},{"lineNumber":21,"author":{"gitId":"-"},"content":"FC ACTUAL.TXT EXPECTED.TXT","lastModifiedDate":"2020-05-25T00:03:55","isFullCredit":false}],"authorContributionMap":{"SIONMATHEW":1,"-":20}}]
