{"authorDailyContributionsMap":{"SIONMATHEW":[{"date":"2026-01-28T00:00:00","commitResults":[{"hash":"524f5a9c54904ec5f5b4955279430e0dda716d11","isMergeCommit":false,"messageTitle":"Level-0: Rename, greet, exit","messageBody":"","fileTypesAndContributionMap":{"java":{"insertions":10,"deletions":10},"bat":{"insertions":1,"deletions":1},"md":{"insertions":3,"deletions":3}}}]},{"date":"2026-01-30T00:00:00","commitResults":[{"hash":"14b84af1323f4f2c67bc84ad8192b69bf7fc46ea","isMergeCommit":false,"messageTitle":"Level 1:- Echo","messageBody":"","tags":["level-1"],"fileTypesAndContributionMap":{"java":{"insertions":16,"deletions":2}}},{"hash":"89b37272c252926ea0b52ebf56a0fc6b18a6cf91","isMergeCommit":false,"messageTitle":"Level-2: Add and list tasks","messageBody":"","tags":["level-2"],"fileTypesAndContributionMap":{"java":{"insertions":14,"deletions":1}}},{"hash":"1dcd2e9521e6cba94cae3c6fdf781754b1ccf32d","isMergeCommit":false,"messageTitle":"Level-3: Mark and unmark tasks","messageBody":"","tags":["level-3"],"fileTypesAndContributionMap":{"java":{"insertions":76,"deletions":21}}},{"hash":"d11a732ef8e0794cc56e32f5ca4b219e50384e81","isMergeCommit":false,"messageTitle":"A-CodingStandard: Apply coding standard","messageBody":"","fileTypesAndContributionMap":{"java":{"insertions":53,"deletions":38}}},{"hash":"18b6bd4b10bfb9bc502933195ab412d233016b73","isMergeCommit":false,"messageTitle":"A-CodingStandard: Add Task header comment","messageBody":"","tags":["a-codingstandard"],"fileTypesAndContributionMap":{"java":{"insertions":4,"deletions":0}}}]}]},"authorFileTypeContributionMap":{"SIONMATHEW":{"java":111,"md":3,"fxml":0,"sh":0,"bat":1,"gradle":0,"txt":0}},"authorContributionVariance":{"SIONMATHEW":2204.5227},"authorDisplayNameMap":{"SIONMATHEW":"CS2113-W10-1 MATH.. ION"}}
