{"authorDailyContributionsMap":{"SIONMATHEW":[{"date":"2026-01-28T00:00:00","commitResults":[{"hash":"524f5a9c54904ec5f5b4955279430e0dda716d11","isMergeCommit":false,"messageTitle":"Level-0: Rename, greet, exit","messageBody":"","fileTypesAndContributionMap":{"java":{"insertions":10,"deletions":10},"bat":{"insertions":1,"deletions":1},"md":{"insertions":3,"deletions":3}}}]},{"date":"2026-01-30T00:00:00","commitResults":[{"hash":"14b84af1323f4f2c67bc84ad8192b69bf7fc46ea","isMergeCommit":false,"messageTitle":"Level 1:- Echo","messageBody":"","tags":["level-1"],"fileTypesAndContributionMap":{"java":{"insertions":16,"deletions":2}}},{"hash":"89b37272c252926ea0b52ebf56a0fc6b18a6cf91","isMergeCommit":false,"messageTitle":"Level-2: Add and list tasks","messageBody":"","tags":["level-2"],"fileTypesAndContributionMap":{"java":{"insertions":14,"deletions":1}}},{"hash":"1dcd2e9521e6cba94cae3c6fdf781754b1ccf32d","isMergeCommit":false,"messageTitle":"Level-3: Mark and unmark tasks","messageBody":"","tags":["level-3"],"fileTypesAndContributionMap":{"java":{"insertions":76,"deletions":21}}},{"hash":"d11a732ef8e0794cc56e32f5ca4b219e50384e81","isMergeCommit":false,"messageTitle":"A-CodingStandard: Apply coding standard","messageBody":"","fileTypesAndContributionMap":{"java":{"insertions":53,"deletions":38}}},{"hash":"18b6bd4b10bfb9bc502933195ab412d233016b73","isMergeCommit":false,"messageTitle":"A-CodingStandard: Add Task header comment","messageBody":"","tags":["a-codingstandard"],"fileTypesAndContributionMap":{"java":{"insertions":4,"deletions":0}}}]},{"date":"2026-02-06T00:00:00","commitResults":[{"hash":"43d0218f762d74552a6894aca0bcad42d1d0ce7d","isMergeCommit":false,"messageTitle":"Level 4: Add Todo, Deadline, Event with inheritance","messageBody":"","tags":["level-4","level-0","A-CodeQuality"],"fileTypesAndContributionMap":{"java":{"insertions":188,"deletions":21}}},{"hash":"a49fc248eb18d2b7e363f00e78b78c75a2df5c80","isMergeCommit":false,"messageTitle":" Test using the I/O redirection technique","messageBody":"","tags":["A-TextUiTesting"],"fileTypesAndContributionMap":{"txt":{"insertions":14,"deletions":0}}}]},{"date":"2026-02-13T00:00:00","commitResults":[{"hash":"9e4dfaf91a194dd6728ed9b5f472a2f88b281b7b","isMergeCommit":false,"messageTitle":"Level-5: fix event parsing edge cases (A-Exceptions)","messageBody":"","fileTypesAndContributionMap":{"java":{"insertions":101,"deletions":74}}},{"hash":"e7c65b0f3c710552f1bbe2ba33fc34c723ba5927","isMergeCommit":true,"messageTitle":"Merge branch \u0027branch-Level-5\u0027 Level-5 merge: implement error handling (A-Exceptions)","messageBody":"","tags":["Level-5","A-Exceptions"],"fileTypesAndContributionMap":{}},{"hash":"8adef292cd6275dbf241a5d75cfc0cff503ed221","isMergeCommit":false,"messageTitle":"A-Packages: move classes into kingsim package","messageBody":"","fileTypesAndContributionMap":{"java":{"insertions":17,"deletions":8},"bat":{"insertions":1,"deletions":1},"md":{"insertions":3,"deletions":3}}},{"hash":"5a65919659b4c33f3cf3ac8300eac69bf0fd24dd","isMergeCommit":true,"messageTitle":"Merge branch \u0027branch-A-Packages\u0027 A-Packages: move classes into kingsim package","messageBody":"","tags":["A-Packages"],"fileTypesAndContributionMap":{}}]}]},"authorFileTypeContributionMap":{"SIONMATHEW":{"java":314,"md":3,"fxml":0,"sh":0,"bat":1,"gradle":0,"txt":14}},"authorContributionVariance":{"SIONMATHEW":3650.1667},"authorDisplayNameMap":{"SIONMATHEW":"CS2113-W10-1 MATH.. ION"}}
