[{"path":"src/main/java/LicM.java","fileType":"java","lines":[{"lineNumber":1,"author":{"gitId":"lab3ll3"},"content":"package licm;","lastModifiedDate":"2026-02-12T17:11:24","isFullCredit":false},{"lineNumber":2,"author":{"gitId":"lab3ll3"},"content":"","lastModifiedDate":"2026-02-12T17:11:24","isFullCredit":false},{"lineNumber":3,"author":{"gitId":"lab3ll3"},"content":"import licm.task.*;","lastModifiedDate":"2026-02-12T17:11:24","isFullCredit":false},{"lineNumber":4,"author":{"gitId":"lab3ll3"},"content":"import java.util.Scanner;","lastModifiedDate":"2026-01-27T22:42:22","isFullCredit":false},{"lineNumber":5,"author":{"gitId":"lab3ll3"},"content":"","lastModifiedDate":"2026-01-27T22:42:22","isFullCredit":false},{"lineNumber":6,"author":{"gitId":"lab3ll3"},"content":"public class LicM {","lastModifiedDate":"2026-01-27T18:11:09","isFullCredit":false},{"lineNumber":7,"author":{"gitId":"lab3ll3"},"content":"    private static final int MAX_TASKS \u003d 100;","lastModifiedDate":"2026-01-27T23:54:59","isFullCredit":false},{"lineNumber":8,"author":{"gitId":"lab3ll3"},"content":"    private static final Task[] tasks \u003d new Task[MAX_TASKS];","lastModifiedDate":"2026-02-12T17:11:24","isFullCredit":false},{"lineNumber":9,"author":{"gitId":"lab3ll3"},"content":"    private static int taskCount \u003d 0;","lastModifiedDate":"2026-01-27T23:54:59","isFullCredit":false},{"lineNumber":10,"author":{"gitId":"lab3ll3"},"content":"    private static final Scanner scanner \u003d new Scanner(System.in);","lastModifiedDate":"2026-02-12T17:11:24","isFullCredit":false},{"lineNumber":11,"author":{"gitId":"lab3ll3"},"content":"    private static final String INDENT \u003d \"    \";","lastModifiedDate":"2026-02-12T17:11:24","isFullCredit":false},{"lineNumber":12,"author":{"gitId":"lab3ll3"},"content":"","lastModifiedDate":"2026-01-27T23:54:59","isFullCredit":false},{"lineNumber":13,"author":{"gitId":"lab3ll3"},"content":"    public static void main(String[] args) {","lastModifiedDate":"2026-01-27T18:11:09","isFullCredit":false},{"lineNumber":14,"author":{"gitId":"lab3ll3"},"content":"        showGreeting();","lastModifiedDate":"2026-02-12T17:11:24","isFullCredit":false},{"lineNumber":15,"author":{"gitId":"lab3ll3"},"content":"        run();","lastModifiedDate":"2026-02-12T17:11:24","isFullCredit":false},{"lineNumber":16,"author":{"gitId":"lab3ll3"},"content":"    }","lastModifiedDate":"2026-02-03T18:20:36","isFullCredit":false},{"lineNumber":17,"author":{"gitId":"lab3ll3"},"content":"","lastModifiedDate":"2026-02-03T18:20:36","isFullCredit":false},{"lineNumber":18,"author":{"gitId":"lab3ll3"},"content":"    private static void showGreeting() {","lastModifiedDate":"2026-01-27T18:11:09","isFullCredit":false},{"lineNumber":19,"author":{"gitId":"lab3ll3"},"content":"        String logo \u003d \"\"\"","lastModifiedDate":"2026-01-27T18:23:41","isFullCredit":false},{"lineNumber":20,"author":{"gitId":"lab3ll3"},"content":"                   _      _        __  __\\s","lastModifiedDate":"2026-01-27T18:23:41","isFullCredit":false},{"lineNumber":21,"author":{"gitId":"lab3ll3"},"content":"                  | |    (_)      |  \\\\/  |","lastModifiedDate":"2026-01-27T18:23:41","isFullCredit":false},{"lineNumber":22,"author":{"gitId":"lab3ll3"},"content":"                  | |     _  ___  | \\\\  / |","lastModifiedDate":"2026-01-27T18:23:41","isFullCredit":false},{"lineNumber":23,"author":{"gitId":"lab3ll3"},"content":"                  | |    | |/ __| | |\\\\/| |","lastModifiedDate":"2026-01-27T18:23:41","isFullCredit":false},{"lineNumber":24,"author":{"gitId":"lab3ll3"},"content":"                  | |____| | (__  | |  | |","lastModifiedDate":"2026-01-27T18:23:41","isFullCredit":false},{"lineNumber":25,"author":{"gitId":"lab3ll3"},"content":"                  |______|_|\\\\___| |_|  |_|","lastModifiedDate":"2026-01-27T18:23:41","isFullCredit":false},{"lineNumber":26,"author":{"gitId":"lab3ll3"},"content":"                \"\"\";","lastModifiedDate":"2026-01-27T18:23:41","isFullCredit":false},{"lineNumber":27,"author":{"gitId":"lab3ll3"},"content":"","lastModifiedDate":"2026-01-27T18:11:09","isFullCredit":false},{"lineNumber":28,"author":{"gitId":"lab3ll3"},"content":"        System.out.println(\"Hello from\\n\" + logo);","lastModifiedDate":"2026-01-27T18:11:09","isFullCredit":false},{"lineNumber":29,"author":{"gitId":"lab3ll3"},"content":"        printLine();","lastModifiedDate":"2026-01-27T23:56:43","isFullCredit":false},{"lineNumber":30,"author":{"gitId":"lab3ll3"},"content":"        System.out.println(INDENT + \"Hello! I\u0027m LicM\");","lastModifiedDate":"2026-02-12T17:11:24","isFullCredit":false},{"lineNumber":31,"author":{"gitId":"lab3ll3"},"content":"        System.out.println(INDENT + \"What can I do for you?\");","lastModifiedDate":"2026-02-12T17:11:24","isFullCredit":false},{"lineNumber":32,"author":{"gitId":"lab3ll3"},"content":"        printLine();","lastModifiedDate":"2026-01-27T23:56:43","isFullCredit":false},{"lineNumber":33,"author":{"gitId":"lab3ll3"},"content":"    }","lastModifiedDate":"2026-01-27T18:11:09","isFullCredit":false},{"lineNumber":34,"author":{"gitId":"lab3ll3"},"content":"","lastModifiedDate":"2026-01-27T18:11:09","isFullCredit":false},{"lineNumber":35,"author":{"gitId":"lab3ll3"},"content":"    private static void run() {","lastModifiedDate":"2026-02-12T17:11:24","isFullCredit":false},{"lineNumber":36,"author":{"gitId":"lab3ll3"},"content":"        while (true) {","lastModifiedDate":"2026-01-27T22:42:34","isFullCredit":false},{"lineNumber":37,"author":{"gitId":"lab3ll3"},"content":"            System.out.print(INDENT + \"\u003e \");","lastModifiedDate":"2026-02-12T17:11:24","isFullCredit":false},{"lineNumber":38,"author":{"gitId":"lab3ll3"},"content":"            String input \u003d scanner.nextLine().trim();","lastModifiedDate":"2026-02-12T17:11:24","isFullCredit":false},{"lineNumber":39,"author":{"gitId":"lab3ll3"},"content":"","lastModifiedDate":"2026-01-27T22:42:34","isFullCredit":false},{"lineNumber":40,"author":{"gitId":"lab3ll3"},"content":"            if (input.equals(\"bye\")) {","lastModifiedDate":"2026-01-27T22:42:34","isFullCredit":false},{"lineNumber":41,"author":{"gitId":"lab3ll3"},"content":"                showGoodbye();","lastModifiedDate":"2026-01-27T22:42:34","isFullCredit":false},{"lineNumber":42,"author":{"gitId":"lab3ll3"},"content":"                break;","lastModifiedDate":"2026-02-12T17:11:24","isFullCredit":false},{"lineNumber":43,"author":{"gitId":"lab3ll3"},"content":"            } else if (input.equals(\"list\")) {","lastModifiedDate":"2026-01-27T23:59:40","isFullCredit":false},{"lineNumber":44,"author":{"gitId":"lab3ll3"},"content":"                showList();","lastModifiedDate":"2026-01-27T23:59:40","isFullCredit":false},{"lineNumber":45,"author":{"gitId":"lab3ll3"},"content":"            } else if (input.startsWith(\"mark \")) {","lastModifiedDate":"2026-01-28T19:40:42","isFullCredit":false},{"lineNumber":46,"author":{"gitId":"lab3ll3"},"content":"                handleMark(input, true);","lastModifiedDate":"2026-01-28T19:40:42","isFullCredit":false},{"lineNumber":47,"author":{"gitId":"lab3ll3"},"content":"            } else if (input.startsWith(\"unmark \")) {","lastModifiedDate":"2026-01-28T19:40:42","isFullCredit":false},{"lineNumber":48,"author":{"gitId":"lab3ll3"},"content":"                handleMark(input, false);","lastModifiedDate":"2026-01-28T19:40:42","isFullCredit":false},{"lineNumber":49,"author":{"gitId":"lab3ll3"},"content":"            } else if (input.startsWith(\"todo\")) {","lastModifiedDate":"2026-02-03T18:21:24","isFullCredit":false},{"lineNumber":50,"author":{"gitId":"lab3ll3"},"content":"                handleTodo(input);","lastModifiedDate":"2026-02-03T18:21:24","isFullCredit":false},{"lineNumber":51,"author":{"gitId":"lab3ll3"},"content":"            } else if (input.startsWith(\"deadline\")) {","lastModifiedDate":"2026-02-03T18:21:24","isFullCredit":false},{"lineNumber":52,"author":{"gitId":"lab3ll3"},"content":"                handleDeadline(input);","lastModifiedDate":"2026-02-03T18:21:24","isFullCredit":false},{"lineNumber":53,"author":{"gitId":"lab3ll3"},"content":"            } else if (input.startsWith(\"event\")) {","lastModifiedDate":"2026-02-03T18:21:24","isFullCredit":false},{"lineNumber":54,"author":{"gitId":"lab3ll3"},"content":"                handleEvent(input);","lastModifiedDate":"2026-02-03T18:21:24","isFullCredit":false},{"lineNumber":55,"author":{"gitId":"lab3ll3"},"content":"            } else {","lastModifiedDate":"2026-02-03T18:21:24","isFullCredit":false},{"lineNumber":56,"author":{"gitId":"lab3ll3"},"content":"                printLine();","lastModifiedDate":"2026-02-03T18:21:24","isFullCredit":false},{"lineNumber":57,"author":{"gitId":"lab3ll3"},"content":"                System.out.println(INDENT + \"☹ OOPS!!! I\u0027m sorry, I don\u0027t know what that means :-(\");","lastModifiedDate":"2026-02-12T17:11:24","isFullCredit":false},{"lineNumber":58,"author":{"gitId":"lab3ll3"},"content":"                printLine();","lastModifiedDate":"2026-02-03T18:21:24","isFullCredit":false},{"lineNumber":59,"author":{"gitId":"lab3ll3"},"content":"            }","lastModifiedDate":"2026-01-27T22:42:34","isFullCredit":false},{"lineNumber":60,"author":{"gitId":"lab3ll3"},"content":"        }","lastModifiedDate":"2026-01-27T22:42:34","isFullCredit":false},{"lineNumber":61,"author":{"gitId":"lab3ll3"},"content":"        scanner.close();","lastModifiedDate":"2026-02-12T17:11:24","isFullCredit":false},{"lineNumber":62,"author":{"gitId":"lab3ll3"},"content":"    }","lastModifiedDate":"2026-01-27T22:42:34","isFullCredit":false},{"lineNumber":63,"author":{"gitId":"lab3ll3"},"content":"","lastModifiedDate":"2026-01-27T22:42:34","isFullCredit":false},{"lineNumber":64,"author":{"gitId":"lab3ll3"},"content":"    private static void addTask(Task task) {","lastModifiedDate":"2026-02-03T18:21:39","isFullCredit":false},{"lineNumber":65,"author":{"gitId":"lab3ll3"},"content":"        if (taskCount \u003c MAX_TASKS) {","lastModifiedDate":"2026-01-27T23:53:31","isFullCredit":false},{"lineNumber":66,"author":{"gitId":"lab3ll3"},"content":"            tasks[taskCount] \u003d task;","lastModifiedDate":"2026-02-12T17:11:24","isFullCredit":false},{"lineNumber":67,"author":{"gitId":"lab3ll3"},"content":"            taskCount++;","lastModifiedDate":"2026-01-27T23:53:31","isFullCredit":false},{"lineNumber":68,"author":{"gitId":"lab3ll3"},"content":"","lastModifiedDate":"2026-01-27T23:53:31","isFullCredit":false},{"lineNumber":69,"author":{"gitId":"lab3ll3"},"content":"            printLine();","lastModifiedDate":"2026-01-27T23:53:31","isFullCredit":false},{"lineNumber":70,"author":{"gitId":"lab3ll3"},"content":"            System.out.println(INDENT + \"Got it. I\u0027ve added this task:\");","lastModifiedDate":"2026-02-12T17:11:24","isFullCredit":false},{"lineNumber":71,"author":{"gitId":"lab3ll3"},"content":"            System.out.println(INDENT + \"  \" + task);","lastModifiedDate":"2026-02-12T17:11:24","isFullCredit":false},{"lineNumber":72,"author":{"gitId":"lab3ll3"},"content":"            System.out.println(INDENT + \"Now you have \" + taskCount + \" tasks in the list.\");","lastModifiedDate":"2026-02-12T17:11:24","isFullCredit":false},{"lineNumber":73,"author":{"gitId":"lab3ll3"},"content":"            printLine();","lastModifiedDate":"2026-01-27T23:53:31","isFullCredit":false},{"lineNumber":74,"author":{"gitId":"lab3ll3"},"content":"        }","lastModifiedDate":"2026-01-27T23:53:31","isFullCredit":false},{"lineNumber":75,"author":{"gitId":"lab3ll3"},"content":"    }","lastModifiedDate":"2026-01-27T23:53:31","isFullCredit":false},{"lineNumber":76,"author":{"gitId":"lab3ll3"},"content":"","lastModifiedDate":"2026-01-27T23:53:31","isFullCredit":false},{"lineNumber":77,"author":{"gitId":"lab3ll3"},"content":"    private static void showList() {","lastModifiedDate":"2026-01-27T23:53:31","isFullCredit":false},{"lineNumber":78,"author":{"gitId":"lab3ll3"},"content":"        printLine();","lastModifiedDate":"2026-01-27T23:53:31","isFullCredit":false},{"lineNumber":79,"author":{"gitId":"lab3ll3"},"content":"        if (taskCount \u003d\u003d 0) {","lastModifiedDate":"2026-01-27T23:53:31","isFullCredit":false},{"lineNumber":80,"author":{"gitId":"lab3ll3"},"content":"            System.out.println(INDENT + \"Your task list is empty.\");","lastModifiedDate":"2026-02-12T17:11:24","isFullCredit":false},{"lineNumber":81,"author":{"gitId":"lab3ll3"},"content":"        } else {","lastModifiedDate":"2026-01-27T23:53:31","isFullCredit":false},{"lineNumber":82,"author":{"gitId":"lab3ll3"},"content":"            System.out.println(INDENT + \"Here are the tasks in your list:\");","lastModifiedDate":"2026-02-12T17:11:24","isFullCredit":false},{"lineNumber":83,"author":{"gitId":"lab3ll3"},"content":"            for (int i \u003d 0; i \u003c taskCount; i++) {","lastModifiedDate":"2026-01-27T23:53:31","isFullCredit":false},{"lineNumber":84,"author":{"gitId":"lab3ll3"},"content":"                System.out.println(INDENT + (i + 1) + \". \" + tasks[i]);","lastModifiedDate":"2026-02-12T17:11:24","isFullCredit":false},{"lineNumber":85,"author":{"gitId":"lab3ll3"},"content":"            }","lastModifiedDate":"2026-01-27T23:53:31","isFullCredit":false},{"lineNumber":86,"author":{"gitId":"lab3ll3"},"content":"        }","lastModifiedDate":"2026-01-27T23:53:31","isFullCredit":false},{"lineNumber":87,"author":{"gitId":"lab3ll3"},"content":"        printLine();","lastModifiedDate":"2026-01-27T23:53:31","isFullCredit":false},{"lineNumber":88,"author":{"gitId":"lab3ll3"},"content":"    }","lastModifiedDate":"2026-01-27T23:53:31","isFullCredit":false},{"lineNumber":89,"author":{"gitId":"lab3ll3"},"content":"","lastModifiedDate":"2026-01-27T23:53:31","isFullCredit":false},{"lineNumber":90,"author":{"gitId":"lab3ll3"},"content":"    private static void handleTodo(String input) {","lastModifiedDate":"2026-02-12T17:11:24","isFullCredit":false},{"lineNumber":91,"author":{"gitId":"lab3ll3"},"content":"        if (input.length() \u003c\u003d 5) {","lastModifiedDate":"2026-02-12T17:11:24","isFullCredit":false},{"lineNumber":92,"author":{"gitId":"lab3ll3"},"content":"            printLine();","lastModifiedDate":"2026-01-28T19:52:15","isFullCredit":false},{"lineNumber":93,"author":{"gitId":"lab3ll3"},"content":"            System.out.println(INDENT + \"☹ OOPS!!! The description of a todo cannot be empty.\");","lastModifiedDate":"2026-02-12T17:11:24","isFullCredit":false},{"lineNumber":94,"author":{"gitId":"lab3ll3"},"content":"            printLine();","lastModifiedDate":"2026-01-28T20:03:43","isFullCredit":false},{"lineNumber":95,"author":{"gitId":"lab3ll3"},"content":"            return;","lastModifiedDate":"2026-01-27T22:42:34","isFullCredit":false},{"lineNumber":96,"author":{"gitId":"lab3ll3"},"content":"        }","lastModifiedDate":"2026-01-27T22:42:34","isFullCredit":false},{"lineNumber":97,"author":{"gitId":"lab3ll3"},"content":"","lastModifiedDate":"2026-01-28T20:10:07","isFullCredit":false},{"lineNumber":98,"author":{"gitId":"lab3ll3"},"content":"        String description \u003d input.substring(5).trim();","lastModifiedDate":"2026-02-12T17:11:24","isFullCredit":false},{"lineNumber":99,"author":{"gitId":"lab3ll3"},"content":"        if (description.isEmpty()) {","lastModifiedDate":"2026-02-12T17:11:24","isFullCredit":false},{"lineNumber":100,"author":{"gitId":"lab3ll3"},"content":"            printLine();","lastModifiedDate":"2026-02-03T18:16:15","isFullCredit":false},{"lineNumber":101,"author":{"gitId":"lab3ll3"},"content":"            System.out.println(INDENT + \"☹ OOPS!!! The description of a todo cannot be empty.\");","lastModifiedDate":"2026-02-12T17:11:24","isFullCredit":false},{"lineNumber":102,"author":{"gitId":"lab3ll3"},"content":"            printLine();","lastModifiedDate":"2026-02-03T18:16:15","isFullCredit":false},{"lineNumber":103,"author":{"gitId":"lab3ll3"},"content":"            return;","lastModifiedDate":"2026-02-03T18:16:15","isFullCredit":false},{"lineNumber":104,"author":{"gitId":"lab3ll3"},"content":"        }","lastModifiedDate":"2026-02-03T18:16:15","isFullCredit":false},{"lineNumber":105,"author":{"gitId":"lab3ll3"},"content":"","lastModifiedDate":"2026-02-03T18:16:15","isFullCredit":false},{"lineNumber":106,"author":{"gitId":"lab3ll3"},"content":"        addTask(new Todo(description));","lastModifiedDate":"2026-02-03T18:16:15","isFullCredit":false},{"lineNumber":107,"author":{"gitId":"lab3ll3"},"content":"    }","lastModifiedDate":"2026-02-03T18:16:15","isFullCredit":false},{"lineNumber":108,"author":{"gitId":"lab3ll3"},"content":"","lastModifiedDate":"2026-02-03T18:16:15","isFullCredit":false},{"lineNumber":109,"author":{"gitId":"lab3ll3"},"content":"    private static void handleDeadline(String input) {","lastModifiedDate":"2026-02-03T18:16:15","isFullCredit":false},{"lineNumber":110,"author":{"gitId":"lab3ll3"},"content":"        if (input.length() \u003c\u003d 9) {","lastModifiedDate":"2026-02-12T17:11:24","isFullCredit":false},{"lineNumber":111,"author":{"gitId":"lab3ll3"},"content":"            printLine();","lastModifiedDate":"2026-02-12T17:11:24","isFullCredit":false},{"lineNumber":112,"author":{"gitId":"lab3ll3"},"content":"            System.out.println(INDENT + \"☹ OOPS!!! The description of a deadline cannot be empty.\");","lastModifiedDate":"2026-02-12T17:11:24","isFullCredit":false},{"lineNumber":113,"author":{"gitId":"lab3ll3"},"content":"            printLine();","lastModifiedDate":"2026-02-12T17:11:24","isFullCredit":false},{"lineNumber":114,"author":{"gitId":"lab3ll3"},"content":"            return;","lastModifiedDate":"2026-02-12T17:11:24","isFullCredit":false},{"lineNumber":115,"author":{"gitId":"lab3ll3"},"content":"        }","lastModifiedDate":"2026-02-12T17:11:24","isFullCredit":false},{"lineNumber":116,"author":{"gitId":"lab3ll3"},"content":"","lastModifiedDate":"2026-02-12T17:11:24","isFullCredit":false},{"lineNumber":117,"author":{"gitId":"lab3ll3"},"content":"        String content \u003d input.substring(9).trim();","lastModifiedDate":"2026-02-03T18:16:15","isFullCredit":false},{"lineNumber":118,"author":{"gitId":"lab3ll3"},"content":"        int byIndex \u003d content.indexOf(\"/by \");","lastModifiedDate":"2026-02-03T18:16:15","isFullCredit":false},{"lineNumber":119,"author":{"gitId":"lab3ll3"},"content":"","lastModifiedDate":"2026-02-03T18:16:15","isFullCredit":false},{"lineNumber":120,"author":{"gitId":"lab3ll3"},"content":"        if (byIndex \u003d\u003d -1) {","lastModifiedDate":"2026-02-03T18:16:15","isFullCredit":false},{"lineNumber":121,"author":{"gitId":"lab3ll3"},"content":"            printLine();","lastModifiedDate":"2026-02-03T18:16:15","isFullCredit":false},{"lineNumber":122,"author":{"gitId":"lab3ll3"},"content":"            System.out.println(INDENT + \"☹ OOPS!!! Deadline must include \u0027/by\u0027 time.\");","lastModifiedDate":"2026-02-12T17:11:24","isFullCredit":false},{"lineNumber":123,"author":{"gitId":"lab3ll3"},"content":"            printLine();","lastModifiedDate":"2026-02-03T18:16:15","isFullCredit":false},{"lineNumber":124,"author":{"gitId":"lab3ll3"},"content":"            return;","lastModifiedDate":"2026-02-03T18:16:15","isFullCredit":false},{"lineNumber":125,"author":{"gitId":"lab3ll3"},"content":"        }","lastModifiedDate":"2026-02-03T18:16:15","isFullCredit":false},{"lineNumber":126,"author":{"gitId":"lab3ll3"},"content":"","lastModifiedDate":"2026-02-03T18:16:15","isFullCredit":false},{"lineNumber":127,"author":{"gitId":"lab3ll3"},"content":"        String description \u003d content.substring(0, byIndex).trim();","lastModifiedDate":"2026-02-03T18:16:15","isFullCredit":false},{"lineNumber":128,"author":{"gitId":"lab3ll3"},"content":"        String by \u003d content.substring(byIndex + 4).trim();","lastModifiedDate":"2026-02-03T18:16:15","isFullCredit":false},{"lineNumber":129,"author":{"gitId":"lab3ll3"},"content":"","lastModifiedDate":"2026-02-03T18:16:15","isFullCredit":false},{"lineNumber":130,"author":{"gitId":"lab3ll3"},"content":"        if (description.isEmpty()) {","lastModifiedDate":"2026-02-03T18:16:15","isFullCredit":false},{"lineNumber":131,"author":{"gitId":"lab3ll3"},"content":"            printLine();","lastModifiedDate":"2026-02-03T18:16:15","isFullCredit":false},{"lineNumber":132,"author":{"gitId":"lab3ll3"},"content":"            System.out.println(INDENT + \"☹ OOPS!!! The description of a deadline cannot be empty.\");","lastModifiedDate":"2026-02-12T17:11:24","isFullCredit":false},{"lineNumber":133,"author":{"gitId":"lab3ll3"},"content":"            printLine();","lastModifiedDate":"2026-02-03T18:16:15","isFullCredit":false},{"lineNumber":134,"author":{"gitId":"lab3ll3"},"content":"            return;","lastModifiedDate":"2026-02-03T18:16:15","isFullCredit":false},{"lineNumber":135,"author":{"gitId":"lab3ll3"},"content":"        }","lastModifiedDate":"2026-02-03T18:16:15","isFullCredit":false},{"lineNumber":136,"author":{"gitId":"lab3ll3"},"content":"","lastModifiedDate":"2026-02-03T18:16:15","isFullCredit":false},{"lineNumber":137,"author":{"gitId":"lab3ll3"},"content":"        addTask(new Deadline(description, by));","lastModifiedDate":"2026-02-03T18:16:15","isFullCredit":false},{"lineNumber":138,"author":{"gitId":"lab3ll3"},"content":"    }","lastModifiedDate":"2026-02-12T17:11:24","isFullCredit":false},{"lineNumber":139,"author":{"gitId":"lab3ll3"},"content":"","lastModifiedDate":"2026-02-12T17:11:24","isFullCredit":false},{"lineNumber":140,"author":{"gitId":"lab3ll3"},"content":"    private static void handleEvent(String input) {","lastModifiedDate":"2026-02-12T17:11:24","isFullCredit":false},{"lineNumber":141,"author":{"gitId":"lab3ll3"},"content":"        if (input.length() \u003c\u003d 6) {","lastModifiedDate":"2026-02-12T17:11:24","isFullCredit":false},{"lineNumber":142,"author":{"gitId":"lab3ll3"},"content":"            printLine();","lastModifiedDate":"2026-02-03T18:16:15","isFullCredit":false},{"lineNumber":143,"author":{"gitId":"lab3ll3"},"content":"            System.out.println(INDENT + \"☹ OOPS!!! The description of an event cannot be empty.\");","lastModifiedDate":"2026-02-12T17:11:24","isFullCredit":false},{"lineNumber":144,"author":{"gitId":"lab3ll3"},"content":"            printLine();","lastModifiedDate":"2026-02-03T18:16:15","isFullCredit":false},{"lineNumber":145,"author":{"gitId":"lab3ll3"},"content":"            return;","lastModifiedDate":"2026-02-12T17:11:24","isFullCredit":false},{"lineNumber":146,"author":{"gitId":"lab3ll3"},"content":"        }","lastModifiedDate":"2026-02-03T18:16:15","isFullCredit":false},{"lineNumber":147,"author":{"gitId":"lab3ll3"},"content":"","lastModifiedDate":"2026-02-03T18:16:15","isFullCredit":false},{"lineNumber":148,"author":{"gitId":"lab3ll3"},"content":"        String content \u003d input.substring(6).trim();","lastModifiedDate":"2026-02-03T18:16:15","isFullCredit":false},{"lineNumber":149,"author":{"gitId":"lab3ll3"},"content":"        int fromIndex \u003d content.indexOf(\"/from \");","lastModifiedDate":"2026-02-03T18:16:15","isFullCredit":false},{"lineNumber":150,"author":{"gitId":"lab3ll3"},"content":"        int toIndex \u003d content.indexOf(\"/to \");","lastModifiedDate":"2026-02-03T18:16:15","isFullCredit":false},{"lineNumber":151,"author":{"gitId":"lab3ll3"},"content":"","lastModifiedDate":"2026-02-03T18:16:15","isFullCredit":false},{"lineNumber":152,"author":{"gitId":"lab3ll3"},"content":"        if (fromIndex \u003d\u003d -1 || toIndex \u003d\u003d -1) {","lastModifiedDate":"2026-02-03T18:16:15","isFullCredit":false},{"lineNumber":153,"author":{"gitId":"lab3ll3"},"content":"            printLine();","lastModifiedDate":"2026-02-03T18:16:15","isFullCredit":false},{"lineNumber":154,"author":{"gitId":"lab3ll3"},"content":"            System.out.println(INDENT + \"☹ OOPS!!! Event must include \u0027/from\u0027 and \u0027/to\u0027 times.\");","lastModifiedDate":"2026-02-12T17:11:24","isFullCredit":false},{"lineNumber":155,"author":{"gitId":"lab3ll3"},"content":"            printLine();","lastModifiedDate":"2026-02-03T18:16:15","isFullCredit":false},{"lineNumber":156,"author":{"gitId":"lab3ll3"},"content":"            return;","lastModifiedDate":"2026-02-03T18:16:15","isFullCredit":false},{"lineNumber":157,"author":{"gitId":"lab3ll3"},"content":"        }","lastModifiedDate":"2026-02-03T18:16:15","isFullCredit":false},{"lineNumber":158,"author":{"gitId":"lab3ll3"},"content":"","lastModifiedDate":"2026-02-03T18:16:15","isFullCredit":false},{"lineNumber":159,"author":{"gitId":"lab3ll3"},"content":"        String description \u003d content.substring(0, fromIndex).trim();","lastModifiedDate":"2026-02-03T18:16:15","isFullCredit":false},{"lineNumber":160,"author":{"gitId":"lab3ll3"},"content":"        String from \u003d content.substring(fromIndex + 6, toIndex).trim();","lastModifiedDate":"2026-02-03T18:16:15","isFullCredit":false},{"lineNumber":161,"author":{"gitId":"lab3ll3"},"content":"        String to \u003d content.substring(toIndex + 4).trim();","lastModifiedDate":"2026-02-03T18:16:15","isFullCredit":false},{"lineNumber":162,"author":{"gitId":"lab3ll3"},"content":"","lastModifiedDate":"2026-02-03T18:16:15","isFullCredit":false},{"lineNumber":163,"author":{"gitId":"lab3ll3"},"content":"        if (description.isEmpty()) {","lastModifiedDate":"2026-02-03T18:16:15","isFullCredit":false},{"lineNumber":164,"author":{"gitId":"lab3ll3"},"content":"            printLine();","lastModifiedDate":"2026-02-03T18:16:15","isFullCredit":false},{"lineNumber":165,"author":{"gitId":"lab3ll3"},"content":"            System.out.println(INDENT + \"☹ OOPS!!! The description of an event cannot be empty.\");","lastModifiedDate":"2026-02-12T17:11:24","isFullCredit":false},{"lineNumber":166,"author":{"gitId":"lab3ll3"},"content":"            printLine();","lastModifiedDate":"2026-02-03T18:16:15","isFullCredit":false},{"lineNumber":167,"author":{"gitId":"lab3ll3"},"content":"            return;","lastModifiedDate":"2026-02-03T18:16:15","isFullCredit":false},{"lineNumber":168,"author":{"gitId":"lab3ll3"},"content":"        }","lastModifiedDate":"2026-02-03T18:16:15","isFullCredit":false},{"lineNumber":169,"author":{"gitId":"lab3ll3"},"content":"","lastModifiedDate":"2026-02-03T18:16:15","isFullCredit":false},{"lineNumber":170,"author":{"gitId":"lab3ll3"},"content":"        addTask(new Event(description, from, to));","lastModifiedDate":"2026-02-03T18:16:15","isFullCredit":false},{"lineNumber":171,"author":{"gitId":"lab3ll3"},"content":"    }","lastModifiedDate":"2026-02-12T17:11:24","isFullCredit":false},{"lineNumber":172,"author":{"gitId":"lab3ll3"},"content":"","lastModifiedDate":"2026-02-12T17:11:24","isFullCredit":false},{"lineNumber":173,"author":{"gitId":"lab3ll3"},"content":"    private static void handleMark(String input, boolean markAsDone) {","lastModifiedDate":"2026-02-12T17:11:24","isFullCredit":false},{"lineNumber":174,"author":{"gitId":"lab3ll3"},"content":"        try {","lastModifiedDate":"2026-02-12T17:11:24","isFullCredit":false},{"lineNumber":175,"author":{"gitId":"lab3ll3"},"content":"            int prefixLength \u003d markAsDone ? 5 : 7;","lastModifiedDate":"2026-02-12T17:11:24","isFullCredit":false},{"lineNumber":176,"author":{"gitId":"lab3ll3"},"content":"            String numberStr \u003d input.substring(prefixLength).trim();","lastModifiedDate":"2026-02-12T17:11:24","isFullCredit":false},{"lineNumber":177,"author":{"gitId":"lab3ll3"},"content":"            int taskIndex \u003d Integer.parseInt(numberStr) - 1;","lastModifiedDate":"2026-02-12T17:11:24","isFullCredit":false},{"lineNumber":178,"author":{"gitId":"lab3ll3"},"content":"","lastModifiedDate":"2026-02-12T17:11:24","isFullCredit":false},{"lineNumber":179,"author":{"gitId":"lab3ll3"},"content":"            if (taskIndex \u003c 0 || taskIndex \u003e\u003d taskCount) {","lastModifiedDate":"2026-02-12T17:11:24","isFullCredit":false},{"lineNumber":180,"author":{"gitId":"lab3ll3"},"content":"                printLine();","lastModifiedDate":"2026-02-12T17:11:24","isFullCredit":false},{"lineNumber":181,"author":{"gitId":"lab3ll3"},"content":"                System.out.println(INDENT + \"☹ OOPS!!! Task number \" + (taskIndex + 1) + \" does not exist.\");","lastModifiedDate":"2026-02-12T17:11:24","isFullCredit":false},{"lineNumber":182,"author":{"gitId":"lab3ll3"},"content":"                printLine();","lastModifiedDate":"2026-02-12T17:11:24","isFullCredit":false},{"lineNumber":183,"author":{"gitId":"lab3ll3"},"content":"                return;","lastModifiedDate":"2026-02-12T17:11:24","isFullCredit":false},{"lineNumber":184,"author":{"gitId":"lab3ll3"},"content":"            }","lastModifiedDate":"2026-02-12T17:11:24","isFullCredit":false},{"lineNumber":185,"author":{"gitId":"lab3ll3"},"content":"","lastModifiedDate":"2026-02-12T17:11:24","isFullCredit":false},{"lineNumber":186,"author":{"gitId":"lab3ll3"},"content":"            Task task \u003d tasks[taskIndex];","lastModifiedDate":"2026-02-12T17:11:24","isFullCredit":false},{"lineNumber":187,"author":{"gitId":"lab3ll3"},"content":"","lastModifiedDate":"2026-02-12T17:11:24","isFullCredit":false},{"lineNumber":188,"author":{"gitId":"lab3ll3"},"content":"            printLine();","lastModifiedDate":"2026-02-12T17:11:24","isFullCredit":false},{"lineNumber":189,"author":{"gitId":"lab3ll3"},"content":"            if (markAsDone) {","lastModifiedDate":"2026-02-12T17:11:24","isFullCredit":false},{"lineNumber":190,"author":{"gitId":"lab3ll3"},"content":"                task.markAsDone();","lastModifiedDate":"2026-02-12T17:11:24","isFullCredit":false},{"lineNumber":191,"author":{"gitId":"lab3ll3"},"content":"                System.out.println(INDENT + \"Nice! I\u0027ve marked this task as done:\");","lastModifiedDate":"2026-02-12T17:11:24","isFullCredit":false},{"lineNumber":192,"author":{"gitId":"lab3ll3"},"content":"            } else {","lastModifiedDate":"2026-02-12T17:11:24","isFullCredit":false},{"lineNumber":193,"author":{"gitId":"lab3ll3"},"content":"                task.markAsNotDone();","lastModifiedDate":"2026-02-12T17:11:24","isFullCredit":false},{"lineNumber":194,"author":{"gitId":"lab3ll3"},"content":"                System.out.println(INDENT + \"OK, I\u0027ve marked this task as not done yet:\");","lastModifiedDate":"2026-02-12T17:11:24","isFullCredit":false},{"lineNumber":195,"author":{"gitId":"lab3ll3"},"content":"            }","lastModifiedDate":"2026-02-12T17:11:24","isFullCredit":false},{"lineNumber":196,"author":{"gitId":"lab3ll3"},"content":"            System.out.println(INDENT + \"  \" + task);","lastModifiedDate":"2026-02-12T17:11:24","isFullCredit":false},{"lineNumber":197,"author":{"gitId":"lab3ll3"},"content":"            printLine();","lastModifiedDate":"2026-02-12T17:11:24","isFullCredit":false},{"lineNumber":198,"author":{"gitId":"lab3ll3"},"content":"","lastModifiedDate":"2026-02-12T17:11:24","isFullCredit":false},{"lineNumber":199,"author":{"gitId":"lab3ll3"},"content":"        } catch (NumberFormatException | StringIndexOutOfBoundsException e) {","lastModifiedDate":"2026-02-12T17:11:24","isFullCredit":false},{"lineNumber":200,"author":{"gitId":"lab3ll3"},"content":"            printLine();","lastModifiedDate":"2026-02-03T18:16:15","isFullCredit":false},{"lineNumber":201,"author":{"gitId":"lab3ll3"},"content":"            System.out.println(INDENT + \"☹ OOPS!!! Please use: \" + (markAsDone ? \"mark\" : \"unmark\") + \" \u003ctask-number\u003e\");","lastModifiedDate":"2026-02-12T17:11:24","isFullCredit":false},{"lineNumber":202,"author":{"gitId":"lab3ll3"},"content":"            printLine();","lastModifiedDate":"2026-02-03T18:16:15","isFullCredit":false},{"lineNumber":203,"author":{"gitId":"lab3ll3"},"content":"        }","lastModifiedDate":"2026-02-03T18:16:15","isFullCredit":false},{"lineNumber":204,"author":{"gitId":"lab3ll3"},"content":"    }","lastModifiedDate":"2026-02-03T18:16:15","isFullCredit":false},{"lineNumber":205,"author":{"gitId":"lab3ll3"},"content":"","lastModifiedDate":"2026-02-03T18:16:15","isFullCredit":false},{"lineNumber":206,"author":{"gitId":"lab3ll3"},"content":"    private static void showGoodbye() {","lastModifiedDate":"2026-01-27T18:11:09","isFullCredit":false},{"lineNumber":207,"author":{"gitId":"lab3ll3"},"content":"        printLine();","lastModifiedDate":"2026-02-12T17:11:24","isFullCredit":false},{"lineNumber":208,"author":{"gitId":"lab3ll3"},"content":"        System.out.println(INDENT + \"Bye. Hope to see you again soon!\");","lastModifiedDate":"2026-02-12T17:11:24","isFullCredit":false},{"lineNumber":209,"author":{"gitId":"lab3ll3"},"content":"        printLine();","lastModifiedDate":"2026-01-27T23:54:26","isFullCredit":false},{"lineNumber":210,"author":{"gitId":"lab3ll3"},"content":"    }","lastModifiedDate":"2026-01-27T18:11:09","isFullCredit":false},{"lineNumber":211,"author":{"gitId":"lab3ll3"},"content":"","lastModifiedDate":"2026-01-27T23:53:51","isFullCredit":false},{"lineNumber":212,"author":{"gitId":"lab3ll3"},"content":"    private static void printLine() {","lastModifiedDate":"2026-01-27T23:53:51","isFullCredit":false},{"lineNumber":213,"author":{"gitId":"lab3ll3"},"content":"        System.out.println(INDENT + \"____________________________________________________________\");","lastModifiedDate":"2026-02-12T17:11:24","isFullCredit":false},{"lineNumber":214,"author":{"gitId":"lab3ll3"},"content":"    }","lastModifiedDate":"2026-01-27T23:53:51","isFullCredit":false},{"lineNumber":215,"author":{"gitId":"lab3ll3"},"content":"}","lastModifiedDate":"2026-01-27T18:11:09","isFullCredit":false}],"authorContributionMap":{"lab3ll3":215}},{"path":"src/main/java/exceptions/LicMException.java","fileType":"java","lines":[{"lineNumber":1,"author":{"gitId":"lab3ll3"},"content":"public class LicMException extends Exception {","lastModifiedDate":"2026-02-12T17:38:38","isFullCredit":false},{"lineNumber":2,"author":{"gitId":"lab3ll3"},"content":"","lastModifiedDate":"2026-02-12T17:38:38","isFullCredit":false},{"lineNumber":3,"author":{"gitId":"lab3ll3"},"content":"    public LicMException(String message) {","lastModifiedDate":"2026-02-12T17:38:38","isFullCredit":false},{"lineNumber":4,"author":{"gitId":"lab3ll3"},"content":"        super(message);","lastModifiedDate":"2026-02-12T17:38:38","isFullCredit":false},{"lineNumber":5,"author":{"gitId":"lab3ll3"},"content":"    }","lastModifiedDate":"2026-02-12T17:38:38","isFullCredit":false},{"lineNumber":6,"author":{"gitId":"lab3ll3"},"content":"","lastModifiedDate":"2026-02-12T17:38:38","isFullCredit":false},{"lineNumber":7,"author":{"gitId":"lab3ll3"},"content":"    public static LicMException emptyDescription(String commandType) {","lastModifiedDate":"2026-02-12T17:38:38","isFullCredit":false},{"lineNumber":8,"author":{"gitId":"lab3ll3"},"content":"        return new LicMException(","lastModifiedDate":"2026-02-12T17:38:38","isFullCredit":false},{"lineNumber":9,"author":{"gitId":"lab3ll3"},"content":"                \"Oopsies!!! The description of a \" + commandType + \" cannot be empty.\"","lastModifiedDate":"2026-02-12T17:38:38","isFullCredit":false},{"lineNumber":10,"author":{"gitId":"lab3ll3"},"content":"        );","lastModifiedDate":"2026-02-12T17:38:38","isFullCredit":false},{"lineNumber":11,"author":{"gitId":"lab3ll3"},"content":"    }","lastModifiedDate":"2026-02-12T17:38:38","isFullCredit":false},{"lineNumber":12,"author":{"gitId":"lab3ll3"},"content":"","lastModifiedDate":"2026-02-12T17:38:38","isFullCredit":false},{"lineNumber":13,"author":{"gitId":"lab3ll3"},"content":"    public static LicMException missingParameter(String commandType, String parameter) {","lastModifiedDate":"2026-02-12T17:38:38","isFullCredit":false},{"lineNumber":14,"author":{"gitId":"lab3ll3"},"content":"        return new LicMException(","lastModifiedDate":"2026-02-12T17:38:38","isFullCredit":false},{"lineNumber":15,"author":{"gitId":"lab3ll3"},"content":"                \"Oopsies!!! \" + commandType + \" must include \u0027\" + parameter + \"\u0027.\"","lastModifiedDate":"2026-02-12T17:38:38","isFullCredit":false},{"lineNumber":16,"author":{"gitId":"lab3ll3"},"content":"        );","lastModifiedDate":"2026-02-12T17:38:38","isFullCredit":false},{"lineNumber":17,"author":{"gitId":"lab3ll3"},"content":"    }","lastModifiedDate":"2026-02-12T17:38:38","isFullCredit":false},{"lineNumber":18,"author":{"gitId":"lab3ll3"},"content":"","lastModifiedDate":"2026-02-12T17:38:38","isFullCredit":false},{"lineNumber":19,"author":{"gitId":"lab3ll3"},"content":"    public static LicMException unknownCommand() {","lastModifiedDate":"2026-02-12T17:38:38","isFullCredit":false},{"lineNumber":20,"author":{"gitId":"lab3ll3"},"content":"        return new LicMException(","lastModifiedDate":"2026-02-12T17:38:38","isFullCredit":false},{"lineNumber":21,"author":{"gitId":"lab3ll3"},"content":"                \"I\u0027m sorry, but I don\u0027t know what that means DDDD:\"","lastModifiedDate":"2026-02-12T17:38:38","isFullCredit":false},{"lineNumber":22,"author":{"gitId":"lab3ll3"},"content":"        );","lastModifiedDate":"2026-02-12T17:38:38","isFullCredit":false},{"lineNumber":23,"author":{"gitId":"lab3ll3"},"content":"    }","lastModifiedDate":"2026-02-12T17:38:38","isFullCredit":false},{"lineNumber":24,"author":{"gitId":"lab3ll3"},"content":"","lastModifiedDate":"2026-02-12T17:38:38","isFullCredit":false},{"lineNumber":25,"author":{"gitId":"lab3ll3"},"content":"    public static LicMException invalidTaskNumber(int maxTasks) {","lastModifiedDate":"2026-02-12T17:38:38","isFullCredit":false},{"lineNumber":26,"author":{"gitId":"lab3ll3"},"content":"        return new LicMException(","lastModifiedDate":"2026-02-12T17:38:38","isFullCredit":false},{"lineNumber":27,"author":{"gitId":"lab3ll3"},"content":"                \"Oopsies!!! Invalid task number. Please enter a number between 1 and \" + maxTasks + \".\"","lastModifiedDate":"2026-02-12T17:38:38","isFullCredit":false},{"lineNumber":28,"author":{"gitId":"lab3ll3"},"content":"        );","lastModifiedDate":"2026-02-12T17:38:38","isFullCredit":false},{"lineNumber":29,"author":{"gitId":"lab3ll3"},"content":"    }","lastModifiedDate":"2026-02-12T17:38:38","isFullCredit":false},{"lineNumber":30,"author":{"gitId":"lab3ll3"},"content":"","lastModifiedDate":"2026-02-12T17:38:38","isFullCredit":false},{"lineNumber":31,"author":{"gitId":"lab3ll3"},"content":"    public static LicMException missingTaskNumber() {","lastModifiedDate":"2026-02-12T17:38:38","isFullCredit":false},{"lineNumber":32,"author":{"gitId":"lab3ll3"},"content":"        return new LicMException(","lastModifiedDate":"2026-02-12T17:38:38","isFullCredit":false},{"lineNumber":33,"author":{"gitId":"lab3ll3"},"content":"                \"Oopsies!!! Please specify a task number.\"","lastModifiedDate":"2026-02-12T17:38:38","isFullCredit":false},{"lineNumber":34,"author":{"gitId":"lab3ll3"},"content":"        );","lastModifiedDate":"2026-02-12T17:38:38","isFullCredit":false},{"lineNumber":35,"author":{"gitId":"lab3ll3"},"content":"    }","lastModifiedDate":"2026-02-12T17:38:38","isFullCredit":false},{"lineNumber":36,"author":{"gitId":"lab3ll3"},"content":"","lastModifiedDate":"2026-02-12T17:38:38","isFullCredit":false},{"lineNumber":37,"author":{"gitId":"lab3ll3"},"content":"    public static LicMException emptyTaskList() {","lastModifiedDate":"2026-02-12T17:38:38","isFullCredit":false},{"lineNumber":38,"author":{"gitId":"lab3ll3"},"content":"        return new LicMException(","lastModifiedDate":"2026-02-12T17:38:38","isFullCredit":false},{"lineNumber":39,"author":{"gitId":"lab3ll3"},"content":"                \"Oopsies!!! Your task list is empty. Add some tasks first!\"","lastModifiedDate":"2026-02-12T17:38:38","isFullCredit":false},{"lineNumber":40,"author":{"gitId":"lab3ll3"},"content":"        );","lastModifiedDate":"2026-02-12T17:38:38","isFullCredit":false},{"lineNumber":41,"author":{"gitId":"lab3ll3"},"content":"    }","lastModifiedDate":"2026-02-12T17:38:38","isFullCredit":false},{"lineNumber":42,"author":{"gitId":"lab3ll3"},"content":"}","lastModifiedDate":"2026-02-12T17:38:38","isFullCredit":false}],"authorContributionMap":{"lab3ll3":42}},{"path":"src/main/java/task/Deadline.java","fileType":"java","lines":[{"lineNumber":1,"author":{"gitId":"lab3ll3"},"content":"public class Deadline extends Task {","lastModifiedDate":"2026-02-12T17:11:24","isFullCredit":false},{"lineNumber":2,"author":{"gitId":"lab3ll3"},"content":"    private final String by;","lastModifiedDate":"2026-02-12T17:11:24","isFullCredit":false},{"lineNumber":3,"author":{"gitId":"lab3ll3"},"content":"","lastModifiedDate":"2026-02-12T17:11:24","isFullCredit":false},{"lineNumber":4,"author":{"gitId":"lab3ll3"},"content":"    public Deadline(String description, String by) {","lastModifiedDate":"2026-02-12T17:11:24","isFullCredit":false},{"lineNumber":5,"author":{"gitId":"lab3ll3"},"content":"        super(description);","lastModifiedDate":"2026-02-12T17:11:24","isFullCredit":false},{"lineNumber":6,"author":{"gitId":"lab3ll3"},"content":"        this.by \u003d by;","lastModifiedDate":"2026-02-12T17:11:24","isFullCredit":false},{"lineNumber":7,"author":{"gitId":"lab3ll3"},"content":"    }","lastModifiedDate":"2026-02-12T17:11:24","isFullCredit":false},{"lineNumber":8,"author":{"gitId":"lab3ll3"},"content":"","lastModifiedDate":"2026-02-12T17:11:24","isFullCredit":false},{"lineNumber":9,"author":{"gitId":"lab3ll3"},"content":"    public String getBy() {","lastModifiedDate":"2026-02-12T17:11:24","isFullCredit":false},{"lineNumber":10,"author":{"gitId":"lab3ll3"},"content":"        return by;","lastModifiedDate":"2026-02-12T17:11:24","isFullCredit":false},{"lineNumber":11,"author":{"gitId":"lab3ll3"},"content":"    }","lastModifiedDate":"2026-02-12T17:11:24","isFullCredit":false},{"lineNumber":12,"author":{"gitId":"lab3ll3"},"content":"","lastModifiedDate":"2026-02-12T17:11:24","isFullCredit":false},{"lineNumber":13,"author":{"gitId":"lab3ll3"},"content":"    @Override","lastModifiedDate":"2026-02-12T17:11:24","isFullCredit":false},{"lineNumber":14,"author":{"gitId":"lab3ll3"},"content":"    public String toString() {","lastModifiedDate":"2026-02-12T17:11:24","isFullCredit":false},{"lineNumber":15,"author":{"gitId":"lab3ll3"},"content":"        return \"[D]\" + super.toString() + \" (by: \" + by + \")\";","lastModifiedDate":"2026-02-12T17:11:24","isFullCredit":false},{"lineNumber":16,"author":{"gitId":"lab3ll3"},"content":"    }","lastModifiedDate":"2026-02-12T17:11:24","isFullCredit":false},{"lineNumber":17,"author":{"gitId":"lab3ll3"},"content":"}","lastModifiedDate":"2026-02-04T19:08:24","isFullCredit":false}],"authorContributionMap":{"lab3ll3":17}},{"path":"src/main/java/task/Event.java","fileType":"java","lines":[{"lineNumber":1,"author":{"gitId":"lab3ll3"},"content":"public class Event extends Task {","lastModifiedDate":"2026-02-12T17:11:24","isFullCredit":false},{"lineNumber":2,"author":{"gitId":"lab3ll3"},"content":"    protected String from;","lastModifiedDate":"2026-02-12T17:11:24","isFullCredit":false},{"lineNumber":3,"author":{"gitId":"lab3ll3"},"content":"    protected String to;","lastModifiedDate":"2026-02-12T17:11:24","isFullCredit":false},{"lineNumber":4,"author":{"gitId":"lab3ll3"},"content":"","lastModifiedDate":"2026-02-12T17:11:24","isFullCredit":false},{"lineNumber":5,"author":{"gitId":"lab3ll3"},"content":"    public Event(String description, String from, String to) {","lastModifiedDate":"2026-02-12T17:11:24","isFullCredit":false},{"lineNumber":6,"author":{"gitId":"lab3ll3"},"content":"        super(description);","lastModifiedDate":"2026-02-12T17:11:24","isFullCredit":false},{"lineNumber":7,"author":{"gitId":"lab3ll3"},"content":"        this.from \u003d from;","lastModifiedDate":"2026-02-12T17:11:24","isFullCredit":false},{"lineNumber":8,"author":{"gitId":"lab3ll3"},"content":"        this.to \u003d to;","lastModifiedDate":"2026-02-12T17:11:24","isFullCredit":false},{"lineNumber":9,"author":{"gitId":"lab3ll3"},"content":"    }","lastModifiedDate":"2026-02-12T17:11:24","isFullCredit":false},{"lineNumber":10,"author":{"gitId":"lab3ll3"},"content":"","lastModifiedDate":"2026-02-12T17:11:24","isFullCredit":false},{"lineNumber":11,"author":{"gitId":"lab3ll3"},"content":"    @Override","lastModifiedDate":"2026-02-12T17:11:24","isFullCredit":false},{"lineNumber":12,"author":{"gitId":"lab3ll3"},"content":"    public String toString() {","lastModifiedDate":"2026-02-12T17:11:24","isFullCredit":false},{"lineNumber":13,"author":{"gitId":"lab3ll3"},"content":"        return \"[E]\" + super.toString() + \" (from: \" + from + \" to: \" + to + \")\";","lastModifiedDate":"2026-02-12T17:11:24","isFullCredit":false},{"lineNumber":14,"author":{"gitId":"lab3ll3"},"content":"    }","lastModifiedDate":"2026-02-12T17:11:24","isFullCredit":false},{"lineNumber":15,"author":{"gitId":"lab3ll3"},"content":"}","lastModifiedDate":"2026-02-04T19:08:24","isFullCredit":false}],"authorContributionMap":{"lab3ll3":15}},{"path":"src/main/java/task/Task.java","fileType":"java","lines":[{"lineNumber":1,"author":{"gitId":"lab3ll3"},"content":"public abstract class Task {","lastModifiedDate":"2026-02-12T17:11:24","isFullCredit":false},{"lineNumber":2,"author":{"gitId":"lab3ll3"},"content":"    protected String description;","lastModifiedDate":"2026-02-12T17:11:24","isFullCredit":false},{"lineNumber":3,"author":{"gitId":"lab3ll3"},"content":"    protected boolean isDone;","lastModifiedDate":"2026-02-12T17:11:24","isFullCredit":false},{"lineNumber":4,"author":{"gitId":"lab3ll3"},"content":"","lastModifiedDate":"2026-02-12T17:11:24","isFullCredit":false},{"lineNumber":5,"author":{"gitId":"lab3ll3"},"content":"    public Task(String description) {","lastModifiedDate":"2026-02-12T17:11:24","isFullCredit":false},{"lineNumber":6,"author":{"gitId":"lab3ll3"},"content":"        this.description \u003d description;","lastModifiedDate":"2026-02-12T17:11:24","isFullCredit":false},{"lineNumber":7,"author":{"gitId":"lab3ll3"},"content":"        this.isDone \u003d false;","lastModifiedDate":"2026-02-12T17:11:24","isFullCredit":false},{"lineNumber":8,"author":{"gitId":"lab3ll3"},"content":"    }","lastModifiedDate":"2026-02-12T17:11:24","isFullCredit":false},{"lineNumber":9,"author":{"gitId":"lab3ll3"},"content":"","lastModifiedDate":"2026-02-12T17:11:24","isFullCredit":false},{"lineNumber":10,"author":{"gitId":"lab3ll3"},"content":"    public void markAsDone() {","lastModifiedDate":"2026-02-12T17:11:24","isFullCredit":false},{"lineNumber":11,"author":{"gitId":"lab3ll3"},"content":"        this.isDone \u003d true;","lastModifiedDate":"2026-02-12T17:11:24","isFullCredit":false},{"lineNumber":12,"author":{"gitId":"lab3ll3"},"content":"    }","lastModifiedDate":"2026-02-12T17:11:24","isFullCredit":false},{"lineNumber":13,"author":{"gitId":"lab3ll3"},"content":"","lastModifiedDate":"2026-02-12T17:11:24","isFullCredit":false},{"lineNumber":14,"author":{"gitId":"lab3ll3"},"content":"    public void markAsNotDone() {","lastModifiedDate":"2026-02-12T17:11:24","isFullCredit":false},{"lineNumber":15,"author":{"gitId":"lab3ll3"},"content":"        this.isDone \u003d false;","lastModifiedDate":"2026-02-12T17:11:24","isFullCredit":false},{"lineNumber":16,"author":{"gitId":"lab3ll3"},"content":"    }","lastModifiedDate":"2026-02-12T17:11:24","isFullCredit":false},{"lineNumber":17,"author":{"gitId":"lab3ll3"},"content":"","lastModifiedDate":"2026-02-12T17:11:24","isFullCredit":false},{"lineNumber":18,"author":{"gitId":"lab3ll3"},"content":"    public String getStatusIcon() {","lastModifiedDate":"2026-02-12T17:11:24","isFullCredit":false},{"lineNumber":19,"author":{"gitId":"lab3ll3"},"content":"        return (isDone ? \"X\" : \" \");","lastModifiedDate":"2026-02-12T17:11:24","isFullCredit":false},{"lineNumber":20,"author":{"gitId":"lab3ll3"},"content":"    }","lastModifiedDate":"2026-02-12T17:11:24","isFullCredit":false},{"lineNumber":21,"author":{"gitId":"lab3ll3"},"content":"","lastModifiedDate":"2026-02-12T17:11:24","isFullCredit":false},{"lineNumber":22,"author":{"gitId":"lab3ll3"},"content":"    public String getDescription() {","lastModifiedDate":"2026-02-12T17:11:24","isFullCredit":false},{"lineNumber":23,"author":{"gitId":"lab3ll3"},"content":"        return description;","lastModifiedDate":"2026-02-12T17:11:24","isFullCredit":false},{"lineNumber":24,"author":{"gitId":"lab3ll3"},"content":"    }","lastModifiedDate":"2026-02-12T17:11:24","isFullCredit":false},{"lineNumber":25,"author":{"gitId":"lab3ll3"},"content":"","lastModifiedDate":"2026-02-12T17:11:24","isFullCredit":false},{"lineNumber":26,"author":{"gitId":"lab3ll3"},"content":"    public boolean isDone() {","lastModifiedDate":"2026-02-12T17:11:24","isFullCredit":false},{"lineNumber":27,"author":{"gitId":"lab3ll3"},"content":"        return isDone;","lastModifiedDate":"2026-02-12T17:11:24","isFullCredit":false},{"lineNumber":28,"author":{"gitId":"lab3ll3"},"content":"    }","lastModifiedDate":"2026-02-12T17:11:24","isFullCredit":false},{"lineNumber":29,"author":{"gitId":"lab3ll3"},"content":"","lastModifiedDate":"2026-02-12T17:11:24","isFullCredit":false},{"lineNumber":30,"author":{"gitId":"lab3ll3"},"content":"    @Override","lastModifiedDate":"2026-02-12T17:11:24","isFullCredit":false},{"lineNumber":31,"author":{"gitId":"lab3ll3"},"content":"    public String toString() {","lastModifiedDate":"2026-02-12T17:11:24","isFullCredit":false},{"lineNumber":32,"author":{"gitId":"lab3ll3"},"content":"        return \"[\" + getStatusIcon() + \"] \" + description;","lastModifiedDate":"2026-02-12T17:11:24","isFullCredit":false},{"lineNumber":33,"author":{"gitId":"lab3ll3"},"content":"    }","lastModifiedDate":"2026-02-12T17:11:24","isFullCredit":false},{"lineNumber":34,"author":{"gitId":"lab3ll3"},"content":"}","lastModifiedDate":"2026-02-04T19:08:24","isFullCredit":false}],"authorContributionMap":{"lab3ll3":34}},{"path":"src/main/java/task/TaskList.java","fileType":"java","lines":[{"lineNumber":1,"author":{"gitId":"lab3ll3"},"content":"public class TaskList {","lastModifiedDate":"2026-02-04T19:08:24","isFullCredit":false},{"lineNumber":2,"author":{"gitId":"lab3ll3"},"content":"    private static final int MAX_TASKS \u003d 100;","lastModifiedDate":"2026-02-12T17:11:24","isFullCredit":false},{"lineNumber":3,"author":{"gitId":"lab3ll3"},"content":"    private Task[] tasks;","lastModifiedDate":"2026-02-12T17:11:24","isFullCredit":false},{"lineNumber":4,"author":{"gitId":"lab3ll3"},"content":"    private int taskCount;","lastModifiedDate":"2026-02-12T17:11:24","isFullCredit":false},{"lineNumber":5,"author":{"gitId":"lab3ll3"},"content":"","lastModifiedDate":"2026-02-12T17:11:24","isFullCredit":false},{"lineNumber":6,"author":{"gitId":"lab3ll3"},"content":"    public TaskList() {","lastModifiedDate":"2026-02-12T17:11:24","isFullCredit":false},{"lineNumber":7,"author":{"gitId":"lab3ll3"},"content":"        this.tasks \u003d new Task[MAX_TASKS];","lastModifiedDate":"2026-02-12T17:11:24","isFullCredit":false},{"lineNumber":8,"author":{"gitId":"lab3ll3"},"content":"        this.taskCount \u003d 0;","lastModifiedDate":"2026-02-12T17:11:24","isFullCredit":false},{"lineNumber":9,"author":{"gitId":"lab3ll3"},"content":"    }","lastModifiedDate":"2026-02-12T17:11:24","isFullCredit":false},{"lineNumber":10,"author":{"gitId":"lab3ll3"},"content":"","lastModifiedDate":"2026-02-12T17:11:24","isFullCredit":false},{"lineNumber":11,"author":{"gitId":"lab3ll3"},"content":"    public void addTask(Task task) {","lastModifiedDate":"2026-02-12T17:11:24","isFullCredit":false},{"lineNumber":12,"author":{"gitId":"lab3ll3"},"content":"        if (taskCount \u003c MAX_TASKS) {","lastModifiedDate":"2026-02-12T17:11:24","isFullCredit":false},{"lineNumber":13,"author":{"gitId":"lab3ll3"},"content":"            tasks[taskCount] \u003d task;","lastModifiedDate":"2026-02-12T17:11:24","isFullCredit":false},{"lineNumber":14,"author":{"gitId":"lab3ll3"},"content":"            taskCount++;","lastModifiedDate":"2026-02-12T17:11:24","isFullCredit":false},{"lineNumber":15,"author":{"gitId":"lab3ll3"},"content":"        } else {","lastModifiedDate":"2026-02-12T17:11:24","isFullCredit":false},{"lineNumber":16,"author":{"gitId":"lab3ll3"},"content":"            throw new IllegalStateException(\"Cannot add more than \" + MAX_TASKS + \" tasks\");","lastModifiedDate":"2026-02-12T17:11:24","isFullCredit":false},{"lineNumber":17,"author":{"gitId":"lab3ll3"},"content":"        }","lastModifiedDate":"2026-02-12T17:11:24","isFullCredit":false},{"lineNumber":18,"author":{"gitId":"lab3ll3"},"content":"    }","lastModifiedDate":"2026-02-12T17:11:24","isFullCredit":false},{"lineNumber":19,"author":{"gitId":"lab3ll3"},"content":"","lastModifiedDate":"2026-02-12T17:11:24","isFullCredit":false},{"lineNumber":20,"author":{"gitId":"lab3ll3"},"content":"    public Task getTask(int index) {","lastModifiedDate":"2026-02-12T17:11:24","isFullCredit":false},{"lineNumber":21,"author":{"gitId":"lab3ll3"},"content":"        if (index \u003c 0 || index \u003e\u003d taskCount) {","lastModifiedDate":"2026-02-12T17:11:24","isFullCredit":false},{"lineNumber":22,"author":{"gitId":"lab3ll3"},"content":"            throw new IndexOutOfBoundsException(\"Invalid licm.task index: \" + index);","lastModifiedDate":"2026-02-12T17:11:24","isFullCredit":false},{"lineNumber":23,"author":{"gitId":"lab3ll3"},"content":"        }","lastModifiedDate":"2026-02-12T17:11:24","isFullCredit":false},{"lineNumber":24,"author":{"gitId":"lab3ll3"},"content":"        return tasks[index];","lastModifiedDate":"2026-02-12T17:11:24","isFullCredit":false},{"lineNumber":25,"author":{"gitId":"lab3ll3"},"content":"    }","lastModifiedDate":"2026-02-12T17:11:24","isFullCredit":false},{"lineNumber":26,"author":{"gitId":"lab3ll3"},"content":"","lastModifiedDate":"2026-02-12T17:11:24","isFullCredit":false},{"lineNumber":27,"author":{"gitId":"lab3ll3"},"content":"    public void markTask(int index, boolean isDone) {","lastModifiedDate":"2026-02-12T17:11:24","isFullCredit":false},{"lineNumber":28,"author":{"gitId":"lab3ll3"},"content":"        Task task \u003d getTask(index);","lastModifiedDate":"2026-02-12T17:11:24","isFullCredit":false},{"lineNumber":29,"author":{"gitId":"lab3ll3"},"content":"        if (isDone) {","lastModifiedDate":"2026-02-12T17:11:24","isFullCredit":false},{"lineNumber":30,"author":{"gitId":"lab3ll3"},"content":"            task.markAsDone();","lastModifiedDate":"2026-02-12T17:11:24","isFullCredit":false},{"lineNumber":31,"author":{"gitId":"lab3ll3"},"content":"        } else {","lastModifiedDate":"2026-02-12T17:11:24","isFullCredit":false},{"lineNumber":32,"author":{"gitId":"lab3ll3"},"content":"            task.markAsNotDone();","lastModifiedDate":"2026-02-12T17:11:24","isFullCredit":false},{"lineNumber":33,"author":{"gitId":"lab3ll3"},"content":"        }","lastModifiedDate":"2026-02-12T17:11:24","isFullCredit":false},{"lineNumber":34,"author":{"gitId":"lab3ll3"},"content":"    }","lastModifiedDate":"2026-02-12T17:11:24","isFullCredit":false},{"lineNumber":35,"author":{"gitId":"lab3ll3"},"content":"","lastModifiedDate":"2026-02-12T17:11:24","isFullCredit":false},{"lineNumber":36,"author":{"gitId":"lab3ll3"},"content":"    public int size() {","lastModifiedDate":"2026-02-12T17:11:24","isFullCredit":false},{"lineNumber":37,"author":{"gitId":"lab3ll3"},"content":"        return taskCount;","lastModifiedDate":"2026-02-12T17:11:24","isFullCredit":false},{"lineNumber":38,"author":{"gitId":"lab3ll3"},"content":"    }","lastModifiedDate":"2026-02-12T17:11:24","isFullCredit":false},{"lineNumber":39,"author":{"gitId":"lab3ll3"},"content":"","lastModifiedDate":"2026-02-12T17:11:24","isFullCredit":false},{"lineNumber":40,"author":{"gitId":"lab3ll3"},"content":"    public boolean isEmpty() {","lastModifiedDate":"2026-02-12T17:11:24","isFullCredit":false},{"lineNumber":41,"author":{"gitId":"lab3ll3"},"content":"        return taskCount \u003d\u003d 0;","lastModifiedDate":"2026-02-12T17:11:24","isFullCredit":false},{"lineNumber":42,"author":{"gitId":"lab3ll3"},"content":"    }","lastModifiedDate":"2026-02-12T17:11:24","isFullCredit":false},{"lineNumber":43,"author":{"gitId":"lab3ll3"},"content":"","lastModifiedDate":"2026-02-12T17:11:24","isFullCredit":false},{"lineNumber":44,"author":{"gitId":"lab3ll3"},"content":"    public Task[] getAllTasks() {","lastModifiedDate":"2026-02-12T17:11:24","isFullCredit":false},{"lineNumber":45,"author":{"gitId":"lab3ll3"},"content":"        Task[] copy \u003d new Task[taskCount];","lastModifiedDate":"2026-02-12T17:11:24","isFullCredit":false},{"lineNumber":46,"author":{"gitId":"lab3ll3"},"content":"        System.arraycopy(tasks, 0, copy, 0, taskCount);","lastModifiedDate":"2026-02-12T17:11:24","isFullCredit":false},{"lineNumber":47,"author":{"gitId":"lab3ll3"},"content":"        return copy;","lastModifiedDate":"2026-02-12T17:11:24","isFullCredit":false},{"lineNumber":48,"author":{"gitId":"lab3ll3"},"content":"    }","lastModifiedDate":"2026-02-12T17:11:24","isFullCredit":false},{"lineNumber":49,"author":{"gitId":"lab3ll3"},"content":"}","lastModifiedDate":"2026-02-04T19:08:24","isFullCredit":false}],"authorContributionMap":{"lab3ll3":49}},{"path":"src/main/java/task/Todo.java","fileType":"java","lines":[{"lineNumber":1,"author":{"gitId":"lab3ll3"},"content":"public class Todo extends Task {","lastModifiedDate":"2026-02-12T17:11:24","isFullCredit":false},{"lineNumber":2,"author":{"gitId":"lab3ll3"},"content":"    public Todo(String description) {","lastModifiedDate":"2026-02-12T17:11:24","isFullCredit":false},{"lineNumber":3,"author":{"gitId":"lab3ll3"},"content":"        super(description);","lastModifiedDate":"2026-02-12T17:11:24","isFullCredit":false},{"lineNumber":4,"author":{"gitId":"lab3ll3"},"content":"    }","lastModifiedDate":"2026-02-12T17:11:24","isFullCredit":false},{"lineNumber":5,"author":{"gitId":"lab3ll3"},"content":"","lastModifiedDate":"2026-02-12T17:11:24","isFullCredit":false},{"lineNumber":6,"author":{"gitId":"lab3ll3"},"content":"    @Override","lastModifiedDate":"2026-02-12T17:11:24","isFullCredit":false},{"lineNumber":7,"author":{"gitId":"lab3ll3"},"content":"    public String toString() {","lastModifiedDate":"2026-02-12T17:11:24","isFullCredit":false},{"lineNumber":8,"author":{"gitId":"lab3ll3"},"content":"        return \"[T]\" + super.toString();","lastModifiedDate":"2026-02-12T17:11:24","isFullCredit":false},{"lineNumber":9,"author":{"gitId":"lab3ll3"},"content":"    }","lastModifiedDate":"2026-02-12T17:11:24","isFullCredit":false},{"lineNumber":10,"author":{"gitId":"lab3ll3"},"content":"}","lastModifiedDate":"2026-02-04T19:08:24","isFullCredit":false}],"authorContributionMap":{"lab3ll3":10}},{"path":"text-ui-test/input.txt","fileType":"txt","lines":[{"lineNumber":1,"author":{"gitId":"lab3ll3"},"content":"todo Read book","lastModifiedDate":"2026-02-04T19:08:24","isFullCredit":false},{"lineNumber":2,"author":{"gitId":"lab3ll3"},"content":"todo Borrow book","lastModifiedDate":"2026-02-04T19:08:24","isFullCredit":false},{"lineNumber":3,"author":{"gitId":"lab3ll3"},"content":"deadline Return book /by Sunday","lastModifiedDate":"2026-02-04T19:08:24","isFullCredit":false},{"lineNumber":4,"author":{"gitId":"lab3ll3"},"content":"event Team meeting /from 2pm /to 4pm","lastModifiedDate":"2026-02-04T19:08:24","isFullCredit":false},{"lineNumber":5,"author":{"gitId":"lab3ll3"},"content":"list","lastModifiedDate":"2026-02-04T19:08:24","isFullCredit":false},{"lineNumber":6,"author":{"gitId":"lab3ll3"},"content":"mark 1","lastModifiedDate":"2026-02-04T19:08:24","isFullCredit":false},{"lineNumber":7,"author":{"gitId":"lab3ll3"},"content":"mark 3","lastModifiedDate":"2026-02-04T19:08:24","isFullCredit":false},{"lineNumber":8,"author":{"gitId":"lab3ll3"},"content":"list","lastModifiedDate":"2026-02-04T19:08:24","isFullCredit":false},{"lineNumber":9,"author":{"gitId":"lab3ll3"},"content":"unmark 1","lastModifiedDate":"2026-02-04T19:08:24","isFullCredit":false},{"lineNumber":10,"author":{"gitId":"lab3ll3"},"content":"list","lastModifiedDate":"2026-02-04T19:08:24","isFullCredit":false},{"lineNumber":11,"author":{"gitId":"lab3ll3"},"content":"bye","lastModifiedDate":"2026-02-04T19:08:24","isFullCredit":false}],"authorContributionMap":{"lab3ll3":11}}]
