[{"path":"src/main/java/claude/Claude.java","fileType":"java","lines":[{"lineNumber":1,"author":{"gitId":"llk214"},"content":"package claude;","lastModifiedDate":"2026-02-11T02:52:55","isFullCredit":false},{"lineNumber":2,"author":{"gitId":"llk214"},"content":"","lastModifiedDate":"2026-02-11T02:52:55","isFullCredit":false},{"lineNumber":3,"author":{"gitId":"llk214"},"content":"import java.util.Scanner;","lastModifiedDate":"2026-02-04T15:45:16","isFullCredit":false},{"lineNumber":4,"author":{"gitId":"llk214"},"content":"","lastModifiedDate":"2026-01-23T10:00:00","isFullCredit":false},{"lineNumber":5,"author":{"gitId":"llk214"},"content":"/**","lastModifiedDate":"2026-02-09T18:23:12","isFullCredit":false},{"lineNumber":6,"author":{"gitId":"llk214"},"content":" * Main class for the Claude chatbot application.","lastModifiedDate":"2026-02-09T18:23:12","isFullCredit":false},{"lineNumber":7,"author":{"gitId":"llk214"},"content":" * Manages task creation, listing, and marking through a command-line interface.","lastModifiedDate":"2026-02-09T18:23:12","isFullCredit":false},{"lineNumber":8,"author":{"gitId":"llk214"},"content":" */","lastModifiedDate":"2026-02-09T18:23:12","isFullCredit":false},{"lineNumber":9,"author":{"gitId":"llk214"},"content":"public class Claude {","lastModifiedDate":"2026-02-04T15:45:16","isFullCredit":false},{"lineNumber":10,"author":{"gitId":"llk214"},"content":"    private static final int MAX_TASKS \u003d 100;","lastModifiedDate":"2026-02-09T17:59:00","isFullCredit":false},{"lineNumber":11,"author":{"gitId":"llk214"},"content":"    private static final String LINE \u003d \"____________________________________________________________\";","lastModifiedDate":"2026-02-09T17:59:00","isFullCredit":false},{"lineNumber":12,"author":{"gitId":"llk214"},"content":"","lastModifiedDate":"2026-02-09T17:59:00","isFullCredit":false},{"lineNumber":13,"author":{"gitId":"llk214"},"content":"    private static Task[] tasks \u003d new Task[MAX_TASKS];","lastModifiedDate":"2026-02-09T17:59:00","isFullCredit":false},{"lineNumber":14,"author":{"gitId":"llk214"},"content":"    private static int taskCount \u003d 0;","lastModifiedDate":"2026-02-09T17:59:00","isFullCredit":false},{"lineNumber":15,"author":{"gitId":"llk214"},"content":"","lastModifiedDate":"2026-02-09T17:59:00","isFullCredit":false},{"lineNumber":16,"author":{"gitId":"llk214"},"content":"    /**","lastModifiedDate":"2026-02-09T18:23:12","isFullCredit":false},{"lineNumber":17,"author":{"gitId":"llk214"},"content":"     * Starts the Claude chatbot and processes user commands in a loop.","lastModifiedDate":"2026-02-09T18:23:12","isFullCredit":false},{"lineNumber":18,"author":{"gitId":"llk214"},"content":"     *","lastModifiedDate":"2026-02-09T18:23:12","isFullCredit":false},{"lineNumber":19,"author":{"gitId":"llk214"},"content":"     * @param args Command-line arguments (not used).","lastModifiedDate":"2026-02-09T18:23:12","isFullCredit":false},{"lineNumber":20,"author":{"gitId":"llk214"},"content":"     */","lastModifiedDate":"2026-02-09T18:23:12","isFullCredit":false},{"lineNumber":21,"author":{"gitId":"llk214"},"content":"    public static void main(String[] args) {","lastModifiedDate":"2026-01-23T10:00:00","isFullCredit":false},{"lineNumber":22,"author":{"gitId":"llk214"},"content":"        printWelcome();","lastModifiedDate":"2026-02-09T17:59:00","isFullCredit":false},{"lineNumber":23,"author":{"gitId":"llk214"},"content":"","lastModifiedDate":"2026-02-09T17:59:00","isFullCredit":false},{"lineNumber":24,"author":{"gitId":"llk214"},"content":"        Scanner scanner \u003d new Scanner(System.in);","lastModifiedDate":"2026-02-09T17:59:00","isFullCredit":false},{"lineNumber":25,"author":{"gitId":"llk214"},"content":"        String input \u003d scanner.nextLine();","lastModifiedDate":"2026-02-09T17:59:00","isFullCredit":false},{"lineNumber":26,"author":{"gitId":"llk214"},"content":"","lastModifiedDate":"2026-02-09T17:59:00","isFullCredit":false},{"lineNumber":27,"author":{"gitId":"llk214"},"content":"        while (!input.equals(\"bye\")) {","lastModifiedDate":"2026-02-09T17:59:00","isFullCredit":false},{"lineNumber":28,"author":{"gitId":"llk214"},"content":"            handleCommand(input);","lastModifiedDate":"2026-02-09T17:59:00","isFullCredit":false},{"lineNumber":29,"author":{"gitId":"llk214"},"content":"            input \u003d scanner.nextLine();","lastModifiedDate":"2026-02-09T17:59:00","isFullCredit":false},{"lineNumber":30,"author":{"gitId":"llk214"},"content":"        }","lastModifiedDate":"2026-02-09T17:59:00","isFullCredit":false},{"lineNumber":31,"author":{"gitId":"llk214"},"content":"","lastModifiedDate":"2026-02-09T17:59:00","isFullCredit":false},{"lineNumber":32,"author":{"gitId":"llk214"},"content":"        printGoodbye();","lastModifiedDate":"2026-02-09T17:59:00","isFullCredit":false},{"lineNumber":33,"author":{"gitId":"llk214"},"content":"        scanner.close();","lastModifiedDate":"2026-02-09T17:59:00","isFullCredit":false},{"lineNumber":34,"author":{"gitId":"llk214"},"content":"    }","lastModifiedDate":"2026-02-09T17:59:00","isFullCredit":false},{"lineNumber":35,"author":{"gitId":"llk214"},"content":"","lastModifiedDate":"2026-02-09T17:59:00","isFullCredit":false},{"lineNumber":36,"author":{"gitId":"llk214"},"content":"    /**","lastModifiedDate":"2026-02-09T18:23:12","isFullCredit":false},{"lineNumber":37,"author":{"gitId":"llk214"},"content":"     * Prints the welcome message with the Claude ASCII logo.","lastModifiedDate":"2026-02-09T18:23:12","isFullCredit":false},{"lineNumber":38,"author":{"gitId":"llk214"},"content":"     */","lastModifiedDate":"2026-02-09T18:23:12","isFullCredit":false},{"lineNumber":39,"author":{"gitId":"llk214"},"content":"    private static void printWelcome() {","lastModifiedDate":"2026-02-09T17:59:00","isFullCredit":false},{"lineNumber":40,"author":{"gitId":"llk214"},"content":"        String logo \u003d \"  ____ _                 _      \\n\"","lastModifiedDate":"2026-01-23T10:00:00","isFullCredit":false},{"lineNumber":41,"author":{"gitId":"llk214"},"content":"                + \" / ___| | __ _ _   _  __| | ___ \\n\"","lastModifiedDate":"2026-01-23T10:00:00","isFullCredit":false},{"lineNumber":42,"author":{"gitId":"llk214"},"content":"                + \"| |   | |/ _` | | | |/ _` |/ _ \\\\\\n\"","lastModifiedDate":"2026-02-04T15:45:16","isFullCredit":false},{"lineNumber":43,"author":{"gitId":"llk214"},"content":"                + \"| |___| | (_| | |_| | (_| |  __/\\n\"","lastModifiedDate":"2026-01-23T10:00:00","isFullCredit":false},{"lineNumber":44,"author":{"gitId":"llk214"},"content":"                + \" \\\\____|_|\\\\__,_|\\\\__,_|\\\\__,_|\\\\___|\\n\";","lastModifiedDate":"2026-01-23T10:00:00","isFullCredit":false},{"lineNumber":45,"author":{"gitId":"llk214"},"content":"","lastModifiedDate":"2026-02-04T15:45:16","isFullCredit":false},{"lineNumber":46,"author":{"gitId":"llk214"},"content":"        System.out.println(LINE);","lastModifiedDate":"2026-02-09T17:59:00","isFullCredit":false},{"lineNumber":47,"author":{"gitId":"llk214"},"content":"        System.out.println(\"Hello from\\n\" + logo);","lastModifiedDate":"2026-01-23T10:00:00","isFullCredit":false},{"lineNumber":48,"author":{"gitId":"llk214"},"content":"        System.out.println(\"Hello! I\u0027m Claude, your personal assistant.\");","lastModifiedDate":"2026-01-23T10:00:00","isFullCredit":false},{"lineNumber":49,"author":{"gitId":"llk214"},"content":"        System.out.println(\"What can I do for you?\");","lastModifiedDate":"2026-02-04T15:45:16","isFullCredit":false},{"lineNumber":50,"author":{"gitId":"llk214"},"content":"        System.out.println(LINE);","lastModifiedDate":"2026-02-09T17:59:00","isFullCredit":false},{"lineNumber":51,"author":{"gitId":"llk214"},"content":"    }","lastModifiedDate":"2026-02-09T17:59:00","isFullCredit":false},{"lineNumber":52,"author":{"gitId":"llk214"},"content":"","lastModifiedDate":"2026-02-04T15:45:16","isFullCredit":false},{"lineNumber":53,"author":{"gitId":"llk214"},"content":"    /**","lastModifiedDate":"2026-02-09T18:23:12","isFullCredit":false},{"lineNumber":54,"author":{"gitId":"llk214"},"content":"     * Prints the goodbye message.","lastModifiedDate":"2026-02-09T18:23:12","isFullCredit":false},{"lineNumber":55,"author":{"gitId":"llk214"},"content":"     */","lastModifiedDate":"2026-02-09T18:23:12","isFullCredit":false},{"lineNumber":56,"author":{"gitId":"llk214"},"content":"    private static void printGoodbye() {","lastModifiedDate":"2026-02-09T17:59:00","isFullCredit":false},{"lineNumber":57,"author":{"gitId":"llk214"},"content":"        System.out.println(LINE);","lastModifiedDate":"2026-02-09T17:59:00","isFullCredit":false},{"lineNumber":58,"author":{"gitId":"llk214"},"content":"        System.out.println(\"Bye. Hope to see you again soon!\");","lastModifiedDate":"2026-02-09T17:59:00","isFullCredit":false},{"lineNumber":59,"author":{"gitId":"llk214"},"content":"        System.out.println(LINE);","lastModifiedDate":"2026-02-09T17:59:00","isFullCredit":false},{"lineNumber":60,"author":{"gitId":"llk214"},"content":"    }","lastModifiedDate":"2026-02-09T17:59:00","isFullCredit":false},{"lineNumber":61,"author":{"gitId":"llk214"},"content":"","lastModifiedDate":"2026-02-04T15:45:16","isFullCredit":false},{"lineNumber":62,"author":{"gitId":"llk214"},"content":"    /**","lastModifiedDate":"2026-02-09T18:23:12","isFullCredit":false},{"lineNumber":63,"author":{"gitId":"llk214"},"content":"     * Routes the user input to the appropriate command handler.","lastModifiedDate":"2026-02-09T18:23:12","isFullCredit":false},{"lineNumber":64,"author":{"gitId":"llk214"},"content":"     * Catches and displays any ClaudeException errors.","lastModifiedDate":"2026-02-11T02:44:33","isFullCredit":false},{"lineNumber":65,"author":{"gitId":"llk214"},"content":"     *","lastModifiedDate":"2026-02-09T18:23:12","isFullCredit":false},{"lineNumber":66,"author":{"gitId":"llk214"},"content":"     * @param input The raw user input string.","lastModifiedDate":"2026-02-09T18:23:12","isFullCredit":false},{"lineNumber":67,"author":{"gitId":"llk214"},"content":"     */","lastModifiedDate":"2026-02-09T18:23:12","isFullCredit":false},{"lineNumber":68,"author":{"gitId":"llk214"},"content":"    private static void handleCommand(String input) {","lastModifiedDate":"2026-02-09T17:59:00","isFullCredit":false},{"lineNumber":69,"author":{"gitId":"llk214"},"content":"        System.out.println(LINE);","lastModifiedDate":"2026-02-09T17:59:00","isFullCredit":false},{"lineNumber":70,"author":{"gitId":"llk214"},"content":"        try {","lastModifiedDate":"2026-02-11T02:44:33","isFullCredit":false},{"lineNumber":71,"author":{"gitId":"llk214"},"content":"            if (input.equals(\"list\")) {","lastModifiedDate":"2026-02-04T15:45:16","isFullCredit":false},{"lineNumber":72,"author":{"gitId":"llk214"},"content":"                listTasks();","lastModifiedDate":"2026-02-09T17:59:00","isFullCredit":false},{"lineNumber":73,"author":{"gitId":"llk214"},"content":"            } else if (input.startsWith(\"mark \")) {","lastModifiedDate":"2026-02-09T17:59:00","isFullCredit":false},{"lineNumber":74,"author":{"gitId":"llk214"},"content":"                markTask(input);","lastModifiedDate":"2026-02-09T17:59:00","isFullCredit":false},{"lineNumber":75,"author":{"gitId":"llk214"},"content":"            } else if (input.startsWith(\"unmark \")) {","lastModifiedDate":"2026-02-09T17:59:00","isFullCredit":false},{"lineNumber":76,"author":{"gitId":"llk214"},"content":"                unmarkTask(input);","lastModifiedDate":"2026-02-09T17:59:00","isFullCredit":false},{"lineNumber":77,"author":{"gitId":"llk214"},"content":"            } else if (input.startsWith(\"todo\")) {","lastModifiedDate":"2026-02-09T17:59:00","isFullCredit":false},{"lineNumber":78,"author":{"gitId":"llk214"},"content":"                addTodo(input);","lastModifiedDate":"2026-02-09T17:59:00","isFullCredit":false},{"lineNumber":79,"author":{"gitId":"llk214"},"content":"            } else if (input.startsWith(\"deadline\")) {","lastModifiedDate":"2026-02-09T17:59:00","isFullCredit":false},{"lineNumber":80,"author":{"gitId":"llk214"},"content":"                addDeadline(input);","lastModifiedDate":"2026-02-09T17:59:00","isFullCredit":false},{"lineNumber":81,"author":{"gitId":"llk214"},"content":"            } else if (input.startsWith(\"event\")) {","lastModifiedDate":"2026-02-09T17:59:00","isFullCredit":false},{"lineNumber":82,"author":{"gitId":"llk214"},"content":"                addEvent(input);","lastModifiedDate":"2026-02-09T17:59:00","isFullCredit":false},{"lineNumber":83,"author":{"gitId":"llk214"},"content":"            } else {","lastModifiedDate":"2026-02-09T17:59:00","isFullCredit":false},{"lineNumber":84,"author":{"gitId":"llk214"},"content":"                throw new ClaudeException(\"I\u0027m sorry, but I don\u0027t know what that means :-(\");","lastModifiedDate":"2026-02-11T02:44:33","isFullCredit":false},{"lineNumber":85,"author":{"gitId":"llk214"},"content":"            }","lastModifiedDate":"2026-02-11T02:44:33","isFullCredit":false},{"lineNumber":86,"author":{"gitId":"llk214"},"content":"        } catch (ClaudeException e) {","lastModifiedDate":"2026-02-11T02:44:33","isFullCredit":false},{"lineNumber":87,"author":{"gitId":"llk214"},"content":"            System.out.println(\"I\u0027d love to help, but -- \" + e.getMessage());","lastModifiedDate":"2026-02-11T02:44:33","isFullCredit":false},{"lineNumber":88,"author":{"gitId":"llk214"},"content":"        }","lastModifiedDate":"2026-02-09T17:59:00","isFullCredit":false},{"lineNumber":89,"author":{"gitId":"llk214"},"content":"        System.out.println(LINE);","lastModifiedDate":"2026-02-09T17:59:00","isFullCredit":false},{"lineNumber":90,"author":{"gitId":"llk214"},"content":"    }","lastModifiedDate":"2026-02-09T17:59:00","isFullCredit":false},{"lineNumber":91,"author":{"gitId":"llk214"},"content":"","lastModifiedDate":"2026-02-09T17:59:00","isFullCredit":false},{"lineNumber":92,"author":{"gitId":"llk214"},"content":"    /**","lastModifiedDate":"2026-02-09T18:23:12","isFullCredit":false},{"lineNumber":93,"author":{"gitId":"llk214"},"content":"     * Prints all tasks in the task list.","lastModifiedDate":"2026-02-09T18:23:12","isFullCredit":false},{"lineNumber":94,"author":{"gitId":"llk214"},"content":"     */","lastModifiedDate":"2026-02-09T18:23:12","isFullCredit":false},{"lineNumber":95,"author":{"gitId":"llk214"},"content":"    private static void listTasks() {","lastModifiedDate":"2026-02-09T17:59:00","isFullCredit":false},{"lineNumber":96,"author":{"gitId":"llk214"},"content":"        System.out.println(\"Here are the tasks in your list:\");","lastModifiedDate":"2026-02-04T15:45:16","isFullCredit":false},{"lineNumber":97,"author":{"gitId":"llk214"},"content":"        for (int i \u003d 0; i \u003c taskCount; i++) {","lastModifiedDate":"2026-02-04T15:45:16","isFullCredit":false},{"lineNumber":98,"author":{"gitId":"llk214"},"content":"            System.out.println((i + 1) + \".\" + tasks[i]);","lastModifiedDate":"2026-02-04T15:45:16","isFullCredit":false},{"lineNumber":99,"author":{"gitId":"llk214"},"content":"        }","lastModifiedDate":"2026-02-04T15:45:16","isFullCredit":false},{"lineNumber":100,"author":{"gitId":"llk214"},"content":"    }","lastModifiedDate":"2026-02-09T17:59:00","isFullCredit":false},{"lineNumber":101,"author":{"gitId":"llk214"},"content":"","lastModifiedDate":"2026-02-09T17:59:00","isFullCredit":false},{"lineNumber":102,"author":{"gitId":"llk214"},"content":"    /**","lastModifiedDate":"2026-02-09T18:23:12","isFullCredit":false},{"lineNumber":103,"author":{"gitId":"llk214"},"content":"     * Marks a task as done based on the user input.","lastModifiedDate":"2026-02-09T18:23:12","isFullCredit":false},{"lineNumber":104,"author":{"gitId":"llk214"},"content":"     *","lastModifiedDate":"2026-02-09T18:23:12","isFullCredit":false},{"lineNumber":105,"author":{"gitId":"llk214"},"content":"     * @param input The user input containing the task number to mark.","lastModifiedDate":"2026-02-09T18:23:12","isFullCredit":false},{"lineNumber":106,"author":{"gitId":"llk214"},"content":"     * @throws ClaudeException If the task number is invalid or out of range.","lastModifiedDate":"2026-02-11T02:44:33","isFullCredit":false},{"lineNumber":107,"author":{"gitId":"llk214"},"content":"     */","lastModifiedDate":"2026-02-09T18:23:12","isFullCredit":false},{"lineNumber":108,"author":{"gitId":"llk214"},"content":"    private static void markTask(String input) throws ClaudeException {","lastModifiedDate":"2026-02-11T02:44:33","isFullCredit":false},{"lineNumber":109,"author":{"gitId":"llk214"},"content":"        int taskIndex \u003d parseTaskIndex(input, 5);","lastModifiedDate":"2026-02-11T02:44:33","isFullCredit":false},{"lineNumber":110,"author":{"gitId":"llk214"},"content":"        tasks[taskIndex].markAsDone();","lastModifiedDate":"2026-02-04T15:45:16","isFullCredit":false},{"lineNumber":111,"author":{"gitId":"llk214"},"content":"        System.out.println(\"Nice! I\u0027ve marked this task as done:\");","lastModifiedDate":"2026-02-04T15:45:16","isFullCredit":false},{"lineNumber":112,"author":{"gitId":"llk214"},"content":"        System.out.println(\"  \" + tasks[taskIndex]);","lastModifiedDate":"2026-02-04T15:45:16","isFullCredit":false},{"lineNumber":113,"author":{"gitId":"llk214"},"content":"    }","lastModifiedDate":"2026-02-09T17:59:00","isFullCredit":false},{"lineNumber":114,"author":{"gitId":"llk214"},"content":"","lastModifiedDate":"2026-02-09T17:59:00","isFullCredit":false},{"lineNumber":115,"author":{"gitId":"llk214"},"content":"    /**","lastModifiedDate":"2026-02-09T18:23:12","isFullCredit":false},{"lineNumber":116,"author":{"gitId":"llk214"},"content":"     * Marks a task as not done based on the user input.","lastModifiedDate":"2026-02-09T18:23:12","isFullCredit":false},{"lineNumber":117,"author":{"gitId":"llk214"},"content":"     *","lastModifiedDate":"2026-02-09T18:23:12","isFullCredit":false},{"lineNumber":118,"author":{"gitId":"llk214"},"content":"     * @param input The user input containing the task number to unmark.","lastModifiedDate":"2026-02-09T18:23:12","isFullCredit":false},{"lineNumber":119,"author":{"gitId":"llk214"},"content":"     * @throws ClaudeException If the task number is invalid or out of range.","lastModifiedDate":"2026-02-11T02:44:33","isFullCredit":false},{"lineNumber":120,"author":{"gitId":"llk214"},"content":"     */","lastModifiedDate":"2026-02-09T18:23:12","isFullCredit":false},{"lineNumber":121,"author":{"gitId":"llk214"},"content":"    private static void unmarkTask(String input) throws ClaudeException {","lastModifiedDate":"2026-02-11T02:44:33","isFullCredit":false},{"lineNumber":122,"author":{"gitId":"llk214"},"content":"        int taskIndex \u003d parseTaskIndex(input, 7);","lastModifiedDate":"2026-02-11T02:44:33","isFullCredit":false},{"lineNumber":123,"author":{"gitId":"llk214"},"content":"        tasks[taskIndex].markAsNotDone();","lastModifiedDate":"2026-02-04T15:45:16","isFullCredit":false},{"lineNumber":124,"author":{"gitId":"llk214"},"content":"        System.out.println(\"OK, I\u0027ve marked this task as not done yet:\");","lastModifiedDate":"2026-02-04T15:45:16","isFullCredit":false},{"lineNumber":125,"author":{"gitId":"llk214"},"content":"        System.out.println(\"  \" + tasks[taskIndex]);","lastModifiedDate":"2026-02-04T15:45:16","isFullCredit":false},{"lineNumber":126,"author":{"gitId":"llk214"},"content":"    }","lastModifiedDate":"2026-02-09T17:59:00","isFullCredit":false},{"lineNumber":127,"author":{"gitId":"llk214"},"content":"","lastModifiedDate":"2026-02-09T17:59:00","isFullCredit":false},{"lineNumber":128,"author":{"gitId":"llk214"},"content":"    /**","lastModifiedDate":"2026-02-11T02:44:33","isFullCredit":false},{"lineNumber":129,"author":{"gitId":"llk214"},"content":"     * Parses and validates a task index from user input.","lastModifiedDate":"2026-02-11T02:44:33","isFullCredit":false},{"lineNumber":130,"author":{"gitId":"llk214"},"content":"     *","lastModifiedDate":"2026-02-11T02:44:33","isFullCredit":false},{"lineNumber":131,"author":{"gitId":"llk214"},"content":"     * @param input The user input containing the task number.","lastModifiedDate":"2026-02-11T02:44:33","isFullCredit":false},{"lineNumber":132,"author":{"gitId":"llk214"},"content":"     * @param prefixLength The length of the command prefix to skip.","lastModifiedDate":"2026-02-11T02:44:33","isFullCredit":false},{"lineNumber":133,"author":{"gitId":"llk214"},"content":"     * @return The zero-based task index.","lastModifiedDate":"2026-02-11T02:44:33","isFullCredit":false},{"lineNumber":134,"author":{"gitId":"llk214"},"content":"     * @throws ClaudeException If the task number is not a valid integer or out of range.","lastModifiedDate":"2026-02-11T02:44:33","isFullCredit":false},{"lineNumber":135,"author":{"gitId":"llk214"},"content":"     */","lastModifiedDate":"2026-02-11T02:44:33","isFullCredit":false},{"lineNumber":136,"author":{"gitId":"llk214"},"content":"    private static int parseTaskIndex(String input, int prefixLength) throws ClaudeException {","lastModifiedDate":"2026-02-11T02:44:33","isFullCredit":false},{"lineNumber":137,"author":{"gitId":"llk214"},"content":"        String indexStr \u003d input.substring(prefixLength).trim();","lastModifiedDate":"2026-02-11T02:44:33","isFullCredit":false},{"lineNumber":138,"author":{"gitId":"llk214"},"content":"        int taskIndex;","lastModifiedDate":"2026-02-11T02:44:33","isFullCredit":false},{"lineNumber":139,"author":{"gitId":"llk214"},"content":"        try {","lastModifiedDate":"2026-02-11T02:44:33","isFullCredit":false},{"lineNumber":140,"author":{"gitId":"llk214"},"content":"            taskIndex \u003d Integer.parseInt(indexStr) - 1;","lastModifiedDate":"2026-02-11T02:44:33","isFullCredit":false},{"lineNumber":141,"author":{"gitId":"llk214"},"content":"        } catch (NumberFormatException e) {","lastModifiedDate":"2026-02-11T02:44:33","isFullCredit":false},{"lineNumber":142,"author":{"gitId":"llk214"},"content":"            throw new ClaudeException(\"Please provide a valid task number.\");","lastModifiedDate":"2026-02-11T02:44:33","isFullCredit":false},{"lineNumber":143,"author":{"gitId":"llk214"},"content":"        }","lastModifiedDate":"2026-02-11T02:44:33","isFullCredit":false},{"lineNumber":144,"author":{"gitId":"llk214"},"content":"        if (taskIndex \u003c 0 || taskIndex \u003e\u003d taskCount) {","lastModifiedDate":"2026-02-11T02:44:33","isFullCredit":false},{"lineNumber":145,"author":{"gitId":"llk214"},"content":"            throw new ClaudeException(\"Task number \" + (taskIndex + 1) + \" is out of range. \"","lastModifiedDate":"2026-02-11T02:44:33","isFullCredit":false},{"lineNumber":146,"author":{"gitId":"llk214"},"content":"                    + \"You have \" + taskCount + \" task(s).\");","lastModifiedDate":"2026-02-11T02:44:33","isFullCredit":false},{"lineNumber":147,"author":{"gitId":"llk214"},"content":"        }","lastModifiedDate":"2026-02-11T02:44:33","isFullCredit":false},{"lineNumber":148,"author":{"gitId":"llk214"},"content":"        return taskIndex;","lastModifiedDate":"2026-02-11T02:44:33","isFullCredit":false},{"lineNumber":149,"author":{"gitId":"llk214"},"content":"    }","lastModifiedDate":"2026-02-11T02:44:33","isFullCredit":false},{"lineNumber":150,"author":{"gitId":"llk214"},"content":"","lastModifiedDate":"2026-02-11T02:44:33","isFullCredit":false},{"lineNumber":151,"author":{"gitId":"llk214"},"content":"    /**","lastModifiedDate":"2026-02-09T18:23:12","isFullCredit":false},{"lineNumber":152,"author":{"gitId":"llk214"},"content":"     * Parses user input and adds a new Todo task.","lastModifiedDate":"2026-02-09T18:23:12","isFullCredit":false},{"lineNumber":153,"author":{"gitId":"llk214"},"content":"     *","lastModifiedDate":"2026-02-09T18:23:12","isFullCredit":false},{"lineNumber":154,"author":{"gitId":"llk214"},"content":"     * @param input The user input containing the todo description.","lastModifiedDate":"2026-02-09T18:23:12","isFullCredit":false},{"lineNumber":155,"author":{"gitId":"llk214"},"content":"     * @throws ClaudeException If the todo description is empty.","lastModifiedDate":"2026-02-11T02:44:33","isFullCredit":false},{"lineNumber":156,"author":{"gitId":"llk214"},"content":"     */","lastModifiedDate":"2026-02-09T18:23:12","isFullCredit":false},{"lineNumber":157,"author":{"gitId":"llk214"},"content":"    private static void addTodo(String input) throws ClaudeException {","lastModifiedDate":"2026-02-11T02:44:33","isFullCredit":false},{"lineNumber":158,"author":{"gitId":"llk214"},"content":"        if (input.trim().equals(\"todo\")) {","lastModifiedDate":"2026-02-11T02:44:33","isFullCredit":false},{"lineNumber":159,"author":{"gitId":"llk214"},"content":"            throw new ClaudeException(\"The description of a todo cannot be empty.\");","lastModifiedDate":"2026-02-11T02:44:33","isFullCredit":false},{"lineNumber":160,"author":{"gitId":"llk214"},"content":"        }","lastModifiedDate":"2026-02-11T02:44:33","isFullCredit":false},{"lineNumber":161,"author":{"gitId":"llk214"},"content":"        String description \u003d input.substring(5).trim();","lastModifiedDate":"2026-02-11T02:44:33","isFullCredit":false},{"lineNumber":162,"author":{"gitId":"llk214"},"content":"        if (description.isEmpty()) {","lastModifiedDate":"2026-02-11T02:44:33","isFullCredit":false},{"lineNumber":163,"author":{"gitId":"llk214"},"content":"            throw new ClaudeException(\"The description of a todo cannot be empty.\");","lastModifiedDate":"2026-02-11T02:44:33","isFullCredit":false},{"lineNumber":164,"author":{"gitId":"llk214"},"content":"        }","lastModifiedDate":"2026-02-11T02:44:33","isFullCredit":false},{"lineNumber":165,"author":{"gitId":"llk214"},"content":"        addTask(new Todo(description));","lastModifiedDate":"2026-02-09T17:59:00","isFullCredit":false},{"lineNumber":166,"author":{"gitId":"llk214"},"content":"    }","lastModifiedDate":"2026-02-09T17:59:00","isFullCredit":false},{"lineNumber":167,"author":{"gitId":"llk214"},"content":"","lastModifiedDate":"2026-02-09T17:59:00","isFullCredit":false},{"lineNumber":168,"author":{"gitId":"llk214"},"content":"    /**","lastModifiedDate":"2026-02-09T18:23:12","isFullCredit":false},{"lineNumber":169,"author":{"gitId":"llk214"},"content":"     * Parses user input and adds a new Deadline task.","lastModifiedDate":"2026-02-09T18:23:12","isFullCredit":false},{"lineNumber":170,"author":{"gitId":"llk214"},"content":"     *","lastModifiedDate":"2026-02-09T18:23:12","isFullCredit":false},{"lineNumber":171,"author":{"gitId":"llk214"},"content":"     * @param input The user input containing the deadline description and due date.","lastModifiedDate":"2026-02-09T18:23:12","isFullCredit":false},{"lineNumber":172,"author":{"gitId":"llk214"},"content":"     * @throws ClaudeException If the description is empty or the /by clause is missing.","lastModifiedDate":"2026-02-11T02:44:33","isFullCredit":false},{"lineNumber":173,"author":{"gitId":"llk214"},"content":"     */","lastModifiedDate":"2026-02-09T18:23:12","isFullCredit":false},{"lineNumber":174,"author":{"gitId":"llk214"},"content":"    private static void addDeadline(String input) throws ClaudeException {","lastModifiedDate":"2026-02-11T02:44:33","isFullCredit":false},{"lineNumber":175,"author":{"gitId":"llk214"},"content":"        if (input.trim().equals(\"deadline\")) {","lastModifiedDate":"2026-02-11T02:44:33","isFullCredit":false},{"lineNumber":176,"author":{"gitId":"llk214"},"content":"            throw new ClaudeException(\"The description of a deadline cannot be empty.\");","lastModifiedDate":"2026-02-11T02:44:33","isFullCredit":false},{"lineNumber":177,"author":{"gitId":"llk214"},"content":"        }","lastModifiedDate":"2026-02-11T02:44:33","isFullCredit":false},{"lineNumber":178,"author":{"gitId":"llk214"},"content":"        String content \u003d input.substring(9).trim();","lastModifiedDate":"2026-02-11T02:44:33","isFullCredit":false},{"lineNumber":179,"author":{"gitId":"llk214"},"content":"        if (content.isEmpty()) {","lastModifiedDate":"2026-02-11T02:44:33","isFullCredit":false},{"lineNumber":180,"author":{"gitId":"llk214"},"content":"            throw new ClaudeException(\"The description of a deadline cannot be empty.\");","lastModifiedDate":"2026-02-11T02:44:33","isFullCredit":false},{"lineNumber":181,"author":{"gitId":"llk214"},"content":"        }","lastModifiedDate":"2026-02-11T02:44:33","isFullCredit":false},{"lineNumber":182,"author":{"gitId":"llk214"},"content":"        if (!content.contains(\" /by \")) {","lastModifiedDate":"2026-02-11T02:44:33","isFullCredit":false},{"lineNumber":183,"author":{"gitId":"llk214"},"content":"            throw new ClaudeException(\"A deadline needs a /by clause. \"","lastModifiedDate":"2026-02-11T02:44:33","isFullCredit":false},{"lineNumber":184,"author":{"gitId":"llk214"},"content":"                    + \"Usage: deadline \u003cdescription\u003e /by \u003cdate\u003e\");","lastModifiedDate":"2026-02-11T02:44:33","isFullCredit":false},{"lineNumber":185,"author":{"gitId":"llk214"},"content":"        }","lastModifiedDate":"2026-02-11T02:44:33","isFullCredit":false},{"lineNumber":186,"author":{"gitId":"llk214"},"content":"        String[] parts \u003d content.split(\" /by \", 2);","lastModifiedDate":"2026-02-11T02:44:33","isFullCredit":false},{"lineNumber":187,"author":{"gitId":"llk214"},"content":"        String description \u003d parts[0].trim();","lastModifiedDate":"2026-02-11T02:44:33","isFullCredit":false},{"lineNumber":188,"author":{"gitId":"llk214"},"content":"        String by \u003d parts[1].trim();","lastModifiedDate":"2026-02-11T02:44:33","isFullCredit":false},{"lineNumber":189,"author":{"gitId":"llk214"},"content":"        if (description.isEmpty()) {","lastModifiedDate":"2026-02-11T02:44:33","isFullCredit":false},{"lineNumber":190,"author":{"gitId":"llk214"},"content":"            throw new ClaudeException(\"The description of a deadline cannot be empty.\");","lastModifiedDate":"2026-02-11T02:44:33","isFullCredit":false},{"lineNumber":191,"author":{"gitId":"llk214"},"content":"        }","lastModifiedDate":"2026-02-11T02:44:33","isFullCredit":false},{"lineNumber":192,"author":{"gitId":"llk214"},"content":"        if (by.isEmpty()) {","lastModifiedDate":"2026-02-11T02:44:33","isFullCredit":false},{"lineNumber":193,"author":{"gitId":"llk214"},"content":"            throw new ClaudeException(\"The /by date of a deadline cannot be empty.\");","lastModifiedDate":"2026-02-11T02:44:33","isFullCredit":false},{"lineNumber":194,"author":{"gitId":"llk214"},"content":"        }","lastModifiedDate":"2026-02-11T02:44:33","isFullCredit":false},{"lineNumber":195,"author":{"gitId":"llk214"},"content":"        addTask(new Deadline(description, by));","lastModifiedDate":"2026-02-09T17:59:00","isFullCredit":false},{"lineNumber":196,"author":{"gitId":"llk214"},"content":"    }","lastModifiedDate":"2026-02-09T17:59:00","isFullCredit":false},{"lineNumber":197,"author":{"gitId":"llk214"},"content":"","lastModifiedDate":"2026-02-09T17:59:00","isFullCredit":false},{"lineNumber":198,"author":{"gitId":"llk214"},"content":"    /**","lastModifiedDate":"2026-02-09T18:23:12","isFullCredit":false},{"lineNumber":199,"author":{"gitId":"llk214"},"content":"     * Parses user input and adds a new Event task.","lastModifiedDate":"2026-02-09T18:23:12","isFullCredit":false},{"lineNumber":200,"author":{"gitId":"llk214"},"content":"     *","lastModifiedDate":"2026-02-09T18:23:12","isFullCredit":false},{"lineNumber":201,"author":{"gitId":"llk214"},"content":"     * @param input The user input containing the event description, start and end times.","lastModifiedDate":"2026-02-09T18:23:12","isFullCredit":false},{"lineNumber":202,"author":{"gitId":"llk214"},"content":"     * @throws ClaudeException If the description is empty or /from and /to clauses are missing.","lastModifiedDate":"2026-02-11T02:44:33","isFullCredit":false},{"lineNumber":203,"author":{"gitId":"llk214"},"content":"     */","lastModifiedDate":"2026-02-09T18:23:12","isFullCredit":false},{"lineNumber":204,"author":{"gitId":"llk214"},"content":"    private static void addEvent(String input) throws ClaudeException {","lastModifiedDate":"2026-02-11T02:44:33","isFullCredit":false},{"lineNumber":205,"author":{"gitId":"llk214"},"content":"        if (input.trim().equals(\"event\")) {","lastModifiedDate":"2026-02-11T02:44:33","isFullCredit":false},{"lineNumber":206,"author":{"gitId":"llk214"},"content":"            throw new ClaudeException(\"The description of an event cannot be empty.\");","lastModifiedDate":"2026-02-11T02:44:33","isFullCredit":false},{"lineNumber":207,"author":{"gitId":"llk214"},"content":"        }","lastModifiedDate":"2026-02-09T17:59:00","isFullCredit":false},{"lineNumber":208,"author":{"gitId":"llk214"},"content":"        String content \u003d input.substring(6).trim();","lastModifiedDate":"2026-02-11T02:44:33","isFullCredit":false},{"lineNumber":209,"author":{"gitId":"llk214"},"content":"        if (content.isEmpty()) {","lastModifiedDate":"2026-02-11T02:44:33","isFullCredit":false},{"lineNumber":210,"author":{"gitId":"llk214"},"content":"            throw new ClaudeException(\"The description of an event cannot be empty.\");","lastModifiedDate":"2026-02-11T02:44:33","isFullCredit":false},{"lineNumber":211,"author":{"gitId":"llk214"},"content":"        }","lastModifiedDate":"2026-02-11T02:44:33","isFullCredit":false},{"lineNumber":212,"author":{"gitId":"llk214"},"content":"        if (!content.contains(\" /from \")) {","lastModifiedDate":"2026-02-11T02:44:33","isFullCredit":false},{"lineNumber":213,"author":{"gitId":"llk214"},"content":"            throw new ClaudeException(\"An event needs a /from clause. \"","lastModifiedDate":"2026-02-11T02:44:33","isFullCredit":false},{"lineNumber":214,"author":{"gitId":"llk214"},"content":"                    + \"Usage: event \u003cdescription\u003e /from \u003cstart\u003e /to \u003cend\u003e\");","lastModifiedDate":"2026-02-11T02:44:33","isFullCredit":false},{"lineNumber":215,"author":{"gitId":"llk214"},"content":"        }","lastModifiedDate":"2026-02-11T02:44:33","isFullCredit":false},{"lineNumber":216,"author":{"gitId":"llk214"},"content":"        if (!content.contains(\" /to \")) {","lastModifiedDate":"2026-02-11T02:44:33","isFullCredit":false},{"lineNumber":217,"author":{"gitId":"llk214"},"content":"            throw new ClaudeException(\"An event needs a /to clause. \"","lastModifiedDate":"2026-02-11T02:44:33","isFullCredit":false},{"lineNumber":218,"author":{"gitId":"llk214"},"content":"                    + \"Usage: event \u003cdescription\u003e /from \u003cstart\u003e /to \u003cend\u003e\");","lastModifiedDate":"2026-02-11T02:44:33","isFullCredit":false},{"lineNumber":219,"author":{"gitId":"llk214"},"content":"        }","lastModifiedDate":"2026-02-11T02:44:33","isFullCredit":false},{"lineNumber":220,"author":{"gitId":"llk214"},"content":"        String[] parts \u003d content.split(\" /from | /to \", 3);","lastModifiedDate":"2026-02-11T02:44:33","isFullCredit":false},{"lineNumber":221,"author":{"gitId":"llk214"},"content":"        String description \u003d parts[0].trim();","lastModifiedDate":"2026-02-11T02:44:33","isFullCredit":false},{"lineNumber":222,"author":{"gitId":"llk214"},"content":"        String from \u003d parts[1].trim();","lastModifiedDate":"2026-02-11T02:44:33","isFullCredit":false},{"lineNumber":223,"author":{"gitId":"llk214"},"content":"        String to \u003d parts[2].trim();","lastModifiedDate":"2026-02-11T02:44:33","isFullCredit":false},{"lineNumber":224,"author":{"gitId":"llk214"},"content":"        if (description.isEmpty()) {","lastModifiedDate":"2026-02-11T02:44:33","isFullCredit":false},{"lineNumber":225,"author":{"gitId":"llk214"},"content":"            throw new ClaudeException(\"The description of an event cannot be empty.\");","lastModifiedDate":"2026-02-11T02:44:33","isFullCredit":false},{"lineNumber":226,"author":{"gitId":"llk214"},"content":"        }","lastModifiedDate":"2026-02-11T02:44:33","isFullCredit":false},{"lineNumber":227,"author":{"gitId":"llk214"},"content":"        if (from.isEmpty()) {","lastModifiedDate":"2026-02-11T02:44:33","isFullCredit":false},{"lineNumber":228,"author":{"gitId":"llk214"},"content":"            throw new ClaudeException(\"The /from time of an event cannot be empty.\");","lastModifiedDate":"2026-02-11T02:44:33","isFullCredit":false},{"lineNumber":229,"author":{"gitId":"llk214"},"content":"        }","lastModifiedDate":"2026-02-11T02:44:33","isFullCredit":false},{"lineNumber":230,"author":{"gitId":"llk214"},"content":"        if (to.isEmpty()) {","lastModifiedDate":"2026-02-11T02:44:33","isFullCredit":false},{"lineNumber":231,"author":{"gitId":"llk214"},"content":"            throw new ClaudeException(\"The /to time of an event cannot be empty.\");","lastModifiedDate":"2026-02-11T02:44:33","isFullCredit":false},{"lineNumber":232,"author":{"gitId":"llk214"},"content":"        }","lastModifiedDate":"2026-02-11T02:44:33","isFullCredit":false},{"lineNumber":233,"author":{"gitId":"llk214"},"content":"        addTask(new Event(description, from, to));","lastModifiedDate":"2026-02-11T02:44:33","isFullCredit":false},{"lineNumber":234,"author":{"gitId":"llk214"},"content":"    }","lastModifiedDate":"2026-02-04T15:45:16","isFullCredit":false},{"lineNumber":235,"author":{"gitId":"llk214"},"content":"","lastModifiedDate":"2026-02-04T15:45:16","isFullCredit":false},{"lineNumber":236,"author":{"gitId":"llk214"},"content":"    /**","lastModifiedDate":"2026-02-09T18:23:12","isFullCredit":false},{"lineNumber":237,"author":{"gitId":"llk214"},"content":"     * Adds a task to the task list and prints a confirmation message.","lastModifiedDate":"2026-02-09T18:23:12","isFullCredit":false},{"lineNumber":238,"author":{"gitId":"llk214"},"content":"     *","lastModifiedDate":"2026-02-09T18:23:12","isFullCredit":false},{"lineNumber":239,"author":{"gitId":"llk214"},"content":"     * @param task The task to add.","lastModifiedDate":"2026-02-09T18:23:12","isFullCredit":false},{"lineNumber":240,"author":{"gitId":"llk214"},"content":"     * @throws ClaudeException If the task list is full.","lastModifiedDate":"2026-02-11T02:44:33","isFullCredit":false},{"lineNumber":241,"author":{"gitId":"llk214"},"content":"     */","lastModifiedDate":"2026-02-09T18:23:12","isFullCredit":false},{"lineNumber":242,"author":{"gitId":"llk214"},"content":"    private static void addTask(Task task) throws ClaudeException {","lastModifiedDate":"2026-02-11T02:44:33","isFullCredit":false},{"lineNumber":243,"author":{"gitId":"llk214"},"content":"        if (taskCount \u003e\u003d MAX_TASKS) {","lastModifiedDate":"2026-02-11T02:44:33","isFullCredit":false},{"lineNumber":244,"author":{"gitId":"llk214"},"content":"            throw new ClaudeException(\"You\u0027ve reached the Claude free tier limit! \"","lastModifiedDate":"2026-02-11T02:44:33","isFullCredit":false},{"lineNumber":245,"author":{"gitId":"llk214"},"content":"                    + \"Subscribe to Claude Pro to unlock unlimited tasks ;-)\");","lastModifiedDate":"2026-02-11T02:44:33","isFullCredit":false},{"lineNumber":246,"author":{"gitId":"llk214"},"content":"        }","lastModifiedDate":"2026-02-11T02:44:33","isFullCredit":false},{"lineNumber":247,"author":{"gitId":"llk214"},"content":"        tasks[taskCount] \u003d task;","lastModifiedDate":"2026-02-09T17:59:00","isFullCredit":false},{"lineNumber":248,"author":{"gitId":"llk214"},"content":"        taskCount++;","lastModifiedDate":"2026-02-09T17:59:00","isFullCredit":false},{"lineNumber":249,"author":{"gitId":"llk214"},"content":"        System.out.println(\"Got it. I\u0027ve added this task:\");","lastModifiedDate":"2026-02-09T17:59:00","isFullCredit":false},{"lineNumber":250,"author":{"gitId":"llk214"},"content":"        System.out.println(\"  \" + task);","lastModifiedDate":"2026-02-09T17:59:00","isFullCredit":false},{"lineNumber":251,"author":{"gitId":"llk214"},"content":"        System.out.println(\"Now you have \" + taskCount + \" tasks in the list.\");","lastModifiedDate":"2026-02-09T17:59:00","isFullCredit":false},{"lineNumber":252,"author":{"gitId":"llk214"},"content":"    }","lastModifiedDate":"2026-01-23T10:00:00","isFullCredit":false},{"lineNumber":253,"author":{"gitId":"llk214"},"content":"}","lastModifiedDate":"2026-01-23T10:00:00","isFullCredit":false}],"authorContributionMap":{"llk214":253}},{"path":"src/main/java/claude/ClaudeException.java","fileType":"java","lines":[{"lineNumber":1,"author":{"gitId":"llk214"},"content":"package claude;","lastModifiedDate":"2026-02-11T02:52:55","isFullCredit":false},{"lineNumber":2,"author":{"gitId":"llk214"},"content":"","lastModifiedDate":"2026-02-11T02:52:55","isFullCredit":false},{"lineNumber":3,"author":{"gitId":"llk214"},"content":"/**","lastModifiedDate":"2026-02-11T02:44:20","isFullCredit":false},{"lineNumber":4,"author":{"gitId":"llk214"},"content":" * Represents an exception specific to the Claude chatbot.","lastModifiedDate":"2026-02-11T02:44:20","isFullCredit":false},{"lineNumber":5,"author":{"gitId":"llk214"},"content":" */","lastModifiedDate":"2026-02-11T02:44:20","isFullCredit":false},{"lineNumber":6,"author":{"gitId":"llk214"},"content":"public class ClaudeException extends Exception {","lastModifiedDate":"2026-02-11T02:44:20","isFullCredit":false},{"lineNumber":7,"author":{"gitId":"llk214"},"content":"","lastModifiedDate":"2026-02-11T02:44:20","isFullCredit":false},{"lineNumber":8,"author":{"gitId":"llk214"},"content":"    /**","lastModifiedDate":"2026-02-11T02:44:20","isFullCredit":false},{"lineNumber":9,"author":{"gitId":"llk214"},"content":"     * Creates a new ClaudeException with the given error message.","lastModifiedDate":"2026-02-11T02:44:20","isFullCredit":false},{"lineNumber":10,"author":{"gitId":"llk214"},"content":"     *","lastModifiedDate":"2026-02-11T02:44:20","isFullCredit":false},{"lineNumber":11,"author":{"gitId":"llk214"},"content":"     * @param message The error message describing what went wrong.","lastModifiedDate":"2026-02-11T02:44:20","isFullCredit":false},{"lineNumber":12,"author":{"gitId":"llk214"},"content":"     */","lastModifiedDate":"2026-02-11T02:44:20","isFullCredit":false},{"lineNumber":13,"author":{"gitId":"llk214"},"content":"    public ClaudeException(String message) {","lastModifiedDate":"2026-02-11T02:44:20","isFullCredit":false},{"lineNumber":14,"author":{"gitId":"llk214"},"content":"        super(message);","lastModifiedDate":"2026-02-11T02:44:20","isFullCredit":false},{"lineNumber":15,"author":{"gitId":"llk214"},"content":"    }","lastModifiedDate":"2026-02-11T02:44:20","isFullCredit":false},{"lineNumber":16,"author":{"gitId":"llk214"},"content":"}","lastModifiedDate":"2026-02-11T02:44:20","isFullCredit":false}],"authorContributionMap":{"llk214":16}},{"path":"src/main/java/claude/Deadline.java","fileType":"java","lines":[{"lineNumber":1,"author":{"gitId":"llk214"},"content":"package claude;","lastModifiedDate":"2026-02-11T02:52:55","isFullCredit":false},{"lineNumber":2,"author":{"gitId":"llk214"},"content":"","lastModifiedDate":"2026-02-11T02:52:55","isFullCredit":false},{"lineNumber":3,"author":{"gitId":"llk214"},"content":"/**","lastModifiedDate":"2026-02-09T18:23:12","isFullCredit":false},{"lineNumber":4,"author":{"gitId":"llk214"},"content":" * Represents a task with a deadline.","lastModifiedDate":"2026-02-09T18:23:12","isFullCredit":false},{"lineNumber":5,"author":{"gitId":"llk214"},"content":" */","lastModifiedDate":"2026-02-09T18:23:12","isFullCredit":false},{"lineNumber":6,"author":{"gitId":"llk214"},"content":"public class Deadline extends Task {","lastModifiedDate":"2026-02-04T15:45:16","isFullCredit":false},{"lineNumber":7,"author":{"gitId":"llk214"},"content":"    protected String by;","lastModifiedDate":"2026-02-04T15:45:16","isFullCredit":false},{"lineNumber":8,"author":{"gitId":"llk214"},"content":"","lastModifiedDate":"2026-02-04T15:45:16","isFullCredit":false},{"lineNumber":9,"author":{"gitId":"llk214"},"content":"    /**","lastModifiedDate":"2026-02-09T18:23:12","isFullCredit":false},{"lineNumber":10,"author":{"gitId":"llk214"},"content":"     * Creates a new Deadline task with the given description and due date.","lastModifiedDate":"2026-02-09T18:23:12","isFullCredit":false},{"lineNumber":11,"author":{"gitId":"llk214"},"content":"     *","lastModifiedDate":"2026-02-09T18:23:12","isFullCredit":false},{"lineNumber":12,"author":{"gitId":"llk214"},"content":"     * @param description The description of the deadline task.","lastModifiedDate":"2026-02-09T18:23:12","isFullCredit":false},{"lineNumber":13,"author":{"gitId":"llk214"},"content":"     * @param by The due date or time for this task.","lastModifiedDate":"2026-02-09T18:23:12","isFullCredit":false},{"lineNumber":14,"author":{"gitId":"llk214"},"content":"     */","lastModifiedDate":"2026-02-09T18:23:12","isFullCredit":false},{"lineNumber":15,"author":{"gitId":"llk214"},"content":"    public Deadline(String description, String by) {","lastModifiedDate":"2026-02-04T15:45:16","isFullCredit":false},{"lineNumber":16,"author":{"gitId":"llk214"},"content":"        super(description);","lastModifiedDate":"2026-02-04T15:45:16","isFullCredit":false},{"lineNumber":17,"author":{"gitId":"llk214"},"content":"        this.by \u003d by;","lastModifiedDate":"2026-02-04T15:45:16","isFullCredit":false},{"lineNumber":18,"author":{"gitId":"llk214"},"content":"    }","lastModifiedDate":"2026-02-04T15:45:16","isFullCredit":false},{"lineNumber":19,"author":{"gitId":"llk214"},"content":"","lastModifiedDate":"2026-02-04T15:45:16","isFullCredit":false},{"lineNumber":20,"author":{"gitId":"llk214"},"content":"    @Override","lastModifiedDate":"2026-02-04T15:45:16","isFullCredit":false},{"lineNumber":21,"author":{"gitId":"llk214"},"content":"    public String toString() {","lastModifiedDate":"2026-02-04T15:45:16","isFullCredit":false},{"lineNumber":22,"author":{"gitId":"llk214"},"content":"        return \"[D]\" + super.toString() + \" (by: \" + by + \")\";","lastModifiedDate":"2026-02-04T15:45:16","isFullCredit":false},{"lineNumber":23,"author":{"gitId":"llk214"},"content":"    }","lastModifiedDate":"2026-02-04T15:45:16","isFullCredit":false},{"lineNumber":24,"author":{"gitId":"llk214"},"content":"}","lastModifiedDate":"2026-02-04T15:45:16","isFullCredit":false}],"authorContributionMap":{"llk214":24}},{"path":"src/main/java/claude/Event.java","fileType":"java","lines":[{"lineNumber":1,"author":{"gitId":"llk214"},"content":"package claude;","lastModifiedDate":"2026-02-11T02:52:55","isFullCredit":false},{"lineNumber":2,"author":{"gitId":"llk214"},"content":"","lastModifiedDate":"2026-02-11T02:52:55","isFullCredit":false},{"lineNumber":3,"author":{"gitId":"llk214"},"content":"/**","lastModifiedDate":"2026-02-09T18:23:12","isFullCredit":false},{"lineNumber":4,"author":{"gitId":"llk214"},"content":" * Represents a task that spans a time period with a start and end time.","lastModifiedDate":"2026-02-09T18:23:12","isFullCredit":false},{"lineNumber":5,"author":{"gitId":"llk214"},"content":" */","lastModifiedDate":"2026-02-09T18:23:12","isFullCredit":false},{"lineNumber":6,"author":{"gitId":"llk214"},"content":"public class Event extends Task {","lastModifiedDate":"2026-02-04T15:45:16","isFullCredit":false},{"lineNumber":7,"author":{"gitId":"llk214"},"content":"    protected String from;","lastModifiedDate":"2026-02-04T15:45:16","isFullCredit":false},{"lineNumber":8,"author":{"gitId":"llk214"},"content":"    protected String to;","lastModifiedDate":"2026-02-04T15:45:16","isFullCredit":false},{"lineNumber":9,"author":{"gitId":"llk214"},"content":"","lastModifiedDate":"2026-02-04T15:45:16","isFullCredit":false},{"lineNumber":10,"author":{"gitId":"llk214"},"content":"    /**","lastModifiedDate":"2026-02-09T18:23:12","isFullCredit":false},{"lineNumber":11,"author":{"gitId":"llk214"},"content":"     * Creates a new Event task with the given description, start and end times.","lastModifiedDate":"2026-02-09T18:23:12","isFullCredit":false},{"lineNumber":12,"author":{"gitId":"llk214"},"content":"     *","lastModifiedDate":"2026-02-09T18:23:12","isFullCredit":false},{"lineNumber":13,"author":{"gitId":"llk214"},"content":"     * @param description The description of the event.","lastModifiedDate":"2026-02-09T18:23:12","isFullCredit":false},{"lineNumber":14,"author":{"gitId":"llk214"},"content":"     * @param from The start time of the event.","lastModifiedDate":"2026-02-09T18:23:12","isFullCredit":false},{"lineNumber":15,"author":{"gitId":"llk214"},"content":"     * @param to The end time of the event.","lastModifiedDate":"2026-02-09T18:23:12","isFullCredit":false},{"lineNumber":16,"author":{"gitId":"llk214"},"content":"     */","lastModifiedDate":"2026-02-09T18:23:12","isFullCredit":false},{"lineNumber":17,"author":{"gitId":"llk214"},"content":"    public Event(String description, String from, String to) {","lastModifiedDate":"2026-02-04T15:45:16","isFullCredit":false},{"lineNumber":18,"author":{"gitId":"llk214"},"content":"        super(description);","lastModifiedDate":"2026-02-04T15:45:16","isFullCredit":false},{"lineNumber":19,"author":{"gitId":"llk214"},"content":"        this.from \u003d from;","lastModifiedDate":"2026-02-04T15:45:16","isFullCredit":false},{"lineNumber":20,"author":{"gitId":"llk214"},"content":"        this.to \u003d to;","lastModifiedDate":"2026-02-04T15:45:16","isFullCredit":false},{"lineNumber":21,"author":{"gitId":"llk214"},"content":"    }","lastModifiedDate":"2026-02-04T15:45:16","isFullCredit":false},{"lineNumber":22,"author":{"gitId":"llk214"},"content":"","lastModifiedDate":"2026-02-04T15:45:16","isFullCredit":false},{"lineNumber":23,"author":{"gitId":"llk214"},"content":"    @Override","lastModifiedDate":"2026-02-04T15:45:16","isFullCredit":false},{"lineNumber":24,"author":{"gitId":"llk214"},"content":"    public String toString() {","lastModifiedDate":"2026-02-04T15:45:16","isFullCredit":false},{"lineNumber":25,"author":{"gitId":"llk214"},"content":"        return \"[E]\" + super.toString() + \" (from: \" + from + \" to: \" + to + \")\";","lastModifiedDate":"2026-02-04T15:45:16","isFullCredit":false},{"lineNumber":26,"author":{"gitId":"llk214"},"content":"    }","lastModifiedDate":"2026-02-04T15:45:16","isFullCredit":false},{"lineNumber":27,"author":{"gitId":"llk214"},"content":"}","lastModifiedDate":"2026-02-04T15:45:16","isFullCredit":false}],"authorContributionMap":{"llk214":27}},{"path":"src/main/java/claude/Task.java","fileType":"java","lines":[{"lineNumber":1,"author":{"gitId":"llk214"},"content":"package claude;","lastModifiedDate":"2026-02-11T02:52:55","isFullCredit":false},{"lineNumber":2,"author":{"gitId":"llk214"},"content":"","lastModifiedDate":"2026-02-11T02:52:55","isFullCredit":false},{"lineNumber":3,"author":{"gitId":"llk214"},"content":"/**","lastModifiedDate":"2026-02-09T18:23:12","isFullCredit":false},{"lineNumber":4,"author":{"gitId":"llk214"},"content":" * Represents a task with a description and completion status.","lastModifiedDate":"2026-02-09T18:23:12","isFullCredit":false},{"lineNumber":5,"author":{"gitId":"llk214"},"content":" */","lastModifiedDate":"2026-02-09T18:23:12","isFullCredit":false},{"lineNumber":6,"author":{"gitId":"llk214"},"content":"public class Task {","lastModifiedDate":"2026-01-30T17:19:28","isFullCredit":false},{"lineNumber":7,"author":{"gitId":"llk214"},"content":"    protected String description;","lastModifiedDate":"2026-01-30T17:19:28","isFullCredit":false},{"lineNumber":8,"author":{"gitId":"llk214"},"content":"    protected boolean isDone;","lastModifiedDate":"2026-01-30T17:19:28","isFullCredit":false},{"lineNumber":9,"author":{"gitId":"llk214"},"content":"","lastModifiedDate":"2026-01-30T17:19:28","isFullCredit":false},{"lineNumber":10,"author":{"gitId":"llk214"},"content":"    /**","lastModifiedDate":"2026-02-09T18:23:12","isFullCredit":false},{"lineNumber":11,"author":{"gitId":"llk214"},"content":"     * Creates a new task with the given description.","lastModifiedDate":"2026-02-09T18:23:12","isFullCredit":false},{"lineNumber":12,"author":{"gitId":"llk214"},"content":"     *","lastModifiedDate":"2026-02-09T18:23:12","isFullCredit":false},{"lineNumber":13,"author":{"gitId":"llk214"},"content":"     * @param description The description of the task.","lastModifiedDate":"2026-02-09T18:23:12","isFullCredit":false},{"lineNumber":14,"author":{"gitId":"llk214"},"content":"     */","lastModifiedDate":"2026-02-09T18:23:12","isFullCredit":false},{"lineNumber":15,"author":{"gitId":"llk214"},"content":"    public Task(String description) {","lastModifiedDate":"2026-01-30T17:19:28","isFullCredit":false},{"lineNumber":16,"author":{"gitId":"llk214"},"content":"        this.description \u003d description;","lastModifiedDate":"2026-01-30T17:19:28","isFullCredit":false},{"lineNumber":17,"author":{"gitId":"llk214"},"content":"        this.isDone \u003d false;","lastModifiedDate":"2026-01-30T17:19:28","isFullCredit":false},{"lineNumber":18,"author":{"gitId":"llk214"},"content":"    }","lastModifiedDate":"2026-01-30T17:19:28","isFullCredit":false},{"lineNumber":19,"author":{"gitId":"llk214"},"content":"","lastModifiedDate":"2026-01-30T17:19:28","isFullCredit":false},{"lineNumber":20,"author":{"gitId":"llk214"},"content":"    /**","lastModifiedDate":"2026-02-09T18:23:12","isFullCredit":false},{"lineNumber":21,"author":{"gitId":"llk214"},"content":"     * Returns the status icon for this task.","lastModifiedDate":"2026-02-09T18:23:12","isFullCredit":false},{"lineNumber":22,"author":{"gitId":"llk214"},"content":"     *","lastModifiedDate":"2026-02-09T18:23:12","isFullCredit":false},{"lineNumber":23,"author":{"gitId":"llk214"},"content":"     * @return \"X\" if the task is done, \" \" otherwise.","lastModifiedDate":"2026-02-09T18:23:12","isFullCredit":false},{"lineNumber":24,"author":{"gitId":"llk214"},"content":"     */","lastModifiedDate":"2026-02-09T18:23:12","isFullCredit":false},{"lineNumber":25,"author":{"gitId":"llk214"},"content":"    public String getStatusIcon() {","lastModifiedDate":"2026-01-30T17:19:28","isFullCredit":false},{"lineNumber":26,"author":{"gitId":"llk214"},"content":"        return (isDone ? \"X\" : \" \");","lastModifiedDate":"2026-02-09T18:23:12","isFullCredit":false},{"lineNumber":27,"author":{"gitId":"llk214"},"content":"    }","lastModifiedDate":"2026-01-30T17:19:28","isFullCredit":false},{"lineNumber":28,"author":{"gitId":"llk214"},"content":"","lastModifiedDate":"2026-01-30T17:19:28","isFullCredit":false},{"lineNumber":29,"author":{"gitId":"llk214"},"content":"    /** Marks this task as done. */","lastModifiedDate":"2026-02-09T18:23:12","isFullCredit":false},{"lineNumber":30,"author":{"gitId":"llk214"},"content":"    public void markAsDone() {","lastModifiedDate":"2026-01-30T17:19:28","isFullCredit":false},{"lineNumber":31,"author":{"gitId":"llk214"},"content":"        this.isDone \u003d true;","lastModifiedDate":"2026-01-30T17:19:28","isFullCredit":false},{"lineNumber":32,"author":{"gitId":"llk214"},"content":"    }","lastModifiedDate":"2026-01-30T17:19:28","isFullCredit":false},{"lineNumber":33,"author":{"gitId":"llk214"},"content":"","lastModifiedDate":"2026-01-30T17:19:28","isFullCredit":false},{"lineNumber":34,"author":{"gitId":"llk214"},"content":"    /** Marks this task as not done. */","lastModifiedDate":"2026-02-09T18:23:12","isFullCredit":false},{"lineNumber":35,"author":{"gitId":"llk214"},"content":"    public void markAsNotDone() {","lastModifiedDate":"2026-01-30T17:19:28","isFullCredit":false},{"lineNumber":36,"author":{"gitId":"llk214"},"content":"        this.isDone \u003d false;","lastModifiedDate":"2026-01-30T17:19:28","isFullCredit":false},{"lineNumber":37,"author":{"gitId":"llk214"},"content":"    }","lastModifiedDate":"2026-01-30T17:19:28","isFullCredit":false},{"lineNumber":38,"author":{"gitId":"llk214"},"content":"","lastModifiedDate":"2026-01-30T17:19:28","isFullCredit":false},{"lineNumber":39,"author":{"gitId":"llk214"},"content":"    /**","lastModifiedDate":"2026-02-09T18:23:12","isFullCredit":false},{"lineNumber":40,"author":{"gitId":"llk214"},"content":"     * Returns the description of this task.","lastModifiedDate":"2026-02-09T18:23:12","isFullCredit":false},{"lineNumber":41,"author":{"gitId":"llk214"},"content":"     *","lastModifiedDate":"2026-02-09T18:23:12","isFullCredit":false},{"lineNumber":42,"author":{"gitId":"llk214"},"content":"     * @return The task description.","lastModifiedDate":"2026-02-09T18:23:12","isFullCredit":false},{"lineNumber":43,"author":{"gitId":"llk214"},"content":"     */","lastModifiedDate":"2026-02-09T18:23:12","isFullCredit":false},{"lineNumber":44,"author":{"gitId":"llk214"},"content":"    public String getDescription() {","lastModifiedDate":"2026-01-30T17:19:28","isFullCredit":false},{"lineNumber":45,"author":{"gitId":"llk214"},"content":"        return description;","lastModifiedDate":"2026-01-30T17:19:28","isFullCredit":false},{"lineNumber":46,"author":{"gitId":"llk214"},"content":"    }","lastModifiedDate":"2026-01-30T17:19:28","isFullCredit":false},{"lineNumber":47,"author":{"gitId":"llk214"},"content":"","lastModifiedDate":"2026-01-30T17:19:28","isFullCredit":false},{"lineNumber":48,"author":{"gitId":"llk214"},"content":"    @Override","lastModifiedDate":"2026-01-30T17:19:28","isFullCredit":false},{"lineNumber":49,"author":{"gitId":"llk214"},"content":"    public String toString() {","lastModifiedDate":"2026-01-30T17:19:28","isFullCredit":false},{"lineNumber":50,"author":{"gitId":"llk214"},"content":"        return \"[\" + getStatusIcon() + \"] \" + description;","lastModifiedDate":"2026-01-30T17:19:28","isFullCredit":false},{"lineNumber":51,"author":{"gitId":"llk214"},"content":"    }","lastModifiedDate":"2026-01-30T17:19:28","isFullCredit":false},{"lineNumber":52,"author":{"gitId":"llk214"},"content":"}","lastModifiedDate":"2026-01-30T17:19:28","isFullCredit":false}],"authorContributionMap":{"llk214":52}},{"path":"src/main/java/claude/Todo.java","fileType":"java","lines":[{"lineNumber":1,"author":{"gitId":"llk214"},"content":"package claude;","lastModifiedDate":"2026-02-11T02:52:55","isFullCredit":false},{"lineNumber":2,"author":{"gitId":"llk214"},"content":"","lastModifiedDate":"2026-02-11T02:52:55","isFullCredit":false},{"lineNumber":3,"author":{"gitId":"llk214"},"content":"/**","lastModifiedDate":"2026-02-09T18:23:12","isFullCredit":false},{"lineNumber":4,"author":{"gitId":"llk214"},"content":" * Represents a todo task without any date constraints.","lastModifiedDate":"2026-02-09T18:23:12","isFullCredit":false},{"lineNumber":5,"author":{"gitId":"llk214"},"content":" */","lastModifiedDate":"2026-02-09T18:23:12","isFullCredit":false},{"lineNumber":6,"author":{"gitId":"llk214"},"content":"public class Todo extends Task {","lastModifiedDate":"2026-02-04T15:45:16","isFullCredit":false},{"lineNumber":7,"author":{"gitId":"llk214"},"content":"","lastModifiedDate":"2026-02-04T15:45:16","isFullCredit":false},{"lineNumber":8,"author":{"gitId":"llk214"},"content":"    /**","lastModifiedDate":"2026-02-09T18:23:12","isFullCredit":false},{"lineNumber":9,"author":{"gitId":"llk214"},"content":"     * Creates a new Todo task with the given description.","lastModifiedDate":"2026-02-09T18:23:12","isFullCredit":false},{"lineNumber":10,"author":{"gitId":"llk214"},"content":"     *","lastModifiedDate":"2026-02-09T18:23:12","isFullCredit":false},{"lineNumber":11,"author":{"gitId":"llk214"},"content":"     * @param description The description of the todo.","lastModifiedDate":"2026-02-09T18:23:12","isFullCredit":false},{"lineNumber":12,"author":{"gitId":"llk214"},"content":"     */","lastModifiedDate":"2026-02-09T18:23:12","isFullCredit":false},{"lineNumber":13,"author":{"gitId":"llk214"},"content":"    public Todo(String description) {","lastModifiedDate":"2026-02-04T15:45:16","isFullCredit":false},{"lineNumber":14,"author":{"gitId":"llk214"},"content":"        super(description);","lastModifiedDate":"2026-02-04T15:45:16","isFullCredit":false},{"lineNumber":15,"author":{"gitId":"llk214"},"content":"    }","lastModifiedDate":"2026-02-04T15:45:16","isFullCredit":false},{"lineNumber":16,"author":{"gitId":"llk214"},"content":"","lastModifiedDate":"2026-02-04T15:45:16","isFullCredit":false},{"lineNumber":17,"author":{"gitId":"llk214"},"content":"    @Override","lastModifiedDate":"2026-02-04T15:45:16","isFullCredit":false},{"lineNumber":18,"author":{"gitId":"llk214"},"content":"    public String toString() {","lastModifiedDate":"2026-02-04T15:45:16","isFullCredit":false},{"lineNumber":19,"author":{"gitId":"llk214"},"content":"        return \"[T]\" + super.toString();","lastModifiedDate":"2026-02-04T15:45:16","isFullCredit":false},{"lineNumber":20,"author":{"gitId":"llk214"},"content":"    }","lastModifiedDate":"2026-02-04T15:45:16","isFullCredit":false},{"lineNumber":21,"author":{"gitId":"llk214"},"content":"}","lastModifiedDate":"2026-02-04T15:45:16","isFullCredit":false}],"authorContributionMap":{"llk214":21}}]
