{"authorDailyContributionsMap":{"llk214":[{"date":"2026-01-23T00:00:00","commitResults":[{"hash":"6fdcfefba144bc4b32443bd0ac926362cb495f46","isMergeCommit":false,"messageTitle":"Level-0: Rename, Greet, Exit","messageBody":"Renamed chatbot to Claude with custom ASCII art logo.\nPrints personalized greeting and exits.\n","tags":["Level-0"],"fileTypesAndContributionMap":{"java":{"insertions":20,"deletions":0}}},{"hash":"cce282e2baa0d91b7b650363146043c68aa2cf56","isMergeCommit":false,"messageTitle":"Add Level-1: Greet, Echo, Exit","messageBody":"Implements echo functionality for user input.\nExits gracefully when user types \u0027bye\u0027.\n","tags":["Level-1"],"fileTypesAndContributionMap":{"java":{"insertions":23,"deletions":6}}}]},{"date":"2026-01-25T00:00:00","commitResults":[{"hash":"2bbb5b4a87db69b1733715ff3d33a909bcb0035f","isMergeCommit":false,"messageTitle":"Add Level-4: ToDo, Event, Deadline Implement three task types with inheritance (A-Inheritance): - Create Todo class for tasks without dates - Create Deadline class for tasks with deadlines - Create Event class for tasks with start and end times - Use polymorphism with Task[] array - Add commands: todo, deadline, event - Changed file name to claude","messageBody":"","tags":["Level-4"],"fileTypesAndContributionMap":{"java":{"insertions":121,"deletions":73}}},{"hash":"0e8e00c6fd80d2a8ef80ad035c9389b19ed70884","isMergeCommit":false,"messageTitle":"Add ClaudeException class for chatbot-specific errors","messageBody":"","fileTypesAndContributionMap":{"java":{"insertions":129,"deletions":43}}},{"hash":"835d75a74480f747cb4f3c5504ce3b74b046901f","isMergeCommit":false,"messageTitle":"Add A-CodeQuality: Refactor code","messageBody":"- Extract methods from main(): handleCommand, printWelcome, printGoodbye, etc.\n- Consolidate duplicate \u0027task added\u0027 messages into addTask() method\n- Extract constants: MAX_TASKS, LINE\n- Separate command parsing from command routing\n","tags":["A-CodeQuality"],"fileTypesAndContributionMap":{"java":{"insertions":102,"deletions":73}}},{"hash":"df0ca0c53b03433d35d853977b5fda812b61f38e","isMergeCommit":false,"messageTitle":"make error messages sound like claude","messageBody":"","fileTypesAndContributionMap":{"java":{"insertions":1,"deletions":1}}},{"hash":"10e40c44a2496bbec9a8617345f124605bc2a4d3","isMergeCommit":false,"messageTitle":"Add A-CodingStandard: following the coding standards","messageBody":"","tags":["A-CodingStandard"],"fileTypesAndContributionMap":{"java":{"insertions":107,"deletions":2}}},{"hash":"b4b1855ad5e41dd1dfde5076ccd9e5464f0e36df","isMergeCommit":true,"messageTitle":"Merge branch \u0027branch-Level-5\u0027 for Level-5: Handle Errors","messageBody":"","tags":["Level-5"],"fileTypesAndContributionMap":{}}]},{"date":"2026-02-09T00:00:00","commitResults":[{"hash":"f0a2e93dfd70a95e228e6780f314c27b90d5d5fa","isMergeCommit":false,"messageTitle":"Add Level-2: Add, List","messageBody":"Implement task storage and listing:\n- Store tasks in String array (max 100)\n- Add tasks with any input except \u0027list\u0027 and \u0027bye\u0027\n- List all tasks with \u0027list\u0027 command\n- Format output with horizontal lines\n","tags":["Level-2"],"fileTypesAndContributionMap":{"java":{"insertions":27,"deletions":4}}},{"hash":"a335e5e2e3c3cfe1f75e32a3b1637c720141c262","isMergeCommit":false,"messageTitle":"Add Level-3: Mark as Done","messageBody":"Implement task status tracking:\n- Create Task class to represent tasks (A-Classes)\n- Add mark command to mark tasks as done\n- Add unmark command to mark tasks as not done\n- Update list to show task status [X] or [ ]\n- Use OOP approach with Task objects\n","tags":["Level-3"],"fileTypesAndContributionMap":{"java":{"insertions":47,"deletions":4}}}]}]},"authorFileTypeContributionMap":{"llk214":{"java":381,"md":0,"fxml":0,"sh":0,"bat":0,"gradle":0,"txt":0}},"authorContributionVariance":{"llk214":12970.937},"authorDisplayNameMap":{"llk214":"CS2113-W13-4 LIU ..KUAN"}}
