{"authorDailyContributionsMap":{"llk214":[{"date":"2026-01-22T00:00:00","commitResults":[{"hash":"13f616877294fa5f6f9880e093d867556b566416","isMergeCommit":false,"messageTitle":"Add Level-1: Greet, Echo, Exit - Renamed chatbot to Claude with personalized greeting - Implements echo functionality for user input - Exits gracefully when user types \u0027bye\u0027 - Added custom ASCII art logo for Claude","messageBody":"","tags":["Level-1"],"fileTypesAndContributionMap":{"java":{"insertions":23,"deletions":6}}}]},{"date":"2026-01-28T00:00:00","commitResults":[{"hash":"871339950780ec60c51927babd9889052495e9c0","isMergeCommit":false,"messageTitle":"Add Level-2: Add, List","messageBody":"Implement task storage and listing:\n- Store tasks in String array (max 100)\n- Add tasks with any input except \u0027list\u0027 and \u0027bye\u0027\n- List all tasks with \u0027list\u0027 command\n- Format output with horizontal lines\n","tags":["Level-2"],"fileTypesAndContributionMap":{"java":{"insertions":27,"deletions":4}}}]},{"date":"2026-01-30T00:00:00","commitResults":[{"hash":"348376a8b834657698be431758966a58ca73b415","isMergeCommit":false,"messageTitle":"Add Level-3: Mark as Done","messageBody":"Implement task status tracking:\n- Create Task class to represent tasks (A-Classes)\n- Add mark command to mark tasks as done\n- Add unmark command to mark tasks as not done\n- Update list to show task status [X] or [ ]\n- Use OOP approach with Task objects\n","tags":["Level-3"],"fileTypesAndContributionMap":{"java":{"insertions":47,"deletions":4}}}]}]},"authorFileTypeContributionMap":{"llk214":{"java":88,"md":0,"fxml":0,"sh":0,"bat":0,"gradle":0,"txt":0}},"authorContributionVariance":{"llk214":174.67975},"authorDisplayNameMap":{"llk214":"CS2113-W13-4 LIU ..KUAN"}}
