[{"path":"src/main/java/batman/Batman.java","fileType":"java","lines":[{"lineNumber":1,"author":{"gitId":"Hongyu1231"},"content":"package batman;","lastModifiedDate":"2026-02-08T17:51:58","isFullCredit":false},{"lineNumber":2,"author":{"gitId":"Hongyu1231"},"content":"","lastModifiedDate":"2026-02-08T17:51:58","isFullCredit":false},{"lineNumber":3,"author":{"gitId":"Hongyu1231"},"content":"import java.util.Scanner;","lastModifiedDate":"2026-01-29T13:49:18","isFullCredit":false},{"lineNumber":4,"author":{"gitId":"Hongyu1231"},"content":"import task.*;","lastModifiedDate":"2026-02-08T17:51:58","isFullCredit":false},{"lineNumber":5,"author":{"gitId":"Hongyu1231"},"content":"import exception.*;","lastModifiedDate":"2026-02-08T17:51:58","isFullCredit":false},{"lineNumber":6,"author":{"gitId":"Hongyu1231"},"content":"","lastModifiedDate":"2026-02-08T17:51:58","isFullCredit":false},{"lineNumber":7,"author":{"gitId":"Hongyu1231"},"content":"// 或者直接写 import task.*; 也可以","lastModifiedDate":"2026-02-08T17:51:58","isFullCredit":false},{"lineNumber":8,"author":{"gitId":"Hongyu1231"},"content":"","lastModifiedDate":"2026-02-08T17:51:58","isFullCredit":false},{"lineNumber":9,"author":{"gitId":"Hongyu1231"},"content":"import exception.BatmanException; // 3. 导入 exception 包","lastModifiedDate":"2026-02-08T17:51:58","isFullCredit":false},{"lineNumber":10,"author":{"gitId":"Hongyu1231"},"content":"","lastModifiedDate":"2026-01-29T13:49:18","isFullCredit":false},{"lineNumber":11,"author":{"gitId":"Hongyu1231"},"content":"public class Batman {","lastModifiedDate":"2026-01-24T23:20:51","isFullCredit":false},{"lineNumber":12,"author":{"gitId":"Hongyu1231"},"content":"","lastModifiedDate":"2026-02-01T16:21:00","isFullCredit":false},{"lineNumber":13,"author":{"gitId":"Hongyu1231"},"content":"    private static final int MAX_TASKS \u003d 100;","lastModifiedDate":"2026-01-30T12:53:27","isFullCredit":false},{"lineNumber":14,"author":{"gitId":"Hongyu1231"},"content":"","lastModifiedDate":"2026-01-30T12:53:27","isFullCredit":false},{"lineNumber":15,"author":{"gitId":"Hongyu1231"},"content":"","lastModifiedDate":"2026-01-30T12:53:27","isFullCredit":false},{"lineNumber":16,"author":{"gitId":"Hongyu1231"},"content":"    public static void printLine() {","lastModifiedDate":"2026-01-29T13:49:18","isFullCredit":false},{"lineNumber":17,"author":{"gitId":"Hongyu1231"},"content":"        String line \u003d \"    ____________________________________________________________\";","lastModifiedDate":"2026-01-24T23:20:51","isFullCredit":false},{"lineNumber":18,"author":{"gitId":"Hongyu1231"},"content":"        System.out.println(line);","lastModifiedDate":"2026-01-29T13:49:18","isFullCredit":false},{"lineNumber":19,"author":{"gitId":"Hongyu1231"},"content":"    }","lastModifiedDate":"2026-01-29T13:49:18","isFullCredit":false},{"lineNumber":20,"author":{"gitId":"Hongyu1231"},"content":"","lastModifiedDate":"2026-01-29T13:49:18","isFullCredit":false},{"lineNumber":21,"author":{"gitId":"Hongyu1231"},"content":"","lastModifiedDate":"2026-01-30T12:53:27","isFullCredit":false},{"lineNumber":22,"author":{"gitId":"Hongyu1231"},"content":"    public static void greeting() {","lastModifiedDate":"2026-01-29T13:49:18","isFullCredit":false},{"lineNumber":23,"author":{"gitId":"Hongyu1231"},"content":"        String logo \u003d","lastModifiedDate":"2026-01-24T23:20:51","isFullCredit":false},{"lineNumber":24,"author":{"gitId":"Hongyu1231"},"content":"                \"          _\u003d\u003dZA\u003d\u003d_      \\n\"","lastModifiedDate":"2026-01-24T23:20:51","isFullCredit":false},{"lineNumber":25,"author":{"gitId":"Hongyu1231"},"content":"                        + \"        _/ ^  _  ^ \\\\_   \\n\"","lastModifiedDate":"2026-01-24T23:20:51","isFullCredit":false},{"lineNumber":26,"author":{"gitId":"Hongyu1231"},"content":"                        + \"       | BAT  -  MAN |  \\n\"","lastModifiedDate":"2026-01-24T23:20:51","isFullCredit":false},{"lineNumber":27,"author":{"gitId":"Hongyu1231"},"content":"                        + \"        \\\\_  _ _ _  _/   \\n\"","lastModifiedDate":"2026-01-24T23:20:51","isFullCredit":false},{"lineNumber":28,"author":{"gitId":"Hongyu1231"},"content":"                        + \"          \\\\_  W  _/     \\n\";","lastModifiedDate":"2026-01-24T23:20:51","isFullCredit":false},{"lineNumber":29,"author":{"gitId":"Hongyu1231"},"content":"","lastModifiedDate":"2026-01-24T23:20:51","isFullCredit":false},{"lineNumber":30,"author":{"gitId":"Hongyu1231"},"content":"        printLine();","lastModifiedDate":"2026-01-29T13:49:18","isFullCredit":false},{"lineNumber":31,"author":{"gitId":"Hongyu1231"},"content":"        System.out.println(logo);","lastModifiedDate":"2026-01-24T23:20:51","isFullCredit":false},{"lineNumber":32,"author":{"gitId":"Hongyu1231"},"content":"        System.out.println(\"     Hello I\u0027m Batman\\n     What can I do for you?\");","lastModifiedDate":"2026-01-24T23:20:51","isFullCredit":false},{"lineNumber":33,"author":{"gitId":"Hongyu1231"},"content":"        printLine();","lastModifiedDate":"2026-01-29T13:49:18","isFullCredit":false},{"lineNumber":34,"author":{"gitId":"Hongyu1231"},"content":"        System.out.println();","lastModifiedDate":"2026-01-29T14:09:15","isFullCredit":false},{"lineNumber":35,"author":{"gitId":"Hongyu1231"},"content":"    }","lastModifiedDate":"2026-01-29T13:49:18","isFullCredit":false},{"lineNumber":36,"author":{"gitId":"Hongyu1231"},"content":"","lastModifiedDate":"2026-01-29T13:49:18","isFullCredit":false},{"lineNumber":37,"author":{"gitId":"Hongyu1231"},"content":"","lastModifiedDate":"2026-01-30T12:53:27","isFullCredit":false},{"lineNumber":38,"author":{"gitId":"Hongyu1231"},"content":"    public static void bye() {","lastModifiedDate":"2026-01-29T13:49:18","isFullCredit":false},{"lineNumber":39,"author":{"gitId":"Hongyu1231"},"content":"        System.out.println(\"     Bye. Hope to see you again soon!\");","lastModifiedDate":"2026-01-24T23:20:51","isFullCredit":false},{"lineNumber":40,"author":{"gitId":"Hongyu1231"},"content":"        printLine();","lastModifiedDate":"2026-01-29T13:49:18","isFullCredit":false},{"lineNumber":41,"author":{"gitId":"Hongyu1231"},"content":"        System.out.println();","lastModifiedDate":"2026-01-30T12:53:27","isFullCredit":false},{"lineNumber":42,"author":{"gitId":"Hongyu1231"},"content":"    }","lastModifiedDate":"2026-01-29T13:49:18","isFullCredit":false},{"lineNumber":43,"author":{"gitId":"Hongyu1231"},"content":"","lastModifiedDate":"2026-01-29T13:49:18","isFullCredit":false},{"lineNumber":44,"author":{"gitId":"Hongyu1231"},"content":"","lastModifiedDate":"2026-01-30T12:53:27","isFullCredit":false},{"lineNumber":45,"author":{"gitId":"Hongyu1231"},"content":"    public static void handleMarking(String[] words, Task[] list, int taskCount) {","lastModifiedDate":"2026-02-01T16:21:00","isFullCredit":false},{"lineNumber":46,"author":{"gitId":"Hongyu1231"},"content":"        // 1. Validation: Check if index is provided","lastModifiedDate":"2026-02-01T16:21:00","isFullCredit":false},{"lineNumber":47,"author":{"gitId":"Hongyu1231"},"content":"        if (words.length \u003c 2) {","lastModifiedDate":"2026-02-01T16:21:00","isFullCredit":false},{"lineNumber":48,"author":{"gitId":"Hongyu1231"},"content":"            System.out.println(\"     Please provide a task number.\");","lastModifiedDate":"2026-02-01T16:21:00","isFullCredit":false},{"lineNumber":49,"author":{"gitId":"Hongyu1231"},"content":"            return;","lastModifiedDate":"2026-02-01T16:21:00","isFullCredit":false},{"lineNumber":50,"author":{"gitId":"Hongyu1231"},"content":"        }","lastModifiedDate":"2026-02-01T16:21:00","isFullCredit":false},{"lineNumber":51,"author":{"gitId":"Hongyu1231"},"content":"","lastModifiedDate":"2026-01-30T12:53:27","isFullCredit":false},{"lineNumber":52,"author":{"gitId":"Hongyu1231"},"content":"        try {","lastModifiedDate":"2026-02-01T16:21:00","isFullCredit":false},{"lineNumber":53,"author":{"gitId":"Hongyu1231"},"content":"            int index \u003d Integer.parseInt(words[1]) - 1;","lastModifiedDate":"2026-02-01T16:21:00","isFullCredit":false},{"lineNumber":54,"author":{"gitId":"Hongyu1231"},"content":"","lastModifiedDate":"2026-01-30T12:53:27","isFullCredit":false},{"lineNumber":55,"author":{"gitId":"Hongyu1231"},"content":"            // Execution: Check command type and perform action","lastModifiedDate":"2026-02-08T17:28:07","isFullCredit":false},{"lineNumber":56,"author":{"gitId":"Hongyu1231"},"content":"            Task targetTask \u003d list[index];","lastModifiedDate":"2026-02-01T16:21:00","isFullCredit":false},{"lineNumber":57,"author":{"gitId":"Hongyu1231"},"content":"            boolean isMark \u003d words[0].equals(\"mark\");","lastModifiedDate":"2026-02-01T16:21:00","isFullCredit":false},{"lineNumber":58,"author":{"gitId":"Hongyu1231"},"content":"","lastModifiedDate":"2026-02-01T16:21:00","isFullCredit":false},{"lineNumber":59,"author":{"gitId":"Hongyu1231"},"content":"            if (isMark) {","lastModifiedDate":"2026-02-01T16:21:00","isFullCredit":false},{"lineNumber":60,"author":{"gitId":"Hongyu1231"},"content":"                targetTask.setAsDone();","lastModifiedDate":"2026-02-01T16:21:00","isFullCredit":false},{"lineNumber":61,"author":{"gitId":"Hongyu1231"},"content":"                System.out.println(\"     Nice! I\u0027ve marked this task as done:\");","lastModifiedDate":"2026-02-01T16:21:00","isFullCredit":false},{"lineNumber":62,"author":{"gitId":"Hongyu1231"},"content":"            } else {","lastModifiedDate":"2026-02-01T16:21:00","isFullCredit":false},{"lineNumber":63,"author":{"gitId":"Hongyu1231"},"content":"                targetTask.setAsUndone();","lastModifiedDate":"2026-02-01T16:21:00","isFullCredit":false},{"lineNumber":64,"author":{"gitId":"Hongyu1231"},"content":"                System.out.println(\"     OK, I\u0027ve marked this task as not done yet:\");","lastModifiedDate":"2026-02-01T16:21:00","isFullCredit":false},{"lineNumber":65,"author":{"gitId":"Hongyu1231"},"content":"            }","lastModifiedDate":"2026-02-01T16:21:00","isFullCredit":false},{"lineNumber":66,"author":{"gitId":"Hongyu1231"},"content":"","lastModifiedDate":"2026-02-01T16:21:00","isFullCredit":false},{"lineNumber":67,"author":{"gitId":"Hongyu1231"},"content":"            // 5. Shared print logic","lastModifiedDate":"2026-02-01T16:21:00","isFullCredit":false},{"lineNumber":68,"author":{"gitId":"Hongyu1231"},"content":"            System.out.println(\"       \" + targetTask);","lastModifiedDate":"2026-02-01T16:21:00","isFullCredit":false},{"lineNumber":69,"author":{"gitId":"Hongyu1231"},"content":"","lastModifiedDate":"2026-02-01T16:21:00","isFullCredit":false},{"lineNumber":70,"author":{"gitId":"Hongyu1231"},"content":"        }","lastModifiedDate":"2026-02-08T17:28:07","isFullCredit":false},{"lineNumber":71,"author":{"gitId":"Hongyu1231"},"content":"        catch (NumberFormatException e) { // Validation: Check if input is a valid number","lastModifiedDate":"2026-02-08T17:28:07","isFullCredit":false},{"lineNumber":72,"author":{"gitId":"Hongyu1231"},"content":"            System.out.println(\"     Please provide a number for task index.\");","lastModifiedDate":"2026-02-08T17:28:07","isFullCredit":false},{"lineNumber":73,"author":{"gitId":"Hongyu1231"},"content":"        }","lastModifiedDate":"2026-02-08T17:28:07","isFullCredit":false},{"lineNumber":74,"author":{"gitId":"Hongyu1231"},"content":"        catch (IndexOutOfBoundsException e) { // Validation: Check if index is within bounds","lastModifiedDate":"2026-02-08T17:28:07","isFullCredit":false},{"lineNumber":75,"author":{"gitId":"Hongyu1231"},"content":"            System.out.println(\"     Task number is out of bound. Please provide a task number in correct range\");","lastModifiedDate":"2026-02-08T17:28:07","isFullCredit":false},{"lineNumber":76,"author":{"gitId":"Hongyu1231"},"content":"        }","lastModifiedDate":"2026-01-30T12:53:27","isFullCredit":false},{"lineNumber":77,"author":{"gitId":"Hongyu1231"},"content":"    }","lastModifiedDate":"2026-01-30T12:53:27","isFullCredit":false},{"lineNumber":78,"author":{"gitId":"Hongyu1231"},"content":"","lastModifiedDate":"2026-01-30T12:53:27","isFullCredit":false},{"lineNumber":79,"author":{"gitId":"Hongyu1231"},"content":"","lastModifiedDate":"2026-02-01T16:21:00","isFullCredit":false},{"lineNumber":80,"author":{"gitId":"Hongyu1231"},"content":"    public static int addTask(String input, String[] words, Task[] list, int taskCount) {","lastModifiedDate":"2026-02-01T16:21:00","isFullCredit":false},{"lineNumber":81,"author":{"gitId":"Hongyu1231"},"content":"        // 1. Guard Clause: Check if list is full","lastModifiedDate":"2026-02-01T16:21:00","isFullCredit":false},{"lineNumber":82,"author":{"gitId":"Hongyu1231"},"content":"        if (taskCount \u003e\u003d MAX_TASKS) {","lastModifiedDate":"2026-02-01T16:21:00","isFullCredit":false},{"lineNumber":83,"author":{"gitId":"Hongyu1231"},"content":"            System.out.println(\"     Your task list is full (max \" + MAX_TASKS + \"). Try to delete some tasks.\");","lastModifiedDate":"2026-02-08T17:28:07","isFullCredit":false},{"lineNumber":84,"author":{"gitId":"Hongyu1231"},"content":"            return taskCount;","lastModifiedDate":"2026-02-01T16:21:00","isFullCredit":false},{"lineNumber":85,"author":{"gitId":"Hongyu1231"},"content":"        }","lastModifiedDate":"2026-01-30T12:53:27","isFullCredit":false},{"lineNumber":86,"author":{"gitId":"Hongyu1231"},"content":"","lastModifiedDate":"2026-02-01T16:21:00","isFullCredit":false},{"lineNumber":87,"author":{"gitId":"Hongyu1231"},"content":"        Task newTask \u003d null;","lastModifiedDate":"2026-02-01T16:21:00","isFullCredit":false},{"lineNumber":88,"author":{"gitId":"Hongyu1231"},"content":"        String command \u003d words[0];","lastModifiedDate":"2026-02-01T16:21:00","isFullCredit":false},{"lineNumber":89,"author":{"gitId":"Hongyu1231"},"content":"","lastModifiedDate":"2026-02-01T16:21:00","isFullCredit":false},{"lineNumber":90,"author":{"gitId":"Hongyu1231"},"content":"        try {","lastModifiedDate":"2026-01-30T12:53:27","isFullCredit":false},{"lineNumber":91,"author":{"gitId":"Hongyu1231"},"content":"            switch (command) {","lastModifiedDate":"2026-02-01T16:21:00","isFullCredit":false},{"lineNumber":92,"author":{"gitId":"Hongyu1231"},"content":"                case \"todo\":","lastModifiedDate":"2026-02-01T16:21:00","isFullCredit":false},{"lineNumber":93,"author":{"gitId":"Hongyu1231"},"content":"                    // substring(5) skips \"todo\" (length 5)","lastModifiedDate":"2026-02-01T16:21:00","isFullCredit":false},{"lineNumber":94,"author":{"gitId":"Hongyu1231"},"content":"                    if (input.length() \u003c\u003d 5) {","lastModifiedDate":"2026-02-01T16:21:00","isFullCredit":false},{"lineNumber":95,"author":{"gitId":"Hongyu1231"},"content":"                        throw new BatmanException(\"     Error: The description of todo cannot be empty. Please add a description after todo.\");","lastModifiedDate":"2026-02-08T17:28:07","isFullCredit":false},{"lineNumber":96,"author":{"gitId":"Hongyu1231"},"content":"                    }","lastModifiedDate":"2026-02-01T16:21:00","isFullCredit":false},{"lineNumber":97,"author":{"gitId":"Hongyu1231"},"content":"                    String todoDescription \u003d input.substring(5).trim();","lastModifiedDate":"2026-02-01T16:21:00","isFullCredit":false},{"lineNumber":98,"author":{"gitId":"Hongyu1231"},"content":"                    if (todoDescription.isEmpty()) {","lastModifiedDate":"2026-02-01T16:21:00","isFullCredit":false},{"lineNumber":99,"author":{"gitId":"Hongyu1231"},"content":"                        throw new BatmanException(\"     Error: The description of todo cannot be empty. Please add a description after todo.\");","lastModifiedDate":"2026-02-08T17:28:07","isFullCredit":false},{"lineNumber":100,"author":{"gitId":"Hongyu1231"},"content":"                    }","lastModifiedDate":"2026-02-01T16:21:00","isFullCredit":false},{"lineNumber":101,"author":{"gitId":"Hongyu1231"},"content":"","lastModifiedDate":"2026-01-30T12:53:27","isFullCredit":false},{"lineNumber":102,"author":{"gitId":"Hongyu1231"},"content":"                    newTask \u003d new Todo(todoDescription);","lastModifiedDate":"2026-02-01T16:21:00","isFullCredit":false},{"lineNumber":103,"author":{"gitId":"Hongyu1231"},"content":"                    break;","lastModifiedDate":"2026-02-01T16:21:00","isFullCredit":false},{"lineNumber":104,"author":{"gitId":"Hongyu1231"},"content":"","lastModifiedDate":"2026-02-01T16:21:00","isFullCredit":false},{"lineNumber":105,"author":{"gitId":"Hongyu1231"},"content":"                case \"deadline\":","lastModifiedDate":"2026-02-01T16:21:00","isFullCredit":false},{"lineNumber":106,"author":{"gitId":"Hongyu1231"},"content":"                    int byIndex \u003d input.indexOf(\"/by\");","lastModifiedDate":"2026-02-01T16:21:00","isFullCredit":false},{"lineNumber":107,"author":{"gitId":"Hongyu1231"},"content":"                    if (byIndex \u003d\u003d -1) {","lastModifiedDate":"2026-02-01T16:21:00","isFullCredit":false},{"lineNumber":108,"author":{"gitId":"Hongyu1231"},"content":"                        throw new BatmanException(\"     Error: Can\u0027t find \\\"/by\\\". Please add \\\"by\\\" after description.\");","lastModifiedDate":"2026-02-08T17:28:07","isFullCredit":false},{"lineNumber":109,"author":{"gitId":"Hongyu1231"},"content":"                    }","lastModifiedDate":"2026-01-30T12:53:27","isFullCredit":false},{"lineNumber":110,"author":{"gitId":"Hongyu1231"},"content":"","lastModifiedDate":"2026-01-30T12:53:27","isFullCredit":false},{"lineNumber":111,"author":{"gitId":"Hongyu1231"},"content":"                    // substring(9) skips \"deadline \" (length 9)","lastModifiedDate":"2026-02-01T16:21:00","isFullCredit":false},{"lineNumber":112,"author":{"gitId":"Hongyu1231"},"content":"                    String deadlineDescription \u003d input.substring(9, byIndex).trim();","lastModifiedDate":"2026-02-01T16:21:00","isFullCredit":false},{"lineNumber":113,"author":{"gitId":"Hongyu1231"},"content":"                    String by \u003d input.substring(byIndex + 4).trim(); // +4 skips \"/by \"","lastModifiedDate":"2026-02-01T16:21:00","isFullCredit":false},{"lineNumber":114,"author":{"gitId":"Hongyu1231"},"content":"","lastModifiedDate":"2026-02-01T16:21:00","isFullCredit":false},{"lineNumber":115,"author":{"gitId":"Hongyu1231"},"content":"                    if (deadlineDescription.isEmpty()) {","lastModifiedDate":"2026-02-08T17:28:07","isFullCredit":false},{"lineNumber":116,"author":{"gitId":"Hongyu1231"},"content":"                        throw new BatmanException(\"     Error: The description of deadline cannot be empty. Please add a description after deadline.\");","lastModifiedDate":"2026-02-08T17:28:07","isFullCredit":false},{"lineNumber":117,"author":{"gitId":"Hongyu1231"},"content":"                    }","lastModifiedDate":"2026-02-08T17:28:07","isFullCredit":false},{"lineNumber":118,"author":{"gitId":"Hongyu1231"},"content":"","lastModifiedDate":"2026-02-08T17:28:07","isFullCredit":false},{"lineNumber":119,"author":{"gitId":"Hongyu1231"},"content":"                    if (by.isEmpty()) {","lastModifiedDate":"2026-02-08T17:28:07","isFullCredit":false},{"lineNumber":120,"author":{"gitId":"Hongyu1231"},"content":"                        throw new BatmanException(\"     Error: The time of \\\"by\\\" cannot be empty. Please add a time after \\\"by\\\".\");","lastModifiedDate":"2026-02-08T17:28:07","isFullCredit":false},{"lineNumber":121,"author":{"gitId":"Hongyu1231"},"content":"                    }","lastModifiedDate":"2026-02-08T17:28:07","isFullCredit":false},{"lineNumber":122,"author":{"gitId":"Hongyu1231"},"content":"","lastModifiedDate":"2026-02-08T17:28:07","isFullCredit":false},{"lineNumber":123,"author":{"gitId":"Hongyu1231"},"content":"                    newTask \u003d new Deadline(deadlineDescription, by);","lastModifiedDate":"2026-02-01T16:21:00","isFullCredit":false},{"lineNumber":124,"author":{"gitId":"Hongyu1231"},"content":"                    break;","lastModifiedDate":"2026-02-01T16:21:00","isFullCredit":false},{"lineNumber":125,"author":{"gitId":"Hongyu1231"},"content":"","lastModifiedDate":"2026-02-01T16:21:00","isFullCredit":false},{"lineNumber":126,"author":{"gitId":"Hongyu1231"},"content":"                case \"event\":","lastModifiedDate":"2026-02-01T16:21:00","isFullCredit":false},{"lineNumber":127,"author":{"gitId":"Hongyu1231"},"content":"                    int fromIndex \u003d input.indexOf(\"/from\");","lastModifiedDate":"2026-02-01T16:21:00","isFullCredit":false},{"lineNumber":128,"author":{"gitId":"Hongyu1231"},"content":"                    int toIndex \u003d input.indexOf(\"/to\");","lastModifiedDate":"2026-02-01T16:21:00","isFullCredit":false},{"lineNumber":129,"author":{"gitId":"Hongyu1231"},"content":"                    if (fromIndex \u003d\u003d -1) {","lastModifiedDate":"2026-02-08T17:28:07","isFullCredit":false},{"lineNumber":130,"author":{"gitId":"Hongyu1231"},"content":"                        throw new BatmanException(\"     Error: Can\u0027t find \\\"/from\\\". Please add \\\"/from\\\" after description.\");","lastModifiedDate":"2026-02-08T17:28:07","isFullCredit":false},{"lineNumber":131,"author":{"gitId":"Hongyu1231"},"content":"                    }","lastModifiedDate":"2026-02-08T17:28:07","isFullCredit":false},{"lineNumber":132,"author":{"gitId":"Hongyu1231"},"content":"                    else if (toIndex \u003d\u003d -1) {","lastModifiedDate":"2026-02-08T17:28:07","isFullCredit":false},{"lineNumber":133,"author":{"gitId":"Hongyu1231"},"content":"                        throw new BatmanException(\"     Error: Can\u0027t find \\\"/to\\\". Please add \\\"/to\\\" after description.\");","lastModifiedDate":"2026-02-08T17:28:07","isFullCredit":false},{"lineNumber":134,"author":{"gitId":"Hongyu1231"},"content":"                    }","lastModifiedDate":"2026-02-01T16:21:00","isFullCredit":false},{"lineNumber":135,"author":{"gitId":"Hongyu1231"},"content":"","lastModifiedDate":"2026-02-01T16:21:00","isFullCredit":false},{"lineNumber":136,"author":{"gitId":"Hongyu1231"},"content":"                    // substring(6) skips \"event \" (length 6)","lastModifiedDate":"2026-02-01T16:21:00","isFullCredit":false},{"lineNumber":137,"author":{"gitId":"Hongyu1231"},"content":"                    String eventDescription \u003d input.substring(6, fromIndex).trim();","lastModifiedDate":"2026-02-01T16:21:00","isFullCredit":false},{"lineNumber":138,"author":{"gitId":"Hongyu1231"},"content":"                    String from \u003d input.substring(fromIndex + 6, toIndex).trim(); // +6 skips \"/from \"","lastModifiedDate":"2026-02-01T16:21:00","isFullCredit":false},{"lineNumber":139,"author":{"gitId":"Hongyu1231"},"content":"                    String to \u003d input.substring(toIndex + 4).trim(); // +4 skips \"/to \"","lastModifiedDate":"2026-02-01T16:21:00","isFullCredit":false},{"lineNumber":140,"author":{"gitId":"Hongyu1231"},"content":"","lastModifiedDate":"2026-02-01T16:21:00","isFullCredit":false},{"lineNumber":141,"author":{"gitId":"Hongyu1231"},"content":"                    if (eventDescription.isEmpty()) {","lastModifiedDate":"2026-02-08T17:28:07","isFullCredit":false},{"lineNumber":142,"author":{"gitId":"Hongyu1231"},"content":"                        throw new BatmanException(\"     Error: The description of event cannot be empty. Please add a description after event.\");","lastModifiedDate":"2026-02-08T17:28:07","isFullCredit":false},{"lineNumber":143,"author":{"gitId":"Hongyu1231"},"content":"                    }","lastModifiedDate":"2026-02-08T17:28:07","isFullCredit":false},{"lineNumber":144,"author":{"gitId":"Hongyu1231"},"content":"","lastModifiedDate":"2026-02-08T17:28:07","isFullCredit":false},{"lineNumber":145,"author":{"gitId":"Hongyu1231"},"content":"                    if (from.isEmpty()) {","lastModifiedDate":"2026-02-08T17:28:07","isFullCredit":false},{"lineNumber":146,"author":{"gitId":"Hongyu1231"},"content":"                        throw new BatmanException(\"     Error: The time of \\\"from\\\" cannot be empty. Please add a time after \\\"from\\\".\");","lastModifiedDate":"2026-02-08T17:28:07","isFullCredit":false},{"lineNumber":147,"author":{"gitId":"Hongyu1231"},"content":"                    }","lastModifiedDate":"2026-02-08T17:28:07","isFullCredit":false},{"lineNumber":148,"author":{"gitId":"Hongyu1231"},"content":"","lastModifiedDate":"2026-02-08T17:28:07","isFullCredit":false},{"lineNumber":149,"author":{"gitId":"Hongyu1231"},"content":"                    if (to.isEmpty()) {","lastModifiedDate":"2026-02-08T17:28:07","isFullCredit":false},{"lineNumber":150,"author":{"gitId":"Hongyu1231"},"content":"                        throw new BatmanException(\"     Error: The time of \\\"to\\\" cannot be empty. Please add a time after \\\"to\\\".\");","lastModifiedDate":"2026-02-08T17:28:07","isFullCredit":false},{"lineNumber":151,"author":{"gitId":"Hongyu1231"},"content":"                    }","lastModifiedDate":"2026-02-08T17:28:07","isFullCredit":false},{"lineNumber":152,"author":{"gitId":"Hongyu1231"},"content":"","lastModifiedDate":"2026-02-08T17:28:07","isFullCredit":false},{"lineNumber":153,"author":{"gitId":"Hongyu1231"},"content":"                    newTask \u003d new Event(eventDescription, from, to);","lastModifiedDate":"2026-02-01T16:21:00","isFullCredit":false},{"lineNumber":154,"author":{"gitId":"Hongyu1231"},"content":"                    break;","lastModifiedDate":"2026-02-01T16:21:00","isFullCredit":false},{"lineNumber":155,"author":{"gitId":"Hongyu1231"},"content":"","lastModifiedDate":"2026-02-01T16:21:00","isFullCredit":false},{"lineNumber":156,"author":{"gitId":"Hongyu1231"},"content":"                default:","lastModifiedDate":"2026-02-01T16:21:00","isFullCredit":false},{"lineNumber":157,"author":{"gitId":"Hongyu1231"},"content":"                    System.out.println(\"     I\u0027m sorry, but I don\u0027t know what that means :-(\");","lastModifiedDate":"2026-02-01T16:21:00","isFullCredit":false},{"lineNumber":158,"author":{"gitId":"Hongyu1231"},"content":"                    return taskCount;","lastModifiedDate":"2026-02-01T16:21:00","isFullCredit":false},{"lineNumber":159,"author":{"gitId":"Hongyu1231"},"content":"            }","lastModifiedDate":"2026-02-01T16:21:00","isFullCredit":false},{"lineNumber":160,"author":{"gitId":"Hongyu1231"},"content":"","lastModifiedDate":"2026-02-01T16:21:00","isFullCredit":false},{"lineNumber":161,"author":{"gitId":"Hongyu1231"},"content":"            // Success logic","lastModifiedDate":"2026-02-01T16:21:00","isFullCredit":false},{"lineNumber":162,"author":{"gitId":"Hongyu1231"},"content":"            list[taskCount] \u003d newTask;","lastModifiedDate":"2026-02-01T16:21:00","isFullCredit":false},{"lineNumber":163,"author":{"gitId":"Hongyu1231"},"content":"            taskCount++;","lastModifiedDate":"2026-02-01T16:21:00","isFullCredit":false},{"lineNumber":164,"author":{"gitId":"Hongyu1231"},"content":"","lastModifiedDate":"2026-02-01T16:21:00","isFullCredit":false},{"lineNumber":165,"author":{"gitId":"Hongyu1231"},"content":"            System.out.println(\"     Got it. I\u0027ve added this task: \");","lastModifiedDate":"2026-02-01T16:21:00","isFullCredit":false},{"lineNumber":166,"author":{"gitId":"Hongyu1231"},"content":"            System.out.println(\"       \" + newTask);","lastModifiedDate":"2026-02-01T16:21:00","isFullCredit":false},{"lineNumber":167,"author":{"gitId":"Hongyu1231"},"content":"","lastModifiedDate":"2026-02-01T16:21:00","isFullCredit":false},{"lineNumber":168,"author":{"gitId":"Hongyu1231"},"content":"            // Corrected logical OR (||) and ternary operator","lastModifiedDate":"2026-02-01T16:21:00","isFullCredit":false},{"lineNumber":169,"author":{"gitId":"Hongyu1231"},"content":"            System.out.println(\"     Now you have \" + taskCount + ((taskCount \u003d\u003d 1) ? \" task\" : \" tasks\") + \" in the list.\");","lastModifiedDate":"2026-02-01T16:21:00","isFullCredit":false},{"lineNumber":170,"author":{"gitId":"Hongyu1231"},"content":"","lastModifiedDate":"2026-02-01T16:21:00","isFullCredit":false},{"lineNumber":171,"author":{"gitId":"Hongyu1231"},"content":"            return taskCount;","lastModifiedDate":"2026-02-01T16:21:00","isFullCredit":false},{"lineNumber":172,"author":{"gitId":"Hongyu1231"},"content":"","lastModifiedDate":"2026-02-01T16:21:00","isFullCredit":false},{"lineNumber":173,"author":{"gitId":"Hongyu1231"},"content":"        }","lastModifiedDate":"2026-02-08T17:28:07","isFullCredit":false},{"lineNumber":174,"author":{"gitId":"Hongyu1231"},"content":"        catch (BatmanException e) {","lastModifiedDate":"2026-02-08T17:28:07","isFullCredit":false},{"lineNumber":175,"author":{"gitId":"Hongyu1231"},"content":"            System.out.println(e.getMessage());","lastModifiedDate":"2026-02-08T17:28:07","isFullCredit":false},{"lineNumber":176,"author":{"gitId":"Hongyu1231"},"content":"            return taskCount;","lastModifiedDate":"2026-02-01T16:21:00","isFullCredit":false},{"lineNumber":177,"author":{"gitId":"Hongyu1231"},"content":"        }","lastModifiedDate":"2026-01-30T12:53:27","isFullCredit":false},{"lineNumber":178,"author":{"gitId":"Hongyu1231"},"content":"    }","lastModifiedDate":"2026-01-30T12:53:27","isFullCredit":false},{"lineNumber":179,"author":{"gitId":"Hongyu1231"},"content":"","lastModifiedDate":"2026-01-30T12:53:27","isFullCredit":false},{"lineNumber":180,"author":{"gitId":"Hongyu1231"},"content":"","lastModifiedDate":"2026-02-01T16:21:00","isFullCredit":false},{"lineNumber":181,"author":{"gitId":"Hongyu1231"},"content":"    public static void talk() {","lastModifiedDate":"2026-02-01T16:21:00","isFullCredit":false},{"lineNumber":182,"author":{"gitId":"Hongyu1231"},"content":"        Task[] list \u003d new Task[MAX_TASKS];","lastModifiedDate":"2026-02-01T16:21:00","isFullCredit":false},{"lineNumber":183,"author":{"gitId":"Hongyu1231"},"content":"        int taskCount \u003d 0;","lastModifiedDate":"2026-02-01T16:21:00","isFullCredit":false},{"lineNumber":184,"author":{"gitId":"Hongyu1231"},"content":"","lastModifiedDate":"2026-02-01T16:21:00","isFullCredit":false},{"lineNumber":185,"author":{"gitId":"Hongyu1231"},"content":"        try (Scanner scanner \u003d new Scanner(System.in)) {","lastModifiedDate":"2026-02-01T16:21:00","isFullCredit":false},{"lineNumber":186,"author":{"gitId":"Hongyu1231"},"content":"            while (true) {","lastModifiedDate":"2026-02-01T16:21:00","isFullCredit":false},{"lineNumber":187,"author":{"gitId":"Hongyu1231"},"content":"                String input \u003d scanner.nextLine();","lastModifiedDate":"2026-02-01T16:21:00","isFullCredit":false},{"lineNumber":188,"author":{"gitId":"Hongyu1231"},"content":"                String[] words \u003d input.split(\" \");","lastModifiedDate":"2026-02-01T16:21:00","isFullCredit":false},{"lineNumber":189,"author":{"gitId":"Hongyu1231"},"content":"","lastModifiedDate":"2026-02-01T16:21:00","isFullCredit":false},{"lineNumber":190,"author":{"gitId":"Hongyu1231"},"content":"                // Handle empty input (e.g., user just pressed Enter)","lastModifiedDate":"2026-02-01T16:21:00","isFullCredit":false},{"lineNumber":191,"author":{"gitId":"Hongyu1231"},"content":"                if (input.trim().isEmpty()) {","lastModifiedDate":"2026-02-01T16:21:00","isFullCredit":false},{"lineNumber":192,"author":{"gitId":"Hongyu1231"},"content":"                    System.out.println(\"     Please add a command.\");","lastModifiedDate":"2026-02-08T17:28:07","isFullCredit":false},{"lineNumber":193,"author":{"gitId":"Hongyu1231"},"content":"                    continue;","lastModifiedDate":"2026-01-30T12:53:27","isFullCredit":false},{"lineNumber":194,"author":{"gitId":"Hongyu1231"},"content":"                }","lastModifiedDate":"2026-01-30T12:53:27","isFullCredit":false},{"lineNumber":195,"author":{"gitId":"Hongyu1231"},"content":"","lastModifiedDate":"2026-01-30T12:53:27","isFullCredit":false},{"lineNumber":196,"author":{"gitId":"Hongyu1231"},"content":"                String command \u003d words[0];","lastModifiedDate":"2026-02-01T16:21:00","isFullCredit":false},{"lineNumber":197,"author":{"gitId":"Hongyu1231"},"content":"                printLine();","lastModifiedDate":"2026-02-01T16:21:00","isFullCredit":false},{"lineNumber":198,"author":{"gitId":"Hongyu1231"},"content":"","lastModifiedDate":"2026-02-01T16:21:00","isFullCredit":false},{"lineNumber":199,"author":{"gitId":"Hongyu1231"},"content":"                if (input.equals(\"bye\")) {","lastModifiedDate":"2026-02-01T16:21:00","isFullCredit":false},{"lineNumber":200,"author":{"gitId":"Hongyu1231"},"content":"                    break;","lastModifiedDate":"2026-02-01T16:21:00","isFullCredit":false},{"lineNumber":201,"author":{"gitId":"Hongyu1231"},"content":"                }","lastModifiedDate":"2026-01-30T12:53:27","isFullCredit":false},{"lineNumber":202,"author":{"gitId":"Hongyu1231"},"content":"","lastModifiedDate":"2026-01-30T12:53:27","isFullCredit":false},{"lineNumber":203,"author":{"gitId":"Hongyu1231"},"content":"                else if (input.equals(\"list\")) {","lastModifiedDate":"2026-02-01T16:21:00","isFullCredit":false},{"lineNumber":204,"author":{"gitId":"Hongyu1231"},"content":"                    System.out.println(\"     Here are the tasks in your list:\");","lastModifiedDate":"2026-02-01T16:21:00","isFullCredit":false},{"lineNumber":205,"author":{"gitId":"Hongyu1231"},"content":"                    for (int i \u003d 0; i \u003c taskCount; i++) {","lastModifiedDate":"2026-02-01T16:21:00","isFullCredit":false},{"lineNumber":206,"author":{"gitId":"Hongyu1231"},"content":"                        System.out.println(\"     \" + (i + 1) + \".\" + list[i]);","lastModifiedDate":"2026-02-01T16:21:00","isFullCredit":false},{"lineNumber":207,"author":{"gitId":"Hongyu1231"},"content":"                    }","lastModifiedDate":"2026-02-01T16:21:00","isFullCredit":false},{"lineNumber":208,"author":{"gitId":"Hongyu1231"},"content":"                }","lastModifiedDate":"2026-01-30T12:53:27","isFullCredit":false},{"lineNumber":209,"author":{"gitId":"Hongyu1231"},"content":"","lastModifiedDate":"2026-02-01T16:21:00","isFullCredit":false},{"lineNumber":210,"author":{"gitId":"Hongyu1231"},"content":"                // Handle marking / unmarking","lastModifiedDate":"2026-02-01T16:21:00","isFullCredit":false},{"lineNumber":211,"author":{"gitId":"Hongyu1231"},"content":"                else if (command.equals(\"mark\") || command.equals(\"unmark\")) {","lastModifiedDate":"2026-02-01T16:21:00","isFullCredit":false},{"lineNumber":212,"author":{"gitId":"Hongyu1231"},"content":"                    handleMarking(words, list, taskCount);","lastModifiedDate":"2026-02-01T16:21:00","isFullCredit":false},{"lineNumber":213,"author":{"gitId":"Hongyu1231"},"content":"                }","lastModifiedDate":"2026-01-30T12:53:27","isFullCredit":false},{"lineNumber":214,"author":{"gitId":"Hongyu1231"},"content":"","lastModifiedDate":"2026-01-30T12:53:27","isFullCredit":false},{"lineNumber":215,"author":{"gitId":"Hongyu1231"},"content":"                else {","lastModifiedDate":"2026-01-30T12:53:27","isFullCredit":false},{"lineNumber":216,"author":{"gitId":"Hongyu1231"},"content":"                    // Let addTask handle \u0027todo\u0027, \u0027deadline\u0027, \u0027event\u0027 and unknown commands","lastModifiedDate":"2026-02-01T16:21:00","isFullCredit":false},{"lineNumber":217,"author":{"gitId":"Hongyu1231"},"content":"                    taskCount \u003d addTask(input, words, list, taskCount);","lastModifiedDate":"2026-02-01T16:21:00","isFullCredit":false},{"lineNumber":218,"author":{"gitId":"Hongyu1231"},"content":"                }","lastModifiedDate":"2026-01-29T13:49:18","isFullCredit":false},{"lineNumber":219,"author":{"gitId":"Hongyu1231"},"content":"","lastModifiedDate":"2026-02-01T16:21:00","isFullCredit":false},{"lineNumber":220,"author":{"gitId":"Hongyu1231"},"content":"                printLine();","lastModifiedDate":"2026-01-29T14:09:15","isFullCredit":false},{"lineNumber":221,"author":{"gitId":"Hongyu1231"},"content":"                System.out.println();","lastModifiedDate":"2026-01-29T14:09:15","isFullCredit":false},{"lineNumber":222,"author":{"gitId":"Hongyu1231"},"content":"            }","lastModifiedDate":"2026-01-29T13:49:18","isFullCredit":false},{"lineNumber":223,"author":{"gitId":"Hongyu1231"},"content":"        }","lastModifiedDate":"2026-01-29T13:49:18","isFullCredit":false},{"lineNumber":224,"author":{"gitId":"Hongyu1231"},"content":"    }","lastModifiedDate":"2026-02-01T16:21:00","isFullCredit":false},{"lineNumber":225,"author":{"gitId":"Hongyu1231"},"content":"","lastModifiedDate":"2026-01-29T13:49:18","isFullCredit":false},{"lineNumber":226,"author":{"gitId":"Hongyu1231"},"content":"","lastModifiedDate":"2026-01-30T12:53:27","isFullCredit":false},{"lineNumber":227,"author":{"gitId":"Hongyu1231"},"content":"    public static void main(String[] args) {","lastModifiedDate":"2026-01-29T13:49:18","isFullCredit":false},{"lineNumber":228,"author":{"gitId":"Hongyu1231"},"content":"        greeting();","lastModifiedDate":"2026-01-29T13:49:18","isFullCredit":false},{"lineNumber":229,"author":{"gitId":"Hongyu1231"},"content":"        talk();","lastModifiedDate":"2026-01-29T13:49:18","isFullCredit":false},{"lineNumber":230,"author":{"gitId":"Hongyu1231"},"content":"        bye();","lastModifiedDate":"2026-01-29T13:49:18","isFullCredit":false},{"lineNumber":231,"author":{"gitId":"Hongyu1231"},"content":"    }","lastModifiedDate":"2026-01-24T23:20:51","isFullCredit":false},{"lineNumber":232,"author":{"gitId":"Hongyu1231"},"content":"}","lastModifiedDate":"2026-01-24T23:20:51","isFullCredit":false}],"authorContributionMap":{"Hongyu1231":232}},{"path":"src/main/java/exception/BatmanException.java","fileType":"java","lines":[{"lineNumber":1,"author":{"gitId":"Hongyu1231"},"content":"package exception;","lastModifiedDate":"2026-02-08T17:51:58","isFullCredit":false},{"lineNumber":2,"author":{"gitId":"Hongyu1231"},"content":"","lastModifiedDate":"2026-02-08T17:51:58","isFullCredit":false},{"lineNumber":3,"author":{"gitId":"Hongyu1231"},"content":"public class BatmanException extends RuntimeException {","lastModifiedDate":"2026-02-08T17:22:40","isFullCredit":false},{"lineNumber":4,"author":{"gitId":"Hongyu1231"},"content":"    public BatmanException(String message) {","lastModifiedDate":"2026-02-08T17:22:40","isFullCredit":false},{"lineNumber":5,"author":{"gitId":"Hongyu1231"},"content":"        super(message);","lastModifiedDate":"2026-02-08T17:22:40","isFullCredit":false},{"lineNumber":6,"author":{"gitId":"Hongyu1231"},"content":"    }","lastModifiedDate":"2026-02-08T17:22:40","isFullCredit":false},{"lineNumber":7,"author":{"gitId":"Hongyu1231"},"content":"}","lastModifiedDate":"2026-02-08T17:22:40","isFullCredit":false}],"authorContributionMap":{"Hongyu1231":7}},{"path":"src/main/java/task/Deadline.java","fileType":"java","lines":[{"lineNumber":1,"author":{"gitId":"Hongyu1231"},"content":"package task;","lastModifiedDate":"2026-02-08T17:51:58","isFullCredit":false},{"lineNumber":2,"author":{"gitId":"Hongyu1231"},"content":"","lastModifiedDate":"2026-02-08T17:51:58","isFullCredit":false},{"lineNumber":3,"author":{"gitId":"Hongyu1231"},"content":"public class Deadline extends Task {","lastModifiedDate":"2026-02-01T16:21:00","isFullCredit":false},{"lineNumber":4,"author":{"gitId":"Hongyu1231"},"content":"","lastModifiedDate":"2026-02-01T16:21:00","isFullCredit":false},{"lineNumber":5,"author":{"gitId":"Hongyu1231"},"content":"    protected String by;","lastModifiedDate":"2026-02-01T16:21:00","isFullCredit":false},{"lineNumber":6,"author":{"gitId":"Hongyu1231"},"content":"","lastModifiedDate":"2026-02-01T16:21:00","isFullCredit":false},{"lineNumber":7,"author":{"gitId":"Hongyu1231"},"content":"    public Deadline(String description, String by) {","lastModifiedDate":"2026-02-01T16:21:00","isFullCredit":false},{"lineNumber":8,"author":{"gitId":"Hongyu1231"},"content":"        super(description);","lastModifiedDate":"2026-02-01T16:21:00","isFullCredit":false},{"lineNumber":9,"author":{"gitId":"Hongyu1231"},"content":"        this.by \u003d by;","lastModifiedDate":"2026-02-01T16:21:00","isFullCredit":false},{"lineNumber":10,"author":{"gitId":"Hongyu1231"},"content":"    }","lastModifiedDate":"2026-02-01T16:21:00","isFullCredit":false},{"lineNumber":11,"author":{"gitId":"Hongyu1231"},"content":"","lastModifiedDate":"2026-02-01T16:21:00","isFullCredit":false},{"lineNumber":12,"author":{"gitId":"Hongyu1231"},"content":"    @Override","lastModifiedDate":"2026-02-01T16:21:00","isFullCredit":false},{"lineNumber":13,"author":{"gitId":"Hongyu1231"},"content":"    public String toString() {","lastModifiedDate":"2026-02-01T16:21:00","isFullCredit":false},{"lineNumber":14,"author":{"gitId":"Hongyu1231"},"content":"        return \"[D]\" + super.toString() + \" (by: \" + by + \")\";","lastModifiedDate":"2026-02-01T16:21:00","isFullCredit":false},{"lineNumber":15,"author":{"gitId":"Hongyu1231"},"content":"    }","lastModifiedDate":"2026-02-01T16:21:00","isFullCredit":false},{"lineNumber":16,"author":{"gitId":"Hongyu1231"},"content":"}","lastModifiedDate":"2026-02-01T16:21:00","isFullCredit":false}],"authorContributionMap":{"Hongyu1231":16}},{"path":"src/main/java/task/Event.java","fileType":"java","lines":[{"lineNumber":1,"author":{"gitId":"Hongyu1231"},"content":"package task;","lastModifiedDate":"2026-02-08T17:51:58","isFullCredit":false},{"lineNumber":2,"author":{"gitId":"Hongyu1231"},"content":"","lastModifiedDate":"2026-02-08T17:51:58","isFullCredit":false},{"lineNumber":3,"author":{"gitId":"Hongyu1231"},"content":"public class Event extends Task{","lastModifiedDate":"2026-02-01T16:21:00","isFullCredit":false},{"lineNumber":4,"author":{"gitId":"Hongyu1231"},"content":"","lastModifiedDate":"2026-02-01T16:21:00","isFullCredit":false},{"lineNumber":5,"author":{"gitId":"Hongyu1231"},"content":"    protected String from;","lastModifiedDate":"2026-02-01T16:21:00","isFullCredit":false},{"lineNumber":6,"author":{"gitId":"Hongyu1231"},"content":"    protected String to;","lastModifiedDate":"2026-02-01T16:21:00","isFullCredit":false},{"lineNumber":7,"author":{"gitId":"Hongyu1231"},"content":"","lastModifiedDate":"2026-02-01T16:21:00","isFullCredit":false},{"lineNumber":8,"author":{"gitId":"Hongyu1231"},"content":"    public Event(String description, String from, String to) {","lastModifiedDate":"2026-02-01T16:21:00","isFullCredit":false},{"lineNumber":9,"author":{"gitId":"Hongyu1231"},"content":"        super(description);","lastModifiedDate":"2026-02-01T16:21:00","isFullCredit":false},{"lineNumber":10,"author":{"gitId":"Hongyu1231"},"content":"        this.from \u003d from;","lastModifiedDate":"2026-02-01T16:21:00","isFullCredit":false},{"lineNumber":11,"author":{"gitId":"Hongyu1231"},"content":"        this.to \u003d to;","lastModifiedDate":"2026-02-01T16:21:00","isFullCredit":false},{"lineNumber":12,"author":{"gitId":"Hongyu1231"},"content":"    }","lastModifiedDate":"2026-02-01T16:21:00","isFullCredit":false},{"lineNumber":13,"author":{"gitId":"Hongyu1231"},"content":"","lastModifiedDate":"2026-02-01T16:21:00","isFullCredit":false},{"lineNumber":14,"author":{"gitId":"Hongyu1231"},"content":"    @Override","lastModifiedDate":"2026-02-01T16:21:00","isFullCredit":false},{"lineNumber":15,"author":{"gitId":"Hongyu1231"},"content":"    public String toString() {","lastModifiedDate":"2026-02-01T16:21:00","isFullCredit":false},{"lineNumber":16,"author":{"gitId":"Hongyu1231"},"content":"        return \"[E]\" + super.toString() + \" (from: \" + from + \" to: \" + to + \")\";","lastModifiedDate":"2026-02-01T16:21:00","isFullCredit":false},{"lineNumber":17,"author":{"gitId":"Hongyu1231"},"content":"    }","lastModifiedDate":"2026-02-01T16:21:00","isFullCredit":false},{"lineNumber":18,"author":{"gitId":"Hongyu1231"},"content":"}","lastModifiedDate":"2026-02-01T16:21:00","isFullCredit":false}],"authorContributionMap":{"Hongyu1231":18}},{"path":"src/main/java/task/Task.java","fileType":"java","lines":[{"lineNumber":1,"author":{"gitId":"Hongyu1231"},"content":"package task;","lastModifiedDate":"2026-02-08T17:51:58","isFullCredit":false},{"lineNumber":2,"author":{"gitId":"Hongyu1231"},"content":"","lastModifiedDate":"2026-02-08T17:51:58","isFullCredit":false},{"lineNumber":3,"author":{"gitId":"Hongyu1231"},"content":"public class Task {","lastModifiedDate":"2026-01-30T12:53:27","isFullCredit":false},{"lineNumber":4,"author":{"gitId":"Hongyu1231"},"content":"","lastModifiedDate":"2026-02-01T16:21:00","isFullCredit":false},{"lineNumber":5,"author":{"gitId":"Hongyu1231"},"content":"    protected String description;","lastModifiedDate":"2026-01-30T12:53:27","isFullCredit":false},{"lineNumber":6,"author":{"gitId":"Hongyu1231"},"content":"    protected boolean isDone;","lastModifiedDate":"2026-01-30T12:53:27","isFullCredit":false},{"lineNumber":7,"author":{"gitId":"Hongyu1231"},"content":"","lastModifiedDate":"2026-01-30T12:53:27","isFullCredit":false},{"lineNumber":8,"author":{"gitId":"Hongyu1231"},"content":"    // Constructor","lastModifiedDate":"2026-01-30T12:53:27","isFullCredit":false},{"lineNumber":9,"author":{"gitId":"Hongyu1231"},"content":"    public Task(String description) {","lastModifiedDate":"2026-01-30T12:53:27","isFullCredit":false},{"lineNumber":10,"author":{"gitId":"Hongyu1231"},"content":"        this.description \u003d description;","lastModifiedDate":"2026-01-30T12:53:27","isFullCredit":false},{"lineNumber":11,"author":{"gitId":"Hongyu1231"},"content":"        this.isDone \u003d false;","lastModifiedDate":"2026-01-30T12:53:27","isFullCredit":false},{"lineNumber":12,"author":{"gitId":"Hongyu1231"},"content":"    }","lastModifiedDate":"2026-01-30T12:53:27","isFullCredit":false},{"lineNumber":13,"author":{"gitId":"Hongyu1231"},"content":"","lastModifiedDate":"2026-01-30T12:53:27","isFullCredit":false},{"lineNumber":14,"author":{"gitId":"Hongyu1231"},"content":"    public String getStatusIcon() {","lastModifiedDate":"2026-01-30T12:53:27","isFullCredit":false},{"lineNumber":15,"author":{"gitId":"Hongyu1231"},"content":"        return (isDone ? \"X\" : \" \"); // mark done task with X","lastModifiedDate":"2026-01-30T12:53:27","isFullCredit":false},{"lineNumber":16,"author":{"gitId":"Hongyu1231"},"content":"    }","lastModifiedDate":"2026-01-30T12:53:27","isFullCredit":false},{"lineNumber":17,"author":{"gitId":"Hongyu1231"},"content":"","lastModifiedDate":"2026-01-30T12:53:27","isFullCredit":false},{"lineNumber":18,"author":{"gitId":"Hongyu1231"},"content":"    public void setAsDone() {","lastModifiedDate":"2026-01-30T12:53:27","isFullCredit":false},{"lineNumber":19,"author":{"gitId":"Hongyu1231"},"content":"        this.isDone \u003d true;","lastModifiedDate":"2026-01-30T12:53:27","isFullCredit":false},{"lineNumber":20,"author":{"gitId":"Hongyu1231"},"content":"    }","lastModifiedDate":"2026-01-30T12:53:27","isFullCredit":false},{"lineNumber":21,"author":{"gitId":"Hongyu1231"},"content":"","lastModifiedDate":"2026-01-30T12:53:27","isFullCredit":false},{"lineNumber":22,"author":{"gitId":"Hongyu1231"},"content":"    public void setAsUndone() {","lastModifiedDate":"2026-01-30T12:53:27","isFullCredit":false},{"lineNumber":23,"author":{"gitId":"Hongyu1231"},"content":"        this.isDone \u003d false;","lastModifiedDate":"2026-01-30T12:53:27","isFullCredit":false},{"lineNumber":24,"author":{"gitId":"Hongyu1231"},"content":"    }","lastModifiedDate":"2026-01-30T12:53:27","isFullCredit":false},{"lineNumber":25,"author":{"gitId":"Hongyu1231"},"content":"","lastModifiedDate":"2026-01-30T12:53:27","isFullCredit":false},{"lineNumber":26,"author":{"gitId":"Hongyu1231"},"content":"    @Override","lastModifiedDate":"2026-02-01T16:21:00","isFullCredit":false},{"lineNumber":27,"author":{"gitId":"Hongyu1231"},"content":"    public String toString() {","lastModifiedDate":"2026-02-01T16:21:00","isFullCredit":false},{"lineNumber":28,"author":{"gitId":"Hongyu1231"},"content":"        return \"[\" + getStatusIcon() + \"] \" + description;","lastModifiedDate":"2026-02-01T16:21:00","isFullCredit":false},{"lineNumber":29,"author":{"gitId":"Hongyu1231"},"content":"    }","lastModifiedDate":"2026-01-30T12:53:27","isFullCredit":false},{"lineNumber":30,"author":{"gitId":"Hongyu1231"},"content":"}","lastModifiedDate":"2026-01-30T12:53:27","isFullCredit":false}],"authorContributionMap":{"Hongyu1231":30}},{"path":"src/main/java/task/Todo.java","fileType":"java","lines":[{"lineNumber":1,"author":{"gitId":"Hongyu1231"},"content":"package task;","lastModifiedDate":"2026-02-08T17:51:58","isFullCredit":false},{"lineNumber":2,"author":{"gitId":"Hongyu1231"},"content":"","lastModifiedDate":"2026-02-08T17:51:58","isFullCredit":false},{"lineNumber":3,"author":{"gitId":"Hongyu1231"},"content":"public class Todo extends Task{","lastModifiedDate":"2026-02-01T16:21:00","isFullCredit":false},{"lineNumber":4,"author":{"gitId":"Hongyu1231"},"content":"","lastModifiedDate":"2026-02-01T16:21:00","isFullCredit":false},{"lineNumber":5,"author":{"gitId":"Hongyu1231"},"content":"    public Todo(String description) {","lastModifiedDate":"2026-02-01T16:21:00","isFullCredit":false},{"lineNumber":6,"author":{"gitId":"Hongyu1231"},"content":"        super(description);","lastModifiedDate":"2026-02-01T16:21:00","isFullCredit":false},{"lineNumber":7,"author":{"gitId":"Hongyu1231"},"content":"    }","lastModifiedDate":"2026-02-01T16:21:00","isFullCredit":false},{"lineNumber":8,"author":{"gitId":"Hongyu1231"},"content":"","lastModifiedDate":"2026-02-01T16:21:00","isFullCredit":false},{"lineNumber":9,"author":{"gitId":"Hongyu1231"},"content":"    @Override","lastModifiedDate":"2026-02-01T16:21:00","isFullCredit":false},{"lineNumber":10,"author":{"gitId":"Hongyu1231"},"content":"    public String toString() {","lastModifiedDate":"2026-02-01T16:21:00","isFullCredit":false},{"lineNumber":11,"author":{"gitId":"Hongyu1231"},"content":"        return \"[T]\" + super.toString();","lastModifiedDate":"2026-02-01T16:21:00","isFullCredit":false},{"lineNumber":12,"author":{"gitId":"Hongyu1231"},"content":"    }","lastModifiedDate":"2026-02-01T16:21:00","isFullCredit":false},{"lineNumber":13,"author":{"gitId":"Hongyu1231"},"content":"}","lastModifiedDate":"2026-02-01T16:21:00","isFullCredit":false}],"authorContributionMap":{"Hongyu1231":13}},{"path":"text-ui-test/input.txt","fileType":"txt","lines":[{"lineNumber":1,"author":{"gitId":"Hongyu1231"},"content":"todo read book","lastModifiedDate":"2026-02-01T16:47:47","isFullCredit":false},{"lineNumber":2,"author":{"gitId":"Hongyu1231"},"content":"deadline return book /by Sunday","lastModifiedDate":"2026-02-01T16:47:47","isFullCredit":false},{"lineNumber":3,"author":{"gitId":"Hongyu1231"},"content":"event project meeting /from Mon 2pm /to 4pm","lastModifiedDate":"2026-02-01T16:47:47","isFullCredit":false},{"lineNumber":4,"author":{"gitId":"Hongyu1231"},"content":"mark 1","lastModifiedDate":"2026-02-01T16:47:47","isFullCredit":false},{"lineNumber":5,"author":{"gitId":"Hongyu1231"},"content":"mark 2","lastModifiedDate":"2026-02-01T16:47:47","isFullCredit":false},{"lineNumber":6,"author":{"gitId":"Hongyu1231"},"content":"unmark 1","lastModifiedDate":"2026-02-01T16:47:47","isFullCredit":false},{"lineNumber":7,"author":{"gitId":"Hongyu1231"},"content":"list","lastModifiedDate":"2026-02-01T16:47:47","isFullCredit":false},{"lineNumber":8,"author":{"gitId":"Hongyu1231"},"content":"todo","lastModifiedDate":"2026-02-08T17:28:07","isFullCredit":false},{"lineNumber":9,"author":{"gitId":"Hongyu1231"},"content":"deadline return book","lastModifiedDate":"2026-02-08T17:28:07","isFullCredit":false},{"lineNumber":10,"author":{"gitId":"Hongyu1231"},"content":"blah","lastModifiedDate":"2026-02-08T17:28:07","isFullCredit":false},{"lineNumber":11,"author":{"gitId":"Hongyu1231"},"content":"bye","lastModifiedDate":"2026-02-01T16:47:47","isFullCredit":false}],"authorContributionMap":{"Hongyu1231":11}},{"path":"text-ui-test/runtest.bat","fileType":"bat","lines":[{"lineNumber":1,"author":{"gitId":"-"},"content":"@ECHO OFF","lastModifiedDate":"2020-05-25T00:03:55","isFullCredit":false},{"lineNumber":2,"author":{"gitId":"-"},"content":"","lastModifiedDate":"2020-05-25T00:03:55","isFullCredit":false},{"lineNumber":3,"author":{"gitId":"Hongyu1231"},"content":"REM","lastModifiedDate":"2026-02-08T17:51:19","isFullCredit":false},{"lineNumber":4,"author":{"gitId":"-"},"content":"if not exist ..\\bin mkdir ..\\bin","lastModifiedDate":"2020-05-25T00:03:55","isFullCredit":false},{"lineNumber":5,"author":{"gitId":"-"},"content":"","lastModifiedDate":"2020-05-25T00:03:55","isFullCredit":false},{"lineNumber":6,"author":{"gitId":"Hongyu1231"},"content":"REM","lastModifiedDate":"2026-02-08T17:51:19","isFullCredit":false},{"lineNumber":7,"author":{"gitId":"Hongyu1231"},"content":"del /Q ..\\bin\\batman\\*.class","lastModifiedDate":"2026-02-08T17:51:19","isFullCredit":false},{"lineNumber":8,"author":{"gitId":"Hongyu1231"},"content":"del /Q ..\\bin\\task\\*.class","lastModifiedDate":"2026-02-08T17:51:19","isFullCredit":false},{"lineNumber":9,"author":{"gitId":"Hongyu1231"},"content":"del /Q ..\\bin\\exception\\*.class","lastModifiedDate":"2026-02-08T17:51:19","isFullCredit":false},{"lineNumber":10,"author":{"gitId":"-"},"content":"","lastModifiedDate":"2020-05-25T00:03:55","isFullCredit":false},{"lineNumber":11,"author":{"gitId":"Hongyu1231"},"content":"REM","lastModifiedDate":"2026-02-08T17:51:19","isFullCredit":false},{"lineNumber":12,"author":{"gitId":"Hongyu1231"},"content":"javac -cp ..\\src\\main\\java -Xlint:none -d ..\\bin ..\\src\\main\\java\\batman\\*.java ..\\src\\main\\java\\task\\*.java ..\\src\\main\\java\\exception\\*.java","lastModifiedDate":"2026-02-08T17:51:19","isFullCredit":false},{"lineNumber":13,"author":{"gitId":"-"},"content":"","lastModifiedDate":"2026-02-01T16:47:47","isFullCredit":false},{"lineNumber":14,"author":{"gitId":"-"},"content":"IF ERRORLEVEL 1 (","lastModifiedDate":"2020-05-25T00:03:55","isFullCredit":false},{"lineNumber":15,"author":{"gitId":"-"},"content":"    echo ********** BUILD FAILURE **********","lastModifiedDate":"2020-05-25T00:03:55","isFullCredit":false},{"lineNumber":16,"author":{"gitId":"-"},"content":"    exit /b 1","lastModifiedDate":"2020-05-25T00:03:55","isFullCredit":false},{"lineNumber":17,"author":{"gitId":"-"},"content":")","lastModifiedDate":"2020-05-25T00:03:55","isFullCredit":false},{"lineNumber":18,"author":{"gitId":"-"},"content":"","lastModifiedDate":"2020-05-25T00:03:55","isFullCredit":false},{"lineNumber":19,"author":{"gitId":"Hongyu1231"},"content":"REM","lastModifiedDate":"2026-02-08T17:51:19","isFullCredit":false},{"lineNumber":20,"author":{"gitId":"Hongyu1231"},"content":"java -classpath ..\\bin batman.Batman \u003c input.txt \u003e ACTUAL.TXT","lastModifiedDate":"2026-02-08T17:51:19","isFullCredit":false},{"lineNumber":21,"author":{"gitId":"-"},"content":"","lastModifiedDate":"2020-05-25T00:03:55","isFullCredit":false},{"lineNumber":22,"author":{"gitId":"Hongyu1231"},"content":"REM","lastModifiedDate":"2026-02-08T17:51:19","isFullCredit":false},{"lineNumber":23,"author":{"gitId":"-"},"content":"FC ACTUAL.TXT EXPECTED.TXT","lastModifiedDate":"2020-05-25T00:03:55","isFullCredit":false}],"authorContributionMap":{"Hongyu1231":10,"-":13}},{"path":"text-ui-test/runtest.sh","fileType":"sh","lines":[{"lineNumber":1,"author":{"gitId":"-"},"content":"#!/usr/bin/env bash","lastModifiedDate":"2020-05-25T00:03:55","isFullCredit":false},{"lineNumber":2,"author":{"gitId":"-"},"content":"","lastModifiedDate":"2020-05-25T00:03:55","isFullCredit":false},{"lineNumber":3,"author":{"gitId":"-"},"content":"# create bin directory if it doesn\u0027t exist","lastModifiedDate":"2020-05-25T00:03:55","isFullCredit":false},{"lineNumber":4,"author":{"gitId":"-"},"content":"if [ ! -d \"../bin\" ]","lastModifiedDate":"2020-05-25T00:03:55","isFullCredit":false},{"lineNumber":5,"author":{"gitId":"-"},"content":"then","lastModifiedDate":"2020-05-25T00:03:55","isFullCredit":false},{"lineNumber":6,"author":{"gitId":"-"},"content":"    mkdir ../bin","lastModifiedDate":"2020-05-25T00:03:55","isFullCredit":false},{"lineNumber":7,"author":{"gitId":"-"},"content":"fi","lastModifiedDate":"2020-05-25T00:03:55","isFullCredit":false},{"lineNumber":8,"author":{"gitId":"-"},"content":"","lastModifiedDate":"2020-05-25T00:03:55","isFullCredit":false},{"lineNumber":9,"author":{"gitId":"-"},"content":"# delete output from previous run","lastModifiedDate":"2020-05-25T00:03:55","isFullCredit":false},{"lineNumber":10,"author":{"gitId":"-"},"content":"if [ -e \"./ACTUAL.TXT\" ]","lastModifiedDate":"2020-05-25T00:03:55","isFullCredit":false},{"lineNumber":11,"author":{"gitId":"-"},"content":"then","lastModifiedDate":"2020-05-25T00:03:55","isFullCredit":false},{"lineNumber":12,"author":{"gitId":"-"},"content":"    rm ACTUAL.TXT","lastModifiedDate":"2020-05-25T00:03:55","isFullCredit":false},{"lineNumber":13,"author":{"gitId":"-"},"content":"fi","lastModifiedDate":"2020-05-25T00:03:55","isFullCredit":false},{"lineNumber":14,"author":{"gitId":"-"},"content":"","lastModifiedDate":"2020-05-25T00:03:55","isFullCredit":false},{"lineNumber":15,"author":{"gitId":"-"},"content":"# compile the code into the bin folder, terminates if error occurred","lastModifiedDate":"2020-05-25T00:03:55","isFullCredit":false},{"lineNumber":16,"author":{"gitId":"-"},"content":"if ! javac -cp ../src/main/java -Xlint:none -d ../bin ../src/main/java/*.java","lastModifiedDate":"2020-08-25T17:23:26","isFullCredit":false},{"lineNumber":17,"author":{"gitId":"-"},"content":"then","lastModifiedDate":"2020-05-25T00:03:55","isFullCredit":false},{"lineNumber":18,"author":{"gitId":"-"},"content":"    echo \"********** BUILD FAILURE **********\"","lastModifiedDate":"2020-05-25T00:03:55","isFullCredit":false},{"lineNumber":19,"author":{"gitId":"-"},"content":"    exit 1","lastModifiedDate":"2020-05-25T00:03:55","isFullCredit":false},{"lineNumber":20,"author":{"gitId":"-"},"content":"fi","lastModifiedDate":"2020-05-25T00:03:55","isFullCredit":false},{"lineNumber":21,"author":{"gitId":"-"},"content":"","lastModifiedDate":"2020-05-25T00:03:55","isFullCredit":false},{"lineNumber":22,"author":{"gitId":"-"},"content":"# run the program, feed commands from input.txt file and redirect the output to the ACTUAL.TXT","lastModifiedDate":"2020-05-25T00:03:55","isFullCredit":false},{"lineNumber":23,"author":{"gitId":"Hongyu1231"},"content":"java -classpath ../bin Batman \u003c input.txt \u003e ACTUAL.TXT","lastModifiedDate":"2026-02-01T16:47:47","isFullCredit":false},{"lineNumber":24,"author":{"gitId":"-"},"content":"","lastModifiedDate":"2020-05-25T00:03:55","isFullCredit":false},{"lineNumber":25,"author":{"gitId":"-"},"content":"# convert to UNIX format","lastModifiedDate":"2020-05-25T00:03:55","isFullCredit":false},{"lineNumber":26,"author":{"gitId":"-"},"content":"cp EXPECTED.TXT EXPECTED-UNIX.TXT","lastModifiedDate":"2020-05-25T00:03:55","isFullCredit":false},{"lineNumber":27,"author":{"gitId":"-"},"content":"dos2unix ACTUAL.TXT EXPECTED-UNIX.TXT","lastModifiedDate":"2020-05-25T00:03:55","isFullCredit":false},{"lineNumber":28,"author":{"gitId":"-"},"content":"","lastModifiedDate":"2020-05-25T00:03:55","isFullCredit":false},{"lineNumber":29,"author":{"gitId":"-"},"content":"# compare the output to the expected output","lastModifiedDate":"2020-05-25T00:03:55","isFullCredit":false},{"lineNumber":30,"author":{"gitId":"-"},"content":"diff ACTUAL.TXT EXPECTED-UNIX.TXT","lastModifiedDate":"2020-05-25T00:03:55","isFullCredit":false},{"lineNumber":31,"author":{"gitId":"-"},"content":"if [ $? -eq 0 ]","lastModifiedDate":"2020-05-25T00:03:55","isFullCredit":false},{"lineNumber":32,"author":{"gitId":"-"},"content":"then","lastModifiedDate":"2020-05-25T00:03:55","isFullCredit":false},{"lineNumber":33,"author":{"gitId":"-"},"content":"    echo \"Test result: PASSED\"","lastModifiedDate":"2020-05-25T00:03:55","isFullCredit":false},{"lineNumber":34,"author":{"gitId":"-"},"content":"    exit 0","lastModifiedDate":"2020-05-25T00:03:55","isFullCredit":false},{"lineNumber":35,"author":{"gitId":"-"},"content":"else","lastModifiedDate":"2020-05-25T00:03:55","isFullCredit":false},{"lineNumber":36,"author":{"gitId":"-"},"content":"    echo \"Test result: FAILED\"","lastModifiedDate":"2020-05-25T00:03:55","isFullCredit":false},{"lineNumber":37,"author":{"gitId":"-"},"content":"    exit 1","lastModifiedDate":"2020-05-25T00:03:55","isFullCredit":false},{"lineNumber":38,"author":{"gitId":"-"},"content":"fi","lastModifiedDate":"2020-05-25T00:03:55","isFullCredit":false}],"authorContributionMap":{"Hongyu1231":1,"-":37}}]
