[{"path":"src/main/java/jeff/Jeff.java","fileType":"java","lines":[{"lineNumber":1,"author":{"gitId":"vet3whale"},"content":"package jeff;","lastModifiedDate":"2026-02-07T17:26:42","isFullCredit":false},{"lineNumber":2,"author":{"gitId":"vet3whale"},"content":"","lastModifiedDate":"2026-02-07T17:26:42","isFullCredit":false},{"lineNumber":3,"author":{"gitId":"vet3whale"},"content":"import jeff.assets.Deadlines;","lastModifiedDate":"2026-02-07T17:26:42","isFullCredit":false},{"lineNumber":4,"author":{"gitId":"vet3whale"},"content":"import jeff.assets.Events;","lastModifiedDate":"2026-02-07T17:26:42","isFullCredit":false},{"lineNumber":5,"author":{"gitId":"vet3whale"},"content":"import jeff.assets.Task;","lastModifiedDate":"2026-02-07T17:26:42","isFullCredit":false},{"lineNumber":6,"author":{"gitId":"vet3whale"},"content":"import jeff.assets.ToDos;","lastModifiedDate":"2026-02-07T17:26:42","isFullCredit":false},{"lineNumber":7,"author":{"gitId":"vet3whale"},"content":"import jeff.exceptions.JeffException;","lastModifiedDate":"2026-02-07T17:26:42","isFullCredit":false},{"lineNumber":8,"author":{"gitId":"vet3whale"},"content":"","lastModifiedDate":"2026-02-07T17:26:42","isFullCredit":false},{"lineNumber":9,"author":{"gitId":"vet3whale"},"content":"import java.util.Scanner;","lastModifiedDate":"2026-01-28T17:51:11","isFullCredit":false},{"lineNumber":10,"author":{"gitId":"vet3whale"},"content":"import java.util.ArrayList;","lastModifiedDate":"2026-02-14T17:06:17","isFullCredit":false},{"lineNumber":11,"author":{"gitId":"vet3whale"},"content":"    import java.util.Arrays;","lastModifiedDate":"2026-02-14T17:06:17","isFullCredit":false},{"lineNumber":12,"author":{"gitId":"vet3whale"},"content":"public class Jeff {","lastModifiedDate":"2026-01-24T08:15:50","isFullCredit":false},{"lineNumber":13,"author":{"gitId":"vet3whale"},"content":"","lastModifiedDate":"2026-02-14T17:17:28","isFullCredit":false},{"lineNumber":14,"author":{"gitId":"vet3whale"},"content":"    private enum CommandType {","lastModifiedDate":"2026-02-07T16:47:15","isFullCredit":false},{"lineNumber":15,"author":{"gitId":"vet3whale"},"content":"        TODO, DEADLINE, EVENT, MARK, UNMARK, LIST, DELETE","lastModifiedDate":"2026-02-14T17:17:28","isFullCredit":false},{"lineNumber":16,"author":{"gitId":"vet3whale"},"content":"    }","lastModifiedDate":"2026-02-07T16:47:15","isFullCredit":false},{"lineNumber":17,"author":{"gitId":"vet3whale"},"content":"    private static final String[] commandStrings \u003d {","lastModifiedDate":"2026-02-14T17:56:33","isFullCredit":false},{"lineNumber":18,"author":{"gitId":"vet3whale"},"content":"            \"todo\", \"deadline\", \"event\", \"mark\", \"unmark\", \"list\", \"delete\"","lastModifiedDate":"2026-02-14T17:17:28","isFullCredit":false},{"lineNumber":19,"author":{"gitId":"vet3whale"},"content":"    };","lastModifiedDate":"2026-02-14T17:17:28","isFullCredit":false},{"lineNumber":20,"author":{"gitId":"-"},"content":"","lastModifiedDate":"2026-02-07T16:47:15","isFullCredit":false},{"lineNumber":21,"author":{"gitId":"vet3whale"},"content":"    public static void receiveInput() throws JeffException {","lastModifiedDate":"2026-02-07T16:47:15","isFullCredit":false},{"lineNumber":22,"author":{"gitId":"vet3whale"},"content":"        ArrayList\u003cTask\u003e tasks \u003d new ArrayList\u003c\u003e();","lastModifiedDate":"2026-02-14T17:06:17","isFullCredit":false},{"lineNumber":23,"author":{"gitId":"vet3whale"},"content":"        LoadStoreTasks.loadTasks(tasks);","lastModifiedDate":"2026-02-14T21:04:12","isFullCredit":false},{"lineNumber":24,"author":{"gitId":"vet3whale"},"content":"        Scanner in \u003d new Scanner(System.in);","lastModifiedDate":"2026-01-28T17:51:11","isFullCredit":false},{"lineNumber":25,"author":{"gitId":"vet3whale"},"content":"        String response \u003d in.nextLine();","lastModifiedDate":"2026-01-28T17:51:11","isFullCredit":false},{"lineNumber":26,"author":{"gitId":"vet3whale"},"content":"","lastModifiedDate":"2026-02-02T20:59:18","isFullCredit":false},{"lineNumber":27,"author":{"gitId":"vet3whale"},"content":"        while (!response.equals(\"bye\")) {","lastModifiedDate":"2026-01-28T17:51:11","isFullCredit":false},{"lineNumber":28,"author":{"gitId":"vet3whale"},"content":"            try {","lastModifiedDate":"2026-02-07T16:47:15","isFullCredit":false},{"lineNumber":29,"author":{"gitId":"vet3whale"},"content":"                String[] words \u003d response.split(\" \");","lastModifiedDate":"2026-01-28T19:25:57","isFullCredit":false},{"lineNumber":30,"author":{"gitId":"vet3whale"},"content":"                String command \u003d words[0];","lastModifiedDate":"2026-02-02T21:20:20","isFullCredit":false},{"lineNumber":31,"author":{"gitId":"vet3whale"},"content":"                CommandType cmdType \u003d parseCommand(command);","lastModifiedDate":"2026-02-07T16:47:15","isFullCredit":false},{"lineNumber":32,"author":{"gitId":"vet3whale"},"content":"                int idx;","lastModifiedDate":"2026-02-14T21:56:10","isFullCredit":false},{"lineNumber":33,"author":{"gitId":"vet3whale"},"content":"                switch (cmdType) {","lastModifiedDate":"2026-02-07T16:47:15","isFullCredit":false},{"lineNumber":34,"author":{"gitId":"vet3whale"},"content":"                case TODO:","lastModifiedDate":"2026-02-07T16:47:15","isFullCredit":false},{"lineNumber":35,"author":{"gitId":"vet3whale"},"content":"                    if (words.length \u003c 2) {","lastModifiedDate":"2026-02-07T16:47:15","isFullCredit":false},{"lineNumber":36,"author":{"gitId":"vet3whale"},"content":"                        throw new JeffException(JeffException.ErrorType.INCOMPLETE_COMMAND, \"todo\");","lastModifiedDate":"2026-02-07T16:47:15","isFullCredit":false},{"lineNumber":37,"author":{"gitId":"vet3whale"},"content":"                    }","lastModifiedDate":"2026-02-07T16:47:15","isFullCredit":false},{"lineNumber":38,"author":{"gitId":"vet3whale"},"content":"                    tasks.add(new ToDos(response));","lastModifiedDate":"2026-02-14T17:06:17","isFullCredit":false},{"lineNumber":39,"author":{"gitId":"vet3whale"},"content":"                    tasks.get(tasks.size()-1).printAdded();","lastModifiedDate":"2026-02-14T17:06:17","isFullCredit":false},{"lineNumber":40,"author":{"gitId":"vet3whale"},"content":"                    break;","lastModifiedDate":"2026-02-02T21:20:20","isFullCredit":false},{"lineNumber":41,"author":{"gitId":"vet3whale"},"content":"                case DEADLINE:","lastModifiedDate":"2026-02-07T16:47:15","isFullCredit":false},{"lineNumber":42,"author":{"gitId":"vet3whale"},"content":"                    if (words.length \u003c 2) {","lastModifiedDate":"2026-02-07T16:47:15","isFullCredit":false},{"lineNumber":43,"author":{"gitId":"vet3whale"},"content":"                        throw new JeffException(JeffException.ErrorType.INCOMPLETE_COMMAND, \"deadline\");","lastModifiedDate":"2026-02-07T16:47:15","isFullCredit":false},{"lineNumber":44,"author":{"gitId":"vet3whale"},"content":"                    }","lastModifiedDate":"2026-02-07T16:47:15","isFullCredit":false},{"lineNumber":45,"author":{"gitId":"vet3whale"},"content":"                    response \u003d verifyDeadline(response);","lastModifiedDate":"2026-02-01T10:41:05","isFullCredit":false},{"lineNumber":46,"author":{"gitId":"vet3whale"},"content":"                    tasks.add(new Deadlines(response));","lastModifiedDate":"2026-02-14T17:06:17","isFullCredit":false},{"lineNumber":47,"author":{"gitId":"vet3whale"},"content":"                    tasks.get(tasks.size()-1).printAdded();","lastModifiedDate":"2026-02-14T17:06:17","isFullCredit":false},{"lineNumber":48,"author":{"gitId":"vet3whale"},"content":"                    break;","lastModifiedDate":"2026-02-02T21:20:20","isFullCredit":false},{"lineNumber":49,"author":{"gitId":"vet3whale"},"content":"                case EVENT:","lastModifiedDate":"2026-02-07T16:47:15","isFullCredit":false},{"lineNumber":50,"author":{"gitId":"vet3whale"},"content":"                    if (words.length \u003c 2) {","lastModifiedDate":"2026-02-07T16:47:15","isFullCredit":false},{"lineNumber":51,"author":{"gitId":"vet3whale"},"content":"                        throw new JeffException(JeffException.ErrorType.INCOMPLETE_COMMAND, \"event\");","lastModifiedDate":"2026-02-07T16:47:15","isFullCredit":false},{"lineNumber":52,"author":{"gitId":"vet3whale"},"content":"                    }","lastModifiedDate":"2026-02-07T16:47:15","isFullCredit":false},{"lineNumber":53,"author":{"gitId":"vet3whale"},"content":"                    response \u003d verifyEvent(response);","lastModifiedDate":"2026-02-01T10:41:05","isFullCredit":false},{"lineNumber":54,"author":{"gitId":"vet3whale"},"content":"                    tasks.add(new Events(response));","lastModifiedDate":"2026-02-14T17:06:17","isFullCredit":false},{"lineNumber":55,"author":{"gitId":"vet3whale"},"content":"                    tasks.get(tasks.size()-1).printAdded();","lastModifiedDate":"2026-02-14T17:06:17","isFullCredit":false},{"lineNumber":56,"author":{"gitId":"vet3whale"},"content":"                    break;","lastModifiedDate":"2026-02-02T21:20:20","isFullCredit":false},{"lineNumber":57,"author":{"gitId":"vet3whale"},"content":"                case DELETE:","lastModifiedDate":"2026-02-14T17:56:33","isFullCredit":false},{"lineNumber":58,"author":{"gitId":"vet3whale"},"content":"                    if (words.length \u003c 2) {","lastModifiedDate":"2026-02-14T17:56:33","isFullCredit":false},{"lineNumber":59,"author":{"gitId":"vet3whale"},"content":"                        throw new JeffException(JeffException.ErrorType.INCOMPLETE_COMMAND, \"delete\");","lastModifiedDate":"2026-02-14T17:56:33","isFullCredit":false},{"lineNumber":60,"author":{"gitId":"vet3whale"},"content":"                    }","lastModifiedDate":"2026-02-14T17:56:33","isFullCredit":false},{"lineNumber":61,"author":{"gitId":"vet3whale"},"content":"                    idx \u003d Integer.parseInt(words[1]);","lastModifiedDate":"2026-02-14T21:56:10","isFullCredit":false},{"lineNumber":62,"author":{"gitId":"vet3whale"},"content":"                    if (idx \u003e\u003d tasks.size()) {","lastModifiedDate":"2026-02-14T17:56:33","isFullCredit":false},{"lineNumber":63,"author":{"gitId":"vet3whale"},"content":"                        throw new JeffException(JeffException.ErrorType.IDX_OUTOFBOUNDS, \"\");","lastModifiedDate":"2026-02-14T17:56:33","isFullCredit":false},{"lineNumber":64,"author":{"gitId":"vet3whale"},"content":"                    } else {","lastModifiedDate":"2026-02-14T17:56:33","isFullCredit":false},{"lineNumber":65,"author":{"gitId":"vet3whale"},"content":"                        Task taskToDelete \u003d tasks.get(idx);","lastModifiedDate":"2026-02-14T17:56:33","isFullCredit":false},{"lineNumber":66,"author":{"gitId":"vet3whale"},"content":"                        tasks.remove(taskToDelete);","lastModifiedDate":"2026-02-14T17:56:33","isFullCredit":false},{"lineNumber":67,"author":{"gitId":"vet3whale"},"content":"                        printDeletedStatus(taskToDelete, tasks);","lastModifiedDate":"2026-02-14T17:56:33","isFullCredit":false},{"lineNumber":68,"author":{"gitId":"vet3whale"},"content":"                    }","lastModifiedDate":"2026-02-14T17:56:33","isFullCredit":false},{"lineNumber":69,"author":{"gitId":"vet3whale"},"content":"                    break;","lastModifiedDate":"2026-02-14T17:56:33","isFullCredit":false},{"lineNumber":70,"author":{"gitId":"vet3whale"},"content":"                case MARK:","lastModifiedDate":"2026-02-07T16:47:15","isFullCredit":false},{"lineNumber":71,"author":{"gitId":"vet3whale"},"content":"                case UNMARK:","lastModifiedDate":"2026-02-07T16:47:15","isFullCredit":false},{"lineNumber":72,"author":{"gitId":"vet3whale"},"content":"                    if (words.length \u003e 1 \u0026\u0026 isDigit(words[1])) {","lastModifiedDate":"2026-02-02T21:20:20","isFullCredit":false},{"lineNumber":73,"author":{"gitId":"vet3whale"},"content":"                        idx \u003d Integer.parseInt(words[1]);","lastModifiedDate":"2026-02-14T17:56:33","isFullCredit":false},{"lineNumber":74,"author":{"gitId":"vet3whale"},"content":"                        if (idx \u003e\u003d tasks.size()) {","lastModifiedDate":"2026-02-14T17:56:33","isFullCredit":false},{"lineNumber":75,"author":{"gitId":"vet3whale"},"content":"                            throw new JeffException(JeffException.ErrorType.IDX_OUTOFBOUNDS, \"\");","lastModifiedDate":"2026-02-07T16:55:53","isFullCredit":false},{"lineNumber":76,"author":{"gitId":"vet3whale"},"content":"                        } else {","lastModifiedDate":"2026-02-02T21:20:20","isFullCredit":false},{"lineNumber":77,"author":{"gitId":"vet3whale"},"content":"                            tasks.get(idx).setCompletionStatus(command);","lastModifiedDate":"2026-02-14T21:04:12","isFullCredit":false},{"lineNumber":78,"author":{"gitId":"vet3whale"},"content":"                        }","lastModifiedDate":"2026-01-28T19:25:57","isFullCredit":false},{"lineNumber":79,"author":{"gitId":"vet3whale"},"content":"                    } else {","lastModifiedDate":"2026-02-02T21:20:20","isFullCredit":false},{"lineNumber":80,"author":{"gitId":"vet3whale"},"content":"                        throw new JeffException(JeffException.ErrorType.IDX_OUTOFBOUNDS, \"\");","lastModifiedDate":"2026-02-07T16:55:53","isFullCredit":false},{"lineNumber":81,"author":{"gitId":"vet3whale"},"content":"                    }","lastModifiedDate":"2026-01-28T19:25:57","isFullCredit":false},{"lineNumber":82,"author":{"gitId":"vet3whale"},"content":"                    break;","lastModifiedDate":"2026-02-02T21:20:20","isFullCredit":false},{"lineNumber":83,"author":{"gitId":"vet3whale"},"content":"                case LIST:","lastModifiedDate":"2026-02-07T16:47:15","isFullCredit":false},{"lineNumber":84,"author":{"gitId":"vet3whale"},"content":"                    printList(tasks);","lastModifiedDate":"2026-02-14T17:06:17","isFullCredit":false},{"lineNumber":85,"author":{"gitId":"vet3whale"},"content":"                    break;","lastModifiedDate":"2026-02-02T21:20:20","isFullCredit":false},{"lineNumber":86,"author":{"gitId":"vet3whale"},"content":"                }","lastModifiedDate":"2026-02-07T16:47:15","isFullCredit":false},{"lineNumber":87,"author":{"gitId":"vet3whale"},"content":"            } catch (JeffException e) {","lastModifiedDate":"2026-02-07T16:47:15","isFullCredit":false},{"lineNumber":88,"author":{"gitId":"vet3whale"},"content":"            }","lastModifiedDate":"2026-01-28T18:18:05","isFullCredit":false},{"lineNumber":89,"author":{"gitId":"vet3whale"},"content":"            LoadStoreTasks.storeTasks(tasks);","lastModifiedDate":"2026-02-14T21:04:12","isFullCredit":false},{"lineNumber":90,"author":{"gitId":"vet3whale"},"content":"            response \u003d in.nextLine();","lastModifiedDate":"2026-01-28T17:51:11","isFullCredit":false},{"lineNumber":91,"author":{"gitId":"vet3whale"},"content":"        }","lastModifiedDate":"2026-01-28T17:51:11","isFullCredit":false},{"lineNumber":92,"author":{"gitId":"vet3whale"},"content":"    }","lastModifiedDate":"2026-01-28T17:51:11","isFullCredit":false},{"lineNumber":93,"author":{"gitId":"vet3whale"},"content":"","lastModifiedDate":"2026-01-28T18:18:05","isFullCredit":false},{"lineNumber":94,"author":{"gitId":"vet3whale"},"content":"    public static void main(String[] args) throws JeffException {","lastModifiedDate":"2026-02-07T16:47:15","isFullCredit":false},{"lineNumber":95,"author":{"gitId":"vet3whale"},"content":"        String chatbotName \u003d \"jeff\";","lastModifiedDate":"2026-02-14T21:04:12","isFullCredit":false},{"lineNumber":96,"author":{"gitId":"vet3whale"},"content":"","lastModifiedDate":"2026-01-24T08:15:50","isFullCredit":false},{"lineNumber":97,"author":{"gitId":"vet3whale"},"content":"        helloGreeting(chatbotName);","lastModifiedDate":"2026-02-02T21:20:20","isFullCredit":false},{"lineNumber":98,"author":{"gitId":"vet3whale"},"content":"        receiveInput();","lastModifiedDate":"2026-01-28T17:51:11","isFullCredit":false},{"lineNumber":99,"author":{"gitId":"vet3whale"},"content":"        byeGreeting();","lastModifiedDate":"2026-02-02T21:20:20","isFullCredit":false},{"lineNumber":100,"author":{"gitId":"vet3whale"},"content":"    }","lastModifiedDate":"2026-01-24T08:15:50","isFullCredit":false},{"lineNumber":101,"author":{"gitId":"vet3whale"},"content":"","lastModifiedDate":"2026-02-01T10:41:05","isFullCredit":false},{"lineNumber":102,"author":{"gitId":"vet3whale"},"content":"    public static boolean isDigit(String word) {","lastModifiedDate":"2026-02-01T10:41:05","isFullCredit":false},{"lineNumber":103,"author":{"gitId":"vet3whale"},"content":"        if (word \u003d\u003d null) {","lastModifiedDate":"2026-02-01T10:41:05","isFullCredit":false},{"lineNumber":104,"author":{"gitId":"vet3whale"},"content":"            return false;","lastModifiedDate":"2026-02-01T10:41:05","isFullCredit":false},{"lineNumber":105,"author":{"gitId":"vet3whale"},"content":"        }","lastModifiedDate":"2026-02-01T10:41:05","isFullCredit":false},{"lineNumber":106,"author":{"gitId":"vet3whale"},"content":"        try {","lastModifiedDate":"2026-02-01T10:41:05","isFullCredit":false},{"lineNumber":107,"author":{"gitId":"vet3whale"},"content":"            Integer.parseInt(word);","lastModifiedDate":"2026-02-01T10:41:05","isFullCredit":false},{"lineNumber":108,"author":{"gitId":"vet3whale"},"content":"            return true;","lastModifiedDate":"2026-02-01T10:41:05","isFullCredit":false},{"lineNumber":109,"author":{"gitId":"vet3whale"},"content":"        } catch (NumberFormatException e) {","lastModifiedDate":"2026-02-01T10:41:05","isFullCredit":false},{"lineNumber":110,"author":{"gitId":"vet3whale"},"content":"            return false;","lastModifiedDate":"2026-02-01T10:41:05","isFullCredit":false},{"lineNumber":111,"author":{"gitId":"vet3whale"},"content":"        }","lastModifiedDate":"2026-02-01T10:41:05","isFullCredit":false},{"lineNumber":112,"author":{"gitId":"vet3whale"},"content":"    }","lastModifiedDate":"2026-02-01T10:41:05","isFullCredit":false},{"lineNumber":113,"author":{"gitId":"vet3whale"},"content":"    public static String verifyDeadline(String response) {","lastModifiedDate":"2026-02-01T10:41:05","isFullCredit":false},{"lineNumber":114,"author":{"gitId":"vet3whale"},"content":"        if (!response.contains(\"/by\")) {","lastModifiedDate":"2026-02-01T10:41:05","isFullCredit":false},{"lineNumber":115,"author":{"gitId":"vet3whale"},"content":"            response +\u003d \" /by tbd\";","lastModifiedDate":"2026-02-01T10:41:05","isFullCredit":false},{"lineNumber":116,"author":{"gitId":"vet3whale"},"content":"        } else if (response.indexOf(\"/by\")+2 \u003d\u003d response.length()-1){","lastModifiedDate":"2026-02-01T10:41:05","isFullCredit":false},{"lineNumber":117,"author":{"gitId":"vet3whale"},"content":"            response +\u003d \" tbd\";","lastModifiedDate":"2026-02-01T10:41:05","isFullCredit":false},{"lineNumber":118,"author":{"gitId":"vet3whale"},"content":"        }","lastModifiedDate":"2026-02-01T10:41:05","isFullCredit":false},{"lineNumber":119,"author":{"gitId":"vet3whale"},"content":"        return response;","lastModifiedDate":"2026-02-01T10:41:05","isFullCredit":false},{"lineNumber":120,"author":{"gitId":"vet3whale"},"content":"    }","lastModifiedDate":"2026-02-01T10:41:05","isFullCredit":false},{"lineNumber":121,"author":{"gitId":"vet3whale"},"content":"    public static String verifyEvent(String response) {","lastModifiedDate":"2026-02-01T10:41:05","isFullCredit":false},{"lineNumber":122,"author":{"gitId":"vet3whale"},"content":"        if (!response.contains(\"/from\") \u0026\u0026 !response.contains(\"/to\")){","lastModifiedDate":"2026-02-01T10:41:05","isFullCredit":false},{"lineNumber":123,"author":{"gitId":"vet3whale"},"content":"            response +\u003d \" /from tbd /to tbd\";","lastModifiedDate":"2026-02-01T10:41:05","isFullCredit":false},{"lineNumber":124,"author":{"gitId":"vet3whale"},"content":"        } else if (!response.contains(\"/to\")) {","lastModifiedDate":"2026-02-01T10:41:05","isFullCredit":false},{"lineNumber":125,"author":{"gitId":"vet3whale"},"content":"            response +\u003d \" /to tbd\";","lastModifiedDate":"2026-02-01T10:41:05","isFullCredit":false},{"lineNumber":126,"author":{"gitId":"vet3whale"},"content":"        } else if (!response.contains(\"/from\")) {","lastModifiedDate":"2026-02-01T10:41:05","isFullCredit":false},{"lineNumber":127,"author":{"gitId":"vet3whale"},"content":"            String[] words \u003d response.split(\"/to\");","lastModifiedDate":"2026-02-01T10:41:05","isFullCredit":false},{"lineNumber":128,"author":{"gitId":"vet3whale"},"content":"            response \u003d words[0] + \"/from tbd /to\" + words[1];","lastModifiedDate":"2026-02-01T10:41:05","isFullCredit":false},{"lineNumber":129,"author":{"gitId":"vet3whale"},"content":"        } else if (response.indexOf(\"/to\")+2 \u003d\u003d response.length()-1){","lastModifiedDate":"2026-02-01T10:41:05","isFullCredit":false},{"lineNumber":130,"author":{"gitId":"vet3whale"},"content":"            response +\u003d \" tbd\";","lastModifiedDate":"2026-02-01T10:41:05","isFullCredit":false},{"lineNumber":131,"author":{"gitId":"vet3whale"},"content":"        }","lastModifiedDate":"2026-02-01T10:41:05","isFullCredit":false},{"lineNumber":132,"author":{"gitId":"vet3whale"},"content":"        return response;","lastModifiedDate":"2026-02-01T10:41:05","isFullCredit":false},{"lineNumber":133,"author":{"gitId":"vet3whale"},"content":"    }","lastModifiedDate":"2026-02-01T10:41:05","isFullCredit":false},{"lineNumber":134,"author":{"gitId":"vet3whale"},"content":"","lastModifiedDate":"2026-02-02T21:20:20","isFullCredit":false},{"lineNumber":135,"author":{"gitId":"vet3whale"},"content":"    public static void helloGreeting(String chatbotName) {","lastModifiedDate":"2026-02-02T21:20:20","isFullCredit":false},{"lineNumber":136,"author":{"gitId":"vet3whale"},"content":"        System.out.println(\"\\t____________________________________________________________\");","lastModifiedDate":"2026-02-02T21:20:20","isFullCredit":false},{"lineNumber":137,"author":{"gitId":"vet3whale"},"content":"        System.out.println(\"\\t Hello, myname\" + chatbotName);","lastModifiedDate":"2026-02-02T21:20:20","isFullCredit":false},{"lineNumber":138,"author":{"gitId":"vet3whale"},"content":"        System.out.println(\"\\t What can i do for you?\");","lastModifiedDate":"2026-02-02T21:20:20","isFullCredit":false},{"lineNumber":139,"author":{"gitId":"vet3whale"},"content":"        System.out.println(\"\\t____________________________________________________________\");","lastModifiedDate":"2026-02-02T21:20:20","isFullCredit":false},{"lineNumber":140,"author":{"gitId":"vet3whale"},"content":"    }","lastModifiedDate":"2026-02-02T21:20:20","isFullCredit":false},{"lineNumber":141,"author":{"gitId":"vet3whale"},"content":"    public static void byeGreeting() {","lastModifiedDate":"2026-02-02T21:20:20","isFullCredit":false},{"lineNumber":142,"author":{"gitId":"vet3whale"},"content":"        System.out.println(\"\\t____________________________________________________________\");","lastModifiedDate":"2026-02-02T21:20:20","isFullCredit":false},{"lineNumber":143,"author":{"gitId":"vet3whale"},"content":"        System.out.println(\"\\t Bye. Hope to see you again soon!\");","lastModifiedDate":"2026-02-02T21:20:20","isFullCredit":false},{"lineNumber":144,"author":{"gitId":"vet3whale"},"content":"        System.out.println(\"\\t____________________________________________________________\");","lastModifiedDate":"2026-02-02T21:20:20","isFullCredit":false},{"lineNumber":145,"author":{"gitId":"vet3whale"},"content":"    }","lastModifiedDate":"2026-02-02T21:20:20","isFullCredit":false},{"lineNumber":146,"author":{"gitId":"vet3whale"},"content":"    public static void printDeletedStatus(Task task, ArrayList\u003cTask\u003e tasks) {","lastModifiedDate":"2026-02-14T17:56:33","isFullCredit":false},{"lineNumber":147,"author":{"gitId":"vet3whale"},"content":"        System.out.println(\"\\t____________________________________________________________\");","lastModifiedDate":"2026-02-14T17:56:33","isFullCredit":false},{"lineNumber":148,"author":{"gitId":"vet3whale"},"content":"        System.out.println(\"\\t noted, following task has been deleted:\");","lastModifiedDate":"2026-02-14T17:56:33","isFullCredit":false},{"lineNumber":149,"author":{"gitId":"vet3whale"},"content":"        System.out.println(\"\\t  \" + task.taskString());","lastModifiedDate":"2026-02-14T17:56:33","isFullCredit":false},{"lineNumber":150,"author":{"gitId":"vet3whale"},"content":"        System.out.println(\"\\t now you have \" + tasks.size() + \" tasks in the list.\");","lastModifiedDate":"2026-02-14T17:56:33","isFullCredit":false},{"lineNumber":151,"author":{"gitId":"vet3whale"},"content":"        System.out.println(\"\\t____________________________________________________________\");","lastModifiedDate":"2026-02-14T17:56:33","isFullCredit":false},{"lineNumber":152,"author":{"gitId":"vet3whale"},"content":"    }","lastModifiedDate":"2026-02-14T17:56:33","isFullCredit":false},{"lineNumber":153,"author":{"gitId":"vet3whale"},"content":"    private static CommandType parseCommand(String input) throws JeffException {","lastModifiedDate":"2026-02-07T16:47:15","isFullCredit":false},{"lineNumber":154,"author":{"gitId":"vet3whale"},"content":"        if (input \u003d\u003d null || input.isBlank()) {","lastModifiedDate":"2026-02-07T16:47:15","isFullCredit":false},{"lineNumber":155,"author":{"gitId":"vet3whale"},"content":"            throw new JeffException(JeffException.ErrorType.INCOMPLETE_COMMAND, \"command\");","lastModifiedDate":"2026-02-07T16:47:15","isFullCredit":false},{"lineNumber":156,"author":{"gitId":"vet3whale"},"content":"        }","lastModifiedDate":"2026-02-02T21:20:20","isFullCredit":false},{"lineNumber":157,"author":{"gitId":"vet3whale"},"content":"","lastModifiedDate":"2026-02-07T16:47:15","isFullCredit":false},{"lineNumber":158,"author":{"gitId":"vet3whale"},"content":"        String[] words \u003d input.trim().split(\" \");","lastModifiedDate":"2026-02-07T16:47:15","isFullCredit":false},{"lineNumber":159,"author":{"gitId":"vet3whale"},"content":"        String cmd \u003d words[0].toLowerCase();","lastModifiedDate":"2026-02-07T16:47:15","isFullCredit":false},{"lineNumber":160,"author":{"gitId":"vet3whale"},"content":"        int count \u003d 0;","lastModifiedDate":"2026-02-14T17:17:28","isFullCredit":false},{"lineNumber":161,"author":{"gitId":"vet3whale"},"content":"        for (String commandString : commandStrings) {","lastModifiedDate":"2026-02-14T17:17:28","isFullCredit":false},{"lineNumber":162,"author":{"gitId":"vet3whale"},"content":"            if (commandString.equals(cmd)) {","lastModifiedDate":"2026-02-14T17:17:28","isFullCredit":false},{"lineNumber":163,"author":{"gitId":"vet3whale"},"content":"                return CommandType.values()[count];","lastModifiedDate":"2026-02-14T17:17:28","isFullCredit":false},{"lineNumber":164,"author":{"gitId":"vet3whale"},"content":"            }","lastModifiedDate":"2026-02-14T17:17:28","isFullCredit":false},{"lineNumber":165,"author":{"gitId":"vet3whale"},"content":"            count++;","lastModifiedDate":"2026-02-14T17:17:28","isFullCredit":false},{"lineNumber":166,"author":{"gitId":"vet3whale"},"content":"        }","lastModifiedDate":"2026-02-14T17:17:28","isFullCredit":false},{"lineNumber":167,"author":{"gitId":"vet3whale"},"content":"        throw new JeffException(JeffException.ErrorType.UNKNOWN_COMMAND, cmd);","lastModifiedDate":"2026-02-14T17:17:28","isFullCredit":false},{"lineNumber":168,"author":{"gitId":"vet3whale"},"content":"    }","lastModifiedDate":"2026-02-07T16:47:15","isFullCredit":false},{"lineNumber":169,"author":{"gitId":"vet3whale"},"content":"","lastModifiedDate":"2026-02-07T16:47:15","isFullCredit":false},{"lineNumber":170,"author":{"gitId":"vet3whale"},"content":"    public static void printList(ArrayList\u003cTask\u003e tasks){","lastModifiedDate":"2026-02-14T17:06:17","isFullCredit":false},{"lineNumber":171,"author":{"gitId":"vet3whale"},"content":"        System.out.println(\"\\t____________________________________________________________\");","lastModifiedDate":"2026-02-01T10:41:05","isFullCredit":false},{"lineNumber":172,"author":{"gitId":"vet3whale"},"content":"        for (Task task : tasks) {","lastModifiedDate":"2026-02-14T17:06:17","isFullCredit":false},{"lineNumber":173,"author":{"gitId":"vet3whale"},"content":"            System.out.println(\"\\t \" + tasks.indexOf(task) + \". \" + task.taskString());","lastModifiedDate":"2026-02-14T17:06:17","isFullCredit":false},{"lineNumber":174,"author":{"gitId":"vet3whale"},"content":"        }","lastModifiedDate":"2026-02-01T10:41:05","isFullCredit":false},{"lineNumber":175,"author":{"gitId":"vet3whale"},"content":"        System.out.println(\"\\t____________________________________________________________\");","lastModifiedDate":"2026-02-01T10:41:05","isFullCredit":false},{"lineNumber":176,"author":{"gitId":"vet3whale"},"content":"    }","lastModifiedDate":"2026-02-01T10:41:05","isFullCredit":false},{"lineNumber":177,"author":{"gitId":"vet3whale"},"content":"}","lastModifiedDate":"2026-01-24T08:15:50","isFullCredit":false}],"authorContributionMap":{"vet3whale":176,"-":1}},{"path":"src/main/java/jeff/LoadStoreTasks.java","fileType":"java","lines":[{"lineNumber":1,"author":{"gitId":"vet3whale"},"content":"package jeff;","lastModifiedDate":"2026-02-14T21:04:12","isFullCredit":false},{"lineNumber":2,"author":{"gitId":"vet3whale"},"content":"","lastModifiedDate":"2026-02-14T21:04:12","isFullCredit":false},{"lineNumber":3,"author":{"gitId":"vet3whale"},"content":"import jeff.assets.Deadlines;","lastModifiedDate":"2026-02-14T21:04:12","isFullCredit":false},{"lineNumber":4,"author":{"gitId":"vet3whale"},"content":"import jeff.assets.Events;","lastModifiedDate":"2026-02-14T21:04:12","isFullCredit":false},{"lineNumber":5,"author":{"gitId":"vet3whale"},"content":"import jeff.assets.Task;","lastModifiedDate":"2026-02-14T21:04:12","isFullCredit":false},{"lineNumber":6,"author":{"gitId":"vet3whale"},"content":"import jeff.assets.ToDos;","lastModifiedDate":"2026-02-14T21:04:12","isFullCredit":false},{"lineNumber":7,"author":{"gitId":"vet3whale"},"content":"","lastModifiedDate":"2026-02-14T21:04:12","isFullCredit":false},{"lineNumber":8,"author":{"gitId":"vet3whale"},"content":"import java.io.File;","lastModifiedDate":"2026-02-14T21:04:12","isFullCredit":false},{"lineNumber":9,"author":{"gitId":"vet3whale"},"content":"import java.io.FileNotFoundException;","lastModifiedDate":"2026-02-14T21:04:12","isFullCredit":false},{"lineNumber":10,"author":{"gitId":"vet3whale"},"content":"import java.io.FileWriter;","lastModifiedDate":"2026-02-14T21:04:12","isFullCredit":false},{"lineNumber":11,"author":{"gitId":"vet3whale"},"content":"import java.io.IOException;","lastModifiedDate":"2026-02-14T21:04:12","isFullCredit":false},{"lineNumber":12,"author":{"gitId":"vet3whale"},"content":"import java.util.ArrayList;","lastModifiedDate":"2026-02-14T21:04:12","isFullCredit":false},{"lineNumber":13,"author":{"gitId":"vet3whale"},"content":"import java.util.Scanner;","lastModifiedDate":"2026-02-14T21:04:12","isFullCredit":false},{"lineNumber":14,"author":{"gitId":"vet3whale"},"content":"","lastModifiedDate":"2026-02-14T21:04:12","isFullCredit":false},{"lineNumber":15,"author":{"gitId":"vet3whale"},"content":"public class LoadStoreTasks{","lastModifiedDate":"2026-02-14T21:04:12","isFullCredit":false},{"lineNumber":16,"author":{"gitId":"vet3whale"},"content":"\tprotected static final String filePath \u003d \"data/tasks.txt\";","lastModifiedDate":"2026-02-14T21:04:12","isFullCredit":false},{"lineNumber":17,"author":{"gitId":"vet3whale"},"content":"\t// Load \u0026 Store Tasks to File","lastModifiedDate":"2026-02-14T21:04:12","isFullCredit":false},{"lineNumber":18,"author":{"gitId":"vet3whale"},"content":"\tpublic static void loadTasks(ArrayList\u003cTask\u003e tasks) {","lastModifiedDate":"2026-02-14T21:04:12","isFullCredit":false},{"lineNumber":19,"author":{"gitId":"vet3whale"},"content":"\t\tFile file \u003d new File(filePath);","lastModifiedDate":"2026-02-14T21:04:12","isFullCredit":false},{"lineNumber":20,"author":{"gitId":"vet3whale"},"content":"\t\tif (!file.getParentFile().exists()) {","lastModifiedDate":"2026-02-14T21:04:12","isFullCredit":false},{"lineNumber":21,"author":{"gitId":"vet3whale"},"content":"\t\t\tfile.getParentFile().mkdirs();","lastModifiedDate":"2026-02-14T21:04:12","isFullCredit":false},{"lineNumber":22,"author":{"gitId":"vet3whale"},"content":"\t\t}","lastModifiedDate":"2026-02-14T21:04:12","isFullCredit":false},{"lineNumber":23,"author":{"gitId":"vet3whale"},"content":"\t\ttry (Scanner s \u003d new Scanner(file)) {","lastModifiedDate":"2026-02-14T21:04:12","isFullCredit":false},{"lineNumber":24,"author":{"gitId":"vet3whale"},"content":"\t\t\twhile (s.hasNextLine()) {","lastModifiedDate":"2026-02-14T21:04:12","isFullCredit":false},{"lineNumber":25,"author":{"gitId":"vet3whale"},"content":"\t\t\t\tString taskString \u003d s.nextLine();","lastModifiedDate":"2026-02-14T21:04:12","isFullCredit":false},{"lineNumber":26,"author":{"gitId":"vet3whale"},"content":"\t\t\t\taddTask(taskString, tasks);","lastModifiedDate":"2026-02-14T21:04:12","isFullCredit":false},{"lineNumber":27,"author":{"gitId":"vet3whale"},"content":"\t\t\t}","lastModifiedDate":"2026-02-14T21:04:12","isFullCredit":false},{"lineNumber":28,"author":{"gitId":"vet3whale"},"content":"\t\t} catch (FileNotFoundException e) {","lastModifiedDate":"2026-02-14T21:04:12","isFullCredit":false},{"lineNumber":29,"author":{"gitId":"vet3whale"},"content":"\t\t\tSystem.out.println(\"\\t no saved tasks file—starting fresh.\");","lastModifiedDate":"2026-02-14T21:04:12","isFullCredit":false},{"lineNumber":30,"author":{"gitId":"vet3whale"},"content":"\t\t}","lastModifiedDate":"2026-02-14T21:04:12","isFullCredit":false},{"lineNumber":31,"author":{"gitId":"vet3whale"},"content":"\t}","lastModifiedDate":"2026-02-14T21:04:12","isFullCredit":false},{"lineNumber":32,"author":{"gitId":"vet3whale"},"content":"","lastModifiedDate":"2026-02-14T21:04:12","isFullCredit":false},{"lineNumber":33,"author":{"gitId":"vet3whale"},"content":"\tpublic static void storeTasks(ArrayList\u003cTask\u003e tasks) {","lastModifiedDate":"2026-02-14T21:04:12","isFullCredit":false},{"lineNumber":34,"author":{"gitId":"vet3whale"},"content":"\t\tFile file \u003d new File(filePath);","lastModifiedDate":"2026-02-14T21:04:12","isFullCredit":false},{"lineNumber":35,"author":{"gitId":"vet3whale"},"content":"\t\tif (!file.getParentFile().exists()) {","lastModifiedDate":"2026-02-14T21:04:12","isFullCredit":false},{"lineNumber":36,"author":{"gitId":"vet3whale"},"content":"\t\t\tfile.getParentFile().mkdirs();","lastModifiedDate":"2026-02-14T21:04:12","isFullCredit":false},{"lineNumber":37,"author":{"gitId":"vet3whale"},"content":"\t\t}","lastModifiedDate":"2026-02-14T21:04:12","isFullCredit":false},{"lineNumber":38,"author":{"gitId":"vet3whale"},"content":"\t\ttry (FileWriter fw \u003d new FileWriter(file)) {","lastModifiedDate":"2026-02-14T21:04:12","isFullCredit":false},{"lineNumber":39,"author":{"gitId":"vet3whale"},"content":"\t\t\tfor (Task task : tasks) {","lastModifiedDate":"2026-02-14T21:04:12","isFullCredit":false},{"lineNumber":40,"author":{"gitId":"vet3whale"},"content":"\t\t\t\tfw.write(task.loadingString() + \"\\n\");","lastModifiedDate":"2026-02-14T21:04:12","isFullCredit":false},{"lineNumber":41,"author":{"gitId":"vet3whale"},"content":"\t\t\t}","lastModifiedDate":"2026-02-14T21:04:12","isFullCredit":false},{"lineNumber":42,"author":{"gitId":"vet3whale"},"content":"\t\t} catch (IOException e) {","lastModifiedDate":"2026-02-14T21:04:12","isFullCredit":false},{"lineNumber":43,"author":{"gitId":"vet3whale"},"content":"\t\t\tthrow new RuntimeException(e);","lastModifiedDate":"2026-02-14T21:04:12","isFullCredit":false},{"lineNumber":44,"author":{"gitId":"vet3whale"},"content":"\t\t}","lastModifiedDate":"2026-02-14T21:04:12","isFullCredit":false},{"lineNumber":45,"author":{"gitId":"vet3whale"},"content":"\t}","lastModifiedDate":"2026-02-14T21:04:12","isFullCredit":false},{"lineNumber":46,"author":{"gitId":"vet3whale"},"content":"","lastModifiedDate":"2026-02-14T21:04:12","isFullCredit":false},{"lineNumber":47,"author":{"gitId":"vet3whale"},"content":"\tpublic static void addTask(String taskString, ArrayList\u003cTask\u003e tasks) {","lastModifiedDate":"2026-02-14T21:04:12","isFullCredit":false},{"lineNumber":48,"author":{"gitId":"vet3whale"},"content":"\t\tint taskTypeIdx \u003d 0;","lastModifiedDate":"2026-02-14T21:04:12","isFullCredit":false},{"lineNumber":49,"author":{"gitId":"vet3whale"},"content":"\t\tint doneIdx \u003d taskString.indexOf(\"|\") + 1;","lastModifiedDate":"2026-02-14T21:04:12","isFullCredit":false},{"lineNumber":50,"author":{"gitId":"vet3whale"},"content":"\t\tint descStart \u003d taskString.indexOf(\"|\", doneIdx)+1;","lastModifiedDate":"2026-02-14T21:04:12","isFullCredit":false},{"lineNumber":51,"author":{"gitId":"vet3whale"},"content":"\t\tint descEnd \u003d taskString.indexOf(\"|\", descStart);","lastModifiedDate":"2026-02-14T21:04:12","isFullCredit":false},{"lineNumber":52,"author":{"gitId":"vet3whale"},"content":"\t\tdescEnd \u003d descEnd \u003d\u003d -1 ? taskString.length(): descEnd;","lastModifiedDate":"2026-02-14T21:04:12","isFullCredit":false},{"lineNumber":53,"author":{"gitId":"vet3whale"},"content":"","lastModifiedDate":"2026-02-14T21:04:12","isFullCredit":false},{"lineNumber":54,"author":{"gitId":"vet3whale"},"content":"\t\tchar taskType \u003d taskString.charAt(taskTypeIdx);","lastModifiedDate":"2026-02-14T21:04:12","isFullCredit":false},{"lineNumber":55,"author":{"gitId":"vet3whale"},"content":"\t\tString desc \u003d taskString.substring(descStart, descEnd);","lastModifiedDate":"2026-02-14T21:04:12","isFullCredit":false},{"lineNumber":56,"author":{"gitId":"vet3whale"},"content":"\t\tboolean isDone \u003d taskString.charAt(doneIdx) \u003d\u003d \u0027X\u0027;","lastModifiedDate":"2026-02-14T21:04:12","isFullCredit":false},{"lineNumber":57,"author":{"gitId":"vet3whale"},"content":"","lastModifiedDate":"2026-02-14T21:04:12","isFullCredit":false},{"lineNumber":58,"author":{"gitId":"vet3whale"},"content":"\t\tTask task;","lastModifiedDate":"2026-02-14T21:04:12","isFullCredit":false},{"lineNumber":59,"author":{"gitId":"vet3whale"},"content":"\t\tswitch (taskType) {","lastModifiedDate":"2026-02-14T21:04:12","isFullCredit":false},{"lineNumber":60,"author":{"gitId":"vet3whale"},"content":"\t\tcase \u0027T\u0027:","lastModifiedDate":"2026-02-14T21:04:12","isFullCredit":false},{"lineNumber":61,"author":{"gitId":"vet3whale"},"content":"\t\t\ttask \u003d new ToDos(desc);","lastModifiedDate":"2026-02-14T21:04:12","isFullCredit":false},{"lineNumber":62,"author":{"gitId":"vet3whale"},"content":"\t\t\tbreak;","lastModifiedDate":"2026-02-14T21:04:12","isFullCredit":false},{"lineNumber":63,"author":{"gitId":"vet3whale"},"content":"\t\tcase \u0027D\u0027:","lastModifiedDate":"2026-02-14T21:04:12","isFullCredit":false},{"lineNumber":64,"author":{"gitId":"vet3whale"},"content":"\t\t\tint byStart \u003d taskString.indexOf(\"|\", descEnd) + 1;","lastModifiedDate":"2026-02-14T21:04:12","isFullCredit":false},{"lineNumber":65,"author":{"gitId":"vet3whale"},"content":"\t\t\tString by \u003d taskString.substring(byStart).trim();","lastModifiedDate":"2026-02-14T21:04:12","isFullCredit":false},{"lineNumber":66,"author":{"gitId":"vet3whale"},"content":"\t\t\ttask \u003d new Deadlines(desc + \" /by \" + by);","lastModifiedDate":"2026-02-14T21:04:12","isFullCredit":false},{"lineNumber":67,"author":{"gitId":"vet3whale"},"content":"\t\t\tbreak;","lastModifiedDate":"2026-02-14T21:04:12","isFullCredit":false},{"lineNumber":68,"author":{"gitId":"vet3whale"},"content":"\t\tcase \u0027E\u0027:","lastModifiedDate":"2026-02-14T21:04:12","isFullCredit":false},{"lineNumber":69,"author":{"gitId":"vet3whale"},"content":"\t\t\tint fromStart \u003d taskString.indexOf(\"|\", descEnd) + 1;","lastModifiedDate":"2026-02-14T21:04:12","isFullCredit":false},{"lineNumber":70,"author":{"gitId":"vet3whale"},"content":"\t\t\tint toStart \u003d taskString.lastIndexOf(\"|\", taskString.length() - 1);","lastModifiedDate":"2026-02-14T21:04:12","isFullCredit":false},{"lineNumber":71,"author":{"gitId":"vet3whale"},"content":"\t\t\tString from \u003d taskString.substring(fromStart, toStart).trim();","lastModifiedDate":"2026-02-14T21:04:12","isFullCredit":false},{"lineNumber":72,"author":{"gitId":"vet3whale"},"content":"\t\t\tString to \u003d taskString.substring(toStart + 1).trim();","lastModifiedDate":"2026-02-14T21:04:12","isFullCredit":false},{"lineNumber":73,"author":{"gitId":"vet3whale"},"content":"\t\t\ttask \u003d new Events(desc + \" /from \" + from + \" /to \" + to);","lastModifiedDate":"2026-02-14T21:04:12","isFullCredit":false},{"lineNumber":74,"author":{"gitId":"vet3whale"},"content":"\t\t\tbreak;","lastModifiedDate":"2026-02-14T21:04:12","isFullCredit":false},{"lineNumber":75,"author":{"gitId":"vet3whale"},"content":"\t\tdefault:","lastModifiedDate":"2026-02-14T21:04:12","isFullCredit":false},{"lineNumber":76,"author":{"gitId":"vet3whale"},"content":"\t\t\ttask \u003d new Task(desc);","lastModifiedDate":"2026-02-14T21:04:12","isFullCredit":false},{"lineNumber":77,"author":{"gitId":"vet3whale"},"content":"\t\t}","lastModifiedDate":"2026-02-14T21:04:12","isFullCredit":false},{"lineNumber":78,"author":{"gitId":"vet3whale"},"content":"","lastModifiedDate":"2026-02-14T21:04:12","isFullCredit":false},{"lineNumber":79,"author":{"gitId":"vet3whale"},"content":"\t\tif (isDone) {","lastModifiedDate":"2026-02-14T21:04:12","isFullCredit":false},{"lineNumber":80,"author":{"gitId":"vet3whale"},"content":"\t\t\ttask.setDone();","lastModifiedDate":"2026-02-14T21:04:12","isFullCredit":false},{"lineNumber":81,"author":{"gitId":"vet3whale"},"content":"\t\t}","lastModifiedDate":"2026-02-14T21:04:12","isFullCredit":false},{"lineNumber":82,"author":{"gitId":"vet3whale"},"content":"\t\ttasks.add(task);","lastModifiedDate":"2026-02-14T21:04:12","isFullCredit":false},{"lineNumber":83,"author":{"gitId":"vet3whale"},"content":"\t}","lastModifiedDate":"2026-02-14T21:04:12","isFullCredit":false},{"lineNumber":84,"author":{"gitId":"vet3whale"},"content":"","lastModifiedDate":"2026-02-14T21:04:12","isFullCredit":false},{"lineNumber":85,"author":{"gitId":"vet3whale"},"content":"}","lastModifiedDate":"2026-02-14T21:04:12","isFullCredit":false}],"authorContributionMap":{"vet3whale":85}},{"path":"src/main/java/jeff/assets/Deadlines.java","fileType":"java","lines":[{"lineNumber":1,"author":{"gitId":"vet3whale"},"content":"package jeff.assets;","lastModifiedDate":"2026-02-07T17:26:42","isFullCredit":false},{"lineNumber":2,"author":{"gitId":"vet3whale"},"content":"","lastModifiedDate":"2026-02-07T17:26:42","isFullCredit":false},{"lineNumber":3,"author":{"gitId":"vet3whale"},"content":"public class Deadlines extends Task{","lastModifiedDate":"2026-02-01T00:09:35","isFullCredit":false},{"lineNumber":4,"author":{"gitId":"vet3whale"},"content":"\tprotected String by;","lastModifiedDate":"2026-02-01T00:09:35","isFullCredit":false},{"lineNumber":5,"author":{"gitId":"vet3whale"},"content":"\tpublic String getSuffix() {","lastModifiedDate":"2026-02-01T10:41:05","isFullCredit":false},{"lineNumber":6,"author":{"gitId":"vet3whale"},"content":"\t\treturn \" (by: \" + this.by + \")\";","lastModifiedDate":"2026-02-01T10:41:05","isFullCredit":false},{"lineNumber":7,"author":{"gitId":"vet3whale"},"content":"\t}","lastModifiedDate":"2026-02-01T10:41:05","isFullCredit":false},{"lineNumber":8,"author":{"gitId":"vet3whale"},"content":"\tpublic Deadlines(String taskDescription) {","lastModifiedDate":"2026-02-01T00:09:35","isFullCredit":false},{"lineNumber":9,"author":{"gitId":"vet3whale"},"content":"\t\tsuper(taskDescription.substring(taskDescription.indexOf(\" \"),taskDescription.indexOf(\"/\")-1));","lastModifiedDate":"2026-02-01T00:09:35","isFullCredit":false},{"lineNumber":10,"author":{"gitId":"vet3whale"},"content":"","lastModifiedDate":"2026-02-01T00:09:35","isFullCredit":false},{"lineNumber":11,"author":{"gitId":"vet3whale"},"content":"\t\tint byStartIndex \u003d taskDescription.indexOf(\"/\") + 4;","lastModifiedDate":"2026-02-01T00:09:35","isFullCredit":false},{"lineNumber":12,"author":{"gitId":"vet3whale"},"content":"\t\tint byEndIndex \u003d taskDescription.length();","lastModifiedDate":"2026-02-01T00:09:35","isFullCredit":false},{"lineNumber":13,"author":{"gitId":"vet3whale"},"content":"\t\tby \u003d taskDescription.substring(byStartIndex, byEndIndex);","lastModifiedDate":"2026-02-01T00:09:35","isFullCredit":false},{"lineNumber":14,"author":{"gitId":"vet3whale"},"content":"\t\tsuper.prefix \u003d \"D\";","lastModifiedDate":"2026-02-01T10:41:05","isFullCredit":false},{"lineNumber":15,"author":{"gitId":"vet3whale"},"content":"\t\tsuper.suffix \u003d getSuffix();","lastModifiedDate":"2026-02-01T10:41:05","isFullCredit":false},{"lineNumber":16,"author":{"gitId":"vet3whale"},"content":"\t}","lastModifiedDate":"2026-02-01T00:09:35","isFullCredit":false},{"lineNumber":17,"author":{"gitId":"vet3whale"},"content":"","lastModifiedDate":"2026-02-14T19:13:07","isFullCredit":false},{"lineNumber":18,"author":{"gitId":"vet3whale"},"content":"\tpublic String getBy() {","lastModifiedDate":"2026-02-14T19:13:07","isFullCredit":false},{"lineNumber":19,"author":{"gitId":"vet3whale"},"content":"\t\treturn by;","lastModifiedDate":"2026-02-14T19:13:07","isFullCredit":false},{"lineNumber":20,"author":{"gitId":"vet3whale"},"content":"\t}","lastModifiedDate":"2026-02-14T19:13:07","isFullCredit":false},{"lineNumber":21,"author":{"gitId":"vet3whale"},"content":"","lastModifiedDate":"2026-02-14T19:13:07","isFullCredit":false},{"lineNumber":22,"author":{"gitId":"vet3whale"},"content":"\tpublic void setBy(String by) {","lastModifiedDate":"2026-02-14T19:13:07","isFullCredit":false},{"lineNumber":23,"author":{"gitId":"vet3whale"},"content":"\t\tthis.by \u003d by;","lastModifiedDate":"2026-02-14T19:13:07","isFullCredit":false},{"lineNumber":24,"author":{"gitId":"vet3whale"},"content":"\t}","lastModifiedDate":"2026-02-14T19:13:07","isFullCredit":false},{"lineNumber":25,"author":{"gitId":"vet3whale"},"content":"","lastModifiedDate":"2026-02-14T19:13:07","isFullCredit":false},{"lineNumber":26,"author":{"gitId":"vet3whale"},"content":"\t@Override","lastModifiedDate":"2026-02-01T00:09:35","isFullCredit":false},{"lineNumber":27,"author":{"gitId":"vet3whale"},"content":"\tpublic String taskString() {","lastModifiedDate":"2026-02-01T00:09:35","isFullCredit":false},{"lineNumber":28,"author":{"gitId":"vet3whale"},"content":"\t\treturn \"[D]\" + super.taskString() + getSuffix();","lastModifiedDate":"2026-02-01T10:41:05","isFullCredit":false},{"lineNumber":29,"author":{"gitId":"vet3whale"},"content":"\t}","lastModifiedDate":"2026-02-01T00:09:35","isFullCredit":false},{"lineNumber":30,"author":{"gitId":"vet3whale"},"content":"","lastModifiedDate":"2026-02-01T00:09:35","isFullCredit":false},{"lineNumber":31,"author":{"gitId":"vet3whale"},"content":"\t@Override","lastModifiedDate":"2026-02-14T21:04:12","isFullCredit":false},{"lineNumber":32,"author":{"gitId":"vet3whale"},"content":"\tpublic String loadingString() {","lastModifiedDate":"2026-02-14T21:04:12","isFullCredit":false},{"lineNumber":33,"author":{"gitId":"vet3whale"},"content":"\t\tString doneStatus \u003d this.isDone ? \"X\" : \" \";","lastModifiedDate":"2026-02-14T21:04:12","isFullCredit":false},{"lineNumber":34,"author":{"gitId":"vet3whale"},"content":"\t\treturn prefix + \"|\" + doneStatus + \"|\" + this.description + \"|\" +  this.by;","lastModifiedDate":"2026-02-14T21:04:12","isFullCredit":false},{"lineNumber":35,"author":{"gitId":"vet3whale"},"content":"\t}","lastModifiedDate":"2026-02-14T21:04:12","isFullCredit":false},{"lineNumber":36,"author":{"gitId":"vet3whale"},"content":"\t@Override","lastModifiedDate":"2026-02-01T00:09:35","isFullCredit":false},{"lineNumber":37,"author":{"gitId":"vet3whale"},"content":"\tpublic void printAdded() {","lastModifiedDate":"2026-02-01T00:09:35","isFullCredit":false},{"lineNumber":38,"author":{"gitId":"vet3whale"},"content":"\t\tSystem.out.println(\"\\t____________________________________________________________\");","lastModifiedDate":"2026-02-01T00:09:35","isFullCredit":false},{"lineNumber":39,"author":{"gitId":"vet3whale"},"content":"\t\tSystem.out.println(\"\\t shagg. need to get this done asap. ok added:\\n\\t   \" + taskString());","lastModifiedDate":"2026-02-01T00:09:35","isFullCredit":false},{"lineNumber":40,"author":{"gitId":"vet3whale"},"content":"\t\tString singularOrPlural \u003d getTotalTasks() \u003d\u003d 1 ? \" task\" : \" tasks\";","lastModifiedDate":"2026-02-01T00:09:35","isFullCredit":false},{"lineNumber":41,"author":{"gitId":"vet3whale"},"content":"\t\tSystem.out.println(\"\\t now you have \" + getTotalTasks() + singularOrPlural + \" in your list!\");","lastModifiedDate":"2026-02-01T00:09:35","isFullCredit":false},{"lineNumber":42,"author":{"gitId":"vet3whale"},"content":"\t\tSystem.out.println(\"\\t____________________________________________________________\");","lastModifiedDate":"2026-02-01T00:09:35","isFullCredit":false},{"lineNumber":43,"author":{"gitId":"vet3whale"},"content":"\t}","lastModifiedDate":"2026-02-01T00:09:35","isFullCredit":false},{"lineNumber":44,"author":{"gitId":"vet3whale"},"content":"}","lastModifiedDate":"2026-02-01T00:09:35","isFullCredit":false}],"authorContributionMap":{"vet3whale":44}},{"path":"src/main/java/jeff/assets/Events.java","fileType":"java","lines":[{"lineNumber":1,"author":{"gitId":"vet3whale"},"content":"package jeff.assets;","lastModifiedDate":"2026-02-07T17:26:42","isFullCredit":false},{"lineNumber":2,"author":{"gitId":"vet3whale"},"content":"","lastModifiedDate":"2026-02-07T17:26:42","isFullCredit":false},{"lineNumber":3,"author":{"gitId":"vet3whale"},"content":"public class Events extends Task{","lastModifiedDate":"2026-02-01T10:41:05","isFullCredit":false},{"lineNumber":4,"author":{"gitId":"vet3whale"},"content":"\tprotected String from;","lastModifiedDate":"2026-02-01T10:41:05","isFullCredit":false},{"lineNumber":5,"author":{"gitId":"vet3whale"},"content":"\tprotected String to;","lastModifiedDate":"2026-02-01T10:41:05","isFullCredit":false},{"lineNumber":6,"author":{"gitId":"vet3whale"},"content":"\tpublic String getSuffix() {","lastModifiedDate":"2026-02-01T10:41:05","isFullCredit":false},{"lineNumber":7,"author":{"gitId":"vet3whale"},"content":"\t\treturn \" (from: \" + this.from + \" to: \" + this.to + \")\";","lastModifiedDate":"2026-02-01T10:41:05","isFullCredit":false},{"lineNumber":8,"author":{"gitId":"vet3whale"},"content":"\t}","lastModifiedDate":"2026-02-01T10:41:05","isFullCredit":false},{"lineNumber":9,"author":{"gitId":"vet3whale"},"content":"\tpublic Events(String taskDescription) {","lastModifiedDate":"2026-02-01T10:41:05","isFullCredit":false},{"lineNumber":10,"author":{"gitId":"vet3whale"},"content":"\t\tsuper(taskDescription.substring(taskDescription.indexOf(\" \"),taskDescription.indexOf(\"/\")-1));","lastModifiedDate":"2026-02-01T10:41:05","isFullCredit":false},{"lineNumber":11,"author":{"gitId":"vet3whale"},"content":"\t\tfrom \u003d taskDescription.substring(taskDescription.indexOf(\"/from\")+6, taskDescription.indexOf(\"/to\")-1);","lastModifiedDate":"2026-02-01T10:41:05","isFullCredit":false},{"lineNumber":12,"author":{"gitId":"vet3whale"},"content":"\t\tto \u003d taskDescription.substring(taskDescription.indexOf(\"/to\")+4);","lastModifiedDate":"2026-02-01T10:41:05","isFullCredit":false},{"lineNumber":13,"author":{"gitId":"vet3whale"},"content":"\t\tsuper.prefix \u003d \"E\";","lastModifiedDate":"2026-02-01T10:41:05","isFullCredit":false},{"lineNumber":14,"author":{"gitId":"vet3whale"},"content":"\t\tsuper.suffix \u003d getSuffix();","lastModifiedDate":"2026-02-01T10:41:05","isFullCredit":false},{"lineNumber":15,"author":{"gitId":"vet3whale"},"content":"\t}","lastModifiedDate":"2026-02-01T10:41:05","isFullCredit":false},{"lineNumber":16,"author":{"gitId":"vet3whale"},"content":"","lastModifiedDate":"2026-02-01T10:41:05","isFullCredit":false},{"lineNumber":17,"author":{"gitId":"vet3whale"},"content":"\tpublic String getFrom() {","lastModifiedDate":"2026-02-14T19:13:07","isFullCredit":false},{"lineNumber":18,"author":{"gitId":"vet3whale"},"content":"\t\treturn from;","lastModifiedDate":"2026-02-14T19:13:07","isFullCredit":false},{"lineNumber":19,"author":{"gitId":"vet3whale"},"content":"\t}","lastModifiedDate":"2026-02-14T19:13:07","isFullCredit":false},{"lineNumber":20,"author":{"gitId":"vet3whale"},"content":"","lastModifiedDate":"2026-02-14T19:13:07","isFullCredit":false},{"lineNumber":21,"author":{"gitId":"vet3whale"},"content":"\tpublic void setFrom(String from) {","lastModifiedDate":"2026-02-14T19:13:07","isFullCredit":false},{"lineNumber":22,"author":{"gitId":"vet3whale"},"content":"\t\tthis.from \u003d from;","lastModifiedDate":"2026-02-14T19:13:07","isFullCredit":false},{"lineNumber":23,"author":{"gitId":"vet3whale"},"content":"\t}","lastModifiedDate":"2026-02-14T19:13:07","isFullCredit":false},{"lineNumber":24,"author":{"gitId":"vet3whale"},"content":"","lastModifiedDate":"2026-02-14T19:13:07","isFullCredit":false},{"lineNumber":25,"author":{"gitId":"vet3whale"},"content":"\tpublic String getTo() {","lastModifiedDate":"2026-02-14T19:13:07","isFullCredit":false},{"lineNumber":26,"author":{"gitId":"vet3whale"},"content":"\t\treturn to;","lastModifiedDate":"2026-02-14T19:13:07","isFullCredit":false},{"lineNumber":27,"author":{"gitId":"vet3whale"},"content":"\t}","lastModifiedDate":"2026-02-14T19:13:07","isFullCredit":false},{"lineNumber":28,"author":{"gitId":"vet3whale"},"content":"","lastModifiedDate":"2026-02-14T19:13:07","isFullCredit":false},{"lineNumber":29,"author":{"gitId":"vet3whale"},"content":"\tpublic void setTo(String to) {","lastModifiedDate":"2026-02-14T19:13:07","isFullCredit":false},{"lineNumber":30,"author":{"gitId":"vet3whale"},"content":"\t\tthis.to \u003d to;","lastModifiedDate":"2026-02-14T19:13:07","isFullCredit":false},{"lineNumber":31,"author":{"gitId":"vet3whale"},"content":"\t}","lastModifiedDate":"2026-02-14T19:13:07","isFullCredit":false},{"lineNumber":32,"author":{"gitId":"vet3whale"},"content":"","lastModifiedDate":"2026-02-14T19:13:07","isFullCredit":false},{"lineNumber":33,"author":{"gitId":"vet3whale"},"content":"\t@Override","lastModifiedDate":"2026-02-01T10:41:05","isFullCredit":false},{"lineNumber":34,"author":{"gitId":"vet3whale"},"content":"\tpublic String taskString() {","lastModifiedDate":"2026-02-01T10:41:05","isFullCredit":false},{"lineNumber":35,"author":{"gitId":"vet3whale"},"content":"\t\treturn \"[\" + prefix + \"]\" + super.taskString() + getSuffix();","lastModifiedDate":"2026-02-01T10:41:05","isFullCredit":false},{"lineNumber":36,"author":{"gitId":"vet3whale"},"content":"\t}","lastModifiedDate":"2026-02-01T10:41:05","isFullCredit":false},{"lineNumber":37,"author":{"gitId":"vet3whale"},"content":"","lastModifiedDate":"2026-02-01T10:41:05","isFullCredit":false},{"lineNumber":38,"author":{"gitId":"vet3whale"},"content":"\t@Override","lastModifiedDate":"2026-02-14T21:04:12","isFullCredit":false},{"lineNumber":39,"author":{"gitId":"vet3whale"},"content":"\tpublic String loadingString() {","lastModifiedDate":"2026-02-14T21:04:12","isFullCredit":false},{"lineNumber":40,"author":{"gitId":"vet3whale"},"content":"\t\tString doneStatus \u003d this.isDone ? \"X\" : \" \";","lastModifiedDate":"2026-02-14T21:04:12","isFullCredit":false},{"lineNumber":41,"author":{"gitId":"vet3whale"},"content":"\t\treturn prefix + \"|\" + doneStatus + \"|\" + this.description + \"|\" + this.from + \"|\" + this.to;","lastModifiedDate":"2026-02-14T21:04:12","isFullCredit":false},{"lineNumber":42,"author":{"gitId":"vet3whale"},"content":"\t}","lastModifiedDate":"2026-02-14T21:04:12","isFullCredit":false},{"lineNumber":43,"author":{"gitId":"vet3whale"},"content":"","lastModifiedDate":"2026-02-14T21:04:12","isFullCredit":false},{"lineNumber":44,"author":{"gitId":"vet3whale"},"content":"\t@Override","lastModifiedDate":"2026-02-01T10:41:05","isFullCredit":false},{"lineNumber":45,"author":{"gitId":"vet3whale"},"content":"\tpublic void printAdded() {","lastModifiedDate":"2026-02-01T10:41:05","isFullCredit":false},{"lineNumber":46,"author":{"gitId":"vet3whale"},"content":"\t\tSystem.out.println(\"\\t____________________________________________________________\");","lastModifiedDate":"2026-02-01T10:41:05","isFullCredit":false},{"lineNumber":47,"author":{"gitId":"vet3whale"},"content":"\t\tSystem.out.println(\"\\t new event! ok added:\\n\\t   \" + taskString());","lastModifiedDate":"2026-02-01T10:41:05","isFullCredit":false},{"lineNumber":48,"author":{"gitId":"vet3whale"},"content":"\t\tString singularOrPlural \u003d getTotalTasks() \u003d\u003d 1 ? \" task\" : \" tasks\";","lastModifiedDate":"2026-02-01T10:41:05","isFullCredit":false},{"lineNumber":49,"author":{"gitId":"vet3whale"},"content":"\t\tSystem.out.println(\"\\t now you have \" + getTotalTasks() + singularOrPlural + \" in your list!\");","lastModifiedDate":"2026-02-01T10:41:05","isFullCredit":false},{"lineNumber":50,"author":{"gitId":"vet3whale"},"content":"\t\tSystem.out.println(\"\\t____________________________________________________________\");","lastModifiedDate":"2026-02-01T10:41:05","isFullCredit":false},{"lineNumber":51,"author":{"gitId":"vet3whale"},"content":"\t}","lastModifiedDate":"2026-02-01T10:41:05","isFullCredit":false},{"lineNumber":52,"author":{"gitId":"vet3whale"},"content":"}","lastModifiedDate":"2026-02-01T10:41:05","isFullCredit":false}],"authorContributionMap":{"vet3whale":52}},{"path":"src/main/java/jeff/assets/Task.java","fileType":"java","lines":[{"lineNumber":1,"author":{"gitId":"vet3whale"},"content":"package jeff.assets;","lastModifiedDate":"2026-02-07T17:26:42","isFullCredit":false},{"lineNumber":2,"author":{"gitId":"vet3whale"},"content":"","lastModifiedDate":"2026-02-07T17:26:42","isFullCredit":false},{"lineNumber":3,"author":{"gitId":"vet3whale"},"content":"public class Task {","lastModifiedDate":"2026-01-28T18:35:40","isFullCredit":false},{"lineNumber":4,"author":{"gitId":"vet3whale"},"content":"\tprotected String description;","lastModifiedDate":"2026-01-28T19:25:57","isFullCredit":false},{"lineNumber":5,"author":{"gitId":"vet3whale"},"content":"\tprotected boolean isDone \u003d false;","lastModifiedDate":"2026-01-28T19:25:57","isFullCredit":false},{"lineNumber":6,"author":{"gitId":"vet3whale"},"content":"\tprotected String prefix \u003d \"\";","lastModifiedDate":"2026-02-01T10:41:05","isFullCredit":false},{"lineNumber":7,"author":{"gitId":"vet3whale"},"content":"\tprotected String suffix \u003d \"\";","lastModifiedDate":"2026-02-01T10:41:05","isFullCredit":false},{"lineNumber":8,"author":{"gitId":"vet3whale"},"content":"","lastModifiedDate":"2026-01-28T18:35:40","isFullCredit":false},{"lineNumber":9,"author":{"gitId":"vet3whale"},"content":"\tpublic static int totalTasks \u003d 0;","lastModifiedDate":"2026-01-31T23:27:39","isFullCredit":false},{"lineNumber":10,"author":{"gitId":"vet3whale"},"content":"","lastModifiedDate":"2026-01-31T23:27:39","isFullCredit":false},{"lineNumber":11,"author":{"gitId":"vet3whale"},"content":"\t// Constructors","lastModifiedDate":"2026-01-28T18:35:40","isFullCredit":false},{"lineNumber":12,"author":{"gitId":"vet3whale"},"content":"\tpublic Task(String taskDescription) {","lastModifiedDate":"2026-02-01T00:09:35","isFullCredit":false},{"lineNumber":13,"author":{"gitId":"vet3whale"},"content":"\t\tdescription \u003d taskDescription;","lastModifiedDate":"2026-01-28T18:35:40","isFullCredit":false},{"lineNumber":14,"author":{"gitId":"vet3whale"},"content":"\t\tisDone \u003d false;","lastModifiedDate":"2026-02-01T00:09:35","isFullCredit":false},{"lineNumber":15,"author":{"gitId":"vet3whale"},"content":"\t\ttotalTasks++;","lastModifiedDate":"2026-01-31T23:27:39","isFullCredit":false},{"lineNumber":16,"author":{"gitId":"vet3whale"},"content":"\t}","lastModifiedDate":"2026-01-28T18:35:40","isFullCredit":false},{"lineNumber":17,"author":{"gitId":"vet3whale"},"content":"","lastModifiedDate":"2026-01-28T18:35:40","isFullCredit":false},{"lineNumber":18,"author":{"gitId":"vet3whale"},"content":"\t// Getters","lastModifiedDate":"2026-01-28T18:35:40","isFullCredit":false},{"lineNumber":19,"author":{"gitId":"vet3whale"},"content":"\tpublic String getStatusIcon() {","lastModifiedDate":"2026-01-28T19:25:57","isFullCredit":false},{"lineNumber":20,"author":{"gitId":"vet3whale"},"content":"\t\treturn (isDone ? \"X\" : \" \");","lastModifiedDate":"2026-01-28T18:35:40","isFullCredit":false},{"lineNumber":21,"author":{"gitId":"vet3whale"},"content":"\t}","lastModifiedDate":"2026-01-28T18:35:40","isFullCredit":false},{"lineNumber":22,"author":{"gitId":"vet3whale"},"content":"","lastModifiedDate":"2026-01-28T18:35:40","isFullCredit":false},{"lineNumber":23,"author":{"gitId":"vet3whale"},"content":"\tpublic String getDescription() {","lastModifiedDate":"2026-01-28T19:25:57","isFullCredit":false},{"lineNumber":24,"author":{"gitId":"vet3whale"},"content":"\t\treturn description;","lastModifiedDate":"2026-01-28T18:35:40","isFullCredit":false},{"lineNumber":25,"author":{"gitId":"vet3whale"},"content":"\t}","lastModifiedDate":"2026-01-28T18:35:40","isFullCredit":false},{"lineNumber":26,"author":{"gitId":"vet3whale"},"content":"","lastModifiedDate":"2026-01-28T18:35:40","isFullCredit":false},{"lineNumber":27,"author":{"gitId":"vet3whale"},"content":"\tpublic static int getTotalTasks() {","lastModifiedDate":"2026-01-31T23:27:39","isFullCredit":false},{"lineNumber":28,"author":{"gitId":"vet3whale"},"content":"\t\treturn totalTasks;","lastModifiedDate":"2026-01-31T23:27:39","isFullCredit":false},{"lineNumber":29,"author":{"gitId":"vet3whale"},"content":"\t}","lastModifiedDate":"2026-01-31T23:27:39","isFullCredit":false},{"lineNumber":30,"author":{"gitId":"vet3whale"},"content":"","lastModifiedDate":"2026-01-31T23:27:39","isFullCredit":false},{"lineNumber":31,"author":{"gitId":"vet3whale"},"content":"\t// Setters","lastModifiedDate":"2026-01-31T22:51:45","isFullCredit":false},{"lineNumber":32,"author":{"gitId":"vet3whale"},"content":"\tpublic void setCompletionStatus(String command) {","lastModifiedDate":"2026-01-31T22:51:45","isFullCredit":false},{"lineNumber":33,"author":{"gitId":"vet3whale"},"content":"\t\tcommand \u003d command.toLowerCase();","lastModifiedDate":"2026-01-31T22:51:45","isFullCredit":false},{"lineNumber":34,"author":{"gitId":"vet3whale"},"content":"\t\tif (command.equals(\"mark\")) {","lastModifiedDate":"2026-01-31T22:51:45","isFullCredit":false},{"lineNumber":35,"author":{"gitId":"vet3whale"},"content":"\t\t\tthis.isDone \u003d true;","lastModifiedDate":"2026-01-31T22:51:45","isFullCredit":false},{"lineNumber":36,"author":{"gitId":"vet3whale"},"content":"\t\t\tprintTaskMarked();","lastModifiedDate":"2026-01-31T22:51:45","isFullCredit":false},{"lineNumber":37,"author":{"gitId":"vet3whale"},"content":"\t\t} else if (command.equals(\"unmark\")) {","lastModifiedDate":"2026-01-31T22:51:45","isFullCredit":false},{"lineNumber":38,"author":{"gitId":"vet3whale"},"content":"\t\t\tthis.isDone \u003d false;","lastModifiedDate":"2026-01-31T22:51:45","isFullCredit":false},{"lineNumber":39,"author":{"gitId":"vet3whale"},"content":"\t\t\tprintTaskUnmarked();","lastModifiedDate":"2026-01-31T22:51:45","isFullCredit":false},{"lineNumber":40,"author":{"gitId":"vet3whale"},"content":"\t\t} else {","lastModifiedDate":"2026-01-31T22:51:45","isFullCredit":false},{"lineNumber":41,"author":{"gitId":"vet3whale"},"content":"\t\t\tprintWrongCommand();","lastModifiedDate":"2026-01-31T22:51:45","isFullCredit":false},{"lineNumber":42,"author":{"gitId":"vet3whale"},"content":"\t\t}","lastModifiedDate":"2026-01-31T22:51:45","isFullCredit":false},{"lineNumber":43,"author":{"gitId":"vet3whale"},"content":"\t}","lastModifiedDate":"2026-01-31T22:51:45","isFullCredit":false},{"lineNumber":44,"author":{"gitId":"vet3whale"},"content":"\tpublic void setDone() {","lastModifiedDate":"2026-02-14T21:04:12","isFullCredit":false},{"lineNumber":45,"author":{"gitId":"vet3whale"},"content":"\t\tthis.isDone \u003d true;","lastModifiedDate":"2026-02-14T21:04:12","isFullCredit":false},{"lineNumber":46,"author":{"gitId":"vet3whale"},"content":"\t}","lastModifiedDate":"2026-02-14T21:04:12","isFullCredit":false},{"lineNumber":47,"author":{"gitId":"vet3whale"},"content":"\tpublic String taskString() {","lastModifiedDate":"2026-01-31T22:51:45","isFullCredit":false},{"lineNumber":48,"author":{"gitId":"vet3whale"},"content":"\t\treturn \"[\" + this.getStatusIcon() + \"]\" + this.getDescription();","lastModifiedDate":"2026-01-31T22:51:45","isFullCredit":false},{"lineNumber":49,"author":{"gitId":"vet3whale"},"content":"\t}","lastModifiedDate":"2026-01-28T18:35:40","isFullCredit":false},{"lineNumber":50,"author":{"gitId":"vet3whale"},"content":"\tpublic String loadingString() {","lastModifiedDate":"2026-02-14T21:04:12","isFullCredit":false},{"lineNumber":51,"author":{"gitId":"vet3whale"},"content":"\t\treturn \"|\" + this.getStatusIcon() + \"|\" + this.getDescription();","lastModifiedDate":"2026-02-14T21:04:12","isFullCredit":false},{"lineNumber":52,"author":{"gitId":"vet3whale"},"content":"\t}","lastModifiedDate":"2026-02-14T21:04:12","isFullCredit":false},{"lineNumber":53,"author":{"gitId":"vet3whale"},"content":"\tpublic void setDescription(String description) {","lastModifiedDate":"2026-01-28T19:25:57","isFullCredit":false},{"lineNumber":54,"author":{"gitId":"vet3whale"},"content":"\t\tthis.description \u003d description;","lastModifiedDate":"2026-01-28T19:25:57","isFullCredit":false},{"lineNumber":55,"author":{"gitId":"vet3whale"},"content":"\t}","lastModifiedDate":"2026-01-28T18:35:40","isFullCredit":false},{"lineNumber":56,"author":{"gitId":"vet3whale"},"content":"","lastModifiedDate":"2026-02-01T00:09:35","isFullCredit":false},{"lineNumber":57,"author":{"gitId":"vet3whale"},"content":"\t// Printing Methods","lastModifiedDate":"2026-02-01T00:09:35","isFullCredit":false},{"lineNumber":58,"author":{"gitId":"vet3whale"},"content":"\tpublic void printTaskMarked() {","lastModifiedDate":"2026-02-01T00:09:35","isFullCredit":false},{"lineNumber":59,"author":{"gitId":"vet3whale"},"content":"\t\tSystem.out.println(\"\\t____________________________________________________________\");","lastModifiedDate":"2026-02-01T00:09:35","isFullCredit":false},{"lineNumber":60,"author":{"gitId":"vet3whale"},"content":"\t\tSystem.out.println(\"\\t niceee, i have marked this task done:\");","lastModifiedDate":"2026-02-01T00:09:35","isFullCredit":false},{"lineNumber":61,"author":{"gitId":"vet3whale"},"content":"\t\tSystem.out.println(\"\\t [\" + prefix +  \"][\" + this.getStatusIcon() + \"]\" + this.getDescription() + suffix);","lastModifiedDate":"2026-02-01T10:41:05","isFullCredit":false},{"lineNumber":62,"author":{"gitId":"vet3whale"},"content":"\t\tSystem.out.println(\"\\t____________________________________________________________\");","lastModifiedDate":"2026-02-01T00:09:35","isFullCredit":false},{"lineNumber":63,"author":{"gitId":"vet3whale"},"content":"\t}","lastModifiedDate":"2026-02-01T00:09:35","isFullCredit":false},{"lineNumber":64,"author":{"gitId":"vet3whale"},"content":"\tpublic void printTaskUnmarked() {","lastModifiedDate":"2026-02-01T00:09:35","isFullCredit":false},{"lineNumber":65,"author":{"gitId":"vet3whale"},"content":"\t\tSystem.out.println(\"\\t____________________________________________________________\");","lastModifiedDate":"2026-02-01T00:09:35","isFullCredit":false},{"lineNumber":66,"author":{"gitId":"vet3whale"},"content":"\t\tSystem.out.println(\"\\t ok, i have marked this task as not done yet:\");","lastModifiedDate":"2026-02-01T00:09:35","isFullCredit":false},{"lineNumber":67,"author":{"gitId":"vet3whale"},"content":"\t\tSystem.out.println(\"\\t [\" + prefix +  \"][\" + this.getStatusIcon() + \"]\" + this.getDescription() + suffix);","lastModifiedDate":"2026-02-14T21:04:12","isFullCredit":false},{"lineNumber":68,"author":{"gitId":"vet3whale"},"content":"\t\tSystem.out.println(\"\\t____________________________________________________________\");","lastModifiedDate":"2026-02-01T00:09:35","isFullCredit":false},{"lineNumber":69,"author":{"gitId":"vet3whale"},"content":"\t}","lastModifiedDate":"2026-02-01T00:09:35","isFullCredit":false},{"lineNumber":70,"author":{"gitId":"vet3whale"},"content":"\tpublic void printWrongCommand() {","lastModifiedDate":"2026-02-01T00:09:35","isFullCredit":false},{"lineNumber":71,"author":{"gitId":"vet3whale"},"content":"\t\tSystem.out.println(\"\\t____________________________________________________________\");","lastModifiedDate":"2026-02-01T00:09:35","isFullCredit":false},{"lineNumber":72,"author":{"gitId":"vet3whale"},"content":"\t\tSystem.out.println(\"\\t fat fingers fella. command does not exist. try again...\");","lastModifiedDate":"2026-02-01T00:09:35","isFullCredit":false},{"lineNumber":73,"author":{"gitId":"vet3whale"},"content":"\t\tSystem.out.println(\"\\t____________________________________________________________\");","lastModifiedDate":"2026-02-01T00:09:35","isFullCredit":false},{"lineNumber":74,"author":{"gitId":"vet3whale"},"content":"\t}","lastModifiedDate":"2026-02-01T00:09:35","isFullCredit":false},{"lineNumber":75,"author":{"gitId":"vet3whale"},"content":"\tpublic void printAdded() {","lastModifiedDate":"2026-02-01T00:09:35","isFullCredit":false},{"lineNumber":76,"author":{"gitId":"vet3whale"},"content":"\t\tSystem.out.println(\"\\t____________________________________________________________\");","lastModifiedDate":"2026-02-01T00:09:35","isFullCredit":false},{"lineNumber":77,"author":{"gitId":"vet3whale"},"content":"\t\tSystem.out.println(\"\\t added: \" + this.description);","lastModifiedDate":"2026-02-01T00:09:35","isFullCredit":false},{"lineNumber":78,"author":{"gitId":"vet3whale"},"content":"\t\tSystem.out.println(\"\\t____________________________________________________________\");","lastModifiedDate":"2026-02-01T00:09:35","isFullCredit":false},{"lineNumber":79,"author":{"gitId":"vet3whale"},"content":"\t}","lastModifiedDate":"2026-02-01T00:09:35","isFullCredit":false},{"lineNumber":80,"author":{"gitId":"vet3whale"},"content":"","lastModifiedDate":"2026-02-01T00:09:35","isFullCredit":false},{"lineNumber":81,"author":{"gitId":"vet3whale"},"content":"}","lastModifiedDate":"2026-01-28T18:35:40","isFullCredit":false}],"authorContributionMap":{"vet3whale":81}},{"path":"src/main/java/jeff/assets/ToDos.java","fileType":"java","lines":[{"lineNumber":1,"author":{"gitId":"vet3whale"},"content":"package jeff.assets;","lastModifiedDate":"2026-02-07T17:26:42","isFullCredit":false},{"lineNumber":2,"author":{"gitId":"vet3whale"},"content":"","lastModifiedDate":"2026-02-07T17:26:42","isFullCredit":false},{"lineNumber":3,"author":{"gitId":"vet3whale"},"content":"public class ToDos extends Task {","lastModifiedDate":"2026-01-31T23:27:39","isFullCredit":false},{"lineNumber":4,"author":{"gitId":"vet3whale"},"content":"\tpublic ToDos(String taskDescription) {","lastModifiedDate":"2026-02-01T00:09:35","isFullCredit":false},{"lineNumber":5,"author":{"gitId":"vet3whale"},"content":"\t\tsuper(taskDescription.substring(taskDescription.indexOf(\u0027 \u0027)));","lastModifiedDate":"2026-02-01T00:09:35","isFullCredit":false},{"lineNumber":6,"author":{"gitId":"vet3whale"},"content":"\t\tsuper.prefix \u003d \"T\";","lastModifiedDate":"2026-02-01T10:41:05","isFullCredit":false},{"lineNumber":7,"author":{"gitId":"vet3whale"},"content":"\t}","lastModifiedDate":"2026-01-31T23:27:39","isFullCredit":false},{"lineNumber":8,"author":{"gitId":"vet3whale"},"content":"","lastModifiedDate":"2026-02-01T10:41:05","isFullCredit":false},{"lineNumber":9,"author":{"gitId":"vet3whale"},"content":"\t@Override","lastModifiedDate":"2026-01-31T23:27:39","isFullCredit":false},{"lineNumber":10,"author":{"gitId":"vet3whale"},"content":"\tpublic String taskString() {","lastModifiedDate":"2026-01-31T23:27:39","isFullCredit":false},{"lineNumber":11,"author":{"gitId":"vet3whale"},"content":"\t\treturn \"[T]\" + super.taskString();","lastModifiedDate":"2026-01-31T23:27:39","isFullCredit":false},{"lineNumber":12,"author":{"gitId":"vet3whale"},"content":"\t}","lastModifiedDate":"2026-01-31T23:27:39","isFullCredit":false},{"lineNumber":13,"author":{"gitId":"vet3whale"},"content":"","lastModifiedDate":"2026-01-31T23:27:39","isFullCredit":false},{"lineNumber":14,"author":{"gitId":"vet3whale"},"content":"\t@Override","lastModifiedDate":"2026-02-14T21:04:12","isFullCredit":false},{"lineNumber":15,"author":{"gitId":"vet3whale"},"content":"\tpublic String loadingString() {","lastModifiedDate":"2026-02-14T21:04:12","isFullCredit":false},{"lineNumber":16,"author":{"gitId":"vet3whale"},"content":"\t\tString doneStatus \u003d this.isDone ? \"X\" : \" \";","lastModifiedDate":"2026-02-14T21:04:12","isFullCredit":false},{"lineNumber":17,"author":{"gitId":"vet3whale"},"content":"\t\treturn prefix + \"|\" + doneStatus + \"|\" + this.description;","lastModifiedDate":"2026-02-14T21:04:12","isFullCredit":false},{"lineNumber":18,"author":{"gitId":"vet3whale"},"content":"\t}","lastModifiedDate":"2026-02-14T21:04:12","isFullCredit":false},{"lineNumber":19,"author":{"gitId":"vet3whale"},"content":"","lastModifiedDate":"2026-02-14T21:04:12","isFullCredit":false},{"lineNumber":20,"author":{"gitId":"vet3whale"},"content":"\t@Override","lastModifiedDate":"2026-01-31T23:27:39","isFullCredit":false},{"lineNumber":21,"author":{"gitId":"vet3whale"},"content":"\tpublic void printAdded() {","lastModifiedDate":"2026-02-01T00:09:35","isFullCredit":false},{"lineNumber":22,"author":{"gitId":"vet3whale"},"content":"\t\tSystem.out.println(\"\\t____________________________________________________________\");","lastModifiedDate":"2026-01-31T23:27:39","isFullCredit":false},{"lineNumber":23,"author":{"gitId":"vet3whale"},"content":"\t\tSystem.out.println(\"\\t sheeshh. new task. ok added:\\n\\t   \" + taskString());","lastModifiedDate":"2026-01-31T23:27:39","isFullCredit":false},{"lineNumber":24,"author":{"gitId":"vet3whale"},"content":"\t\tString singularOrPlural \u003d getTotalTasks() \u003d\u003d 1 ? \" task\" : \" tasks\";","lastModifiedDate":"2026-02-01T10:41:05","isFullCredit":false},{"lineNumber":25,"author":{"gitId":"vet3whale"},"content":"\t\tSystem.out.println(\"\\t now you have \" + getTotalTasks() + singularOrPlural + \" in your list!\");","lastModifiedDate":"2026-02-01T10:41:05","isFullCredit":false},{"lineNumber":26,"author":{"gitId":"vet3whale"},"content":"\t\tSystem.out.println(\"\\t____________________________________________________________\");","lastModifiedDate":"2026-01-31T23:27:39","isFullCredit":false},{"lineNumber":27,"author":{"gitId":"vet3whale"},"content":"\t}","lastModifiedDate":"2026-01-31T23:27:39","isFullCredit":false},{"lineNumber":28,"author":{"gitId":"vet3whale"},"content":"","lastModifiedDate":"2026-02-01T10:41:05","isFullCredit":false},{"lineNumber":29,"author":{"gitId":"vet3whale"},"content":"}","lastModifiedDate":"2026-01-31T23:27:39","isFullCredit":false}],"authorContributionMap":{"vet3whale":29}},{"path":"src/main/java/jeff/exceptions/JeffException.java","fileType":"java","lines":[{"lineNumber":1,"author":{"gitId":"vet3whale"},"content":"package jeff.exceptions;","lastModifiedDate":"2026-02-07T17:26:42","isFullCredit":false},{"lineNumber":2,"author":{"gitId":"vet3whale"},"content":"","lastModifiedDate":"2026-02-07T17:26:42","isFullCredit":false},{"lineNumber":3,"author":{"gitId":"vet3whale"},"content":"public class JeffException extends Exception {","lastModifiedDate":"2026-02-07T15:58:30","isFullCredit":false},{"lineNumber":4,"author":{"gitId":"vet3whale"},"content":"","lastModifiedDate":"2026-02-07T15:58:30","isFullCredit":false},{"lineNumber":5,"author":{"gitId":"vet3whale"},"content":"\tpublic enum ErrorType {","lastModifiedDate":"2026-02-07T15:58:30","isFullCredit":false},{"lineNumber":6,"author":{"gitId":"vet3whale"},"content":"\t\tINCOMPLETE_COMMAND,","lastModifiedDate":"2026-02-07T15:58:30","isFullCredit":false},{"lineNumber":7,"author":{"gitId":"vet3whale"},"content":"\t\tUNKNOWN_COMMAND,","lastModifiedDate":"2026-02-07T16:55:53","isFullCredit":false},{"lineNumber":8,"author":{"gitId":"vet3whale"},"content":"\t\tIDX_OUTOFBOUNDS","lastModifiedDate":"2026-02-07T16:55:53","isFullCredit":false},{"lineNumber":9,"author":{"gitId":"vet3whale"},"content":"\t}","lastModifiedDate":"2026-02-07T15:58:30","isFullCredit":false},{"lineNumber":10,"author":{"gitId":"vet3whale"},"content":"","lastModifiedDate":"2026-02-07T15:58:30","isFullCredit":false},{"lineNumber":11,"author":{"gitId":"vet3whale"},"content":"\tprivate ErrorType type;","lastModifiedDate":"2026-02-07T15:58:30","isFullCredit":false},{"lineNumber":12,"author":{"gitId":"vet3whale"},"content":"\tprivate String command;","lastModifiedDate":"2026-02-07T16:47:15","isFullCredit":false},{"lineNumber":13,"author":{"gitId":"vet3whale"},"content":"","lastModifiedDate":"2026-02-07T15:58:30","isFullCredit":false},{"lineNumber":14,"author":{"gitId":"vet3whale"},"content":"\tpublic JeffException(ErrorType type, String command) {","lastModifiedDate":"2026-02-07T15:58:30","isFullCredit":false},{"lineNumber":15,"author":{"gitId":"vet3whale"},"content":"\t\tthis.type \u003d type;","lastModifiedDate":"2026-02-07T15:58:30","isFullCredit":false},{"lineNumber":16,"author":{"gitId":"vet3whale"},"content":"\t\tthis.command \u003d command;","lastModifiedDate":"2026-02-07T15:58:30","isFullCredit":false},{"lineNumber":17,"author":{"gitId":"vet3whale"},"content":"\t\tbuildMessage(type, command);","lastModifiedDate":"2026-02-07T15:58:30","isFullCredit":false},{"lineNumber":18,"author":{"gitId":"vet3whale"},"content":"\t}","lastModifiedDate":"2026-02-07T15:58:30","isFullCredit":false},{"lineNumber":19,"author":{"gitId":"vet3whale"},"content":"","lastModifiedDate":"2026-02-07T15:58:30","isFullCredit":false},{"lineNumber":20,"author":{"gitId":"vet3whale"},"content":"\tprivate void buildMessage(ErrorType type, String command) {","lastModifiedDate":"2026-02-07T15:58:30","isFullCredit":false},{"lineNumber":21,"author":{"gitId":"vet3whale"},"content":"\t\tswitch (type) {","lastModifiedDate":"2026-02-07T15:58:30","isFullCredit":false},{"lineNumber":22,"author":{"gitId":"vet3whale"},"content":"\t\tcase INCOMPLETE_COMMAND:","lastModifiedDate":"2026-02-07T15:58:30","isFullCredit":false},{"lineNumber":23,"author":{"gitId":"vet3whale"},"content":"\t\t\tSystem.out.println(\"\\t____________________________________________________________\");","lastModifiedDate":"2026-02-07T16:47:15","isFullCredit":false},{"lineNumber":24,"author":{"gitId":"vet3whale"},"content":"\t\t\tSystem.out.println(\"\\t \" + command + \"? \" + command + \" what? please complete your command!\");","lastModifiedDate":"2026-02-07T16:47:15","isFullCredit":false},{"lineNumber":25,"author":{"gitId":"vet3whale"},"content":"\t\t\tSystem.out.println(\"\\t____________________________________________________________\");","lastModifiedDate":"2026-02-07T16:47:15","isFullCredit":false},{"lineNumber":26,"author":{"gitId":"vet3whale"},"content":"\t\t\tbreak;","lastModifiedDate":"2026-02-07T16:47:15","isFullCredit":false},{"lineNumber":27,"author":{"gitId":"vet3whale"},"content":"\t\tcase UNKNOWN_COMMAND:","lastModifiedDate":"2026-02-07T15:58:30","isFullCredit":false},{"lineNumber":28,"author":{"gitId":"vet3whale"},"content":"\t\t\tSystem.out.println(\"\\t____________________________________________________________\");","lastModifiedDate":"2026-02-07T16:47:15","isFullCredit":false},{"lineNumber":29,"author":{"gitId":"vet3whale"},"content":"\t\t\tSystem.out.println(\"\\t \\\"random nonsense go\\\" fella. invalid command. try again...\");","lastModifiedDate":"2026-02-07T16:47:15","isFullCredit":false},{"lineNumber":30,"author":{"gitId":"vet3whale"},"content":"\t\t\tSystem.out.println(\"\\t____________________________________________________________\");","lastModifiedDate":"2026-02-07T16:47:15","isFullCredit":false},{"lineNumber":31,"author":{"gitId":"vet3whale"},"content":"\t\t\tbreak;","lastModifiedDate":"2026-02-07T16:47:15","isFullCredit":false},{"lineNumber":32,"author":{"gitId":"vet3whale"},"content":"\t\tcase IDX_OUTOFBOUNDS:","lastModifiedDate":"2026-02-07T16:55:53","isFullCredit":false},{"lineNumber":33,"author":{"gitId":"vet3whale"},"content":"\t\t\tSystem.out.println(\"\\t____________________________________________________________\");","lastModifiedDate":"2026-02-07T16:55:53","isFullCredit":false},{"lineNumber":34,"author":{"gitId":"vet3whale"},"content":"\t\t\tSystem.out.println(\"\\t delusional fella. task does not exist. try again...\");","lastModifiedDate":"2026-02-07T16:55:53","isFullCredit":false},{"lineNumber":35,"author":{"gitId":"vet3whale"},"content":"\t\t\tSystem.out.println(\"\\t____________________________________________________________\");","lastModifiedDate":"2026-02-07T16:55:53","isFullCredit":false},{"lineNumber":36,"author":{"gitId":"vet3whale"},"content":"\t\t\tbreak;","lastModifiedDate":"2026-02-07T16:55:53","isFullCredit":false},{"lineNumber":37,"author":{"gitId":"vet3whale"},"content":"\t\tdefault:","lastModifiedDate":"2026-02-07T15:58:30","isFullCredit":false},{"lineNumber":38,"author":{"gitId":"vet3whale"},"content":"\t\t\tSystem.out.println(\"\\t____________________________________________________________\");","lastModifiedDate":"2026-02-07T16:47:15","isFullCredit":false},{"lineNumber":39,"author":{"gitId":"vet3whale"},"content":"\t\t\tSystem.out.println(\"\\t error! try again...\");","lastModifiedDate":"2026-02-07T16:47:15","isFullCredit":false},{"lineNumber":40,"author":{"gitId":"vet3whale"},"content":"\t\t\tSystem.out.println(\"\\t____________________________________________________________\");","lastModifiedDate":"2026-02-07T16:47:15","isFullCredit":false},{"lineNumber":41,"author":{"gitId":"vet3whale"},"content":"\t\t\tbreak;","lastModifiedDate":"2026-02-07T16:47:15","isFullCredit":false},{"lineNumber":42,"author":{"gitId":"vet3whale"},"content":"\t\t}","lastModifiedDate":"2026-02-07T16:47:15","isFullCredit":false},{"lineNumber":43,"author":{"gitId":"vet3whale"},"content":"\t}","lastModifiedDate":"2026-02-07T15:58:30","isFullCredit":false},{"lineNumber":44,"author":{"gitId":"vet3whale"},"content":"","lastModifiedDate":"2026-02-07T15:58:30","isFullCredit":false},{"lineNumber":45,"author":{"gitId":"vet3whale"},"content":"\tpublic ErrorType getType() {","lastModifiedDate":"2026-02-07T15:58:30","isFullCredit":false},{"lineNumber":46,"author":{"gitId":"vet3whale"},"content":"\t\treturn type;","lastModifiedDate":"2026-02-07T15:58:30","isFullCredit":false},{"lineNumber":47,"author":{"gitId":"vet3whale"},"content":"\t}","lastModifiedDate":"2026-02-07T15:58:30","isFullCredit":false},{"lineNumber":48,"author":{"gitId":"vet3whale"},"content":"","lastModifiedDate":"2026-02-07T15:58:30","isFullCredit":false},{"lineNumber":49,"author":{"gitId":"vet3whale"},"content":"\tpublic String getCommand() {","lastModifiedDate":"2026-02-07T15:58:30","isFullCredit":false},{"lineNumber":50,"author":{"gitId":"vet3whale"},"content":"\t\treturn command;","lastModifiedDate":"2026-02-07T15:58:30","isFullCredit":false},{"lineNumber":51,"author":{"gitId":"vet3whale"},"content":"\t}","lastModifiedDate":"2026-02-07T15:58:30","isFullCredit":false},{"lineNumber":52,"author":{"gitId":"vet3whale"},"content":"}","lastModifiedDate":"2026-02-07T15:58:30","isFullCredit":false}],"authorContributionMap":{"vet3whale":52}},{"path":"text-ui-test/input.txt","fileType":"txt","lines":[{"lineNumber":1,"author":{"gitId":"vet3whale"},"content":"no command task","lastModifiedDate":"2026-02-02T21:20:20","isFullCredit":false},{"lineNumber":2,"author":{"gitId":"vet3whale"},"content":"todo","lastModifiedDate":"2026-02-07T16:55:53","isFullCredit":false},{"lineNumber":3,"author":{"gitId":"vet3whale"},"content":"deadline","lastModifiedDate":"2026-02-07T16:55:53","isFullCredit":false},{"lineNumber":4,"author":{"gitId":"vet3whale"},"content":"event","lastModifiedDate":"2026-02-07T16:55:53","isFullCredit":false},{"lineNumber":5,"author":{"gitId":"vet3whale"},"content":"todo read book","lastModifiedDate":"2026-02-02T20:59:18","isFullCredit":false},{"lineNumber":6,"author":{"gitId":"vet3whale"},"content":"deadline submit report /by monday","lastModifiedDate":"2026-02-02T20:59:18","isFullCredit":false},{"lineNumber":7,"author":{"gitId":"vet3whale"},"content":"event project meeting /from 2pm /to 4pm","lastModifiedDate":"2026-02-02T20:59:18","isFullCredit":false},{"lineNumber":8,"author":{"gitId":"vet3whale"},"content":"deadline another deadline","lastModifiedDate":"2026-02-02T20:59:18","isFullCredit":false},{"lineNumber":9,"author":{"gitId":"vet3whale"},"content":"event event-no-to /from 3pm","lastModifiedDate":"2026-02-02T20:59:18","isFullCredit":false},{"lineNumber":10,"author":{"gitId":"vet3whale"},"content":"event event-no-from /to 5pm","lastModifiedDate":"2026-02-02T20:59:18","isFullCredit":false},{"lineNumber":11,"author":{"gitId":"vet3whale"},"content":"event event-no-both","lastModifiedDate":"2026-02-02T20:59:18","isFullCredit":false},{"lineNumber":12,"author":{"gitId":"vet3whale"},"content":"list","lastModifiedDate":"2026-02-02T20:59:18","isFullCredit":false},{"lineNumber":13,"author":{"gitId":"vet3whale"},"content":"delete 10","lastModifiedDate":"2026-02-14T17:56:33","isFullCredit":false},{"lineNumber":14,"author":{"gitId":"vet3whale"},"content":"delete","lastModifiedDate":"2026-02-14T17:56:33","isFullCredit":false},{"lineNumber":15,"author":{"gitId":"vet3whale"},"content":"delete 1","lastModifiedDate":"2026-02-14T17:56:33","isFullCredit":false},{"lineNumber":16,"author":{"gitId":"vet3whale"},"content":"mark 2","lastModifiedDate":"2026-02-02T20:59:18","isFullCredit":false},{"lineNumber":17,"author":{"gitId":"vet3whale"},"content":"unmark 1","lastModifiedDate":"2026-02-02T20:59:18","isFullCredit":false},{"lineNumber":18,"author":{"gitId":"vet3whale"},"content":"mark 10","lastModifiedDate":"2026-02-02T20:59:18","isFullCredit":false},{"lineNumber":19,"author":{"gitId":"vet3whale"},"content":"list","lastModifiedDate":"2026-02-02T20:59:18","isFullCredit":false},{"lineNumber":20,"author":{"gitId":"vet3whale"},"content":"bye","lastModifiedDate":"2026-02-02T20:59:18","isFullCredit":false}],"authorContributionMap":{"vet3whale":20}},{"path":"text-ui-test/runtest.bat","fileType":"bat","lines":[{"lineNumber":1,"author":{"gitId":"-"},"content":"@ECHO OFF","lastModifiedDate":"2020-05-25T00:03:55","isFullCredit":false},{"lineNumber":2,"author":{"gitId":"-"},"content":"","lastModifiedDate":"2020-05-25T00:03:55","isFullCredit":false},{"lineNumber":3,"author":{"gitId":"-"},"content":"REM create bin directory if it doesn\u0027t exist","lastModifiedDate":"2020-05-25T00:03:55","isFullCredit":false},{"lineNumber":4,"author":{"gitId":"-"},"content":"if not exist ..\\bin mkdir ..\\bin","lastModifiedDate":"2020-05-25T00:03:55","isFullCredit":false},{"lineNumber":5,"author":{"gitId":"-"},"content":"","lastModifiedDate":"2020-05-25T00:03:55","isFullCredit":false},{"lineNumber":6,"author":{"gitId":"-"},"content":"REM delete output from previous run","lastModifiedDate":"2020-05-25T00:03:55","isFullCredit":false},{"lineNumber":7,"author":{"gitId":"-"},"content":"if exist ACTUAL.TXT del ACTUAL.TXT","lastModifiedDate":"2020-08-25T17:23:26","isFullCredit":false},{"lineNumber":8,"author":{"gitId":"-"},"content":"","lastModifiedDate":"2020-05-25T00:03:55","isFullCredit":false},{"lineNumber":9,"author":{"gitId":"-"},"content":"REM compile the code into the bin folder","lastModifiedDate":"2020-05-25T00:03:55","isFullCredit":false},{"lineNumber":10,"author":{"gitId":"vet3whale"},"content":"javac  -cp ..\\src\\main\\java -Xlint:none -d ..\\bin ..\\src\\main\\java\\jeff\\*.java ..\\src\\main\\java\\jeff\\assets\\*.java ..\\src\\main\\java\\jeff\\exceptions\\*.java","lastModifiedDate":"2026-02-14T17:06:17","isFullCredit":false},{"lineNumber":11,"author":{"gitId":"-"},"content":"IF ERRORLEVEL 1 (","lastModifiedDate":"2020-05-25T00:03:55","isFullCredit":false},{"lineNumber":12,"author":{"gitId":"-"},"content":"    echo ********** BUILD FAILURE **********","lastModifiedDate":"2020-05-25T00:03:55","isFullCredit":false},{"lineNumber":13,"author":{"gitId":"-"},"content":"    exit /b 1","lastModifiedDate":"2020-05-25T00:03:55","isFullCredit":false},{"lineNumber":14,"author":{"gitId":"-"},"content":")","lastModifiedDate":"2020-05-25T00:03:55","isFullCredit":false},{"lineNumber":15,"author":{"gitId":"-"},"content":"REM no error here, errorlevel \u003d\u003d 0","lastModifiedDate":"2020-05-25T00:03:55","isFullCredit":false},{"lineNumber":16,"author":{"gitId":"-"},"content":"","lastModifiedDate":"2020-05-25T00:03:55","isFullCredit":false},{"lineNumber":17,"author":{"gitId":"-"},"content":"REM run the program, feed commands from input.txt file and redirect the output to the ACTUAL.TXT","lastModifiedDate":"2020-05-25T00:03:55","isFullCredit":false},{"lineNumber":18,"author":{"gitId":"vet3whale"},"content":"java -classpath ..\\bin Jeff \u003c input.txt \u003e ACTUAL.TXT","lastModifiedDate":"2026-01-24T08:15:50","isFullCredit":false},{"lineNumber":19,"author":{"gitId":"-"},"content":"","lastModifiedDate":"2020-05-25T00:03:55","isFullCredit":false},{"lineNumber":20,"author":{"gitId":"-"},"content":"REM compare the output to the expected output","lastModifiedDate":"2020-05-25T00:03:55","isFullCredit":false},{"lineNumber":21,"author":{"gitId":"-"},"content":"FC ACTUAL.TXT EXPECTED.TXT","lastModifiedDate":"2020-05-25T00:03:55","isFullCredit":false}],"authorContributionMap":{"vet3whale":2,"-":19}}]
