[{"path":"src/main/java/Athena.java","fileType":"java","lines":[{"lineNumber":1,"author":{"gitId":"eugenia-cnl-lee"},"content":"/** Athena controls the command flow **/","lastModifiedDate":"2026-02-05T13:50:24","isFullCredit":false},{"lineNumber":2,"author":{"gitId":"eugenia-cnl-lee"},"content":"","lastModifiedDate":"2026-02-05T13:50:24","isFullCredit":false},{"lineNumber":3,"author":{"gitId":"eugenia-cnl-lee"},"content":"import java.util.Scanner;","lastModifiedDate":"2026-02-05T10:25:13","isFullCredit":false},{"lineNumber":4,"author":{"gitId":"eugenia-cnl-lee"},"content":"","lastModifiedDate":"2026-02-05T10:25:13","isFullCredit":false},{"lineNumber":5,"author":{"gitId":"eugenia-cnl-lee"},"content":"public class Athena {","lastModifiedDate":"2026-02-05T02:03:53","isFullCredit":false},{"lineNumber":6,"author":{"gitId":"eugenia-cnl-lee"},"content":"","lastModifiedDate":"2026-02-05T10:25:13","isFullCredit":false},{"lineNumber":7,"author":{"gitId":"eugenia-cnl-lee"},"content":"    private final Ui ui;","lastModifiedDate":"2026-02-05T10:25:13","isFullCredit":false},{"lineNumber":8,"author":{"gitId":"eugenia-cnl-lee"},"content":"    private final Scanner scanner;","lastModifiedDate":"2026-02-05T10:25:13","isFullCredit":false},{"lineNumber":9,"author":{"gitId":"eugenia-cnl-lee"},"content":"    private final TaskList tasks;","lastModifiedDate":"2026-02-05T13:50:24","isFullCredit":false},{"lineNumber":10,"author":{"gitId":"eugenia-cnl-lee"},"content":"","lastModifiedDate":"2026-02-05T10:25:13","isFullCredit":false},{"lineNumber":11,"author":{"gitId":"eugenia-cnl-lee"},"content":"    /** Constructs an Athena chatbot instance","lastModifiedDate":"2026-02-05T10:25:13","isFullCredit":false},{"lineNumber":12,"author":{"gitId":"eugenia-cnl-lee"},"content":"    Initialise the UI and input reader **/","lastModifiedDate":"2026-02-05T13:50:24","isFullCredit":false},{"lineNumber":13,"author":{"gitId":"eugenia-cnl-lee"},"content":"    public Athena() {","lastModifiedDate":"2026-02-05T10:25:13","isFullCredit":false},{"lineNumber":14,"author":{"gitId":"eugenia-cnl-lee"},"content":"        this.ui \u003d new Ui();","lastModifiedDate":"2026-02-05T10:25:13","isFullCredit":false},{"lineNumber":15,"author":{"gitId":"eugenia-cnl-lee"},"content":"        this.scanner \u003d new Scanner(System.in);","lastModifiedDate":"2026-02-05T10:25:13","isFullCredit":false},{"lineNumber":16,"author":{"gitId":"eugenia-cnl-lee"},"content":"        this.tasks \u003d new TaskList();","lastModifiedDate":"2026-02-05T13:50:24","isFullCredit":false},{"lineNumber":17,"author":{"gitId":"eugenia-cnl-lee"},"content":"    }","lastModifiedDate":"2026-02-05T10:25:13","isFullCredit":false},{"lineNumber":18,"author":{"gitId":"eugenia-cnl-lee"},"content":"","lastModifiedDate":"2026-02-05T10:25:13","isFullCredit":false},{"lineNumber":19,"author":{"gitId":"eugenia-cnl-lee"},"content":"    /** Runs the main chatbot loop:","lastModifiedDate":"2026-02-05T10:25:13","isFullCredit":false},{"lineNumber":20,"author":{"gitId":"eugenia-cnl-lee"},"content":"    Reads user input, echoes it, and exits when user enters \"bye\" **/","lastModifiedDate":"2026-02-05T10:25:13","isFullCredit":false},{"lineNumber":21,"author":{"gitId":"eugenia-cnl-lee"},"content":"    public void run() {","lastModifiedDate":"2026-02-05T10:25:13","isFullCredit":false},{"lineNumber":22,"author":{"gitId":"eugenia-cnl-lee"},"content":"        ui.showGreeting();","lastModifiedDate":"2026-02-05T10:25:13","isFullCredit":false},{"lineNumber":23,"author":{"gitId":"eugenia-cnl-lee"},"content":"","lastModifiedDate":"2026-02-05T10:25:13","isFullCredit":false},{"lineNumber":24,"author":{"gitId":"eugenia-cnl-lee"},"content":"        while (true) {","lastModifiedDate":"2026-02-05T10:25:13","isFullCredit":false},{"lineNumber":25,"author":{"gitId":"eugenia-cnl-lee"},"content":"            String input \u003d scanner.nextLine().trim();","lastModifiedDate":"2026-02-05T13:50:24","isFullCredit":false},{"lineNumber":26,"author":{"gitId":"eugenia-cnl-lee"},"content":"","lastModifiedDate":"2026-02-05T10:25:13","isFullCredit":false},{"lineNumber":27,"author":{"gitId":"eugenia-cnl-lee"},"content":"            if (input.equals(\"bye\")) {","lastModifiedDate":"2026-02-05T10:25:13","isFullCredit":false},{"lineNumber":28,"author":{"gitId":"eugenia-cnl-lee"},"content":"                ui.showExit();","lastModifiedDate":"2026-02-05T10:25:13","isFullCredit":false},{"lineNumber":29,"author":{"gitId":"eugenia-cnl-lee"},"content":"                break;","lastModifiedDate":"2026-02-05T10:25:13","isFullCredit":false},{"lineNumber":30,"author":{"gitId":"eugenia-cnl-lee"},"content":"","lastModifiedDate":"2026-02-05T10:25:13","isFullCredit":false},{"lineNumber":31,"author":{"gitId":"eugenia-cnl-lee"},"content":"            } else if (input.equals(\"list\")) {","lastModifiedDate":"2026-02-05T13:50:24","isFullCredit":false},{"lineNumber":32,"author":{"gitId":"eugenia-cnl-lee"},"content":"                ui.showTaskList(tasks);","lastModifiedDate":"2026-02-05T13:16:36","isFullCredit":false},{"lineNumber":33,"author":{"gitId":"eugenia-cnl-lee"},"content":"","lastModifiedDate":"2026-02-05T13:16:36","isFullCredit":false},{"lineNumber":34,"author":{"gitId":"eugenia-cnl-lee"},"content":"            } else {","lastModifiedDate":"2026-02-05T13:50:24","isFullCredit":false},{"lineNumber":35,"author":{"gitId":"eugenia-cnl-lee"},"content":"                Task task \u003d new Task(input);","lastModifiedDate":"2026-02-05T13:50:24","isFullCredit":false},{"lineNumber":36,"author":{"gitId":"eugenia-cnl-lee"},"content":"                tasks.addTask(task);","lastModifiedDate":"2026-02-05T13:50:24","isFullCredit":false},{"lineNumber":37,"author":{"gitId":"eugenia-cnl-lee"},"content":"                ui.showTaskAdded(task, tasks.getSize());","lastModifiedDate":"2026-02-05T13:50:24","isFullCredit":false},{"lineNumber":38,"author":{"gitId":"eugenia-cnl-lee"},"content":"            }","lastModifiedDate":"2026-02-05T10:25:13","isFullCredit":false},{"lineNumber":39,"author":{"gitId":"eugenia-cnl-lee"},"content":"        }","lastModifiedDate":"2026-02-05T10:25:13","isFullCredit":false},{"lineNumber":40,"author":{"gitId":"eugenia-cnl-lee"},"content":"    }","lastModifiedDate":"2026-02-05T13:16:36","isFullCredit":false},{"lineNumber":41,"author":{"gitId":"eugenia-cnl-lee"},"content":"","lastModifiedDate":"2026-02-05T10:25:13","isFullCredit":false},{"lineNumber":42,"author":{"gitId":"eugenia-cnl-lee"},"content":"    /** Program entry point **/","lastModifiedDate":"2026-02-05T10:25:13","isFullCredit":false},{"lineNumber":43,"author":{"gitId":"eugenia-cnl-lee"},"content":"    public static void main(String[] args) {","lastModifiedDate":"2026-02-05T02:03:53","isFullCredit":false},{"lineNumber":44,"author":{"gitId":"eugenia-cnl-lee"},"content":"        new Athena().run();","lastModifiedDate":"2026-02-05T10:25:13","isFullCredit":false},{"lineNumber":45,"author":{"gitId":"eugenia-cnl-lee"},"content":"    }","lastModifiedDate":"2026-02-05T02:03:53","isFullCredit":false},{"lineNumber":46,"author":{"gitId":"eugenia-cnl-lee"},"content":"}","lastModifiedDate":"2026-02-05T02:03:53","isFullCredit":false}],"authorContributionMap":{"eugenia-cnl-lee":46}},{"path":"src/main/java/Task.java","fileType":"java","lines":[{"lineNumber":1,"author":{"gitId":"eugenia-cnl-lee"},"content":"/** Task stores single data **/","lastModifiedDate":"2026-02-05T13:50:24","isFullCredit":false},{"lineNumber":2,"author":{"gitId":"eugenia-cnl-lee"},"content":"","lastModifiedDate":"2026-02-05T13:50:24","isFullCredit":false},{"lineNumber":3,"author":{"gitId":"eugenia-cnl-lee"},"content":"public class Task {","lastModifiedDate":"2026-02-05T13:16:36","isFullCredit":false},{"lineNumber":4,"author":{"gitId":"eugenia-cnl-lee"},"content":"    private final String description;","lastModifiedDate":"2026-02-05T13:50:24","isFullCredit":false},{"lineNumber":5,"author":{"gitId":"eugenia-cnl-lee"},"content":"","lastModifiedDate":"2026-02-05T13:50:24","isFullCredit":false},{"lineNumber":6,"author":{"gitId":"eugenia-cnl-lee"},"content":"    public Task(String description) {","lastModifiedDate":"2026-02-05T13:50:24","isFullCredit":false},{"lineNumber":7,"author":{"gitId":"eugenia-cnl-lee"},"content":"        this.description \u003d description;","lastModifiedDate":"2026-02-05T13:50:24","isFullCredit":false},{"lineNumber":8,"author":{"gitId":"eugenia-cnl-lee"},"content":"    }","lastModifiedDate":"2026-02-05T13:50:24","isFullCredit":false},{"lineNumber":9,"author":{"gitId":"eugenia-cnl-lee"},"content":"","lastModifiedDate":"2026-02-05T13:16:36","isFullCredit":false},{"lineNumber":10,"author":{"gitId":"eugenia-cnl-lee"},"content":"    public String getDescription() {","lastModifiedDate":"2026-02-05T13:50:24","isFullCredit":false},{"lineNumber":11,"author":{"gitId":"eugenia-cnl-lee"},"content":"        return description;","lastModifiedDate":"2026-02-05T13:50:24","isFullCredit":false},{"lineNumber":12,"author":{"gitId":"eugenia-cnl-lee"},"content":"    }","lastModifiedDate":"2026-02-05T13:16:36","isFullCredit":false},{"lineNumber":13,"author":{"gitId":"eugenia-cnl-lee"},"content":"","lastModifiedDate":"2026-02-05T13:16:36","isFullCredit":false},{"lineNumber":14,"author":{"gitId":"eugenia-cnl-lee"},"content":"    @Override","lastModifiedDate":"2026-02-05T13:50:24","isFullCredit":false},{"lineNumber":15,"author":{"gitId":"eugenia-cnl-lee"},"content":"    public String toString() {","lastModifiedDate":"2026-02-05T13:50:24","isFullCredit":false},{"lineNumber":16,"author":{"gitId":"eugenia-cnl-lee"},"content":"        return description;","lastModifiedDate":"2026-02-05T13:50:24","isFullCredit":false},{"lineNumber":17,"author":{"gitId":"eugenia-cnl-lee"},"content":"    }","lastModifiedDate":"2026-02-05T13:16:36","isFullCredit":false},{"lineNumber":18,"author":{"gitId":"eugenia-cnl-lee"},"content":"}","lastModifiedDate":"2026-02-05T13:16:36","isFullCredit":false}],"authorContributionMap":{"eugenia-cnl-lee":18}},{"path":"src/main/java/TaskList.java","fileType":"java","lines":[{"lineNumber":1,"author":{"gitId":"eugenia-cnl-lee"},"content":"/** TaskList owns the collection **/","lastModifiedDate":"2026-02-05T13:50:24","isFullCredit":false},{"lineNumber":2,"author":{"gitId":"eugenia-cnl-lee"},"content":"","lastModifiedDate":"2026-02-05T13:50:24","isFullCredit":false},{"lineNumber":3,"author":{"gitId":"eugenia-cnl-lee"},"content":"import java.util.ArrayList;","lastModifiedDate":"2026-02-05T13:16:36","isFullCredit":false},{"lineNumber":4,"author":{"gitId":"eugenia-cnl-lee"},"content":"","lastModifiedDate":"2026-02-05T13:16:36","isFullCredit":false},{"lineNumber":5,"author":{"gitId":"eugenia-cnl-lee"},"content":"public class TaskList {","lastModifiedDate":"2026-02-05T13:50:24","isFullCredit":false},{"lineNumber":6,"author":{"gitId":"eugenia-cnl-lee"},"content":"","lastModifiedDate":"2026-02-05T13:50:24","isFullCredit":false},{"lineNumber":7,"author":{"gitId":"eugenia-cnl-lee"},"content":"    /** Define tasks variable","lastModifiedDate":"2026-02-05T13:50:24","isFullCredit":false},{"lineNumber":8,"author":{"gitId":"eugenia-cnl-lee"},"content":"     * tasks is a ArrayList consisting of only Task-typed elements **/","lastModifiedDate":"2026-02-05T13:16:36","isFullCredit":false},{"lineNumber":9,"author":{"gitId":"eugenia-cnl-lee"},"content":"    private final ArrayList\u003cTask\u003e tasks;","lastModifiedDate":"2026-02-05T13:16:36","isFullCredit":false},{"lineNumber":10,"author":{"gitId":"eugenia-cnl-lee"},"content":"","lastModifiedDate":"2026-02-05T13:16:36","isFullCredit":false},{"lineNumber":11,"author":{"gitId":"eugenia-cnl-lee"},"content":"    /** Constructor for a task list **/","lastModifiedDate":"2026-02-05T13:16:36","isFullCredit":false},{"lineNumber":12,"author":{"gitId":"eugenia-cnl-lee"},"content":"    public TaskList() {","lastModifiedDate":"2026-02-05T13:16:36","isFullCredit":false},{"lineNumber":13,"author":{"gitId":"eugenia-cnl-lee"},"content":"        this.tasks \u003d new ArrayList\u003cTask\u003e();","lastModifiedDate":"2026-02-05T13:50:24","isFullCredit":false},{"lineNumber":14,"author":{"gitId":"eugenia-cnl-lee"},"content":"    }","lastModifiedDate":"2026-02-05T13:16:36","isFullCredit":false},{"lineNumber":15,"author":{"gitId":"eugenia-cnl-lee"},"content":"","lastModifiedDate":"2026-02-05T13:16:36","isFullCredit":false},{"lineNumber":16,"author":{"gitId":"eugenia-cnl-lee"},"content":"    /** Method for appending a task object to task list **/","lastModifiedDate":"2026-02-05T13:16:36","isFullCredit":false},{"lineNumber":17,"author":{"gitId":"eugenia-cnl-lee"},"content":"    public void addTask(Task task) {","lastModifiedDate":"2026-02-05T13:16:36","isFullCredit":false},{"lineNumber":18,"author":{"gitId":"eugenia-cnl-lee"},"content":"        tasks.add(task);","lastModifiedDate":"2026-02-05T13:16:36","isFullCredit":false},{"lineNumber":19,"author":{"gitId":"eugenia-cnl-lee"},"content":"    }","lastModifiedDate":"2026-02-05T13:16:36","isFullCredit":false},{"lineNumber":20,"author":{"gitId":"eugenia-cnl-lee"},"content":"","lastModifiedDate":"2026-02-05T13:16:36","isFullCredit":false},{"lineNumber":21,"author":{"gitId":"eugenia-cnl-lee"},"content":"    /** Getters for size of task list **/","lastModifiedDate":"2026-02-05T13:16:36","isFullCredit":false},{"lineNumber":22,"author":{"gitId":"eugenia-cnl-lee"},"content":"    public int getSize() {","lastModifiedDate":"2026-02-05T13:16:36","isFullCredit":false},{"lineNumber":23,"author":{"gitId":"eugenia-cnl-lee"},"content":"        return tasks.size();","lastModifiedDate":"2026-02-05T13:16:36","isFullCredit":false},{"lineNumber":24,"author":{"gitId":"eugenia-cnl-lee"},"content":"    }","lastModifiedDate":"2026-02-05T13:16:36","isFullCredit":false},{"lineNumber":25,"author":{"gitId":"eugenia-cnl-lee"},"content":"","lastModifiedDate":"2026-02-05T13:16:36","isFullCredit":false},{"lineNumber":26,"author":{"gitId":"eugenia-cnl-lee"},"content":"    /** Getters for a task element of the given index **/","lastModifiedDate":"2026-02-05T13:16:36","isFullCredit":false},{"lineNumber":27,"author":{"gitId":"eugenia-cnl-lee"},"content":"    public Task getTask(int index) {","lastModifiedDate":"2026-02-05T13:50:24","isFullCredit":false},{"lineNumber":28,"author":{"gitId":"eugenia-cnl-lee"},"content":"        return tasks.get(index);","lastModifiedDate":"2026-02-05T13:50:24","isFullCredit":false},{"lineNumber":29,"author":{"gitId":"eugenia-cnl-lee"},"content":"    }","lastModifiedDate":"2026-02-05T13:16:36","isFullCredit":false},{"lineNumber":30,"author":{"gitId":"eugenia-cnl-lee"},"content":"}","lastModifiedDate":"2026-02-05T13:16:36","isFullCredit":false}],"authorContributionMap":{"eugenia-cnl-lee":30}},{"path":"src/main/java/Ui.java","fileType":"java","lines":[{"lineNumber":1,"author":{"gitId":"eugenia-cnl-lee"},"content":"/** Ui prints output **/","lastModifiedDate":"2026-02-05T13:50:24","isFullCredit":false},{"lineNumber":2,"author":{"gitId":"eugenia-cnl-lee"},"content":"","lastModifiedDate":"2026-02-05T13:50:24","isFullCredit":false},{"lineNumber":3,"author":{"gitId":"eugenia-cnl-lee"},"content":"public class Ui {","lastModifiedDate":"2026-02-05T10:25:13","isFullCredit":false},{"lineNumber":4,"author":{"gitId":"eugenia-cnl-lee"},"content":"","lastModifiedDate":"2026-02-05T10:25:13","isFullCredit":false},{"lineNumber":5,"author":{"gitId":"eugenia-cnl-lee"},"content":"    /** Horizontal line used for formatting output **/","lastModifiedDate":"2026-02-05T10:25:13","isFullCredit":false},{"lineNumber":6,"author":{"gitId":"eugenia-cnl-lee"},"content":"    private static final String LINE \u003d \"\u003d\u003d\u003d\u003d\u003d\u003d\u003d\u003d\u003d\u003d\u003d\u003d\u003d\u003d\u003d\u003d\u003d\u003d\u003d\u003d\u003d\u003d\u003d\u003d\u003d\u003d\u003d\u003d\u003d\u003d\u003d\u003d\u003d\u003d\u003d\u003d\u003d\u003d\u003d\u003d\";","lastModifiedDate":"2026-02-05T10:25:13","isFullCredit":false},{"lineNumber":7,"author":{"gitId":"eugenia-cnl-lee"},"content":"","lastModifiedDate":"2026-02-05T10:25:13","isFullCredit":false},{"lineNumber":8,"author":{"gitId":"eugenia-cnl-lee"},"content":"    /** Prints out formatting line **/","lastModifiedDate":"2026-02-05T13:50:24","isFullCredit":false},{"lineNumber":9,"author":{"gitId":"eugenia-cnl-lee"},"content":"    private void printLine() {","lastModifiedDate":"2026-02-05T13:50:24","isFullCredit":false},{"lineNumber":10,"author":{"gitId":"eugenia-cnl-lee"},"content":"        System.out.println(LINE);","lastModifiedDate":"2026-02-05T13:50:24","isFullCredit":false},{"lineNumber":11,"author":{"gitId":"eugenia-cnl-lee"},"content":"    }","lastModifiedDate":"2026-02-05T13:50:24","isFullCredit":false},{"lineNumber":12,"author":{"gitId":"eugenia-cnl-lee"},"content":"","lastModifiedDate":"2026-02-05T13:50:24","isFullCredit":false},{"lineNumber":13,"author":{"gitId":"eugenia-cnl-lee"},"content":"    /** Prints the welcome message when the user starts the program **/","lastModifiedDate":"2026-02-05T10:25:13","isFullCredit":false},{"lineNumber":14,"author":{"gitId":"eugenia-cnl-lee"},"content":"    public void showGreeting() {","lastModifiedDate":"2026-02-05T10:25:13","isFullCredit":false},{"lineNumber":15,"author":{"gitId":"eugenia-cnl-lee"},"content":"        System.out.println(\"Hello wisdom-seeker! I am Athena, your personal assistant chatbot.\");","lastModifiedDate":"2026-02-05T09:07:36","isFullCredit":false},{"lineNumber":16,"author":{"gitId":"eugenia-cnl-lee"},"content":"        System.out.println(\"I am named after the Greek goddess of wisdom, as I possess all the worldly knowledge.\");","lastModifiedDate":"2026-02-05T08:41:54","isFullCredit":false},{"lineNumber":17,"author":{"gitId":"eugenia-cnl-lee"},"content":"        System.out.println(\"Thus, I am able to assist you in all ways.\");","lastModifiedDate":"2026-02-05T08:41:54","isFullCredit":false},{"lineNumber":18,"author":{"gitId":"eugenia-cnl-lee"},"content":"        System.out.println(\"What can I do for you, my curious child?\");","lastModifiedDate":"2026-02-05T08:41:54","isFullCredit":false},{"lineNumber":19,"author":{"gitId":"eugenia-cnl-lee"},"content":"        printLine();","lastModifiedDate":"2026-02-05T13:50:24","isFullCredit":false},{"lineNumber":20,"author":{"gitId":"eugenia-cnl-lee"},"content":"    }","lastModifiedDate":"2026-02-05T10:25:13","isFullCredit":false},{"lineNumber":21,"author":{"gitId":"eugenia-cnl-lee"},"content":"","lastModifiedDate":"2026-02-05T10:25:13","isFullCredit":false},{"lineNumber":22,"author":{"gitId":"eugenia-cnl-lee"},"content":"    /** Prints the goodbye message when the user exits the program **/","lastModifiedDate":"2026-02-05T13:50:24","isFullCredit":false},{"lineNumber":23,"author":{"gitId":"eugenia-cnl-lee"},"content":"    public void showExit() {","lastModifiedDate":"2026-02-05T13:50:24","isFullCredit":false},{"lineNumber":24,"author":{"gitId":"eugenia-cnl-lee"},"content":"        System.out.println(LINE);","lastModifiedDate":"2026-02-05T10:25:13","isFullCredit":false},{"lineNumber":25,"author":{"gitId":"eugenia-cnl-lee"},"content":"        System.out.println(\"You no longer require my assistance? Then I shall take my leave now.\");","lastModifiedDate":"2026-02-05T13:50:24","isFullCredit":false},{"lineNumber":26,"author":{"gitId":"eugenia-cnl-lee"},"content":"        System.out.println(\"I hope my teachings of today reside with you forever.\");","lastModifiedDate":"2026-02-05T13:50:24","isFullCredit":false},{"lineNumber":27,"author":{"gitId":"eugenia-cnl-lee"},"content":"        System.out.println(\"May your thirst for knowledge be as fierce and as eternal as Greek Fire.\");","lastModifiedDate":"2026-02-05T13:50:24","isFullCredit":false},{"lineNumber":28,"author":{"gitId":"eugenia-cnl-lee"},"content":"        printLine();","lastModifiedDate":"2026-02-05T13:50:24","isFullCredit":false},{"lineNumber":29,"author":{"gitId":"eugenia-cnl-lee"},"content":"    }","lastModifiedDate":"2026-02-05T08:16:11","isFullCredit":false},{"lineNumber":30,"author":{"gitId":"eugenia-cnl-lee"},"content":"","lastModifiedDate":"2026-02-05T08:16:11","isFullCredit":false},{"lineNumber":31,"author":{"gitId":"eugenia-cnl-lee"},"content":"    /** Prints the added task back to console **/","lastModifiedDate":"2026-02-05T13:50:24","isFullCredit":false},{"lineNumber":32,"author":{"gitId":"eugenia-cnl-lee"},"content":"    public void showTaskAdded(Task task, int total) {","lastModifiedDate":"2026-02-05T13:50:24","isFullCredit":false},{"lineNumber":33,"author":{"gitId":"eugenia-cnl-lee"},"content":"        System.out.println(\"added: \" + task.getDescription());","lastModifiedDate":"2026-02-05T13:50:24","isFullCredit":false},{"lineNumber":34,"author":{"gitId":"eugenia-cnl-lee"},"content":"        printLine();","lastModifiedDate":"2026-02-05T13:50:24","isFullCredit":false},{"lineNumber":35,"author":{"gitId":"eugenia-cnl-lee"},"content":"    }","lastModifiedDate":"2026-02-05T13:16:36","isFullCredit":false},{"lineNumber":36,"author":{"gitId":"eugenia-cnl-lee"},"content":"","lastModifiedDate":"2026-02-05T13:16:36","isFullCredit":false},{"lineNumber":37,"author":{"gitId":"eugenia-cnl-lee"},"content":"    /** Prints all the task elements in the task list **/","lastModifiedDate":"2026-02-05T13:16:36","isFullCredit":false},{"lineNumber":38,"author":{"gitId":"eugenia-cnl-lee"},"content":"    public void showTaskList(TaskList tasks) {","lastModifiedDate":"2026-02-05T13:16:36","isFullCredit":false},{"lineNumber":39,"author":{"gitId":"eugenia-cnl-lee"},"content":"        for (int i \u003d 0; i \u003c tasks.getSize(); i++) {","lastModifiedDate":"2026-02-05T13:50:24","isFullCredit":false},{"lineNumber":40,"author":{"gitId":"eugenia-cnl-lee"},"content":"            System.out.println((i + 1) + \". \" + tasks.getTask(i));","lastModifiedDate":"2026-02-05T13:50:24","isFullCredit":false},{"lineNumber":41,"author":{"gitId":"eugenia-cnl-lee"},"content":"        }","lastModifiedDate":"2026-02-05T13:16:36","isFullCredit":false},{"lineNumber":42,"author":{"gitId":"eugenia-cnl-lee"},"content":"        printLine();","lastModifiedDate":"2026-02-05T13:50:24","isFullCredit":false},{"lineNumber":43,"author":{"gitId":"eugenia-cnl-lee"},"content":"    }","lastModifiedDate":"2026-02-05T08:16:11","isFullCredit":false},{"lineNumber":44,"author":{"gitId":"eugenia-cnl-lee"},"content":"}","lastModifiedDate":"2026-02-05T08:16:11","isFullCredit":false}],"authorContributionMap":{"eugenia-cnl-lee":44}}]
