[{"path":"src/main/java/Deadline.java","fileType":"java","lines":[{"lineNumber":1,"author":{"gitId":"chuayongliang6"},"content":"/**","lastModifiedDate":"2026-02-04T13:09:19","isFullCredit":false},{"lineNumber":2,"author":{"gitId":"chuayongliang6"},"content":" * Represents a deadline task that extends Task, with a description and a due date.","lastModifiedDate":"2026-02-04T13:09:19","isFullCredit":false},{"lineNumber":3,"author":{"gitId":"chuayongliang6"},"content":" */","lastModifiedDate":"2026-02-04T13:09:19","isFullCredit":false},{"lineNumber":4,"author":{"gitId":"chuayongliang6"},"content":"public class Deadline extends Task {","lastModifiedDate":"2026-02-01T17:05:45","isFullCredit":false},{"lineNumber":5,"author":{"gitId":"chuayongliang6"},"content":"    protected String by;","lastModifiedDate":"2026-02-01T17:05:45","isFullCredit":false},{"lineNumber":6,"author":{"gitId":"chuayongliang6"},"content":"","lastModifiedDate":"2026-02-01T17:05:45","isFullCredit":false},{"lineNumber":7,"author":{"gitId":"chuayongliang6"},"content":"    /**","lastModifiedDate":"2026-02-04T13:09:19","isFullCredit":false},{"lineNumber":8,"author":{"gitId":"chuayongliang6"},"content":"     * Creates a new deadline task with the given description and due date.","lastModifiedDate":"2026-02-04T13:09:19","isFullCredit":false},{"lineNumber":9,"author":{"gitId":"chuayongliang6"},"content":"     * @param description the description of the task","lastModifiedDate":"2026-02-04T13:09:19","isFullCredit":false},{"lineNumber":10,"author":{"gitId":"chuayongliang6"},"content":"     * @param by the due date as a string","lastModifiedDate":"2026-02-04T13:09:19","isFullCredit":false},{"lineNumber":11,"author":{"gitId":"chuayongliang6"},"content":"     */","lastModifiedDate":"2026-02-04T13:09:19","isFullCredit":false},{"lineNumber":12,"author":{"gitId":"chuayongliang6"},"content":"    public Deadline(String description, String by) {","lastModifiedDate":"2026-02-01T17:05:45","isFullCredit":false},{"lineNumber":13,"author":{"gitId":"chuayongliang6"},"content":"        super(description);","lastModifiedDate":"2026-02-01T17:05:45","isFullCredit":false},{"lineNumber":14,"author":{"gitId":"chuayongliang6"},"content":"        this.by \u003d by;","lastModifiedDate":"2026-02-01T17:05:45","isFullCredit":false},{"lineNumber":15,"author":{"gitId":"chuayongliang6"},"content":"    }","lastModifiedDate":"2026-02-01T17:05:45","isFullCredit":false},{"lineNumber":16,"author":{"gitId":"chuayongliang6"},"content":"","lastModifiedDate":"2026-02-01T17:05:45","isFullCredit":false},{"lineNumber":17,"author":{"gitId":"chuayongliang6"},"content":"    /**","lastModifiedDate":"2026-02-04T13:09:19","isFullCredit":false},{"lineNumber":18,"author":{"gitId":"chuayongliang6"},"content":"     * Returns a string representation of the deadline task, including type indicator and due date.","lastModifiedDate":"2026-02-04T13:09:19","isFullCredit":false},{"lineNumber":19,"author":{"gitId":"chuayongliang6"},"content":"     * @return the formatted string of the deadline task","lastModifiedDate":"2026-02-04T13:09:19","isFullCredit":false},{"lineNumber":20,"author":{"gitId":"chuayongliang6"},"content":"     */","lastModifiedDate":"2026-02-04T13:09:19","isFullCredit":false},{"lineNumber":21,"author":{"gitId":"chuayongliang6"},"content":"    @Override","lastModifiedDate":"2026-02-01T17:05:45","isFullCredit":false},{"lineNumber":22,"author":{"gitId":"chuayongliang6"},"content":"    public String toString() {","lastModifiedDate":"2026-02-01T17:05:45","isFullCredit":false},{"lineNumber":23,"author":{"gitId":"chuayongliang6"},"content":"        return \"[D]\" + super.toString() + \" (by: \" + by + \")\";","lastModifiedDate":"2026-02-01T17:05:45","isFullCredit":false},{"lineNumber":24,"author":{"gitId":"chuayongliang6"},"content":"    }","lastModifiedDate":"2026-02-01T17:05:45","isFullCredit":false},{"lineNumber":25,"author":{"gitId":"chuayongliang6"},"content":"","lastModifiedDate":"2026-02-01T17:05:45","isFullCredit":false},{"lineNumber":26,"author":{"gitId":"chuayongliang6"},"content":"}","lastModifiedDate":"2026-02-01T17:05:45","isFullCredit":false}],"authorContributionMap":{"chuayongliang6":26}},{"path":"src/main/java/Event.java","fileType":"java","lines":[{"lineNumber":1,"author":{"gitId":"chuayongliang6"},"content":"    /**","lastModifiedDate":"2026-02-04T13:09:19","isFullCredit":false},{"lineNumber":2,"author":{"gitId":"chuayongliang6"},"content":" * Represents an event task that extends Task, with a description and a time range.","lastModifiedDate":"2026-02-04T13:09:19","isFullCredit":false},{"lineNumber":3,"author":{"gitId":"chuayongliang6"},"content":" */","lastModifiedDate":"2026-02-04T13:09:19","isFullCredit":false},{"lineNumber":4,"author":{"gitId":"chuayongliang6"},"content":"public class Event extends Task {","lastModifiedDate":"2026-02-01T17:05:45","isFullCredit":false},{"lineNumber":5,"author":{"gitId":"chuayongliang6"},"content":"    protected String from;","lastModifiedDate":"2026-02-01T17:05:45","isFullCredit":false},{"lineNumber":6,"author":{"gitId":"chuayongliang6"},"content":"    protected String to;","lastModifiedDate":"2026-02-01T17:05:45","isFullCredit":false},{"lineNumber":7,"author":{"gitId":"chuayongliang6"},"content":"","lastModifiedDate":"2026-02-01T17:05:45","isFullCredit":false},{"lineNumber":8,"author":{"gitId":"chuayongliang6"},"content":"    /**","lastModifiedDate":"2026-02-04T13:09:19","isFullCredit":false},{"lineNumber":9,"author":{"gitId":"chuayongliang6"},"content":"     * Creates a new event task with the given description and time range.","lastModifiedDate":"2026-02-04T13:09:19","isFullCredit":false},{"lineNumber":10,"author":{"gitId":"chuayongliang6"},"content":"     * @param description the description of the task","lastModifiedDate":"2026-02-04T13:09:19","isFullCredit":false},{"lineNumber":11,"author":{"gitId":"chuayongliang6"},"content":"     * @param from the start time as a string","lastModifiedDate":"2026-02-04T13:09:19","isFullCredit":false},{"lineNumber":12,"author":{"gitId":"chuayongliang6"},"content":"     * @param to the end time as a string","lastModifiedDate":"2026-02-04T13:09:19","isFullCredit":false},{"lineNumber":13,"author":{"gitId":"chuayongliang6"},"content":"     */","lastModifiedDate":"2026-02-04T13:09:19","isFullCredit":false},{"lineNumber":14,"author":{"gitId":"chuayongliang6"},"content":"    public Event(String description, String from, String to) {","lastModifiedDate":"2026-02-01T17:05:45","isFullCredit":false},{"lineNumber":15,"author":{"gitId":"chuayongliang6"},"content":"        super(description);","lastModifiedDate":"2026-02-01T17:05:45","isFullCredit":false},{"lineNumber":16,"author":{"gitId":"chuayongliang6"},"content":"        this.from \u003d from;","lastModifiedDate":"2026-02-01T17:05:45","isFullCredit":false},{"lineNumber":17,"author":{"gitId":"chuayongliang6"},"content":"        this.to \u003d to;","lastModifiedDate":"2026-02-01T17:05:45","isFullCredit":false},{"lineNumber":18,"author":{"gitId":"chuayongliang6"},"content":"    }","lastModifiedDate":"2026-02-01T17:05:45","isFullCredit":false},{"lineNumber":19,"author":{"gitId":"chuayongliang6"},"content":"","lastModifiedDate":"2026-02-01T17:05:45","isFullCredit":false},{"lineNumber":20,"author":{"gitId":"chuayongliang6"},"content":"    /**","lastModifiedDate":"2026-02-04T13:09:19","isFullCredit":false},{"lineNumber":21,"author":{"gitId":"chuayongliang6"},"content":"     * Returns a string representation of the event task, including type indicator and time range.","lastModifiedDate":"2026-02-04T13:09:19","isFullCredit":false},{"lineNumber":22,"author":{"gitId":"chuayongliang6"},"content":"     * @return the formatted string of the event task","lastModifiedDate":"2026-02-04T13:09:19","isFullCredit":false},{"lineNumber":23,"author":{"gitId":"chuayongliang6"},"content":"     */","lastModifiedDate":"2026-02-04T13:09:19","isFullCredit":false},{"lineNumber":24,"author":{"gitId":"chuayongliang6"},"content":"    @Override","lastModifiedDate":"2026-02-01T17:05:45","isFullCredit":false},{"lineNumber":25,"author":{"gitId":"chuayongliang6"},"content":"    public String toString() {","lastModifiedDate":"2026-02-01T17:05:45","isFullCredit":false},{"lineNumber":26,"author":{"gitId":"chuayongliang6"},"content":"        return \"[E]\" + super.toString() + \" (from: \" + from + \" to: \" + to +\")\";","lastModifiedDate":"2026-02-01T17:05:45","isFullCredit":false},{"lineNumber":27,"author":{"gitId":"chuayongliang6"},"content":"    }","lastModifiedDate":"2026-02-01T17:05:45","isFullCredit":false},{"lineNumber":28,"author":{"gitId":"chuayongliang6"},"content":"}","lastModifiedDate":"2026-02-01T17:05:45","isFullCredit":false}],"authorContributionMap":{"chuayongliang6":28}},{"path":"src/main/java/SWE.java","fileType":"java","lines":[{"lineNumber":1,"author":{"gitId":"chuayongliang6"},"content":"import java.util.Scanner;","lastModifiedDate":"2026-01-24T12:19:58","isFullCredit":false},{"lineNumber":2,"author":{"gitId":"chuayongliang6"},"content":"","lastModifiedDate":"2026-01-24T12:19:58","isFullCredit":false},{"lineNumber":3,"author":{"gitId":"chuayongliang6"},"content":"/**","lastModifiedDate":"2026-02-04T13:09:19","isFullCredit":false},{"lineNumber":4,"author":{"gitId":"chuayongliang6"},"content":" * The main class for the SWE task management application.","lastModifiedDate":"2026-02-04T13:09:19","isFullCredit":false},{"lineNumber":5,"author":{"gitId":"chuayongliang6"},"content":" * It handles user input and manages a list of tasks.","lastModifiedDate":"2026-02-04T13:09:19","isFullCredit":false},{"lineNumber":6,"author":{"gitId":"chuayongliang6"},"content":" */","lastModifiedDate":"2026-02-04T13:09:19","isFullCredit":false},{"lineNumber":7,"author":{"gitId":"chuayongliang6"},"content":"public class SWE {","lastModifiedDate":"2026-01-21T17:59:17","isFullCredit":false},{"lineNumber":8,"author":{"gitId":"chuayongliang6"},"content":"","lastModifiedDate":"2026-02-01T18:07:53","isFullCredit":false},{"lineNumber":9,"author":{"gitId":"chuayongliang6"},"content":"    public static final int MAX_TASKS \u003d 100;","lastModifiedDate":"2026-02-01T18:07:53","isFullCredit":false},{"lineNumber":10,"author":{"gitId":"chuayongliang6"},"content":"    public static final int TODO_PREFIX_LENGTH \u003d 5;","lastModifiedDate":"2026-02-01T18:07:53","isFullCredit":false},{"lineNumber":11,"author":{"gitId":"chuayongliang6"},"content":"    public static final int DEADLINE_PREFIX_LENGTH \u003d 9;","lastModifiedDate":"2026-02-01T18:07:53","isFullCredit":false},{"lineNumber":12,"author":{"gitId":"chuayongliang6"},"content":"    public static final int EVENT_PREFIX_LENGTH \u003d 6;","lastModifiedDate":"2026-02-01T18:07:53","isFullCredit":false},{"lineNumber":13,"author":{"gitId":"chuayongliang6"},"content":"    public static final String DEADLINE_SEPARATOR \u003d \" /by \";","lastModifiedDate":"2026-02-01T20:23:35","isFullCredit":false},{"lineNumber":14,"author":{"gitId":"chuayongliang6"},"content":"    public static final String EVENT_SEPARATOR \u003d \" /from | /to \";","lastModifiedDate":"2026-02-01T20:23:35","isFullCredit":false},{"lineNumber":15,"author":{"gitId":"chuayongliang6"},"content":"","lastModifiedDate":"2026-02-01T20:23:35","isFullCredit":false},{"lineNumber":16,"author":{"gitId":"chuayongliang6"},"content":"    private static final String TODO_COMMAND \u003d \"todo \";","lastModifiedDate":"2026-02-01T20:23:35","isFullCredit":false},{"lineNumber":17,"author":{"gitId":"chuayongliang6"},"content":"    private static final String DEADLINE_COMMAND \u003d \"deadline \";","lastModifiedDate":"2026-02-01T20:23:35","isFullCredit":false},{"lineNumber":18,"author":{"gitId":"chuayongliang6"},"content":"    private static final String LIST_COMMAND \u003d \"list\";","lastModifiedDate":"2026-02-01T20:23:35","isFullCredit":false},{"lineNumber":19,"author":{"gitId":"chuayongliang6"},"content":"    private static final String MARK_COMMAND \u003d \"mark \";","lastModifiedDate":"2026-02-01T20:23:35","isFullCredit":false},{"lineNumber":20,"author":{"gitId":"chuayongliang6"},"content":"    private static final String BYE_COMMAND \u003d \"bye\";","lastModifiedDate":"2026-02-01T20:23:35","isFullCredit":false},{"lineNumber":21,"author":{"gitId":"chuayongliang6"},"content":"    private static final String BORDER \u003d \"____________________________________________________________\\n\";","lastModifiedDate":"2026-02-01T20:23:35","isFullCredit":false},{"lineNumber":22,"author":{"gitId":"chuayongliang6"},"content":"    private static final String LOGO \u003d \"\"\"","lastModifiedDate":"2026-02-01T20:23:35","isFullCredit":false},{"lineNumber":23,"author":{"gitId":"chuayongliang6"},"content":" ____  __        __ _____","lastModifiedDate":"2026-02-01T20:23:35","isFullCredit":false},{"lineNumber":24,"author":{"gitId":"chuayongliang6"},"content":"/ ___| \\\\ \\\\      / /| ____|","lastModifiedDate":"2026-02-01T20:23:35","isFullCredit":false},{"lineNumber":25,"author":{"gitId":"chuayongliang6"},"content":"\\\\___ \\\\  \\\\ \\\\ /\\\\ / / |  _|","lastModifiedDate":"2026-02-01T20:23:35","isFullCredit":false},{"lineNumber":26,"author":{"gitId":"chuayongliang6"},"content":" ___) |  \\\\ V  V /  | |___","lastModifiedDate":"2026-02-01T20:23:35","isFullCredit":false},{"lineNumber":27,"author":{"gitId":"chuayongliang6"},"content":"|____/    \\\\_/\\\\_/   |_____|","lastModifiedDate":"2026-02-01T20:23:35","isFullCredit":false},{"lineNumber":28,"author":{"gitId":"chuayongliang6"},"content":"\"\"\";","lastModifiedDate":"2026-02-01T20:23:35","isFullCredit":false},{"lineNumber":29,"author":{"gitId":"chuayongliang6"},"content":"    private static final String WELCOME_MESSAGE \u003d \"Hello from\\n\" + LOGO + BORDER","lastModifiedDate":"2026-02-01T20:23:35","isFullCredit":false},{"lineNumber":30,"author":{"gitId":"chuayongliang6"},"content":"            + \" Hello! I\u0027m SWE\\n\"","lastModifiedDate":"2026-02-01T20:23:35","isFullCredit":false},{"lineNumber":31,"author":{"gitId":"chuayongliang6"},"content":"            + \" What can I do for you?\\uD83D\\uDE00\\n\"","lastModifiedDate":"2026-02-01T20:23:35","isFullCredit":false},{"lineNumber":32,"author":{"gitId":"chuayongliang6"},"content":"            + BORDER;","lastModifiedDate":"2026-02-01T20:23:35","isFullCredit":false},{"lineNumber":33,"author":{"gitId":"chuayongliang6"},"content":"    private static final String GOODBYE_MESSAGE \u003d BORDER","lastModifiedDate":"2026-02-01T20:23:35","isFullCredit":false},{"lineNumber":34,"author":{"gitId":"chuayongliang6"},"content":"            + \" Bye. Hope to see you again soon!\\n\"","lastModifiedDate":"2026-02-01T20:23:35","isFullCredit":false},{"lineNumber":35,"author":{"gitId":"chuayongliang6"},"content":"            + BORDER;","lastModifiedDate":"2026-02-01T20:23:35","isFullCredit":false},{"lineNumber":36,"author":{"gitId":"chuayongliang6"},"content":"","lastModifiedDate":"2026-02-01T18:07:53","isFullCredit":false},{"lineNumber":37,"author":{"gitId":"chuayongliang6"},"content":"    /**","lastModifiedDate":"2026-02-04T13:09:19","isFullCredit":false},{"lineNumber":38,"author":{"gitId":"chuayongliang6"},"content":"     * The entry point of the application. Prints a welcome message, processes user commands, and says goodbye.","lastModifiedDate":"2026-02-04T13:09:19","isFullCredit":false},{"lineNumber":39,"author":{"gitId":"chuayongliang6"},"content":"     * @param args command-line arguments (not used)","lastModifiedDate":"2026-02-04T13:09:19","isFullCredit":false},{"lineNumber":40,"author":{"gitId":"chuayongliang6"},"content":"     */","lastModifiedDate":"2026-02-04T13:09:19","isFullCredit":false},{"lineNumber":41,"author":{"gitId":"chuayongliang6"},"content":"    public static void main(String[] args) {","lastModifiedDate":"2026-01-21T17:59:17","isFullCredit":false},{"lineNumber":42,"author":{"gitId":"chuayongliang6"},"content":"        printWelcome();","lastModifiedDate":"2026-02-01T18:07:53","isFullCredit":false},{"lineNumber":43,"author":{"gitId":"chuayongliang6"},"content":"        processCommand();","lastModifiedDate":"2026-02-01T18:07:53","isFullCredit":false},{"lineNumber":44,"author":{"gitId":"chuayongliang6"},"content":"        printGoodbye();","lastModifiedDate":"2026-02-01T18:07:53","isFullCredit":false},{"lineNumber":45,"author":{"gitId":"chuayongliang6"},"content":"    }","lastModifiedDate":"2026-02-01T18:07:53","isFullCredit":false},{"lineNumber":46,"author":{"gitId":"chuayongliang6"},"content":"","lastModifiedDate":"2026-02-01T18:07:53","isFullCredit":false},{"lineNumber":47,"author":{"gitId":"chuayongliang6"},"content":"    private static void printGoodbye() {","lastModifiedDate":"2026-02-01T18:07:53","isFullCredit":false},{"lineNumber":48,"author":{"gitId":"chuayongliang6"},"content":"        System.out.print(GOODBYE_MESSAGE);","lastModifiedDate":"2026-02-01T20:23:35","isFullCredit":false},{"lineNumber":49,"author":{"gitId":"chuayongliang6"},"content":"    }","lastModifiedDate":"2026-02-01T20:23:35","isFullCredit":false},{"lineNumber":50,"author":{"gitId":"chuayongliang6"},"content":"","lastModifiedDate":"2026-02-01T20:23:35","isFullCredit":false},{"lineNumber":51,"author":{"gitId":"chuayongliang6"},"content":"    private static void printBorder() {","lastModifiedDate":"2026-02-01T20:23:35","isFullCredit":false},{"lineNumber":52,"author":{"gitId":"chuayongliang6"},"content":"        System.out.print(BORDER);","lastModifiedDate":"2026-02-01T20:23:35","isFullCredit":false},{"lineNumber":53,"author":{"gitId":"chuayongliang6"},"content":"    }","lastModifiedDate":"2026-02-01T18:07:53","isFullCredit":false},{"lineNumber":54,"author":{"gitId":"chuayongliang6"},"content":"","lastModifiedDate":"2026-02-01T18:07:53","isFullCredit":false},{"lineNumber":55,"author":{"gitId":"chuayongliang6"},"content":"    private static void processCommand() {","lastModifiedDate":"2026-02-01T18:07:53","isFullCredit":false},{"lineNumber":56,"author":{"gitId":"chuayongliang6"},"content":"        Task[] userTasks \u003d new Task[MAX_TASKS];","lastModifiedDate":"2026-02-01T18:07:53","isFullCredit":false},{"lineNumber":57,"author":{"gitId":"chuayongliang6"},"content":"        int taskIndex \u003d 0;","lastModifiedDate":"2026-01-24T14:34:15","isFullCredit":false},{"lineNumber":58,"author":{"gitId":"chuayongliang6"},"content":"","lastModifiedDate":"2026-02-01T20:23:35","isFullCredit":false},{"lineNumber":59,"author":{"gitId":"chuayongliang6"},"content":"        Scanner in \u003d new Scanner(System.in);","lastModifiedDate":"2026-01-24T12:19:58","isFullCredit":false},{"lineNumber":60,"author":{"gitId":"chuayongliang6"},"content":"        String line \u003d in.nextLine();","lastModifiedDate":"2026-02-01T20:23:35","isFullCredit":false},{"lineNumber":61,"author":{"gitId":"chuayongliang6"},"content":"","lastModifiedDate":"2026-02-01T20:23:35","isFullCredit":false},{"lineNumber":62,"author":{"gitId":"chuayongliang6"},"content":"        while (!line.equals(BYE_COMMAND)) {","lastModifiedDate":"2026-02-01T20:23:35","isFullCredit":false},{"lineNumber":63,"author":{"gitId":"chuayongliang6"},"content":"            printBorder();","lastModifiedDate":"2026-02-01T20:23:35","isFullCredit":false},{"lineNumber":64,"author":{"gitId":"chuayongliang6"},"content":"            taskIndex \u003d handleCommand(line, taskIndex, userTasks);","lastModifiedDate":"2026-02-01T18:07:53","isFullCredit":false},{"lineNumber":65,"author":{"gitId":"chuayongliang6"},"content":"            printBorder();","lastModifiedDate":"2026-02-01T20:23:35","isFullCredit":false},{"lineNumber":66,"author":{"gitId":"chuayongliang6"},"content":"            line \u003d in.nextLine();","lastModifiedDate":"2026-02-01T18:07:53","isFullCredit":false},{"lineNumber":67,"author":{"gitId":"chuayongliang6"},"content":"        }","lastModifiedDate":"2026-02-01T18:07:53","isFullCredit":false},{"lineNumber":68,"author":{"gitId":"chuayongliang6"},"content":"    }","lastModifiedDate":"2026-02-01T18:07:53","isFullCredit":false},{"lineNumber":69,"author":{"gitId":"chuayongliang6"},"content":"","lastModifiedDate":"2026-02-01T18:07:53","isFullCredit":false},{"lineNumber":70,"author":{"gitId":"chuayongliang6"},"content":"    private static int handleCommand(String line, int taskIndex, Task[] userTasks) {","lastModifiedDate":"2026-02-01T18:07:53","isFullCredit":false},{"lineNumber":71,"author":{"gitId":"chuayongliang6"},"content":"        if (line.equals(LIST_COMMAND)) {","lastModifiedDate":"2026-02-01T20:23:35","isFullCredit":false},{"lineNumber":72,"author":{"gitId":"chuayongliang6"},"content":"            listTasks(taskIndex, userTasks);","lastModifiedDate":"2026-02-01T18:07:53","isFullCredit":false},{"lineNumber":73,"author":{"gitId":"chuayongliang6"},"content":"            return taskIndex;","lastModifiedDate":"2026-02-01T20:23:35","isFullCredit":false},{"lineNumber":74,"author":{"gitId":"chuayongliang6"},"content":"        }","lastModifiedDate":"2026-02-01T18:07:53","isFullCredit":false},{"lineNumber":75,"author":{"gitId":"chuayongliang6"},"content":"","lastModifiedDate":"2026-02-01T20:23:35","isFullCredit":false},{"lineNumber":76,"author":{"gitId":"chuayongliang6"},"content":"        if (line.startsWith(MARK_COMMAND)) {","lastModifiedDate":"2026-02-01T20:23:35","isFullCredit":false},{"lineNumber":77,"author":{"gitId":"chuayongliang6"},"content":"            markTasks(line, userTasks);","lastModifiedDate":"2026-02-01T20:23:35","isFullCredit":false},{"lineNumber":78,"author":{"gitId":"chuayongliang6"},"content":"            return taskIndex;","lastModifiedDate":"2026-02-01T18:07:53","isFullCredit":false},{"lineNumber":79,"author":{"gitId":"chuayongliang6"},"content":"        }","lastModifiedDate":"2026-02-01T18:07:53","isFullCredit":false},{"lineNumber":80,"author":{"gitId":"chuayongliang6"},"content":"","lastModifiedDate":"2026-02-01T18:07:53","isFullCredit":false},{"lineNumber":81,"author":{"gitId":"chuayongliang6"},"content":"        // Adding tasks","lastModifiedDate":"2026-02-01T20:23:35","isFullCredit":false},{"lineNumber":82,"author":{"gitId":"chuayongliang6"},"content":"        return addTasks(userTasks, taskIndex, line);","lastModifiedDate":"2026-02-01T20:23:35","isFullCredit":false},{"lineNumber":83,"author":{"gitId":"chuayongliang6"},"content":"    }","lastModifiedDate":"2026-02-01T20:23:35","isFullCredit":false},{"lineNumber":84,"author":{"gitId":"chuayongliang6"},"content":"","lastModifiedDate":"2026-02-01T20:23:35","isFullCredit":false},{"lineNumber":85,"author":{"gitId":"chuayongliang6"},"content":"    private static int addTasks(Task[] userTasks, int taskIndex, String line) {","lastModifiedDate":"2026-02-01T18:07:53","isFullCredit":false},{"lineNumber":86,"author":{"gitId":"chuayongliang6"},"content":"        userTasks[taskIndex] \u003d createTask(line);","lastModifiedDate":"2026-02-01T17:05:45","isFullCredit":false},{"lineNumber":87,"author":{"gitId":"chuayongliang6"},"content":"        System.out.println(\"Got it. I\u0027ve added this task:\");","lastModifiedDate":"2026-02-01T17:05:45","isFullCredit":false},{"lineNumber":88,"author":{"gitId":"chuayongliang6"},"content":"        System.out.println(\"  \" + userTasks[taskIndex].toString());","lastModifiedDate":"2026-02-01T17:05:45","isFullCredit":false},{"lineNumber":89,"author":{"gitId":"chuayongliang6"},"content":"        taskIndex++;","lastModifiedDate":"2026-01-25T09:21:39","isFullCredit":false},{"lineNumber":90,"author":{"gitId":"chuayongliang6"},"content":"        System.out.println(\"Now you have \" + taskIndex + \" tasks in the list.\");","lastModifiedDate":"2026-02-01T17:05:45","isFullCredit":false},{"lineNumber":91,"author":{"gitId":"chuayongliang6"},"content":"        return taskIndex;","lastModifiedDate":"2026-02-01T18:07:53","isFullCredit":false},{"lineNumber":92,"author":{"gitId":"chuayongliang6"},"content":"    }","lastModifiedDate":"2026-02-01T18:07:53","isFullCredit":false},{"lineNumber":93,"author":{"gitId":"chuayongliang6"},"content":"","lastModifiedDate":"2026-02-01T18:07:53","isFullCredit":false},{"lineNumber":94,"author":{"gitId":"chuayongliang6"},"content":"    private static void markTasks(String line, Task[] userTasks) {","lastModifiedDate":"2026-02-01T18:07:53","isFullCredit":false},{"lineNumber":95,"author":{"gitId":"chuayongliang6"},"content":"        int markIndex \u003d getMarkIndex(line);","lastModifiedDate":"2026-02-01T20:23:35","isFullCredit":false},{"lineNumber":96,"author":{"gitId":"chuayongliang6"},"content":"        userTasks[markIndex].markAsDone();","lastModifiedDate":"2026-02-01T18:07:53","isFullCredit":false},{"lineNumber":97,"author":{"gitId":"chuayongliang6"},"content":"        System.out.println(\"Nice! I\u0027ve marked this task as done:\");","lastModifiedDate":"2026-02-01T18:07:53","isFullCredit":false},{"lineNumber":98,"author":{"gitId":"chuayongliang6"},"content":"        System.out.println(userTasks[markIndex].toString());","lastModifiedDate":"2026-02-01T18:07:53","isFullCredit":false},{"lineNumber":99,"author":{"gitId":"chuayongliang6"},"content":"    }","lastModifiedDate":"2026-02-01T18:07:53","isFullCredit":false},{"lineNumber":100,"author":{"gitId":"chuayongliang6"},"content":"","lastModifiedDate":"2026-02-01T18:07:53","isFullCredit":false},{"lineNumber":101,"author":{"gitId":"chuayongliang6"},"content":"    private static int getMarkIndex(String line) {","lastModifiedDate":"2026-02-01T20:23:35","isFullCredit":false},{"lineNumber":102,"author":{"gitId":"chuayongliang6"},"content":"        String[] parts \u003d line.split(\" \");","lastModifiedDate":"2026-02-01T20:23:35","isFullCredit":false},{"lineNumber":103,"author":{"gitId":"chuayongliang6"},"content":"        return Integer.parseInt(parts[1]) - 1;","lastModifiedDate":"2026-02-01T20:23:35","isFullCredit":false},{"lineNumber":104,"author":{"gitId":"chuayongliang6"},"content":"    }","lastModifiedDate":"2026-02-01T20:23:35","isFullCredit":false},{"lineNumber":105,"author":{"gitId":"chuayongliang6"},"content":"","lastModifiedDate":"2026-02-01T20:23:35","isFullCredit":false},{"lineNumber":106,"author":{"gitId":"chuayongliang6"},"content":"    private static void listTasks(int taskIndex, Task[] userTasks) {","lastModifiedDate":"2026-02-01T18:07:53","isFullCredit":false},{"lineNumber":107,"author":{"gitId":"chuayongliang6"},"content":"        System.out.println(\"Here are the tasks in your list:\");","lastModifiedDate":"2026-02-01T18:07:53","isFullCredit":false},{"lineNumber":108,"author":{"gitId":"chuayongliang6"},"content":"        for (int i \u003d 0; i \u003c taskIndex; i++) {","lastModifiedDate":"2026-02-01T18:07:53","isFullCredit":false},{"lineNumber":109,"author":{"gitId":"chuayongliang6"},"content":"            System.out.println((i + 1) + \". \" + userTasks[i].toString());","lastModifiedDate":"2026-02-01T18:07:53","isFullCredit":false},{"lineNumber":110,"author":{"gitId":"chuayongliang6"},"content":"        }","lastModifiedDate":"2026-01-24T14:34:15","isFullCredit":false},{"lineNumber":111,"author":{"gitId":"chuayongliang6"},"content":"    }","lastModifiedDate":"2026-01-24T12:19:58","isFullCredit":false},{"lineNumber":112,"author":{"gitId":"chuayongliang6"},"content":"","lastModifiedDate":"2026-02-01T18:07:53","isFullCredit":false},{"lineNumber":113,"author":{"gitId":"chuayongliang6"},"content":"    private static void printWelcome() {","lastModifiedDate":"2026-02-01T18:07:53","isFullCredit":false},{"lineNumber":114,"author":{"gitId":"chuayongliang6"},"content":"        System.out.print(WELCOME_MESSAGE);","lastModifiedDate":"2026-02-01T20:23:35","isFullCredit":false},{"lineNumber":115,"author":{"gitId":"chuayongliang6"},"content":"    }","lastModifiedDate":"2026-01-21T17:59:17","isFullCredit":false},{"lineNumber":116,"author":{"gitId":"chuayongliang6"},"content":"","lastModifiedDate":"2026-02-01T17:05:45","isFullCredit":false},{"lineNumber":117,"author":{"gitId":"chuayongliang6"},"content":"    private static Task createTask(String input) {","lastModifiedDate":"2026-02-01T17:05:45","isFullCredit":false},{"lineNumber":118,"author":{"gitId":"chuayongliang6"},"content":"        if (input.startsWith(TODO_COMMAND)) {","lastModifiedDate":"2026-02-01T20:23:35","isFullCredit":false},{"lineNumber":119,"author":{"gitId":"chuayongliang6"},"content":"            return parseTodo(input);","lastModifiedDate":"2026-02-01T20:23:35","isFullCredit":false},{"lineNumber":120,"author":{"gitId":"chuayongliang6"},"content":"        } else if (input.startsWith(DEADLINE_COMMAND)) {","lastModifiedDate":"2026-02-01T20:23:35","isFullCredit":false},{"lineNumber":121,"author":{"gitId":"chuayongliang6"},"content":"            return parseDeadline(input);","lastModifiedDate":"2026-02-01T20:23:35","isFullCredit":false},{"lineNumber":122,"author":{"gitId":"chuayongliang6"},"content":"        } else {","lastModifiedDate":"2026-02-01T17:05:45","isFullCredit":false},{"lineNumber":123,"author":{"gitId":"chuayongliang6"},"content":"            return parseEvent(input);","lastModifiedDate":"2026-02-01T20:23:35","isFullCredit":false},{"lineNumber":124,"author":{"gitId":"chuayongliang6"},"content":"        }","lastModifiedDate":"2026-02-01T20:23:35","isFullCredit":false},{"lineNumber":125,"author":{"gitId":"chuayongliang6"},"content":"    }","lastModifiedDate":"2026-02-01T17:05:45","isFullCredit":false},{"lineNumber":126,"author":{"gitId":"chuayongliang6"},"content":"","lastModifiedDate":"2026-02-01T20:23:35","isFullCredit":false},{"lineNumber":127,"author":{"gitId":"chuayongliang6"},"content":"    private static Todo parseTodo(String input) {","lastModifiedDate":"2026-02-01T20:23:35","isFullCredit":false},{"lineNumber":128,"author":{"gitId":"chuayongliang6"},"content":"        return new Todo(input.substring(TODO_PREFIX_LENGTH));","lastModifiedDate":"2026-02-01T20:23:35","isFullCredit":false},{"lineNumber":129,"author":{"gitId":"chuayongliang6"},"content":"    }","lastModifiedDate":"2026-02-01T20:23:35","isFullCredit":false},{"lineNumber":130,"author":{"gitId":"chuayongliang6"},"content":"","lastModifiedDate":"2026-02-01T20:23:35","isFullCredit":false},{"lineNumber":131,"author":{"gitId":"chuayongliang6"},"content":"    private static Deadline parseDeadline(String input) {","lastModifiedDate":"2026-02-01T20:23:35","isFullCredit":false},{"lineNumber":132,"author":{"gitId":"chuayongliang6"},"content":"        String remaining \u003d input.substring(DEADLINE_PREFIX_LENGTH);","lastModifiedDate":"2026-02-01T20:23:35","isFullCredit":false},{"lineNumber":133,"author":{"gitId":"chuayongliang6"},"content":"        String[] parts \u003d remaining.split(DEADLINE_SEPARATOR);","lastModifiedDate":"2026-02-01T20:23:35","isFullCredit":false},{"lineNumber":134,"author":{"gitId":"chuayongliang6"},"content":"        return new Deadline(parts[0], parts[1]);","lastModifiedDate":"2026-02-01T20:23:35","isFullCredit":false},{"lineNumber":135,"author":{"gitId":"chuayongliang6"},"content":"    }","lastModifiedDate":"2026-02-01T20:23:35","isFullCredit":false},{"lineNumber":136,"author":{"gitId":"chuayongliang6"},"content":"","lastModifiedDate":"2026-02-01T20:23:35","isFullCredit":false},{"lineNumber":137,"author":{"gitId":"chuayongliang6"},"content":"    private static Event parseEvent(String input) {","lastModifiedDate":"2026-02-01T20:23:35","isFullCredit":false},{"lineNumber":138,"author":{"gitId":"chuayongliang6"},"content":"        String remaining \u003d input.substring(EVENT_PREFIX_LENGTH);","lastModifiedDate":"2026-02-01T20:23:35","isFullCredit":false},{"lineNumber":139,"author":{"gitId":"chuayongliang6"},"content":"        String[] parts \u003d remaining.split(EVENT_SEPARATOR);","lastModifiedDate":"2026-02-01T20:23:35","isFullCredit":false},{"lineNumber":140,"author":{"gitId":"chuayongliang6"},"content":"        return new Event(parts[0], parts[1], parts[2]);","lastModifiedDate":"2026-02-01T20:23:35","isFullCredit":false},{"lineNumber":141,"author":{"gitId":"chuayongliang6"},"content":"    }","lastModifiedDate":"2026-02-01T17:05:45","isFullCredit":false},{"lineNumber":142,"author":{"gitId":"chuayongliang6"},"content":"","lastModifiedDate":"2026-02-01T17:05:45","isFullCredit":false},{"lineNumber":143,"author":{"gitId":"chuayongliang6"},"content":"}","lastModifiedDate":"2026-01-21T17:59:17","isFullCredit":false}],"authorContributionMap":{"chuayongliang6":143}},{"path":"src/main/java/Task.java","fileType":"java","lines":[{"lineNumber":1,"author":{"gitId":"chuayongliang6"},"content":"/**","lastModifiedDate":"2026-02-04T13:09:19","isFullCredit":false},{"lineNumber":2,"author":{"gitId":"chuayongliang6"},"content":" * Represents a basic task with a description and completion status.","lastModifiedDate":"2026-02-04T13:09:19","isFullCredit":false},{"lineNumber":3,"author":{"gitId":"chuayongliang6"},"content":" */","lastModifiedDate":"2026-02-04T13:09:19","isFullCredit":false},{"lineNumber":4,"author":{"gitId":"chuayongliang6"},"content":"public class Task {","lastModifiedDate":"2026-01-25T09:21:39","isFullCredit":false},{"lineNumber":5,"author":{"gitId":"chuayongliang6"},"content":"    protected String description;","lastModifiedDate":"2026-01-25T09:21:39","isFullCredit":false},{"lineNumber":6,"author":{"gitId":"chuayongliang6"},"content":"    protected boolean isDone;","lastModifiedDate":"2026-01-25T09:21:39","isFullCredit":false},{"lineNumber":7,"author":{"gitId":"chuayongliang6"},"content":"","lastModifiedDate":"2026-01-25T09:21:39","isFullCredit":false},{"lineNumber":8,"author":{"gitId":"chuayongliang6"},"content":"    /**","lastModifiedDate":"2026-02-04T13:09:19","isFullCredit":false},{"lineNumber":9,"author":{"gitId":"chuayongliang6"},"content":"     * Creates a new task with the given description, initially not done.","lastModifiedDate":"2026-02-04T13:09:19","isFullCredit":false},{"lineNumber":10,"author":{"gitId":"chuayongliang6"},"content":"     * @param description the description of the task","lastModifiedDate":"2026-02-04T13:09:19","isFullCredit":false},{"lineNumber":11,"author":{"gitId":"chuayongliang6"},"content":"     */","lastModifiedDate":"2026-02-04T13:09:19","isFullCredit":false},{"lineNumber":12,"author":{"gitId":"chuayongliang6"},"content":"    public Task(String description) {","lastModifiedDate":"2026-01-25T09:21:39","isFullCredit":false},{"lineNumber":13,"author":{"gitId":"chuayongliang6"},"content":"        this.description \u003d description;","lastModifiedDate":"2026-01-25T09:21:39","isFullCredit":false},{"lineNumber":14,"author":{"gitId":"chuayongliang6"},"content":"        this.isDone \u003d false;","lastModifiedDate":"2026-01-25T09:21:39","isFullCredit":false},{"lineNumber":15,"author":{"gitId":"chuayongliang6"},"content":"    }","lastModifiedDate":"2026-01-25T09:21:39","isFullCredit":false},{"lineNumber":16,"author":{"gitId":"chuayongliang6"},"content":"","lastModifiedDate":"2026-01-25T09:21:39","isFullCredit":false},{"lineNumber":17,"author":{"gitId":"chuayongliang6"},"content":"    /**","lastModifiedDate":"2026-02-04T13:09:19","isFullCredit":false},{"lineNumber":18,"author":{"gitId":"chuayongliang6"},"content":"     * Returns an icon representing the task\u0027s completion status.","lastModifiedDate":"2026-02-04T13:09:19","isFullCredit":false},{"lineNumber":19,"author":{"gitId":"chuayongliang6"},"content":"     * @return \"X\" if done, otherwise a space","lastModifiedDate":"2026-02-04T13:09:19","isFullCredit":false},{"lineNumber":20,"author":{"gitId":"chuayongliang6"},"content":"     */","lastModifiedDate":"2026-02-04T13:09:19","isFullCredit":false},{"lineNumber":21,"author":{"gitId":"chuayongliang6"},"content":"    public String getStatusIcon() {","lastModifiedDate":"2026-01-25T09:21:39","isFullCredit":false},{"lineNumber":22,"author":{"gitId":"chuayongliang6"},"content":"        // Mark task as done using \"X\"","lastModifiedDate":"2026-01-29T15:18:29","isFullCredit":false},{"lineNumber":23,"author":{"gitId":"chuayongliang6"},"content":"        return (isDone ? \"X\" : \" \");","lastModifiedDate":"2026-01-25T09:21:39","isFullCredit":false},{"lineNumber":24,"author":{"gitId":"chuayongliang6"},"content":"    }","lastModifiedDate":"2026-01-25T09:21:39","isFullCredit":false},{"lineNumber":25,"author":{"gitId":"chuayongliang6"},"content":"","lastModifiedDate":"2026-02-01T17:05:45","isFullCredit":false},{"lineNumber":26,"author":{"gitId":"chuayongliang6"},"content":"    /**","lastModifiedDate":"2026-02-04T13:09:19","isFullCredit":false},{"lineNumber":27,"author":{"gitId":"chuayongliang6"},"content":"     * Marks this task as completed.","lastModifiedDate":"2026-02-04T13:09:19","isFullCredit":false},{"lineNumber":28,"author":{"gitId":"chuayongliang6"},"content":"     */","lastModifiedDate":"2026-02-04T13:09:19","isFullCredit":false},{"lineNumber":29,"author":{"gitId":"chuayongliang6"},"content":"    public void markAsDone() {","lastModifiedDate":"2026-02-04T13:09:19","isFullCredit":false},{"lineNumber":30,"author":{"gitId":"chuayongliang6"},"content":"        this.isDone \u003d true;","lastModifiedDate":"2026-01-25T09:21:39","isFullCredit":false},{"lineNumber":31,"author":{"gitId":"chuayongliang6"},"content":"    }","lastModifiedDate":"2026-01-25T09:21:39","isFullCredit":false},{"lineNumber":32,"author":{"gitId":"chuayongliang6"},"content":"","lastModifiedDate":"2026-01-25T09:21:39","isFullCredit":false},{"lineNumber":33,"author":{"gitId":"chuayongliang6"},"content":"    /**","lastModifiedDate":"2026-02-04T13:09:19","isFullCredit":false},{"lineNumber":34,"author":{"gitId":"chuayongliang6"},"content":"     * Returns a string representation of the task, including status icon and description.","lastModifiedDate":"2026-02-04T13:09:19","isFullCredit":false},{"lineNumber":35,"author":{"gitId":"chuayongliang6"},"content":"     * @return the formatted string of the task","lastModifiedDate":"2026-02-04T13:09:19","isFullCredit":false},{"lineNumber":36,"author":{"gitId":"chuayongliang6"},"content":"     */","lastModifiedDate":"2026-02-04T13:09:19","isFullCredit":false},{"lineNumber":37,"author":{"gitId":"chuayongliang6"},"content":"    public String toString() {","lastModifiedDate":"2026-01-25T09:21:39","isFullCredit":false},{"lineNumber":38,"author":{"gitId":"chuayongliang6"},"content":"        return \"[\" + getStatusIcon() + \"] \" + description;","lastModifiedDate":"2026-01-25T09:21:39","isFullCredit":false},{"lineNumber":39,"author":{"gitId":"chuayongliang6"},"content":"    }","lastModifiedDate":"2026-01-25T09:21:39","isFullCredit":false},{"lineNumber":40,"author":{"gitId":"chuayongliang6"},"content":"}","lastModifiedDate":"2026-01-25T09:21:39","isFullCredit":false}],"authorContributionMap":{"chuayongliang6":40}},{"path":"src/main/java/Todo.java","fileType":"java","lines":[{"lineNumber":1,"author":{"gitId":"chuayongliang6"},"content":"/**","lastModifiedDate":"2026-02-04T13:09:19","isFullCredit":false},{"lineNumber":2,"author":{"gitId":"chuayongliang6"},"content":" * Represents a todo task that extends Task, with just a description.","lastModifiedDate":"2026-02-04T13:09:19","isFullCredit":false},{"lineNumber":3,"author":{"gitId":"chuayongliang6"},"content":" */","lastModifiedDate":"2026-02-04T13:09:19","isFullCredit":false},{"lineNumber":4,"author":{"gitId":"chuayongliang6"},"content":"public class Todo extends Task {","lastModifiedDate":"2026-02-01T17:05:45","isFullCredit":false},{"lineNumber":5,"author":{"gitId":"chuayongliang6"},"content":"","lastModifiedDate":"2026-02-01T17:05:45","isFullCredit":false},{"lineNumber":6,"author":{"gitId":"chuayongliang6"},"content":"    /**","lastModifiedDate":"2026-02-04T13:09:19","isFullCredit":false},{"lineNumber":7,"author":{"gitId":"chuayongliang6"},"content":"     * Creates a new todo task with the given description.","lastModifiedDate":"2026-02-04T13:09:19","isFullCredit":false},{"lineNumber":8,"author":{"gitId":"chuayongliang6"},"content":"     */","lastModifiedDate":"2026-02-04T13:09:19","isFullCredit":false},{"lineNumber":9,"author":{"gitId":"chuayongliang6"},"content":"    public Todo(String description) {","lastModifiedDate":"2026-02-01T17:05:45","isFullCredit":false},{"lineNumber":10,"author":{"gitId":"chuayongliang6"},"content":"        super(description);","lastModifiedDate":"2026-02-01T17:05:45","isFullCredit":false},{"lineNumber":11,"author":{"gitId":"chuayongliang6"},"content":"    }","lastModifiedDate":"2026-02-01T17:05:45","isFullCredit":false},{"lineNumber":12,"author":{"gitId":"chuayongliang6"},"content":"","lastModifiedDate":"2026-02-01T17:05:45","isFullCredit":false},{"lineNumber":13,"author":{"gitId":"chuayongliang6"},"content":"    /**","lastModifiedDate":"2026-02-04T13:09:19","isFullCredit":false},{"lineNumber":14,"author":{"gitId":"chuayongliang6"},"content":"     * Returns a string representation of the todo task, including type indicator.","lastModifiedDate":"2026-02-04T13:09:19","isFullCredit":false},{"lineNumber":15,"author":{"gitId":"chuayongliang6"},"content":"     * @return the formatted string of the todo task","lastModifiedDate":"2026-02-04T13:09:19","isFullCredit":false},{"lineNumber":16,"author":{"gitId":"chuayongliang6"},"content":"     */","lastModifiedDate":"2026-02-04T13:09:19","isFullCredit":false},{"lineNumber":17,"author":{"gitId":"chuayongliang6"},"content":"    @Override","lastModifiedDate":"2026-02-01T17:05:45","isFullCredit":false},{"lineNumber":18,"author":{"gitId":"chuayongliang6"},"content":"    public String toString() {","lastModifiedDate":"2026-02-01T17:05:45","isFullCredit":false},{"lineNumber":19,"author":{"gitId":"chuayongliang6"},"content":"        return \"[T]\" + super.toString() ;","lastModifiedDate":"2026-02-01T17:05:45","isFullCredit":false},{"lineNumber":20,"author":{"gitId":"chuayongliang6"},"content":"    }","lastModifiedDate":"2026-02-01T17:05:45","isFullCredit":false},{"lineNumber":21,"author":{"gitId":"chuayongliang6"},"content":"}","lastModifiedDate":"2026-02-01T17:05:45","isFullCredit":false}],"authorContributionMap":{"chuayongliang6":21}}]
