[{"path":"docs/README.md","fileType":"md","lines":[{"lineNumber":1,"author":{"gitId":"RANGANATHAN21"},"content":"# Ranga User Guide","lastModifiedDate":"2026-01-29T21:26:33","isFullCredit":false},{"lineNumber":2,"author":{"gitId":"-"},"content":"","lastModifiedDate":"2019-07-29T17:14:46","isFullCredit":false},{"lineNumber":3,"author":{"gitId":"-"},"content":"// Update the title above to match the actual product name","lastModifiedDate":"2024-01-07T18:33:52","isFullCredit":false},{"lineNumber":4,"author":{"gitId":"-"},"content":"","lastModifiedDate":"2019-07-29T17:14:46","isFullCredit":false},{"lineNumber":5,"author":{"gitId":"-"},"content":"// Product screenshot goes here","lastModifiedDate":"2024-01-07T18:33:52","isFullCredit":false},{"lineNumber":6,"author":{"gitId":"-"},"content":"","lastModifiedDate":"2021-07-17T16:49:07","isFullCredit":false},{"lineNumber":7,"author":{"gitId":"-"},"content":"// Product intro goes here","lastModifiedDate":"2024-01-07T18:33:52","isFullCredit":false},{"lineNumber":8,"author":{"gitId":"-"},"content":"","lastModifiedDate":"2021-07-17T16:49:07","isFullCredit":false},{"lineNumber":9,"author":{"gitId":"-"},"content":"## Adding deadlines","lastModifiedDate":"2024-01-07T18:33:52","isFullCredit":false},{"lineNumber":10,"author":{"gitId":"-"},"content":"","lastModifiedDate":"2021-07-17T16:49:07","isFullCredit":false},{"lineNumber":11,"author":{"gitId":"-"},"content":"// Describe the action and its outcome.","lastModifiedDate":"2024-01-07T18:33:52","isFullCredit":false},{"lineNumber":12,"author":{"gitId":"-"},"content":"","lastModifiedDate":"2019-07-29T17:14:46","isFullCredit":false},{"lineNumber":13,"author":{"gitId":"-"},"content":"// Give examples of usage","lastModifiedDate":"2024-01-07T18:33:52","isFullCredit":false},{"lineNumber":14,"author":{"gitId":"-"},"content":"","lastModifiedDate":"2019-07-29T17:14:46","isFullCredit":false},{"lineNumber":15,"author":{"gitId":"-"},"content":"Example: `keyword (optional arguments)`","lastModifiedDate":"2024-01-07T18:33:52","isFullCredit":false},{"lineNumber":16,"author":{"gitId":"-"},"content":"","lastModifiedDate":"2019-07-29T17:14:46","isFullCredit":false},{"lineNumber":17,"author":{"gitId":"-"},"content":"// A description of the expected outcome goes here","lastModifiedDate":"2024-01-07T18:33:52","isFullCredit":false},{"lineNumber":18,"author":{"gitId":"-"},"content":"","lastModifiedDate":"2019-07-29T17:14:46","isFullCredit":false},{"lineNumber":19,"author":{"gitId":"-"},"content":"```","lastModifiedDate":"2024-01-07T18:33:52","isFullCredit":false},{"lineNumber":20,"author":{"gitId":"-"},"content":"expected output","lastModifiedDate":"2024-01-07T18:33:52","isFullCredit":false},{"lineNumber":21,"author":{"gitId":"-"},"content":"```","lastModifiedDate":"2024-01-07T18:33:52","isFullCredit":false},{"lineNumber":22,"author":{"gitId":"-"},"content":"","lastModifiedDate":"2019-07-29T17:14:46","isFullCredit":false},{"lineNumber":23,"author":{"gitId":"-"},"content":"## Feature ABC","lastModifiedDate":"2024-01-07T18:33:52","isFullCredit":false},{"lineNumber":24,"author":{"gitId":"-"},"content":"","lastModifiedDate":"2019-07-29T17:14:46","isFullCredit":false},{"lineNumber":25,"author":{"gitId":"-"},"content":"// Feature details","lastModifiedDate":"2024-01-07T18:33:52","isFullCredit":false},{"lineNumber":26,"author":{"gitId":"-"},"content":"","lastModifiedDate":"2019-07-29T17:14:46","isFullCredit":false},{"lineNumber":27,"author":{"gitId":"-"},"content":"","lastModifiedDate":"2021-07-17T16:49:07","isFullCredit":false},{"lineNumber":28,"author":{"gitId":"-"},"content":"## Feature XYZ","lastModifiedDate":"2024-01-07T18:33:52","isFullCredit":false},{"lineNumber":29,"author":{"gitId":"-"},"content":"","lastModifiedDate":"2024-01-07T18:33:52","isFullCredit":false},{"lineNumber":30,"author":{"gitId":"-"},"content":"// Feature details","lastModifiedDate":"2024-01-07T18:33:52","isFullCredit":false}],"authorContributionMap":{"RANGANATHAN21":1,"-":29}},{"path":"src/main/java/Ranga.java","fileType":"java","lines":[{"lineNumber":1,"author":{"gitId":"RANGANATHAN21"},"content":"import java.util.Scanner;","lastModifiedDate":"2026-01-29T21:26:33","isFullCredit":false},{"lineNumber":2,"author":{"gitId":"RANGANATHAN21"},"content":"","lastModifiedDate":"2026-01-29T21:26:33","isFullCredit":false},{"lineNumber":3,"author":{"gitId":"RANGANATHAN21"},"content":"public class Ranga {","lastModifiedDate":"2026-01-29T16:48:00","isFullCredit":false},{"lineNumber":4,"author":{"gitId":"RANGANATHAN21"},"content":"","lastModifiedDate":"2026-01-29T21:26:33","isFullCredit":false},{"lineNumber":5,"author":{"gitId":"RANGANATHAN21"},"content":"    private static final int MAX_TASKS \u003d 100;","lastModifiedDate":"2026-01-29T23:02:39","isFullCredit":false},{"lineNumber":6,"author":{"gitId":"RANGANATHAN21"},"content":"    private static final int MARK_COMMAND_OFFSET \u003d 5;","lastModifiedDate":"2026-01-29T23:02:39","isFullCredit":false},{"lineNumber":7,"author":{"gitId":"RANGANATHAN21"},"content":"    private static final int UNMARK_COMMAND_OFFSET \u003d 7;","lastModifiedDate":"2026-01-29T23:02:39","isFullCredit":false},{"lineNumber":8,"author":{"gitId":"RANGANATHAN21"},"content":"","lastModifiedDate":"2026-01-29T23:02:39","isFullCredit":false},{"lineNumber":9,"author":{"gitId":"RANGANATHAN21"},"content":"    public static void main(String[] args) {","lastModifiedDate":"2026-01-29T16:48:00","isFullCredit":false},{"lineNumber":10,"author":{"gitId":"RANGANATHAN21"},"content":"","lastModifiedDate":"2026-01-29T16:48:00","isFullCredit":false},{"lineNumber":11,"author":{"gitId":"RANGANATHAN21"},"content":"        String logo \u003d","lastModifiedDate":"2026-01-29T16:48:00","isFullCredit":false},{"lineNumber":12,"author":{"gitId":"RANGANATHAN21"},"content":"                \"\"\"","lastModifiedDate":"2026-01-29T21:26:33","isFullCredit":false},{"lineNumber":13,"author":{"gitId":"RANGANATHAN21"},"content":"                         ____","lastModifiedDate":"2026-01-29T21:26:33","isFullCredit":false},{"lineNumber":14,"author":{"gitId":"RANGANATHAN21"},"content":"                        |  _ \\\\  __ _ _ __   __ _  __ _","lastModifiedDate":"2026-01-29T21:26:33","isFullCredit":false},{"lineNumber":15,"author":{"gitId":"RANGANATHAN21"},"content":"                        | |_) / _` | \u0027_ \\\\ / _` |/ _` |","lastModifiedDate":"2026-01-29T21:26:33","isFullCredit":false},{"lineNumber":16,"author":{"gitId":"RANGANATHAN21"},"content":"                        |  _ \u003c (_| | | | | (_| | (_| |","lastModifiedDate":"2026-01-29T21:26:33","isFullCredit":false},{"lineNumber":17,"author":{"gitId":"RANGANATHAN21"},"content":"                        |_| \\\\_\\\\__,_|_| |_|\\\\__, |\\\\__,_|","lastModifiedDate":"2026-01-29T21:26:33","isFullCredit":false},{"lineNumber":18,"author":{"gitId":"RANGANATHAN21"},"content":"                                           |___/","lastModifiedDate":"2026-01-29T21:26:33","isFullCredit":false},{"lineNumber":19,"author":{"gitId":"RANGANATHAN21"},"content":"                        \"\"\";","lastModifiedDate":"2026-01-29T21:26:33","isFullCredit":false},{"lineNumber":20,"author":{"gitId":"RANGANATHAN21"},"content":"","lastModifiedDate":"2026-01-29T21:26:33","isFullCredit":false},{"lineNumber":21,"author":{"gitId":"RANGANATHAN21"},"content":"        Scanner scanner \u003d new Scanner(System.in);","lastModifiedDate":"2026-01-29T21:26:33","isFullCredit":false},{"lineNumber":22,"author":{"gitId":"RANGANATHAN21"},"content":"","lastModifiedDate":"2026-01-29T16:48:00","isFullCredit":false},{"lineNumber":23,"author":{"gitId":"RANGANATHAN21"},"content":"        Task[] tasks \u003d new Task[MAX_TASKS];","lastModifiedDate":"2026-01-29T23:02:39","isFullCredit":false},{"lineNumber":24,"author":{"gitId":"RANGANATHAN21"},"content":"        int taskCount \u003d 0;","lastModifiedDate":"2026-01-29T21:46:05","isFullCredit":false},{"lineNumber":25,"author":{"gitId":"RANGANATHAN21"},"content":"","lastModifiedDate":"2026-01-29T21:46:05","isFullCredit":false},{"lineNumber":26,"author":{"gitId":"RANGANATHAN21"},"content":"        System.out.println(\" Welcome to Vought™ Interactive Systems\");","lastModifiedDate":"2026-01-29T21:26:33","isFullCredit":false},{"lineNumber":27,"author":{"gitId":"RANGANATHAN21"},"content":"        System.out.println(\" I\u0027m Ranga, your favourite VoughtBot! Definitely not a supe. Trust me.\");","lastModifiedDate":"2026-01-29T21:26:33","isFullCredit":false},{"lineNumber":28,"author":{"gitId":"RANGANATHAN21"},"content":"        System.out.println(logo);","lastModifiedDate":"2026-01-29T16:48:00","isFullCredit":false},{"lineNumber":29,"author":{"gitId":"RANGANATHAN21"},"content":"        System.out.println(\" We record everything you say for quality assurance purposes. Type \u0027list\u0027 to see the stored Herogasm Files, or \u0027bye\u0027 to GTFO.\");","lastModifiedDate":"2026-01-29T22:20:04","isFullCredit":false},{"lineNumber":30,"author":{"gitId":"RANGANATHAN21"},"content":"","lastModifiedDate":"2026-01-29T21:26:33","isFullCredit":false},{"lineNumber":31,"author":{"gitId":"RANGANATHAN21"},"content":"        label:","lastModifiedDate":"2026-01-29T21:46:05","isFullCredit":false},{"lineNumber":32,"author":{"gitId":"RANGANATHAN21"},"content":"        while (true) {","lastModifiedDate":"2026-01-29T21:26:33","isFullCredit":false},{"lineNumber":33,"author":{"gitId":"RANGANATHAN21"},"content":"            System.out.print(\"\u003e \");","lastModifiedDate":"2026-01-29T21:26:33","isFullCredit":false},{"lineNumber":34,"author":{"gitId":"RANGANATHAN21"},"content":"            String command \u003d scanner.nextLine().trim();","lastModifiedDate":"2026-01-29T21:26:33","isFullCredit":false},{"lineNumber":35,"author":{"gitId":"RANGANATHAN21"},"content":"","lastModifiedDate":"2026-01-29T21:26:33","isFullCredit":false},{"lineNumber":36,"author":{"gitId":"RANGANATHAN21"},"content":"            switch (command) {","lastModifiedDate":"2026-01-29T21:46:05","isFullCredit":false},{"lineNumber":37,"author":{"gitId":"RANGANATHAN21"},"content":"            case \"bye\":","lastModifiedDate":"2026-01-29T21:46:05","isFullCredit":false},{"lineNumber":38,"author":{"gitId":"RANGANATHAN21"},"content":"                System.out.println(","lastModifiedDate":"2026-01-29T23:02:39","isFullCredit":false},{"lineNumber":39,"author":{"gitId":"RANGANATHAN21"},"content":"                        \" Thank you for your commitment to keeping supes safe. Try not to cause an international incident!\");","lastModifiedDate":"2026-01-29T23:02:39","isFullCredit":false},{"lineNumber":40,"author":{"gitId":"RANGANATHAN21"},"content":"                break label;","lastModifiedDate":"2026-01-29T21:46:05","isFullCredit":false},{"lineNumber":41,"author":{"gitId":"RANGANATHAN21"},"content":"","lastModifiedDate":"2026-01-29T22:20:04","isFullCredit":false},{"lineNumber":42,"author":{"gitId":"RANGANATHAN21"},"content":"            case \"\":","lastModifiedDate":"2026-01-29T21:46:05","isFullCredit":false},{"lineNumber":43,"author":{"gitId":"RANGANATHAN21"},"content":"                System.out.println(\" Say something or I\u0027ll ping Homelander.\");","lastModifiedDate":"2026-01-29T21:46:05","isFullCredit":false},{"lineNumber":44,"author":{"gitId":"RANGANATHAN21"},"content":"                break;","lastModifiedDate":"2026-01-29T21:26:33","isFullCredit":false},{"lineNumber":45,"author":{"gitId":"RANGANATHAN21"},"content":"","lastModifiedDate":"2026-01-29T22:20:04","isFullCredit":false},{"lineNumber":46,"author":{"gitId":"RANGANATHAN21"},"content":"            case \"list\":","lastModifiedDate":"2026-01-29T21:46:05","isFullCredit":false},{"lineNumber":47,"author":{"gitId":"RANGANATHAN21"},"content":"                if (taskCount \u003d\u003d 0) {","lastModifiedDate":"2026-01-29T21:46:05","isFullCredit":false},{"lineNumber":48,"author":{"gitId":"RANGANATHAN21"},"content":"                    System.out.println(\" Nothing stored. Even The Deep has more going on.\");","lastModifiedDate":"2026-01-29T21:46:05","isFullCredit":false},{"lineNumber":49,"author":{"gitId":"RANGANATHAN21"},"content":"                } else {","lastModifiedDate":"2026-01-29T21:46:05","isFullCredit":false},{"lineNumber":50,"author":{"gitId":"RANGANATHAN21"},"content":"                    for (int i \u003d 0; i \u003c taskCount; i++) {","lastModifiedDate":"2026-01-29T21:46:05","isFullCredit":false},{"lineNumber":51,"author":{"gitId":"RANGANATHAN21"},"content":"                        Task t \u003d tasks[i];","lastModifiedDate":"2026-01-29T22:20:04","isFullCredit":false},{"lineNumber":52,"author":{"gitId":"RANGANATHAN21"},"content":"                        System.out.println(","lastModifiedDate":"2026-01-29T23:02:39","isFullCredit":false},{"lineNumber":53,"author":{"gitId":"RANGANATHAN21"},"content":"                                \" \" + (i + 1) + \".[\" + t.getStatusIcon() + \"] \"","lastModifiedDate":"2026-01-29T23:02:39","isFullCredit":false},{"lineNumber":54,"author":{"gitId":"RANGANATHAN21"},"content":"                                + t.getDescription()","lastModifiedDate":"2026-01-29T23:02:39","isFullCredit":false},{"lineNumber":55,"author":{"gitId":"RANGANATHAN21"},"content":"                        );","lastModifiedDate":"2026-01-29T23:02:39","isFullCredit":false},{"lineNumber":56,"author":{"gitId":"RANGANATHAN21"},"content":"                    }","lastModifiedDate":"2026-01-29T21:26:33","isFullCredit":false},{"lineNumber":57,"author":{"gitId":"RANGANATHAN21"},"content":"                }","lastModifiedDate":"2026-01-29T21:26:33","isFullCredit":false},{"lineNumber":58,"author":{"gitId":"RANGANATHAN21"},"content":"                break;","lastModifiedDate":"2026-01-29T21:46:05","isFullCredit":false},{"lineNumber":59,"author":{"gitId":"RANGANATHAN21"},"content":"","lastModifiedDate":"2026-01-29T22:20:04","isFullCredit":false},{"lineNumber":60,"author":{"gitId":"RANGANATHAN21"},"content":"            default:","lastModifiedDate":"2026-01-29T21:46:05","isFullCredit":false},{"lineNumber":61,"author":{"gitId":"RANGANATHAN21"},"content":"                if (command.startsWith(\"mark \")) {","lastModifiedDate":"2026-01-29T22:20:04","isFullCredit":false},{"lineNumber":62,"author":{"gitId":"RANGANATHAN21"},"content":"                    int index \u003d parseIndex(command, MARK_COMMAND_OFFSET, taskCount);","lastModifiedDate":"2026-01-29T23:02:39","isFullCredit":false},{"lineNumber":63,"author":{"gitId":"RANGANATHAN21"},"content":"                    if (index !\u003d -1) {","lastModifiedDate":"2026-01-29T22:20:04","isFullCredit":false},{"lineNumber":64,"author":{"gitId":"RANGANATHAN21"},"content":"                        tasks[index].markAsDone();","lastModifiedDate":"2026-01-29T22:20:04","isFullCredit":false},{"lineNumber":65,"author":{"gitId":"RANGANATHAN21"},"content":"                        System.out.println(\" Nice! Homelander would be proud.\");","lastModifiedDate":"2026-01-29T22:20:04","isFullCredit":false},{"lineNumber":66,"author":{"gitId":"RANGANATHAN21"},"content":"                        System.out.println(\"   [X] \" + tasks[index].getDescription());","lastModifiedDate":"2026-01-29T22:20:04","isFullCredit":false},{"lineNumber":67,"author":{"gitId":"RANGANATHAN21"},"content":"                    }","lastModifiedDate":"2026-01-29T22:20:04","isFullCredit":false},{"lineNumber":68,"author":{"gitId":"RANGANATHAN21"},"content":"                } else if (command.startsWith(\"unmark \")) {","lastModifiedDate":"2026-01-29T22:20:04","isFullCredit":false},{"lineNumber":69,"author":{"gitId":"RANGANATHAN21"},"content":"                    int index \u003d parseIndex(command, UNMARK_COMMAND_OFFSET, taskCount);","lastModifiedDate":"2026-01-29T23:02:39","isFullCredit":false},{"lineNumber":70,"author":{"gitId":"RANGANATHAN21"},"content":"                    if (index !\u003d -1) {","lastModifiedDate":"2026-01-29T22:20:04","isFullCredit":false},{"lineNumber":71,"author":{"gitId":"RANGANATHAN21"},"content":"                        tasks[index].markAsNotDone();","lastModifiedDate":"2026-01-29T22:20:04","isFullCredit":false},{"lineNumber":72,"author":{"gitId":"RANGANATHAN21"},"content":"                        System.out.println(\" One more mistake and you\u0027ll be sent to Ashley for performance review.\");","lastModifiedDate":"2026-01-29T22:20:04","isFullCredit":false},{"lineNumber":73,"author":{"gitId":"RANGANATHAN21"},"content":"                        System.out.println(\"   [ ] \" + tasks[index].getDescription());","lastModifiedDate":"2026-01-29T22:20:04","isFullCredit":false},{"lineNumber":74,"author":{"gitId":"RANGANATHAN21"},"content":"                    }","lastModifiedDate":"2026-01-29T22:20:04","isFullCredit":false},{"lineNumber":75,"author":{"gitId":"RANGANATHAN21"},"content":"                } else {","lastModifiedDate":"2026-01-29T22:20:04","isFullCredit":false},{"lineNumber":76,"author":{"gitId":"RANGANATHAN21"},"content":"                    if (taskCount \u003c MAX_TASKS) {","lastModifiedDate":"2026-01-29T23:02:39","isFullCredit":false},{"lineNumber":77,"author":{"gitId":"RANGANATHAN21"},"content":"                        tasks[taskCount] \u003d new Task(command);","lastModifiedDate":"2026-01-29T22:20:04","isFullCredit":false},{"lineNumber":78,"author":{"gitId":"RANGANATHAN21"},"content":"                        taskCount++;","lastModifiedDate":"2026-01-29T21:46:05","isFullCredit":false},{"lineNumber":79,"author":{"gitId":"RANGANATHAN21"},"content":"                        System.out.println(\" added: \" + command);","lastModifiedDate":"2026-01-29T21:46:05","isFullCredit":false},{"lineNumber":80,"author":{"gitId":"RANGANATHAN21"},"content":"                    } else {","lastModifiedDate":"2026-01-29T21:46:05","isFullCredit":false},{"lineNumber":81,"author":{"gitId":"RANGANATHAN21"},"content":"                        System.out.println(\" Memory full. This is why we can\u0027t have nice things.\");","lastModifiedDate":"2026-01-29T21:46:05","isFullCredit":false},{"lineNumber":82,"author":{"gitId":"RANGANATHAN21"},"content":"                    }","lastModifiedDate":"2026-01-29T21:46:05","isFullCredit":false},{"lineNumber":83,"author":{"gitId":"RANGANATHAN21"},"content":"                }","lastModifiedDate":"2026-01-29T22:20:04","isFullCredit":false},{"lineNumber":84,"author":{"gitId":"RANGANATHAN21"},"content":"                break;","lastModifiedDate":"2026-01-29T21:46:05","isFullCredit":false},{"lineNumber":85,"author":{"gitId":"RANGANATHAN21"},"content":"            }","lastModifiedDate":"2026-01-29T21:26:33","isFullCredit":false},{"lineNumber":86,"author":{"gitId":"RANGANATHAN21"},"content":"        }","lastModifiedDate":"2026-01-29T21:26:33","isFullCredit":false},{"lineNumber":87,"author":{"gitId":"RANGANATHAN21"},"content":"","lastModifiedDate":"2026-01-29T21:26:33","isFullCredit":false},{"lineNumber":88,"author":{"gitId":"RANGANATHAN21"},"content":"        System.out.println(\"____________________________________________________________\");","lastModifiedDate":"2026-01-29T16:48:00","isFullCredit":false},{"lineNumber":89,"author":{"gitId":"RANGANATHAN21"},"content":"        scanner.close();","lastModifiedDate":"2026-01-29T21:26:33","isFullCredit":false},{"lineNumber":90,"author":{"gitId":"RANGANATHAN21"},"content":"    }","lastModifiedDate":"2026-01-29T16:48:00","isFullCredit":false},{"lineNumber":91,"author":{"gitId":"RANGANATHAN21"},"content":"","lastModifiedDate":"2026-01-29T22:20:04","isFullCredit":false},{"lineNumber":92,"author":{"gitId":"RANGANATHAN21"},"content":"    private static int parseIndex(String command, int start, int taskCount) {","lastModifiedDate":"2026-01-29T22:20:04","isFullCredit":false},{"lineNumber":93,"author":{"gitId":"RANGANATHAN21"},"content":"        try {","lastModifiedDate":"2026-01-29T22:20:04","isFullCredit":false},{"lineNumber":94,"author":{"gitId":"RANGANATHAN21"},"content":"            int index \u003d Integer.parseInt(command.substring(start).trim()) - 1;","lastModifiedDate":"2026-01-29T22:20:04","isFullCredit":false},{"lineNumber":95,"author":{"gitId":"RANGANATHAN21"},"content":"","lastModifiedDate":"2026-01-29T23:02:39","isFullCredit":false},{"lineNumber":96,"author":{"gitId":"RANGANATHAN21"},"content":"            if (index \u003c 0 || index \u003e\u003d taskCount) {","lastModifiedDate":"2026-01-29T22:20:04","isFullCredit":false},{"lineNumber":97,"author":{"gitId":"RANGANATHAN21"},"content":"                System.out.println(\" Tek Knight couldn’t find that task. Keep trolling and we’ll wire $1M from your account to BLM.\");","lastModifiedDate":"2026-01-29T22:20:04","isFullCredit":false},{"lineNumber":98,"author":{"gitId":"RANGANATHAN21"},"content":"                return -1;","lastModifiedDate":"2026-01-29T22:20:04","isFullCredit":false},{"lineNumber":99,"author":{"gitId":"RANGANATHAN21"},"content":"            }","lastModifiedDate":"2026-01-29T22:20:04","isFullCredit":false},{"lineNumber":100,"author":{"gitId":"RANGANATHAN21"},"content":"","lastModifiedDate":"2026-01-29T23:02:39","isFullCredit":false},{"lineNumber":101,"author":{"gitId":"RANGANATHAN21"},"content":"            return index;","lastModifiedDate":"2026-01-29T22:20:04","isFullCredit":false},{"lineNumber":102,"author":{"gitId":"RANGANATHAN21"},"content":"        } catch (NumberFormatException e) {","lastModifiedDate":"2026-01-29T22:20:04","isFullCredit":false},{"lineNumber":103,"author":{"gitId":"RANGANATHAN21"},"content":"            System.out.println(\" Black Noir doesn’t have time to teach numbers. Last chance.\");","lastModifiedDate":"2026-01-29T22:20:04","isFullCredit":false},{"lineNumber":104,"author":{"gitId":"RANGANATHAN21"},"content":"            return -1;","lastModifiedDate":"2026-01-29T22:20:04","isFullCredit":false},{"lineNumber":105,"author":{"gitId":"RANGANATHAN21"},"content":"        }","lastModifiedDate":"2026-01-29T22:20:04","isFullCredit":false},{"lineNumber":106,"author":{"gitId":"RANGANATHAN21"},"content":"    }","lastModifiedDate":"2026-01-29T22:20:04","isFullCredit":false},{"lineNumber":107,"author":{"gitId":"RANGANATHAN21"},"content":"}","lastModifiedDate":"2026-01-29T16:48:00","isFullCredit":false}],"authorContributionMap":{"RANGANATHAN21":107}},{"path":"src/main/java/Task.java","fileType":"java","lines":[{"lineNumber":1,"author":{"gitId":"RANGANATHAN21"},"content":"public class Task {","lastModifiedDate":"2026-01-29T22:20:04","isFullCredit":false},{"lineNumber":2,"author":{"gitId":"RANGANATHAN21"},"content":"","lastModifiedDate":"2026-01-29T23:02:39","isFullCredit":false},{"lineNumber":3,"author":{"gitId":"RANGANATHAN21"},"content":"    private String description;","lastModifiedDate":"2026-01-29T23:02:39","isFullCredit":false},{"lineNumber":4,"author":{"gitId":"RANGANATHAN21"},"content":"    private boolean isDone;","lastModifiedDate":"2026-01-29T23:02:39","isFullCredit":false},{"lineNumber":5,"author":{"gitId":"RANGANATHAN21"},"content":"","lastModifiedDate":"2026-01-29T22:20:04","isFullCredit":false},{"lineNumber":6,"author":{"gitId":"RANGANATHAN21"},"content":"    public Task(String description) {","lastModifiedDate":"2026-01-29T22:20:04","isFullCredit":false},{"lineNumber":7,"author":{"gitId":"RANGANATHAN21"},"content":"        this.description \u003d description;","lastModifiedDate":"2026-01-29T22:20:04","isFullCredit":false},{"lineNumber":8,"author":{"gitId":"RANGANATHAN21"},"content":"        this.isDone \u003d false;","lastModifiedDate":"2026-01-29T22:20:04","isFullCredit":false},{"lineNumber":9,"author":{"gitId":"RANGANATHAN21"},"content":"    }","lastModifiedDate":"2026-01-29T22:20:04","isFullCredit":false},{"lineNumber":10,"author":{"gitId":"RANGANATHAN21"},"content":"","lastModifiedDate":"2026-01-29T22:20:04","isFullCredit":false},{"lineNumber":11,"author":{"gitId":"RANGANATHAN21"},"content":"    public void markAsDone() {","lastModifiedDate":"2026-01-29T22:20:04","isFullCredit":false},{"lineNumber":12,"author":{"gitId":"RANGANATHAN21"},"content":"        isDone \u003d true;","lastModifiedDate":"2026-01-29T22:20:04","isFullCredit":false},{"lineNumber":13,"author":{"gitId":"RANGANATHAN21"},"content":"    }","lastModifiedDate":"2026-01-29T22:20:04","isFullCredit":false},{"lineNumber":14,"author":{"gitId":"RANGANATHAN21"},"content":"","lastModifiedDate":"2026-01-29T22:20:04","isFullCredit":false},{"lineNumber":15,"author":{"gitId":"RANGANATHAN21"},"content":"    public void markAsNotDone() {","lastModifiedDate":"2026-01-29T22:20:04","isFullCredit":false},{"lineNumber":16,"author":{"gitId":"RANGANATHAN21"},"content":"        isDone \u003d false;","lastModifiedDate":"2026-01-29T22:20:04","isFullCredit":false},{"lineNumber":17,"author":{"gitId":"RANGANATHAN21"},"content":"    }","lastModifiedDate":"2026-01-29T22:20:04","isFullCredit":false},{"lineNumber":18,"author":{"gitId":"RANGANATHAN21"},"content":"","lastModifiedDate":"2026-01-29T22:20:04","isFullCredit":false},{"lineNumber":19,"author":{"gitId":"RANGANATHAN21"},"content":"    public String getStatusIcon() {","lastModifiedDate":"2026-01-29T22:20:04","isFullCredit":false},{"lineNumber":20,"author":{"gitId":"RANGANATHAN21"},"content":"        return isDone ? \"X\" : \" \";","lastModifiedDate":"2026-01-29T22:20:04","isFullCredit":false},{"lineNumber":21,"author":{"gitId":"RANGANATHAN21"},"content":"    }","lastModifiedDate":"2026-01-29T22:20:04","isFullCredit":false},{"lineNumber":22,"author":{"gitId":"RANGANATHAN21"},"content":"","lastModifiedDate":"2026-01-29T22:20:04","isFullCredit":false},{"lineNumber":23,"author":{"gitId":"RANGANATHAN21"},"content":"    public String getDescription() {","lastModifiedDate":"2026-01-29T22:20:04","isFullCredit":false},{"lineNumber":24,"author":{"gitId":"RANGANATHAN21"},"content":"        return description;","lastModifiedDate":"2026-01-29T22:20:04","isFullCredit":false},{"lineNumber":25,"author":{"gitId":"RANGANATHAN21"},"content":"    }","lastModifiedDate":"2026-01-29T22:20:04","isFullCredit":false},{"lineNumber":26,"author":{"gitId":"RANGANATHAN21"},"content":"}","lastModifiedDate":"2026-01-29T22:20:04","isFullCredit":false}],"authorContributionMap":{"RANGANATHAN21":26}},{"path":"text-ui-test/runtest.bat","fileType":"bat","lines":[{"lineNumber":1,"author":{"gitId":"-"},"content":"@ECHO OFF","lastModifiedDate":"2020-05-25T00:03:55","isFullCredit":false},{"lineNumber":2,"author":{"gitId":"-"},"content":"","lastModifiedDate":"2020-05-25T00:03:55","isFullCredit":false},{"lineNumber":3,"author":{"gitId":"-"},"content":"REM create bin directory if it doesn\u0027t exist","lastModifiedDate":"2020-05-25T00:03:55","isFullCredit":false},{"lineNumber":4,"author":{"gitId":"-"},"content":"if not exist ..\\bin mkdir ..\\bin","lastModifiedDate":"2020-05-25T00:03:55","isFullCredit":false},{"lineNumber":5,"author":{"gitId":"-"},"content":"","lastModifiedDate":"2020-05-25T00:03:55","isFullCredit":false},{"lineNumber":6,"author":{"gitId":"-"},"content":"REM delete output from previous run","lastModifiedDate":"2020-05-25T00:03:55","isFullCredit":false},{"lineNumber":7,"author":{"gitId":"-"},"content":"if exist ACTUAL.TXT del ACTUAL.TXT","lastModifiedDate":"2020-08-25T17:23:26","isFullCredit":false},{"lineNumber":8,"author":{"gitId":"-"},"content":"","lastModifiedDate":"2020-05-25T00:03:55","isFullCredit":false},{"lineNumber":9,"author":{"gitId":"-"},"content":"REM compile the code into the bin folder","lastModifiedDate":"2020-05-25T00:03:55","isFullCredit":false},{"lineNumber":10,"author":{"gitId":"-"},"content":"javac  -cp ..\\src\\main\\java -Xlint:none -d ..\\bin ..\\src\\main\\java\\*.java","lastModifiedDate":"2020-08-25T17:23:26","isFullCredit":false},{"lineNumber":11,"author":{"gitId":"-"},"content":"IF ERRORLEVEL 1 (","lastModifiedDate":"2020-05-25T00:03:55","isFullCredit":false},{"lineNumber":12,"author":{"gitId":"-"},"content":"    echo ********** BUILD FAILURE **********","lastModifiedDate":"2020-05-25T00:03:55","isFullCredit":false},{"lineNumber":13,"author":{"gitId":"-"},"content":"    exit /b 1","lastModifiedDate":"2020-05-25T00:03:55","isFullCredit":false},{"lineNumber":14,"author":{"gitId":"-"},"content":")","lastModifiedDate":"2020-05-25T00:03:55","isFullCredit":false},{"lineNumber":15,"author":{"gitId":"-"},"content":"REM no error here, errorlevel \u003d\u003d 0","lastModifiedDate":"2020-05-25T00:03:55","isFullCredit":false},{"lineNumber":16,"author":{"gitId":"-"},"content":"","lastModifiedDate":"2020-05-25T00:03:55","isFullCredit":false},{"lineNumber":17,"author":{"gitId":"-"},"content":"REM run the program, feed commands from input.txt file and redirect the output to the ACTUAL.TXT","lastModifiedDate":"2020-05-25T00:03:55","isFullCredit":false},{"lineNumber":18,"author":{"gitId":"RANGANATHAN21"},"content":"java -classpath ..\\bin Ranga \u003c input.txt \u003e ACTUAL.TXT","lastModifiedDate":"2026-01-29T16:48:00","isFullCredit":false},{"lineNumber":19,"author":{"gitId":"-"},"content":"","lastModifiedDate":"2020-05-25T00:03:55","isFullCredit":false},{"lineNumber":20,"author":{"gitId":"-"},"content":"REM compare the output to the expected output","lastModifiedDate":"2020-05-25T00:03:55","isFullCredit":false},{"lineNumber":21,"author":{"gitId":"-"},"content":"FC ACTUAL.TXT EXPECTED.TXT","lastModifiedDate":"2020-05-25T00:03:55","isFullCredit":false}],"authorContributionMap":{"RANGANATHAN21":1,"-":20}}]
