{"authorDailyContributionsMap":{"VinayVR26":[{"date":"2026-01-21T00:00:00","commitResults":[{"hash":"b45960365f6ace29fbc5390fc3ad79d2ae9d4535","isMergeCommit":false,"messageTitle":"Completed Level 0","messageBody":"","tags":["Level-0"],"fileTypesAndContributionMap":{"java":{"insertions":21,"deletions":10}}}]},{"date":"2026-01-30T00:00:00","commitResults":[{"hash":"09b96ccbfe46bba6b0953e350cfd1022f352d817","isMergeCommit":false,"messageTitle":"Completed Level-1","messageBody":"","tags":["Level-1"],"fileTypesAndContributionMap":{"java":{"insertions":30,"deletions":7}}},{"hash":"e81a2b8818fb846d3644050baf652cb628dd4d40","isMergeCommit":false,"messageTitle":"Completed Level 2","messageBody":"","tags":["Level-2"],"fileTypesAndContributionMap":{"java":{"insertions":26,"deletions":8}}},{"hash":"7f318050c2380c24b9304e8b708b87c256647be7","isMergeCommit":false,"messageTitle":"Created a new class - Task","messageBody":"","fileTypesAndContributionMap":{"java":{"insertions":19,"deletions":0}}},{"hash":"3e3bdc4f7efcef15b66f5f7f3e279850c6278ac2","isMergeCommit":false,"messageTitle":"Completed Level 3","messageBody":"","tags":["Level-3"],"fileTypesAndContributionMap":{"java":{"insertions":43,"deletions":4}}}]}]},"authorFileTypeContributionMap":{"VinayVR26":{"java":120,"md":0,"fxml":0,"sh":0,"bat":0,"gradle":0,"txt":0}},"authorContributionVariance":{"VinayVR26":838.5041},"authorDisplayNameMap":{"VinayVR26":"CS2113-W11-4 VINA..RAVI"}}
