{"authorDailyContributionsMap":{"VinayVR26":[{"date":"2026-01-21T00:00:00","commitResults":[{"hash":"b45960365f6ace29fbc5390fc3ad79d2ae9d4535","isMergeCommit":false,"messageTitle":"Completed Level 0","messageBody":"","tags":["Level-0"],"fileTypesAndContributionMap":{"java":{"insertions":21,"deletions":10}}}]},{"date":"2026-01-30T00:00:00","commitResults":[{"hash":"09b96ccbfe46bba6b0953e350cfd1022f352d817","isMergeCommit":false,"messageTitle":"Completed Level-1","messageBody":"","tags":["Level-1"],"fileTypesAndContributionMap":{"java":{"insertions":30,"deletions":7}}},{"hash":"e81a2b8818fb846d3644050baf652cb628dd4d40","isMergeCommit":false,"messageTitle":"Completed Level 2","messageBody":"","tags":["Level-2"],"fileTypesAndContributionMap":{"java":{"insertions":26,"deletions":8}}},{"hash":"7f318050c2380c24b9304e8b708b87c256647be7","isMergeCommit":false,"messageTitle":"Created a new class - Task","messageBody":"","fileTypesAndContributionMap":{"java":{"insertions":19,"deletions":0}}},{"hash":"3e3bdc4f7efcef15b66f5f7f3e279850c6278ac2","isMergeCommit":false,"messageTitle":"Completed Level 3","messageBody":"","tags":["Level-3"],"fileTypesAndContributionMap":{"java":{"insertions":43,"deletions":4}}}]},{"date":"2026-02-01T00:00:00","commitResults":[{"hash":"6294f015aa5eeb1cb62aed132425e37ea5925119","isMergeCommit":false,"messageTitle":"Ensured each method has the same level of abstraction","messageBody":"","fileTypesAndContributionMap":{"java":{"insertions":16,"deletions":8}}},{"hash":"fb7f6c69eb9343a0765858bf0507128ae12af19c","isMergeCommit":false,"messageTitle":"Added Javadoc for every method for clarity","messageBody":"","fileTypesAndContributionMap":{"java":{"insertions":89,"deletions":30}}},{"hash":"e77c61a4f063c5df12b6b5e8672ec27e5d991388","isMergeCommit":false,"messageTitle":"Improved logic of the hoirzontal line printing","messageBody":"","fileTypesAndContributionMap":{"java":{"insertions":24,"deletions":23}}},{"hash":"2776750706251ca6a2d131b5cc223033d57a6ee4","isMergeCommit":false,"messageTitle":"Improved naming of variables","messageBody":"","fileTypesAndContributionMap":{"java":{"insertions":30,"deletions":31}}},{"hash":"8f3f9c1ad71022280b963b3d5306f3dcb50fe0c8","isMergeCommit":false,"messageTitle":"Verified that code follows Java coding standard","messageBody":"","tags":["A-CodingStandard"],"fileTypesAndContributionMap":{"java":{"insertions":0,"deletions":6}}}]},{"date":"2026-02-02T00:00:00","commitResults":[{"hash":"5b8810f2e258d00cb7b85c2ae6638dc94e703f4b","isMergeCommit":false,"messageTitle":"Created a new class - Deadline and created toString() methods for Task and Deadline classes","messageBody":"","fileTypesAndContributionMap":{"java":{"insertions":26,"deletions":8}}},{"hash":"1890974eebac0aec6afc7e9312d7412d46949b6c","isMergeCommit":false,"messageTitle":"Created Todo and Event classes, and completed the code for them","messageBody":"","fileTypesAndContributionMap":{"java":{"insertions":30,"deletions":5}}},{"hash":"75e1e0d70247de942965a2cd56399e97bbb30ff6","isMergeCommit":false,"messageTitle":"Abstracted code logic in determining type of task to determineTaskTypeAndDisplay() method","messageBody":"","fileTypesAndContributionMap":{"java":{"insertions":60,"deletions":9}}},{"hash":"007234dff836c3b75c064d45fa904c094a95e1e6","isMergeCommit":false,"messageTitle":"Abstracted logic in parsing the 3 components in an Event task to the getEventInstance() method","messageBody":"","fileTypesAndContributionMap":{"java":{"insertions":27,"deletions":13}}},{"hash":"cb2fd0f29061592e7e2fb29f8e67aaf60456b4d5","isMergeCommit":false,"messageTitle":"Abstracted logic in parsing the 2 components in a Deadline task to getDeadlineInstance() method","messageBody":"","fileTypesAndContributionMap":{"java":{"insertions":14,"deletions":12}}},{"hash":"403890d070cae71298dab0e947d76c2bffde25e8","isMergeCommit":false,"messageTitle":"Abstracted logic in parsing the 1 component in a Todo task to getTodoInstance() method","messageBody":"","fileTypesAndContributionMap":{"java":{"insertions":4,"deletions":0}}},{"hash":"3f44a116d43f4f63f7ef783eb97429fda703f441","isMergeCommit":false,"messageTitle":"Completed Level 4","messageBody":"","tags":["Level-4"],"fileTypesAndContributionMap":{"java":{"insertions":40,"deletions":19}}},{"hash":"dcf50c3fceca52eda9b7d6b1d70958064508beee","isMergeCommit":false,"messageTitle":"Ensured runtest.bat can run, added a test case in EXPECTED.TXT","messageBody":"","fileTypesAndContributionMap":{"txt":{"insertions":1,"deletions":0},"bat":{"insertions":1,"deletions":1}}},{"hash":"d22c8821522b3a6f2289673d43dcce5346095198","isMergeCommit":false,"messageTitle":"Made variable names meaningful and replaced magic numbers with declared constants to improve code quality","messageBody":"","tags":["A-CodeQuality"],"fileTypesAndContributionMap":{"java":{"insertions":34,"deletions":100}}}]}]},"authorFileTypeContributionMap":{"VinayVR26":{"java":250,"md":0,"fxml":0,"sh":0,"bat":1,"gradle":0,"txt":1}},"authorContributionVariance":{"VinayVR26":8860.215},"authorDisplayNameMap":{"VinayVR26":"CS2113-W11-4 VINA..RAVI"}}
