{"authorDailyContributionsMap":{"wongeeshawn":[{"date":"2026-01-22T00:00:00","commitResults":[{"hash":"44afd69d92095640b6bbbd52f76637076173cae7","isMergeCommit":false,"messageTitle":"task 0","messageBody":"","fileTypesAndContributionMap":{"java":{"insertions":7,"deletions":10}}}]},{"date":"2026-01-29T00:00:00","commitResults":[{"hash":"b6a5c40bdc576a477ea01a1425f764a968d9ff40","isMergeCommit":false,"messageTitle":"lvl 1 echo","messageBody":"","fileTypesAndContributionMap":{"java":{"insertions":24,"deletions":4}}},{"hash":"da486edcff24bae2a3b2088c538080bb271e6347","isMergeCommit":false,"messageTitle":"Level 2 add,list","messageBody":"","fileTypesAndContributionMap":{"java":{"insertions":14,"deletions":2}}},{"hash":"2242f15f3c729142679924c6f3e68372d5f56590","isMergeCommit":false,"messageTitle":"level 3 mark as done","messageBody":"","tags":["Level-3","Level-2","Level-1","Level-0"],"fileTypesAndContributionMap":{"java":{"insertions":114,"deletions":18}}}]}]},"authorFileTypeContributionMap":{"wongeeshawn":{"java":135,"md":0,"fxml":0,"sh":0,"bat":0,"gradle":0,"txt":0}},"authorContributionVariance":{"wongeeshawn":1404.3447},"authorDisplayNameMap":{"wongeeshawn":"CS2113-F09-1 WONG..HAWN"}}
