{"authorDailyContributionsMap":{"puma-31":[{"date":"2026-01-23T00:00:00","commitResults":[{"hash":"d43b74b16b45ef59dbf2808b521533a9d6eb3e19","isMergeCommit":false,"messageTitle":"Level-0: Rename chatbot and add greeting","messageBody":"","tags":["Level-0"],"fileTypesAndContributionMap":{"java":{"insertions":18,"deletions":10},"bat":{"insertions":1,"deletions":1},"md":{"insertions":3,"deletions":3}}}]},{"date":"2026-01-27T00:00:00","commitResults":[{"hash":"ac4b2d9c6bf74fca44333fc765b2bdcc25ce2ab4","isMergeCommit":false,"messageTitle":"Add echo functionality and bye command handling","messageBody":"","tags":["Level-1"],"fileTypesAndContributionMap":{"java":{"insertions":23,"deletions":3}}}]},{"date":"2026-01-29T00:00:00","commitResults":[{"hash":"8d4da1c9828bff04765f73b20a8fbc7d5b929c75","isMergeCommit":false,"messageTitle":"Implement add and list commands","messageBody":"","tags":["Level-2"],"fileTypesAndContributionMap":{"java":{"insertions":31,"deletions":9}}},{"hash":"72a280deb1883792b70bba2b0f25fd3fcad40a65","isMergeCommit":false,"messageTitle":"Refactor code by extracting helper methods","messageBody":"","fileTypesAndContributionMap":{"java":{"insertions":47,"deletions":33}}}]},{"date":"2026-01-30T00:00:00","commitResults":[{"hash":"84a59039cea371f8ff125661111403e3f85e1368","isMergeCommit":false,"messageTitle":"Implement mark and unmark commands for tasks","messageBody":"","tags":["Level-3"],"fileTypesAndContributionMap":{"java":{"insertions":91,"deletions":12}}},{"hash":"9472e0999b3896a442f8e1d3c6279eae3887bbc1","isMergeCommit":false,"messageTitle":"Refactor code to comply with SE-EDU coding standards","messageBody":"","tags":["A-CodingStandard"],"fileTypesAndContributionMap":{"java":{"insertions":24,"deletions":21}}},{"hash":"9e0deb808b0d0e282d7dfff07315da7adc70de59","isMergeCommit":false,"messageTitle":"Updated greeting to describe mark and unmark commands","messageBody":"","fileTypesAndContributionMap":{"java":{"insertions":18,"deletions":11}}}]},{"date":"2026-02-06T00:00:00","commitResults":[{"hash":"e6e345c3533056229d1b294356cc475887d984e9","isMergeCommit":false,"messageTitle":"Add toString method to Task class","messageBody":"","fileTypesAndContributionMap":{"java":{"insertions":5,"deletions":0}}},{"hash":"81440b95ae928b98481dc6b6d01281cbeae5fec9","isMergeCommit":false,"messageTitle":"Add Todo, Deadline, and Event task types with inheritance","messageBody":"","fileTypesAndContributionMap":{"java":{"insertions":38,"deletions":0}}},{"hash":"87912d3f6029b9b2e49a25d4ab15a96a4a5f98ca","isMergeCommit":false,"messageTitle":"Add support for todo, deadline, and event commands","messageBody":"","tags":["Level-4"],"fileTypesAndContributionMap":{"java":{"insertions":72,"deletions":12}}},{"hash":"187e0e810fc190ea0594b46033cc0cd8ea0c2195","isMergeCommit":false,"messageTitle":"Refactor code to improve code quality","messageBody":"","tags":["A-CodeQuality"],"fileTypesAndContributionMap":{"java":{"insertions":140,"deletions":111}}},{"hash":"327a76c618a50c1c76113572d063eef00aeb248e","isMergeCommit":false,"messageTitle":"Update greeting to include todo, deadline and event commands","messageBody":"","fileTypesAndContributionMap":{"java":{"insertions":8,"deletions":4}}},{"hash":"43b45a124f712a22b63d932e9b2d1c2d27c88d71","isMergeCommit":false,"messageTitle":"Add text UI tests using I/O redirection","messageBody":"","tags":["A-TextUiTesting"],"fileTypesAndContributionMap":{"txt":{"insertions":14,"deletions":0},"sh":{"insertions":1,"deletions":1}}}]},{"date":"2026-02-13T00:00:00","commitResults":[{"hash":"865353701cc8c901098b109138c15c645b0459c0","isMergeCommit":false,"messageTitle":"Add QBException for chatbot specific error handling","messageBody":"","fileTypesAndContributionMap":{"java":{"insertions":5,"deletions":0}}},{"hash":"03d804a205f44782549953f92f830506a33d7c90","isMergeCommit":false,"messageTitle":"Handle unknown commands with exceptions","messageBody":"","fileTypesAndContributionMap":{"java":{"insertions":12,"deletions":11}}},{"hash":"d5dc1a44f61e74b6dfdb9f3b0f2c02a4a0df0f99","isMergeCommit":false,"messageTitle":"Handle empty todo command descriptions","messageBody":"","fileTypesAndContributionMap":{"java":{"insertions":2,"deletions":3}}},{"hash":"a539fc1f2c39805110dbb8abf001feb9e5706f97","isMergeCommit":false,"messageTitle":"Handle empty and incomplete deadline/event inputs with exceptions","messageBody":"","fileTypesAndContributionMap":{"java":{"insertions":7,"deletions":12}}},{"hash":"653d873e2688a6ca83d0c6446119e6634f78652d","isMergeCommit":false,"messageTitle":"Convert mark/unmark commands to use exception handling","messageBody":"","fileTypesAndContributionMap":{"java":{"insertions":35,"deletions":27}}},{"hash":"29f3a1769259450fad19d85cc6c3d1d13f382395","isMergeCommit":true,"messageTitle":"Merge branch-Level-5","messageBody":"","tags":["Level-5"],"fileTypesAndContributionMap":{}}]}]},"authorFileTypeContributionMap":{"puma-31":{"java":307,"md":3,"fxml":0,"sh":1,"bat":1,"gradle":0,"txt":14}},"authorContributionVariance":{"puma-31":5668.6313},"authorDisplayNameMap":{"puma-31":"CS2113-T10-2 MAHE..URAV"}}
