[{"path":"docs/README.md","fileType":"md","lines":[{"lineNumber":1,"author":{"gitId":"heeelol"},"content":"# Yoru User Guide","lastModifiedDate":"2026-01-23T15:20:56","isFullCredit":false},{"lineNumber":2,"author":{"gitId":"-"},"content":"","lastModifiedDate":"2019-07-29T17:14:46","isFullCredit":false},{"lineNumber":3,"author":{"gitId":"-"},"content":"// Update the title above to match the actual product name","lastModifiedDate":"2024-01-07T18:33:52","isFullCredit":false},{"lineNumber":4,"author":{"gitId":"-"},"content":"","lastModifiedDate":"2019-07-29T17:14:46","isFullCredit":false},{"lineNumber":5,"author":{"gitId":"-"},"content":"// Product screenshot goes here","lastModifiedDate":"2024-01-07T18:33:52","isFullCredit":false},{"lineNumber":6,"author":{"gitId":"-"},"content":"    ","lastModifiedDate":"2021-07-17T16:49:07","isFullCredit":false},{"lineNumber":7,"author":{"gitId":"-"},"content":"// Product intro goes here","lastModifiedDate":"2024-01-07T18:33:52","isFullCredit":false},{"lineNumber":8,"author":{"gitId":"-"},"content":"","lastModifiedDate":"2021-07-17T16:49:07","isFullCredit":false},{"lineNumber":9,"author":{"gitId":"-"},"content":"## Adding deadlines","lastModifiedDate":"2024-01-07T18:33:52","isFullCredit":false},{"lineNumber":10,"author":{"gitId":"-"},"content":"","lastModifiedDate":"2021-07-17T16:49:07","isFullCredit":false},{"lineNumber":11,"author":{"gitId":"-"},"content":"// Describe the action and its outcome.","lastModifiedDate":"2024-01-07T18:33:52","isFullCredit":false},{"lineNumber":12,"author":{"gitId":"-"},"content":"","lastModifiedDate":"2019-07-29T17:14:46","isFullCredit":false},{"lineNumber":13,"author":{"gitId":"-"},"content":"// Give examples of usage","lastModifiedDate":"2024-01-07T18:33:52","isFullCredit":false},{"lineNumber":14,"author":{"gitId":"-"},"content":"","lastModifiedDate":"2019-07-29T17:14:46","isFullCredit":false},{"lineNumber":15,"author":{"gitId":"-"},"content":"Example: `keyword (optional arguments)`","lastModifiedDate":"2024-01-07T18:33:52","isFullCredit":false},{"lineNumber":16,"author":{"gitId":"-"},"content":"","lastModifiedDate":"2019-07-29T17:14:46","isFullCredit":false},{"lineNumber":17,"author":{"gitId":"-"},"content":"// A description of the expected outcome goes here","lastModifiedDate":"2024-01-07T18:33:52","isFullCredit":false},{"lineNumber":18,"author":{"gitId":"-"},"content":"","lastModifiedDate":"2019-07-29T17:14:46","isFullCredit":false},{"lineNumber":19,"author":{"gitId":"-"},"content":"```","lastModifiedDate":"2024-01-07T18:33:52","isFullCredit":false},{"lineNumber":20,"author":{"gitId":"-"},"content":"expected output","lastModifiedDate":"2024-01-07T18:33:52","isFullCredit":false},{"lineNumber":21,"author":{"gitId":"-"},"content":"```","lastModifiedDate":"2024-01-07T18:33:52","isFullCredit":false},{"lineNumber":22,"author":{"gitId":"-"},"content":"","lastModifiedDate":"2019-07-29T17:14:46","isFullCredit":false},{"lineNumber":23,"author":{"gitId":"-"},"content":"## Feature ABC","lastModifiedDate":"2024-01-07T18:33:52","isFullCredit":false},{"lineNumber":24,"author":{"gitId":"-"},"content":"","lastModifiedDate":"2019-07-29T17:14:46","isFullCredit":false},{"lineNumber":25,"author":{"gitId":"-"},"content":"// Feature details","lastModifiedDate":"2024-01-07T18:33:52","isFullCredit":false},{"lineNumber":26,"author":{"gitId":"-"},"content":"","lastModifiedDate":"2019-07-29T17:14:46","isFullCredit":false},{"lineNumber":27,"author":{"gitId":"-"},"content":"","lastModifiedDate":"2021-07-17T16:49:07","isFullCredit":false},{"lineNumber":28,"author":{"gitId":"-"},"content":"## Feature XYZ","lastModifiedDate":"2024-01-07T18:33:52","isFullCredit":false},{"lineNumber":29,"author":{"gitId":"-"},"content":"","lastModifiedDate":"2024-01-07T18:33:52","isFullCredit":false},{"lineNumber":30,"author":{"gitId":"-"},"content":"// Feature details","lastModifiedDate":"2024-01-07T18:33:52","isFullCredit":false}],"authorContributionMap":{"heeelol":1,"-":29}},{"path":"src/main/java/Task.java","fileType":"java","lines":[{"lineNumber":1,"author":{"gitId":"heeelol"},"content":"/**","lastModifiedDate":"2026-01-28T17:31:29","isFullCredit":false},{"lineNumber":2,"author":{"gitId":"heeelol"},"content":" * Represents a task with a description and completion status.","lastModifiedDate":"2026-01-28T17:31:29","isFullCredit":false},{"lineNumber":3,"author":{"gitId":"heeelol"},"content":" */","lastModifiedDate":"2026-01-28T17:31:29","isFullCredit":false},{"lineNumber":4,"author":{"gitId":"heeelol"},"content":"public class Task {","lastModifiedDate":"2026-01-28T17:00:25","isFullCredit":false},{"lineNumber":5,"author":{"gitId":"heeelol"},"content":"    protected String description;","lastModifiedDate":"2026-01-28T17:00:25","isFullCredit":false},{"lineNumber":6,"author":{"gitId":"heeelol"},"content":"    protected boolean isDone;","lastModifiedDate":"2026-01-28T17:00:25","isFullCredit":false},{"lineNumber":7,"author":{"gitId":"heeelol"},"content":"","lastModifiedDate":"2026-01-28T17:00:25","isFullCredit":false},{"lineNumber":8,"author":{"gitId":"heeelol"},"content":"    /**","lastModifiedDate":"2026-01-28T17:31:29","isFullCredit":false},{"lineNumber":9,"author":{"gitId":"heeelol"},"content":"     * Creates a new task with the given description.","lastModifiedDate":"2026-01-28T17:31:29","isFullCredit":false},{"lineNumber":10,"author":{"gitId":"heeelol"},"content":"     * The task is initially marked as not done.","lastModifiedDate":"2026-01-28T17:31:29","isFullCredit":false},{"lineNumber":11,"author":{"gitId":"heeelol"},"content":"     *","lastModifiedDate":"2026-01-28T17:31:29","isFullCredit":false},{"lineNumber":12,"author":{"gitId":"heeelol"},"content":"     * @param description The description of the task.","lastModifiedDate":"2026-01-28T17:31:29","isFullCredit":false},{"lineNumber":13,"author":{"gitId":"heeelol"},"content":"     */","lastModifiedDate":"2026-01-28T17:31:29","isFullCredit":false},{"lineNumber":14,"author":{"gitId":"heeelol"},"content":"    public Task(String description) {","lastModifiedDate":"2026-01-28T17:00:25","isFullCredit":false},{"lineNumber":15,"author":{"gitId":"heeelol"},"content":"        this.description \u003d description;","lastModifiedDate":"2026-01-28T17:00:25","isFullCredit":false},{"lineNumber":16,"author":{"gitId":"heeelol"},"content":"        this.isDone \u003d false;","lastModifiedDate":"2026-01-28T17:00:25","isFullCredit":false},{"lineNumber":17,"author":{"gitId":"heeelol"},"content":"    }","lastModifiedDate":"2026-01-28T17:00:25","isFullCredit":false},{"lineNumber":18,"author":{"gitId":"heeelol"},"content":"","lastModifiedDate":"2026-01-28T17:00:25","isFullCredit":false},{"lineNumber":19,"author":{"gitId":"heeelol"},"content":"    /**","lastModifiedDate":"2026-01-28T17:31:29","isFullCredit":false},{"lineNumber":20,"author":{"gitId":"heeelol"},"content":"     * Returns the status icon of the task.","lastModifiedDate":"2026-01-28T17:31:29","isFullCredit":false},{"lineNumber":21,"author":{"gitId":"heeelol"},"content":"     */","lastModifiedDate":"2026-01-28T17:31:29","isFullCredit":false},{"lineNumber":22,"author":{"gitId":"heeelol"},"content":"    public String getStatusIcon() {","lastModifiedDate":"2026-01-28T17:00:25","isFullCredit":false},{"lineNumber":23,"author":{"gitId":"heeelol"},"content":"        return (isDone ? \"X\" : \" \");","lastModifiedDate":"2026-01-28T17:00:25","isFullCredit":false},{"lineNumber":24,"author":{"gitId":"heeelol"},"content":"    }","lastModifiedDate":"2026-01-28T17:00:25","isFullCredit":false},{"lineNumber":25,"author":{"gitId":"heeelol"},"content":"    ","lastModifiedDate":"2026-01-28T17:00:25","isFullCredit":false},{"lineNumber":26,"author":{"gitId":"heeelol"},"content":"    public void markAsDone() {","lastModifiedDate":"2026-01-28T17:00:25","isFullCredit":false},{"lineNumber":27,"author":{"gitId":"heeelol"},"content":"        this.isDone \u003d true;","lastModifiedDate":"2026-01-28T17:00:25","isFullCredit":false},{"lineNumber":28,"author":{"gitId":"heeelol"},"content":"    }","lastModifiedDate":"2026-01-28T17:00:25","isFullCredit":false},{"lineNumber":29,"author":{"gitId":"heeelol"},"content":"","lastModifiedDate":"2026-01-28T17:00:25","isFullCredit":false},{"lineNumber":30,"author":{"gitId":"heeelol"},"content":"    public void markAsNotDone() {","lastModifiedDate":"2026-01-28T17:00:25","isFullCredit":false},{"lineNumber":31,"author":{"gitId":"heeelol"},"content":"        this.isDone \u003d false;","lastModifiedDate":"2026-01-28T17:00:25","isFullCredit":false},{"lineNumber":32,"author":{"gitId":"heeelol"},"content":"    }","lastModifiedDate":"2026-01-28T17:00:25","isFullCredit":false},{"lineNumber":33,"author":{"gitId":"heeelol"},"content":"","lastModifiedDate":"2026-01-28T17:00:25","isFullCredit":false},{"lineNumber":34,"author":{"gitId":"heeelol"},"content":"    /**","lastModifiedDate":"2026-01-28T17:31:29","isFullCredit":false},{"lineNumber":35,"author":{"gitId":"heeelol"},"content":"     * Returns a string representation of the task.","lastModifiedDate":"2026-01-28T17:31:29","isFullCredit":false},{"lineNumber":36,"author":{"gitId":"heeelol"},"content":"     *","lastModifiedDate":"2026-01-28T17:31:29","isFullCredit":false},{"lineNumber":37,"author":{"gitId":"heeelol"},"content":"     * @return The task status and description in the format \"[X] description\" or \"[ ] description\".","lastModifiedDate":"2026-01-28T17:31:29","isFullCredit":false},{"lineNumber":38,"author":{"gitId":"heeelol"},"content":"     */","lastModifiedDate":"2026-01-28T17:31:29","isFullCredit":false},{"lineNumber":39,"author":{"gitId":"heeelol"},"content":"    @Override","lastModifiedDate":"2026-01-28T17:00:25","isFullCredit":false},{"lineNumber":40,"author":{"gitId":"heeelol"},"content":"    public String toString() {","lastModifiedDate":"2026-01-28T17:00:25","isFullCredit":false},{"lineNumber":41,"author":{"gitId":"heeelol"},"content":"        return \"[\" + getStatusIcon() + \"] \" + description;","lastModifiedDate":"2026-01-28T17:00:25","isFullCredit":false},{"lineNumber":42,"author":{"gitId":"heeelol"},"content":"    }","lastModifiedDate":"2026-01-28T17:00:25","isFullCredit":false},{"lineNumber":43,"author":{"gitId":"heeelol"},"content":"}","lastModifiedDate":"2026-01-28T17:00:25","isFullCredit":false},{"lineNumber":44,"author":{"gitId":"heeelol"},"content":"","lastModifiedDate":"2026-01-28T17:00:25","isFullCredit":false},{"lineNumber":45,"author":{"gitId":"heeelol"},"content":"","lastModifiedDate":"2026-01-28T17:00:25","isFullCredit":false}],"authorContributionMap":{"heeelol":45}},{"path":"src/main/java/Yoru.java","fileType":"java","lines":[{"lineNumber":1,"author":{"gitId":"heeelol"},"content":"import java.util.Scanner;","lastModifiedDate":"2026-01-28T15:54:59","isFullCredit":false},{"lineNumber":2,"author":{"gitId":"heeelol"},"content":"","lastModifiedDate":"2026-01-28T15:54:59","isFullCredit":false},{"lineNumber":3,"author":{"gitId":"heeelol"},"content":"/**","lastModifiedDate":"2026-01-28T17:31:29","isFullCredit":false},{"lineNumber":4,"author":{"gitId":"heeelol"},"content":" * Main class for the Yoru chatbot application.","lastModifiedDate":"2026-01-28T17:31:29","isFullCredit":false},{"lineNumber":5,"author":{"gitId":"heeelol"},"content":" * Manages task list operations and user interactions.","lastModifiedDate":"2026-01-28T17:31:29","isFullCredit":false},{"lineNumber":6,"author":{"gitId":"heeelol"},"content":" */","lastModifiedDate":"2026-01-28T17:31:29","isFullCredit":false},{"lineNumber":7,"author":{"gitId":"heeelol"},"content":"public class Yoru {","lastModifiedDate":"2026-01-23T15:20:56","isFullCredit":false},{"lineNumber":8,"author":{"gitId":"heeelol"},"content":"    private static final String LINE_SEPARATOR \u003d \"_______________________________________\";","lastModifiedDate":"2026-01-28T17:31:29","isFullCredit":false},{"lineNumber":9,"author":{"gitId":"heeelol"},"content":"    private static final int MAX_TASKS \u003d 100;","lastModifiedDate":"2026-01-28T17:31:29","isFullCredit":false},{"lineNumber":10,"author":{"gitId":"heeelol"},"content":"","lastModifiedDate":"2026-01-28T17:31:29","isFullCredit":false},{"lineNumber":11,"author":{"gitId":"heeelol"},"content":"    /**","lastModifiedDate":"2026-01-28T17:31:29","isFullCredit":false},{"lineNumber":12,"author":{"gitId":"heeelol"},"content":"     * Main entry point of the application.","lastModifiedDate":"2026-01-28T17:31:29","isFullCredit":false},{"lineNumber":13,"author":{"gitId":"heeelol"},"content":"     *","lastModifiedDate":"2026-01-28T17:31:29","isFullCredit":false},{"lineNumber":14,"author":{"gitId":"heeelol"},"content":"     * @param args Command line arguments (not used).","lastModifiedDate":"2026-01-28T17:31:29","isFullCredit":false},{"lineNumber":15,"author":{"gitId":"heeelol"},"content":"     */","lastModifiedDate":"2026-01-28T17:31:29","isFullCredit":false},{"lineNumber":16,"author":{"gitId":"heeelol"},"content":"    public static void main(String[] args) {","lastModifiedDate":"2026-01-23T15:20:56","isFullCredit":false},{"lineNumber":17,"author":{"gitId":"heeelol"},"content":"        System.out.println(LINE_SEPARATOR);","lastModifiedDate":"2026-01-28T17:31:29","isFullCredit":false},{"lineNumber":18,"author":{"gitId":"heeelol"},"content":"        System.out.println(\"Hello! I\u0027m Yoru\");","lastModifiedDate":"2026-01-23T15:20:56","isFullCredit":false},{"lineNumber":19,"author":{"gitId":"heeelol"},"content":"        System.out.println(\"What can I do for you?\");","lastModifiedDate":"2026-01-23T15:20:56","isFullCredit":false},{"lineNumber":20,"author":{"gitId":"heeelol"},"content":"        System.out.println(LINE_SEPARATOR);","lastModifiedDate":"2026-01-28T17:31:29","isFullCredit":false},{"lineNumber":21,"author":{"gitId":"heeelol"},"content":"","lastModifiedDate":"2026-01-28T15:54:59","isFullCredit":false},{"lineNumber":22,"author":{"gitId":"heeelol"},"content":"        Scanner scanner \u003d new Scanner(System.in);","lastModifiedDate":"2026-01-28T15:54:59","isFullCredit":false},{"lineNumber":23,"author":{"gitId":"heeelol"},"content":"        Task[] tasks \u003d new Task[MAX_TASKS];","lastModifiedDate":"2026-01-28T17:31:29","isFullCredit":false},{"lineNumber":24,"author":{"gitId":"heeelol"},"content":"        int taskCount \u003d 0;","lastModifiedDate":"2026-01-28T16:17:53","isFullCredit":false},{"lineNumber":25,"author":{"gitId":"heeelol"},"content":"","lastModifiedDate":"2026-01-28T15:54:59","isFullCredit":false},{"lineNumber":26,"author":{"gitId":"heeelol"},"content":"        while (true) {","lastModifiedDate":"2026-01-28T15:54:59","isFullCredit":false},{"lineNumber":27,"author":{"gitId":"heeelol"},"content":"            String reply \u003d scanner.nextLine();","lastModifiedDate":"2026-01-28T15:54:59","isFullCredit":false},{"lineNumber":28,"author":{"gitId":"heeelol"},"content":"            System.out.println(LINE_SEPARATOR);","lastModifiedDate":"2026-01-28T17:31:29","isFullCredit":false},{"lineNumber":29,"author":{"gitId":"heeelol"},"content":"","lastModifiedDate":"2026-01-28T15:54:59","isFullCredit":false},{"lineNumber":30,"author":{"gitId":"heeelol"},"content":"            if (reply.equalsIgnoreCase(\"bye\")) {","lastModifiedDate":"2026-01-28T15:54:59","isFullCredit":false},{"lineNumber":31,"author":{"gitId":"heeelol"},"content":"                System.out.println(\"Bye. Hope to see you again soon!\");","lastModifiedDate":"2026-01-23T15:20:56","isFullCredit":false},{"lineNumber":32,"author":{"gitId":"heeelol"},"content":"                System.out.println(LINE_SEPARATOR);","lastModifiedDate":"2026-01-28T17:31:29","isFullCredit":false},{"lineNumber":33,"author":{"gitId":"heeelol"},"content":"                scanner.close();","lastModifiedDate":"2026-01-28T17:31:29","isFullCredit":false},{"lineNumber":34,"author":{"gitId":"heeelol"},"content":"                return;","lastModifiedDate":"2026-01-28T15:54:59","isFullCredit":false},{"lineNumber":35,"author":{"gitId":"heeelol"},"content":"            } else if (reply.equalsIgnoreCase(\"list\")) {","lastModifiedDate":"2026-01-28T16:17:53","isFullCredit":false},{"lineNumber":36,"author":{"gitId":"heeelol"},"content":"                for (int i \u003d 0; i \u003c taskCount; i++) {","lastModifiedDate":"2026-01-28T16:17:53","isFullCredit":false},{"lineNumber":37,"author":{"gitId":"heeelol"},"content":"                    System.out.println((i + 1) + \". \" + tasks[i]);","lastModifiedDate":"2026-01-28T17:00:25","isFullCredit":false},{"lineNumber":38,"author":{"gitId":"heeelol"},"content":"                }","lastModifiedDate":"2026-01-28T15:54:59","isFullCredit":false},{"lineNumber":39,"author":{"gitId":"heeelol"},"content":"                System.out.println(LINE_SEPARATOR);","lastModifiedDate":"2026-01-28T17:31:29","isFullCredit":false},{"lineNumber":40,"author":{"gitId":"heeelol"},"content":"            } else if (reply.startsWith(\"mark \")) {","lastModifiedDate":"2026-01-28T17:00:25","isFullCredit":false},{"lineNumber":41,"author":{"gitId":"heeelol"},"content":"                int taskIndex \u003d Integer.parseInt(reply.substring(5)) - 1;","lastModifiedDate":"2026-01-28T17:00:25","isFullCredit":false},{"lineNumber":42,"author":{"gitId":"heeelol"},"content":"                tasks[taskIndex].markAsDone();","lastModifiedDate":"2026-01-28T17:00:25","isFullCredit":false},{"lineNumber":43,"author":{"gitId":"heeelol"},"content":"                System.out.println(\"Nice! I\u0027ve marked this task as done:\");","lastModifiedDate":"2026-01-28T17:00:25","isFullCredit":false},{"lineNumber":44,"author":{"gitId":"heeelol"},"content":"                System.out.println(\" \" + tasks[taskIndex]);","lastModifiedDate":"2026-01-28T17:00:25","isFullCredit":false},{"lineNumber":45,"author":{"gitId":"heeelol"},"content":"                System.out.println(LINE_SEPARATOR);","lastModifiedDate":"2026-01-28T17:31:29","isFullCredit":false},{"lineNumber":46,"author":{"gitId":"heeelol"},"content":"            } else if (reply.startsWith(\"unmark \")) {","lastModifiedDate":"2026-01-28T17:00:25","isFullCredit":false},{"lineNumber":47,"author":{"gitId":"heeelol"},"content":"                int taskIndex \u003d Integer.parseInt(reply.substring(7)) - 1;","lastModifiedDate":"2026-01-28T17:00:25","isFullCredit":false},{"lineNumber":48,"author":{"gitId":"heeelol"},"content":"                tasks[taskIndex].markAsNotDone();","lastModifiedDate":"2026-01-28T17:00:25","isFullCredit":false},{"lineNumber":49,"author":{"gitId":"heeelol"},"content":"                System.out.println(\"OK, I\u0027ve marked this task as not done yet:\");","lastModifiedDate":"2026-01-28T17:00:25","isFullCredit":false},{"lineNumber":50,"author":{"gitId":"heeelol"},"content":"                System.out.println(\" \" + tasks[taskIndex]);","lastModifiedDate":"2026-01-28T17:00:25","isFullCredit":false},{"lineNumber":51,"author":{"gitId":"heeelol"},"content":"                System.out.println(LINE_SEPARATOR);","lastModifiedDate":"2026-01-28T17:31:29","isFullCredit":false},{"lineNumber":52,"author":{"gitId":"heeelol"},"content":"            } else {","lastModifiedDate":"2026-01-28T16:17:53","isFullCredit":false},{"lineNumber":53,"author":{"gitId":"heeelol"},"content":"                tasks[taskCount] \u003d new Task(reply);","lastModifiedDate":"2026-01-28T17:00:25","isFullCredit":false},{"lineNumber":54,"author":{"gitId":"heeelol"},"content":"                taskCount++;","lastModifiedDate":"2026-01-28T16:17:53","isFullCredit":false},{"lineNumber":55,"author":{"gitId":"heeelol"},"content":"                System.out.println(\"added: \" + reply);","lastModifiedDate":"2026-01-28T16:17:53","isFullCredit":false},{"lineNumber":56,"author":{"gitId":"heeelol"},"content":"                System.out.println(LINE_SEPARATOR);","lastModifiedDate":"2026-01-28T17:31:29","isFullCredit":false},{"lineNumber":57,"author":{"gitId":"heeelol"},"content":"            }","lastModifiedDate":"2026-01-28T16:17:53","isFullCredit":false},{"lineNumber":58,"author":{"gitId":"heeelol"},"content":"        }","lastModifiedDate":"2026-01-28T15:54:59","isFullCredit":false},{"lineNumber":59,"author":{"gitId":"heeelol"},"content":"    }","lastModifiedDate":"2026-01-23T15:20:56","isFullCredit":false},{"lineNumber":60,"author":{"gitId":"heeelol"},"content":"}","lastModifiedDate":"2026-01-23T15:20:56","isFullCredit":false}],"authorContributionMap":{"heeelol":60}}]
