{"authorDailyContributionsMap":{"adbsw":[{"date":"2026-01-31T00:00:00","commitResults":[{"hash":"31db693e82021b5145dd31c96ce0ab002e2ab358","isMergeCommit":false,"messageTitle":"Rename Duke.java to Green.java, add level-0 into Green.java","messageBody":"","tags":["Level-0"],"fileTypesAndContributionMap":{"java":{"insertions":24,"deletions":10}}}]},{"date":"2026-02-02T00:00:00","commitResults":[{"hash":"a684f85f8f90a1e9caaf6a549151fb2b16ce0e7e","isMergeCommit":false,"messageTitle":"Add Level-1: Echo","messageBody":"","tags":["Level-1"],"fileTypesAndContributionMap":{"java":{"insertions":23,"deletions":8}}},{"hash":"6fb4bf73bcf17abcdbec8359ad0690f7f5391c0e","isMergeCommit":false,"messageTitle":"Add ability to store input text, display them when requested","messageBody":"","tags":["Level-2"],"fileTypesAndContributionMap":{"java":{"insertions":16,"deletions":1}}}]},{"date":"2026-02-08T00:00:00","commitResults":[{"hash":"4e4425135d0854d5864e37c4973cd4211ad4be4a","isMergeCommit":false,"messageTitle":"Add Task.java, add marking and unmarking ability","messageBody":"","tags":["Level-3"],"fileTypesAndContributionMap":{"java":{"insertions":160,"deletions":33}}}]},{"date":"2026-02-09T00:00:00","commitResults":[{"hash":"a7021b07012445fafde4273537d98e0152a91b3d","isMergeCommit":false,"messageTitle":"Tweak code to comply with coding standard","messageBody":"","tags":["A-CodingStandard"],"fileTypesAndContributionMap":{"java":{"insertions":53,"deletions":54}}}]},{"date":"2026-02-13T00:00:00","commitResults":[{"hash":"21317c3980a650b3f39d36936f80a051ab009177","isMergeCommit":false,"messageTitle":"Modify Green.java, Task.java, add ToDo.java, Deadline.java, Event.java","messageBody":"Modify and add said files to support tracking 3 types of tasks.\nUse inheritance to support the 3 task types extending from Task:\n*ToDO\n*Deadline\n*Event\n\nisInList() method in Green.java traverses through the current list of\ntasks and checks if the description of the task being passed in is the\nsame as that in the list. With the addition of new task types with more\nattributes other than a description, the isInList() method can\nbecome verbose when checking equality of multiple attributes for\nmultiple task types.\n\nOverriding the equals() method in Task.java, ToDo.java, Deadline.java\nand Event.java allows isInList() method to use polymorphism to be able\ntarget the superclass Task so that it works with its subclass objects\nToDo, Deadline and Event. In that case, for every iteration, a single\nequality check that targets the superclass Task suffices.\n\nLet\u0027s override the equals() method in Task.java, ToDo.java,\nDeadline.java and Event.java to use polymorphism in the isInList()\nmethod.\n\nUsing polymorphism allows the isInList() method to be simpler and more\nflexible, because the isInList() method works even when more task types\nare added.\n\nUser input contains more details due to the addition of new task types.\nThis increases the code length on user input in the main method in\nGreen.java.\n\nExtracting the code on user input into separate methods allows code to\nbe written at a higher level of abstraction.\n\nLet\u0027s extract the code on user input into new methods parseCommand()\nand parseInput().\n\nCode written at higher level of abstraction adds to readability and\nmaintainability.\n","tags":["Level-4"],"fileTypesAndContributionMap":{"java":{"insertions":248,"deletions":67}}},{"hash":"4890e500f2121ee72326bcab8a991a17feb03140","isMergeCommit":false,"messageTitle":"Modify input.txt, EXPECTED.TXT, and runtest.bat to semi-automate text UI testing","messageBody":"","tags":["A-TextUiTesting"],"fileTypesAndContributionMap":{"txt":{"insertions":25,"deletions":0},"bat":{"insertions":1,"deletions":1}}},{"hash":"1cf46bef9b8fafa522ec100c184e6ef18dcdc99c","isMergeCommit":false,"messageTitle":"Modify Green.java and EXPECTED.TXT to improve code readability","messageBody":"Restructure conditional statements in addTask() method using guard\nclauses to make the happy path prominent.\n\nSimplify complicated expression of if condition in the main method that\nchecks if user input is missing a required task entry by calculating\nintermediate boolean values and checking for the final value in\nisMissingTask.\n\nMake other tweaks such as renaming variables with explicit names,\nremoving redundant code, and using blank lines to separate groups of\nrelated code.\n","tags":["A-CodeQuality"],"fileTypesAndContributionMap":{"java":{"insertions":55,"deletions":54}}}]}]},"authorFileTypeContributionMap":{"adbsw":{"java":362,"md":0,"fxml":0,"sh":0,"bat":1,"gradle":0,"txt":25}},"authorContributionVariance":{"adbsw":6563.453},"authorDisplayNameMap":{"adbsw":"CS2113-W09-3 ADIT..SWAS"}}
