{"authorDailyContributionsMap":{"adbsw":[{"date":"2026-01-31T00:00:00","commitResults":[{"hash":"31db693e82021b5145dd31c96ce0ab002e2ab358","isMergeCommit":false,"messageTitle":"Rename Duke.java to Green.java, add level-0 into Green.java","messageBody":"","fileTypesAndContributionMap":{"java":{"insertions":24,"deletions":10}}}]},{"date":"2026-02-02T00:00:00","commitResults":[{"hash":"a684f85f8f90a1e9caaf6a549151fb2b16ce0e7e","isMergeCommit":false,"messageTitle":"Add Level-1: Echo","messageBody":"","tags":["Level-1"],"fileTypesAndContributionMap":{"java":{"insertions":23,"deletions":8}}},{"hash":"6fb4bf73bcf17abcdbec8359ad0690f7f5391c0e","isMergeCommit":false,"messageTitle":"Add ability to store input text, display them when requested","messageBody":"","tags":["Level-2"],"fileTypesAndContributionMap":{"java":{"insertions":16,"deletions":1}}}]}]},"authorFileTypeContributionMap":{"adbsw":{"java":54,"md":0,"fxml":0,"sh":0,"bat":0,"gradle":0,"txt":0}},"authorContributionVariance":{"adbsw":127.6416},"authorDisplayNameMap":{"adbsw":"CS2113-W09-3 ADIT..SWAS"}}
