{"authorDailyContributionsMap":{"cigaho":[{"date":"2026-01-30T00:00:00","commitResults":[{"hash":"1795b3510f2fada59893c85ad0230f4da53b88a0","isMergeCommit":false,"messageTitle":"Level-0: rename the bot and add greetings","messageBody":"","tags":["Level-0"],"fileTypesAndContributionMap":{"txt":{"insertions":0,"deletions":0},"java":{"insertions":36,"deletions":0},"bat":{"insertions":21,"deletions":0},"sh":{"insertions":38,"deletions":0},"md":{"insertions":65,"deletions":0}}},{"hash":"7e2ca1f0d2d0740397d77ebebc7266f609e38c99","isMergeCommit":true,"messageTitle":"solving merging issues","messageBody":"","fileTypesAndContributionMap":{}},{"hash":"4e878bca34b30d851f88dd8111cdbd6907aa8dc1","isMergeCommit":false,"messageTitle":"Remove the duplicate Duke.java","messageBody":"","fileTypesAndContributionMap":{"java":{"insertions":0,"deletions":10}}}]},{"date":"2026-01-31T00:00:00","commitResults":[{"hash":"f1eafdc8c9f5a2e9516444d38aa3f2adc7bfe6fa","isMergeCommit":false,"messageTitle":"level-1: add echo \u0026 bye function. Update main\u0027s control flow.","messageBody":"","tags":["Level-1"],"fileTypesAndContributionMap":{"java":{"insertions":24,"deletions":11}}},{"hash":"cbce9a49edc4b79019b7e07f0f10e9f44d557d13","isMergeCommit":false,"messageTitle":"Level-2: update echo() to be respond(), add sentence to list and display","messageBody":"","tags":["Level-2"],"fileTypesAndContributionMap":{"java":{"insertions":18,"deletions":4}}},{"hash":"d90df4e2a0faa9b9584207bd45f382161ef42e39","isMergeCommit":false,"messageTitle":"Level-3: create task class and update mark/unmark feature, together with error-checking mechanism","messageBody":"","tags":["Level-3"],"fileTypesAndContributionMap":{"java":{"insertions":86,"deletions":6}}}]},{"date":"2026-02-02T00:00:00","commitResults":[{"hash":"cda60ef9f312777a9f441dab6a5859c846dbbe9a","isMergeCommit":false,"messageTitle":"Level-4: Add todo, event and deadline tasks, deal with error handeling.","messageBody":"","tags":["Level-4"],"fileTypesAndContributionMap":{"java":{"insertions":111,"deletions":7}}}]}]},"authorFileTypeContributionMap":{"cigaho":{"java":247,"md":0,"fxml":0,"sh":0,"bat":0,"gradle":0,"txt":0}},"authorContributionVariance":{"cigaho":2295.4495},"authorDisplayNameMap":{"cigaho":"CS2113-T10-1 HUAN..GRUI"}}
