[{"path":"src/main/java/Deadline.java","fileType":"java","lines":[{"lineNumber":1,"author":{"gitId":"dinvsh"},"content":"public class Deadline extends Task {","lastModifiedDate":"2026-02-02T18:31:11","isFullCredit":false},{"lineNumber":2,"author":{"gitId":"dinvsh"},"content":"    protected String by;","lastModifiedDate":"2026-02-02T18:31:11","isFullCredit":false},{"lineNumber":3,"author":{"gitId":"dinvsh"},"content":"","lastModifiedDate":"2026-02-02T18:31:11","isFullCredit":false},{"lineNumber":4,"author":{"gitId":"dinvsh"},"content":"    public Deadline(String description, String by) {","lastModifiedDate":"2026-02-02T18:31:11","isFullCredit":false},{"lineNumber":5,"author":{"gitId":"dinvsh"},"content":"        super(description);","lastModifiedDate":"2026-02-02T18:31:11","isFullCredit":false},{"lineNumber":6,"author":{"gitId":"dinvsh"},"content":"        this.by \u003d by;","lastModifiedDate":"2026-02-02T18:31:11","isFullCredit":false},{"lineNumber":7,"author":{"gitId":"dinvsh"},"content":"    }","lastModifiedDate":"2026-02-02T18:31:11","isFullCredit":false},{"lineNumber":8,"author":{"gitId":"dinvsh"},"content":"","lastModifiedDate":"2026-02-02T18:31:11","isFullCredit":false},{"lineNumber":9,"author":{"gitId":"dinvsh"},"content":"    @Override","lastModifiedDate":"2026-02-02T18:31:11","isFullCredit":false},{"lineNumber":10,"author":{"gitId":"dinvsh"},"content":"    public String toString() {","lastModifiedDate":"2026-02-02T18:31:11","isFullCredit":false},{"lineNumber":11,"author":{"gitId":"dinvsh"},"content":"        return \"[D]\" + super.toString() + \" (by: \" + by + \")\";","lastModifiedDate":"2026-02-02T18:31:11","isFullCredit":false},{"lineNumber":12,"author":{"gitId":"dinvsh"},"content":"    }","lastModifiedDate":"2026-02-02T18:31:11","isFullCredit":false},{"lineNumber":13,"author":{"gitId":"dinvsh"},"content":"}","lastModifiedDate":"2026-02-02T18:31:11","isFullCredit":false}],"authorContributionMap":{"dinvsh":13}},{"path":"src/main/java/Event.java","fileType":"java","lines":[{"lineNumber":1,"author":{"gitId":"dinvsh"},"content":"public class Event extends Task {","lastModifiedDate":"2026-02-02T18:31:11","isFullCredit":false},{"lineNumber":2,"author":{"gitId":"dinvsh"},"content":"    protected String from;","lastModifiedDate":"2026-02-02T18:31:11","isFullCredit":false},{"lineNumber":3,"author":{"gitId":"dinvsh"},"content":"    protected String to;","lastModifiedDate":"2026-02-02T18:31:11","isFullCredit":false},{"lineNumber":4,"author":{"gitId":"dinvsh"},"content":"","lastModifiedDate":"2026-02-02T18:31:11","isFullCredit":false},{"lineNumber":5,"author":{"gitId":"dinvsh"},"content":"    public Event(String description, String from, String to) {","lastModifiedDate":"2026-02-02T18:31:11","isFullCredit":false},{"lineNumber":6,"author":{"gitId":"dinvsh"},"content":"        super(description);","lastModifiedDate":"2026-02-02T18:31:11","isFullCredit":false},{"lineNumber":7,"author":{"gitId":"dinvsh"},"content":"        this.from \u003d from;","lastModifiedDate":"2026-02-02T18:31:11","isFullCredit":false},{"lineNumber":8,"author":{"gitId":"dinvsh"},"content":"        this.to \u003d to;","lastModifiedDate":"2026-02-02T18:31:11","isFullCredit":false},{"lineNumber":9,"author":{"gitId":"dinvsh"},"content":"    }","lastModifiedDate":"2026-02-02T18:31:11","isFullCredit":false},{"lineNumber":10,"author":{"gitId":"dinvsh"},"content":"","lastModifiedDate":"2026-02-02T18:31:11","isFullCredit":false},{"lineNumber":11,"author":{"gitId":"dinvsh"},"content":"    @Override","lastModifiedDate":"2026-02-02T18:31:11","isFullCredit":false},{"lineNumber":12,"author":{"gitId":"dinvsh"},"content":"    public String toString() {","lastModifiedDate":"2026-02-02T18:31:11","isFullCredit":false},{"lineNumber":13,"author":{"gitId":"dinvsh"},"content":"        return \"[E]\" + super.toString() + \" (from: \" + from + \" to: \" + to + \")\";","lastModifiedDate":"2026-02-02T18:31:11","isFullCredit":false},{"lineNumber":14,"author":{"gitId":"dinvsh"},"content":"    }","lastModifiedDate":"2026-02-02T18:31:11","isFullCredit":false},{"lineNumber":15,"author":{"gitId":"dinvsh"},"content":"}","lastModifiedDate":"2026-02-02T18:31:11","isFullCredit":false}],"authorContributionMap":{"dinvsh":15}},{"path":"src/main/java/Messages.java","fileType":"java","lines":[{"lineNumber":1,"author":{"gitId":"dinvsh"},"content":"public class Messages {","lastModifiedDate":"2026-02-04T13:05:53","isFullCredit":false},{"lineNumber":2,"author":{"gitId":"dinvsh"},"content":"    private Messages() {}","lastModifiedDate":"2026-02-04T13:05:53","isFullCredit":false},{"lineNumber":3,"author":{"gitId":"dinvsh"},"content":"","lastModifiedDate":"2026-02-04T13:05:53","isFullCredit":false},{"lineNumber":4,"author":{"gitId":"dinvsh"},"content":"    public static final String WELCOME \u003d \"waddup im steve\";","lastModifiedDate":"2026-02-04T13:05:53","isFullCredit":false},{"lineNumber":5,"author":{"gitId":"dinvsh"},"content":"    public static final String PROMPT \u003d \"whatchu want from me?\";","lastModifiedDate":"2026-02-04T13:05:53","isFullCredit":false},{"lineNumber":6,"author":{"gitId":"dinvsh"},"content":"    public static final String GOODBYE \u003d \"see you next time dawg\";","lastModifiedDate":"2026-02-04T13:05:53","isFullCredit":false},{"lineNumber":7,"author":{"gitId":"dinvsh"},"content":"    public static final String LIST_HEADER \u003d \" here\u0027s your stuff cuh:\";","lastModifiedDate":"2026-02-04T13:05:53","isFullCredit":false},{"lineNumber":8,"author":{"gitId":"dinvsh"},"content":"    public static final String TASK_ADDED \u003d \"gotchu i added this task:\";","lastModifiedDate":"2026-02-04T13:05:53","isFullCredit":false},{"lineNumber":9,"author":{"gitId":"dinvsh"},"content":"    public static final String TASK_COUNT \u003d \"now you got %d tasks in the list\";","lastModifiedDate":"2026-02-04T13:05:53","isFullCredit":false},{"lineNumber":10,"author":{"gitId":"dinvsh"},"content":"    public static final String MARKED \u003d \"aight i marked it done:\";","lastModifiedDate":"2026-02-04T13:05:53","isFullCredit":false},{"lineNumber":11,"author":{"gitId":"dinvsh"},"content":"    public static final String UNMARKED \u003d \"ok i unmarked it:\";","lastModifiedDate":"2026-02-04T13:05:53","isFullCredit":false},{"lineNumber":12,"author":{"gitId":"dinvsh"},"content":"    public static final String HORIZONTAL_LINE \u003d \"____________________________________________________________\";","lastModifiedDate":"2026-02-04T13:05:53","isFullCredit":false},{"lineNumber":13,"author":{"gitId":"dinvsh"},"content":"","lastModifiedDate":"2026-02-04T13:05:53","isFullCredit":false},{"lineNumber":14,"author":{"gitId":"dinvsh"},"content":"    public static final String ERR_SYSTEM_PREFIX \u003d \"uh oh: \";","lastModifiedDate":"2026-02-04T13:05:53","isFullCredit":false},{"lineNumber":15,"author":{"gitId":"dinvsh"},"content":"    public static final String ERR_INVALID_NUMBER \u003d \"that aint a number bro\";","lastModifiedDate":"2026-02-04T13:05:53","isFullCredit":false},{"lineNumber":16,"author":{"gitId":"dinvsh"},"content":"    public static final String ERR_TASK_NOT_FOUND \u003d \"that task number does not exist cuh\";","lastModifiedDate":"2026-02-04T13:05:53","isFullCredit":false},{"lineNumber":17,"author":{"gitId":"dinvsh"},"content":"    public static final String ERR_MISSING_INDEX \u003d \"you gotta tell me which one to %s cuh\";","lastModifiedDate":"2026-02-04T13:05:53","isFullCredit":false},{"lineNumber":18,"author":{"gitId":"dinvsh"},"content":"    public static final String ERR_EMPTY_DESC \u003d \"bro u gotta say what u wanna do\";","lastModifiedDate":"2026-02-04T13:05:53","isFullCredit":false},{"lineNumber":19,"author":{"gitId":"dinvsh"},"content":"    public static final String ERR_MISSING_BY \u003d \"bro where\u0027s the /by?\";","lastModifiedDate":"2026-02-04T13:05:53","isFullCredit":false},{"lineNumber":20,"author":{"gitId":"dinvsh"},"content":"    public static final String ERR_MISSING_FROM_TO \u003d \"bro where\u0027s the /from and /to?\";","lastModifiedDate":"2026-02-04T13:05:53","isFullCredit":false},{"lineNumber":21,"author":{"gitId":"dinvsh"},"content":"    public static final String ERR_ALREADY_MARKED \u003d \"bro its already marked done, u good?\";","lastModifiedDate":"2026-02-04T13:05:53","isFullCredit":false},{"lineNumber":22,"author":{"gitId":"dinvsh"},"content":"    public static final String ERR_NOT_MARKED \u003d \"bro it aint even marked yet, how u gonna unmark it?\";","lastModifiedDate":"2026-02-04T13:05:53","isFullCredit":false},{"lineNumber":23,"author":{"gitId":"dinvsh"},"content":"    public static final String ERR_UNKNOWN_CMD \u003d \"idk what that means cuh\";","lastModifiedDate":"2026-02-04T13:05:53","isFullCredit":false},{"lineNumber":24,"author":{"gitId":"dinvsh"},"content":"","lastModifiedDate":"2026-02-04T13:05:53","isFullCredit":false},{"lineNumber":25,"author":{"gitId":"dinvsh"},"content":"    public static final String ERR_MISSING_DATE \u003d \"bro u gotta tell me when\";","lastModifiedDate":"2026-02-04T13:05:53","isFullCredit":false},{"lineNumber":26,"author":{"gitId":"dinvsh"},"content":"    public static final String ERR_START_AFTER_END \u003d \"bro u gotta put /from before /to\";","lastModifiedDate":"2026-02-04T13:05:53","isFullCredit":false},{"lineNumber":27,"author":{"gitId":"dinvsh"},"content":"    public static final String ERR_MISSING_START_DATE \u003d \"bro u gotta tell me when it starts\";","lastModifiedDate":"2026-02-04T13:05:53","isFullCredit":false},{"lineNumber":28,"author":{"gitId":"dinvsh"},"content":"    public static final String ERR_MISSING_END_DATE \u003d \"bro u gotta tell me when it ends\";","lastModifiedDate":"2026-02-04T13:05:53","isFullCredit":false},{"lineNumber":29,"author":{"gitId":"dinvsh"},"content":"}","lastModifiedDate":"2026-02-04T13:05:53","isFullCredit":false}],"authorContributionMap":{"dinvsh":29}},{"path":"src/main/java/Steve.java","fileType":"java","lines":[{"lineNumber":1,"author":{"gitId":"dinvsh"},"content":"import java.util.Scanner;","lastModifiedDate":"2026-01-26T22:41:51","isFullCredit":false},{"lineNumber":2,"author":{"gitId":"dinvsh"},"content":"","lastModifiedDate":"2026-01-26T22:41:51","isFullCredit":false},{"lineNumber":3,"author":{"gitId":"dinvsh"},"content":"public class Steve {","lastModifiedDate":"2026-01-26T22:41:51","isFullCredit":false},{"lineNumber":4,"author":{"gitId":"dinvsh"},"content":"    private static final String HORIZONTAL_LINE \u003d \"____________________________________________________________\";","lastModifiedDate":"2026-01-29T13:58:45","isFullCredit":false},{"lineNumber":5,"author":{"gitId":"dinvsh"},"content":"    private static final int MAX_TASKS \u003d 100;","lastModifiedDate":"2026-01-29T13:58:45","isFullCredit":false},{"lineNumber":6,"author":{"gitId":"dinvsh"},"content":"","lastModifiedDate":"2026-02-04T13:05:53","isFullCredit":false},{"lineNumber":7,"author":{"gitId":"dinvsh"},"content":"    private static final String CMD_BYE \u003d \"bye\";","lastModifiedDate":"2026-02-04T13:05:53","isFullCredit":false},{"lineNumber":8,"author":{"gitId":"dinvsh"},"content":"    private static final String CMD_LIST \u003d \"list\";","lastModifiedDate":"2026-02-04T13:05:53","isFullCredit":false},{"lineNumber":9,"author":{"gitId":"dinvsh"},"content":"    private static final String CMD_MARK \u003d \"mark\";","lastModifiedDate":"2026-02-04T13:05:53","isFullCredit":false},{"lineNumber":10,"author":{"gitId":"dinvsh"},"content":"    private static final String CMD_UNMARK \u003d \"unmark\";","lastModifiedDate":"2026-02-04T13:05:53","isFullCredit":false},{"lineNumber":11,"author":{"gitId":"dinvsh"},"content":"    private static final String CMD_TODO \u003d \"todo\";","lastModifiedDate":"2026-02-04T13:05:53","isFullCredit":false},{"lineNumber":12,"author":{"gitId":"dinvsh"},"content":"    private static final String CMD_DEADLINE \u003d \"deadline\";","lastModifiedDate":"2026-02-04T13:05:53","isFullCredit":false},{"lineNumber":13,"author":{"gitId":"dinvsh"},"content":"    private static final String CMD_EVENT \u003d \"event\";","lastModifiedDate":"2026-02-04T13:05:53","isFullCredit":false},{"lineNumber":14,"author":{"gitId":"dinvsh"},"content":"","lastModifiedDate":"2026-02-02T18:31:11","isFullCredit":false},{"lineNumber":15,"author":{"gitId":"dinvsh"},"content":"    private static final int TODO_CMD_LENGTH \u003d 5;","lastModifiedDate":"2026-02-02T18:31:11","isFullCredit":false},{"lineNumber":16,"author":{"gitId":"dinvsh"},"content":"    private static final int DEADLINE_CMD_LENGTH \u003d 9;","lastModifiedDate":"2026-02-02T18:31:11","isFullCredit":false},{"lineNumber":17,"author":{"gitId":"dinvsh"},"content":"    private static final int EVENT_CMD_LENGTH \u003d 6;","lastModifiedDate":"2026-02-02T18:31:11","isFullCredit":false},{"lineNumber":18,"author":{"gitId":"dinvsh"},"content":"    private static final int BY_PREFIX_LENGTH \u003d 4;","lastModifiedDate":"2026-02-02T18:31:11","isFullCredit":false},{"lineNumber":19,"author":{"gitId":"dinvsh"},"content":"    private static final int FROM_PREFIX_LENGTH \u003d 6;","lastModifiedDate":"2026-02-02T18:31:11","isFullCredit":false},{"lineNumber":20,"author":{"gitId":"dinvsh"},"content":"    private static final int TO_PREFIX_LENGTH \u003d 4;","lastModifiedDate":"2026-02-02T18:31:11","isFullCredit":false},{"lineNumber":21,"author":{"gitId":"dinvsh"},"content":"","lastModifiedDate":"2026-02-02T18:31:11","isFullCredit":false},{"lineNumber":22,"author":{"gitId":"dinvsh"},"content":"    private static Task[] tasks \u003d new Task[MAX_TASKS];","lastModifiedDate":"2026-02-04T13:05:53","isFullCredit":false},{"lineNumber":23,"author":{"gitId":"dinvsh"},"content":"    private static int taskCount \u003d 0;","lastModifiedDate":"2026-02-04T13:05:53","isFullCredit":false},{"lineNumber":24,"author":{"gitId":"dinvsh"},"content":"","lastModifiedDate":"2026-01-29T13:58:45","isFullCredit":false},{"lineNumber":25,"author":{"gitId":"dinvsh"},"content":"    public static void main(String[] args) {","lastModifiedDate":"2026-01-22T18:48:48","isFullCredit":false},{"lineNumber":26,"author":{"gitId":"dinvsh"},"content":"        Scanner scanner \u003d new Scanner(System.in);","lastModifiedDate":"2026-01-27T10:23:54","isFullCredit":false},{"lineNumber":27,"author":{"gitId":"dinvsh"},"content":"        printBordered(Messages.WELCOME, Messages.PROMPT);","lastModifiedDate":"2026-02-04T13:05:53","isFullCredit":false},{"lineNumber":28,"author":{"gitId":"dinvsh"},"content":"","lastModifiedDate":"2026-01-26T22:41:51","isFullCredit":false},{"lineNumber":29,"author":{"gitId":"dinvsh"},"content":"        while (true) {","lastModifiedDate":"2026-01-26T22:41:51","isFullCredit":false},{"lineNumber":30,"author":{"gitId":"dinvsh"},"content":"            String input \u003d scanner.nextLine().trim();","lastModifiedDate":"2026-02-02T18:31:11","isFullCredit":false},{"lineNumber":31,"author":{"gitId":"dinvsh"},"content":"            if (input.isEmpty()) {","lastModifiedDate":"2026-02-02T18:31:11","isFullCredit":false},{"lineNumber":32,"author":{"gitId":"dinvsh"},"content":"                continue;","lastModifiedDate":"2026-02-02T18:31:11","isFullCredit":false},{"lineNumber":33,"author":{"gitId":"dinvsh"},"content":"            }","lastModifiedDate":"2026-02-02T18:31:11","isFullCredit":false},{"lineNumber":34,"author":{"gitId":"dinvsh"},"content":"","lastModifiedDate":"2026-01-26T22:41:51","isFullCredit":false},{"lineNumber":35,"author":{"gitId":"dinvsh"},"content":"            try {","lastModifiedDate":"2026-02-02T18:31:11","isFullCredit":false},{"lineNumber":36,"author":{"gitId":"dinvsh"},"content":"                if (processCommand(input)) {","lastModifiedDate":"2026-02-04T13:05:53","isFullCredit":false},{"lineNumber":37,"author":{"gitId":"dinvsh"},"content":"                    break;","lastModifiedDate":"2026-01-26T22:41:51","isFullCredit":false},{"lineNumber":38,"author":{"gitId":"dinvsh"},"content":"                }","lastModifiedDate":"2026-02-04T13:05:53","isFullCredit":false},{"lineNumber":39,"author":{"gitId":"dinvsh"},"content":"            } catch (Exception e) {","lastModifiedDate":"2026-02-04T13:05:53","isFullCredit":false},{"lineNumber":40,"author":{"gitId":"dinvsh"},"content":"                printBordered(Messages.ERR_SYSTEM_PREFIX + e.getMessage());","lastModifiedDate":"2026-02-04T13:05:53","isFullCredit":false},{"lineNumber":41,"author":{"gitId":"dinvsh"},"content":"            }","lastModifiedDate":"2026-02-04T13:05:53","isFullCredit":false},{"lineNumber":42,"author":{"gitId":"dinvsh"},"content":"        }","lastModifiedDate":"2026-02-04T13:05:53","isFullCredit":false},{"lineNumber":43,"author":{"gitId":"dinvsh"},"content":"","lastModifiedDate":"2026-02-04T13:05:53","isFullCredit":false},{"lineNumber":44,"author":{"gitId":"dinvsh"},"content":"        printBordered(Messages.GOODBYE);","lastModifiedDate":"2026-02-04T13:05:53","isFullCredit":false},{"lineNumber":45,"author":{"gitId":"dinvsh"},"content":"        scanner.close();","lastModifiedDate":"2026-02-04T13:05:53","isFullCredit":false},{"lineNumber":46,"author":{"gitId":"dinvsh"},"content":"    }","lastModifiedDate":"2026-02-04T13:05:53","isFullCredit":false},{"lineNumber":47,"author":{"gitId":"dinvsh"},"content":"","lastModifiedDate":"2026-02-04T13:05:53","isFullCredit":false},{"lineNumber":48,"author":{"gitId":"dinvsh"},"content":"    /**","lastModifiedDate":"2026-02-04T13:05:53","isFullCredit":false},{"lineNumber":49,"author":{"gitId":"dinvsh"},"content":"     * Processes the user input and executes the corresponding command.","lastModifiedDate":"2026-02-04T13:05:53","isFullCredit":false},{"lineNumber":50,"author":{"gitId":"dinvsh"},"content":"     * Returns true if the program should exit (i.e., \"bye\" command).","lastModifiedDate":"2026-02-04T13:05:53","isFullCredit":false},{"lineNumber":51,"author":{"gitId":"dinvsh"},"content":"     */","lastModifiedDate":"2026-02-04T13:05:53","isFullCredit":false},{"lineNumber":52,"author":{"gitId":"dinvsh"},"content":"    private static boolean processCommand(String input) {","lastModifiedDate":"2026-02-04T13:05:53","isFullCredit":false},{"lineNumber":53,"author":{"gitId":"dinvsh"},"content":"        String command \u003d input.split(\" \")[0];","lastModifiedDate":"2026-02-04T13:05:53","isFullCredit":false},{"lineNumber":54,"author":{"gitId":"dinvsh"},"content":"","lastModifiedDate":"2026-02-04T13:05:53","isFullCredit":false},{"lineNumber":55,"author":{"gitId":"dinvsh"},"content":"        switch (command) {","lastModifiedDate":"2026-02-04T13:05:53","isFullCredit":false},{"lineNumber":56,"author":{"gitId":"dinvsh"},"content":"        case CMD_BYE:","lastModifiedDate":"2026-02-04T13:05:53","isFullCredit":false},{"lineNumber":57,"author":{"gitId":"dinvsh"},"content":"            return true;","lastModifiedDate":"2026-02-04T13:05:53","isFullCredit":false},{"lineNumber":58,"author":{"gitId":"dinvsh"},"content":"        case CMD_LIST:","lastModifiedDate":"2026-02-04T13:05:53","isFullCredit":false},{"lineNumber":59,"author":{"gitId":"dinvsh"},"content":"            printList();","lastModifiedDate":"2026-02-02T18:31:11","isFullCredit":false},{"lineNumber":60,"author":{"gitId":"dinvsh"},"content":"            break;","lastModifiedDate":"2026-02-04T13:05:53","isFullCredit":false},{"lineNumber":61,"author":{"gitId":"dinvsh"},"content":"        case CMD_MARK:","lastModifiedDate":"2026-02-04T13:05:53","isFullCredit":false},{"lineNumber":62,"author":{"gitId":"dinvsh"},"content":"            handleMark(input);","lastModifiedDate":"2026-02-02T18:31:11","isFullCredit":false},{"lineNumber":63,"author":{"gitId":"dinvsh"},"content":"            break;","lastModifiedDate":"2026-02-04T13:05:53","isFullCredit":false},{"lineNumber":64,"author":{"gitId":"dinvsh"},"content":"        case CMD_UNMARK:","lastModifiedDate":"2026-02-04T13:05:53","isFullCredit":false},{"lineNumber":65,"author":{"gitId":"dinvsh"},"content":"            handleUnmark(input);","lastModifiedDate":"2026-02-02T18:31:11","isFullCredit":false},{"lineNumber":66,"author":{"gitId":"dinvsh"},"content":"            break;","lastModifiedDate":"2026-02-04T13:05:53","isFullCredit":false},{"lineNumber":67,"author":{"gitId":"dinvsh"},"content":"        case CMD_TODO:","lastModifiedDate":"2026-02-04T13:05:53","isFullCredit":false},{"lineNumber":68,"author":{"gitId":"dinvsh"},"content":"            addTodo(input);","lastModifiedDate":"2026-02-02T18:31:11","isFullCredit":false},{"lineNumber":69,"author":{"gitId":"dinvsh"},"content":"            break;","lastModifiedDate":"2026-02-04T13:05:53","isFullCredit":false},{"lineNumber":70,"author":{"gitId":"dinvsh"},"content":"        case CMD_DEADLINE:","lastModifiedDate":"2026-02-04T13:05:53","isFullCredit":false},{"lineNumber":71,"author":{"gitId":"dinvsh"},"content":"            addDeadline(input);","lastModifiedDate":"2026-02-02T18:31:11","isFullCredit":false},{"lineNumber":72,"author":{"gitId":"dinvsh"},"content":"            break;","lastModifiedDate":"2026-02-04T13:05:53","isFullCredit":false},{"lineNumber":73,"author":{"gitId":"dinvsh"},"content":"        case CMD_EVENT:","lastModifiedDate":"2026-02-04T13:05:53","isFullCredit":false},{"lineNumber":74,"author":{"gitId":"dinvsh"},"content":"            addEvent(input);","lastModifiedDate":"2026-02-02T18:31:11","isFullCredit":false},{"lineNumber":75,"author":{"gitId":"dinvsh"},"content":"            break;","lastModifiedDate":"2026-02-04T13:05:53","isFullCredit":false},{"lineNumber":76,"author":{"gitId":"dinvsh"},"content":"        default:","lastModifiedDate":"2026-02-04T13:05:53","isFullCredit":false},{"lineNumber":77,"author":{"gitId":"dinvsh"},"content":"            printBordered(Messages.ERR_UNKNOWN_CMD);","lastModifiedDate":"2026-02-04T13:05:53","isFullCredit":false},{"lineNumber":78,"author":{"gitId":"dinvsh"},"content":"        }","lastModifiedDate":"2026-02-02T18:31:11","isFullCredit":false},{"lineNumber":79,"author":{"gitId":"dinvsh"},"content":"        return false;","lastModifiedDate":"2026-02-04T13:05:53","isFullCredit":false},{"lineNumber":80,"author":{"gitId":"dinvsh"},"content":"    }","lastModifiedDate":"2026-01-29T10:54:57","isFullCredit":false},{"lineNumber":81,"author":{"gitId":"dinvsh"},"content":"","lastModifiedDate":"2026-02-02T18:31:11","isFullCredit":false},{"lineNumber":82,"author":{"gitId":"dinvsh"},"content":"    private static void handleMark(String input) {","lastModifiedDate":"2026-02-02T18:31:11","isFullCredit":false},{"lineNumber":83,"author":{"gitId":"dinvsh"},"content":"        try {","lastModifiedDate":"2026-01-29T10:54:57","isFullCredit":false},{"lineNumber":84,"author":{"gitId":"dinvsh"},"content":"            int index \u003d parseTaskIndex(input, \"mark\");","lastModifiedDate":"2026-02-02T18:31:11","isFullCredit":false},{"lineNumber":85,"author":{"gitId":"dinvsh"},"content":"            if (index \u003d\u003d -1) return;","lastModifiedDate":"2026-02-02T18:31:11","isFullCredit":false},{"lineNumber":86,"author":{"gitId":"dinvsh"},"content":"","lastModifiedDate":"2026-02-02T18:31:11","isFullCredit":false},{"lineNumber":87,"author":{"gitId":"dinvsh"},"content":"            Task task \u003d tasks[index];","lastModifiedDate":"2026-02-02T18:31:11","isFullCredit":false},{"lineNumber":88,"author":{"gitId":"dinvsh"},"content":"            if (task.isDone()) {","lastModifiedDate":"2026-02-02T18:31:11","isFullCredit":false},{"lineNumber":89,"author":{"gitId":"dinvsh"},"content":"                printBordered(Messages.ERR_ALREADY_MARKED);","lastModifiedDate":"2026-02-04T13:05:53","isFullCredit":false},{"lineNumber":90,"author":{"gitId":"dinvsh"},"content":"            } else {","lastModifiedDate":"2026-02-02T18:31:11","isFullCredit":false},{"lineNumber":91,"author":{"gitId":"dinvsh"},"content":"                task.mark();","lastModifiedDate":"2026-02-02T18:31:11","isFullCredit":false},{"lineNumber":92,"author":{"gitId":"dinvsh"},"content":"                printBordered(Messages.MARKED, \"  \" + task.toString());","lastModifiedDate":"2026-02-04T13:05:53","isFullCredit":false},{"lineNumber":93,"author":{"gitId":"dinvsh"},"content":"            }","lastModifiedDate":"2026-02-02T18:31:11","isFullCredit":false},{"lineNumber":94,"author":{"gitId":"dinvsh"},"content":"        } catch (NumberFormatException e) {","lastModifiedDate":"2026-02-02T18:31:11","isFullCredit":false},{"lineNumber":95,"author":{"gitId":"dinvsh"},"content":"            printBordered(Messages.ERR_INVALID_NUMBER);","lastModifiedDate":"2026-02-04T13:05:53","isFullCredit":false},{"lineNumber":96,"author":{"gitId":"dinvsh"},"content":"        }","lastModifiedDate":"2026-02-02T18:31:11","isFullCredit":false},{"lineNumber":97,"author":{"gitId":"dinvsh"},"content":"    }","lastModifiedDate":"2026-02-02T18:31:11","isFullCredit":false},{"lineNumber":98,"author":{"gitId":"dinvsh"},"content":"","lastModifiedDate":"2026-02-02T18:31:11","isFullCredit":false},{"lineNumber":99,"author":{"gitId":"dinvsh"},"content":"    private static void handleUnmark(String input) {","lastModifiedDate":"2026-02-02T18:31:11","isFullCredit":false},{"lineNumber":100,"author":{"gitId":"dinvsh"},"content":"        try {","lastModifiedDate":"2026-02-02T18:31:11","isFullCredit":false},{"lineNumber":101,"author":{"gitId":"dinvsh"},"content":"            int index \u003d parseTaskIndex(input, \"unmark\");","lastModifiedDate":"2026-02-02T18:31:11","isFullCredit":false},{"lineNumber":102,"author":{"gitId":"dinvsh"},"content":"            if (index \u003d\u003d -1) return;","lastModifiedDate":"2026-02-02T18:31:11","isFullCredit":false},{"lineNumber":103,"author":{"gitId":"dinvsh"},"content":"","lastModifiedDate":"2026-02-02T18:31:11","isFullCredit":false},{"lineNumber":104,"author":{"gitId":"dinvsh"},"content":"            Task task \u003d tasks[index];","lastModifiedDate":"2026-02-02T18:31:11","isFullCredit":false},{"lineNumber":105,"author":{"gitId":"dinvsh"},"content":"            if (!task.isDone()) {","lastModifiedDate":"2026-02-02T18:31:11","isFullCredit":false},{"lineNumber":106,"author":{"gitId":"dinvsh"},"content":"                printBordered(Messages.ERR_NOT_MARKED);","lastModifiedDate":"2026-02-04T13:05:53","isFullCredit":false},{"lineNumber":107,"author":{"gitId":"dinvsh"},"content":"            } else {","lastModifiedDate":"2026-01-29T10:54:57","isFullCredit":false},{"lineNumber":108,"author":{"gitId":"dinvsh"},"content":"                task.unmark();","lastModifiedDate":"2026-02-02T18:31:11","isFullCredit":false},{"lineNumber":109,"author":{"gitId":"dinvsh"},"content":"                printBordered(Messages.UNMARKED, \"  \" + task.toString());","lastModifiedDate":"2026-02-04T13:05:53","isFullCredit":false},{"lineNumber":110,"author":{"gitId":"dinvsh"},"content":"            }","lastModifiedDate":"2026-01-29T10:54:57","isFullCredit":false},{"lineNumber":111,"author":{"gitId":"dinvsh"},"content":"        } catch (NumberFormatException e) {","lastModifiedDate":"2026-01-29T10:54:57","isFullCredit":false},{"lineNumber":112,"author":{"gitId":"dinvsh"},"content":"            printBordered(Messages.ERR_INVALID_NUMBER);","lastModifiedDate":"2026-02-04T13:05:53","isFullCredit":false},{"lineNumber":113,"author":{"gitId":"dinvsh"},"content":"        }","lastModifiedDate":"2026-02-02T18:31:11","isFullCredit":false},{"lineNumber":114,"author":{"gitId":"dinvsh"},"content":"    }","lastModifiedDate":"2026-01-29T10:54:57","isFullCredit":false},{"lineNumber":115,"author":{"gitId":"dinvsh"},"content":"","lastModifiedDate":"2026-01-29T10:54:57","isFullCredit":false},{"lineNumber":116,"author":{"gitId":"dinvsh"},"content":"    private static int parseTaskIndex(String input, String action) {","lastModifiedDate":"2026-02-02T18:31:11","isFullCredit":false},{"lineNumber":117,"author":{"gitId":"dinvsh"},"content":"        String[] parts \u003d input.split(\" \");","lastModifiedDate":"2026-01-29T10:54:57","isFullCredit":false},{"lineNumber":118,"author":{"gitId":"dinvsh"},"content":"        if (parts.length \u003c 2) {","lastModifiedDate":"2026-01-29T10:54:57","isFullCredit":false},{"lineNumber":119,"author":{"gitId":"dinvsh"},"content":"            printBordered(String.format(Messages.ERR_MISSING_INDEX, action));","lastModifiedDate":"2026-02-04T13:05:53","isFullCredit":false},{"lineNumber":120,"author":{"gitId":"dinvsh"},"content":"            return -1;","lastModifiedDate":"2026-02-02T18:31:11","isFullCredit":false},{"lineNumber":121,"author":{"gitId":"dinvsh"},"content":"        }","lastModifiedDate":"2026-01-29T10:54:57","isFullCredit":false},{"lineNumber":122,"author":{"gitId":"dinvsh"},"content":"","lastModifiedDate":"2026-02-02T18:31:11","isFullCredit":false},{"lineNumber":123,"author":{"gitId":"dinvsh"},"content":"        int index \u003d Integer.parseInt(parts[1]) - 1;","lastModifiedDate":"2026-01-29T10:54:57","isFullCredit":false},{"lineNumber":124,"author":{"gitId":"dinvsh"},"content":"","lastModifiedDate":"2026-02-04T13:05:53","isFullCredit":false},{"lineNumber":125,"author":{"gitId":"dinvsh"},"content":"        if (!isValidIndex(index)) {","lastModifiedDate":"2026-02-02T18:31:11","isFullCredit":false},{"lineNumber":126,"author":{"gitId":"dinvsh"},"content":"            printBordered(Messages.ERR_TASK_NOT_FOUND);","lastModifiedDate":"2026-02-04T13:05:53","isFullCredit":false},{"lineNumber":127,"author":{"gitId":"dinvsh"},"content":"            return -1;","lastModifiedDate":"2026-02-02T18:31:11","isFullCredit":false},{"lineNumber":128,"author":{"gitId":"dinvsh"},"content":"        }","lastModifiedDate":"2026-01-29T10:54:57","isFullCredit":false},{"lineNumber":129,"author":{"gitId":"dinvsh"},"content":"","lastModifiedDate":"2026-02-04T13:05:53","isFullCredit":false},{"lineNumber":130,"author":{"gitId":"dinvsh"},"content":"        return index;","lastModifiedDate":"2026-02-02T18:31:11","isFullCredit":false},{"lineNumber":131,"author":{"gitId":"dinvsh"},"content":"    }","lastModifiedDate":"2026-01-29T10:54:57","isFullCredit":false},{"lineNumber":132,"author":{"gitId":"dinvsh"},"content":"","lastModifiedDate":"2026-01-29T10:54:57","isFullCredit":false},{"lineNumber":133,"author":{"gitId":"dinvsh"},"content":"    private static boolean isValidIndex(int index) {","lastModifiedDate":"2026-02-02T18:31:11","isFullCredit":false},{"lineNumber":134,"author":{"gitId":"dinvsh"},"content":"        return index \u003e\u003d 0 \u0026\u0026 index \u003c taskCount;","lastModifiedDate":"2026-02-02T18:31:11","isFullCredit":false},{"lineNumber":135,"author":{"gitId":"dinvsh"},"content":"    }","lastModifiedDate":"2026-01-22T18:48:48","isFullCredit":false},{"lineNumber":136,"author":{"gitId":"dinvsh"},"content":"","lastModifiedDate":"2026-02-02T18:31:11","isFullCredit":false},{"lineNumber":137,"author":{"gitId":"dinvsh"},"content":"    private static void addTodo(String input) {","lastModifiedDate":"2026-02-02T18:31:11","isFullCredit":false},{"lineNumber":138,"author":{"gitId":"dinvsh"},"content":"        if (input.length() \u003c\u003d TODO_CMD_LENGTH) {","lastModifiedDate":"2026-02-02T18:31:11","isFullCredit":false},{"lineNumber":139,"author":{"gitId":"dinvsh"},"content":"            printBordered(Messages.ERR_EMPTY_DESC);","lastModifiedDate":"2026-02-04T13:05:53","isFullCredit":false},{"lineNumber":140,"author":{"gitId":"dinvsh"},"content":"            return;","lastModifiedDate":"2026-02-02T18:31:11","isFullCredit":false},{"lineNumber":141,"author":{"gitId":"dinvsh"},"content":"        }","lastModifiedDate":"2026-01-27T10:23:54","isFullCredit":false},{"lineNumber":142,"author":{"gitId":"dinvsh"},"content":"        String desc \u003d input.substring(TODO_CMD_LENGTH).trim();","lastModifiedDate":"2026-02-02T18:31:11","isFullCredit":false},{"lineNumber":143,"author":{"gitId":"dinvsh"},"content":"        addTask(new Todo(desc));","lastModifiedDate":"2026-02-02T18:31:11","isFullCredit":false},{"lineNumber":144,"author":{"gitId":"dinvsh"},"content":"    }","lastModifiedDate":"2026-01-29T10:54:57","isFullCredit":false},{"lineNumber":145,"author":{"gitId":"dinvsh"},"content":"","lastModifiedDate":"2026-01-26T22:41:51","isFullCredit":false},{"lineNumber":146,"author":{"gitId":"dinvsh"},"content":"    private static void addDeadline(String input) {","lastModifiedDate":"2026-02-02T18:31:11","isFullCredit":false},{"lineNumber":147,"author":{"gitId":"dinvsh"},"content":"        int byIndex \u003d input.indexOf(\"/by\");","lastModifiedDate":"2026-02-02T18:31:11","isFullCredit":false},{"lineNumber":148,"author":{"gitId":"dinvsh"},"content":"        if (byIndex \u003d\u003d -1) {","lastModifiedDate":"2026-02-02T18:31:11","isFullCredit":false},{"lineNumber":149,"author":{"gitId":"dinvsh"},"content":"            printBordered(Messages.ERR_MISSING_BY);","lastModifiedDate":"2026-02-04T13:05:53","isFullCredit":false},{"lineNumber":150,"author":{"gitId":"dinvsh"},"content":"            return;","lastModifiedDate":"2026-02-02T18:31:11","isFullCredit":false},{"lineNumber":151,"author":{"gitId":"dinvsh"},"content":"        }","lastModifiedDate":"2026-02-02T18:31:11","isFullCredit":false},{"lineNumber":152,"author":{"gitId":"dinvsh"},"content":"","lastModifiedDate":"2026-02-02T18:31:11","isFullCredit":false},{"lineNumber":153,"author":{"gitId":"dinvsh"},"content":"        String desc \u003d input.substring(DEADLINE_CMD_LENGTH, byIndex).trim();","lastModifiedDate":"2026-02-02T18:31:11","isFullCredit":false},{"lineNumber":154,"author":{"gitId":"dinvsh"},"content":"        if (desc.isEmpty()) {","lastModifiedDate":"2026-02-02T18:31:11","isFullCredit":false},{"lineNumber":155,"author":{"gitId":"dinvsh"},"content":"            printBordered(Messages.ERR_EMPTY_DESC);","lastModifiedDate":"2026-02-04T13:05:53","isFullCredit":false},{"lineNumber":156,"author":{"gitId":"dinvsh"},"content":"            return;","lastModifiedDate":"2026-02-02T18:31:11","isFullCredit":false},{"lineNumber":157,"author":{"gitId":"dinvsh"},"content":"        }","lastModifiedDate":"2026-02-02T18:31:11","isFullCredit":false},{"lineNumber":158,"author":{"gitId":"dinvsh"},"content":"","lastModifiedDate":"2026-02-02T18:31:11","isFullCredit":false},{"lineNumber":159,"author":{"gitId":"dinvsh"},"content":"        if (byIndex + BY_PREFIX_LENGTH \u003e\u003d input.length()) {","lastModifiedDate":"2026-02-02T18:31:11","isFullCredit":false},{"lineNumber":160,"author":{"gitId":"dinvsh"},"content":"            printBordered(Messages.ERR_MISSING_DATE);","lastModifiedDate":"2026-02-04T13:05:53","isFullCredit":false},{"lineNumber":161,"author":{"gitId":"dinvsh"},"content":"            return;","lastModifiedDate":"2026-02-02T18:31:11","isFullCredit":false},{"lineNumber":162,"author":{"gitId":"dinvsh"},"content":"        }","lastModifiedDate":"2026-02-02T18:31:11","isFullCredit":false},{"lineNumber":163,"author":{"gitId":"dinvsh"},"content":"","lastModifiedDate":"2026-02-02T18:31:11","isFullCredit":false},{"lineNumber":164,"author":{"gitId":"dinvsh"},"content":"        String by \u003d input.substring(byIndex + BY_PREFIX_LENGTH).trim();","lastModifiedDate":"2026-02-02T18:31:11","isFullCredit":false},{"lineNumber":165,"author":{"gitId":"dinvsh"},"content":"        if (by.isEmpty()) {","lastModifiedDate":"2026-02-02T18:31:11","isFullCredit":false},{"lineNumber":166,"author":{"gitId":"dinvsh"},"content":"            printBordered(Messages.ERR_MISSING_DATE);","lastModifiedDate":"2026-02-04T13:05:53","isFullCredit":false},{"lineNumber":167,"author":{"gitId":"dinvsh"},"content":"            return;","lastModifiedDate":"2026-02-02T18:31:11","isFullCredit":false},{"lineNumber":168,"author":{"gitId":"dinvsh"},"content":"        }","lastModifiedDate":"2026-02-02T18:31:11","isFullCredit":false},{"lineNumber":169,"author":{"gitId":"dinvsh"},"content":"","lastModifiedDate":"2026-02-02T18:31:11","isFullCredit":false},{"lineNumber":170,"author":{"gitId":"dinvsh"},"content":"        addTask(new Deadline(desc, by));","lastModifiedDate":"2026-02-02T18:31:11","isFullCredit":false},{"lineNumber":171,"author":{"gitId":"dinvsh"},"content":"    }","lastModifiedDate":"2026-02-02T18:31:11","isFullCredit":false},{"lineNumber":172,"author":{"gitId":"dinvsh"},"content":"","lastModifiedDate":"2026-02-02T18:31:11","isFullCredit":false},{"lineNumber":173,"author":{"gitId":"dinvsh"},"content":"    private static void addEvent(String input) {","lastModifiedDate":"2026-02-02T18:31:11","isFullCredit":false},{"lineNumber":174,"author":{"gitId":"dinvsh"},"content":"        int fromIndex \u003d input.indexOf(\"/from\");","lastModifiedDate":"2026-02-02T18:31:11","isFullCredit":false},{"lineNumber":175,"author":{"gitId":"dinvsh"},"content":"        int toIndex \u003d input.indexOf(\"/to\");","lastModifiedDate":"2026-02-02T18:31:11","isFullCredit":false},{"lineNumber":176,"author":{"gitId":"dinvsh"},"content":"","lastModifiedDate":"2026-02-02T18:31:11","isFullCredit":false},{"lineNumber":177,"author":{"gitId":"dinvsh"},"content":"        if (fromIndex \u003d\u003d -1 || toIndex \u003d\u003d -1) {","lastModifiedDate":"2026-02-02T18:31:11","isFullCredit":false},{"lineNumber":178,"author":{"gitId":"dinvsh"},"content":"            printBordered(Messages.ERR_MISSING_FROM_TO);","lastModifiedDate":"2026-02-04T13:05:53","isFullCredit":false},{"lineNumber":179,"author":{"gitId":"dinvsh"},"content":"            return;","lastModifiedDate":"2026-02-02T18:31:11","isFullCredit":false},{"lineNumber":180,"author":{"gitId":"dinvsh"},"content":"        }","lastModifiedDate":"2026-02-02T18:31:11","isFullCredit":false},{"lineNumber":181,"author":{"gitId":"dinvsh"},"content":"","lastModifiedDate":"2026-02-02T18:31:11","isFullCredit":false},{"lineNumber":182,"author":{"gitId":"dinvsh"},"content":"        if (fromIndex \u003e toIndex) {","lastModifiedDate":"2026-02-02T18:31:11","isFullCredit":false},{"lineNumber":183,"author":{"gitId":"dinvsh"},"content":"            printBordered(Messages.ERR_START_AFTER_END);","lastModifiedDate":"2026-02-04T13:05:53","isFullCredit":false},{"lineNumber":184,"author":{"gitId":"dinvsh"},"content":"            return;","lastModifiedDate":"2026-02-02T18:31:11","isFullCredit":false},{"lineNumber":185,"author":{"gitId":"dinvsh"},"content":"        }","lastModifiedDate":"2026-02-02T18:31:11","isFullCredit":false},{"lineNumber":186,"author":{"gitId":"dinvsh"},"content":"","lastModifiedDate":"2026-02-02T18:31:11","isFullCredit":false},{"lineNumber":187,"author":{"gitId":"dinvsh"},"content":"        String desc \u003d input.substring(EVENT_CMD_LENGTH, fromIndex).trim();","lastModifiedDate":"2026-02-02T18:31:11","isFullCredit":false},{"lineNumber":188,"author":{"gitId":"dinvsh"},"content":"        if (desc.isEmpty()) {","lastModifiedDate":"2026-02-02T18:31:11","isFullCredit":false},{"lineNumber":189,"author":{"gitId":"dinvsh"},"content":"            printBordered(Messages.ERR_EMPTY_DESC);","lastModifiedDate":"2026-02-04T13:05:53","isFullCredit":false},{"lineNumber":190,"author":{"gitId":"dinvsh"},"content":"            return;","lastModifiedDate":"2026-02-02T18:31:11","isFullCredit":false},{"lineNumber":191,"author":{"gitId":"dinvsh"},"content":"        }","lastModifiedDate":"2026-02-02T18:31:11","isFullCredit":false},{"lineNumber":192,"author":{"gitId":"dinvsh"},"content":"","lastModifiedDate":"2026-02-02T18:31:11","isFullCredit":false},{"lineNumber":193,"author":{"gitId":"dinvsh"},"content":"        if (fromIndex + FROM_PREFIX_LENGTH \u003e\u003d input.length()) {","lastModifiedDate":"2026-02-02T18:31:11","isFullCredit":false},{"lineNumber":194,"author":{"gitId":"dinvsh"},"content":"            printBordered(Messages.ERR_MISSING_START_DATE);","lastModifiedDate":"2026-02-04T13:05:53","isFullCredit":false},{"lineNumber":195,"author":{"gitId":"dinvsh"},"content":"            return;","lastModifiedDate":"2026-02-02T18:31:11","isFullCredit":false},{"lineNumber":196,"author":{"gitId":"dinvsh"},"content":"        }","lastModifiedDate":"2026-02-02T18:31:11","isFullCredit":false},{"lineNumber":197,"author":{"gitId":"dinvsh"},"content":"        String from \u003d input.substring(fromIndex + FROM_PREFIX_LENGTH, toIndex).trim();","lastModifiedDate":"2026-02-02T18:31:11","isFullCredit":false},{"lineNumber":198,"author":{"gitId":"dinvsh"},"content":"        if (from.isEmpty()) {","lastModifiedDate":"2026-02-02T18:31:11","isFullCredit":false},{"lineNumber":199,"author":{"gitId":"dinvsh"},"content":"            printBordered(Messages.ERR_MISSING_START_DATE);","lastModifiedDate":"2026-02-04T13:05:53","isFullCredit":false},{"lineNumber":200,"author":{"gitId":"dinvsh"},"content":"            return;","lastModifiedDate":"2026-02-02T18:31:11","isFullCredit":false},{"lineNumber":201,"author":{"gitId":"dinvsh"},"content":"        }","lastModifiedDate":"2026-02-02T18:31:11","isFullCredit":false},{"lineNumber":202,"author":{"gitId":"dinvsh"},"content":"","lastModifiedDate":"2026-02-02T18:31:11","isFullCredit":false},{"lineNumber":203,"author":{"gitId":"dinvsh"},"content":"        if (toIndex + TO_PREFIX_LENGTH \u003e\u003d input.length()) {","lastModifiedDate":"2026-02-02T18:31:11","isFullCredit":false},{"lineNumber":204,"author":{"gitId":"dinvsh"},"content":"            printBordered(Messages.ERR_MISSING_END_DATE);","lastModifiedDate":"2026-02-04T13:05:53","isFullCredit":false},{"lineNumber":205,"author":{"gitId":"dinvsh"},"content":"            return;","lastModifiedDate":"2026-02-02T18:31:11","isFullCredit":false},{"lineNumber":206,"author":{"gitId":"dinvsh"},"content":"        }","lastModifiedDate":"2026-02-02T18:31:11","isFullCredit":false},{"lineNumber":207,"author":{"gitId":"dinvsh"},"content":"        String to \u003d input.substring(toIndex + TO_PREFIX_LENGTH).trim();","lastModifiedDate":"2026-02-02T18:31:11","isFullCredit":false},{"lineNumber":208,"author":{"gitId":"dinvsh"},"content":"        if (to.isEmpty()) {","lastModifiedDate":"2026-02-02T18:31:11","isFullCredit":false},{"lineNumber":209,"author":{"gitId":"dinvsh"},"content":"            printBordered(Messages.ERR_MISSING_END_DATE);","lastModifiedDate":"2026-02-04T13:05:53","isFullCredit":false},{"lineNumber":210,"author":{"gitId":"dinvsh"},"content":"            return;","lastModifiedDate":"2026-02-02T18:31:11","isFullCredit":false},{"lineNumber":211,"author":{"gitId":"dinvsh"},"content":"        }","lastModifiedDate":"2026-02-02T18:31:11","isFullCredit":false},{"lineNumber":212,"author":{"gitId":"dinvsh"},"content":"","lastModifiedDate":"2026-02-02T18:31:11","isFullCredit":false},{"lineNumber":213,"author":{"gitId":"dinvsh"},"content":"        addTask(new Event(desc, from, to));","lastModifiedDate":"2026-02-02T18:31:11","isFullCredit":false},{"lineNumber":214,"author":{"gitId":"dinvsh"},"content":"    }","lastModifiedDate":"2026-02-02T18:31:11","isFullCredit":false},{"lineNumber":215,"author":{"gitId":"dinvsh"},"content":"","lastModifiedDate":"2026-02-02T18:31:11","isFullCredit":false},{"lineNumber":216,"author":{"gitId":"dinvsh"},"content":"    private static void addTask(Task t) {","lastModifiedDate":"2026-02-02T18:31:11","isFullCredit":false},{"lineNumber":217,"author":{"gitId":"dinvsh"},"content":"        tasks[taskCount] \u003d t;","lastModifiedDate":"2026-02-02T18:31:11","isFullCredit":false},{"lineNumber":218,"author":{"gitId":"dinvsh"},"content":"        taskCount++;","lastModifiedDate":"2026-02-02T18:31:11","isFullCredit":false},{"lineNumber":219,"author":{"gitId":"dinvsh"},"content":"","lastModifiedDate":"2026-02-02T18:31:11","isFullCredit":false},{"lineNumber":220,"author":{"gitId":"dinvsh"},"content":"        printBordered(","lastModifiedDate":"2026-02-02T18:31:11","isFullCredit":false},{"lineNumber":221,"author":{"gitId":"dinvsh"},"content":"                Messages.TASK_ADDED,","lastModifiedDate":"2026-02-04T13:05:53","isFullCredit":false},{"lineNumber":222,"author":{"gitId":"dinvsh"},"content":"                \"  \" + t.toString(),","lastModifiedDate":"2026-02-02T18:31:11","isFullCredit":false},{"lineNumber":223,"author":{"gitId":"dinvsh"},"content":"                String.format(Messages.TASK_COUNT, taskCount)","lastModifiedDate":"2026-02-04T13:05:53","isFullCredit":false},{"lineNumber":224,"author":{"gitId":"dinvsh"},"content":"        );","lastModifiedDate":"2026-02-02T18:31:11","isFullCredit":false},{"lineNumber":225,"author":{"gitId":"dinvsh"},"content":"    }","lastModifiedDate":"2026-02-02T18:31:11","isFullCredit":false},{"lineNumber":226,"author":{"gitId":"dinvsh"},"content":"","lastModifiedDate":"2026-02-02T18:31:11","isFullCredit":false},{"lineNumber":227,"author":{"gitId":"dinvsh"},"content":"    private static void printList() {","lastModifiedDate":"2026-02-02T18:31:11","isFullCredit":false},{"lineNumber":228,"author":{"gitId":"dinvsh"},"content":"        System.out.println(HORIZONTAL_LINE);","lastModifiedDate":"2026-02-02T18:31:11","isFullCredit":false},{"lineNumber":229,"author":{"gitId":"dinvsh"},"content":"        System.out.println(Messages.LIST_HEADER);","lastModifiedDate":"2026-02-04T13:05:53","isFullCredit":false},{"lineNumber":230,"author":{"gitId":"dinvsh"},"content":"        for (int i \u003d 0; i \u003c taskCount; i++) {","lastModifiedDate":"2026-02-02T18:31:11","isFullCredit":false},{"lineNumber":231,"author":{"gitId":"dinvsh"},"content":"            System.out.println(\" \" + (i + 1) + \".\" + tasks[i].toString());","lastModifiedDate":"2026-02-02T18:31:11","isFullCredit":false},{"lineNumber":232,"author":{"gitId":"dinvsh"},"content":"        }","lastModifiedDate":"2026-02-02T18:31:11","isFullCredit":false},{"lineNumber":233,"author":{"gitId":"dinvsh"},"content":"        System.out.println(HORIZONTAL_LINE);","lastModifiedDate":"2026-02-02T18:31:11","isFullCredit":false},{"lineNumber":234,"author":{"gitId":"dinvsh"},"content":"    }","lastModifiedDate":"2026-01-26T22:41:51","isFullCredit":false},{"lineNumber":235,"author":{"gitId":"dinvsh"},"content":"","lastModifiedDate":"2026-01-29T13:58:45","isFullCredit":false},{"lineNumber":236,"author":{"gitId":"dinvsh"},"content":"    private static void printBordered(String... messages) {","lastModifiedDate":"2026-01-29T13:58:45","isFullCredit":false},{"lineNumber":237,"author":{"gitId":"dinvsh"},"content":"        System.out.println(HORIZONTAL_LINE);","lastModifiedDate":"2026-01-29T13:58:45","isFullCredit":false},{"lineNumber":238,"author":{"gitId":"dinvsh"},"content":"        for (String msg : messages) {","lastModifiedDate":"2026-01-29T13:58:45","isFullCredit":false},{"lineNumber":239,"author":{"gitId":"dinvsh"},"content":"            System.out.println(\" \" + msg);","lastModifiedDate":"2026-01-29T13:58:45","isFullCredit":false},{"lineNumber":240,"author":{"gitId":"dinvsh"},"content":"        }","lastModifiedDate":"2026-01-29T13:58:45","isFullCredit":false},{"lineNumber":241,"author":{"gitId":"dinvsh"},"content":"        System.out.println(HORIZONTAL_LINE);","lastModifiedDate":"2026-01-29T13:58:45","isFullCredit":false},{"lineNumber":242,"author":{"gitId":"dinvsh"},"content":"    }","lastModifiedDate":"2026-01-29T13:58:45","isFullCredit":false},{"lineNumber":243,"author":{"gitId":"dinvsh"},"content":"}","lastModifiedDate":"2026-01-22T18:48:48","isFullCredit":false}],"authorContributionMap":{"dinvsh":243}},{"path":"src/main/java/Task.java","fileType":"java","lines":[{"lineNumber":1,"author":{"gitId":"dinvsh"},"content":"public class Task {","lastModifiedDate":"2026-01-27T10:23:54","isFullCredit":false},{"lineNumber":2,"author":{"gitId":"dinvsh"},"content":"    protected String description;","lastModifiedDate":"2026-01-27T10:23:54","isFullCredit":false},{"lineNumber":3,"author":{"gitId":"dinvsh"},"content":"    protected boolean isDone;","lastModifiedDate":"2026-01-29T10:54:57","isFullCredit":false},{"lineNumber":4,"author":{"gitId":"dinvsh"},"content":"","lastModifiedDate":"2026-01-27T10:23:54","isFullCredit":false},{"lineNumber":5,"author":{"gitId":"dinvsh"},"content":"    public Task(String description) {","lastModifiedDate":"2026-01-27T10:23:54","isFullCredit":false},{"lineNumber":6,"author":{"gitId":"dinvsh"},"content":"        this.description \u003d description;","lastModifiedDate":"2026-01-27T10:23:54","isFullCredit":false},{"lineNumber":7,"author":{"gitId":"dinvsh"},"content":"        this.isDone \u003d false;","lastModifiedDate":"2026-01-29T10:54:57","isFullCredit":false},{"lineNumber":8,"author":{"gitId":"dinvsh"},"content":"    }","lastModifiedDate":"2026-01-27T10:23:54","isFullCredit":false},{"lineNumber":9,"author":{"gitId":"dinvsh"},"content":"","lastModifiedDate":"2026-01-27T10:23:54","isFullCredit":false},{"lineNumber":10,"author":{"gitId":"dinvsh"},"content":"    public String getDescription() {","lastModifiedDate":"2026-01-29T13:58:45","isFullCredit":false},{"lineNumber":11,"author":{"gitId":"dinvsh"},"content":"        return description;","lastModifiedDate":"2026-01-27T10:23:54","isFullCredit":false},{"lineNumber":12,"author":{"gitId":"dinvsh"},"content":"    }","lastModifiedDate":"2026-01-27T10:23:54","isFullCredit":false},{"lineNumber":13,"author":{"gitId":"dinvsh"},"content":"","lastModifiedDate":"2026-01-27T10:23:54","isFullCredit":false},{"lineNumber":14,"author":{"gitId":"dinvsh"},"content":"    public String getStatusIcon() {","lastModifiedDate":"2026-01-29T10:54:57","isFullCredit":false},{"lineNumber":15,"author":{"gitId":"dinvsh"},"content":"        return (isDone ? \"X\" : \" \");","lastModifiedDate":"2026-01-29T10:54:57","isFullCredit":false},{"lineNumber":16,"author":{"gitId":"dinvsh"},"content":"    }","lastModifiedDate":"2026-01-29T10:54:57","isFullCredit":false},{"lineNumber":17,"author":{"gitId":"dinvsh"},"content":"","lastModifiedDate":"2026-01-29T10:54:57","isFullCredit":false},{"lineNumber":18,"author":{"gitId":"dinvsh"},"content":"    public void mark() {","lastModifiedDate":"2026-01-29T10:54:57","isFullCredit":false},{"lineNumber":19,"author":{"gitId":"dinvsh"},"content":"        this.isDone \u003d true;","lastModifiedDate":"2026-01-29T10:54:57","isFullCredit":false},{"lineNumber":20,"author":{"gitId":"dinvsh"},"content":"    }","lastModifiedDate":"2026-01-29T10:54:57","isFullCredit":false},{"lineNumber":21,"author":{"gitId":"dinvsh"},"content":"","lastModifiedDate":"2026-01-29T10:54:57","isFullCredit":false},{"lineNumber":22,"author":{"gitId":"dinvsh"},"content":"    public void unmark() {","lastModifiedDate":"2026-01-29T10:54:57","isFullCredit":false},{"lineNumber":23,"author":{"gitId":"dinvsh"},"content":"        this.isDone \u003d false;","lastModifiedDate":"2026-01-29T10:54:57","isFullCredit":false},{"lineNumber":24,"author":{"gitId":"dinvsh"},"content":"    }","lastModifiedDate":"2026-01-29T10:54:57","isFullCredit":false},{"lineNumber":25,"author":{"gitId":"dinvsh"},"content":"","lastModifiedDate":"2026-01-29T10:54:57","isFullCredit":false},{"lineNumber":26,"author":{"gitId":"dinvsh"},"content":"    public boolean isDone() {","lastModifiedDate":"2026-01-29T10:54:57","isFullCredit":false},{"lineNumber":27,"author":{"gitId":"dinvsh"},"content":"        return isDone;","lastModifiedDate":"2026-01-29T10:54:57","isFullCredit":false},{"lineNumber":28,"author":{"gitId":"dinvsh"},"content":"    }","lastModifiedDate":"2026-01-29T10:54:57","isFullCredit":false},{"lineNumber":29,"author":{"gitId":"dinvsh"},"content":"","lastModifiedDate":"2026-02-02T18:31:11","isFullCredit":false},{"lineNumber":30,"author":{"gitId":"dinvsh"},"content":"    @Override","lastModifiedDate":"2026-02-02T18:31:11","isFullCredit":false},{"lineNumber":31,"author":{"gitId":"dinvsh"},"content":"    public String toString() {","lastModifiedDate":"2026-02-02T18:31:11","isFullCredit":false},{"lineNumber":32,"author":{"gitId":"dinvsh"},"content":"        return \"[\" + this.getStatusIcon() + \"] \" + this.description;","lastModifiedDate":"2026-02-02T18:31:11","isFullCredit":false},{"lineNumber":33,"author":{"gitId":"dinvsh"},"content":"    }","lastModifiedDate":"2026-02-02T18:31:11","isFullCredit":false},{"lineNumber":34,"author":{"gitId":"dinvsh"},"content":"}","lastModifiedDate":"2026-01-27T10:23:54","isFullCredit":false}],"authorContributionMap":{"dinvsh":34}},{"path":"src/main/java/Todo.java","fileType":"java","lines":[{"lineNumber":1,"author":{"gitId":"dinvsh"},"content":"public class Todo extends Task {","lastModifiedDate":"2026-02-02T18:31:11","isFullCredit":false},{"lineNumber":2,"author":{"gitId":"dinvsh"},"content":"    public Todo(String description) {","lastModifiedDate":"2026-02-02T18:31:11","isFullCredit":false},{"lineNumber":3,"author":{"gitId":"dinvsh"},"content":"        super(description);","lastModifiedDate":"2026-02-02T18:31:11","isFullCredit":false},{"lineNumber":4,"author":{"gitId":"dinvsh"},"content":"    }","lastModifiedDate":"2026-02-02T18:31:11","isFullCredit":false},{"lineNumber":5,"author":{"gitId":"dinvsh"},"content":"","lastModifiedDate":"2026-02-02T18:31:11","isFullCredit":false},{"lineNumber":6,"author":{"gitId":"dinvsh"},"content":"    @Override","lastModifiedDate":"2026-02-02T18:31:11","isFullCredit":false},{"lineNumber":7,"author":{"gitId":"dinvsh"},"content":"    public String toString() {","lastModifiedDate":"2026-02-02T18:31:11","isFullCredit":false},{"lineNumber":8,"author":{"gitId":"dinvsh"},"content":"        return \"[T]\" + super.toString();","lastModifiedDate":"2026-02-02T18:31:11","isFullCredit":false},{"lineNumber":9,"author":{"gitId":"dinvsh"},"content":"    }","lastModifiedDate":"2026-02-02T18:31:11","isFullCredit":false},{"lineNumber":10,"author":{"gitId":"dinvsh"},"content":"}","lastModifiedDate":"2026-02-02T18:31:11","isFullCredit":false}],"authorContributionMap":{"dinvsh":10}},{"path":"text-ui-test/runtest.bat","fileType":"bat","lines":[{"lineNumber":1,"author":{"gitId":"-"},"content":"@ECHO OFF","lastModifiedDate":"2020-05-25T00:03:55","isFullCredit":false},{"lineNumber":2,"author":{"gitId":"-"},"content":"","lastModifiedDate":"2020-05-25T00:03:55","isFullCredit":false},{"lineNumber":3,"author":{"gitId":"-"},"content":"REM create bin directory if it doesn\u0027t exist","lastModifiedDate":"2020-05-25T00:03:55","isFullCredit":false},{"lineNumber":4,"author":{"gitId":"-"},"content":"if not exist ..\\bin mkdir ..\\bin","lastModifiedDate":"2020-05-25T00:03:55","isFullCredit":false},{"lineNumber":5,"author":{"gitId":"-"},"content":"","lastModifiedDate":"2020-05-25T00:03:55","isFullCredit":false},{"lineNumber":6,"author":{"gitId":"-"},"content":"REM delete output from previous run","lastModifiedDate":"2020-05-25T00:03:55","isFullCredit":false},{"lineNumber":7,"author":{"gitId":"-"},"content":"if exist ACTUAL.TXT del ACTUAL.TXT","lastModifiedDate":"2020-08-25T17:23:26","isFullCredit":false},{"lineNumber":8,"author":{"gitId":"-"},"content":"","lastModifiedDate":"2020-05-25T00:03:55","isFullCredit":false},{"lineNumber":9,"author":{"gitId":"-"},"content":"REM compile the code into the bin folder","lastModifiedDate":"2020-05-25T00:03:55","isFullCredit":false},{"lineNumber":10,"author":{"gitId":"-"},"content":"javac  -cp ..\\src\\main\\java -Xlint:none -d ..\\bin ..\\src\\main\\java\\*.java","lastModifiedDate":"2020-08-25T17:23:26","isFullCredit":false},{"lineNumber":11,"author":{"gitId":"-"},"content":"IF ERRORLEVEL 1 (","lastModifiedDate":"2020-05-25T00:03:55","isFullCredit":false},{"lineNumber":12,"author":{"gitId":"-"},"content":"    echo ********** BUILD FAILURE **********","lastModifiedDate":"2020-05-25T00:03:55","isFullCredit":false},{"lineNumber":13,"author":{"gitId":"-"},"content":"    exit /b 1","lastModifiedDate":"2020-05-25T00:03:55","isFullCredit":false},{"lineNumber":14,"author":{"gitId":"-"},"content":")","lastModifiedDate":"2020-05-25T00:03:55","isFullCredit":false},{"lineNumber":15,"author":{"gitId":"-"},"content":"REM no error here, errorlevel \u003d\u003d 0","lastModifiedDate":"2020-05-25T00:03:55","isFullCredit":false},{"lineNumber":16,"author":{"gitId":"-"},"content":"","lastModifiedDate":"2020-05-25T00:03:55","isFullCredit":false},{"lineNumber":17,"author":{"gitId":"-"},"content":"REM run the program, feed commands from input.txt file and redirect the output to the ACTUAL.TXT","lastModifiedDate":"2020-05-25T00:03:55","isFullCredit":false},{"lineNumber":18,"author":{"gitId":"dinvsh"},"content":"java -classpath ..\\bin Steve \u003c input \u003e ACTUAL.TXT","lastModifiedDate":"2026-02-04T12:36:31","isFullCredit":false},{"lineNumber":19,"author":{"gitId":"-"},"content":"","lastModifiedDate":"2020-05-25T00:03:55","isFullCredit":false},{"lineNumber":20,"author":{"gitId":"-"},"content":"REM compare the output to the expected output","lastModifiedDate":"2020-05-25T00:03:55","isFullCredit":false},{"lineNumber":21,"author":{"gitId":"-"},"content":"FC ACTUAL.TXT EXPECTED.TXT","lastModifiedDate":"2020-05-25T00:03:55","isFullCredit":false}],"authorContributionMap":{"dinvsh":1,"-":20}}]
