[{"path":"src/main/java/Steve.java","fileType":"java","lines":[{"lineNumber":1,"author":{"gitId":"dinvsh"},"content":"import java.util.Scanner;","lastModifiedDate":"2026-01-26T22:41:51","isFullCredit":false},{"lineNumber":2,"author":{"gitId":"dinvsh"},"content":"","lastModifiedDate":"2026-01-26T22:41:51","isFullCredit":false},{"lineNumber":3,"author":{"gitId":"dinvsh"},"content":"public class Steve {","lastModifiedDate":"2026-01-26T22:41:51","isFullCredit":false},{"lineNumber":4,"author":{"gitId":"dinvsh"},"content":"    private static final String HORIZONTAL_LINE \u003d \"____________________________________________________________\";","lastModifiedDate":"2026-01-29T13:58:45","isFullCredit":false},{"lineNumber":5,"author":{"gitId":"dinvsh"},"content":"    private static final int MAX_TASKS \u003d 100;","lastModifiedDate":"2026-01-29T13:58:45","isFullCredit":false},{"lineNumber":6,"author":{"gitId":"dinvsh"},"content":"","lastModifiedDate":"2026-01-29T13:58:45","isFullCredit":false},{"lineNumber":7,"author":{"gitId":"dinvsh"},"content":"    public static void main(String[] args) {","lastModifiedDate":"2026-01-22T18:48:48","isFullCredit":false},{"lineNumber":8,"author":{"gitId":"dinvsh"},"content":"        String name \u003d \"steve\";","lastModifiedDate":"2026-01-22T18:48:48","isFullCredit":false},{"lineNumber":9,"author":{"gitId":"dinvsh"},"content":"        Scanner scanner \u003d new Scanner(System.in);","lastModifiedDate":"2026-01-27T10:23:54","isFullCredit":false},{"lineNumber":10,"author":{"gitId":"dinvsh"},"content":"        Task[] tasks \u003d new Task[MAX_TASKS];","lastModifiedDate":"2026-01-29T13:58:45","isFullCredit":false},{"lineNumber":11,"author":{"gitId":"dinvsh"},"content":"        int taskCount \u003d 0;","lastModifiedDate":"2026-01-27T10:23:54","isFullCredit":false},{"lineNumber":12,"author":{"gitId":"dinvsh"},"content":"","lastModifiedDate":"2026-01-22T18:48:48","isFullCredit":false},{"lineNumber":13,"author":{"gitId":"dinvsh"},"content":"        printBordered(\"waddup im \" + name, \"whatchu want from me?\");","lastModifiedDate":"2026-01-29T13:58:45","isFullCredit":false},{"lineNumber":14,"author":{"gitId":"dinvsh"},"content":"","lastModifiedDate":"2026-01-26T22:41:51","isFullCredit":false},{"lineNumber":15,"author":{"gitId":"dinvsh"},"content":"        while (true) {","lastModifiedDate":"2026-01-26T22:41:51","isFullCredit":false},{"lineNumber":16,"author":{"gitId":"dinvsh"},"content":"            String input \u003d scanner.nextLine();","lastModifiedDate":"2026-01-27T10:23:54","isFullCredit":false},{"lineNumber":17,"author":{"gitId":"dinvsh"},"content":"","lastModifiedDate":"2026-01-26T22:41:51","isFullCredit":false},{"lineNumber":18,"author":{"gitId":"dinvsh"},"content":"            if (input.equals(\"bye\")) {","lastModifiedDate":"2026-01-27T10:23:54","isFullCredit":false},{"lineNumber":19,"author":{"gitId":"dinvsh"},"content":"                break;","lastModifiedDate":"2026-01-26T22:41:51","isFullCredit":false},{"lineNumber":20,"author":{"gitId":"dinvsh"},"content":"            } else if (input.equals(\"list\")) {","lastModifiedDate":"2026-01-27T10:23:54","isFullCredit":false},{"lineNumber":21,"author":{"gitId":"dinvsh"},"content":"                System.out.println(HORIZONTAL_LINE);","lastModifiedDate":"2026-01-29T13:58:45","isFullCredit":false},{"lineNumber":22,"author":{"gitId":"dinvsh"},"content":"                System.out.println(\" here\u0027s your stuff cuh:\");","lastModifiedDate":"2026-01-29T10:54:57","isFullCredit":false},{"lineNumber":23,"author":{"gitId":"dinvsh"},"content":"                for (int i \u003d 0; i \u003c taskCount; i++) {","lastModifiedDate":"2026-01-27T10:23:54","isFullCredit":false},{"lineNumber":24,"author":{"gitId":"dinvsh"},"content":"                    System.out.println(\" \" + (i + 1) + \".[\" + tasks[i].getStatusIcon() + \"] \" + tasks[i].getDescription());","lastModifiedDate":"2026-01-29T13:58:45","isFullCredit":false},{"lineNumber":25,"author":{"gitId":"dinvsh"},"content":"                }","lastModifiedDate":"2026-01-26T22:41:51","isFullCredit":false},{"lineNumber":26,"author":{"gitId":"dinvsh"},"content":"                System.out.println(HORIZONTAL_LINE);","lastModifiedDate":"2026-01-29T13:58:45","isFullCredit":false},{"lineNumber":27,"author":{"gitId":"dinvsh"},"content":"","lastModifiedDate":"2026-01-29T10:54:57","isFullCredit":false},{"lineNumber":28,"author":{"gitId":"dinvsh"},"content":"            } else if (input.startsWith(\"mark\")) {","lastModifiedDate":"2026-01-29T10:54:57","isFullCredit":false},{"lineNumber":29,"author":{"gitId":"dinvsh"},"content":"                String[] parts \u003d input.split(\" \");","lastModifiedDate":"2026-01-29T10:54:57","isFullCredit":false},{"lineNumber":30,"author":{"gitId":"dinvsh"},"content":"                if (parts.length \u003c 2) {","lastModifiedDate":"2026-01-29T10:54:57","isFullCredit":false},{"lineNumber":31,"author":{"gitId":"dinvsh"},"content":"                    printBordered(\"you gotta tell me which one to mark cuh\");","lastModifiedDate":"2026-01-29T13:58:45","isFullCredit":false},{"lineNumber":32,"author":{"gitId":"dinvsh"},"content":"                    continue;","lastModifiedDate":"2026-01-29T13:58:45","isFullCredit":false},{"lineNumber":33,"author":{"gitId":"dinvsh"},"content":"                }","lastModifiedDate":"2026-01-29T10:54:57","isFullCredit":false},{"lineNumber":34,"author":{"gitId":"dinvsh"},"content":"                try {","lastModifiedDate":"2026-01-29T10:54:57","isFullCredit":false},{"lineNumber":35,"author":{"gitId":"dinvsh"},"content":"                    int index \u003d Integer.parseInt(parts[1]) - 1;","lastModifiedDate":"2026-01-29T10:54:57","isFullCredit":false},{"lineNumber":36,"author":{"gitId":"dinvsh"},"content":"                    if (index \u003c 0 || index \u003e\u003d taskCount) {","lastModifiedDate":"2026-01-29T10:54:57","isFullCredit":false},{"lineNumber":37,"author":{"gitId":"dinvsh"},"content":"                        printBordered(\"that task number does not exist cuh\");","lastModifiedDate":"2026-01-29T13:58:45","isFullCredit":false},{"lineNumber":38,"author":{"gitId":"dinvsh"},"content":"                    } else if (tasks[index].isDone()) {","lastModifiedDate":"2026-01-29T10:54:57","isFullCredit":false},{"lineNumber":39,"author":{"gitId":"dinvsh"},"content":"                        printBordered(\"bro its already marked done, u good?\");","lastModifiedDate":"2026-01-29T13:58:45","isFullCredit":false},{"lineNumber":40,"author":{"gitId":"dinvsh"},"content":"                    } else {","lastModifiedDate":"2026-01-29T10:54:57","isFullCredit":false},{"lineNumber":41,"author":{"gitId":"dinvsh"},"content":"                        tasks[index].mark();","lastModifiedDate":"2026-01-29T10:54:57","isFullCredit":false},{"lineNumber":42,"author":{"gitId":"dinvsh"},"content":"                        printBordered(\"aight i marked it done:\", \"  [X] \" + tasks[index].getDescription());","lastModifiedDate":"2026-01-29T13:58:45","isFullCredit":false},{"lineNumber":43,"author":{"gitId":"dinvsh"},"content":"                    }","lastModifiedDate":"2026-01-29T10:54:57","isFullCredit":false},{"lineNumber":44,"author":{"gitId":"dinvsh"},"content":"                } catch (NumberFormatException e) {","lastModifiedDate":"2026-01-29T10:54:57","isFullCredit":false},{"lineNumber":45,"author":{"gitId":"dinvsh"},"content":"                    printBordered(\"that aint a number bro\");","lastModifiedDate":"2026-01-29T13:58:45","isFullCredit":false},{"lineNumber":46,"author":{"gitId":"dinvsh"},"content":"                }","lastModifiedDate":"2026-01-29T10:54:57","isFullCredit":false},{"lineNumber":47,"author":{"gitId":"dinvsh"},"content":"","lastModifiedDate":"2026-01-29T10:54:57","isFullCredit":false},{"lineNumber":48,"author":{"gitId":"dinvsh"},"content":"            } else if (input.startsWith(\"unmark\")) {","lastModifiedDate":"2026-01-29T10:54:57","isFullCredit":false},{"lineNumber":49,"author":{"gitId":"dinvsh"},"content":"                String[] parts \u003d input.split(\" \");","lastModifiedDate":"2026-01-29T10:54:57","isFullCredit":false},{"lineNumber":50,"author":{"gitId":"dinvsh"},"content":"                if (parts.length \u003c 2) {","lastModifiedDate":"2026-01-29T10:54:57","isFullCredit":false},{"lineNumber":51,"author":{"gitId":"dinvsh"},"content":"                    printBordered(\"you gotta tell me which one to unmark cuh\");","lastModifiedDate":"2026-01-29T13:58:45","isFullCredit":false},{"lineNumber":52,"author":{"gitId":"dinvsh"},"content":"                    continue;","lastModifiedDate":"2026-01-29T10:54:57","isFullCredit":false},{"lineNumber":53,"author":{"gitId":"dinvsh"},"content":"                }","lastModifiedDate":"2026-01-29T10:54:57","isFullCredit":false},{"lineNumber":54,"author":{"gitId":"dinvsh"},"content":"                try {","lastModifiedDate":"2026-01-29T10:54:57","isFullCredit":false},{"lineNumber":55,"author":{"gitId":"dinvsh"},"content":"                    int index \u003d Integer.parseInt(parts[1]) - 1;","lastModifiedDate":"2026-01-29T10:54:57","isFullCredit":false},{"lineNumber":56,"author":{"gitId":"dinvsh"},"content":"                    if (index \u003c 0 || index \u003e\u003d taskCount) {","lastModifiedDate":"2026-01-29T10:54:57","isFullCredit":false},{"lineNumber":57,"author":{"gitId":"dinvsh"},"content":"                        printBordered(\"that task number does not exist cuh\");","lastModifiedDate":"2026-01-29T13:58:45","isFullCredit":false},{"lineNumber":58,"author":{"gitId":"dinvsh"},"content":"                    } else if (!tasks[index].isDone()) {","lastModifiedDate":"2026-01-29T10:54:57","isFullCredit":false},{"lineNumber":59,"author":{"gitId":"dinvsh"},"content":"                        printBordered(\"bro it aint even marked yet, how u gonna unmark it?\");","lastModifiedDate":"2026-01-29T13:58:45","isFullCredit":false},{"lineNumber":60,"author":{"gitId":"dinvsh"},"content":"                    } else {","lastModifiedDate":"2026-01-29T10:54:57","isFullCredit":false},{"lineNumber":61,"author":{"gitId":"dinvsh"},"content":"                        tasks[index].unmark();","lastModifiedDate":"2026-01-29T10:54:57","isFullCredit":false},{"lineNumber":62,"author":{"gitId":"dinvsh"},"content":"                        printBordered(\"ok i unmarked it:\", \"  [ ] \" + tasks[index].getDescription());","lastModifiedDate":"2026-01-29T13:58:45","isFullCredit":false},{"lineNumber":63,"author":{"gitId":"dinvsh"},"content":"                    }","lastModifiedDate":"2026-01-29T10:54:57","isFullCredit":false},{"lineNumber":64,"author":{"gitId":"dinvsh"},"content":"                } catch (NumberFormatException e) {","lastModifiedDate":"2026-01-29T10:54:57","isFullCredit":false},{"lineNumber":65,"author":{"gitId":"dinvsh"},"content":"                    printBordered(\"that aint a number bro\");","lastModifiedDate":"2026-01-29T13:58:45","isFullCredit":false},{"lineNumber":66,"author":{"gitId":"dinvsh"},"content":"                }","lastModifiedDate":"2026-01-29T10:54:57","isFullCredit":false},{"lineNumber":67,"author":{"gitId":"dinvsh"},"content":"","lastModifiedDate":"2026-01-29T10:54:57","isFullCredit":false},{"lineNumber":68,"author":{"gitId":"dinvsh"},"content":"            } else {","lastModifiedDate":"2026-01-29T10:54:57","isFullCredit":false},{"lineNumber":69,"author":{"gitId":"dinvsh"},"content":"                if (input.trim().isEmpty()) {","lastModifiedDate":"2026-01-29T10:54:57","isFullCredit":false},{"lineNumber":70,"author":{"gitId":"dinvsh"},"content":"                    printBordered(\"you gotta type something cuh, cant add air\");","lastModifiedDate":"2026-01-29T13:58:45","isFullCredit":false},{"lineNumber":71,"author":{"gitId":"dinvsh"},"content":"                } else {","lastModifiedDate":"2026-01-27T10:23:54","isFullCredit":false},{"lineNumber":72,"author":{"gitId":"dinvsh"},"content":"                    tasks[taskCount] \u003d new Task(input);","lastModifiedDate":"2026-01-27T10:23:54","isFullCredit":false},{"lineNumber":73,"author":{"gitId":"dinvsh"},"content":"                    taskCount++;","lastModifiedDate":"2026-01-27T10:23:54","isFullCredit":false},{"lineNumber":74,"author":{"gitId":"dinvsh"},"content":"                    printBordered(\"added: \" + input);","lastModifiedDate":"2026-01-29T13:58:45","isFullCredit":false},{"lineNumber":75,"author":{"gitId":"dinvsh"},"content":"                }","lastModifiedDate":"2026-01-22T18:48:48","isFullCredit":false},{"lineNumber":76,"author":{"gitId":"dinvsh"},"content":"            }","lastModifiedDate":"2026-01-27T10:23:54","isFullCredit":false},{"lineNumber":77,"author":{"gitId":"dinvsh"},"content":"        }","lastModifiedDate":"2026-01-29T10:54:57","isFullCredit":false},{"lineNumber":78,"author":{"gitId":"dinvsh"},"content":"","lastModifiedDate":"2026-01-26T22:41:51","isFullCredit":false},{"lineNumber":79,"author":{"gitId":"dinvsh"},"content":"        printBordered(\"see you next time cuh\");","lastModifiedDate":"2026-01-29T13:58:45","isFullCredit":false},{"lineNumber":80,"author":{"gitId":"dinvsh"},"content":"        scanner.close();","lastModifiedDate":"2026-01-26T22:41:51","isFullCredit":false},{"lineNumber":81,"author":{"gitId":"dinvsh"},"content":"    }","lastModifiedDate":"2026-01-26T22:41:51","isFullCredit":false},{"lineNumber":82,"author":{"gitId":"dinvsh"},"content":"","lastModifiedDate":"2026-01-29T13:58:45","isFullCredit":false},{"lineNumber":83,"author":{"gitId":"dinvsh"},"content":"    private static void printBordered(String... messages) {","lastModifiedDate":"2026-01-29T13:58:45","isFullCredit":false},{"lineNumber":84,"author":{"gitId":"dinvsh"},"content":"        System.out.println(HORIZONTAL_LINE);","lastModifiedDate":"2026-01-29T13:58:45","isFullCredit":false},{"lineNumber":85,"author":{"gitId":"dinvsh"},"content":"        for (String msg : messages) {","lastModifiedDate":"2026-01-29T13:58:45","isFullCredit":false},{"lineNumber":86,"author":{"gitId":"dinvsh"},"content":"            System.out.println(\" \" + msg);","lastModifiedDate":"2026-01-29T13:58:45","isFullCredit":false},{"lineNumber":87,"author":{"gitId":"dinvsh"},"content":"        }","lastModifiedDate":"2026-01-29T13:58:45","isFullCredit":false},{"lineNumber":88,"author":{"gitId":"dinvsh"},"content":"        System.out.println(HORIZONTAL_LINE);","lastModifiedDate":"2026-01-29T13:58:45","isFullCredit":false},{"lineNumber":89,"author":{"gitId":"dinvsh"},"content":"    }","lastModifiedDate":"2026-01-29T13:58:45","isFullCredit":false},{"lineNumber":90,"author":{"gitId":"dinvsh"},"content":"}","lastModifiedDate":"2026-01-22T18:48:48","isFullCredit":false}],"authorContributionMap":{"dinvsh":90}},{"path":"src/main/java/Task.java","fileType":"java","lines":[{"lineNumber":1,"author":{"gitId":"dinvsh"},"content":"public class Task {","lastModifiedDate":"2026-01-27T10:23:54","isFullCredit":false},{"lineNumber":2,"author":{"gitId":"dinvsh"},"content":"    protected String description;","lastModifiedDate":"2026-01-27T10:23:54","isFullCredit":false},{"lineNumber":3,"author":{"gitId":"dinvsh"},"content":"    protected boolean isDone;","lastModifiedDate":"2026-01-29T10:54:57","isFullCredit":false},{"lineNumber":4,"author":{"gitId":"dinvsh"},"content":"","lastModifiedDate":"2026-01-27T10:23:54","isFullCredit":false},{"lineNumber":5,"author":{"gitId":"dinvsh"},"content":"    public Task(String description) {","lastModifiedDate":"2026-01-27T10:23:54","isFullCredit":false},{"lineNumber":6,"author":{"gitId":"dinvsh"},"content":"        this.description \u003d description;","lastModifiedDate":"2026-01-27T10:23:54","isFullCredit":false},{"lineNumber":7,"author":{"gitId":"dinvsh"},"content":"        this.isDone \u003d false;","lastModifiedDate":"2026-01-29T10:54:57","isFullCredit":false},{"lineNumber":8,"author":{"gitId":"dinvsh"},"content":"    }","lastModifiedDate":"2026-01-27T10:23:54","isFullCredit":false},{"lineNumber":9,"author":{"gitId":"dinvsh"},"content":"","lastModifiedDate":"2026-01-27T10:23:54","isFullCredit":false},{"lineNumber":10,"author":{"gitId":"dinvsh"},"content":"    public String getDescription() {","lastModifiedDate":"2026-01-29T13:58:45","isFullCredit":false},{"lineNumber":11,"author":{"gitId":"dinvsh"},"content":"        return description;","lastModifiedDate":"2026-01-27T10:23:54","isFullCredit":false},{"lineNumber":12,"author":{"gitId":"dinvsh"},"content":"    }","lastModifiedDate":"2026-01-27T10:23:54","isFullCredit":false},{"lineNumber":13,"author":{"gitId":"dinvsh"},"content":"","lastModifiedDate":"2026-01-27T10:23:54","isFullCredit":false},{"lineNumber":14,"author":{"gitId":"dinvsh"},"content":"    public String getStatusIcon() {","lastModifiedDate":"2026-01-29T10:54:57","isFullCredit":false},{"lineNumber":15,"author":{"gitId":"dinvsh"},"content":"        return (isDone ? \"X\" : \" \");","lastModifiedDate":"2026-01-29T10:54:57","isFullCredit":false},{"lineNumber":16,"author":{"gitId":"dinvsh"},"content":"    }","lastModifiedDate":"2026-01-29T10:54:57","isFullCredit":false},{"lineNumber":17,"author":{"gitId":"dinvsh"},"content":"","lastModifiedDate":"2026-01-29T10:54:57","isFullCredit":false},{"lineNumber":18,"author":{"gitId":"dinvsh"},"content":"    public void mark() {","lastModifiedDate":"2026-01-29T10:54:57","isFullCredit":false},{"lineNumber":19,"author":{"gitId":"dinvsh"},"content":"        this.isDone \u003d true;","lastModifiedDate":"2026-01-29T10:54:57","isFullCredit":false},{"lineNumber":20,"author":{"gitId":"dinvsh"},"content":"    }","lastModifiedDate":"2026-01-29T10:54:57","isFullCredit":false},{"lineNumber":21,"author":{"gitId":"dinvsh"},"content":"","lastModifiedDate":"2026-01-29T10:54:57","isFullCredit":false},{"lineNumber":22,"author":{"gitId":"dinvsh"},"content":"    public void unmark() {","lastModifiedDate":"2026-01-29T10:54:57","isFullCredit":false},{"lineNumber":23,"author":{"gitId":"dinvsh"},"content":"        this.isDone \u003d false;","lastModifiedDate":"2026-01-29T10:54:57","isFullCredit":false},{"lineNumber":24,"author":{"gitId":"dinvsh"},"content":"    }","lastModifiedDate":"2026-01-29T10:54:57","isFullCredit":false},{"lineNumber":25,"author":{"gitId":"dinvsh"},"content":"","lastModifiedDate":"2026-01-29T10:54:57","isFullCredit":false},{"lineNumber":26,"author":{"gitId":"dinvsh"},"content":"    public boolean isDone() {","lastModifiedDate":"2026-01-29T10:54:57","isFullCredit":false},{"lineNumber":27,"author":{"gitId":"dinvsh"},"content":"        return isDone;","lastModifiedDate":"2026-01-29T10:54:57","isFullCredit":false},{"lineNumber":28,"author":{"gitId":"dinvsh"},"content":"    }","lastModifiedDate":"2026-01-29T10:54:57","isFullCredit":false},{"lineNumber":29,"author":{"gitId":"dinvsh"},"content":"}","lastModifiedDate":"2026-01-27T10:23:54","isFullCredit":false}],"authorContributionMap":{"dinvsh":29}}]
