{"authorDailyContributionsMap":{"dinvsh":[{"date":"2026-01-22T00:00:00","commitResults":[{"hash":"0934ec754d10983c84a2842ec151c48097eab82e","isMergeCommit":false,"messageTitle":"Level-0: Rename Duke to Steve, add greeting and exit","messageBody":"","tags":["Level-0"],"fileTypesAndContributionMap":{"java":{"insertions":13,"deletions":10}}}]},{"date":"2026-01-26T00:00:00","commitResults":[{"hash":"6cfa33601c3a3721a3cebbffa29ffe16b27051a7","isMergeCommit":false,"messageTitle":"Level-1: Implement echo and exit command","messageBody":"","tags":["Level-1"],"fileTypesAndContributionMap":{"java":{"insertions":28,"deletions":5}}}]},{"date":"2026-01-27T00:00:00","commitResults":[{"hash":"d78abf4934c08b26a71389686c0fc0ffdd0317ab","isMergeCommit":false,"messageTitle":"Level-2: Add Task class and list functionality","messageBody":"","fileTypesAndContributionMap":{"java":{"insertions":35,"deletions":10}}}]},{"date":"2026-01-29T00:00:00","commitResults":[{"hash":"8609799da4a8859a12d7d8c4fa62f0c8b14cfde9","isMergeCommit":false,"messageTitle":"Style: Fix formatting in Task.java","messageBody":"","tags":["Level-2"],"fileTypesAndContributionMap":{"java":{"insertions":0,"deletions":1}}},{"hash":"743f3103bdbcc5f2f39f3ff8b2b626cab9841097","isMergeCommit":false,"messageTitle":"Level-3: Add mark and unmark commands, and handle edge cases","messageBody":"","tags":["Level-3"],"fileTypesAndContributionMap":{"java":{"insertions":114,"deletions":9}}},{"hash":"2a62b8f7380ae1f643bcda5749fc592de5252541","isMergeCommit":false,"messageTitle":"Refactor: Extract constants and improve input validation","messageBody":"","fileTypesAndContributionMap":{"java":{"insertions":34,"deletions":77}}},{"hash":"17f09a3e43dd0aa3ef151d135b46c6ca6eb0187a","isMergeCommit":false,"messageTitle":"Docs: Remove outdated comment","messageBody":"","tags":["A-CodingStandard"],"fileTypesAndContributionMap":{"java":{"insertions":0,"deletions":3}}}]},{"date":"2026-02-02T00:00:00","commitResults":[{"hash":"51849c01acb4d5287c41a925b8930fdd4d45e6aa","isMergeCommit":false,"messageTitle":"Level-4: Add support for Todo, Deadline, and Event tasks","messageBody":"","tags":["Level-4"],"fileTypesAndContributionMap":{"java":{"insertions":253,"deletions":62}}}]},{"date":"2026-02-04T00:00:00","commitResults":[{"hash":"90e694ee8d28e90fe14017cd1bf282290e9c5950","isMergeCommit":false,"messageTitle":"A-TextUiTesting: Add automated testing","messageBody":"","tags":["A-TextUiTesting"],"fileTypesAndContributionMap":{"txt":{"insertions":0,"deletions":0},"java":{"insertions":2,"deletions":2},"bat":{"insertions":2,"deletions":2}}},{"hash":"975c848e37c9499ba2a8b7d068078a8a6df737f9","isMergeCommit":false,"messageTitle":"A-CodeQuality: Refactor main logic and extract constants","messageBody":"","tags":["A-CodeQuality"],"fileTypesAndContributionMap":{"java":{"insertions":102,"deletions":68}}}]}]},"authorFileTypeContributionMap":{"dinvsh":{"java":344,"md":0,"fxml":0,"sh":0,"bat":1,"gradle":0,"txt":0}},"authorContributionVariance":{"dinvsh":6131.781},"authorDisplayNameMap":{"dinvsh":"CS2113-F09-1 DINE..AVAN"}}
