[{"path":"src/main/java/xuan/Loxy.java","fileType":"java","lines":[{"lineNumber":1,"author":{"gitId":"Jas0n-yxy"},"content":"package xuan;","lastModifiedDate":"2026-02-13T01:35:45","isFullCredit":false},{"lineNumber":2,"author":{"gitId":"Jas0n-yxy"},"content":"","lastModifiedDate":"2026-02-13T01:35:45","isFullCredit":false},{"lineNumber":3,"author":{"gitId":"Jas0n-yxy"},"content":"import java.util.Scanner;","lastModifiedDate":"2026-02-04T02:22:21","isFullCredit":false},{"lineNumber":4,"author":{"gitId":"Jas0n-yxy"},"content":"","lastModifiedDate":"2026-02-04T02:22:21","isFullCredit":false},{"lineNumber":5,"author":{"gitId":"Jas0n-yxy"},"content":"public class Loxy {","lastModifiedDate":"2026-02-04T02:22:21","isFullCredit":false},{"lineNumber":6,"author":{"gitId":"Jas0n-yxy"},"content":"    private static final String SEPARATOR \u003d \"____________________________________________________________\";","lastModifiedDate":"2026-02-09T23:51:41","isFullCredit":false},{"lineNumber":7,"author":{"gitId":"Jas0n-yxy"},"content":"    private static final Task[] tasks \u003d new Task[100];","lastModifiedDate":"2026-02-13T00:09:33","isFullCredit":false},{"lineNumber":8,"author":{"gitId":"Jas0n-yxy"},"content":"    private static int taskCount \u003d 0;","lastModifiedDate":"2026-02-13T00:09:33","isFullCredit":false},{"lineNumber":9,"author":{"gitId":"Jas0n-yxy"},"content":"","lastModifiedDate":"2026-02-09T23:51:41","isFullCredit":false},{"lineNumber":10,"author":{"gitId":"Jas0n-yxy"},"content":"    public static void main(String[] args) {","lastModifiedDate":"2026-02-04T02:22:21","isFullCredit":false},{"lineNumber":11,"author":{"gitId":"Jas0n-yxy"},"content":"        printWelcomeLogo();","lastModifiedDate":"2026-02-09T23:51:41","isFullCredit":false},{"lineNumber":12,"author":{"gitId":"Jas0n-yxy"},"content":"        printWelcomeMessage();","lastModifiedDate":"2026-02-09T23:51:41","isFullCredit":false},{"lineNumber":13,"author":{"gitId":"Jas0n-yxy"},"content":"","lastModifiedDate":"2026-02-09T23:51:41","isFullCredit":false},{"lineNumber":14,"author":{"gitId":"Jas0n-yxy"},"content":"        Scanner scanner \u003d new Scanner(System.in);","lastModifiedDate":"2026-02-09T23:51:41","isFullCredit":false},{"lineNumber":15,"author":{"gitId":"Jas0n-yxy"},"content":"        while (true) {","lastModifiedDate":"2026-02-09T23:51:41","isFullCredit":false},{"lineNumber":16,"author":{"gitId":"Jas0n-yxy"},"content":"            String userInput \u003d scanner.nextLine().trim();","lastModifiedDate":"2026-02-12T23:11:07","isFullCredit":false},{"lineNumber":17,"author":{"gitId":"Jas0n-yxy"},"content":"","lastModifiedDate":"2026-02-13T00:09:33","isFullCredit":false},{"lineNumber":18,"author":{"gitId":"Jas0n-yxy"},"content":"            if (\"bye\".equalsIgnoreCase(userInput)) {","lastModifiedDate":"2026-02-09T23:51:41","isFullCredit":false},{"lineNumber":19,"author":{"gitId":"Jas0n-yxy"},"content":"                break;","lastModifiedDate":"2026-02-09T23:51:41","isFullCredit":false},{"lineNumber":20,"author":{"gitId":"Jas0n-yxy"},"content":"            }","lastModifiedDate":"2026-02-09T23:51:41","isFullCredit":false},{"lineNumber":21,"author":{"gitId":"Jas0n-yxy"},"content":"            else if (\"list\".equalsIgnoreCase(userInput)) {","lastModifiedDate":"2026-02-12T23:33:38","isFullCredit":false},{"lineNumber":22,"author":{"gitId":"Jas0n-yxy"},"content":"                printTaskList();","lastModifiedDate":"2026-02-12T23:33:38","isFullCredit":false},{"lineNumber":23,"author":{"gitId":"Jas0n-yxy"},"content":"            }","lastModifiedDate":"2026-02-12T23:33:38","isFullCredit":false},{"lineNumber":24,"author":{"gitId":"Jas0n-yxy"},"content":"            else if (userInput.startsWith(\"mark \")) {","lastModifiedDate":"2026-02-12T23:50:31","isFullCredit":false},{"lineNumber":25,"author":{"gitId":"Jas0n-yxy"},"content":"                handleMarkTask(userInput, true);","lastModifiedDate":"2026-02-12T23:50:31","isFullCredit":false},{"lineNumber":26,"author":{"gitId":"Jas0n-yxy"},"content":"            }","lastModifiedDate":"2026-02-12T23:50:31","isFullCredit":false},{"lineNumber":27,"author":{"gitId":"Jas0n-yxy"},"content":"            else if (userInput.startsWith(\"unmark \")) {","lastModifiedDate":"2026-02-12T23:50:31","isFullCredit":false},{"lineNumber":28,"author":{"gitId":"Jas0n-yxy"},"content":"                handleMarkTask(userInput, false);","lastModifiedDate":"2026-02-12T23:50:31","isFullCredit":false},{"lineNumber":29,"author":{"gitId":"Jas0n-yxy"},"content":"            }","lastModifiedDate":"2026-02-12T23:50:31","isFullCredit":false},{"lineNumber":30,"author":{"gitId":"Jas0n-yxy"},"content":"            else if (userInput.startsWith(\"todo \")) {","lastModifiedDate":"2026-02-13T00:09:33","isFullCredit":false},{"lineNumber":31,"author":{"gitId":"Jas0n-yxy"},"content":"                addTodoTask(userInput);","lastModifiedDate":"2026-02-13T00:09:33","isFullCredit":false},{"lineNumber":32,"author":{"gitId":"Jas0n-yxy"},"content":"            }","lastModifiedDate":"2026-02-13T00:09:33","isFullCredit":false},{"lineNumber":33,"author":{"gitId":"Jas0n-yxy"},"content":"            else if (userInput.startsWith(\"deadline \")) {","lastModifiedDate":"2026-02-13T00:09:33","isFullCredit":false},{"lineNumber":34,"author":{"gitId":"Jas0n-yxy"},"content":"                addDeadlineTask(userInput);","lastModifiedDate":"2026-02-13T00:09:33","isFullCredit":false},{"lineNumber":35,"author":{"gitId":"Jas0n-yxy"},"content":"            }","lastModifiedDate":"2026-02-13T00:09:33","isFullCredit":false},{"lineNumber":36,"author":{"gitId":"Jas0n-yxy"},"content":"            else if (userInput.startsWith(\"event \")) {","lastModifiedDate":"2026-02-13T00:09:33","isFullCredit":false},{"lineNumber":37,"author":{"gitId":"Jas0n-yxy"},"content":"                addEventTask(userInput);","lastModifiedDate":"2026-02-13T00:09:33","isFullCredit":false},{"lineNumber":38,"author":{"gitId":"Jas0n-yxy"},"content":"            }","lastModifiedDate":"2026-02-12T23:33:38","isFullCredit":false},{"lineNumber":39,"author":{"gitId":"Jas0n-yxy"},"content":"            else if (!userInput.isEmpty()) {","lastModifiedDate":"2026-02-13T00:54:42","isFullCredit":false},{"lineNumber":40,"author":{"gitId":"Jas0n-yxy"},"content":"                printErrorMessage(\"OOPS!!! I\u0027m sorry, but I don\u0027t know what that means :-(\");","lastModifiedDate":"2026-02-13T00:54:42","isFullCredit":false},{"lineNumber":41,"author":{"gitId":"Jas0n-yxy"},"content":"            }","lastModifiedDate":"2026-02-13T00:54:42","isFullCredit":false},{"lineNumber":42,"author":{"gitId":"Jas0n-yxy"},"content":"            else {","lastModifiedDate":"2026-02-13T01:00:21","isFullCredit":false},{"lineNumber":43,"author":{"gitId":"Jas0n-yxy"},"content":"                printErrorMessage(\"OOPS!!! Please enter a valid command.\");","lastModifiedDate":"2026-02-13T01:00:21","isFullCredit":false},{"lineNumber":44,"author":{"gitId":"Jas0n-yxy"},"content":"            }","lastModifiedDate":"2026-02-13T01:00:21","isFullCredit":false},{"lineNumber":45,"author":{"gitId":"Jas0n-yxy"},"content":"        }","lastModifiedDate":"2026-02-09T23:51:41","isFullCredit":false},{"lineNumber":46,"author":{"gitId":"Jas0n-yxy"},"content":"","lastModifiedDate":"2026-02-09T23:51:41","isFullCredit":false},{"lineNumber":47,"author":{"gitId":"Jas0n-yxy"},"content":"        printGoodbyeMessage();","lastModifiedDate":"2026-02-09T23:51:41","isFullCredit":false},{"lineNumber":48,"author":{"gitId":"Jas0n-yxy"},"content":"        scanner.close();","lastModifiedDate":"2026-02-09T23:51:41","isFullCredit":false},{"lineNumber":49,"author":{"gitId":"Jas0n-yxy"},"content":"    }","lastModifiedDate":"2026-02-09T23:51:41","isFullCredit":false},{"lineNumber":50,"author":{"gitId":"Jas0n-yxy"},"content":"","lastModifiedDate":"2026-02-12T23:28:41","isFullCredit":false},{"lineNumber":51,"author":{"gitId":"Jas0n-yxy"},"content":"    private static void printWelcomeLogo() {","lastModifiedDate":"2026-02-09T23:51:41","isFullCredit":false},{"lineNumber":52,"author":{"gitId":"Jas0n-yxy"},"content":"        String logo \u003d \"\"\"","lastModifiedDate":"2026-02-12T23:55:57","isFullCredit":false},{"lineNumber":53,"author":{"gitId":"Jas0n-yxy"},"content":"                | |     / __ \\\\\\\\ \\\\\\\\  // \\\\\\\\  //","lastModifiedDate":"2026-02-12T23:55:57","isFullCredit":false},{"lineNumber":54,"author":{"gitId":"Jas0n-yxy"},"content":"                | |    | |  | |  \\\\\\\\//   \\\\\\\\//","lastModifiedDate":"2026-02-12T23:55:57","isFullCredit":false},{"lineNumber":55,"author":{"gitId":"Jas0n-yxy"},"content":"                | |___ | |__| |  //\\\\\\\\    ||","lastModifiedDate":"2026-02-12T23:55:57","isFullCredit":false},{"lineNumber":56,"author":{"gitId":"Jas0n-yxy"},"content":"                |______|\\\\\\\\___/  //  \\\\\\\\   ||\"\"\";","lastModifiedDate":"2026-02-12T23:55:57","isFullCredit":false},{"lineNumber":57,"author":{"gitId":"Jas0n-yxy"},"content":"        System.out.println(\"Hello from\\n\" + logo);","lastModifiedDate":"2026-02-12T23:55:57","isFullCredit":false},{"lineNumber":58,"author":{"gitId":"Jas0n-yxy"},"content":"    }","lastModifiedDate":"2026-02-09T23:51:41","isFullCredit":false},{"lineNumber":59,"author":{"gitId":"Jas0n-yxy"},"content":"","lastModifiedDate":"2026-02-04T02:22:21","isFullCredit":false},{"lineNumber":60,"author":{"gitId":"Jas0n-yxy"},"content":"    private static void printWelcomeMessage() {","lastModifiedDate":"2026-02-09T23:51:41","isFullCredit":false},{"lineNumber":61,"author":{"gitId":"Jas0n-yxy"},"content":"        System.out.println(SEPARATOR);","lastModifiedDate":"2026-02-09T23:51:41","isFullCredit":false},{"lineNumber":62,"author":{"gitId":"Jas0n-yxy"},"content":"        System.out.println(\" Hello! I\u0027m Loxy\");","lastModifiedDate":"2026-02-04T02:22:21","isFullCredit":false},{"lineNumber":63,"author":{"gitId":"Jas0n-yxy"},"content":"        System.out.println(\" What can I do for you?\");","lastModifiedDate":"2026-02-04T02:22:21","isFullCredit":false},{"lineNumber":64,"author":{"gitId":"Jas0n-yxy"},"content":"        System.out.println(SEPARATOR);","lastModifiedDate":"2026-02-09T23:51:41","isFullCredit":false},{"lineNumber":65,"author":{"gitId":"Jas0n-yxy"},"content":"    }","lastModifiedDate":"2026-02-09T23:51:41","isFullCredit":false},{"lineNumber":66,"author":{"gitId":"Jas0n-yxy"},"content":"","lastModifiedDate":"2026-02-04T02:22:21","isFullCredit":false},{"lineNumber":67,"author":{"gitId":"Jas0n-yxy"},"content":"    private static void addTodoTask(String userInput) {","lastModifiedDate":"2026-02-13T00:09:33","isFullCredit":false},{"lineNumber":68,"author":{"gitId":"Jas0n-yxy"},"content":"        try {","lastModifiedDate":"2026-02-13T00:09:33","isFullCredit":false},{"lineNumber":69,"author":{"gitId":"Jas0n-yxy"},"content":"            String taskContent \u003d userInput.substring(5).trim();","lastModifiedDate":"2026-02-13T00:09:33","isFullCredit":false},{"lineNumber":70,"author":{"gitId":"Jas0n-yxy"},"content":"            if (taskContent.isEmpty()) {","lastModifiedDate":"2026-02-13T00:09:33","isFullCredit":false},{"lineNumber":71,"author":{"gitId":"Jas0n-yxy"},"content":"                printErrorMessage(\"Oops! The description of a todo cannot be empty.\");","lastModifiedDate":"2026-02-13T00:09:33","isFullCredit":false},{"lineNumber":72,"author":{"gitId":"Jas0n-yxy"},"content":"                return;","lastModifiedDate":"2026-02-13T00:09:33","isFullCredit":false},{"lineNumber":73,"author":{"gitId":"Jas0n-yxy"},"content":"            }","lastModifiedDate":"2026-02-13T00:09:33","isFullCredit":false},{"lineNumber":74,"author":{"gitId":"Jas0n-yxy"},"content":"","lastModifiedDate":"2026-02-13T00:09:33","isFullCredit":false},{"lineNumber":75,"author":{"gitId":"Jas0n-yxy"},"content":"            tasks[taskCount] \u003d new Todo(taskContent);","lastModifiedDate":"2026-02-13T00:09:33","isFullCredit":false},{"lineNumber":76,"author":{"gitId":"Jas0n-yxy"},"content":"            taskCount++;","lastModifiedDate":"2026-02-13T00:09:33","isFullCredit":false},{"lineNumber":77,"author":{"gitId":"Jas0n-yxy"},"content":"","lastModifiedDate":"2026-02-13T00:09:33","isFullCredit":false},{"lineNumber":78,"author":{"gitId":"Jas0n-yxy"},"content":"            System.out.println(SEPARATOR);","lastModifiedDate":"2026-02-13T00:09:33","isFullCredit":false},{"lineNumber":79,"author":{"gitId":"Jas0n-yxy"},"content":"            System.out.println(\" Got it. I\u0027ve added this task:\");","lastModifiedDate":"2026-02-13T00:09:33","isFullCredit":false},{"lineNumber":80,"author":{"gitId":"Jas0n-yxy"},"content":"            System.out.println(\"   \" + tasks[taskCount - 1]);","lastModifiedDate":"2026-02-13T00:09:33","isFullCredit":false},{"lineNumber":81,"author":{"gitId":"Jas0n-yxy"},"content":"            System.out.println(\" Now you have \" + taskCount + \" tasks in the list.\");","lastModifiedDate":"2026-02-13T00:09:33","isFullCredit":false},{"lineNumber":82,"author":{"gitId":"Jas0n-yxy"},"content":"            System.out.println(SEPARATOR);","lastModifiedDate":"2026-02-13T00:09:33","isFullCredit":false},{"lineNumber":83,"author":{"gitId":"Jas0n-yxy"},"content":"        } catch (StringIndexOutOfBoundsException e) {","lastModifiedDate":"2026-02-13T00:09:33","isFullCredit":false},{"lineNumber":84,"author":{"gitId":"Jas0n-yxy"},"content":"            printErrorMessage(\"Oops! Please specify a description for the todo task.\");","lastModifiedDate":"2026-02-13T00:09:33","isFullCredit":false},{"lineNumber":85,"author":{"gitId":"Jas0n-yxy"},"content":"        }","lastModifiedDate":"2026-02-13T00:09:33","isFullCredit":false},{"lineNumber":86,"author":{"gitId":"Jas0n-yxy"},"content":"    }","lastModifiedDate":"2026-02-13T00:09:33","isFullCredit":false},{"lineNumber":87,"author":{"gitId":"Jas0n-yxy"},"content":"","lastModifiedDate":"2026-02-13T00:09:33","isFullCredit":false},{"lineNumber":88,"author":{"gitId":"Jas0n-yxy"},"content":"    private static void addDeadlineTask(String userInput) {","lastModifiedDate":"2026-02-13T00:09:33","isFullCredit":false},{"lineNumber":89,"author":{"gitId":"Jas0n-yxy"},"content":"        try {","lastModifiedDate":"2026-02-13T00:09:33","isFullCredit":false},{"lineNumber":90,"author":{"gitId":"Jas0n-yxy"},"content":"            String[] parts \u003d userInput.substring(9).split(\" /by \", 2);","lastModifiedDate":"2026-02-13T00:09:33","isFullCredit":false},{"lineNumber":91,"author":{"gitId":"Jas0n-yxy"},"content":"            if (parts.length \u003c 2 || parts[0].trim().isEmpty() || parts[1].trim().isEmpty()) {","lastModifiedDate":"2026-02-13T00:09:33","isFullCredit":false},{"lineNumber":92,"author":{"gitId":"Jas0n-yxy"},"content":"                printErrorMessage(\"Oops! Please use format: deadline [content] /by [time]\");","lastModifiedDate":"2026-02-13T00:09:33","isFullCredit":false},{"lineNumber":93,"author":{"gitId":"Jas0n-yxy"},"content":"                return;","lastModifiedDate":"2026-02-13T00:09:33","isFullCredit":false},{"lineNumber":94,"author":{"gitId":"Jas0n-yxy"},"content":"            }","lastModifiedDate":"2026-02-13T00:09:33","isFullCredit":false},{"lineNumber":95,"author":{"gitId":"Jas0n-yxy"},"content":"","lastModifiedDate":"2026-02-13T00:09:33","isFullCredit":false},{"lineNumber":96,"author":{"gitId":"Jas0n-yxy"},"content":"            String description \u003d parts[0].trim();","lastModifiedDate":"2026-02-13T00:09:33","isFullCredit":false},{"lineNumber":97,"author":{"gitId":"Jas0n-yxy"},"content":"            String byTime \u003d parts[1].trim();","lastModifiedDate":"2026-02-13T00:09:33","isFullCredit":false},{"lineNumber":98,"author":{"gitId":"Jas0n-yxy"},"content":"","lastModifiedDate":"2026-02-13T00:09:33","isFullCredit":false},{"lineNumber":99,"author":{"gitId":"Jas0n-yxy"},"content":"            tasks[taskCount] \u003d new Deadline(description, byTime);","lastModifiedDate":"2026-02-13T00:09:33","isFullCredit":false},{"lineNumber":100,"author":{"gitId":"Jas0n-yxy"},"content":"            taskCount++;","lastModifiedDate":"2026-02-13T00:09:33","isFullCredit":false},{"lineNumber":101,"author":{"gitId":"Jas0n-yxy"},"content":"","lastModifiedDate":"2026-02-13T00:09:33","isFullCredit":false},{"lineNumber":102,"author":{"gitId":"Jas0n-yxy"},"content":"            System.out.println(SEPARATOR);","lastModifiedDate":"2026-02-12T23:33:38","isFullCredit":false},{"lineNumber":103,"author":{"gitId":"Jas0n-yxy"},"content":"            System.out.println(\" Got it. I\u0027ve added this task:\");","lastModifiedDate":"2026-02-13T00:09:33","isFullCredit":false},{"lineNumber":104,"author":{"gitId":"Jas0n-yxy"},"content":"            System.out.println(\"   \" + tasks[taskCount - 1]);","lastModifiedDate":"2026-02-13T00:09:33","isFullCredit":false},{"lineNumber":105,"author":{"gitId":"Jas0n-yxy"},"content":"            System.out.println(\" Now you have \" + taskCount + \" tasks in the list.\");","lastModifiedDate":"2026-02-13T00:09:33","isFullCredit":false},{"lineNumber":106,"author":{"gitId":"Jas0n-yxy"},"content":"            System.out.println(SEPARATOR);","lastModifiedDate":"2026-02-12T23:28:41","isFullCredit":false},{"lineNumber":107,"author":{"gitId":"Jas0n-yxy"},"content":"        } catch (StringIndexOutOfBoundsException e) {","lastModifiedDate":"2026-02-13T00:09:33","isFullCredit":false},{"lineNumber":108,"author":{"gitId":"Jas0n-yxy"},"content":"            printErrorMessage(\"Oops! Please specify a description and deadline time.\");","lastModifiedDate":"2026-02-13T00:09:33","isFullCredit":false},{"lineNumber":109,"author":{"gitId":"Jas0n-yxy"},"content":"        }","lastModifiedDate":"2026-02-13T00:09:33","isFullCredit":false},{"lineNumber":110,"author":{"gitId":"Jas0n-yxy"},"content":"    }","lastModifiedDate":"2026-02-13T00:09:33","isFullCredit":false},{"lineNumber":111,"author":{"gitId":"Jas0n-yxy"},"content":"","lastModifiedDate":"2026-02-13T00:09:33","isFullCredit":false},{"lineNumber":112,"author":{"gitId":"Jas0n-yxy"},"content":"    private static void addEventTask(String userInput) {","lastModifiedDate":"2026-02-13T00:09:33","isFullCredit":false},{"lineNumber":113,"author":{"gitId":"Jas0n-yxy"},"content":"        try {","lastModifiedDate":"2026-02-13T00:09:33","isFullCredit":false},{"lineNumber":114,"author":{"gitId":"Jas0n-yxy"},"content":"            String[] firstSplit \u003d userInput.substring(6).split(\" /from \", 2);","lastModifiedDate":"2026-02-13T00:09:33","isFullCredit":false},{"lineNumber":115,"author":{"gitId":"Jas0n-yxy"},"content":"            if (firstSplit.length \u003c 2 || firstSplit[0].trim().isEmpty()) {","lastModifiedDate":"2026-02-13T00:09:33","isFullCredit":false},{"lineNumber":116,"author":{"gitId":"Jas0n-yxy"},"content":"                printErrorMessage(\"Oops! Please use format: event [content] /from [start] /to [end]\");","lastModifiedDate":"2026-02-13T00:09:33","isFullCredit":false},{"lineNumber":117,"author":{"gitId":"Jas0n-yxy"},"content":"                return;","lastModifiedDate":"2026-02-13T00:09:33","isFullCredit":false},{"lineNumber":118,"author":{"gitId":"Jas0n-yxy"},"content":"            }","lastModifiedDate":"2026-02-13T00:09:33","isFullCredit":false},{"lineNumber":119,"author":{"gitId":"Jas0n-yxy"},"content":"","lastModifiedDate":"2026-02-13T00:09:33","isFullCredit":false},{"lineNumber":120,"author":{"gitId":"Jas0n-yxy"},"content":"            String description \u003d firstSplit[0].trim();","lastModifiedDate":"2026-02-13T00:09:33","isFullCredit":false},{"lineNumber":121,"author":{"gitId":"Jas0n-yxy"},"content":"            String[] timeParts \u003d firstSplit[1].split(\" /to \", 2);","lastModifiedDate":"2026-02-13T00:09:33","isFullCredit":false},{"lineNumber":122,"author":{"gitId":"Jas0n-yxy"},"content":"            if (timeParts.length \u003c 2 || timeParts[0].trim().isEmpty() || timeParts[1].trim().isEmpty()) {","lastModifiedDate":"2026-02-13T00:09:33","isFullCredit":false},{"lineNumber":123,"author":{"gitId":"Jas0n-yxy"},"content":"                printErrorMessage(\"Oops! Please specify both start and end time for event.\");","lastModifiedDate":"2026-02-13T00:09:33","isFullCredit":false},{"lineNumber":124,"author":{"gitId":"Jas0n-yxy"},"content":"                return;","lastModifiedDate":"2026-02-13T00:09:33","isFullCredit":false},{"lineNumber":125,"author":{"gitId":"Jas0n-yxy"},"content":"            }","lastModifiedDate":"2026-02-13T00:09:33","isFullCredit":false},{"lineNumber":126,"author":{"gitId":"Jas0n-yxy"},"content":"","lastModifiedDate":"2026-02-13T00:09:33","isFullCredit":false},{"lineNumber":127,"author":{"gitId":"Jas0n-yxy"},"content":"            String fromTime \u003d timeParts[0].trim();","lastModifiedDate":"2026-02-13T00:09:33","isFullCredit":false},{"lineNumber":128,"author":{"gitId":"Jas0n-yxy"},"content":"            String toTime \u003d timeParts[1].trim();","lastModifiedDate":"2026-02-13T00:09:33","isFullCredit":false},{"lineNumber":129,"author":{"gitId":"Jas0n-yxy"},"content":"","lastModifiedDate":"2026-02-13T00:09:33","isFullCredit":false},{"lineNumber":130,"author":{"gitId":"Jas0n-yxy"},"content":"            tasks[taskCount] \u003d new Event(description, fromTime, toTime);","lastModifiedDate":"2026-02-13T00:09:33","isFullCredit":false},{"lineNumber":131,"author":{"gitId":"Jas0n-yxy"},"content":"            taskCount++;","lastModifiedDate":"2026-02-13T00:09:33","isFullCredit":false},{"lineNumber":132,"author":{"gitId":"Jas0n-yxy"},"content":"","lastModifiedDate":"2026-02-13T00:09:33","isFullCredit":false},{"lineNumber":133,"author":{"gitId":"Jas0n-yxy"},"content":"            System.out.println(SEPARATOR);","lastModifiedDate":"2026-02-13T00:09:33","isFullCredit":false},{"lineNumber":134,"author":{"gitId":"Jas0n-yxy"},"content":"            System.out.println(\" Got it. I\u0027ve added this task:\");","lastModifiedDate":"2026-02-13T00:09:33","isFullCredit":false},{"lineNumber":135,"author":{"gitId":"Jas0n-yxy"},"content":"            System.out.println(\"   \" + tasks[taskCount - 1]);","lastModifiedDate":"2026-02-13T00:09:33","isFullCredit":false},{"lineNumber":136,"author":{"gitId":"Jas0n-yxy"},"content":"            System.out.println(\" Now you have \" + taskCount + \" tasks in the list.\");","lastModifiedDate":"2026-02-13T00:09:33","isFullCredit":false},{"lineNumber":137,"author":{"gitId":"Jas0n-yxy"},"content":"            System.out.println(SEPARATOR);","lastModifiedDate":"2026-02-13T00:09:33","isFullCredit":false},{"lineNumber":138,"author":{"gitId":"Jas0n-yxy"},"content":"        } catch (StringIndexOutOfBoundsException e) {","lastModifiedDate":"2026-02-13T00:09:33","isFullCredit":false},{"lineNumber":139,"author":{"gitId":"Jas0n-yxy"},"content":"            printErrorMessage(\"Oops! Please specify a description and time for the event.\");","lastModifiedDate":"2026-02-13T00:09:33","isFullCredit":false},{"lineNumber":140,"author":{"gitId":"Jas0n-yxy"},"content":"        }","lastModifiedDate":"2026-02-13T00:09:33","isFullCredit":false},{"lineNumber":141,"author":{"gitId":"Jas0n-yxy"},"content":"    }","lastModifiedDate":"2026-02-12T23:33:38","isFullCredit":false},{"lineNumber":142,"author":{"gitId":"Jas0n-yxy"},"content":"","lastModifiedDate":"2026-02-12T23:33:38","isFullCredit":false},{"lineNumber":143,"author":{"gitId":"Jas0n-yxy"},"content":"    private static void printTaskList() {","lastModifiedDate":"2026-02-12T23:33:38","isFullCredit":false},{"lineNumber":144,"author":{"gitId":"Jas0n-yxy"},"content":"        System.out.println(SEPARATOR);","lastModifiedDate":"2026-02-12T23:33:38","isFullCredit":false},{"lineNumber":145,"author":{"gitId":"Jas0n-yxy"},"content":"        if (taskCount \u003d\u003d 0) {","lastModifiedDate":"2026-02-13T00:09:33","isFullCredit":false},{"lineNumber":146,"author":{"gitId":"Jas0n-yxy"},"content":"            System.out.println(\" No tasks added yet!\");","lastModifiedDate":"2026-02-12T23:33:38","isFullCredit":false},{"lineNumber":147,"author":{"gitId":"Jas0n-yxy"},"content":"        } else {","lastModifiedDate":"2026-02-12T23:33:38","isFullCredit":false},{"lineNumber":148,"author":{"gitId":"Jas0n-yxy"},"content":"            System.out.println(\" Here are the tasks in your list:\");","lastModifiedDate":"2026-02-12T23:50:31","isFullCredit":false},{"lineNumber":149,"author":{"gitId":"Jas0n-yxy"},"content":"            for (int i \u003d 0; i \u003c taskCount; i++) {","lastModifiedDate":"2026-02-13T00:09:33","isFullCredit":false},{"lineNumber":150,"author":{"gitId":"Jas0n-yxy"},"content":"                System.out.println(\" \" + (i + 1) + \".\" + tasks[i]);","lastModifiedDate":"2026-02-13T00:09:33","isFullCredit":false},{"lineNumber":151,"author":{"gitId":"Jas0n-yxy"},"content":"            }","lastModifiedDate":"2026-02-12T23:33:38","isFullCredit":false},{"lineNumber":152,"author":{"gitId":"Jas0n-yxy"},"content":"        }","lastModifiedDate":"2026-02-12T23:33:38","isFullCredit":false},{"lineNumber":153,"author":{"gitId":"Jas0n-yxy"},"content":"        System.out.println(SEPARATOR);","lastModifiedDate":"2026-02-12T23:28:41","isFullCredit":false},{"lineNumber":154,"author":{"gitId":"Jas0n-yxy"},"content":"    }","lastModifiedDate":"2026-02-12T23:28:41","isFullCredit":false},{"lineNumber":155,"author":{"gitId":"Jas0n-yxy"},"content":"","lastModifiedDate":"2026-02-12T23:28:41","isFullCredit":false},{"lineNumber":156,"author":{"gitId":"Jas0n-yxy"},"content":"    private static void handleMarkTask(String userInput, boolean isMarkDone) {","lastModifiedDate":"2026-02-12T23:55:57","isFullCredit":false},{"lineNumber":157,"author":{"gitId":"Jas0n-yxy"},"content":"        try {","lastModifiedDate":"2026-02-12T23:50:31","isFullCredit":false},{"lineNumber":158,"author":{"gitId":"Jas0n-yxy"},"content":"            int substringStart \u003d isMarkDone ? 5 : 7;","lastModifiedDate":"2026-02-12T23:55:57","isFullCredit":false},{"lineNumber":159,"author":{"gitId":"Jas0n-yxy"},"content":"            String numberPart \u003d userInput.substring(substringStart).trim();","lastModifiedDate":"2026-02-12T23:55:57","isFullCredit":false},{"lineNumber":160,"author":{"gitId":"Jas0n-yxy"},"content":"            int taskNumber \u003d Integer.parseInt(numberPart);","lastModifiedDate":"2026-02-12T23:50:31","isFullCredit":false},{"lineNumber":161,"author":{"gitId":"Jas0n-yxy"},"content":"            int taskIndex \u003d taskNumber - 1;","lastModifiedDate":"2026-02-12T23:50:31","isFullCredit":false},{"lineNumber":162,"author":{"gitId":"Jas0n-yxy"},"content":"","lastModifiedDate":"2026-02-12T23:50:31","isFullCredit":false},{"lineNumber":163,"author":{"gitId":"Jas0n-yxy"},"content":"            if (taskIndex \u003e\u003d 0 \u0026\u0026 taskIndex \u003c taskCount) {","lastModifiedDate":"2026-02-13T00:09:33","isFullCredit":false},{"lineNumber":164,"author":{"gitId":"Jas0n-yxy"},"content":"                Task targetTask \u003d tasks[taskIndex];","lastModifiedDate":"2026-02-13T00:09:33","isFullCredit":false},{"lineNumber":165,"author":{"gitId":"Jas0n-yxy"},"content":"                if (isMarkDone) {","lastModifiedDate":"2026-02-12T23:55:57","isFullCredit":false},{"lineNumber":166,"author":{"gitId":"Jas0n-yxy"},"content":"                    targetTask.markAsDone();","lastModifiedDate":"2026-02-12T23:50:31","isFullCredit":false},{"lineNumber":167,"author":{"gitId":"Jas0n-yxy"},"content":"                    System.out.println(SEPARATOR);","lastModifiedDate":"2026-02-12T23:50:31","isFullCredit":false},{"lineNumber":168,"author":{"gitId":"Jas0n-yxy"},"content":"                    System.out.println(\" Nice! I\u0027ve marked this task as done:\");","lastModifiedDate":"2026-02-12T23:50:31","isFullCredit":false},{"lineNumber":169,"author":{"gitId":"Jas0n-yxy"},"content":"                } else {","lastModifiedDate":"2026-02-12T23:50:31","isFullCredit":false},{"lineNumber":170,"author":{"gitId":"Jas0n-yxy"},"content":"                    targetTask.unmarkAsDone();","lastModifiedDate":"2026-02-12T23:50:31","isFullCredit":false},{"lineNumber":171,"author":{"gitId":"Jas0n-yxy"},"content":"                    System.out.println(SEPARATOR);","lastModifiedDate":"2026-02-12T23:50:31","isFullCredit":false},{"lineNumber":172,"author":{"gitId":"Jas0n-yxy"},"content":"                    System.out.println(\" OK, I\u0027ve marked this task as not done yet:\");","lastModifiedDate":"2026-02-12T23:50:31","isFullCredit":false},{"lineNumber":173,"author":{"gitId":"Jas0n-yxy"},"content":"                }","lastModifiedDate":"2026-02-12T23:50:31","isFullCredit":false},{"lineNumber":174,"author":{"gitId":"Jas0n-yxy"},"content":"                System.out.println(\"   \" + targetTask);","lastModifiedDate":"2026-02-12T23:50:31","isFullCredit":false},{"lineNumber":175,"author":{"gitId":"Jas0n-yxy"},"content":"                System.out.println(SEPARATOR);","lastModifiedDate":"2026-02-12T23:50:31","isFullCredit":false},{"lineNumber":176,"author":{"gitId":"Jas0n-yxy"},"content":"            } else {","lastModifiedDate":"2026-02-12T23:50:31","isFullCredit":false},{"lineNumber":177,"author":{"gitId":"Jas0n-yxy"},"content":"                printErrorMessage(\"Oops! This task number does not exist.\");","lastModifiedDate":"2026-02-12T23:50:31","isFullCredit":false},{"lineNumber":178,"author":{"gitId":"Jas0n-yxy"},"content":"            }","lastModifiedDate":"2026-02-12T23:50:31","isFullCredit":false},{"lineNumber":179,"author":{"gitId":"Jas0n-yxy"},"content":"        } catch (StringIndexOutOfBoundsException e) {","lastModifiedDate":"2026-02-12T23:55:57","isFullCredit":false},{"lineNumber":180,"author":{"gitId":"Jas0n-yxy"},"content":"            printErrorMessage(\"Oops! Please specify a task number after \u0027mark\u0027/\u0027unmark\u0027.\");","lastModifiedDate":"2026-02-12T23:50:31","isFullCredit":false},{"lineNumber":181,"author":{"gitId":"Jas0n-yxy"},"content":"        } catch (NumberFormatException e) {","lastModifiedDate":"2026-02-13T00:09:33","isFullCredit":false},{"lineNumber":182,"author":{"gitId":"Jas0n-yxy"},"content":"            printErrorMessage(\"Oops! Please enter a valid number after \u0027mark\u0027/\u0027unmark\u0027.\");","lastModifiedDate":"2026-02-13T00:09:33","isFullCredit":false},{"lineNumber":183,"author":{"gitId":"Jas0n-yxy"},"content":"        }","lastModifiedDate":"2026-02-12T23:50:31","isFullCredit":false},{"lineNumber":184,"author":{"gitId":"Jas0n-yxy"},"content":"    }","lastModifiedDate":"2026-02-12T23:50:31","isFullCredit":false},{"lineNumber":185,"author":{"gitId":"Jas0n-yxy"},"content":"","lastModifiedDate":"2026-02-12T23:50:31","isFullCredit":false},{"lineNumber":186,"author":{"gitId":"Jas0n-yxy"},"content":"    private static void printErrorMessage(String message) {","lastModifiedDate":"2026-02-12T23:50:31","isFullCredit":false},{"lineNumber":187,"author":{"gitId":"Jas0n-yxy"},"content":"        System.out.println(SEPARATOR);","lastModifiedDate":"2026-02-12T23:50:31","isFullCredit":false},{"lineNumber":188,"author":{"gitId":"Jas0n-yxy"},"content":"        System.out.println(\" \" + message);","lastModifiedDate":"2026-02-12T23:50:31","isFullCredit":false},{"lineNumber":189,"author":{"gitId":"Jas0n-yxy"},"content":"        System.out.println(SEPARATOR);","lastModifiedDate":"2026-02-12T23:50:31","isFullCredit":false},{"lineNumber":190,"author":{"gitId":"Jas0n-yxy"},"content":"    }","lastModifiedDate":"2026-02-12T23:50:31","isFullCredit":false},{"lineNumber":191,"author":{"gitId":"Jas0n-yxy"},"content":"","lastModifiedDate":"2026-02-12T23:50:31","isFullCredit":false},{"lineNumber":192,"author":{"gitId":"Jas0n-yxy"},"content":"    private static void printGoodbyeMessage() {","lastModifiedDate":"2026-02-09T23:51:41","isFullCredit":false},{"lineNumber":193,"author":{"gitId":"Jas0n-yxy"},"content":"        System.out.println(SEPARATOR);","lastModifiedDate":"2026-02-09T23:51:41","isFullCredit":false},{"lineNumber":194,"author":{"gitId":"Jas0n-yxy"},"content":"        System.out.println(\" Bye. Hope to see you again soon!\");","lastModifiedDate":"2026-02-09T23:51:41","isFullCredit":false},{"lineNumber":195,"author":{"gitId":"Jas0n-yxy"},"content":"        System.out.println(SEPARATOR);","lastModifiedDate":"2026-02-09T23:51:41","isFullCredit":false},{"lineNumber":196,"author":{"gitId":"Jas0n-yxy"},"content":"    }","lastModifiedDate":"2026-02-04T02:22:21","isFullCredit":false},{"lineNumber":197,"author":{"gitId":"Jas0n-yxy"},"content":"","lastModifiedDate":"2026-02-12T23:50:31","isFullCredit":false},{"lineNumber":198,"author":{"gitId":"Jas0n-yxy"},"content":"    private static class Task {","lastModifiedDate":"2026-02-12T23:55:57","isFullCredit":false},{"lineNumber":199,"author":{"gitId":"Jas0n-yxy"},"content":"        protected String description;","lastModifiedDate":"2026-02-13T00:09:33","isFullCredit":false},{"lineNumber":200,"author":{"gitId":"Jas0n-yxy"},"content":"        protected boolean isDone;","lastModifiedDate":"2026-02-13T00:09:33","isFullCredit":false},{"lineNumber":201,"author":{"gitId":"Jas0n-yxy"},"content":"","lastModifiedDate":"2026-02-12T23:50:31","isFullCredit":false},{"lineNumber":202,"author":{"gitId":"Jas0n-yxy"},"content":"        public Task(String description) {","lastModifiedDate":"2026-02-13T00:09:33","isFullCredit":false},{"lineNumber":203,"author":{"gitId":"Jas0n-yxy"},"content":"            this.description \u003d description;","lastModifiedDate":"2026-02-13T00:09:33","isFullCredit":false},{"lineNumber":204,"author":{"gitId":"Jas0n-yxy"},"content":"            this.isDone \u003d false;","lastModifiedDate":"2026-02-12T23:50:31","isFullCredit":false},{"lineNumber":205,"author":{"gitId":"Jas0n-yxy"},"content":"        }","lastModifiedDate":"2026-02-12T23:50:31","isFullCredit":false},{"lineNumber":206,"author":{"gitId":"Jas0n-yxy"},"content":"","lastModifiedDate":"2026-02-12T23:50:31","isFullCredit":false},{"lineNumber":207,"author":{"gitId":"Jas0n-yxy"},"content":"        public void markAsDone() {","lastModifiedDate":"2026-02-12T23:50:31","isFullCredit":false},{"lineNumber":208,"author":{"gitId":"Jas0n-yxy"},"content":"            this.isDone \u003d true;","lastModifiedDate":"2026-02-12T23:50:31","isFullCredit":false},{"lineNumber":209,"author":{"gitId":"Jas0n-yxy"},"content":"        }","lastModifiedDate":"2026-02-12T23:50:31","isFullCredit":false},{"lineNumber":210,"author":{"gitId":"Jas0n-yxy"},"content":"","lastModifiedDate":"2026-02-12T23:50:31","isFullCredit":false},{"lineNumber":211,"author":{"gitId":"Jas0n-yxy"},"content":"        public void unmarkAsDone() {","lastModifiedDate":"2026-02-12T23:50:31","isFullCredit":false},{"lineNumber":212,"author":{"gitId":"Jas0n-yxy"},"content":"            this.isDone \u003d false;","lastModifiedDate":"2026-02-12T23:50:31","isFullCredit":false},{"lineNumber":213,"author":{"gitId":"Jas0n-yxy"},"content":"        }","lastModifiedDate":"2026-02-12T23:50:31","isFullCredit":false},{"lineNumber":214,"author":{"gitId":"Jas0n-yxy"},"content":"","lastModifiedDate":"2026-02-12T23:50:31","isFullCredit":false},{"lineNumber":215,"author":{"gitId":"Jas0n-yxy"},"content":"        protected String getStatusIcon() {","lastModifiedDate":"2026-02-13T00:09:33","isFullCredit":false},{"lineNumber":216,"author":{"gitId":"Jas0n-yxy"},"content":"            return (isDone ? \"X\" : \" \");","lastModifiedDate":"2026-02-13T00:09:33","isFullCredit":false},{"lineNumber":217,"author":{"gitId":"Jas0n-yxy"},"content":"        }","lastModifiedDate":"2026-02-13T00:09:33","isFullCredit":false},{"lineNumber":218,"author":{"gitId":"Jas0n-yxy"},"content":"","lastModifiedDate":"2026-02-13T00:09:33","isFullCredit":false},{"lineNumber":219,"author":{"gitId":"Jas0n-yxy"},"content":"        @Override","lastModifiedDate":"2026-02-13T00:09:33","isFullCredit":false},{"lineNumber":220,"author":{"gitId":"Jas0n-yxy"},"content":"        public String toString() {","lastModifiedDate":"2026-02-13T00:09:33","isFullCredit":false},{"lineNumber":221,"author":{"gitId":"Jas0n-yxy"},"content":"            return \"[\" + getStatusIcon() + \"] \" + description;","lastModifiedDate":"2026-02-13T00:09:33","isFullCredit":false},{"lineNumber":222,"author":{"gitId":"Jas0n-yxy"},"content":"        }","lastModifiedDate":"2026-02-13T00:09:33","isFullCredit":false},{"lineNumber":223,"author":{"gitId":"Jas0n-yxy"},"content":"    }","lastModifiedDate":"2026-02-13T00:09:33","isFullCredit":false},{"lineNumber":224,"author":{"gitId":"Jas0n-yxy"},"content":"","lastModifiedDate":"2026-02-13T00:09:33","isFullCredit":false},{"lineNumber":225,"author":{"gitId":"Jas0n-yxy"},"content":"    private static class Todo extends Task {","lastModifiedDate":"2026-02-13T00:09:33","isFullCredit":false},{"lineNumber":226,"author":{"gitId":"Jas0n-yxy"},"content":"        public Todo(String description) {","lastModifiedDate":"2026-02-13T00:09:33","isFullCredit":false},{"lineNumber":227,"author":{"gitId":"Jas0n-yxy"},"content":"            super(description);","lastModifiedDate":"2026-02-13T00:09:33","isFullCredit":false},{"lineNumber":228,"author":{"gitId":"Jas0n-yxy"},"content":"        }","lastModifiedDate":"2026-02-13T00:09:33","isFullCredit":false},{"lineNumber":229,"author":{"gitId":"Jas0n-yxy"},"content":"","lastModifiedDate":"2026-02-13T00:09:33","isFullCredit":false},{"lineNumber":230,"author":{"gitId":"Jas0n-yxy"},"content":"        @Override","lastModifiedDate":"2026-02-13T00:09:33","isFullCredit":false},{"lineNumber":231,"author":{"gitId":"Jas0n-yxy"},"content":"        public String toString() {","lastModifiedDate":"2026-02-13T00:09:33","isFullCredit":false},{"lineNumber":232,"author":{"gitId":"Jas0n-yxy"},"content":"            return \"[T]\" + super.toString();","lastModifiedDate":"2026-02-13T00:09:33","isFullCredit":false},{"lineNumber":233,"author":{"gitId":"Jas0n-yxy"},"content":"        }","lastModifiedDate":"2026-02-13T00:09:33","isFullCredit":false},{"lineNumber":234,"author":{"gitId":"Jas0n-yxy"},"content":"    }","lastModifiedDate":"2026-02-13T00:09:33","isFullCredit":false},{"lineNumber":235,"author":{"gitId":"Jas0n-yxy"},"content":"","lastModifiedDate":"2026-02-13T00:09:33","isFullCredit":false},{"lineNumber":236,"author":{"gitId":"Jas0n-yxy"},"content":"    private static class Deadline extends Task {","lastModifiedDate":"2026-02-13T00:09:33","isFullCredit":false},{"lineNumber":237,"author":{"gitId":"Jas0n-yxy"},"content":"        protected String by;","lastModifiedDate":"2026-02-13T00:09:33","isFullCredit":false},{"lineNumber":238,"author":{"gitId":"Jas0n-yxy"},"content":"","lastModifiedDate":"2026-02-13T00:09:33","isFullCredit":false},{"lineNumber":239,"author":{"gitId":"Jas0n-yxy"},"content":"        public Deadline(String description, String by) {","lastModifiedDate":"2026-02-13T00:09:33","isFullCredit":false},{"lineNumber":240,"author":{"gitId":"Jas0n-yxy"},"content":"            super(description);","lastModifiedDate":"2026-02-13T00:09:33","isFullCredit":false},{"lineNumber":241,"author":{"gitId":"Jas0n-yxy"},"content":"            this.by \u003d by;","lastModifiedDate":"2026-02-13T00:09:33","isFullCredit":false},{"lineNumber":242,"author":{"gitId":"Jas0n-yxy"},"content":"        }","lastModifiedDate":"2026-02-13T00:09:33","isFullCredit":false},{"lineNumber":243,"author":{"gitId":"Jas0n-yxy"},"content":"","lastModifiedDate":"2026-02-13T00:09:33","isFullCredit":false},{"lineNumber":244,"author":{"gitId":"Jas0n-yxy"},"content":"        @Override","lastModifiedDate":"2026-02-13T00:09:33","isFullCredit":false},{"lineNumber":245,"author":{"gitId":"Jas0n-yxy"},"content":"        public String toString() {","lastModifiedDate":"2026-02-13T00:09:33","isFullCredit":false},{"lineNumber":246,"author":{"gitId":"Jas0n-yxy"},"content":"            return \"[D]\" + super.toString() + \" (by: \" + by + \")\";","lastModifiedDate":"2026-02-13T00:09:33","isFullCredit":false},{"lineNumber":247,"author":{"gitId":"Jas0n-yxy"},"content":"        }","lastModifiedDate":"2026-02-13T00:09:33","isFullCredit":false},{"lineNumber":248,"author":{"gitId":"Jas0n-yxy"},"content":"    }","lastModifiedDate":"2026-02-13T00:09:33","isFullCredit":false},{"lineNumber":249,"author":{"gitId":"Jas0n-yxy"},"content":"","lastModifiedDate":"2026-02-13T00:09:33","isFullCredit":false},{"lineNumber":250,"author":{"gitId":"Jas0n-yxy"},"content":"    private static class Event extends Task {","lastModifiedDate":"2026-02-13T00:09:33","isFullCredit":false},{"lineNumber":251,"author":{"gitId":"Jas0n-yxy"},"content":"        protected String from;","lastModifiedDate":"2026-02-13T00:09:33","isFullCredit":false},{"lineNumber":252,"author":{"gitId":"Jas0n-yxy"},"content":"        protected String to;","lastModifiedDate":"2026-02-13T00:09:33","isFullCredit":false},{"lineNumber":253,"author":{"gitId":"Jas0n-yxy"},"content":"","lastModifiedDate":"2026-02-13T00:09:33","isFullCredit":false},{"lineNumber":254,"author":{"gitId":"Jas0n-yxy"},"content":"        public Event(String description, String from, String to) {","lastModifiedDate":"2026-02-13T00:09:33","isFullCredit":false},{"lineNumber":255,"author":{"gitId":"Jas0n-yxy"},"content":"            super(description);","lastModifiedDate":"2026-02-13T00:09:33","isFullCredit":false},{"lineNumber":256,"author":{"gitId":"Jas0n-yxy"},"content":"            this.from \u003d from;","lastModifiedDate":"2026-02-13T00:09:33","isFullCredit":false},{"lineNumber":257,"author":{"gitId":"Jas0n-yxy"},"content":"            this.to \u003d to;","lastModifiedDate":"2026-02-13T00:09:33","isFullCredit":false},{"lineNumber":258,"author":{"gitId":"Jas0n-yxy"},"content":"        }","lastModifiedDate":"2026-02-13T00:09:33","isFullCredit":false},{"lineNumber":259,"author":{"gitId":"Jas0n-yxy"},"content":"","lastModifiedDate":"2026-02-13T00:09:33","isFullCredit":false},{"lineNumber":260,"author":{"gitId":"Jas0n-yxy"},"content":"        @Override","lastModifiedDate":"2026-02-12T23:55:57","isFullCredit":false},{"lineNumber":261,"author":{"gitId":"Jas0n-yxy"},"content":"        public String toString() {","lastModifiedDate":"2026-02-12T23:50:31","isFullCredit":false},{"lineNumber":262,"author":{"gitId":"Jas0n-yxy"},"content":"            return \"[E]\" + super.toString() + \" (from: \" + from + \" to: \" + to + \")\";","lastModifiedDate":"2026-02-13T00:09:33","isFullCredit":false},{"lineNumber":263,"author":{"gitId":"Jas0n-yxy"},"content":"        }","lastModifiedDate":"2026-02-12T23:50:31","isFullCredit":false},{"lineNumber":264,"author":{"gitId":"Jas0n-yxy"},"content":"    }","lastModifiedDate":"2026-02-12T23:50:31","isFullCredit":false},{"lineNumber":265,"author":{"gitId":"Jas0n-yxy"},"content":"}","lastModifiedDate":"2026-02-04T02:22:21","isFullCredit":false}],"authorContributionMap":{"Jas0n-yxy":265}},{"path":"text-ui-test/input.txt","fileType":"txt","lines":[{"lineNumber":1,"author":{"gitId":"Jas0n-yxy"},"content":"todo borrow book","lastModifiedDate":"2026-02-13T00:35:19","isFullCredit":false},{"lineNumber":2,"author":{"gitId":"Jas0n-yxy"},"content":"deadline return book /by Sunday","lastModifiedDate":"2026-02-13T00:35:19","isFullCredit":false},{"lineNumber":3,"author":{"gitId":"Jas0n-yxy"},"content":"event project meeting /from Mon 2pm /to 4pm","lastModifiedDate":"2026-02-13T00:35:19","isFullCredit":false},{"lineNumber":4,"author":{"gitId":"Jas0n-yxy"},"content":"list","lastModifiedDate":"2026-02-13T00:35:19","isFullCredit":false},{"lineNumber":5,"author":{"gitId":"Jas0n-yxy"},"content":"mark 2","lastModifiedDate":"2026-02-13T00:35:19","isFullCredit":false},{"lineNumber":6,"author":{"gitId":"Jas0n-yxy"},"content":"unmark 2","lastModifiedDate":"2026-02-13T00:35:19","isFullCredit":false},{"lineNumber":7,"author":{"gitId":"Jas0n-yxy"},"content":"bye","lastModifiedDate":"2026-02-13T00:35:19","isFullCredit":false}],"authorContributionMap":{"Jas0n-yxy":7}},{"path":"text-ui-test/runtest.bat","fileType":"bat","lines":[{"lineNumber":1,"author":{"gitId":"-"},"content":"@ECHO OFF","lastModifiedDate":"2020-05-25T00:03:55","isFullCredit":false},{"lineNumber":2,"author":{"gitId":"-"},"content":"","lastModifiedDate":"2020-05-25T00:03:55","isFullCredit":false},{"lineNumber":3,"author":{"gitId":"-"},"content":"REM create bin directory if it doesn\u0027t exist","lastModifiedDate":"2020-05-25T00:03:55","isFullCredit":false},{"lineNumber":4,"author":{"gitId":"-"},"content":"if not exist ..\\bin mkdir ..\\bin","lastModifiedDate":"2020-05-25T00:03:55","isFullCredit":false},{"lineNumber":5,"author":{"gitId":"-"},"content":"","lastModifiedDate":"2020-05-25T00:03:55","isFullCredit":false},{"lineNumber":6,"author":{"gitId":"-"},"content":"REM delete output from previous run","lastModifiedDate":"2020-05-25T00:03:55","isFullCredit":false},{"lineNumber":7,"author":{"gitId":"-"},"content":"if exist ACTUAL.TXT del ACTUAL.TXT","lastModifiedDate":"2020-08-25T17:23:26","isFullCredit":false},{"lineNumber":8,"author":{"gitId":"-"},"content":"","lastModifiedDate":"2020-05-25T00:03:55","isFullCredit":false},{"lineNumber":9,"author":{"gitId":"-"},"content":"REM compile the code into the bin folder","lastModifiedDate":"2020-05-25T00:03:55","isFullCredit":false},{"lineNumber":10,"author":{"gitId":"Jas0n-yxy"},"content":"javac  -cp ..\\src\\main\\java -Xlint:none -d ..\\bin ..\\src\\main\\java\\Loxy.java","lastModifiedDate":"2026-02-13T00:35:19","isFullCredit":false},{"lineNumber":11,"author":{"gitId":"-"},"content":"IF ERRORLEVEL 1 (","lastModifiedDate":"2020-05-25T00:03:55","isFullCredit":false},{"lineNumber":12,"author":{"gitId":"-"},"content":"    echo ********** BUILD FAILURE **********","lastModifiedDate":"2020-05-25T00:03:55","isFullCredit":false},{"lineNumber":13,"author":{"gitId":"-"},"content":"    exit /b 1","lastModifiedDate":"2020-05-25T00:03:55","isFullCredit":false},{"lineNumber":14,"author":{"gitId":"-"},"content":")","lastModifiedDate":"2020-05-25T00:03:55","isFullCredit":false},{"lineNumber":15,"author":{"gitId":"-"},"content":"REM no error here, errorlevel \u003d\u003d 0","lastModifiedDate":"2020-05-25T00:03:55","isFullCredit":false},{"lineNumber":16,"author":{"gitId":"-"},"content":"","lastModifiedDate":"2020-05-25T00:03:55","isFullCredit":false},{"lineNumber":17,"author":{"gitId":"-"},"content":"REM run the program, feed commands from input.txt file and redirect the output to the ACTUAL.TXT","lastModifiedDate":"2020-05-25T00:03:55","isFullCredit":false},{"lineNumber":18,"author":{"gitId":"Jas0n-yxy"},"content":"java -classpath ..\\bin Loxy \u003c input.txt \u003e ACTUAL.TXT","lastModifiedDate":"2026-02-13T00:35:19","isFullCredit":false},{"lineNumber":19,"author":{"gitId":"-"},"content":"","lastModifiedDate":"2020-05-25T00:03:55","isFullCredit":false},{"lineNumber":20,"author":{"gitId":"-"},"content":"REM compare the output to the expected output","lastModifiedDate":"2020-05-25T00:03:55","isFullCredit":false},{"lineNumber":21,"author":{"gitId":"-"},"content":"FC ACTUAL.TXT EXPECTED.TXT","lastModifiedDate":"2020-05-25T00:03:55","isFullCredit":false}],"authorContributionMap":{"Jas0n-yxy":2,"-":19}},{"path":"text-ui-test/runtest.sh","fileType":"sh","lines":[{"lineNumber":1,"author":{"gitId":"-"},"content":"#!/usr/bin/env bash","lastModifiedDate":"2020-05-25T00:03:55","isFullCredit":false},{"lineNumber":2,"author":{"gitId":"-"},"content":"","lastModifiedDate":"2020-05-25T00:03:55","isFullCredit":false},{"lineNumber":3,"author":{"gitId":"-"},"content":"# create bin directory if it doesn\u0027t exist","lastModifiedDate":"2020-05-25T00:03:55","isFullCredit":false},{"lineNumber":4,"author":{"gitId":"-"},"content":"if [ ! -d \"../bin\" ]","lastModifiedDate":"2020-05-25T00:03:55","isFullCredit":false},{"lineNumber":5,"author":{"gitId":"-"},"content":"then","lastModifiedDate":"2020-05-25T00:03:55","isFullCredit":false},{"lineNumber":6,"author":{"gitId":"-"},"content":"    mkdir ../bin","lastModifiedDate":"2020-05-25T00:03:55","isFullCredit":false},{"lineNumber":7,"author":{"gitId":"-"},"content":"fi","lastModifiedDate":"2020-05-25T00:03:55","isFullCredit":false},{"lineNumber":8,"author":{"gitId":"-"},"content":"","lastModifiedDate":"2020-05-25T00:03:55","isFullCredit":false},{"lineNumber":9,"author":{"gitId":"-"},"content":"# delete output from previous run","lastModifiedDate":"2020-05-25T00:03:55","isFullCredit":false},{"lineNumber":10,"author":{"gitId":"-"},"content":"if [ -e \"./ACTUAL.TXT\" ]","lastModifiedDate":"2020-05-25T00:03:55","isFullCredit":false},{"lineNumber":11,"author":{"gitId":"-"},"content":"then","lastModifiedDate":"2020-05-25T00:03:55","isFullCredit":false},{"lineNumber":12,"author":{"gitId":"-"},"content":"    rm ACTUAL.TXT","lastModifiedDate":"2020-05-25T00:03:55","isFullCredit":false},{"lineNumber":13,"author":{"gitId":"-"},"content":"fi","lastModifiedDate":"2020-05-25T00:03:55","isFullCredit":false},{"lineNumber":14,"author":{"gitId":"-"},"content":"","lastModifiedDate":"2020-05-25T00:03:55","isFullCredit":false},{"lineNumber":15,"author":{"gitId":"-"},"content":"# compile the code into the bin folder, terminates if error occurred","lastModifiedDate":"2020-05-25T00:03:55","isFullCredit":false},{"lineNumber":16,"author":{"gitId":"Jas0n-yxy"},"content":"if ! javac -cp ../src/main/java -Xlint:none -d ../bin ../src/main/java/Loxy.java","lastModifiedDate":"2026-02-13T00:35:19","isFullCredit":false},{"lineNumber":17,"author":{"gitId":"-"},"content":"then","lastModifiedDate":"2020-05-25T00:03:55","isFullCredit":false},{"lineNumber":18,"author":{"gitId":"-"},"content":"    echo \"********** BUILD FAILURE **********\"","lastModifiedDate":"2020-05-25T00:03:55","isFullCredit":false},{"lineNumber":19,"author":{"gitId":"-"},"content":"    exit 1","lastModifiedDate":"2020-05-25T00:03:55","isFullCredit":false},{"lineNumber":20,"author":{"gitId":"-"},"content":"fi","lastModifiedDate":"2020-05-25T00:03:55","isFullCredit":false},{"lineNumber":21,"author":{"gitId":"-"},"content":"","lastModifiedDate":"2020-05-25T00:03:55","isFullCredit":false},{"lineNumber":22,"author":{"gitId":"-"},"content":"# run the program, feed commands from input.txt file and redirect the output to the ACTUAL.TXT","lastModifiedDate":"2020-05-25T00:03:55","isFullCredit":false},{"lineNumber":23,"author":{"gitId":"Jas0n-yxy"},"content":"java -classpath ../bin Loxy \u003c input.txt \u003e ACTUAL.TXT","lastModifiedDate":"2026-02-13T00:35:19","isFullCredit":false},{"lineNumber":24,"author":{"gitId":"-"},"content":"","lastModifiedDate":"2020-05-25T00:03:55","isFullCredit":false},{"lineNumber":25,"author":{"gitId":"-"},"content":"# convert to UNIX format","lastModifiedDate":"2020-05-25T00:03:55","isFullCredit":false},{"lineNumber":26,"author":{"gitId":"-"},"content":"cp EXPECTED.TXT EXPECTED-UNIX.TXT","lastModifiedDate":"2020-05-25T00:03:55","isFullCredit":false},{"lineNumber":27,"author":{"gitId":"-"},"content":"dos2unix ACTUAL.TXT EXPECTED-UNIX.TXT","lastModifiedDate":"2020-05-25T00:03:55","isFullCredit":false},{"lineNumber":28,"author":{"gitId":"-"},"content":"","lastModifiedDate":"2020-05-25T00:03:55","isFullCredit":false},{"lineNumber":29,"author":{"gitId":"-"},"content":"# compare the output to the expected output","lastModifiedDate":"2020-05-25T00:03:55","isFullCredit":false},{"lineNumber":30,"author":{"gitId":"-"},"content":"diff ACTUAL.TXT EXPECTED-UNIX.TXT","lastModifiedDate":"2020-05-25T00:03:55","isFullCredit":false},{"lineNumber":31,"author":{"gitId":"-"},"content":"if [ $? -eq 0 ]","lastModifiedDate":"2020-05-25T00:03:55","isFullCredit":false},{"lineNumber":32,"author":{"gitId":"-"},"content":"then","lastModifiedDate":"2020-05-25T00:03:55","isFullCredit":false},{"lineNumber":33,"author":{"gitId":"-"},"content":"    echo \"Test result: PASSED\"","lastModifiedDate":"2020-05-25T00:03:55","isFullCredit":false},{"lineNumber":34,"author":{"gitId":"-"},"content":"    exit 0","lastModifiedDate":"2020-05-25T00:03:55","isFullCredit":false},{"lineNumber":35,"author":{"gitId":"-"},"content":"else","lastModifiedDate":"2020-05-25T00:03:55","isFullCredit":false},{"lineNumber":36,"author":{"gitId":"-"},"content":"    echo \"Test result: FAILED\"","lastModifiedDate":"2020-05-25T00:03:55","isFullCredit":false},{"lineNumber":37,"author":{"gitId":"-"},"content":"    exit 1","lastModifiedDate":"2020-05-25T00:03:55","isFullCredit":false},{"lineNumber":38,"author":{"gitId":"-"},"content":"fi","lastModifiedDate":"2020-05-25T00:03:55","isFullCredit":false}],"authorContributionMap":{"Jas0n-yxy":2,"-":36}}]
