{"authorDailyContributionsMap":{"Jas0n-yxy":[{"date":"2026-02-04T00:00:00","commitResults":[{"hash":"10f3af340ebf2ae7c43790349e208631aefd99ca","isMergeCommit":false,"messageTitle":"first commit","messageBody":"","fileTypesAndContributionMap":{"java":{"insertions":120,"deletions":10},"bat":{"insertions":1,"deletions":1},"md":{"insertions":3,"deletions":3}}}]}]},"authorFileTypeContributionMap":{"Jas0n-yxy":{"java":120,"md":3,"fxml":0,"sh":0,"bat":1,"gradle":0,"txt":0}},"authorContributionVariance":{"Jas0n-yxy":679.20984},"authorDisplayNameMap":{"Jas0n-yxy":"CS2113-W13-3 YAN ..NGYU"}}
