[{"path":"src/main/java/Goose/Deadline.java","fileType":"java","lines":[{"lineNumber":1,"author":{"gitId":"liny666"},"content":"package Goose;","lastModifiedDate":"2026-02-10T14:21:00","isFullCredit":false},{"lineNumber":2,"author":{"gitId":"liny666"},"content":"","lastModifiedDate":"2026-02-10T14:21:00","isFullCredit":false},{"lineNumber":3,"author":{"gitId":"liny666"},"content":"public class Deadline extends Task {","lastModifiedDate":"2026-02-03T15:18:54","isFullCredit":false},{"lineNumber":4,"author":{"gitId":"liny666"},"content":"    protected String by;","lastModifiedDate":"2026-02-03T15:18:54","isFullCredit":false},{"lineNumber":5,"author":{"gitId":"liny666"},"content":"","lastModifiedDate":"2026-02-03T15:18:54","isFullCredit":false},{"lineNumber":6,"author":{"gitId":"liny666"},"content":"    public Deadline(String description, String by) {","lastModifiedDate":"2026-02-03T15:18:54","isFullCredit":false},{"lineNumber":7,"author":{"gitId":"liny666"},"content":"        super(description);","lastModifiedDate":"2026-02-03T15:18:54","isFullCredit":false},{"lineNumber":8,"author":{"gitId":"liny666"},"content":"        this.by \u003d by;","lastModifiedDate":"2026-02-03T15:18:54","isFullCredit":false},{"lineNumber":9,"author":{"gitId":"liny666"},"content":"    }","lastModifiedDate":"2026-02-03T15:18:54","isFullCredit":false},{"lineNumber":10,"author":{"gitId":"liny666"},"content":"","lastModifiedDate":"2026-02-03T15:18:54","isFullCredit":false},{"lineNumber":11,"author":{"gitId":"liny666"},"content":"    @Override","lastModifiedDate":"2026-02-03T15:18:54","isFullCredit":false},{"lineNumber":12,"author":{"gitId":"liny666"},"content":"    public String toString() {","lastModifiedDate":"2026-02-03T15:18:54","isFullCredit":false},{"lineNumber":13,"author":{"gitId":"liny666"},"content":"        return \"[D]\" + super.toString() + \" (by: \" + by + \")\";","lastModifiedDate":"2026-02-03T15:18:54","isFullCredit":false},{"lineNumber":14,"author":{"gitId":"liny666"},"content":"    }","lastModifiedDate":"2026-02-03T15:18:54","isFullCredit":false},{"lineNumber":15,"author":{"gitId":"liny666"},"content":"}","lastModifiedDate":"2026-02-03T15:18:54","isFullCredit":false}],"authorContributionMap":{"liny666":15}},{"path":"src/main/java/Goose/Event.java","fileType":"java","lines":[{"lineNumber":1,"author":{"gitId":"liny666"},"content":"package Goose;","lastModifiedDate":"2026-02-10T14:21:00","isFullCredit":false},{"lineNumber":2,"author":{"gitId":"liny666"},"content":"","lastModifiedDate":"2026-02-10T14:21:00","isFullCredit":false},{"lineNumber":3,"author":{"gitId":"liny666"},"content":"public class Event extends Task {","lastModifiedDate":"2026-02-03T15:18:54","isFullCredit":false},{"lineNumber":4,"author":{"gitId":"liny666"},"content":"    protected String from;","lastModifiedDate":"2026-02-03T15:18:54","isFullCredit":false},{"lineNumber":5,"author":{"gitId":"liny666"},"content":"    protected String to;","lastModifiedDate":"2026-02-03T15:18:54","isFullCredit":false},{"lineNumber":6,"author":{"gitId":"liny666"},"content":"","lastModifiedDate":"2026-02-03T15:18:54","isFullCredit":false},{"lineNumber":7,"author":{"gitId":"liny666"},"content":"    public Event(String description, String from, String to) {","lastModifiedDate":"2026-02-03T15:18:54","isFullCredit":false},{"lineNumber":8,"author":{"gitId":"liny666"},"content":"        super(description);","lastModifiedDate":"2026-02-03T15:18:54","isFullCredit":false},{"lineNumber":9,"author":{"gitId":"liny666"},"content":"        this.from \u003d from;","lastModifiedDate":"2026-02-03T15:18:54","isFullCredit":false},{"lineNumber":10,"author":{"gitId":"liny666"},"content":"        this.to \u003d to;","lastModifiedDate":"2026-02-03T15:18:54","isFullCredit":false},{"lineNumber":11,"author":{"gitId":"liny666"},"content":"    }","lastModifiedDate":"2026-02-03T15:18:54","isFullCredit":false},{"lineNumber":12,"author":{"gitId":"liny666"},"content":"","lastModifiedDate":"2026-02-03T15:18:54","isFullCredit":false},{"lineNumber":13,"author":{"gitId":"liny666"},"content":"    @Override","lastModifiedDate":"2026-02-03T15:18:54","isFullCredit":false},{"lineNumber":14,"author":{"gitId":"liny666"},"content":"    public String toString() {","lastModifiedDate":"2026-02-03T15:18:54","isFullCredit":false},{"lineNumber":15,"author":{"gitId":"liny666"},"content":"        return \"[E]\" + super.toString() + \" (from: \" + from + \" to: \" + to + \")\";","lastModifiedDate":"2026-02-03T15:18:54","isFullCredit":false},{"lineNumber":16,"author":{"gitId":"liny666"},"content":"    }","lastModifiedDate":"2026-02-03T15:18:54","isFullCredit":false},{"lineNumber":17,"author":{"gitId":"liny666"},"content":"}","lastModifiedDate":"2026-02-03T15:18:54","isFullCredit":false}],"authorContributionMap":{"liny666":17}},{"path":"src/main/java/Goose/GoGoGoose.java","fileType":"java","lines":[{"lineNumber":1,"author":{"gitId":"liny666"},"content":"package Goose;","lastModifiedDate":"2026-02-10T14:21:00","isFullCredit":false},{"lineNumber":2,"author":{"gitId":"liny666"},"content":"","lastModifiedDate":"2026-02-10T14:21:00","isFullCredit":false},{"lineNumber":3,"author":{"gitId":"liny666"},"content":"import java.util.Scanner;","lastModifiedDate":"2026-01-28T22:04:31","isFullCredit":false},{"lineNumber":4,"author":{"gitId":"liny666"},"content":"","lastModifiedDate":"2026-01-28T22:04:31","isFullCredit":false},{"lineNumber":5,"author":{"gitId":"liny666"},"content":"public class GoGoGoose {","lastModifiedDate":"2026-01-22T19:28:36","isFullCredit":false},{"lineNumber":6,"author":{"gitId":"liny666"},"content":"    private static final String COMMAND_BYE \u003d \"bye\";","lastModifiedDate":"2026-02-06T13:08:45","isFullCredit":false},{"lineNumber":7,"author":{"gitId":"liny666"},"content":"    private static final String COMMAND_LIST \u003d \"list\";","lastModifiedDate":"2026-02-06T13:08:45","isFullCredit":false},{"lineNumber":8,"author":{"gitId":"liny666"},"content":"    private static final String COMMAND_MARK \u003d \"mark\";","lastModifiedDate":"2026-02-06T13:08:45","isFullCredit":false},{"lineNumber":9,"author":{"gitId":"liny666"},"content":"    private static final String COMMAND_UNMARK \u003d \"unmark\";","lastModifiedDate":"2026-02-06T13:08:45","isFullCredit":false},{"lineNumber":10,"author":{"gitId":"liny666"},"content":"    private static final String COMMAND_TODO \u003d \"todo\";","lastModifiedDate":"2026-02-06T13:08:45","isFullCredit":false},{"lineNumber":11,"author":{"gitId":"liny666"},"content":"    private static final String COMMAND_DEADLINE \u003d \"deadline\";","lastModifiedDate":"2026-02-06T13:08:45","isFullCredit":false},{"lineNumber":12,"author":{"gitId":"liny666"},"content":"    private static final String COMMAND_EVENT \u003d \"event\";","lastModifiedDate":"2026-02-06T13:08:45","isFullCredit":false},{"lineNumber":13,"author":{"gitId":"liny666"},"content":"","lastModifiedDate":"2026-02-06T13:08:45","isFullCredit":false},{"lineNumber":14,"author":{"gitId":"liny666"},"content":"","lastModifiedDate":"2026-02-06T12:09:41","isFullCredit":false},{"lineNumber":15,"author":{"gitId":"liny666"},"content":"    private static final String DIVIDER_LINE \u003d","lastModifiedDate":"2026-02-03T15:18:54","isFullCredit":false},{"lineNumber":16,"author":{"gitId":"liny666"},"content":"            \"____________________________________________________________\";","lastModifiedDate":"2026-02-03T15:18:54","isFullCredit":false},{"lineNumber":17,"author":{"gitId":"liny666"},"content":"","lastModifiedDate":"2026-01-28T22:04:31","isFullCredit":false},{"lineNumber":18,"author":{"gitId":"liny666"},"content":"    private static void printTaskAdded(Task task, int taskCount) {","lastModifiedDate":"2026-02-06T13:08:45","isFullCredit":false},{"lineNumber":19,"author":{"gitId":"liny666"},"content":"        System.out.println(\"Got it. I\u0027ve added this task:\");","lastModifiedDate":"2026-02-06T13:08:45","isFullCredit":false},{"lineNumber":20,"author":{"gitId":"liny666"},"content":"        System.out.println(\"  \" + task);","lastModifiedDate":"2026-02-06T13:08:45","isFullCredit":false},{"lineNumber":21,"author":{"gitId":"liny666"},"content":"        System.out.println(\"Now you have \" + taskCount + \" tasks in the list.\");","lastModifiedDate":"2026-02-06T13:08:45","isFullCredit":false},{"lineNumber":22,"author":{"gitId":"liny666"},"content":"        System.out.println(DIVIDER_LINE);","lastModifiedDate":"2026-02-06T13:08:45","isFullCredit":false},{"lineNumber":23,"author":{"gitId":"liny666"},"content":"    }","lastModifiedDate":"2026-02-06T13:08:45","isFullCredit":false},{"lineNumber":24,"author":{"gitId":"liny666"},"content":"","lastModifiedDate":"2026-01-28T22:04:31","isFullCredit":false},{"lineNumber":25,"author":{"gitId":"liny666"},"content":"    private static int addTask(Task[] tasks, int taskCount, Task task) {","lastModifiedDate":"2026-02-06T13:08:45","isFullCredit":false},{"lineNumber":26,"author":{"gitId":"liny666"},"content":"        tasks[taskCount] \u003d task;","lastModifiedDate":"2026-02-06T13:08:45","isFullCredit":false},{"lineNumber":27,"author":{"gitId":"liny666"},"content":"        taskCount++;","lastModifiedDate":"2026-02-06T13:08:45","isFullCredit":false},{"lineNumber":28,"author":{"gitId":"liny666"},"content":"        printTaskAdded(task, taskCount);","lastModifiedDate":"2026-02-06T13:08:45","isFullCredit":false},{"lineNumber":29,"author":{"gitId":"liny666"},"content":"        return taskCount;","lastModifiedDate":"2026-02-06T13:08:45","isFullCredit":false},{"lineNumber":30,"author":{"gitId":"liny666"},"content":"    }","lastModifiedDate":"2026-02-06T13:08:45","isFullCredit":false},{"lineNumber":31,"author":{"gitId":"liny666"},"content":"","lastModifiedDate":"2026-02-06T13:08:45","isFullCredit":false},{"lineNumber":32,"author":{"gitId":"liny666"},"content":"    private static Deadline parseDeadline(String userInput) {","lastModifiedDate":"2026-02-06T13:08:45","isFullCredit":false},{"lineNumber":33,"author":{"gitId":"liny666"},"content":"        String[] parts \u003d userInput","lastModifiedDate":"2026-02-06T13:08:45","isFullCredit":false},{"lineNumber":34,"author":{"gitId":"liny666"},"content":"                .substring(COMMAND_DEADLINE.length())","lastModifiedDate":"2026-02-06T13:08:45","isFullCredit":false},{"lineNumber":35,"author":{"gitId":"liny666"},"content":"                .split(\" /by \", 2);","lastModifiedDate":"2026-02-06T13:08:45","isFullCredit":false},{"lineNumber":36,"author":{"gitId":"liny666"},"content":"","lastModifiedDate":"2026-02-06T13:08:45","isFullCredit":false},{"lineNumber":37,"author":{"gitId":"liny666"},"content":"        return new Deadline(parts[0], parts[1]);","lastModifiedDate":"2026-02-06T13:08:45","isFullCredit":false},{"lineNumber":38,"author":{"gitId":"liny666"},"content":"    }","lastModifiedDate":"2026-02-06T13:08:45","isFullCredit":false},{"lineNumber":39,"author":{"gitId":"liny666"},"content":"","lastModifiedDate":"2026-01-28T22:19:53","isFullCredit":false},{"lineNumber":40,"author":{"gitId":"liny666"},"content":"    private static void printWelcomeMessage() {","lastModifiedDate":"2026-02-06T13:08:45","isFullCredit":false},{"lineNumber":41,"author":{"gitId":"liny666"},"content":"        System.out.println(DIVIDER_LINE);","lastModifiedDate":"2026-01-28T22:19:53","isFullCredit":false},{"lineNumber":42,"author":{"gitId":"liny666"},"content":"        System.out.println(\"Hello! I\u0027m GoGoGoose\");","lastModifiedDate":"2026-01-22T19:28:36","isFullCredit":false},{"lineNumber":43,"author":{"gitId":"liny666"},"content":"        System.out.println(\"What can I do for you?\");","lastModifiedDate":"2026-01-22T19:28:36","isFullCredit":false},{"lineNumber":44,"author":{"gitId":"liny666"},"content":"        System.out.println(DIVIDER_LINE);","lastModifiedDate":"2026-01-28T22:19:53","isFullCredit":false},{"lineNumber":45,"author":{"gitId":"liny666"},"content":"    }","lastModifiedDate":"2026-02-06T13:08:45","isFullCredit":false},{"lineNumber":46,"author":{"gitId":"liny666"},"content":"","lastModifiedDate":"2026-01-28T22:04:31","isFullCredit":false},{"lineNumber":47,"author":{"gitId":"liny666"},"content":"    private static void printGoodbyeMessage() {","lastModifiedDate":"2026-02-06T13:08:45","isFullCredit":false},{"lineNumber":48,"author":{"gitId":"liny666"},"content":"        System.out.println(\"Bye. Hope to see you again soon!\");","lastModifiedDate":"2026-01-22T19:28:36","isFullCredit":false},{"lineNumber":49,"author":{"gitId":"liny666"},"content":"        System.out.println(DIVIDER_LINE);","lastModifiedDate":"2026-01-28T22:19:53","isFullCredit":false},{"lineNumber":50,"author":{"gitId":"liny666"},"content":"    }","lastModifiedDate":"2026-01-28T22:04:31","isFullCredit":false},{"lineNumber":51,"author":{"gitId":"liny666"},"content":"","lastModifiedDate":"2026-01-28T22:04:31","isFullCredit":false},{"lineNumber":52,"author":{"gitId":"liny666"},"content":"    private static void handleListCommand(Task[] tasks, int taskCount) {","lastModifiedDate":"2026-02-06T13:08:45","isFullCredit":false},{"lineNumber":53,"author":{"gitId":"liny666"},"content":"        System.out.println(\"Here are the tasks in your list:\");","lastModifiedDate":"2026-01-29T22:03:02","isFullCredit":false},{"lineNumber":54,"author":{"gitId":"liny666"},"content":"        for (int i \u003d 0; i \u003c taskCount; i++) {","lastModifiedDate":"2026-01-28T22:19:53","isFullCredit":false},{"lineNumber":55,"author":{"gitId":"liny666"},"content":"            System.out.println((i + 1) + \".\" + tasks[i]);","lastModifiedDate":"2026-01-28T22:19:53","isFullCredit":false},{"lineNumber":56,"author":{"gitId":"liny666"},"content":"        }","lastModifiedDate":"2026-01-28T22:19:53","isFullCredit":false},{"lineNumber":57,"author":{"gitId":"liny666"},"content":"        System.out.println(DIVIDER_LINE);","lastModifiedDate":"2026-01-28T22:19:53","isFullCredit":false},{"lineNumber":58,"author":{"gitId":"liny666"},"content":"    }","lastModifiedDate":"2026-01-28T22:19:53","isFullCredit":false},{"lineNumber":59,"author":{"gitId":"liny666"},"content":"","lastModifiedDate":"2026-01-28T22:19:53","isFullCredit":false},{"lineNumber":60,"author":{"gitId":"liny666"},"content":"    private static void handleMarkCommand(String userInput, Task[] tasks) throws GooseException {","lastModifiedDate":"2026-02-09T16:28:28","isFullCredit":false},{"lineNumber":61,"author":{"gitId":"liny666"},"content":"        String[] parts \u003d userInput.split(\" \");","lastModifiedDate":"2026-02-09T17:16:50","isFullCredit":false},{"lineNumber":62,"author":{"gitId":"liny666"},"content":"        if (parts.length \u003c 2) {","lastModifiedDate":"2026-02-09T17:16:50","isFullCredit":false},{"lineNumber":63,"author":{"gitId":"liny666"},"content":"            throw new GooseException(\"Quack!! Task number missing. Example: mark 2\");","lastModifiedDate":"2026-02-09T17:16:50","isFullCredit":false},{"lineNumber":64,"author":{"gitId":"liny666"},"content":"        }","lastModifiedDate":"2026-02-09T17:16:50","isFullCredit":false},{"lineNumber":65,"author":{"gitId":"liny666"},"content":"","lastModifiedDate":"2026-02-09T17:16:50","isFullCredit":false},{"lineNumber":66,"author":{"gitId":"liny666"},"content":"        try {","lastModifiedDate":"2026-02-09T16:28:28","isFullCredit":false},{"lineNumber":67,"author":{"gitId":"liny666"},"content":"            int index \u003d Integer.parseInt(parts[1]) - 1;","lastModifiedDate":"2026-02-09T17:16:50","isFullCredit":false},{"lineNumber":68,"author":{"gitId":"liny666"},"content":"","lastModifiedDate":"2026-02-06T13:08:45","isFullCredit":false},{"lineNumber":69,"author":{"gitId":"liny666"},"content":"            if (index \u003c 0 || index \u003e\u003d tasks.length || tasks[index] \u003d\u003d null) {","lastModifiedDate":"2026-02-09T16:28:28","isFullCredit":false},{"lineNumber":70,"author":{"gitId":"liny666"},"content":"                throw new GooseException(\"Quack!! Task number invalid or does not exist.\");","lastModifiedDate":"2026-02-09T16:28:28","isFullCredit":false},{"lineNumber":71,"author":{"gitId":"liny666"},"content":"            }","lastModifiedDate":"2026-02-09T16:28:28","isFullCredit":false},{"lineNumber":72,"author":{"gitId":"liny666"},"content":"","lastModifiedDate":"2026-02-09T16:28:28","isFullCredit":false},{"lineNumber":73,"author":{"gitId":"liny666"},"content":"            tasks[index].markAsDone();","lastModifiedDate":"2026-02-09T16:28:28","isFullCredit":false},{"lineNumber":74,"author":{"gitId":"liny666"},"content":"            System.out.println(\"Nice! I\u0027ve marked this task as done:\");","lastModifiedDate":"2026-01-29T22:03:02","isFullCredit":false},{"lineNumber":75,"author":{"gitId":"liny666"},"content":"            System.out.println(\"  \" + tasks[index]);","lastModifiedDate":"2026-02-03T15:18:54","isFullCredit":false},{"lineNumber":76,"author":{"gitId":"liny666"},"content":"            System.out.println(DIVIDER_LINE);","lastModifiedDate":"2026-01-29T22:03:02","isFullCredit":false},{"lineNumber":77,"author":{"gitId":"liny666"},"content":"","lastModifiedDate":"2026-02-09T16:28:28","isFullCredit":false},{"lineNumber":78,"author":{"gitId":"liny666"},"content":"        } catch (NumberFormatException e) {","lastModifiedDate":"2026-02-09T16:28:28","isFullCredit":false},{"lineNumber":79,"author":{"gitId":"liny666"},"content":"            throw new GooseException(\"Quack!! Please provide a valid number.\");","lastModifiedDate":"2026-02-09T17:16:50","isFullCredit":false},{"lineNumber":80,"author":{"gitId":"liny666"},"content":"        }","lastModifiedDate":"2026-02-09T16:28:28","isFullCredit":false},{"lineNumber":81,"author":{"gitId":"liny666"},"content":"    }","lastModifiedDate":"2026-01-29T22:03:02","isFullCredit":false},{"lineNumber":82,"author":{"gitId":"liny666"},"content":"","lastModifiedDate":"2026-01-29T22:03:02","isFullCredit":false},{"lineNumber":83,"author":{"gitId":"liny666"},"content":"    private static int handleTodoCommand(String userInput, Task[] tasks, int taskCount) throws GooseException {","lastModifiedDate":"2026-02-09T16:28:28","isFullCredit":false},{"lineNumber":84,"author":{"gitId":"liny666"},"content":"        String description \u003d userInput.substring(COMMAND_TODO.length()).trim();","lastModifiedDate":"2026-02-09T16:28:28","isFullCredit":false},{"lineNumber":85,"author":{"gitId":"liny666"},"content":"        if (description.isEmpty()) {","lastModifiedDate":"2026-02-09T16:28:28","isFullCredit":false},{"lineNumber":86,"author":{"gitId":"liny666"},"content":"            throw new GooseException(\"Quack!! todo cannot be empty and needs a description.\");","lastModifiedDate":"2026-02-09T16:28:28","isFullCredit":false},{"lineNumber":87,"author":{"gitId":"liny666"},"content":"        }","lastModifiedDate":"2026-02-09T16:28:28","isFullCredit":false},{"lineNumber":88,"author":{"gitId":"liny666"},"content":"        return addTask(tasks, taskCount, new Todo(description));","lastModifiedDate":"2026-02-06T13:08:45","isFullCredit":false},{"lineNumber":89,"author":{"gitId":"liny666"},"content":"    }","lastModifiedDate":"2026-02-06T13:08:45","isFullCredit":false},{"lineNumber":90,"author":{"gitId":"liny666"},"content":"","lastModifiedDate":"2026-02-06T13:08:45","isFullCredit":false},{"lineNumber":91,"author":{"gitId":"liny666"},"content":"    private static void handleUnmarkCommand(String userInput, Task[] tasks) throws GooseException {","lastModifiedDate":"2026-02-09T17:16:50","isFullCredit":false},{"lineNumber":92,"author":{"gitId":"liny666"},"content":"        String[] parts \u003d userInput.split(\" \");","lastModifiedDate":"2026-02-09T17:16:50","isFullCredit":false},{"lineNumber":93,"author":{"gitId":"liny666"},"content":"        if (parts.length \u003c 2) {","lastModifiedDate":"2026-02-09T17:16:50","isFullCredit":false},{"lineNumber":94,"author":{"gitId":"liny666"},"content":"            throw new GooseException(\"Quack!! Task number missing.\");","lastModifiedDate":"2026-02-09T17:16:50","isFullCredit":false},{"lineNumber":95,"author":{"gitId":"liny666"},"content":"        }","lastModifiedDate":"2026-02-09T17:16:50","isFullCredit":false},{"lineNumber":96,"author":{"gitId":"liny666"},"content":"","lastModifiedDate":"2026-02-09T17:16:50","isFullCredit":false},{"lineNumber":97,"author":{"gitId":"liny666"},"content":"        try {","lastModifiedDate":"2026-02-09T17:16:50","isFullCredit":false},{"lineNumber":98,"author":{"gitId":"liny666"},"content":"            int index \u003d Integer.parseInt(parts[1]) - 1;","lastModifiedDate":"2026-02-09T17:16:50","isFullCredit":false},{"lineNumber":99,"author":{"gitId":"liny666"},"content":"","lastModifiedDate":"2026-02-09T17:16:50","isFullCredit":false},{"lineNumber":100,"author":{"gitId":"liny666"},"content":"            if (index \u003c 0 || index \u003e\u003d tasks.length || tasks[index] \u003d\u003d null) {","lastModifiedDate":"2026-02-09T17:16:50","isFullCredit":false},{"lineNumber":101,"author":{"gitId":"liny666"},"content":"                throw new GooseException(\"Quack!! Task number invalid or does not exist.\");","lastModifiedDate":"2026-02-09T17:16:50","isFullCredit":false},{"lineNumber":102,"author":{"gitId":"liny666"},"content":"            }","lastModifiedDate":"2026-02-09T17:16:50","isFullCredit":false},{"lineNumber":103,"author":{"gitId":"liny666"},"content":"","lastModifiedDate":"2026-02-06T13:08:45","isFullCredit":false},{"lineNumber":104,"author":{"gitId":"liny666"},"content":"            tasks[index].unmarkAsDone();","lastModifiedDate":"2026-02-09T17:16:50","isFullCredit":false},{"lineNumber":105,"author":{"gitId":"liny666"},"content":"            System.out.println(\"OK, I\u0027ve marked this task as not done yet:\");","lastModifiedDate":"2026-01-29T22:03:02","isFullCredit":false},{"lineNumber":106,"author":{"gitId":"liny666"},"content":"            System.out.println(\"  \" + tasks[index]);","lastModifiedDate":"2026-02-03T15:18:54","isFullCredit":false},{"lineNumber":107,"author":{"gitId":"liny666"},"content":"            System.out.println(DIVIDER_LINE);","lastModifiedDate":"2026-02-03T15:18:54","isFullCredit":false},{"lineNumber":108,"author":{"gitId":"liny666"},"content":"","lastModifiedDate":"2026-02-09T17:16:50","isFullCredit":false},{"lineNumber":109,"author":{"gitId":"liny666"},"content":"        } catch (NumberFormatException e) {","lastModifiedDate":"2026-02-09T17:16:50","isFullCredit":false},{"lineNumber":110,"author":{"gitId":"liny666"},"content":"            throw new GooseException(\"Quack!! Please provide a valid number.\");","lastModifiedDate":"2026-02-09T17:16:50","isFullCredit":false},{"lineNumber":111,"author":{"gitId":"liny666"},"content":"        }","lastModifiedDate":"2026-01-29T22:03:02","isFullCredit":false},{"lineNumber":112,"author":{"gitId":"liny666"},"content":"    }","lastModifiedDate":"2026-02-09T17:16:50","isFullCredit":false},{"lineNumber":113,"author":{"gitId":"liny666"},"content":"","lastModifiedDate":"2026-02-09T17:16:50","isFullCredit":false},{"lineNumber":114,"author":{"gitId":"liny666"},"content":"    private static int handleDeadlineCommand(String userInput, Task[] tasks, int taskCount) throws GooseException {","lastModifiedDate":"2026-02-09T17:16:50","isFullCredit":false},{"lineNumber":115,"author":{"gitId":"liny666"},"content":"        String remaining \u003d userInput.substring(COMMAND_DEADLINE.length()).trim();","lastModifiedDate":"2026-02-09T17:16:50","isFullCredit":false},{"lineNumber":116,"author":{"gitId":"liny666"},"content":"","lastModifiedDate":"2026-02-09T17:16:50","isFullCredit":false},{"lineNumber":117,"author":{"gitId":"liny666"},"content":"        if (remaining.isEmpty()) {","lastModifiedDate":"2026-02-09T17:16:50","isFullCredit":false},{"lineNumber":118,"author":{"gitId":"liny666"},"content":"            throw new GooseException(\"Quack!! Deadline description and /by date cannot be empty.\");","lastModifiedDate":"2026-02-09T17:16:50","isFullCredit":false},{"lineNumber":119,"author":{"gitId":"liny666"},"content":"        }","lastModifiedDate":"2026-02-09T17:16:50","isFullCredit":false},{"lineNumber":120,"author":{"gitId":"liny666"},"content":"","lastModifiedDate":"2026-02-09T17:16:50","isFullCredit":false},{"lineNumber":121,"author":{"gitId":"liny666"},"content":"        String[] parts \u003d remaining.split(\"/by\", 2);","lastModifiedDate":"2026-02-09T17:16:50","isFullCredit":false},{"lineNumber":122,"author":{"gitId":"liny666"},"content":"","lastModifiedDate":"2026-02-03T15:18:54","isFullCredit":false},{"lineNumber":123,"author":{"gitId":"liny666"},"content":"        String description \u003d parts[0].trim();","lastModifiedDate":"2026-02-09T17:16:50","isFullCredit":false},{"lineNumber":124,"author":{"gitId":"liny666"},"content":"        String by \u003d (parts.length \u003e 1) ? parts[1].trim() : \"\";","lastModifiedDate":"2026-02-09T17:16:50","isFullCredit":false},{"lineNumber":125,"author":{"gitId":"liny666"},"content":"","lastModifiedDate":"2026-02-09T17:16:50","isFullCredit":false},{"lineNumber":126,"author":{"gitId":"liny666"},"content":"        if (description.isEmpty() \u0026\u0026 by.isEmpty()) {","lastModifiedDate":"2026-02-09T17:16:50","isFullCredit":false},{"lineNumber":127,"author":{"gitId":"liny666"},"content":"            throw new GooseException(\"Quack!! Deadline description and /by date cannot be empty.\");","lastModifiedDate":"2026-02-09T17:16:50","isFullCredit":false},{"lineNumber":128,"author":{"gitId":"liny666"},"content":"        }","lastModifiedDate":"2026-02-09T17:16:50","isFullCredit":false},{"lineNumber":129,"author":{"gitId":"liny666"},"content":"        else if (description.isEmpty()) {","lastModifiedDate":"2026-02-09T17:16:50","isFullCredit":false},{"lineNumber":130,"author":{"gitId":"liny666"},"content":"            throw new GooseException(\"Quack!! Deadline description cannot be empty.\");","lastModifiedDate":"2026-02-09T17:16:50","isFullCredit":false},{"lineNumber":131,"author":{"gitId":"liny666"},"content":"        }","lastModifiedDate":"2026-02-09T17:16:50","isFullCredit":false},{"lineNumber":132,"author":{"gitId":"liny666"},"content":"        else if (by.isEmpty()) {","lastModifiedDate":"2026-02-09T17:16:50","isFullCredit":false},{"lineNumber":133,"author":{"gitId":"liny666"},"content":"            throw new GooseException(\"Quack!! Deadline /by date cannot be empty.\");","lastModifiedDate":"2026-02-09T17:16:50","isFullCredit":false},{"lineNumber":134,"author":{"gitId":"liny666"},"content":"        }","lastModifiedDate":"2026-02-09T17:16:50","isFullCredit":false},{"lineNumber":135,"author":{"gitId":"liny666"},"content":"","lastModifiedDate":"2026-02-09T17:16:50","isFullCredit":false},{"lineNumber":136,"author":{"gitId":"liny666"},"content":"        Deadline task \u003d new Deadline(description, by);","lastModifiedDate":"2026-02-09T17:16:50","isFullCredit":false},{"lineNumber":137,"author":{"gitId":"liny666"},"content":"        return addTask(tasks, taskCount, task);","lastModifiedDate":"2026-02-06T13:08:45","isFullCredit":false},{"lineNumber":138,"author":{"gitId":"liny666"},"content":"    }","lastModifiedDate":"2026-01-29T22:03:02","isFullCredit":false},{"lineNumber":139,"author":{"gitId":"liny666"},"content":"","lastModifiedDate":"2026-01-29T22:03:02","isFullCredit":false},{"lineNumber":140,"author":{"gitId":"liny666"},"content":"    private static int handleEventCommand(String userInput, Task[] tasks, int taskCount) throws GooseException {String remaining \u003d userInput.substring(COMMAND_EVENT.length()).trim();","lastModifiedDate":"2026-02-09T17:16:50","isFullCredit":false},{"lineNumber":141,"author":{"gitId":"liny666"},"content":"        if (remaining.isEmpty() || remaining.startsWith(\"/from\") || remaining.startsWith(\"/to\")) {","lastModifiedDate":"2026-02-09T17:16:50","isFullCredit":false},{"lineNumber":142,"author":{"gitId":"liny666"},"content":"            throw new GooseException(\"Quack!! Event description cannot be empty.\");","lastModifiedDate":"2026-02-09T17:16:50","isFullCredit":false},{"lineNumber":143,"author":{"gitId":"liny666"},"content":"        }","lastModifiedDate":"2026-02-09T17:16:50","isFullCredit":false},{"lineNumber":144,"author":{"gitId":"liny666"},"content":"","lastModifiedDate":"2026-02-09T17:16:50","isFullCredit":false},{"lineNumber":145,"author":{"gitId":"liny666"},"content":"        String[] firstSplit \u003d remaining.split(\" /from \", 2);","lastModifiedDate":"2026-02-09T17:16:50","isFullCredit":false},{"lineNumber":146,"author":{"gitId":"liny666"},"content":"        String description \u003d firstSplit[0].trim();","lastModifiedDate":"2026-02-09T17:16:50","isFullCredit":false},{"lineNumber":147,"author":{"gitId":"liny666"},"content":"","lastModifiedDate":"2026-02-09T17:16:50","isFullCredit":false},{"lineNumber":148,"author":{"gitId":"liny666"},"content":"        if (description.isEmpty()) {","lastModifiedDate":"2026-02-09T17:16:50","isFullCredit":false},{"lineNumber":149,"author":{"gitId":"liny666"},"content":"            throw new GooseException(\"Quack!! Event description cannot be empty.\");","lastModifiedDate":"2026-02-09T17:16:50","isFullCredit":false},{"lineNumber":150,"author":{"gitId":"liny666"},"content":"        }","lastModifiedDate":"2026-02-09T17:16:50","isFullCredit":false},{"lineNumber":151,"author":{"gitId":"liny666"},"content":"","lastModifiedDate":"2026-02-09T17:16:50","isFullCredit":false},{"lineNumber":152,"author":{"gitId":"liny666"},"content":"        if (firstSplit.length \u003c 2 || firstSplit[1].trim().isEmpty()) {","lastModifiedDate":"2026-02-09T17:16:50","isFullCredit":false},{"lineNumber":153,"author":{"gitId":"liny666"},"content":"            throw new GooseException(\"Quack!! Event start time after /from cannot be empty.\");","lastModifiedDate":"2026-02-09T17:16:50","isFullCredit":false},{"lineNumber":154,"author":{"gitId":"liny666"},"content":"        }","lastModifiedDate":"2026-02-09T17:16:50","isFullCredit":false},{"lineNumber":155,"author":{"gitId":"liny666"},"content":"","lastModifiedDate":"2026-02-09T17:16:50","isFullCredit":false},{"lineNumber":156,"author":{"gitId":"liny666"},"content":"        String[] secondSplit \u003d firstSplit[1].split(\" /to \", 2);","lastModifiedDate":"2026-02-09T17:16:50","isFullCredit":false},{"lineNumber":157,"author":{"gitId":"liny666"},"content":"        String from \u003d secondSplit[0].trim();","lastModifiedDate":"2026-02-09T17:16:50","isFullCredit":false},{"lineNumber":158,"author":{"gitId":"liny666"},"content":"","lastModifiedDate":"2026-02-09T17:16:50","isFullCredit":false},{"lineNumber":159,"author":{"gitId":"liny666"},"content":"        if (from.isEmpty()) {","lastModifiedDate":"2026-02-09T17:16:50","isFullCredit":false},{"lineNumber":160,"author":{"gitId":"liny666"},"content":"            throw new GooseException(\"Quack!! Event start time after /from cannot be empty.\");","lastModifiedDate":"2026-02-09T17:16:50","isFullCredit":false},{"lineNumber":161,"author":{"gitId":"liny666"},"content":"        }","lastModifiedDate":"2026-02-09T17:16:50","isFullCredit":false},{"lineNumber":162,"author":{"gitId":"liny666"},"content":"","lastModifiedDate":"2026-02-09T17:16:50","isFullCredit":false},{"lineNumber":163,"author":{"gitId":"liny666"},"content":"        if (secondSplit.length \u003c 2 || secondSplit[1].trim().isEmpty()) {","lastModifiedDate":"2026-02-09T17:16:50","isFullCredit":false},{"lineNumber":164,"author":{"gitId":"liny666"},"content":"            throw new GooseException(\"Quack!! Event end time after /to cannot be empty.\");","lastModifiedDate":"2026-02-09T17:16:50","isFullCredit":false},{"lineNumber":165,"author":{"gitId":"liny666"},"content":"        }","lastModifiedDate":"2026-02-09T17:16:50","isFullCredit":false},{"lineNumber":166,"author":{"gitId":"liny666"},"content":"","lastModifiedDate":"2026-02-09T17:16:50","isFullCredit":false},{"lineNumber":167,"author":{"gitId":"liny666"},"content":"        String to \u003d secondSplit[1].trim();","lastModifiedDate":"2026-02-09T17:16:50","isFullCredit":false},{"lineNumber":168,"author":{"gitId":"liny666"},"content":"","lastModifiedDate":"2026-01-28T22:19:53","isFullCredit":false},{"lineNumber":169,"author":{"gitId":"liny666"},"content":"        Event task \u003d new Event(description, from, to);","lastModifiedDate":"2026-02-09T17:16:50","isFullCredit":false},{"lineNumber":170,"author":{"gitId":"liny666"},"content":"        return addTask(tasks, taskCount, task);","lastModifiedDate":"2026-02-06T13:08:45","isFullCredit":false},{"lineNumber":171,"author":{"gitId":"liny666"},"content":"    }","lastModifiedDate":"2026-02-06T13:08:45","isFullCredit":false},{"lineNumber":172,"author":{"gitId":"liny666"},"content":"","lastModifiedDate":"2026-02-03T15:18:54","isFullCredit":false},{"lineNumber":173,"author":{"gitId":"liny666"},"content":"    private static int handleCommand(String userInput, Task[] tasks, int taskCount) throws GooseException {","lastModifiedDate":"2026-02-09T16:28:28","isFullCredit":false},{"lineNumber":174,"author":{"gitId":"liny666"},"content":"        if (userInput.equals(COMMAND_LIST)) {","lastModifiedDate":"2026-02-06T13:08:45","isFullCredit":false},{"lineNumber":175,"author":{"gitId":"liny666"},"content":"            handleListCommand(tasks, taskCount);","lastModifiedDate":"2026-02-06T13:08:45","isFullCredit":false},{"lineNumber":176,"author":{"gitId":"liny666"},"content":"            return taskCount;","lastModifiedDate":"2026-02-06T13:08:45","isFullCredit":false},{"lineNumber":177,"author":{"gitId":"liny666"},"content":"        } else if (userInput.startsWith(COMMAND_MARK)) {","lastModifiedDate":"2026-02-06T13:08:45","isFullCredit":false},{"lineNumber":178,"author":{"gitId":"liny666"},"content":"            handleMarkCommand(userInput, tasks);","lastModifiedDate":"2026-02-06T13:08:45","isFullCredit":false},{"lineNumber":179,"author":{"gitId":"liny666"},"content":"            return taskCount;","lastModifiedDate":"2026-02-06T13:08:45","isFullCredit":false},{"lineNumber":180,"author":{"gitId":"liny666"},"content":"        } else if (userInput.startsWith(COMMAND_UNMARK)) {","lastModifiedDate":"2026-02-06T13:08:45","isFullCredit":false},{"lineNumber":181,"author":{"gitId":"liny666"},"content":"            handleUnmarkCommand(userInput, tasks);","lastModifiedDate":"2026-02-06T13:08:45","isFullCredit":false},{"lineNumber":182,"author":{"gitId":"liny666"},"content":"            return taskCount;","lastModifiedDate":"2026-02-06T13:08:45","isFullCredit":false},{"lineNumber":183,"author":{"gitId":"liny666"},"content":"        } else if (userInput.startsWith(COMMAND_TODO)) {","lastModifiedDate":"2026-02-06T13:08:45","isFullCredit":false},{"lineNumber":184,"author":{"gitId":"liny666"},"content":"            return handleTodoCommand(userInput, tasks, taskCount);","lastModifiedDate":"2026-02-06T13:08:45","isFullCredit":false},{"lineNumber":185,"author":{"gitId":"liny666"},"content":"        } else if (userInput.startsWith(COMMAND_DEADLINE)) {","lastModifiedDate":"2026-02-06T13:08:45","isFullCredit":false},{"lineNumber":186,"author":{"gitId":"liny666"},"content":"            return handleDeadlineCommand(userInput, tasks, taskCount);","lastModifiedDate":"2026-02-06T13:08:45","isFullCredit":false},{"lineNumber":187,"author":{"gitId":"liny666"},"content":"        } else if (userInput.startsWith(COMMAND_EVENT)) {","lastModifiedDate":"2026-02-06T13:08:45","isFullCredit":false},{"lineNumber":188,"author":{"gitId":"liny666"},"content":"            return handleEventCommand(userInput, tasks, taskCount);","lastModifiedDate":"2026-02-06T13:08:45","isFullCredit":false},{"lineNumber":189,"author":{"gitId":"liny666"},"content":"        }","lastModifiedDate":"2026-02-06T13:08:45","isFullCredit":false},{"lineNumber":190,"author":{"gitId":"liny666"},"content":"","lastModifiedDate":"2026-02-09T16:28:28","isFullCredit":false},{"lineNumber":191,"author":{"gitId":"liny666"},"content":"        throw new GooseException(\"Quack!! Type something that I can understand.\");","lastModifiedDate":"2026-02-09T16:28:28","isFullCredit":false},{"lineNumber":192,"author":{"gitId":"liny666"},"content":"    }","lastModifiedDate":"2026-02-03T15:18:54","isFullCredit":false},{"lineNumber":193,"author":{"gitId":"liny666"},"content":"","lastModifiedDate":"2026-02-03T15:18:54","isFullCredit":false},{"lineNumber":194,"author":{"gitId":"liny666"},"content":"    public static void main(String[] args) {","lastModifiedDate":"2026-02-06T13:08:45","isFullCredit":false},{"lineNumber":195,"author":{"gitId":"liny666"},"content":"        Scanner inputScanner \u003d new Scanner(System.in);","lastModifiedDate":"2026-02-06T13:08:45","isFullCredit":false},{"lineNumber":196,"author":{"gitId":"liny666"},"content":"","lastModifiedDate":"2026-02-03T15:18:54","isFullCredit":false},{"lineNumber":197,"author":{"gitId":"liny666"},"content":"        Task[] tasks \u003d new Task[100];","lastModifiedDate":"2026-02-06T13:08:45","isFullCredit":false},{"lineNumber":198,"author":{"gitId":"liny666"},"content":"        int taskCount \u003d 0;","lastModifiedDate":"2026-02-06T13:08:45","isFullCredit":false},{"lineNumber":199,"author":{"gitId":"liny666"},"content":"","lastModifiedDate":"2026-02-03T15:18:54","isFullCredit":false},{"lineNumber":200,"author":{"gitId":"liny666"},"content":"        printWelcomeMessage();","lastModifiedDate":"2026-02-06T13:08:45","isFullCredit":false},{"lineNumber":201,"author":{"gitId":"liny666"},"content":"","lastModifiedDate":"2026-02-06T13:08:45","isFullCredit":false},{"lineNumber":202,"author":{"gitId":"liny666"},"content":"        while (true) {","lastModifiedDate":"2026-02-06T13:08:45","isFullCredit":false},{"lineNumber":203,"author":{"gitId":"liny666"},"content":"            String userInput \u003d inputScanner.nextLine().trim();","lastModifiedDate":"2026-02-06T13:08:45","isFullCredit":false},{"lineNumber":204,"author":{"gitId":"liny666"},"content":"            System.out.println(DIVIDER_LINE);","lastModifiedDate":"2026-02-03T15:18:54","isFullCredit":false},{"lineNumber":205,"author":{"gitId":"liny666"},"content":"","lastModifiedDate":"2026-02-06T13:08:45","isFullCredit":false},{"lineNumber":206,"author":{"gitId":"liny666"},"content":"            if (userInput.equals(COMMAND_BYE)) {","lastModifiedDate":"2026-02-06T13:08:45","isFullCredit":false},{"lineNumber":207,"author":{"gitId":"liny666"},"content":"                printGoodbyeMessage();","lastModifiedDate":"2026-02-06T13:08:45","isFullCredit":false},{"lineNumber":208,"author":{"gitId":"liny666"},"content":"                break;","lastModifiedDate":"2026-02-06T13:08:45","isFullCredit":false},{"lineNumber":209,"author":{"gitId":"liny666"},"content":"            }","lastModifiedDate":"2026-01-28T22:04:31","isFullCredit":false},{"lineNumber":210,"author":{"gitId":"liny666"},"content":"","lastModifiedDate":"2026-01-28T22:04:31","isFullCredit":false},{"lineNumber":211,"author":{"gitId":"liny666"},"content":"            try {","lastModifiedDate":"2026-02-09T16:28:28","isFullCredit":false},{"lineNumber":212,"author":{"gitId":"liny666"},"content":"                taskCount \u003d handleCommand(userInput, tasks, taskCount);","lastModifiedDate":"2026-02-06T13:08:45","isFullCredit":false},{"lineNumber":213,"author":{"gitId":"liny666"},"content":"            } catch (GooseException e) {","lastModifiedDate":"2026-02-09T16:28:28","isFullCredit":false},{"lineNumber":214,"author":{"gitId":"liny666"},"content":"                System.out.println(e.getMessage());","lastModifiedDate":"2026-02-09T16:28:28","isFullCredit":false},{"lineNumber":215,"author":{"gitId":"liny666"},"content":"                System.out.println(DIVIDER_LINE);","lastModifiedDate":"2026-02-09T16:28:28","isFullCredit":false},{"lineNumber":216,"author":{"gitId":"liny666"},"content":"            } catch (Exception e) {","lastModifiedDate":"2026-02-09T16:28:28","isFullCredit":false},{"lineNumber":217,"author":{"gitId":"liny666"},"content":"                System.out.println(\"Quack!! An unexpected error occurred. Check your input.\");","lastModifiedDate":"2026-02-09T16:28:28","isFullCredit":false},{"lineNumber":218,"author":{"gitId":"liny666"},"content":"                System.out.println(DIVIDER_LINE);","lastModifiedDate":"2026-02-09T16:28:28","isFullCredit":false},{"lineNumber":219,"author":{"gitId":"liny666"},"content":"            }","lastModifiedDate":"2026-02-09T16:28:28","isFullCredit":false},{"lineNumber":220,"author":{"gitId":"liny666"},"content":"        }","lastModifiedDate":"2026-02-06T13:08:45","isFullCredit":false},{"lineNumber":221,"author":{"gitId":"liny666"},"content":"        inputScanner.close();","lastModifiedDate":"2026-01-28T22:19:53","isFullCredit":false},{"lineNumber":222,"author":{"gitId":"liny666"},"content":"    }","lastModifiedDate":"2026-01-22T19:28:36","isFullCredit":false},{"lineNumber":223,"author":{"gitId":"liny666"},"content":"}","lastModifiedDate":"2026-01-22T19:28:36","isFullCredit":false}],"authorContributionMap":{"liny666":223}},{"path":"src/main/java/Goose/GooseException.java","fileType":"java","lines":[{"lineNumber":1,"author":{"gitId":"liny666"},"content":"package Goose;","lastModifiedDate":"2026-02-10T14:21:00","isFullCredit":false},{"lineNumber":2,"author":{"gitId":"liny666"},"content":"","lastModifiedDate":"2026-02-10T14:21:00","isFullCredit":false},{"lineNumber":3,"author":{"gitId":"liny666"},"content":"public class GooseException extends Exception {","lastModifiedDate":"2026-02-09T16:28:28","isFullCredit":false},{"lineNumber":4,"author":{"gitId":"liny666"},"content":"    public GooseException(String message) {","lastModifiedDate":"2026-02-09T16:28:28","isFullCredit":false},{"lineNumber":5,"author":{"gitId":"liny666"},"content":"        super(message);","lastModifiedDate":"2026-02-09T16:28:28","isFullCredit":false},{"lineNumber":6,"author":{"gitId":"liny666"},"content":"    }","lastModifiedDate":"2026-02-09T16:28:28","isFullCredit":false},{"lineNumber":7,"author":{"gitId":"liny666"},"content":"}","lastModifiedDate":"2026-02-09T16:28:28","isFullCredit":false}],"authorContributionMap":{"liny666":7}},{"path":"src/main/java/Goose/Task.java","fileType":"java","lines":[{"lineNumber":1,"author":{"gitId":"liny666"},"content":"package Goose;","lastModifiedDate":"2026-02-10T14:21:00","isFullCredit":false},{"lineNumber":2,"author":{"gitId":"liny666"},"content":"","lastModifiedDate":"2026-02-10T14:21:00","isFullCredit":false},{"lineNumber":3,"author":{"gitId":"liny666"},"content":"public class Task {","lastModifiedDate":"2026-01-29T22:03:02","isFullCredit":false},{"lineNumber":4,"author":{"gitId":"liny666"},"content":"    private String description;","lastModifiedDate":"2026-02-06T12:09:41","isFullCredit":false},{"lineNumber":5,"author":{"gitId":"liny666"},"content":"    private boolean isDone;","lastModifiedDate":"2026-02-06T12:09:41","isFullCredit":false},{"lineNumber":6,"author":{"gitId":"liny666"},"content":"","lastModifiedDate":"2026-01-29T22:03:02","isFullCredit":false},{"lineNumber":7,"author":{"gitId":"liny666"},"content":"    public Task(String description) {","lastModifiedDate":"2026-01-29T22:03:02","isFullCredit":false},{"lineNumber":8,"author":{"gitId":"liny666"},"content":"        this.description \u003d description;","lastModifiedDate":"2026-01-29T22:03:02","isFullCredit":false},{"lineNumber":9,"author":{"gitId":"liny666"},"content":"        this.isDone \u003d false;","lastModifiedDate":"2026-01-29T22:03:02","isFullCredit":false},{"lineNumber":10,"author":{"gitId":"liny666"},"content":"    }","lastModifiedDate":"2026-01-29T22:03:02","isFullCredit":false},{"lineNumber":11,"author":{"gitId":"liny666"},"content":"","lastModifiedDate":"2026-01-29T22:03:02","isFullCredit":false},{"lineNumber":12,"author":{"gitId":"liny666"},"content":"    public void markAsDone() {","lastModifiedDate":"2026-01-29T22:03:02","isFullCredit":false},{"lineNumber":13,"author":{"gitId":"liny666"},"content":"        this.isDone \u003d true;","lastModifiedDate":"2026-01-29T22:03:02","isFullCredit":false},{"lineNumber":14,"author":{"gitId":"liny666"},"content":"    }","lastModifiedDate":"2026-01-29T22:03:02","isFullCredit":false},{"lineNumber":15,"author":{"gitId":"liny666"},"content":"","lastModifiedDate":"2026-01-29T22:03:02","isFullCredit":false},{"lineNumber":16,"author":{"gitId":"liny666"},"content":"    public void unmarkAsDone() {","lastModifiedDate":"2026-01-29T22:03:02","isFullCredit":false},{"lineNumber":17,"author":{"gitId":"liny666"},"content":"        this.isDone \u003d false;","lastModifiedDate":"2026-01-29T22:03:02","isFullCredit":false},{"lineNumber":18,"author":{"gitId":"liny666"},"content":"    }","lastModifiedDate":"2026-01-29T22:03:02","isFullCredit":false},{"lineNumber":19,"author":{"gitId":"liny666"},"content":"","lastModifiedDate":"2026-01-29T22:03:02","isFullCredit":false},{"lineNumber":20,"author":{"gitId":"liny666"},"content":"    protected String getStatusIcon() {","lastModifiedDate":"2026-02-03T15:18:54","isFullCredit":false},{"lineNumber":21,"author":{"gitId":"liny666"},"content":"        return isDone ? \"X\" : \" \";","lastModifiedDate":"2026-02-03T15:18:54","isFullCredit":false},{"lineNumber":22,"author":{"gitId":"liny666"},"content":"    }","lastModifiedDate":"2026-01-29T22:03:02","isFullCredit":false},{"lineNumber":23,"author":{"gitId":"liny666"},"content":"","lastModifiedDate":"2026-01-29T22:03:02","isFullCredit":false},{"lineNumber":24,"author":{"gitId":"liny666"},"content":"    @Override","lastModifiedDate":"2026-01-29T22:03:02","isFullCredit":false},{"lineNumber":25,"author":{"gitId":"liny666"},"content":"    public String toString() {","lastModifiedDate":"2026-01-29T22:03:02","isFullCredit":false},{"lineNumber":26,"author":{"gitId":"liny666"},"content":"        return \"[\" + getStatusIcon() + \"] \" + description;","lastModifiedDate":"2026-01-29T22:03:02","isFullCredit":false},{"lineNumber":27,"author":{"gitId":"liny666"},"content":"    }","lastModifiedDate":"2026-01-29T22:03:02","isFullCredit":false},{"lineNumber":28,"author":{"gitId":"liny666"},"content":"}","lastModifiedDate":"2026-01-29T22:03:02","isFullCredit":false}],"authorContributionMap":{"liny666":28}},{"path":"src/main/java/Goose/Todo.java","fileType":"java","lines":[{"lineNumber":1,"author":{"gitId":"liny666"},"content":"package Goose;","lastModifiedDate":"2026-02-10T14:21:00","isFullCredit":false},{"lineNumber":2,"author":{"gitId":"liny666"},"content":"","lastModifiedDate":"2026-02-10T14:21:00","isFullCredit":false},{"lineNumber":3,"author":{"gitId":"liny666"},"content":"public class Todo extends Task {","lastModifiedDate":"2026-02-03T15:18:54","isFullCredit":false},{"lineNumber":4,"author":{"gitId":"liny666"},"content":"","lastModifiedDate":"2026-02-03T15:18:54","isFullCredit":false},{"lineNumber":5,"author":{"gitId":"liny666"},"content":"    public Todo(String description) {","lastModifiedDate":"2026-02-03T15:18:54","isFullCredit":false},{"lineNumber":6,"author":{"gitId":"liny666"},"content":"        super(description);","lastModifiedDate":"2026-02-03T15:18:54","isFullCredit":false},{"lineNumber":7,"author":{"gitId":"liny666"},"content":"    }","lastModifiedDate":"2026-02-03T15:18:54","isFullCredit":false},{"lineNumber":8,"author":{"gitId":"liny666"},"content":"","lastModifiedDate":"2026-02-03T15:18:54","isFullCredit":false},{"lineNumber":9,"author":{"gitId":"liny666"},"content":"    @Override","lastModifiedDate":"2026-02-03T15:18:54","isFullCredit":false},{"lineNumber":10,"author":{"gitId":"liny666"},"content":"    public String toString() {","lastModifiedDate":"2026-02-03T15:18:54","isFullCredit":false},{"lineNumber":11,"author":{"gitId":"liny666"},"content":"        return \"[T]\" + super.toString();","lastModifiedDate":"2026-02-03T15:18:54","isFullCredit":false},{"lineNumber":12,"author":{"gitId":"liny666"},"content":"    }","lastModifiedDate":"2026-02-03T15:18:54","isFullCredit":false},{"lineNumber":13,"author":{"gitId":"liny666"},"content":"}","lastModifiedDate":"2026-02-03T15:18:54","isFullCredit":false}],"authorContributionMap":{"liny666":13}}]
