[{"path":"data/katappa.txt","fileType":"txt","lines":[{"lineNumber":1,"author":{"gitId":"veermehta270"},"content":"T;[X];dance","lastModifiedDate":"2026-02-10T22:43:02","isFullCredit":false},{"lineNumber":2,"author":{"gitId":"veermehta270"},"content":"T;[ ];party","lastModifiedDate":"2026-02-10T22:43:02","isFullCredit":false},{"lineNumber":3,"author":{"gitId":"veermehta270"},"content":"D;[ ];homework;today","lastModifiedDate":"2026-02-10T22:43:02","isFullCredit":false},{"lineNumber":4,"author":{"gitId":"veermehta270"},"content":"E;[X];cf;today;tommorow","lastModifiedDate":"2026-02-10T22:43:02","isFullCredit":false}],"authorContributionMap":{"veermehta270":4}},{"path":"src/main/java/katappa/CommandExecutor.java","fileType":"java","lines":[{"lineNumber":1,"author":{"gitId":"veermehta270"},"content":"package katappa;","lastModifiedDate":"2026-02-04T23:51:21","isFullCredit":false},{"lineNumber":2,"author":{"gitId":"veermehta270"},"content":"","lastModifiedDate":"2026-02-04T23:51:21","isFullCredit":false},{"lineNumber":3,"author":{"gitId":"veermehta270"},"content":"import katappa.task.Task;","lastModifiedDate":"2026-02-04T23:51:21","isFullCredit":false},{"lineNumber":4,"author":{"gitId":"veermehta270"},"content":"","lastModifiedDate":"2026-02-04T23:51:21","isFullCredit":false},{"lineNumber":5,"author":{"gitId":"veermehta270"},"content":"import java.util.ArrayList;","lastModifiedDate":"2026-02-08T18:21:57","isFullCredit":false},{"lineNumber":6,"author":{"gitId":"veermehta270"},"content":"","lastModifiedDate":"2026-02-08T18:21:57","isFullCredit":false},{"lineNumber":7,"author":{"gitId":"veermehta270"},"content":"public class CommandExecutor {","lastModifiedDate":"2026-01-31T12:07:16","isFullCredit":false},{"lineNumber":8,"author":{"gitId":"veermehta270"},"content":"    /**","lastModifiedDate":"2026-02-08T12:07:12","isFullCredit":false},{"lineNumber":9,"author":{"gitId":"veermehta270"},"content":"     * Analyzes and executes the command and calls other respective classes as required.","lastModifiedDate":"2026-02-08T12:07:12","isFullCredit":false},{"lineNumber":10,"author":{"gitId":"veermehta270"},"content":"     * @param commandType Type of the command (eg. Todo, Deadline, Event).","lastModifiedDate":"2026-02-08T12:07:12","isFullCredit":false},{"lineNumber":11,"author":{"gitId":"veermehta270"},"content":"     * @param input Complete text input of the user.","lastModifiedDate":"2026-02-08T12:07:12","isFullCredit":false},{"lineNumber":12,"author":{"gitId":"veermehta270"},"content":"     * @param taskManager TaskManager object for execution of commands","lastModifiedDate":"2026-02-08T12:07:12","isFullCredit":false},{"lineNumber":13,"author":{"gitId":"veermehta270"},"content":"     * @param ui User interface object for execution of commands","lastModifiedDate":"2026-02-08T12:07:12","isFullCredit":false},{"lineNumber":14,"author":{"gitId":"veermehta270"},"content":"     * @return Text output to be printed","lastModifiedDate":"2026-02-08T12:07:12","isFullCredit":false},{"lineNumber":15,"author":{"gitId":"veermehta270"},"content":"     * @throws KatappaException Handles exceptions","lastModifiedDate":"2026-02-08T12:07:12","isFullCredit":false},{"lineNumber":16,"author":{"gitId":"veermehta270"},"content":"     */","lastModifiedDate":"2026-02-08T12:07:12","isFullCredit":false},{"lineNumber":17,"author":{"gitId":"veermehta270"},"content":"    public static String execute(String commandType, String input, TaskManager taskManager, Ui ui) throws KatappaException {","lastModifiedDate":"2026-02-04T22:55:00","isFullCredit":false},{"lineNumber":18,"author":{"gitId":"veermehta270"},"content":"","lastModifiedDate":"2026-01-31T12:07:16","isFullCredit":false},{"lineNumber":19,"author":{"gitId":"veermehta270"},"content":"        switch (commandType.toLowerCase()) {","lastModifiedDate":"2026-01-31T12:07:16","isFullCredit":false},{"lineNumber":20,"author":{"gitId":"veermehta270"},"content":"        case \"todo\":","lastModifiedDate":"2026-01-31T12:07:16","isFullCredit":false},{"lineNumber":21,"author":{"gitId":"veermehta270"},"content":"            //Fallthrough","lastModifiedDate":"2026-01-31T12:07:16","isFullCredit":false},{"lineNumber":22,"author":{"gitId":"veermehta270"},"content":"        case \"deadline\":","lastModifiedDate":"2026-01-31T12:07:16","isFullCredit":false},{"lineNumber":23,"author":{"gitId":"veermehta270"},"content":"            //Fallthrough","lastModifiedDate":"2026-01-31T12:07:16","isFullCredit":false},{"lineNumber":24,"author":{"gitId":"veermehta270"},"content":"        case \"event\":","lastModifiedDate":"2026-01-31T12:07:16","isFullCredit":false},{"lineNumber":25,"author":{"gitId":"veermehta270"},"content":"            Task newTask \u003d Parser.parseTask(commandType, input);","lastModifiedDate":"2026-01-31T12:07:16","isFullCredit":false},{"lineNumber":26,"author":{"gitId":"veermehta270"},"content":"","lastModifiedDate":"2026-01-31T12:07:16","isFullCredit":false},{"lineNumber":27,"author":{"gitId":"veermehta270"},"content":"            taskManager.addTask(newTask);","lastModifiedDate":"2026-01-31T12:07:16","isFullCredit":false},{"lineNumber":28,"author":{"gitId":"veermehta270"},"content":"","lastModifiedDate":"2026-01-31T12:07:16","isFullCredit":false},{"lineNumber":29,"author":{"gitId":"veermehta270"},"content":"            return \"As you command, My Lord. I have added:\\n\" + \"    \" + newTask + \"\\n\" + \"    \" + \"Now you have \" +","lastModifiedDate":"2026-02-02T00:22:33","isFullCredit":false},{"lineNumber":30,"author":{"gitId":"veermehta270"},"content":"                    taskManager.getTotalTasks() + \" tasks.\";","lastModifiedDate":"2026-01-31T12:07:16","isFullCredit":false},{"lineNumber":31,"author":{"gitId":"veermehta270"},"content":"","lastModifiedDate":"2026-01-31T12:07:16","isFullCredit":false},{"lineNumber":32,"author":{"gitId":"veermehta270"},"content":"        case \"list\":","lastModifiedDate":"2026-01-31T12:07:16","isFullCredit":false},{"lineNumber":33,"author":{"gitId":"veermehta270"},"content":"            ArrayList\u003cTask\u003e allTasks \u003d taskManager.getTaskList();","lastModifiedDate":"2026-02-08T18:21:57","isFullCredit":false},{"lineNumber":34,"author":{"gitId":"veermehta270"},"content":"            int count \u003d taskManager.getTotalTasks();","lastModifiedDate":"2026-01-31T12:07:16","isFullCredit":false},{"lineNumber":35,"author":{"gitId":"veermehta270"},"content":"            return ui.printTaskList(allTasks, count);","lastModifiedDate":"2026-01-31T12:07:16","isFullCredit":false},{"lineNumber":36,"author":{"gitId":"veermehta270"},"content":"","lastModifiedDate":"2026-01-31T12:07:16","isFullCredit":false},{"lineNumber":37,"author":{"gitId":"veermehta270"},"content":"        case \"mark\":","lastModifiedDate":"2026-01-31T12:07:16","isFullCredit":false},{"lineNumber":38,"author":{"gitId":"veermehta270"},"content":"            int markIndex \u003d Parser.parseIndex(input);","lastModifiedDate":"2026-01-31T12:07:16","isFullCredit":false},{"lineNumber":39,"author":{"gitId":"veermehta270"},"content":"            taskManager.markTaskAsDone(markIndex);","lastModifiedDate":"2026-01-31T12:07:16","isFullCredit":false},{"lineNumber":40,"author":{"gitId":"veermehta270"},"content":"            Task markedTask \u003d taskManager.getTask(markIndex);","lastModifiedDate":"2026-01-31T12:07:16","isFullCredit":false},{"lineNumber":41,"author":{"gitId":"veermehta270"},"content":"            return \"Nice! I\u0027ve marked this task as done:\\n\" +\"    \"+  markedTask;","lastModifiedDate":"2026-02-02T00:22:33","isFullCredit":false},{"lineNumber":42,"author":{"gitId":"veermehta270"},"content":"","lastModifiedDate":"2026-01-31T12:07:16","isFullCredit":false},{"lineNumber":43,"author":{"gitId":"veermehta270"},"content":"        case \"unmark\":","lastModifiedDate":"2026-01-31T12:07:16","isFullCredit":false},{"lineNumber":44,"author":{"gitId":"veermehta270"},"content":"            int unmarkIndex \u003d Parser.parseIndex(input);","lastModifiedDate":"2026-01-31T12:07:16","isFullCredit":false},{"lineNumber":45,"author":{"gitId":"veermehta270"},"content":"            taskManager.markTaskAsNotDone(unmarkIndex);","lastModifiedDate":"2026-01-31T12:07:16","isFullCredit":false},{"lineNumber":46,"author":{"gitId":"veermehta270"},"content":"            Task unmarkedTask \u003d taskManager.getTask(unmarkIndex);","lastModifiedDate":"2026-01-31T12:07:16","isFullCredit":false},{"lineNumber":47,"author":{"gitId":"veermehta270"},"content":"            return \"OK, I\u0027ve marked this task as not done yet:\\n\" + \"    \" + unmarkedTask;","lastModifiedDate":"2026-02-02T00:22:33","isFullCredit":false},{"lineNumber":48,"author":{"gitId":"veermehta270"},"content":"","lastModifiedDate":"2026-01-31T12:07:16","isFullCredit":false},{"lineNumber":49,"author":{"gitId":"veermehta270"},"content":"        case \"delete\":","lastModifiedDate":"2026-02-08T18:37:29","isFullCredit":false},{"lineNumber":50,"author":{"gitId":"veermehta270"},"content":"            int deleteIndex \u003d Parser.parseIndex(input);","lastModifiedDate":"2026-02-08T18:37:29","isFullCredit":false},{"lineNumber":51,"author":{"gitId":"veermehta270"},"content":"            Task deletedTask \u003d taskManager.deleteTask(deleteIndex);","lastModifiedDate":"2026-02-08T18:37:29","isFullCredit":false},{"lineNumber":52,"author":{"gitId":"veermehta270"},"content":"            return \"OK, I have deleted the task : \\n\" +\"    \" + deletedTask + \"\\nNow you have \" +","lastModifiedDate":"2026-02-08T18:37:29","isFullCredit":false},{"lineNumber":53,"author":{"gitId":"veermehta270"},"content":"                    taskManager.getTotalTasks() + \" tasks.\";","lastModifiedDate":"2026-02-08T18:37:29","isFullCredit":false},{"lineNumber":54,"author":{"gitId":"veermehta270"},"content":"","lastModifiedDate":"2026-02-08T18:37:29","isFullCredit":false},{"lineNumber":55,"author":{"gitId":"veermehta270"},"content":"        case \"bye\":","lastModifiedDate":"2026-01-31T12:07:16","isFullCredit":false},{"lineNumber":56,"author":{"gitId":"veermehta270"},"content":"            return \"Rest peacefully my Lord, katappa.Katappa\u0027s sword stays ready\\n\" + \"    \" +\"for your return.\";","lastModifiedDate":"2026-02-04T23:51:21","isFullCredit":false},{"lineNumber":57,"author":{"gitId":"veermehta270"},"content":"","lastModifiedDate":"2026-01-31T12:07:16","isFullCredit":false},{"lineNumber":58,"author":{"gitId":"veermehta270"},"content":"","lastModifiedDate":"2026-01-31T12:07:16","isFullCredit":false},{"lineNumber":59,"author":{"gitId":"veermehta270"},"content":"        default:","lastModifiedDate":"2026-01-31T12:07:16","isFullCredit":false},{"lineNumber":60,"author":{"gitId":"veermehta270"},"content":"            throw new KatappaException(\"I am confused, My Lord. What is \u0027\" + commandType + \"\u0027?\");","lastModifiedDate":"2026-01-31T12:07:16","isFullCredit":false},{"lineNumber":61,"author":{"gitId":"veermehta270"},"content":"        }","lastModifiedDate":"2026-01-31T12:07:16","isFullCredit":false},{"lineNumber":62,"author":{"gitId":"veermehta270"},"content":"    }","lastModifiedDate":"2026-01-31T12:07:16","isFullCredit":false},{"lineNumber":63,"author":{"gitId":"veermehta270"},"content":"}","lastModifiedDate":"2026-01-31T12:07:16","isFullCredit":false}],"authorContributionMap":{"veermehta270":63}},{"path":"src/main/java/katappa/DataFileReader.java","fileType":"java","lines":[{"lineNumber":1,"author":{"gitId":"veermehta270"},"content":"package katappa;","lastModifiedDate":"2026-02-10T22:43:02","isFullCredit":false},{"lineNumber":2,"author":{"gitId":"veermehta270"},"content":"","lastModifiedDate":"2026-02-10T22:43:02","isFullCredit":false},{"lineNumber":3,"author":{"gitId":"veermehta270"},"content":"import katappa.task.Deadline;","lastModifiedDate":"2026-02-10T22:43:02","isFullCredit":false},{"lineNumber":4,"author":{"gitId":"veermehta270"},"content":"import katappa.task.Event;","lastModifiedDate":"2026-02-10T22:43:02","isFullCredit":false},{"lineNumber":5,"author":{"gitId":"veermehta270"},"content":"import katappa.task.Task;","lastModifiedDate":"2026-02-10T22:43:02","isFullCredit":false},{"lineNumber":6,"author":{"gitId":"veermehta270"},"content":"import katappa.task.Todo;","lastModifiedDate":"2026-02-10T22:43:02","isFullCredit":false},{"lineNumber":7,"author":{"gitId":"veermehta270"},"content":"","lastModifiedDate":"2026-02-10T22:43:02","isFullCredit":false},{"lineNumber":8,"author":{"gitId":"veermehta270"},"content":"import java.io.File;","lastModifiedDate":"2026-02-10T22:43:02","isFullCredit":false},{"lineNumber":9,"author":{"gitId":"veermehta270"},"content":"import java.io.FileNotFoundException;","lastModifiedDate":"2026-02-10T22:43:02","isFullCredit":false},{"lineNumber":10,"author":{"gitId":"veermehta270"},"content":"import java.util.ArrayList;","lastModifiedDate":"2026-02-10T22:43:02","isFullCredit":false},{"lineNumber":11,"author":{"gitId":"veermehta270"},"content":"import java.util.Scanner;","lastModifiedDate":"2026-02-10T22:43:02","isFullCredit":false},{"lineNumber":12,"author":{"gitId":"veermehta270"},"content":"","lastModifiedDate":"2026-02-10T22:43:02","isFullCredit":false},{"lineNumber":13,"author":{"gitId":"veermehta270"},"content":"","lastModifiedDate":"2026-02-10T22:43:02","isFullCredit":false},{"lineNumber":14,"author":{"gitId":"veermehta270"},"content":"public class DataFileReader {","lastModifiedDate":"2026-02-10T22:43:02","isFullCredit":false},{"lineNumber":15,"author":{"gitId":"veermehta270"},"content":"","lastModifiedDate":"2026-02-10T22:43:02","isFullCredit":false},{"lineNumber":16,"author":{"gitId":"veermehta270"},"content":"    public static String DATA_FILE_PATH \u003d \"data/katappa.txt\";","lastModifiedDate":"2026-02-10T22:43:02","isFullCredit":false},{"lineNumber":17,"author":{"gitId":"veermehta270"},"content":"","lastModifiedDate":"2026-02-10T22:43:02","isFullCredit":false},{"lineNumber":18,"author":{"gitId":"veermehta270"},"content":"","lastModifiedDate":"2026-02-10T22:43:02","isFullCredit":false},{"lineNumber":19,"author":{"gitId":"veermehta270"},"content":"    public ArrayList\u003cTask\u003e readFileData() {","lastModifiedDate":"2026-02-10T22:43:02","isFullCredit":false},{"lineNumber":20,"author":{"gitId":"veermehta270"},"content":"        File f \u003d new File(DATA_FILE_PATH);","lastModifiedDate":"2026-02-10T22:43:02","isFullCredit":false},{"lineNumber":21,"author":{"gitId":"veermehta270"},"content":"","lastModifiedDate":"2026-02-10T22:43:02","isFullCredit":false},{"lineNumber":22,"author":{"gitId":"veermehta270"},"content":"        if (!f.exists()) {","lastModifiedDate":"2026-02-10T22:43:02","isFullCredit":false},{"lineNumber":23,"author":{"gitId":"veermehta270"},"content":"            return new ArrayList\u003c\u003e();","lastModifiedDate":"2026-02-10T22:43:02","isFullCredit":false},{"lineNumber":24,"author":{"gitId":"veermehta270"},"content":"        }","lastModifiedDate":"2026-02-10T22:43:02","isFullCredit":false},{"lineNumber":25,"author":{"gitId":"veermehta270"},"content":"        ArrayList\u003cTask\u003e listOfTasks \u003d new ArrayList\u003c\u003e();","lastModifiedDate":"2026-02-10T22:43:02","isFullCredit":false},{"lineNumber":26,"author":{"gitId":"veermehta270"},"content":"        try (Scanner s \u003d new Scanner(f)) {","lastModifiedDate":"2026-02-10T22:43:02","isFullCredit":false},{"lineNumber":27,"author":{"gitId":"veermehta270"},"content":"            while (s.hasNextLine()) {","lastModifiedDate":"2026-02-10T22:43:02","isFullCredit":false},{"lineNumber":28,"author":{"gitId":"veermehta270"},"content":"                String line \u003d s.nextLine();","lastModifiedDate":"2026-02-10T22:43:02","isFullCredit":false},{"lineNumber":29,"author":{"gitId":"veermehta270"},"content":"                Task task \u003d processData(line);","lastModifiedDate":"2026-02-10T22:43:02","isFullCredit":false},{"lineNumber":30,"author":{"gitId":"veermehta270"},"content":"                listOfTasks.add(task);","lastModifiedDate":"2026-02-10T22:43:02","isFullCredit":false},{"lineNumber":31,"author":{"gitId":"veermehta270"},"content":"            }","lastModifiedDate":"2026-02-10T22:43:02","isFullCredit":false},{"lineNumber":32,"author":{"gitId":"veermehta270"},"content":"        } catch (FileNotFoundException | KatappaException e) {","lastModifiedDate":"2026-02-10T22:43:02","isFullCredit":false},{"lineNumber":33,"author":{"gitId":"veermehta270"},"content":"            System.out.println(\"Error: \" + e.getMessage());","lastModifiedDate":"2026-02-10T22:43:02","isFullCredit":false},{"lineNumber":34,"author":{"gitId":"veermehta270"},"content":"        }","lastModifiedDate":"2026-02-10T22:43:02","isFullCredit":false},{"lineNumber":35,"author":{"gitId":"veermehta270"},"content":"        return listOfTasks;","lastModifiedDate":"2026-02-10T22:43:02","isFullCredit":false},{"lineNumber":36,"author":{"gitId":"veermehta270"},"content":"    }","lastModifiedDate":"2026-02-10T22:43:02","isFullCredit":false},{"lineNumber":37,"author":{"gitId":"veermehta270"},"content":"","lastModifiedDate":"2026-02-10T22:43:02","isFullCredit":false},{"lineNumber":38,"author":{"gitId":"veermehta270"},"content":"    public Task processData(String line) throws KatappaException {","lastModifiedDate":"2026-02-10T22:43:02","isFullCredit":false},{"lineNumber":39,"author":{"gitId":"veermehta270"},"content":"        Task task;","lastModifiedDate":"2026-02-10T22:43:02","isFullCredit":false},{"lineNumber":40,"author":{"gitId":"veermehta270"},"content":"        String[] contents \u003d line.split(\";\");","lastModifiedDate":"2026-02-10T22:43:02","isFullCredit":false},{"lineNumber":41,"author":{"gitId":"veermehta270"},"content":"        task \u003d switch (contents[0]) {","lastModifiedDate":"2026-02-10T22:43:02","isFullCredit":false},{"lineNumber":42,"author":{"gitId":"veermehta270"},"content":"            case \"T\" -\u003e new Todo(contents[2]);","lastModifiedDate":"2026-02-10T22:43:02","isFullCredit":false},{"lineNumber":43,"author":{"gitId":"veermehta270"},"content":"            case \"D\" -\u003e new Deadline(contents[2], contents[3]);","lastModifiedDate":"2026-02-10T22:43:02","isFullCredit":false},{"lineNumber":44,"author":{"gitId":"veermehta270"},"content":"            case \"E\" -\u003e new Event(contents[2], contents[3], contents[4]);","lastModifiedDate":"2026-02-10T22:43:02","isFullCredit":false},{"lineNumber":45,"author":{"gitId":"veermehta270"},"content":"            default -\u003e throw new KatappaException(\"Invalid line in data file\");","lastModifiedDate":"2026-02-10T22:43:02","isFullCredit":false},{"lineNumber":46,"author":{"gitId":"veermehta270"},"content":"        };","lastModifiedDate":"2026-02-10T22:43:02","isFullCredit":false},{"lineNumber":47,"author":{"gitId":"veermehta270"},"content":"        if (contents[1].equals(\"[X]\")) {","lastModifiedDate":"2026-02-10T22:43:02","isFullCredit":false},{"lineNumber":48,"author":{"gitId":"veermehta270"},"content":"            task.markAsDone();","lastModifiedDate":"2026-02-10T22:43:02","isFullCredit":false},{"lineNumber":49,"author":{"gitId":"veermehta270"},"content":"        }","lastModifiedDate":"2026-02-10T22:43:02","isFullCredit":false},{"lineNumber":50,"author":{"gitId":"veermehta270"},"content":"        return task;","lastModifiedDate":"2026-02-10T22:43:02","isFullCredit":false},{"lineNumber":51,"author":{"gitId":"veermehta270"},"content":"    }","lastModifiedDate":"2026-02-10T22:43:02","isFullCredit":false},{"lineNumber":52,"author":{"gitId":"veermehta270"},"content":"","lastModifiedDate":"2026-02-10T22:43:02","isFullCredit":false},{"lineNumber":53,"author":{"gitId":"veermehta270"},"content":"}","lastModifiedDate":"2026-02-10T22:43:02","isFullCredit":false}],"authorContributionMap":{"veermehta270":53}},{"path":"src/main/java/katappa/DataFileWriter.java","fileType":"java","lines":[{"lineNumber":1,"author":{"gitId":"veermehta270"},"content":"package katappa;","lastModifiedDate":"2026-02-10T22:43:02","isFullCredit":false},{"lineNumber":2,"author":{"gitId":"veermehta270"},"content":"","lastModifiedDate":"2026-02-10T22:43:02","isFullCredit":false},{"lineNumber":3,"author":{"gitId":"veermehta270"},"content":"import katappa.task.Deadline;","lastModifiedDate":"2026-02-10T22:43:02","isFullCredit":false},{"lineNumber":4,"author":{"gitId":"veermehta270"},"content":"import katappa.task.Task;","lastModifiedDate":"2026-02-10T22:43:02","isFullCredit":false},{"lineNumber":5,"author":{"gitId":"veermehta270"},"content":"import katappa.task.Todo;","lastModifiedDate":"2026-02-10T22:43:02","isFullCredit":false},{"lineNumber":6,"author":{"gitId":"veermehta270"},"content":"import katappa.task.Event;","lastModifiedDate":"2026-02-10T22:43:02","isFullCredit":false},{"lineNumber":7,"author":{"gitId":"veermehta270"},"content":"","lastModifiedDate":"2026-02-10T22:43:02","isFullCredit":false},{"lineNumber":8,"author":{"gitId":"veermehta270"},"content":"import java.io.FileWriter;","lastModifiedDate":"2026-02-10T22:43:02","isFullCredit":false},{"lineNumber":9,"author":{"gitId":"veermehta270"},"content":"import java.io.IOException;","lastModifiedDate":"2026-02-10T22:43:02","isFullCredit":false},{"lineNumber":10,"author":{"gitId":"veermehta270"},"content":"import java.util.ArrayList;","lastModifiedDate":"2026-02-10T22:43:02","isFullCredit":false},{"lineNumber":11,"author":{"gitId":"veermehta270"},"content":"","lastModifiedDate":"2026-02-10T22:43:02","isFullCredit":false},{"lineNumber":12,"author":{"gitId":"veermehta270"},"content":"public class DataFileWriter {","lastModifiedDate":"2026-02-10T22:43:02","isFullCredit":false},{"lineNumber":13,"author":{"gitId":"veermehta270"},"content":"","lastModifiedDate":"2026-02-10T22:43:02","isFullCredit":false},{"lineNumber":14,"author":{"gitId":"veermehta270"},"content":"    public static String DATA_FILE_PATH \u003d \"data/katappa.txt\";","lastModifiedDate":"2026-02-10T22:43:02","isFullCredit":false},{"lineNumber":15,"author":{"gitId":"veermehta270"},"content":"","lastModifiedDate":"2026-02-10T22:43:02","isFullCredit":false},{"lineNumber":16,"author":{"gitId":"veermehta270"},"content":"    private static void writeToFile(String textToAdd)  {","lastModifiedDate":"2026-02-10T22:43:02","isFullCredit":false},{"lineNumber":17,"author":{"gitId":"veermehta270"},"content":"","lastModifiedDate":"2026-02-10T22:43:02","isFullCredit":false},{"lineNumber":18,"author":{"gitId":"veermehta270"},"content":"        try (FileWriter fw \u003d new FileWriter(DATA_FILE_PATH)){","lastModifiedDate":"2026-02-10T22:43:02","isFullCredit":false},{"lineNumber":19,"author":{"gitId":"veermehta270"},"content":"","lastModifiedDate":"2026-02-10T22:43:02","isFullCredit":false},{"lineNumber":20,"author":{"gitId":"veermehta270"},"content":"            fw.write(textToAdd);","lastModifiedDate":"2026-02-10T22:43:02","isFullCredit":false},{"lineNumber":21,"author":{"gitId":"veermehta270"},"content":"        }","lastModifiedDate":"2026-02-10T22:43:02","isFullCredit":false},{"lineNumber":22,"author":{"gitId":"veermehta270"},"content":"        catch (IOException e) {","lastModifiedDate":"2026-02-10T22:43:02","isFullCredit":false},{"lineNumber":23,"author":{"gitId":"veermehta270"},"content":"            System.out.println(\"There was an error writing data to the file :\" + e.getMessage());","lastModifiedDate":"2026-02-10T22:43:02","isFullCredit":false},{"lineNumber":24,"author":{"gitId":"veermehta270"},"content":"        }","lastModifiedDate":"2026-02-10T22:43:02","isFullCredit":false},{"lineNumber":25,"author":{"gitId":"veermehta270"},"content":"    }","lastModifiedDate":"2026-02-10T22:43:02","isFullCredit":false},{"lineNumber":26,"author":{"gitId":"veermehta270"},"content":"","lastModifiedDate":"2026-02-10T22:43:02","isFullCredit":false},{"lineNumber":27,"author":{"gitId":"veermehta270"},"content":"    private String formatTaskString(Task task) {","lastModifiedDate":"2026-02-10T22:43:02","isFullCredit":false},{"lineNumber":28,"author":{"gitId":"veermehta270"},"content":"","lastModifiedDate":"2026-02-10T22:43:02","isFullCredit":false},{"lineNumber":29,"author":{"gitId":"veermehta270"},"content":"","lastModifiedDate":"2026-02-10T22:43:02","isFullCredit":false},{"lineNumber":30,"author":{"gitId":"veermehta270"},"content":"        String formattedData \u003d \"\";","lastModifiedDate":"2026-02-10T22:43:02","isFullCredit":false},{"lineNumber":31,"author":{"gitId":"veermehta270"},"content":"        if (task instanceof Todo) {","lastModifiedDate":"2026-02-10T22:43:02","isFullCredit":false},{"lineNumber":32,"author":{"gitId":"veermehta270"},"content":"            formattedData +\u003d \"T;\" + task.getStatusIcon() + \";\" + task.getDescription();","lastModifiedDate":"2026-02-10T22:43:02","isFullCredit":false},{"lineNumber":33,"author":{"gitId":"veermehta270"},"content":"        }","lastModifiedDate":"2026-02-10T22:43:02","isFullCredit":false},{"lineNumber":34,"author":{"gitId":"veermehta270"},"content":"        else if (task instanceof Deadline) {","lastModifiedDate":"2026-02-10T22:43:02","isFullCredit":false},{"lineNumber":35,"author":{"gitId":"veermehta270"},"content":"            Deadline deadline \u003d (Deadline) task;","lastModifiedDate":"2026-02-10T22:43:02","isFullCredit":false},{"lineNumber":36,"author":{"gitId":"veermehta270"},"content":"            formattedData +\u003d \"D;\" + deadline.getStatusIcon() + \";\" + deadline.getDescription() + \";\" + deadline.getBy();","lastModifiedDate":"2026-02-10T22:43:02","isFullCredit":false},{"lineNumber":37,"author":{"gitId":"veermehta270"},"content":"        }","lastModifiedDate":"2026-02-10T22:43:02","isFullCredit":false},{"lineNumber":38,"author":{"gitId":"veermehta270"},"content":"","lastModifiedDate":"2026-02-10T22:43:02","isFullCredit":false},{"lineNumber":39,"author":{"gitId":"veermehta270"},"content":"        else {","lastModifiedDate":"2026-02-10T22:43:02","isFullCredit":false},{"lineNumber":40,"author":{"gitId":"veermehta270"},"content":"            Event event \u003d (Event) task;","lastModifiedDate":"2026-02-10T22:43:02","isFullCredit":false},{"lineNumber":41,"author":{"gitId":"veermehta270"},"content":"            formattedData +\u003d \"E;\" + event.getStatusIcon() + \";\" + event.getDescription() + \";\" + event.getFrom() + \";\" +","lastModifiedDate":"2026-02-10T22:43:02","isFullCredit":false},{"lineNumber":42,"author":{"gitId":"veermehta270"},"content":"                    event.getTo();","lastModifiedDate":"2026-02-10T22:43:02","isFullCredit":false},{"lineNumber":43,"author":{"gitId":"veermehta270"},"content":"","lastModifiedDate":"2026-02-10T22:43:02","isFullCredit":false},{"lineNumber":44,"author":{"gitId":"veermehta270"},"content":"        }","lastModifiedDate":"2026-02-10T22:43:02","isFullCredit":false},{"lineNumber":45,"author":{"gitId":"veermehta270"},"content":"        return formattedData;","lastModifiedDate":"2026-02-10T22:43:02","isFullCredit":false},{"lineNumber":46,"author":{"gitId":"veermehta270"},"content":"","lastModifiedDate":"2026-02-10T22:43:02","isFullCredit":false},{"lineNumber":47,"author":{"gitId":"veermehta270"},"content":"","lastModifiedDate":"2026-02-10T22:43:02","isFullCredit":false},{"lineNumber":48,"author":{"gitId":"veermehta270"},"content":"","lastModifiedDate":"2026-02-10T22:43:02","isFullCredit":false},{"lineNumber":49,"author":{"gitId":"veermehta270"},"content":"    }","lastModifiedDate":"2026-02-10T22:43:02","isFullCredit":false},{"lineNumber":50,"author":{"gitId":"veermehta270"},"content":"","lastModifiedDate":"2026-02-10T22:43:02","isFullCredit":false},{"lineNumber":51,"author":{"gitId":"veermehta270"},"content":"    public void updateTaskData(ArrayList\u003cTask\u003e listOfTasks) {","lastModifiedDate":"2026-02-10T22:43:02","isFullCredit":false},{"lineNumber":52,"author":{"gitId":"veermehta270"},"content":"        StringBuilder sb \u003d new StringBuilder();","lastModifiedDate":"2026-02-10T22:43:02","isFullCredit":false},{"lineNumber":53,"author":{"gitId":"veermehta270"},"content":"        for (Task task : listOfTasks) {","lastModifiedDate":"2026-02-10T22:43:02","isFullCredit":false},{"lineNumber":54,"author":{"gitId":"veermehta270"},"content":"            sb.append(formatTaskString(task)).append(System.lineSeparator());","lastModifiedDate":"2026-02-10T22:43:02","isFullCredit":false},{"lineNumber":55,"author":{"gitId":"veermehta270"},"content":"        }","lastModifiedDate":"2026-02-10T22:43:02","isFullCredit":false},{"lineNumber":56,"author":{"gitId":"veermehta270"},"content":"","lastModifiedDate":"2026-02-10T22:43:02","isFullCredit":false},{"lineNumber":57,"author":{"gitId":"veermehta270"},"content":"        writeToFile(sb.toString());","lastModifiedDate":"2026-02-10T22:43:02","isFullCredit":false},{"lineNumber":58,"author":{"gitId":"veermehta270"},"content":"    }","lastModifiedDate":"2026-02-10T22:43:02","isFullCredit":false},{"lineNumber":59,"author":{"gitId":"veermehta270"},"content":"}","lastModifiedDate":"2026-02-10T22:43:02","isFullCredit":false}],"authorContributionMap":{"veermehta270":59}},{"path":"src/main/java/katappa/Katappa.java","fileType":"java","lines":[{"lineNumber":1,"author":{"gitId":"veermehta270"},"content":"package katappa;","lastModifiedDate":"2026-02-04T23:51:21","isFullCredit":false},{"lineNumber":2,"author":{"gitId":"veermehta270"},"content":"import java.io.File;","lastModifiedDate":"2026-02-10T22:43:02","isFullCredit":false},{"lineNumber":3,"author":{"gitId":"veermehta270"},"content":"import java.io.IOException;","lastModifiedDate":"2026-02-10T22:43:02","isFullCredit":false},{"lineNumber":4,"author":{"gitId":"veermehta270"},"content":"","lastModifiedDate":"2026-01-21T15:14:42","isFullCredit":false},{"lineNumber":5,"author":{"gitId":"veermehta270"},"content":"public class Katappa {","lastModifiedDate":"2026-01-17T20:48:23","isFullCredit":false},{"lineNumber":6,"author":{"gitId":"veermehta270"},"content":"","lastModifiedDate":"2026-01-21T15:14:42","isFullCredit":false},{"lineNumber":7,"author":{"gitId":"veermehta270"},"content":"    private static TaskManager taskManager;","lastModifiedDate":"2026-01-31T12:05:48","isFullCredit":false},{"lineNumber":8,"author":{"gitId":"veermehta270"},"content":"    private static Ui ui;","lastModifiedDate":"2026-01-31T12:05:48","isFullCredit":false},{"lineNumber":9,"author":{"gitId":"veermehta270"},"content":"","lastModifiedDate":"2026-01-21T16:44:56","isFullCredit":false},{"lineNumber":10,"author":{"gitId":"veermehta270"},"content":"    public static void main(String[] args) {","lastModifiedDate":"2026-01-17T20:48:23","isFullCredit":false},{"lineNumber":11,"author":{"gitId":"veermehta270"},"content":"","lastModifiedDate":"2026-02-10T22:43:02","isFullCredit":false},{"lineNumber":12,"author":{"gitId":"veermehta270"},"content":"        startUp();","lastModifiedDate":"2026-01-31T12:05:48","isFullCredit":false},{"lineNumber":13,"author":{"gitId":"veermehta270"},"content":"        runLoopUntilExit();","lastModifiedDate":"2026-02-08T12:07:12","isFullCredit":false},{"lineNumber":14,"author":{"gitId":"veermehta270"},"content":"","lastModifiedDate":"2026-02-10T22:43:02","isFullCredit":false},{"lineNumber":15,"author":{"gitId":"veermehta270"},"content":"    }","lastModifiedDate":"2026-01-31T12:05:48","isFullCredit":false},{"lineNumber":16,"author":{"gitId":"veermehta270"},"content":"","lastModifiedDate":"2026-01-25T01:06:15","isFullCredit":false},{"lineNumber":17,"author":{"gitId":"veermehta270"},"content":"    private static void startUp() {","lastModifiedDate":"2026-01-31T12:05:48","isFullCredit":false},{"lineNumber":18,"author":{"gitId":"veermehta270"},"content":"        File f \u003d new File(DataFileWriter.DATA_FILE_PATH);","lastModifiedDate":"2026-02-10T22:43:02","isFullCredit":false},{"lineNumber":19,"author":{"gitId":"veermehta270"},"content":"","lastModifiedDate":"2026-02-10T22:43:02","isFullCredit":false},{"lineNumber":20,"author":{"gitId":"veermehta270"},"content":"        try {","lastModifiedDate":"2026-02-10T22:43:02","isFullCredit":false},{"lineNumber":21,"author":{"gitId":"veermehta270"},"content":"            if(f.getParentFile() !\u003d null) {","lastModifiedDate":"2026-02-10T22:43:02","isFullCredit":false},{"lineNumber":22,"author":{"gitId":"veermehta270"},"content":"                f.getParentFile().mkdirs();","lastModifiedDate":"2026-02-10T22:43:02","isFullCredit":false},{"lineNumber":23,"author":{"gitId":"veermehta270"},"content":"            }","lastModifiedDate":"2026-02-10T22:43:02","isFullCredit":false},{"lineNumber":24,"author":{"gitId":"veermehta270"},"content":"","lastModifiedDate":"2026-02-10T22:43:02","isFullCredit":false},{"lineNumber":25,"author":{"gitId":"veermehta270"},"content":"            if (f.exists()) {","lastModifiedDate":"2026-02-10T22:43:02","isFullCredit":false},{"lineNumber":26,"author":{"gitId":"veermehta270"},"content":"                DataFileReader reader \u003d new DataFileReader();","lastModifiedDate":"2026-02-10T22:43:02","isFullCredit":false},{"lineNumber":27,"author":{"gitId":"veermehta270"},"content":"                taskManager \u003d new TaskManager(reader.readFileData());","lastModifiedDate":"2026-02-10T22:43:02","isFullCredit":false},{"lineNumber":28,"author":{"gitId":"veermehta270"},"content":"            } else {","lastModifiedDate":"2026-02-10T22:43:02","isFullCredit":false},{"lineNumber":29,"author":{"gitId":"veermehta270"},"content":"                f.createNewFile();","lastModifiedDate":"2026-02-10T22:43:02","isFullCredit":false},{"lineNumber":30,"author":{"gitId":"veermehta270"},"content":"                taskManager \u003d new TaskManager();","lastModifiedDate":"2026-01-31T12:05:48","isFullCredit":false},{"lineNumber":31,"author":{"gitId":"veermehta270"},"content":"            }","lastModifiedDate":"2026-02-10T22:43:02","isFullCredit":false},{"lineNumber":32,"author":{"gitId":"veermehta270"},"content":"        } catch (IOException e) {","lastModifiedDate":"2026-02-10T22:43:02","isFullCredit":false},{"lineNumber":33,"author":{"gitId":"veermehta270"},"content":"            System.out.println(\"Could not initialize save file\");","lastModifiedDate":"2026-02-10T22:43:02","isFullCredit":false},{"lineNumber":34,"author":{"gitId":"veermehta270"},"content":"        }","lastModifiedDate":"2026-02-10T22:43:02","isFullCredit":false},{"lineNumber":35,"author":{"gitId":"veermehta270"},"content":"","lastModifiedDate":"2026-02-10T22:43:02","isFullCredit":false},{"lineNumber":36,"author":{"gitId":"veermehta270"},"content":"        ui \u003d new Ui();","lastModifiedDate":"2026-01-31T12:05:48","isFullCredit":false},{"lineNumber":37,"author":{"gitId":"veermehta270"},"content":"        ui.showWelcomeMessage();","lastModifiedDate":"2026-01-31T12:05:48","isFullCredit":false},{"lineNumber":38,"author":{"gitId":"veermehta270"},"content":"    }","lastModifiedDate":"2026-01-24T17:06:07","isFullCredit":false},{"lineNumber":39,"author":{"gitId":"veermehta270"},"content":"","lastModifiedDate":"2026-01-24T17:06:07","isFullCredit":false},{"lineNumber":40,"author":{"gitId":"veermehta270"},"content":"    private static void runLoopUntilExit() {","lastModifiedDate":"2026-01-31T12:05:48","isFullCredit":false},{"lineNumber":41,"author":{"gitId":"veermehta270"},"content":"        boolean isExit \u003d false;","lastModifiedDate":"2026-01-31T12:05:48","isFullCredit":false},{"lineNumber":42,"author":{"gitId":"veermehta270"},"content":"        while (!isExit) {","lastModifiedDate":"2026-01-31T12:05:48","isFullCredit":false},{"lineNumber":43,"author":{"gitId":"veermehta270"},"content":"            String input \u003d ui.readCommand();","lastModifiedDate":"2026-01-31T12:05:48","isFullCredit":false},{"lineNumber":44,"author":{"gitId":"veermehta270"},"content":"","lastModifiedDate":"2026-01-24T17:06:07","isFullCredit":false},{"lineNumber":45,"author":{"gitId":"veermehta270"},"content":"            String result \u003d runCommand(input);","lastModifiedDate":"2026-01-31T12:05:48","isFullCredit":false},{"lineNumber":46,"author":{"gitId":"veermehta270"},"content":"","lastModifiedDate":"2026-01-21T16:44:56","isFullCredit":false},{"lineNumber":47,"author":{"gitId":"veermehta270"},"content":"            ui.showResult(result);","lastModifiedDate":"2026-01-31T12:05:48","isFullCredit":false},{"lineNumber":48,"author":{"gitId":"veermehta270"},"content":"","lastModifiedDate":"2026-01-25T01:06:15","isFullCredit":false},{"lineNumber":49,"author":{"gitId":"veermehta270"},"content":"            isExit \u003d Parser.isSwitchOffCommand(input);","lastModifiedDate":"2026-01-31T12:05:48","isFullCredit":false},{"lineNumber":50,"author":{"gitId":"veermehta270"},"content":"","lastModifiedDate":"2026-01-21T16:44:56","isFullCredit":false},{"lineNumber":51,"author":{"gitId":"veermehta270"},"content":"        }","lastModifiedDate":"2026-01-21T16:44:56","isFullCredit":false},{"lineNumber":52,"author":{"gitId":"veermehta270"},"content":"    }","lastModifiedDate":"2026-01-21T15:24:14","isFullCredit":false},{"lineNumber":53,"author":{"gitId":"veermehta270"},"content":"","lastModifiedDate":"2026-01-25T01:06:15","isFullCredit":false},{"lineNumber":54,"author":{"gitId":"veermehta270"},"content":"    private static String runCommand(String input) {","lastModifiedDate":"2026-01-31T12:05:48","isFullCredit":false},{"lineNumber":55,"author":{"gitId":"veermehta270"},"content":"        try {","lastModifiedDate":"2026-01-31T12:05:48","isFullCredit":false},{"lineNumber":56,"author":{"gitId":"veermehta270"},"content":"            String commandType \u003d Parser.getCommandType(input);","lastModifiedDate":"2026-01-31T12:05:48","isFullCredit":false},{"lineNumber":57,"author":{"gitId":"veermehta270"},"content":"            return CommandExecutor.execute(commandType, input, taskManager, ui);","lastModifiedDate":"2026-01-31T12:05:48","isFullCredit":false},{"lineNumber":58,"author":{"gitId":"veermehta270"},"content":"        } catch (KatappaException e) {","lastModifiedDate":"2026-01-31T12:05:48","isFullCredit":false},{"lineNumber":59,"author":{"gitId":"veermehta270"},"content":"            return e.getMessage();","lastModifiedDate":"2026-01-31T12:05:48","isFullCredit":false},{"lineNumber":60,"author":{"gitId":"veermehta270"},"content":"        }","lastModifiedDate":"2026-01-25T01:06:15","isFullCredit":false},{"lineNumber":61,"author":{"gitId":"veermehta270"},"content":"    }","lastModifiedDate":"2026-01-21T15:14:42","isFullCredit":false},{"lineNumber":62,"author":{"gitId":"veermehta270"},"content":"","lastModifiedDate":"2026-01-21T15:14:42","isFullCredit":false},{"lineNumber":63,"author":{"gitId":"veermehta270"},"content":"","lastModifiedDate":"2026-01-21T16:44:56","isFullCredit":false},{"lineNumber":64,"author":{"gitId":"veermehta270"},"content":"}","lastModifiedDate":"2026-01-17T20:48:23","isFullCredit":false}],"authorContributionMap":{"veermehta270":64}},{"path":"src/main/java/katappa/KatappaException.java","fileType":"java","lines":[{"lineNumber":1,"author":{"gitId":"veermehta270"},"content":"package katappa;","lastModifiedDate":"2026-02-04T23:51:21","isFullCredit":false},{"lineNumber":2,"author":{"gitId":"veermehta270"},"content":"","lastModifiedDate":"2026-02-04T23:51:21","isFullCredit":false},{"lineNumber":3,"author":{"gitId":"veermehta270"},"content":"public class KatappaException extends Exception {","lastModifiedDate":"2026-01-31T12:04:22","isFullCredit":false},{"lineNumber":4,"author":{"gitId":"veermehta270"},"content":"","lastModifiedDate":"2026-01-31T12:04:22","isFullCredit":false},{"lineNumber":5,"author":{"gitId":"veermehta270"},"content":"    public KatappaException(String message) {","lastModifiedDate":"2026-01-31T12:04:22","isFullCredit":false},{"lineNumber":6,"author":{"gitId":"veermehta270"},"content":"        super(message);","lastModifiedDate":"2026-01-31T12:04:22","isFullCredit":false},{"lineNumber":7,"author":{"gitId":"veermehta270"},"content":"    }","lastModifiedDate":"2026-01-31T12:04:22","isFullCredit":false},{"lineNumber":8,"author":{"gitId":"veermehta270"},"content":"}","lastModifiedDate":"2026-01-31T12:04:22","isFullCredit":false}],"authorContributionMap":{"veermehta270":8}},{"path":"src/main/java/katappa/Parser.java","fileType":"java","lines":[{"lineNumber":1,"author":{"gitId":"veermehta270"},"content":"package katappa;","lastModifiedDate":"2026-02-04T23:51:21","isFullCredit":false},{"lineNumber":2,"author":{"gitId":"veermehta270"},"content":"","lastModifiedDate":"2026-02-04T23:51:21","isFullCredit":false},{"lineNumber":3,"author":{"gitId":"veermehta270"},"content":"import katappa.task.Todo;","lastModifiedDate":"2026-02-08T12:07:12","isFullCredit":false},{"lineNumber":4,"author":{"gitId":"veermehta270"},"content":"import katappa.task.Deadline;","lastModifiedDate":"2026-02-04T23:51:21","isFullCredit":false},{"lineNumber":5,"author":{"gitId":"veermehta270"},"content":"import katappa.task.Event;","lastModifiedDate":"2026-02-04T23:51:21","isFullCredit":false},{"lineNumber":6,"author":{"gitId":"veermehta270"},"content":"import katappa.task.Task;","lastModifiedDate":"2026-02-04T23:51:21","isFullCredit":false},{"lineNumber":7,"author":{"gitId":"veermehta270"},"content":"","lastModifiedDate":"2026-02-04T23:51:21","isFullCredit":false},{"lineNumber":8,"author":{"gitId":"veermehta270"},"content":"public class Parser {","lastModifiedDate":"2026-01-31T12:07:16","isFullCredit":false},{"lineNumber":9,"author":{"gitId":"veermehta270"},"content":"","lastModifiedDate":"2026-01-31T12:07:16","isFullCredit":false},{"lineNumber":10,"author":{"gitId":"veermehta270"},"content":"","lastModifiedDate":"2026-01-31T12:07:16","isFullCredit":false},{"lineNumber":11,"author":{"gitId":"veermehta270"},"content":"    public static boolean isSwitchOffCommand(String input) {","lastModifiedDate":"2026-01-31T12:07:16","isFullCredit":false},{"lineNumber":12,"author":{"gitId":"veermehta270"},"content":"        return input.trim().equalsIgnoreCase(\"bye\");","lastModifiedDate":"2026-01-31T12:07:16","isFullCredit":false},{"lineNumber":13,"author":{"gitId":"veermehta270"},"content":"    }","lastModifiedDate":"2026-01-31T12:07:16","isFullCredit":false},{"lineNumber":14,"author":{"gitId":"veermehta270"},"content":"","lastModifiedDate":"2026-01-31T12:07:16","isFullCredit":false},{"lineNumber":15,"author":{"gitId":"veermehta270"},"content":"    public static String getCommandType(String input) {","lastModifiedDate":"2026-01-31T12:07:16","isFullCredit":false},{"lineNumber":16,"author":{"gitId":"veermehta270"},"content":"        return input.split(\" \")[0];","lastModifiedDate":"2026-01-31T12:07:16","isFullCredit":false},{"lineNumber":17,"author":{"gitId":"veermehta270"},"content":"    }","lastModifiedDate":"2026-01-31T12:07:16","isFullCredit":false},{"lineNumber":18,"author":{"gitId":"veermehta270"},"content":"","lastModifiedDate":"2026-01-31T12:07:16","isFullCredit":false},{"lineNumber":19,"author":{"gitId":"veermehta270"},"content":"    /**","lastModifiedDate":"2026-02-08T12:07:12","isFullCredit":false},{"lineNumber":20,"author":{"gitId":"veermehta270"},"content":"     * Parses the input data and give out the required Task","lastModifiedDate":"2026-02-08T12:07:12","isFullCredit":false},{"lineNumber":21,"author":{"gitId":"veermehta270"},"content":"     * @param type Type of the command (eg. Todo, Deadline, Event)","lastModifiedDate":"2026-02-08T12:07:12","isFullCredit":false},{"lineNumber":22,"author":{"gitId":"veermehta270"},"content":"     * @param input Input text from the user","lastModifiedDate":"2026-02-08T12:07:12","isFullCredit":false},{"lineNumber":23,"author":{"gitId":"veermehta270"},"content":"     * @return Task based on the type of command and input data","lastModifiedDate":"2026-02-08T12:07:12","isFullCredit":false},{"lineNumber":24,"author":{"gitId":"veermehta270"},"content":"     * @throws KatappaException Handles exceptions where either the user has typed a wrong command or not given a","lastModifiedDate":"2026-02-08T12:07:12","isFullCredit":false},{"lineNumber":25,"author":{"gitId":"veermehta270"},"content":"     * proper description","lastModifiedDate":"2026-02-08T12:07:12","isFullCredit":false},{"lineNumber":26,"author":{"gitId":"veermehta270"},"content":"     */","lastModifiedDate":"2026-02-08T12:07:12","isFullCredit":false},{"lineNumber":27,"author":{"gitId":"veermehta270"},"content":"    public static Task parseTask(String type, String input) throws KatappaException {","lastModifiedDate":"2026-01-31T12:07:16","isFullCredit":false},{"lineNumber":28,"author":{"gitId":"veermehta270"},"content":"        try {","lastModifiedDate":"2026-01-31T12:07:16","isFullCredit":false},{"lineNumber":29,"author":{"gitId":"veermehta270"},"content":"            if (type.equalsIgnoreCase(\"todo\")) {","lastModifiedDate":"2026-01-31T12:07:16","isFullCredit":false},{"lineNumber":30,"author":{"gitId":"veermehta270"},"content":"                String description \u003d input.substring(4).trim();","lastModifiedDate":"2026-02-04T22:53:33","isFullCredit":false},{"lineNumber":31,"author":{"gitId":"veermehta270"},"content":"                if (description.isEmpty()) {","lastModifiedDate":"2026-02-04T22:53:33","isFullCredit":false},{"lineNumber":32,"author":{"gitId":"veermehta270"},"content":"                    throw new KatappaException(\"My lord, please enter the description of the task you want me to add\" +","lastModifiedDate":"2026-02-04T22:53:33","isFullCredit":false},{"lineNumber":33,"author":{"gitId":"veermehta270"},"content":"                            \" after \\\"todo\\\"\");","lastModifiedDate":"2026-02-04T22:53:33","isFullCredit":false},{"lineNumber":34,"author":{"gitId":"veermehta270"},"content":"                }","lastModifiedDate":"2026-02-04T22:53:33","isFullCredit":false},{"lineNumber":35,"author":{"gitId":"veermehta270"},"content":"                return new Todo(input.substring(4).trim());","lastModifiedDate":"2026-02-08T12:07:12","isFullCredit":false},{"lineNumber":36,"author":{"gitId":"veermehta270"},"content":"            }","lastModifiedDate":"2026-01-31T12:07:16","isFullCredit":false},{"lineNumber":37,"author":{"gitId":"veermehta270"},"content":"","lastModifiedDate":"2026-01-31T12:07:16","isFullCredit":false},{"lineNumber":38,"author":{"gitId":"veermehta270"},"content":"            if (type.equalsIgnoreCase(\"deadline\")) {","lastModifiedDate":"2026-01-31T12:07:16","isFullCredit":false},{"lineNumber":39,"author":{"gitId":"veermehta270"},"content":"                int byIndex \u003d input.indexOf(\"/by\");","lastModifiedDate":"2026-01-31T12:07:16","isFullCredit":false},{"lineNumber":40,"author":{"gitId":"veermehta270"},"content":"                String description \u003d input.substring(8, byIndex).trim();","lastModifiedDate":"2026-01-31T12:07:16","isFullCredit":false},{"lineNumber":41,"author":{"gitId":"veermehta270"},"content":"                if (description.isEmpty()) {","lastModifiedDate":"2026-02-04T22:53:33","isFullCredit":false},{"lineNumber":42,"author":{"gitId":"veermehta270"},"content":"                    throw new KatappaException(\"My lord, please enter the description of the task you want me to add\" +","lastModifiedDate":"2026-02-04T22:53:33","isFullCredit":false},{"lineNumber":43,"author":{"gitId":"veermehta270"},"content":"                            \" after \\\"deadline\\\"\");","lastModifiedDate":"2026-02-04T22:53:33","isFullCredit":false},{"lineNumber":44,"author":{"gitId":"veermehta270"},"content":"                }","lastModifiedDate":"2026-02-04T22:53:33","isFullCredit":false},{"lineNumber":45,"author":{"gitId":"veermehta270"},"content":"                String by \u003d input.substring(byIndex + 3).trim();","lastModifiedDate":"2026-01-31T12:07:16","isFullCredit":false},{"lineNumber":46,"author":{"gitId":"veermehta270"},"content":"                return new Deadline(description, by);","lastModifiedDate":"2026-01-31T12:07:16","isFullCredit":false},{"lineNumber":47,"author":{"gitId":"veermehta270"},"content":"            }","lastModifiedDate":"2026-01-31T12:07:16","isFullCredit":false},{"lineNumber":48,"author":{"gitId":"veermehta270"},"content":"","lastModifiedDate":"2026-01-31T12:07:16","isFullCredit":false},{"lineNumber":49,"author":{"gitId":"veermehta270"},"content":"            if (type.equalsIgnoreCase(\"event\")) {","lastModifiedDate":"2026-01-31T12:07:16","isFullCredit":false},{"lineNumber":50,"author":{"gitId":"veermehta270"},"content":"                int fromIndex \u003d input.indexOf(\"/from\");","lastModifiedDate":"2026-01-31T12:07:16","isFullCredit":false},{"lineNumber":51,"author":{"gitId":"veermehta270"},"content":"                int toIndex \u003d input.indexOf(\"/to\");","lastModifiedDate":"2026-01-31T12:07:16","isFullCredit":false},{"lineNumber":52,"author":{"gitId":"veermehta270"},"content":"                String description \u003d input.substring(5, fromIndex).trim();","lastModifiedDate":"2026-01-31T12:07:16","isFullCredit":false},{"lineNumber":53,"author":{"gitId":"veermehta270"},"content":"                if (description.isEmpty()) {","lastModifiedDate":"2026-02-04T22:53:33","isFullCredit":false},{"lineNumber":54,"author":{"gitId":"veermehta270"},"content":"                    throw new KatappaException(\"My lord, please enter the description of the task you want me to add\" +","lastModifiedDate":"2026-02-04T22:53:33","isFullCredit":false},{"lineNumber":55,"author":{"gitId":"veermehta270"},"content":"                            \" after \\\"event\\\"\");","lastModifiedDate":"2026-02-04T22:53:33","isFullCredit":false},{"lineNumber":56,"author":{"gitId":"veermehta270"},"content":"                }","lastModifiedDate":"2026-02-04T22:53:33","isFullCredit":false},{"lineNumber":57,"author":{"gitId":"veermehta270"},"content":"                String from \u003d input.substring(fromIndex + 5, toIndex).trim();","lastModifiedDate":"2026-01-31T12:07:16","isFullCredit":false},{"lineNumber":58,"author":{"gitId":"veermehta270"},"content":"                String to \u003d input.substring(toIndex + 3).trim();","lastModifiedDate":"2026-01-31T12:07:16","isFullCredit":false},{"lineNumber":59,"author":{"gitId":"veermehta270"},"content":"                return new Event(description, from, to);","lastModifiedDate":"2026-01-31T12:07:16","isFullCredit":false},{"lineNumber":60,"author":{"gitId":"veermehta270"},"content":"            }","lastModifiedDate":"2026-01-31T12:07:16","isFullCredit":false},{"lineNumber":61,"author":{"gitId":"veermehta270"},"content":"","lastModifiedDate":"2026-01-31T12:07:16","isFullCredit":false},{"lineNumber":62,"author":{"gitId":"veermehta270"},"content":"","lastModifiedDate":"2026-01-31T12:07:16","isFullCredit":false},{"lineNumber":63,"author":{"gitId":"veermehta270"},"content":"        } catch (KatappaException e) {","lastModifiedDate":"2026-02-04T22:59:31","isFullCredit":false},{"lineNumber":64,"author":{"gitId":"veermehta270"},"content":"            throw e;","lastModifiedDate":"2026-02-04T22:59:31","isFullCredit":false},{"lineNumber":65,"author":{"gitId":"veermehta270"},"content":"        } catch (Exception e) {","lastModifiedDate":"2026-01-31T12:07:16","isFullCredit":false},{"lineNumber":66,"author":{"gitId":"veermehta270"},"content":"            throw new KatappaException(\"My Lord, your command for this \" + type + \" is incomplete!\");","lastModifiedDate":"2026-01-31T12:07:16","isFullCredit":false},{"lineNumber":67,"author":{"gitId":"veermehta270"},"content":"        }","lastModifiedDate":"2026-01-31T12:07:16","isFullCredit":false},{"lineNumber":68,"author":{"gitId":"veermehta270"},"content":"        return new Task(input);","lastModifiedDate":"2026-01-31T12:07:16","isFullCredit":false},{"lineNumber":69,"author":{"gitId":"veermehta270"},"content":"    }","lastModifiedDate":"2026-01-31T12:07:16","isFullCredit":false},{"lineNumber":70,"author":{"gitId":"veermehta270"},"content":"","lastModifiedDate":"2026-01-31T12:07:16","isFullCredit":false},{"lineNumber":71,"author":{"gitId":"veermehta270"},"content":"    /**","lastModifiedDate":"2026-02-08T12:07:12","isFullCredit":false},{"lineNumber":72,"author":{"gitId":"veermehta270"},"content":"     * If task number is valid, converts it to Integer","lastModifiedDate":"2026-02-08T12:07:12","isFullCredit":false},{"lineNumber":73,"author":{"gitId":"veermehta270"},"content":"     * @param input Input text from the user","lastModifiedDate":"2026-02-08T12:07:12","isFullCredit":false},{"lineNumber":74,"author":{"gitId":"veermehta270"},"content":"     * @return List number as an Integer datatype","lastModifiedDate":"2026-02-08T12:07:12","isFullCredit":false},{"lineNumber":75,"author":{"gitId":"veermehta270"},"content":"     * @throws KatappaException Handles error if task number is out of bounds","lastModifiedDate":"2026-02-08T12:07:12","isFullCredit":false},{"lineNumber":76,"author":{"gitId":"veermehta270"},"content":"     */","lastModifiedDate":"2026-02-08T12:07:12","isFullCredit":false},{"lineNumber":77,"author":{"gitId":"veermehta270"},"content":"    public static int parseIndex(String input) throws KatappaException {","lastModifiedDate":"2026-01-31T12:07:16","isFullCredit":false},{"lineNumber":78,"author":{"gitId":"veermehta270"},"content":"        try {","lastModifiedDate":"2026-01-31T12:07:16","isFullCredit":false},{"lineNumber":79,"author":{"gitId":"veermehta270"},"content":"            String[] parts \u003d input.split(\" \");","lastModifiedDate":"2026-01-31T12:07:16","isFullCredit":false},{"lineNumber":80,"author":{"gitId":"veermehta270"},"content":"            return Integer.parseInt(parts[1]);","lastModifiedDate":"2026-01-31T12:07:16","isFullCredit":false},{"lineNumber":81,"author":{"gitId":"veermehta270"},"content":"        } catch (Exception e) {","lastModifiedDate":"2026-01-31T12:07:16","isFullCredit":false},{"lineNumber":82,"author":{"gitId":"veermehta270"},"content":"            throw new KatappaException(\"My Lord, please specify a valid task number (e.g mark 1)\");","lastModifiedDate":"2026-01-31T12:07:16","isFullCredit":false},{"lineNumber":83,"author":{"gitId":"veermehta270"},"content":"        }","lastModifiedDate":"2026-01-31T12:07:16","isFullCredit":false},{"lineNumber":84,"author":{"gitId":"veermehta270"},"content":"    }","lastModifiedDate":"2026-01-31T12:07:16","isFullCredit":false},{"lineNumber":85,"author":{"gitId":"veermehta270"},"content":"}","lastModifiedDate":"2026-01-31T12:07:16","isFullCredit":false},{"lineNumber":86,"author":{"gitId":"veermehta270"},"content":"","lastModifiedDate":"2026-01-31T12:07:16","isFullCredit":false},{"lineNumber":87,"author":{"gitId":"veermehta270"},"content":"","lastModifiedDate":"2026-01-31T12:07:16","isFullCredit":false},{"lineNumber":88,"author":{"gitId":"veermehta270"},"content":"","lastModifiedDate":"2026-01-31T12:07:16","isFullCredit":false}],"authorContributionMap":{"veermehta270":88}},{"path":"src/main/java/katappa/TaskManager.java","fileType":"java","lines":[{"lineNumber":1,"author":{"gitId":"veermehta270"},"content":"package katappa;","lastModifiedDate":"2026-02-04T23:51:21","isFullCredit":false},{"lineNumber":2,"author":{"gitId":"veermehta270"},"content":"","lastModifiedDate":"2026-02-04T23:51:21","isFullCredit":false},{"lineNumber":3,"author":{"gitId":"veermehta270"},"content":"import katappa.task.Task;","lastModifiedDate":"2026-02-04T23:51:21","isFullCredit":false},{"lineNumber":4,"author":{"gitId":"veermehta270"},"content":"import java.util.ArrayList;","lastModifiedDate":"2026-02-08T18:21:57","isFullCredit":false},{"lineNumber":5,"author":{"gitId":"veermehta270"},"content":"import java.io.FileWriter;","lastModifiedDate":"2026-02-10T22:43:02","isFullCredit":false},{"lineNumber":6,"author":{"gitId":"veermehta270"},"content":"","lastModifiedDate":"2026-02-04T23:51:21","isFullCredit":false},{"lineNumber":7,"author":{"gitId":"veermehta270"},"content":"","lastModifiedDate":"2026-02-10T22:54:14","isFullCredit":false},{"lineNumber":8,"author":{"gitId":"veermehta270"},"content":"","lastModifiedDate":"2026-02-04T23:51:21","isFullCredit":false},{"lineNumber":9,"author":{"gitId":"veermehta270"},"content":"public class TaskManager {","lastModifiedDate":"2026-01-31T12:05:04","isFullCredit":false},{"lineNumber":10,"author":{"gitId":"veermehta270"},"content":"","lastModifiedDate":"2026-01-31T12:05:04","isFullCredit":false},{"lineNumber":11,"author":{"gitId":"veermehta270"},"content":"    public static int MAX_NUMBER_OF_TASKS \u003d 100;","lastModifiedDate":"2026-01-31T12:05:04","isFullCredit":false},{"lineNumber":12,"author":{"gitId":"veermehta270"},"content":"    private ArrayList\u003cTask\u003e taskList;","lastModifiedDate":"2026-02-10T22:43:02","isFullCredit":false},{"lineNumber":13,"author":{"gitId":"veermehta270"},"content":"    private DataFileWriter fileWriter;","lastModifiedDate":"2026-02-10T22:43:02","isFullCredit":false},{"lineNumber":14,"author":{"gitId":"veermehta270"},"content":"","lastModifiedDate":"2026-02-10T22:43:02","isFullCredit":false},{"lineNumber":15,"author":{"gitId":"veermehta270"},"content":"","lastModifiedDate":"2026-01-31T12:05:04","isFullCredit":false},{"lineNumber":16,"author":{"gitId":"veermehta270"},"content":"    protected TaskManager(ArrayList\u003cTask\u003e listOfTasks) {","lastModifiedDate":"2026-02-10T22:43:02","isFullCredit":false},{"lineNumber":17,"author":{"gitId":"veermehta270"},"content":"        taskList \u003d listOfTasks;","lastModifiedDate":"2026-02-10T22:43:02","isFullCredit":false},{"lineNumber":18,"author":{"gitId":"veermehta270"},"content":"        fileWriter \u003d new DataFileWriter();","lastModifiedDate":"2026-02-10T22:43:02","isFullCredit":false},{"lineNumber":19,"author":{"gitId":"veermehta270"},"content":"    }","lastModifiedDate":"2026-02-10T22:43:02","isFullCredit":false},{"lineNumber":20,"author":{"gitId":"veermehta270"},"content":"","lastModifiedDate":"2026-01-31T12:05:04","isFullCredit":false},{"lineNumber":21,"author":{"gitId":"veermehta270"},"content":"    protected TaskManager() {","lastModifiedDate":"2026-02-10T22:43:02","isFullCredit":false},{"lineNumber":22,"author":{"gitId":"veermehta270"},"content":"        taskList \u003d new ArrayList\u003c\u003e();","lastModifiedDate":"2026-02-10T22:43:02","isFullCredit":false},{"lineNumber":23,"author":{"gitId":"veermehta270"},"content":"        fileWriter \u003d new DataFileWriter();","lastModifiedDate":"2026-02-10T22:43:02","isFullCredit":false},{"lineNumber":24,"author":{"gitId":"veermehta270"},"content":"","lastModifiedDate":"2026-02-10T22:43:02","isFullCredit":false},{"lineNumber":25,"author":{"gitId":"veermehta270"},"content":"    }","lastModifiedDate":"2026-02-10T22:43:02","isFullCredit":false},{"lineNumber":26,"author":{"gitId":"veermehta270"},"content":"","lastModifiedDate":"2026-01-31T12:05:04","isFullCredit":false},{"lineNumber":27,"author":{"gitId":"veermehta270"},"content":"    public void addTask(Task task) {","lastModifiedDate":"2026-01-31T12:05:04","isFullCredit":false},{"lineNumber":28,"author":{"gitId":"veermehta270"},"content":"        taskList.add(task);","lastModifiedDate":"2026-02-08T18:21:57","isFullCredit":false},{"lineNumber":29,"author":{"gitId":"veermehta270"},"content":"","lastModifiedDate":"2026-02-10T22:54:14","isFullCredit":false},{"lineNumber":30,"author":{"gitId":"veermehta270"},"content":"        fileWriter.updateTaskData(taskList);","lastModifiedDate":"2026-02-10T22:43:02","isFullCredit":false},{"lineNumber":31,"author":{"gitId":"veermehta270"},"content":"    }","lastModifiedDate":"2026-01-31T12:05:04","isFullCredit":false},{"lineNumber":32,"author":{"gitId":"veermehta270"},"content":"","lastModifiedDate":"2026-01-31T12:05:04","isFullCredit":false},{"lineNumber":33,"author":{"gitId":"veermehta270"},"content":"    public int getTotalTasks() {","lastModifiedDate":"2026-01-31T12:05:04","isFullCredit":false},{"lineNumber":34,"author":{"gitId":"veermehta270"},"content":"","lastModifiedDate":"2026-02-01T23:13:16","isFullCredit":false},{"lineNumber":35,"author":{"gitId":"veermehta270"},"content":"        return taskList.size();","lastModifiedDate":"2026-02-08T18:21:57","isFullCredit":false},{"lineNumber":36,"author":{"gitId":"veermehta270"},"content":"    }","lastModifiedDate":"2026-01-31T12:05:04","isFullCredit":false},{"lineNumber":37,"author":{"gitId":"veermehta270"},"content":"","lastModifiedDate":"2026-01-31T12:05:04","isFullCredit":false},{"lineNumber":38,"author":{"gitId":"veermehta270"},"content":"    public void markTaskAsDone(int inputIndex) throws KatappaException {","lastModifiedDate":"2026-01-31T12:05:04","isFullCredit":false},{"lineNumber":39,"author":{"gitId":"veermehta270"},"content":"","lastModifiedDate":"2026-01-31T12:05:04","isFullCredit":false},{"lineNumber":40,"author":{"gitId":"veermehta270"},"content":"        validateIndex(inputIndex);","lastModifiedDate":"2026-01-31T12:05:04","isFullCredit":false},{"lineNumber":41,"author":{"gitId":"veermehta270"},"content":"","lastModifiedDate":"2026-01-31T12:05:04","isFullCredit":false},{"lineNumber":42,"author":{"gitId":"veermehta270"},"content":"        Task task \u003d taskList.get(inputIndex - 1);","lastModifiedDate":"2026-02-08T18:21:57","isFullCredit":false},{"lineNumber":43,"author":{"gitId":"veermehta270"},"content":"        if (task.isDone()) {","lastModifiedDate":"2026-01-31T12:05:04","isFullCredit":false},{"lineNumber":44,"author":{"gitId":"veermehta270"},"content":"            throw new KatappaException(\"My Lord, this task is already marked as done!\");","lastModifiedDate":"2026-01-31T12:05:04","isFullCredit":false},{"lineNumber":45,"author":{"gitId":"veermehta270"},"content":"        }","lastModifiedDate":"2026-01-31T12:05:04","isFullCredit":false},{"lineNumber":46,"author":{"gitId":"veermehta270"},"content":"","lastModifiedDate":"2026-01-31T12:05:04","isFullCredit":false},{"lineNumber":47,"author":{"gitId":"veermehta270"},"content":"        task.markAsDone();","lastModifiedDate":"2026-01-31T12:05:04","isFullCredit":false},{"lineNumber":48,"author":{"gitId":"veermehta270"},"content":"        fileWriter.updateTaskData(taskList);","lastModifiedDate":"2026-02-10T22:43:02","isFullCredit":false},{"lineNumber":49,"author":{"gitId":"veermehta270"},"content":"","lastModifiedDate":"2026-02-10T22:43:02","isFullCredit":false},{"lineNumber":50,"author":{"gitId":"veermehta270"},"content":"","lastModifiedDate":"2026-01-31T12:05:04","isFullCredit":false},{"lineNumber":51,"author":{"gitId":"veermehta270"},"content":"    }","lastModifiedDate":"2026-01-31T12:05:04","isFullCredit":false},{"lineNumber":52,"author":{"gitId":"veermehta270"},"content":"","lastModifiedDate":"2026-01-31T12:05:04","isFullCredit":false},{"lineNumber":53,"author":{"gitId":"veermehta270"},"content":"    public void markTaskAsNotDone(int inputIndex) throws KatappaException {","lastModifiedDate":"2026-01-31T12:05:04","isFullCredit":false},{"lineNumber":54,"author":{"gitId":"veermehta270"},"content":"","lastModifiedDate":"2026-01-31T12:05:04","isFullCredit":false},{"lineNumber":55,"author":{"gitId":"veermehta270"},"content":"        validateIndex(inputIndex);","lastModifiedDate":"2026-01-31T12:05:04","isFullCredit":false},{"lineNumber":56,"author":{"gitId":"veermehta270"},"content":"","lastModifiedDate":"2026-01-31T12:05:04","isFullCredit":false},{"lineNumber":57,"author":{"gitId":"veermehta270"},"content":"        Task task \u003d taskList.get(inputIndex - 1);","lastModifiedDate":"2026-02-08T18:21:57","isFullCredit":false},{"lineNumber":58,"author":{"gitId":"veermehta270"},"content":"        if (!task.isDone()) {","lastModifiedDate":"2026-01-31T12:05:04","isFullCredit":false},{"lineNumber":59,"author":{"gitId":"veermehta270"},"content":"            throw new KatappaException(\"My Lord, this task is already marked as not done!\");","lastModifiedDate":"2026-01-31T12:05:04","isFullCredit":false},{"lineNumber":60,"author":{"gitId":"veermehta270"},"content":"        }","lastModifiedDate":"2026-01-31T12:05:04","isFullCredit":false},{"lineNumber":61,"author":{"gitId":"veermehta270"},"content":"","lastModifiedDate":"2026-01-31T12:05:04","isFullCredit":false},{"lineNumber":62,"author":{"gitId":"veermehta270"},"content":"        task.markAsNotDone();","lastModifiedDate":"2026-01-31T12:05:04","isFullCredit":false},{"lineNumber":63,"author":{"gitId":"veermehta270"},"content":"        fileWriter.updateTaskData(taskList);","lastModifiedDate":"2026-02-10T22:43:02","isFullCredit":false},{"lineNumber":64,"author":{"gitId":"veermehta270"},"content":"","lastModifiedDate":"2026-02-10T22:43:02","isFullCredit":false},{"lineNumber":65,"author":{"gitId":"veermehta270"},"content":"","lastModifiedDate":"2026-01-31T12:05:04","isFullCredit":false},{"lineNumber":66,"author":{"gitId":"veermehta270"},"content":"    }","lastModifiedDate":"2026-01-31T12:05:04","isFullCredit":false},{"lineNumber":67,"author":{"gitId":"veermehta270"},"content":"","lastModifiedDate":"2026-01-31T12:05:04","isFullCredit":false},{"lineNumber":68,"author":{"gitId":"veermehta270"},"content":"    public Task deleteTask(int deleteIndex) throws KatappaException {","lastModifiedDate":"2026-02-08T18:37:29","isFullCredit":false},{"lineNumber":69,"author":{"gitId":"veermehta270"},"content":"","lastModifiedDate":"2026-02-08T18:37:29","isFullCredit":false},{"lineNumber":70,"author":{"gitId":"veermehta270"},"content":"        validateIndex(deleteIndex);","lastModifiedDate":"2026-02-08T18:37:29","isFullCredit":false},{"lineNumber":71,"author":{"gitId":"veermehta270"},"content":"        return taskList.remove(deleteIndex - 1);","lastModifiedDate":"2026-02-08T18:37:29","isFullCredit":false},{"lineNumber":72,"author":{"gitId":"veermehta270"},"content":"    }","lastModifiedDate":"2026-02-08T18:37:29","isFullCredit":false},{"lineNumber":73,"author":{"gitId":"veermehta270"},"content":"","lastModifiedDate":"2026-02-08T18:37:29","isFullCredit":false},{"lineNumber":74,"author":{"gitId":"veermehta270"},"content":"    /**","lastModifiedDate":"2026-02-08T12:07:12","isFullCredit":false},{"lineNumber":75,"author":{"gitId":"veermehta270"},"content":"     * Checks if the given index falls in the range of number of current tasks","lastModifiedDate":"2026-02-08T12:07:12","isFullCredit":false},{"lineNumber":76,"author":{"gitId":"veermehta270"},"content":"     * @param inputIndex Index given by user","lastModifiedDate":"2026-02-08T12:07:12","isFullCredit":false},{"lineNumber":77,"author":{"gitId":"veermehta270"},"content":"     * @throws KatappaException Exception to handle invalid indexes","lastModifiedDate":"2026-02-08T12:07:12","isFullCredit":false},{"lineNumber":78,"author":{"gitId":"veermehta270"},"content":"     */","lastModifiedDate":"2026-02-08T12:07:12","isFullCredit":false},{"lineNumber":79,"author":{"gitId":"veermehta270"},"content":"    private void validateIndex(int inputIndex) throws KatappaException {","lastModifiedDate":"2026-01-31T12:05:04","isFullCredit":false},{"lineNumber":80,"author":{"gitId":"veermehta270"},"content":"        if (taskList.isEmpty()) {","lastModifiedDate":"2026-02-08T18:21:57","isFullCredit":false},{"lineNumber":81,"author":{"gitId":"veermehta270"},"content":"            throw new KatappaException(\"There are no tasks yet My Lord. Please add tasks.\");","lastModifiedDate":"2026-01-31T12:05:04","isFullCredit":false},{"lineNumber":82,"author":{"gitId":"veermehta270"},"content":"        }","lastModifiedDate":"2026-01-31T12:05:04","isFullCredit":false},{"lineNumber":83,"author":{"gitId":"veermehta270"},"content":"        if (inputIndex \u003c\u003d 0 || inputIndex \u003e taskList.size()) {","lastModifiedDate":"2026-02-08T18:21:57","isFullCredit":false},{"lineNumber":84,"author":{"gitId":"veermehta270"},"content":"            throw new KatappaException(","lastModifiedDate":"2026-01-31T12:05:04","isFullCredit":false},{"lineNumber":85,"author":{"gitId":"veermehta270"},"content":"                    \"My Lord, task number \" + inputIndex + \" is out of range. You have \" + taskList.size() + \" tasks.\");","lastModifiedDate":"2026-02-08T18:21:57","isFullCredit":false},{"lineNumber":86,"author":{"gitId":"veermehta270"},"content":"        }","lastModifiedDate":"2026-01-31T12:05:04","isFullCredit":false},{"lineNumber":87,"author":{"gitId":"veermehta270"},"content":"    }","lastModifiedDate":"2026-01-31T12:05:04","isFullCredit":false},{"lineNumber":88,"author":{"gitId":"veermehta270"},"content":"","lastModifiedDate":"2026-01-31T12:05:04","isFullCredit":false},{"lineNumber":89,"author":{"gitId":"veermehta270"},"content":"    public ArrayList\u003cTask\u003e getTaskList() {","lastModifiedDate":"2026-02-08T18:21:57","isFullCredit":false},{"lineNumber":90,"author":{"gitId":"veermehta270"},"content":"","lastModifiedDate":"2026-02-01T23:13:16","isFullCredit":false},{"lineNumber":91,"author":{"gitId":"veermehta270"},"content":"        return taskList;","lastModifiedDate":"2026-01-31T12:05:04","isFullCredit":false},{"lineNumber":92,"author":{"gitId":"veermehta270"},"content":"    }","lastModifiedDate":"2026-01-31T12:05:04","isFullCredit":false},{"lineNumber":93,"author":{"gitId":"veermehta270"},"content":"","lastModifiedDate":"2026-01-31T12:05:04","isFullCredit":false},{"lineNumber":94,"author":{"gitId":"veermehta270"},"content":"    public Task getTask(int index) {","lastModifiedDate":"2026-01-31T12:05:04","isFullCredit":false},{"lineNumber":95,"author":{"gitId":"veermehta270"},"content":"","lastModifiedDate":"2026-02-01T23:13:16","isFullCredit":false},{"lineNumber":96,"author":{"gitId":"veermehta270"},"content":"        return taskList.get(index - 1);","lastModifiedDate":"2026-02-08T18:21:57","isFullCredit":false},{"lineNumber":97,"author":{"gitId":"veermehta270"},"content":"    }","lastModifiedDate":"2026-01-31T12:05:04","isFullCredit":false},{"lineNumber":98,"author":{"gitId":"veermehta270"},"content":"}","lastModifiedDate":"2026-01-31T12:05:04","isFullCredit":false}],"authorContributionMap":{"veermehta270":98}},{"path":"src/main/java/katappa/Ui.java","fileType":"java","lines":[{"lineNumber":1,"author":{"gitId":"veermehta270"},"content":"package katappa;","lastModifiedDate":"2026-02-04T23:51:21","isFullCredit":false},{"lineNumber":2,"author":{"gitId":"veermehta270"},"content":"","lastModifiedDate":"2026-02-04T23:51:21","isFullCredit":false},{"lineNumber":3,"author":{"gitId":"veermehta270"},"content":"import katappa.task.Task;","lastModifiedDate":"2026-02-04T23:51:21","isFullCredit":false},{"lineNumber":4,"author":{"gitId":"veermehta270"},"content":"","lastModifiedDate":"2026-02-04T23:51:21","isFullCredit":false},{"lineNumber":5,"author":{"gitId":"veermehta270"},"content":"import java.util.ArrayList;","lastModifiedDate":"2026-02-08T18:21:57","isFullCredit":false},{"lineNumber":6,"author":{"gitId":"veermehta270"},"content":"import java.util.Scanner;","lastModifiedDate":"2026-01-31T12:07:16","isFullCredit":false},{"lineNumber":7,"author":{"gitId":"veermehta270"},"content":"","lastModifiedDate":"2026-01-31T12:07:16","isFullCredit":false},{"lineNumber":8,"author":{"gitId":"veermehta270"},"content":"public class Ui {","lastModifiedDate":"2026-01-31T12:07:16","isFullCredit":false},{"lineNumber":9,"author":{"gitId":"veermehta270"},"content":"","lastModifiedDate":"2026-01-31T12:07:16","isFullCredit":false},{"lineNumber":10,"author":{"gitId":"veermehta270"},"content":"    // These are constants, so we use \u0027static final\u0027 and Uppercase","lastModifiedDate":"2026-01-31T12:07:16","isFullCredit":false},{"lineNumber":11,"author":{"gitId":"veermehta270"},"content":"    public static final String NAME \u003d \"katappa.Katappa\";","lastModifiedDate":"2026-02-04T23:51:21","isFullCredit":false},{"lineNumber":12,"author":{"gitId":"veermehta270"},"content":"    public static final String LINE \u003d \"    \u003d\u003d\u003d\u003d\u003d\u003d\u003d\u003d\u003d\u003d\u003d\u003d\u003d\u003d\u003d\u003d\u003d\u003d\u003d\u003d\u003d\u003d\u003d\u003d\u003d\u003d\u003d\u003d\u003d\u003d\u003d\u003d\u003d\u003d\u003d\u003d\u003d\";","lastModifiedDate":"2026-01-31T12:07:16","isFullCredit":false},{"lineNumber":13,"author":{"gitId":"veermehta270"},"content":"    public static final String SPECIAL_LINE \u003d \"+\u003d+\u003d+\u003d+\u003d+\u003d+\u003d+\u003d+\u003d+\u003d+\u003d+\u003d+\u003d+\u003d+\u003d+\u003d+\u003d+\u003d+\u003d+\";","lastModifiedDate":"2026-01-31T12:07:16","isFullCredit":false},{"lineNumber":14,"author":{"gitId":"veermehta270"},"content":"","lastModifiedDate":"2026-01-31T12:07:16","isFullCredit":false},{"lineNumber":15,"author":{"gitId":"veermehta270"},"content":"    private final Scanner scanner;","lastModifiedDate":"2026-01-31T12:07:16","isFullCredit":false},{"lineNumber":16,"author":{"gitId":"veermehta270"},"content":"","lastModifiedDate":"2026-01-31T12:07:16","isFullCredit":false},{"lineNumber":17,"author":{"gitId":"veermehta270"},"content":"    public Ui() {","lastModifiedDate":"2026-01-31T12:07:16","isFullCredit":false},{"lineNumber":18,"author":{"gitId":"veermehta270"},"content":"        this.scanner \u003d new Scanner(System.in);","lastModifiedDate":"2026-01-31T12:07:16","isFullCredit":false},{"lineNumber":19,"author":{"gitId":"veermehta270"},"content":"    }","lastModifiedDate":"2026-01-31T12:07:16","isFullCredit":false},{"lineNumber":20,"author":{"gitId":"veermehta270"},"content":"","lastModifiedDate":"2026-01-31T12:07:16","isFullCredit":false},{"lineNumber":21,"author":{"gitId":"veermehta270"},"content":"    public String readCommand() {","lastModifiedDate":"2026-01-31T12:07:16","isFullCredit":false},{"lineNumber":22,"author":{"gitId":"veermehta270"},"content":"        return scanner.nextLine().trim();","lastModifiedDate":"2026-01-31T12:07:16","isFullCredit":false},{"lineNumber":23,"author":{"gitId":"veermehta270"},"content":"    }","lastModifiedDate":"2026-01-31T12:07:16","isFullCredit":false},{"lineNumber":24,"author":{"gitId":"veermehta270"},"content":"","lastModifiedDate":"2026-01-31T12:07:16","isFullCredit":false},{"lineNumber":25,"author":{"gitId":"veermehta270"},"content":"    public void printInBox(String message) {","lastModifiedDate":"2026-01-31T12:07:16","isFullCredit":false},{"lineNumber":26,"author":{"gitId":"veermehta270"},"content":"        System.out.println(LINE);","lastModifiedDate":"2026-02-02T00:22:33","isFullCredit":false},{"lineNumber":27,"author":{"gitId":"veermehta270"},"content":"        System.out.println(\"    \" + message);","lastModifiedDate":"2026-02-02T00:22:33","isFullCredit":false},{"lineNumber":28,"author":{"gitId":"veermehta270"},"content":"        System.out.println(LINE);","lastModifiedDate":"2026-02-02T00:22:33","isFullCredit":false},{"lineNumber":29,"author":{"gitId":"veermehta270"},"content":"    }","lastModifiedDate":"2026-01-31T12:07:16","isFullCredit":false},{"lineNumber":30,"author":{"gitId":"veermehta270"},"content":"","lastModifiedDate":"2026-01-31T12:07:16","isFullCredit":false},{"lineNumber":31,"author":{"gitId":"veermehta270"},"content":"    public void showWelcomeMessage() {","lastModifiedDate":"2026-01-31T12:07:16","isFullCredit":false},{"lineNumber":32,"author":{"gitId":"veermehta270"},"content":"        String welcome \u003d \"Namaste! My Lord, I\u0027m \" + NAME + \", your loyal servant.\\n\" + \"    \" +","lastModifiedDate":"2026-02-02T00:22:33","isFullCredit":false},{"lineNumber":33,"author":{"gitId":"veermehta270"},"content":"                \"My sword and my service are yours. How shall I assist you today?\";","lastModifiedDate":"2026-02-02T00:22:33","isFullCredit":false},{"lineNumber":34,"author":{"gitId":"veermehta270"},"content":"        printInBox(welcome);","lastModifiedDate":"2026-01-31T12:07:16","isFullCredit":false},{"lineNumber":35,"author":{"gitId":"veermehta270"},"content":"    }","lastModifiedDate":"2026-01-31T12:07:16","isFullCredit":false},{"lineNumber":36,"author":{"gitId":"veermehta270"},"content":"","lastModifiedDate":"2026-01-31T12:07:16","isFullCredit":false},{"lineNumber":37,"author":{"gitId":"veermehta270"},"content":"    // This is useful for your katappa.CommandExecutor to call!","lastModifiedDate":"2026-02-04T23:51:21","isFullCredit":false},{"lineNumber":38,"author":{"gitId":"veermehta270"},"content":"    public void showResult(String result) {","lastModifiedDate":"2026-01-31T12:07:16","isFullCredit":false},{"lineNumber":39,"author":{"gitId":"veermehta270"},"content":"        printInBox(result);","lastModifiedDate":"2026-01-31T12:07:16","isFullCredit":false},{"lineNumber":40,"author":{"gitId":"veermehta270"},"content":"    }","lastModifiedDate":"2026-01-31T12:07:16","isFullCredit":false},{"lineNumber":41,"author":{"gitId":"veermehta270"},"content":"","lastModifiedDate":"2026-01-31T12:07:16","isFullCredit":false},{"lineNumber":42,"author":{"gitId":"veermehta270"},"content":"","lastModifiedDate":"2026-01-31T12:07:16","isFullCredit":false},{"lineNumber":43,"author":{"gitId":"veermehta270"},"content":"    public String printTaskList(ArrayList\u003cTask\u003e allTasks, int count) {","lastModifiedDate":"2026-02-08T18:21:57","isFullCredit":false},{"lineNumber":44,"author":{"gitId":"veermehta270"},"content":"        if (count \u003d\u003d 0) {","lastModifiedDate":"2026-01-31T12:07:16","isFullCredit":false},{"lineNumber":45,"author":{"gitId":"veermehta270"},"content":"            return \"The scroll is empty, My Lord. No tasks found.\";","lastModifiedDate":"2026-01-31T12:07:16","isFullCredit":false},{"lineNumber":46,"author":{"gitId":"veermehta270"},"content":"        }","lastModifiedDate":"2026-01-31T12:07:16","isFullCredit":false},{"lineNumber":47,"author":{"gitId":"veermehta270"},"content":"","lastModifiedDate":"2026-01-31T12:07:16","isFullCredit":false},{"lineNumber":48,"author":{"gitId":"veermehta270"},"content":"        String listMessage \u003d \"Here are the tasks in your scroll, My Lord:\\n\";","lastModifiedDate":"2026-01-31T12:07:16","isFullCredit":false},{"lineNumber":49,"author":{"gitId":"veermehta270"},"content":"","lastModifiedDate":"2026-01-31T12:07:16","isFullCredit":false},{"lineNumber":50,"author":{"gitId":"veermehta270"},"content":"        for (int i \u003d 0; i \u003c count; i++) {","lastModifiedDate":"2026-01-31T12:07:16","isFullCredit":false},{"lineNumber":51,"author":{"gitId":"veermehta270"},"content":"            // Add the task line: e.g., \"1. [T][ ] read book\"","lastModifiedDate":"2026-01-31T12:07:16","isFullCredit":false},{"lineNumber":52,"author":{"gitId":"veermehta270"},"content":"            listMessage +\u003d \"    \" + (i + 1) + \". \" + allTasks.get(i);","lastModifiedDate":"2026-02-08T18:21:57","isFullCredit":false},{"lineNumber":53,"author":{"gitId":"veermehta270"},"content":"","lastModifiedDate":"2026-01-31T12:07:16","isFullCredit":false},{"lineNumber":54,"author":{"gitId":"veermehta270"},"content":"            // Only add a newline if it\u0027s NOT the last task","lastModifiedDate":"2026-01-31T12:07:16","isFullCredit":false},{"lineNumber":55,"author":{"gitId":"veermehta270"},"content":"            if (i \u003c count - 1) {","lastModifiedDate":"2026-01-31T12:07:16","isFullCredit":false},{"lineNumber":56,"author":{"gitId":"veermehta270"},"content":"                listMessage +\u003d \"\\n\";","lastModifiedDate":"2026-01-31T12:07:16","isFullCredit":false},{"lineNumber":57,"author":{"gitId":"veermehta270"},"content":"            }","lastModifiedDate":"2026-01-31T12:07:16","isFullCredit":false},{"lineNumber":58,"author":{"gitId":"veermehta270"},"content":"        }","lastModifiedDate":"2026-01-31T12:07:16","isFullCredit":false},{"lineNumber":59,"author":{"gitId":"veermehta270"},"content":"","lastModifiedDate":"2026-01-31T12:07:16","isFullCredit":false},{"lineNumber":60,"author":{"gitId":"veermehta270"},"content":"        return listMessage;","lastModifiedDate":"2026-01-31T12:07:16","isFullCredit":false},{"lineNumber":61,"author":{"gitId":"veermehta270"},"content":"    }","lastModifiedDate":"2026-01-31T12:07:16","isFullCredit":false},{"lineNumber":62,"author":{"gitId":"veermehta270"},"content":"","lastModifiedDate":"2026-01-31T12:07:16","isFullCredit":false},{"lineNumber":63,"author":{"gitId":"veermehta270"},"content":"","lastModifiedDate":"2026-01-31T12:07:16","isFullCredit":false},{"lineNumber":64,"author":{"gitId":"veermehta270"},"content":"}","lastModifiedDate":"2026-01-31T12:07:16","isFullCredit":false}],"authorContributionMap":{"veermehta270":64}},{"path":"src/main/java/katappa/task/Deadline.java","fileType":"java","lines":[{"lineNumber":1,"author":{"gitId":"veermehta270"},"content":"package katappa.task;","lastModifiedDate":"2026-02-04T23:51:21","isFullCredit":false},{"lineNumber":2,"author":{"gitId":"veermehta270"},"content":"","lastModifiedDate":"2026-02-04T23:51:21","isFullCredit":false},{"lineNumber":3,"author":{"gitId":"veermehta270"},"content":"public class Deadline extends Task {","lastModifiedDate":"2026-02-04T23:51:21","isFullCredit":false},{"lineNumber":4,"author":{"gitId":"veermehta270"},"content":"","lastModifiedDate":"2026-02-04T23:51:21","isFullCredit":false},{"lineNumber":5,"author":{"gitId":"veermehta270"},"content":"    protected String by;","lastModifiedDate":"2026-02-04T23:51:21","isFullCredit":false},{"lineNumber":6,"author":{"gitId":"veermehta270"},"content":"","lastModifiedDate":"2026-02-04T23:51:21","isFullCredit":false},{"lineNumber":7,"author":{"gitId":"veermehta270"},"content":"    public Deadline(String description, String by) {","lastModifiedDate":"2026-02-04T23:51:21","isFullCredit":false},{"lineNumber":8,"author":{"gitId":"veermehta270"},"content":"        super(description);","lastModifiedDate":"2026-02-04T23:51:21","isFullCredit":false},{"lineNumber":9,"author":{"gitId":"veermehta270"},"content":"        this.by \u003d by;","lastModifiedDate":"2026-02-04T23:51:21","isFullCredit":false},{"lineNumber":10,"author":{"gitId":"veermehta270"},"content":"    }","lastModifiedDate":"2026-02-04T23:51:21","isFullCredit":false},{"lineNumber":11,"author":{"gitId":"veermehta270"},"content":"","lastModifiedDate":"2026-02-04T23:51:21","isFullCredit":false},{"lineNumber":12,"author":{"gitId":"veermehta270"},"content":"    public String getBy() {","lastModifiedDate":"2026-02-10T22:43:02","isFullCredit":false},{"lineNumber":13,"author":{"gitId":"veermehta270"},"content":"        return by;","lastModifiedDate":"2026-02-10T22:43:02","isFullCredit":false},{"lineNumber":14,"author":{"gitId":"veermehta270"},"content":"    }","lastModifiedDate":"2026-02-10T22:43:02","isFullCredit":false},{"lineNumber":15,"author":{"gitId":"veermehta270"},"content":"","lastModifiedDate":"2026-02-10T22:43:02","isFullCredit":false},{"lineNumber":16,"author":{"gitId":"veermehta270"},"content":"    @Override","lastModifiedDate":"2026-02-04T23:51:21","isFullCredit":false},{"lineNumber":17,"author":{"gitId":"veermehta270"},"content":"    public String toString() {","lastModifiedDate":"2026-02-04T23:51:21","isFullCredit":false},{"lineNumber":18,"author":{"gitId":"veermehta270"},"content":"        return \"[D]\" + super.toString() + \" (by: \" + by.trim() + \")\";","lastModifiedDate":"2026-02-04T23:51:21","isFullCredit":false},{"lineNumber":19,"author":{"gitId":"veermehta270"},"content":"    }","lastModifiedDate":"2026-02-04T23:51:21","isFullCredit":false},{"lineNumber":20,"author":{"gitId":"veermehta270"},"content":"","lastModifiedDate":"2026-02-04T23:51:21","isFullCredit":false},{"lineNumber":21,"author":{"gitId":"veermehta270"},"content":"","lastModifiedDate":"2026-02-04T23:51:21","isFullCredit":false},{"lineNumber":22,"author":{"gitId":"veermehta270"},"content":"}","lastModifiedDate":"2026-02-04T23:51:21","isFullCredit":false}],"authorContributionMap":{"veermehta270":22}},{"path":"src/main/java/katappa/task/Event.java","fileType":"java","lines":[{"lineNumber":1,"author":{"gitId":"veermehta270"},"content":"package katappa.task;","lastModifiedDate":"2026-02-04T23:51:21","isFullCredit":false},{"lineNumber":2,"author":{"gitId":"veermehta270"},"content":"","lastModifiedDate":"2026-02-04T23:51:21","isFullCredit":false},{"lineNumber":3,"author":{"gitId":"veermehta270"},"content":"public class Event extends Task {","lastModifiedDate":"2026-01-24T23:44:43","isFullCredit":false},{"lineNumber":4,"author":{"gitId":"veermehta270"},"content":"","lastModifiedDate":"2026-01-24T23:44:43","isFullCredit":false},{"lineNumber":5,"author":{"gitId":"veermehta270"},"content":"    protected String from;","lastModifiedDate":"2026-01-24T23:44:43","isFullCredit":false},{"lineNumber":6,"author":{"gitId":"veermehta270"},"content":"    protected String to;","lastModifiedDate":"2026-01-24T23:44:43","isFullCredit":false},{"lineNumber":7,"author":{"gitId":"veermehta270"},"content":"","lastModifiedDate":"2026-01-24T23:44:43","isFullCredit":false},{"lineNumber":8,"author":{"gitId":"veermehta270"},"content":"    public Event(String description, String from, String to) {","lastModifiedDate":"2026-02-04T23:51:21","isFullCredit":false},{"lineNumber":9,"author":{"gitId":"veermehta270"},"content":"        super(description);","lastModifiedDate":"2026-01-24T23:44:43","isFullCredit":false},{"lineNumber":10,"author":{"gitId":"veermehta270"},"content":"        this.from \u003d from;","lastModifiedDate":"2026-01-24T23:44:43","isFullCredit":false},{"lineNumber":11,"author":{"gitId":"veermehta270"},"content":"        this.to \u003d to;","lastModifiedDate":"2026-01-24T23:44:43","isFullCredit":false},{"lineNumber":12,"author":{"gitId":"veermehta270"},"content":"    }","lastModifiedDate":"2026-01-24T23:44:43","isFullCredit":false},{"lineNumber":13,"author":{"gitId":"veermehta270"},"content":"","lastModifiedDate":"2026-01-24T23:44:43","isFullCredit":false},{"lineNumber":14,"author":{"gitId":"veermehta270"},"content":"    public String getFrom() {","lastModifiedDate":"2026-02-10T22:43:02","isFullCredit":false},{"lineNumber":15,"author":{"gitId":"veermehta270"},"content":"        return from;","lastModifiedDate":"2026-02-10T22:43:02","isFullCredit":false},{"lineNumber":16,"author":{"gitId":"veermehta270"},"content":"    }","lastModifiedDate":"2026-02-10T22:43:02","isFullCredit":false},{"lineNumber":17,"author":{"gitId":"veermehta270"},"content":"","lastModifiedDate":"2026-02-10T22:43:02","isFullCredit":false},{"lineNumber":18,"author":{"gitId":"veermehta270"},"content":"    public String getTo() {","lastModifiedDate":"2026-02-10T22:43:02","isFullCredit":false},{"lineNumber":19,"author":{"gitId":"veermehta270"},"content":"        return to;","lastModifiedDate":"2026-02-10T22:43:02","isFullCredit":false},{"lineNumber":20,"author":{"gitId":"veermehta270"},"content":"    }","lastModifiedDate":"2026-02-10T22:43:02","isFullCredit":false},{"lineNumber":21,"author":{"gitId":"veermehta270"},"content":"","lastModifiedDate":"2026-02-10T22:43:02","isFullCredit":false},{"lineNumber":22,"author":{"gitId":"veermehta270"},"content":"    @Override","lastModifiedDate":"2026-01-24T23:44:43","isFullCredit":false},{"lineNumber":23,"author":{"gitId":"veermehta270"},"content":"    public String toString() {","lastModifiedDate":"2026-01-24T23:44:43","isFullCredit":false},{"lineNumber":24,"author":{"gitId":"veermehta270"},"content":"        return \"[E]\" + super.toString() + \" (from: \" + from.trim() + \" to: \" + to.trim() + \")\";","lastModifiedDate":"2026-01-24T23:44:43","isFullCredit":false},{"lineNumber":25,"author":{"gitId":"veermehta270"},"content":"    }","lastModifiedDate":"2026-01-24T23:44:43","isFullCredit":false},{"lineNumber":26,"author":{"gitId":"veermehta270"},"content":"}","lastModifiedDate":"2026-01-24T23:44:43","isFullCredit":false}],"authorContributionMap":{"veermehta270":26}},{"path":"src/main/java/katappa/task/Task.java","fileType":"java","lines":[{"lineNumber":1,"author":{"gitId":"veermehta270"},"content":"package katappa.task;","lastModifiedDate":"2026-02-04T23:51:21","isFullCredit":false},{"lineNumber":2,"author":{"gitId":"veermehta270"},"content":"","lastModifiedDate":"2026-02-04T23:51:21","isFullCredit":false},{"lineNumber":3,"author":{"gitId":"veermehta270"},"content":"public class Task {","lastModifiedDate":"2026-01-21T16:44:56","isFullCredit":false},{"lineNumber":4,"author":{"gitId":"veermehta270"},"content":"    protected String description;","lastModifiedDate":"2026-01-21T16:44:56","isFullCredit":false},{"lineNumber":5,"author":{"gitId":"veermehta270"},"content":"    protected boolean isDone;","lastModifiedDate":"2026-01-21T16:44:56","isFullCredit":false},{"lineNumber":6,"author":{"gitId":"veermehta270"},"content":"","lastModifiedDate":"2026-01-21T16:44:56","isFullCredit":false},{"lineNumber":7,"author":{"gitId":"veermehta270"},"content":"    public Task(String description) {","lastModifiedDate":"2026-01-21T16:44:56","isFullCredit":false},{"lineNumber":8,"author":{"gitId":"veermehta270"},"content":"        this.description \u003d description;","lastModifiedDate":"2026-01-21T16:44:56","isFullCredit":false},{"lineNumber":9,"author":{"gitId":"veermehta270"},"content":"        isDone \u003d false;","lastModifiedDate":"2026-02-01T23:13:16","isFullCredit":false},{"lineNumber":10,"author":{"gitId":"veermehta270"},"content":"    }","lastModifiedDate":"2026-01-21T16:44:56","isFullCredit":false},{"lineNumber":11,"author":{"gitId":"veermehta270"},"content":"","lastModifiedDate":"2026-01-21T16:44:56","isFullCredit":false},{"lineNumber":12,"author":{"gitId":"veermehta270"},"content":"    public boolean isDone() {","lastModifiedDate":"2026-01-21T16:44:56","isFullCredit":false},{"lineNumber":13,"author":{"gitId":"veermehta270"},"content":"        return isDone;","lastModifiedDate":"2026-02-01T23:13:16","isFullCredit":false},{"lineNumber":14,"author":{"gitId":"veermehta270"},"content":"    }","lastModifiedDate":"2026-01-21T16:44:56","isFullCredit":false},{"lineNumber":15,"author":{"gitId":"veermehta270"},"content":"","lastModifiedDate":"2026-01-21T16:44:56","isFullCredit":false},{"lineNumber":16,"author":{"gitId":"veermehta270"},"content":"    public String getDescription() {","lastModifiedDate":"2026-01-21T16:44:56","isFullCredit":false},{"lineNumber":17,"author":{"gitId":"veermehta270"},"content":"        return description;","lastModifiedDate":"2026-01-21T16:44:56","isFullCredit":false},{"lineNumber":18,"author":{"gitId":"veermehta270"},"content":"    }","lastModifiedDate":"2026-01-21T16:44:56","isFullCredit":false},{"lineNumber":19,"author":{"gitId":"veermehta270"},"content":"","lastModifiedDate":"2026-01-21T16:44:56","isFullCredit":false},{"lineNumber":20,"author":{"gitId":"veermehta270"},"content":"    public void markAsDone() {","lastModifiedDate":"2026-01-21T16:44:56","isFullCredit":false},{"lineNumber":21,"author":{"gitId":"veermehta270"},"content":"        isDone \u003d true;","lastModifiedDate":"2026-02-01T23:13:16","isFullCredit":false},{"lineNumber":22,"author":{"gitId":"veermehta270"},"content":"    }","lastModifiedDate":"2026-01-21T16:44:56","isFullCredit":false},{"lineNumber":23,"author":{"gitId":"veermehta270"},"content":"","lastModifiedDate":"2026-01-21T16:44:56","isFullCredit":false},{"lineNumber":24,"author":{"gitId":"veermehta270"},"content":"","lastModifiedDate":"2026-01-21T16:44:56","isFullCredit":false},{"lineNumber":25,"author":{"gitId":"veermehta270"},"content":"    public void markAsNotDone() {","lastModifiedDate":"2026-01-21T16:44:56","isFullCredit":false},{"lineNumber":26,"author":{"gitId":"veermehta270"},"content":"        isDone \u003d false;","lastModifiedDate":"2026-02-01T23:13:16","isFullCredit":false},{"lineNumber":27,"author":{"gitId":"veermehta270"},"content":"    }","lastModifiedDate":"2026-01-21T16:44:56","isFullCredit":false},{"lineNumber":28,"author":{"gitId":"veermehta270"},"content":"","lastModifiedDate":"2026-01-21T16:44:56","isFullCredit":false},{"lineNumber":29,"author":{"gitId":"veermehta270"},"content":"    public String getStatusIcon() {","lastModifiedDate":"2026-01-21T16:44:56","isFullCredit":false},{"lineNumber":30,"author":{"gitId":"veermehta270"},"content":"        if (isDone) {","lastModifiedDate":"2026-02-01T23:13:16","isFullCredit":false},{"lineNumber":31,"author":{"gitId":"veermehta270"},"content":"            return \"[X]\";","lastModifiedDate":"2026-01-21T16:44:56","isFullCredit":false},{"lineNumber":32,"author":{"gitId":"veermehta270"},"content":"        } else {","lastModifiedDate":"2026-01-31T12:08:07","isFullCredit":false},{"lineNumber":33,"author":{"gitId":"veermehta270"},"content":"            return \"[ ]\";","lastModifiedDate":"2026-01-21T16:44:56","isFullCredit":false},{"lineNumber":34,"author":{"gitId":"veermehta270"},"content":"        }","lastModifiedDate":"2026-01-21T16:44:56","isFullCredit":false},{"lineNumber":35,"author":{"gitId":"veermehta270"},"content":"    }","lastModifiedDate":"2026-01-21T16:44:56","isFullCredit":false},{"lineNumber":36,"author":{"gitId":"veermehta270"},"content":"","lastModifiedDate":"2026-01-21T16:44:56","isFullCredit":false},{"lineNumber":37,"author":{"gitId":"veermehta270"},"content":"    @Override","lastModifiedDate":"2026-01-24T23:32:19","isFullCredit":false},{"lineNumber":38,"author":{"gitId":"veermehta270"},"content":"    public String toString() {","lastModifiedDate":"2026-01-24T23:32:19","isFullCredit":false},{"lineNumber":39,"author":{"gitId":"veermehta270"},"content":"        return getStatusIcon() + \" \" + getDescription().trim();","lastModifiedDate":"2026-02-01T23:13:16","isFullCredit":false},{"lineNumber":40,"author":{"gitId":"veermehta270"},"content":"    }","lastModifiedDate":"2026-01-24T23:32:19","isFullCredit":false},{"lineNumber":41,"author":{"gitId":"veermehta270"},"content":"","lastModifiedDate":"2026-01-24T23:32:19","isFullCredit":false},{"lineNumber":42,"author":{"gitId":"veermehta270"},"content":"}","lastModifiedDate":"2026-01-21T16:44:56","isFullCredit":false}],"authorContributionMap":{"veermehta270":42}},{"path":"src/main/java/katappa/task/Todo.java","fileType":"java","lines":[{"lineNumber":1,"author":{"gitId":"veermehta270"},"content":"package katappa.task;","lastModifiedDate":"2026-02-08T12:07:12","isFullCredit":false},{"lineNumber":2,"author":{"gitId":"veermehta270"},"content":"","lastModifiedDate":"2026-02-08T12:07:12","isFullCredit":false},{"lineNumber":3,"author":{"gitId":"veermehta270"},"content":"public class Todo extends Task {","lastModifiedDate":"2026-02-08T12:07:12","isFullCredit":false},{"lineNumber":4,"author":{"gitId":"veermehta270"},"content":"","lastModifiedDate":"2026-02-08T12:07:12","isFullCredit":false},{"lineNumber":5,"author":{"gitId":"veermehta270"},"content":"    public Todo(String description) {","lastModifiedDate":"2026-02-08T12:07:12","isFullCredit":false},{"lineNumber":6,"author":{"gitId":"veermehta270"},"content":"        super(description);","lastModifiedDate":"2026-02-08T12:07:12","isFullCredit":false},{"lineNumber":7,"author":{"gitId":"veermehta270"},"content":"    }","lastModifiedDate":"2026-02-08T12:07:12","isFullCredit":false},{"lineNumber":8,"author":{"gitId":"veermehta270"},"content":"","lastModifiedDate":"2026-02-08T12:07:12","isFullCredit":false},{"lineNumber":9,"author":{"gitId":"veermehta270"},"content":"    @Override","lastModifiedDate":"2026-02-08T12:07:12","isFullCredit":false},{"lineNumber":10,"author":{"gitId":"veermehta270"},"content":"    public String toString() {","lastModifiedDate":"2026-02-08T12:07:12","isFullCredit":false},{"lineNumber":11,"author":{"gitId":"veermehta270"},"content":"        return \"[T]\" + super.toString();","lastModifiedDate":"2026-02-08T12:07:12","isFullCredit":false},{"lineNumber":12,"author":{"gitId":"veermehta270"},"content":"    }","lastModifiedDate":"2026-02-08T12:07:12","isFullCredit":false},{"lineNumber":13,"author":{"gitId":"veermehta270"},"content":"","lastModifiedDate":"2026-02-08T12:07:12","isFullCredit":false},{"lineNumber":14,"author":{"gitId":"veermehta270"},"content":"","lastModifiedDate":"2026-02-08T12:07:12","isFullCredit":false},{"lineNumber":15,"author":{"gitId":"veermehta270"},"content":"}","lastModifiedDate":"2026-02-08T12:07:12","isFullCredit":false}],"authorContributionMap":{"veermehta270":15}},{"path":"text-ui-test/input.txt","fileType":"txt","lines":[{"lineNumber":1,"author":{"gitId":"veermehta270"},"content":"todo dance","lastModifiedDate":"2026-02-02T00:22:33","isFullCredit":false},{"lineNumber":2,"author":{"gitId":"veermehta270"},"content":"todo homework","lastModifiedDate":"2026-02-02T00:22:33","isFullCredit":false},{"lineNumber":3,"author":{"gitId":"veermehta270"},"content":"deadline assignment","lastModifiedDate":"2026-02-02T00:22:33","isFullCredit":false},{"lineNumber":4,"author":{"gitId":"veermehta270"},"content":"deadline assignment /by today","lastModifiedDate":"2026-02-02T00:22:33","isFullCredit":false},{"lineNumber":5,"author":{"gitId":"veermehta270"},"content":"list","lastModifiedDate":"2026-02-02T00:22:33","isFullCredit":false},{"lineNumber":6,"author":{"gitId":"veermehta270"},"content":"bye","lastModifiedDate":"2026-02-02T00:22:33","isFullCredit":false}],"authorContributionMap":{"veermehta270":6}},{"path":"text-ui-test/runtest.bat","fileType":"bat","lines":[{"lineNumber":1,"author":{"gitId":"-"},"content":"@ECHO OFF","lastModifiedDate":"2020-05-25T00:03:55","isFullCredit":false},{"lineNumber":2,"author":{"gitId":"-"},"content":"","lastModifiedDate":"2020-05-25T00:03:55","isFullCredit":false},{"lineNumber":3,"author":{"gitId":"-"},"content":"REM create bin directory if it doesn\u0027t exist","lastModifiedDate":"2020-05-25T00:03:55","isFullCredit":false},{"lineNumber":4,"author":{"gitId":"-"},"content":"if not exist ..\\bin mkdir ..\\bin","lastModifiedDate":"2020-05-25T00:03:55","isFullCredit":false},{"lineNumber":5,"author":{"gitId":"-"},"content":"","lastModifiedDate":"2020-05-25T00:03:55","isFullCredit":false},{"lineNumber":6,"author":{"gitId":"-"},"content":"REM delete output from previous run","lastModifiedDate":"2020-05-25T00:03:55","isFullCredit":false},{"lineNumber":7,"author":{"gitId":"-"},"content":"if exist ACTUAL.TXT del ACTUAL.TXT","lastModifiedDate":"2020-08-25T17:23:26","isFullCredit":false},{"lineNumber":8,"author":{"gitId":"-"},"content":"","lastModifiedDate":"2020-05-25T00:03:55","isFullCredit":false},{"lineNumber":9,"author":{"gitId":"-"},"content":"REM compile the code into the bin folder","lastModifiedDate":"2020-05-25T00:03:55","isFullCredit":false},{"lineNumber":10,"author":{"gitId":"-"},"content":"javac  -cp ..\\src\\main\\java -Xlint:none -d ..\\bin ..\\src\\main\\java\\*.java","lastModifiedDate":"2020-08-25T17:23:26","isFullCredit":false},{"lineNumber":11,"author":{"gitId":"-"},"content":"IF ERRORLEVEL 1 (","lastModifiedDate":"2020-05-25T00:03:55","isFullCredit":false},{"lineNumber":12,"author":{"gitId":"-"},"content":"    echo ********** BUILD FAILURE **********","lastModifiedDate":"2020-05-25T00:03:55","isFullCredit":false},{"lineNumber":13,"author":{"gitId":"-"},"content":"    exit /b 1","lastModifiedDate":"2020-05-25T00:03:55","isFullCredit":false},{"lineNumber":14,"author":{"gitId":"-"},"content":")","lastModifiedDate":"2020-05-25T00:03:55","isFullCredit":false},{"lineNumber":15,"author":{"gitId":"-"},"content":"REM no error here, errorlevel \u003d\u003d 0","lastModifiedDate":"2020-05-25T00:03:55","isFullCredit":false},{"lineNumber":16,"author":{"gitId":"-"},"content":"","lastModifiedDate":"2020-05-25T00:03:55","isFullCredit":false},{"lineNumber":17,"author":{"gitId":"-"},"content":"REM run the program, feed commands from input.txt file and redirect the output to the ACTUAL.TXT","lastModifiedDate":"2020-05-25T00:03:55","isFullCredit":false},{"lineNumber":18,"author":{"gitId":"veermehta270"},"content":"java -cp ..\\bin katappa.Katappa \u003c input.txt \u003e ACTUAL.TXT","lastModifiedDate":"2026-02-08T12:07:12","isFullCredit":false},{"lineNumber":19,"author":{"gitId":"-"},"content":"REM compare the output to the expected output","lastModifiedDate":"2020-05-25T00:03:55","isFullCredit":false},{"lineNumber":20,"author":{"gitId":"-"},"content":"FC ACTUAL.TXT EXPECTED.TXT","lastModifiedDate":"2020-05-25T00:03:55","isFullCredit":false}],"authorContributionMap":{"veermehta270":1,"-":19}}]
