[{"path":"src/main/java/CommandExecutor.java","fileType":"java","lines":[{"lineNumber":1,"author":{"gitId":"veermehta270"},"content":"public class CommandExecutor {","lastModifiedDate":"2026-01-31T12:07:16","isFullCredit":false},{"lineNumber":2,"author":{"gitId":"veermehta270"},"content":"","lastModifiedDate":"2026-01-31T12:07:16","isFullCredit":false},{"lineNumber":3,"author":{"gitId":"veermehta270"},"content":"    public static String execute(String commandType,","lastModifiedDate":"2026-01-31T12:07:16","isFullCredit":false},{"lineNumber":4,"author":{"gitId":"veermehta270"},"content":"                                 String input,","lastModifiedDate":"2026-01-31T12:07:16","isFullCredit":false},{"lineNumber":5,"author":{"gitId":"veermehta270"},"content":"                                 TaskManager taskManager,","lastModifiedDate":"2026-01-31T12:07:16","isFullCredit":false},{"lineNumber":6,"author":{"gitId":"veermehta270"},"content":"                                 Ui ui) throws KatappaException {","lastModifiedDate":"2026-01-31T12:07:16","isFullCredit":false},{"lineNumber":7,"author":{"gitId":"veermehta270"},"content":"","lastModifiedDate":"2026-01-31T12:07:16","isFullCredit":false},{"lineNumber":8,"author":{"gitId":"veermehta270"},"content":"        switch (commandType.toLowerCase()) {","lastModifiedDate":"2026-01-31T12:07:16","isFullCredit":false},{"lineNumber":9,"author":{"gitId":"veermehta270"},"content":"        case \"todo\":","lastModifiedDate":"2026-01-31T12:07:16","isFullCredit":false},{"lineNumber":10,"author":{"gitId":"veermehta270"},"content":"            //Fallthrough","lastModifiedDate":"2026-01-31T12:07:16","isFullCredit":false},{"lineNumber":11,"author":{"gitId":"veermehta270"},"content":"        case \"deadline\":","lastModifiedDate":"2026-01-31T12:07:16","isFullCredit":false},{"lineNumber":12,"author":{"gitId":"veermehta270"},"content":"            //Fallthrough","lastModifiedDate":"2026-01-31T12:07:16","isFullCredit":false},{"lineNumber":13,"author":{"gitId":"veermehta270"},"content":"        case \"event\":","lastModifiedDate":"2026-01-31T12:07:16","isFullCredit":false},{"lineNumber":14,"author":{"gitId":"veermehta270"},"content":"            Task newTask \u003d Parser.parseTask(commandType, input);","lastModifiedDate":"2026-01-31T12:07:16","isFullCredit":false},{"lineNumber":15,"author":{"gitId":"veermehta270"},"content":"","lastModifiedDate":"2026-01-31T12:07:16","isFullCredit":false},{"lineNumber":16,"author":{"gitId":"veermehta270"},"content":"            taskManager.addTask(newTask);","lastModifiedDate":"2026-01-31T12:07:16","isFullCredit":false},{"lineNumber":17,"author":{"gitId":"veermehta270"},"content":"","lastModifiedDate":"2026-01-31T12:07:16","isFullCredit":false},{"lineNumber":18,"author":{"gitId":"veermehta270"},"content":"            return \"As you command, My Lord. I have added:\\n\\t\" + newTask + \"\\n\\tNow you have \" +","lastModifiedDate":"2026-01-31T12:07:16","isFullCredit":false},{"lineNumber":19,"author":{"gitId":"veermehta270"},"content":"                    taskManager.getTotalTasks() + \" tasks.\";","lastModifiedDate":"2026-01-31T12:07:16","isFullCredit":false},{"lineNumber":20,"author":{"gitId":"veermehta270"},"content":"","lastModifiedDate":"2026-01-31T12:07:16","isFullCredit":false},{"lineNumber":21,"author":{"gitId":"veermehta270"},"content":"        case \"list\":","lastModifiedDate":"2026-01-31T12:07:16","isFullCredit":false},{"lineNumber":22,"author":{"gitId":"veermehta270"},"content":"            Task[] allTasks \u003d taskManager.getTaskList();","lastModifiedDate":"2026-01-31T12:07:16","isFullCredit":false},{"lineNumber":23,"author":{"gitId":"veermehta270"},"content":"            int count \u003d taskManager.getTotalTasks();","lastModifiedDate":"2026-01-31T12:07:16","isFullCredit":false},{"lineNumber":24,"author":{"gitId":"veermehta270"},"content":"            return ui.printTaskList(allTasks, count);","lastModifiedDate":"2026-01-31T12:07:16","isFullCredit":false},{"lineNumber":25,"author":{"gitId":"veermehta270"},"content":"","lastModifiedDate":"2026-01-31T12:07:16","isFullCredit":false},{"lineNumber":26,"author":{"gitId":"veermehta270"},"content":"        case \"mark\":","lastModifiedDate":"2026-01-31T12:07:16","isFullCredit":false},{"lineNumber":27,"author":{"gitId":"veermehta270"},"content":"            int markIndex \u003d Parser.parseIndex(input);","lastModifiedDate":"2026-01-31T12:07:16","isFullCredit":false},{"lineNumber":28,"author":{"gitId":"veermehta270"},"content":"            taskManager.markTaskAsDone(markIndex);","lastModifiedDate":"2026-01-31T12:07:16","isFullCredit":false},{"lineNumber":29,"author":{"gitId":"veermehta270"},"content":"            Task markedTask \u003d taskManager.getTask(markIndex);","lastModifiedDate":"2026-01-31T12:07:16","isFullCredit":false},{"lineNumber":30,"author":{"gitId":"veermehta270"},"content":"            return \"Nice! I\u0027ve marked this task as done:\\n\\t\" + markedTask;","lastModifiedDate":"2026-01-31T12:07:16","isFullCredit":false},{"lineNumber":31,"author":{"gitId":"veermehta270"},"content":"","lastModifiedDate":"2026-01-31T12:07:16","isFullCredit":false},{"lineNumber":32,"author":{"gitId":"veermehta270"},"content":"        case \"unmark\":","lastModifiedDate":"2026-01-31T12:07:16","isFullCredit":false},{"lineNumber":33,"author":{"gitId":"veermehta270"},"content":"            int unmarkIndex \u003d Parser.parseIndex(input);","lastModifiedDate":"2026-01-31T12:07:16","isFullCredit":false},{"lineNumber":34,"author":{"gitId":"veermehta270"},"content":"            taskManager.markTaskAsNotDone(unmarkIndex);","lastModifiedDate":"2026-01-31T12:07:16","isFullCredit":false},{"lineNumber":35,"author":{"gitId":"veermehta270"},"content":"            Task unmarkedTask \u003d taskManager.getTask(unmarkIndex);","lastModifiedDate":"2026-01-31T12:07:16","isFullCredit":false},{"lineNumber":36,"author":{"gitId":"veermehta270"},"content":"            return \"OK, I\u0027ve marked this task as not done yet:\\n\\t\" + unmarkedTask;","lastModifiedDate":"2026-01-31T12:07:16","isFullCredit":false},{"lineNumber":37,"author":{"gitId":"veermehta270"},"content":"","lastModifiedDate":"2026-01-31T12:07:16","isFullCredit":false},{"lineNumber":38,"author":{"gitId":"veermehta270"},"content":"        case \"bye\":","lastModifiedDate":"2026-01-31T12:07:16","isFullCredit":false},{"lineNumber":39,"author":{"gitId":"veermehta270"},"content":"            return \"Rest peacefully my Lord, Katappa\u0027s sword stays ready\\n\" + \"\\tfor your return.\";","lastModifiedDate":"2026-01-31T12:07:16","isFullCredit":false},{"lineNumber":40,"author":{"gitId":"veermehta270"},"content":"","lastModifiedDate":"2026-01-31T12:07:16","isFullCredit":false},{"lineNumber":41,"author":{"gitId":"veermehta270"},"content":"","lastModifiedDate":"2026-01-31T12:07:16","isFullCredit":false},{"lineNumber":42,"author":{"gitId":"veermehta270"},"content":"        default:","lastModifiedDate":"2026-01-31T12:07:16","isFullCredit":false},{"lineNumber":43,"author":{"gitId":"veermehta270"},"content":"            throw new KatappaException(\"I am confused, My Lord. What is \u0027\" + commandType + \"\u0027?\");","lastModifiedDate":"2026-01-31T12:07:16","isFullCredit":false},{"lineNumber":44,"author":{"gitId":"veermehta270"},"content":"        }","lastModifiedDate":"2026-01-31T12:07:16","isFullCredit":false},{"lineNumber":45,"author":{"gitId":"veermehta270"},"content":"    }","lastModifiedDate":"2026-01-31T12:07:16","isFullCredit":false},{"lineNumber":46,"author":{"gitId":"veermehta270"},"content":"}","lastModifiedDate":"2026-01-31T12:07:16","isFullCredit":false}],"authorContributionMap":{"veermehta270":46}},{"path":"src/main/java/Deadline.java","fileType":"java","lines":[{"lineNumber":1,"author":{"gitId":"veermehta270"},"content":"public class Deadline extends Task {","lastModifiedDate":"2026-01-24T23:44:43","isFullCredit":false},{"lineNumber":2,"author":{"gitId":"veermehta270"},"content":"","lastModifiedDate":"2026-01-24T23:44:43","isFullCredit":false},{"lineNumber":3,"author":{"gitId":"veermehta270"},"content":"    protected String by;","lastModifiedDate":"2026-01-24T23:44:43","isFullCredit":false},{"lineNumber":4,"author":{"gitId":"veermehta270"},"content":"","lastModifiedDate":"2026-01-24T23:44:43","isFullCredit":false},{"lineNumber":5,"author":{"gitId":"veermehta270"},"content":"    Deadline(String description, String by) {","lastModifiedDate":"2026-01-24T23:44:43","isFullCredit":false},{"lineNumber":6,"author":{"gitId":"veermehta270"},"content":"        super(description);","lastModifiedDate":"2026-01-24T23:44:43","isFullCredit":false},{"lineNumber":7,"author":{"gitId":"veermehta270"},"content":"        this.by \u003d by;","lastModifiedDate":"2026-01-24T23:44:43","isFullCredit":false},{"lineNumber":8,"author":{"gitId":"veermehta270"},"content":"    }","lastModifiedDate":"2026-01-24T23:44:43","isFullCredit":false},{"lineNumber":9,"author":{"gitId":"veermehta270"},"content":"","lastModifiedDate":"2026-01-24T23:44:43","isFullCredit":false},{"lineNumber":10,"author":{"gitId":"veermehta270"},"content":"    @Override","lastModifiedDate":"2026-01-24T23:44:43","isFullCredit":false},{"lineNumber":11,"author":{"gitId":"veermehta270"},"content":"    public String toString() {","lastModifiedDate":"2026-01-24T23:44:43","isFullCredit":false},{"lineNumber":12,"author":{"gitId":"veermehta270"},"content":"        return \"[D]\" + super.toString() + \" (by: \" + by.trim() + \")\";","lastModifiedDate":"2026-01-24T23:44:43","isFullCredit":false},{"lineNumber":13,"author":{"gitId":"veermehta270"},"content":"    }","lastModifiedDate":"2026-01-24T23:44:43","isFullCredit":false},{"lineNumber":14,"author":{"gitId":"veermehta270"},"content":"","lastModifiedDate":"2026-01-24T23:44:43","isFullCredit":false},{"lineNumber":15,"author":{"gitId":"veermehta270"},"content":"}","lastModifiedDate":"2026-01-24T23:44:43","isFullCredit":false}],"authorContributionMap":{"veermehta270":15}},{"path":"src/main/java/Event.java","fileType":"java","lines":[{"lineNumber":1,"author":{"gitId":"veermehta270"},"content":"public class Event extends Task {","lastModifiedDate":"2026-01-24T23:44:43","isFullCredit":false},{"lineNumber":2,"author":{"gitId":"veermehta270"},"content":"","lastModifiedDate":"2026-01-24T23:44:43","isFullCredit":false},{"lineNumber":3,"author":{"gitId":"veermehta270"},"content":"    protected String from;","lastModifiedDate":"2026-01-24T23:44:43","isFullCredit":false},{"lineNumber":4,"author":{"gitId":"veermehta270"},"content":"    protected String to;","lastModifiedDate":"2026-01-24T23:44:43","isFullCredit":false},{"lineNumber":5,"author":{"gitId":"veermehta270"},"content":"","lastModifiedDate":"2026-01-24T23:44:43","isFullCredit":false},{"lineNumber":6,"author":{"gitId":"veermehta270"},"content":"    Event(String description, String from, String to) {","lastModifiedDate":"2026-01-24T23:44:43","isFullCredit":false},{"lineNumber":7,"author":{"gitId":"veermehta270"},"content":"        super(description);","lastModifiedDate":"2026-01-24T23:44:43","isFullCredit":false},{"lineNumber":8,"author":{"gitId":"veermehta270"},"content":"        this.from \u003d from;","lastModifiedDate":"2026-01-24T23:44:43","isFullCredit":false},{"lineNumber":9,"author":{"gitId":"veermehta270"},"content":"        this.to \u003d to;","lastModifiedDate":"2026-01-24T23:44:43","isFullCredit":false},{"lineNumber":10,"author":{"gitId":"veermehta270"},"content":"    }","lastModifiedDate":"2026-01-24T23:44:43","isFullCredit":false},{"lineNumber":11,"author":{"gitId":"veermehta270"},"content":"","lastModifiedDate":"2026-01-24T23:44:43","isFullCredit":false},{"lineNumber":12,"author":{"gitId":"veermehta270"},"content":"    @Override","lastModifiedDate":"2026-01-24T23:44:43","isFullCredit":false},{"lineNumber":13,"author":{"gitId":"veermehta270"},"content":"    public String toString() {","lastModifiedDate":"2026-01-24T23:44:43","isFullCredit":false},{"lineNumber":14,"author":{"gitId":"veermehta270"},"content":"        return \"[E]\" + super.toString() + \" (from: \" + from.trim() + \" to: \" + to.trim() + \")\";","lastModifiedDate":"2026-01-24T23:44:43","isFullCredit":false},{"lineNumber":15,"author":{"gitId":"veermehta270"},"content":"    }","lastModifiedDate":"2026-01-24T23:44:43","isFullCredit":false},{"lineNumber":16,"author":{"gitId":"veermehta270"},"content":"}","lastModifiedDate":"2026-01-24T23:44:43","isFullCredit":false}],"authorContributionMap":{"veermehta270":16}},{"path":"src/main/java/Katappa.java","fileType":"java","lines":[{"lineNumber":1,"author":{"gitId":"veermehta270"},"content":"import java.util.Scanner;","lastModifiedDate":"2026-01-21T15:14:42","isFullCredit":false},{"lineNumber":2,"author":{"gitId":"veermehta270"},"content":"","lastModifiedDate":"2026-01-21T15:14:42","isFullCredit":false},{"lineNumber":3,"author":{"gitId":"veermehta270"},"content":"public class Katappa {","lastModifiedDate":"2026-01-17T20:48:23","isFullCredit":false},{"lineNumber":4,"author":{"gitId":"veermehta270"},"content":"","lastModifiedDate":"2026-01-21T15:14:42","isFullCredit":false},{"lineNumber":5,"author":{"gitId":"veermehta270"},"content":"    private static TaskManager taskManager;","lastModifiedDate":"2026-01-31T12:05:48","isFullCredit":false},{"lineNumber":6,"author":{"gitId":"veermehta270"},"content":"    private static Ui ui;","lastModifiedDate":"2026-01-31T12:05:48","isFullCredit":false},{"lineNumber":7,"author":{"gitId":"veermehta270"},"content":"","lastModifiedDate":"2026-01-21T16:44:56","isFullCredit":false},{"lineNumber":8,"author":{"gitId":"veermehta270"},"content":"","lastModifiedDate":"2026-01-24T23:44:43","isFullCredit":false},{"lineNumber":9,"author":{"gitId":"veermehta270"},"content":"    private static Task classifyTask(String input) {","lastModifiedDate":"2026-01-24T23:44:43","isFullCredit":false},{"lineNumber":10,"author":{"gitId":"veermehta270"},"content":"        String[] inputArray \u003d input.split(\" \");","lastModifiedDate":"2026-01-24T23:44:43","isFullCredit":false},{"lineNumber":11,"author":{"gitId":"veermehta270"},"content":"","lastModifiedDate":"2026-01-24T23:44:43","isFullCredit":false},{"lineNumber":12,"author":{"gitId":"veermehta270"},"content":"","lastModifiedDate":"2026-01-24T23:44:43","isFullCredit":false},{"lineNumber":13,"author":{"gitId":"veermehta270"},"content":"        if (inputArray[0].equalsIgnoreCase(\"todo\")) {","lastModifiedDate":"2026-01-24T23:44:43","isFullCredit":false},{"lineNumber":14,"author":{"gitId":"veermehta270"},"content":"            String description \u003d input.substring(4);","lastModifiedDate":"2026-01-25T01:06:15","isFullCredit":false},{"lineNumber":15,"author":{"gitId":"veermehta270"},"content":"            return new Todo(description);","lastModifiedDate":"2026-01-25T01:06:15","isFullCredit":false},{"lineNumber":16,"author":{"gitId":"veermehta270"},"content":"        } else if (inputArray[0].equalsIgnoreCase(\"deadline\")) {","lastModifiedDate":"2026-01-31T12:05:48","isFullCredit":false},{"lineNumber":17,"author":{"gitId":"veermehta270"},"content":"            int descriptionStartIndex \u003d 8;","lastModifiedDate":"2026-01-24T23:44:43","isFullCredit":false},{"lineNumber":18,"author":{"gitId":"veermehta270"},"content":"            int byIndex \u003d input.indexOf(\"/by\");","lastModifiedDate":"2026-01-24T23:44:43","isFullCredit":false},{"lineNumber":19,"author":{"gitId":"veermehta270"},"content":"            String description \u003d input.substring(descriptionStartIndex, byIndex);","lastModifiedDate":"2026-01-25T01:06:15","isFullCredit":false},{"lineNumber":20,"author":{"gitId":"veermehta270"},"content":"            String by \u003d input.substring(byIndex + 3);","lastModifiedDate":"2026-01-25T01:06:15","isFullCredit":false},{"lineNumber":21,"author":{"gitId":"veermehta270"},"content":"            return new Deadline(description, by);","lastModifiedDate":"2026-01-25T01:06:15","isFullCredit":false},{"lineNumber":22,"author":{"gitId":"veermehta270"},"content":"        } else if (inputArray[0].equalsIgnoreCase(\"event\")) {","lastModifiedDate":"2026-01-31T12:05:48","isFullCredit":false},{"lineNumber":23,"author":{"gitId":"veermehta270"},"content":"            int descriptionStartIndex \u003d 5;","lastModifiedDate":"2026-01-24T23:44:43","isFullCredit":false},{"lineNumber":24,"author":{"gitId":"veermehta270"},"content":"            int fromIndex \u003d input.indexOf(\"/from\");","lastModifiedDate":"2026-01-24T23:44:43","isFullCredit":false},{"lineNumber":25,"author":{"gitId":"veermehta270"},"content":"            int toIndex \u003d input.indexOf(\"/to\");","lastModifiedDate":"2026-01-24T23:44:43","isFullCredit":false},{"lineNumber":26,"author":{"gitId":"veermehta270"},"content":"            String description \u003d input.substring(descriptionStartIndex, fromIndex);","lastModifiedDate":"2026-01-25T01:06:15","isFullCredit":false},{"lineNumber":27,"author":{"gitId":"veermehta270"},"content":"            String from \u003d input.substring(fromIndex + 5, toIndex);","lastModifiedDate":"2026-01-25T01:06:15","isFullCredit":false},{"lineNumber":28,"author":{"gitId":"veermehta270"},"content":"            String to \u003d input.substring(toIndex + 3);","lastModifiedDate":"2026-01-25T01:06:15","isFullCredit":false},{"lineNumber":29,"author":{"gitId":"veermehta270"},"content":"            return new Event(description, from, to);","lastModifiedDate":"2026-01-25T01:06:15","isFullCredit":false},{"lineNumber":30,"author":{"gitId":"veermehta270"},"content":"        } else {","lastModifiedDate":"2026-01-31T12:05:48","isFullCredit":false},{"lineNumber":31,"author":{"gitId":"veermehta270"},"content":"            return new Task(input);","lastModifiedDate":"2026-01-24T23:44:43","isFullCredit":false},{"lineNumber":32,"author":{"gitId":"veermehta270"},"content":"        }","lastModifiedDate":"2026-01-24T23:44:43","isFullCredit":false},{"lineNumber":33,"author":{"gitId":"veermehta270"},"content":"    }","lastModifiedDate":"2026-01-21T15:14:42","isFullCredit":false},{"lineNumber":34,"author":{"gitId":"veermehta270"},"content":"","lastModifiedDate":"2026-01-21T15:14:42","isFullCredit":false},{"lineNumber":35,"author":{"gitId":"veermehta270"},"content":"    public static void main(String[] args) {","lastModifiedDate":"2026-01-17T20:48:23","isFullCredit":false},{"lineNumber":36,"author":{"gitId":"veermehta270"},"content":"","lastModifiedDate":"2026-01-17T20:48:23","isFullCredit":false},{"lineNumber":37,"author":{"gitId":"veermehta270"},"content":"        startUp();","lastModifiedDate":"2026-01-31T12:05:48","isFullCredit":false},{"lineNumber":38,"author":{"gitId":"veermehta270"},"content":"        runLoopUntilExit();","lastModifiedDate":"2026-01-31T12:05:48","isFullCredit":false},{"lineNumber":39,"author":{"gitId":"veermehta270"},"content":"","lastModifiedDate":"2026-01-21T15:24:14","isFullCredit":false},{"lineNumber":40,"author":{"gitId":"veermehta270"},"content":"    }","lastModifiedDate":"2026-01-31T12:05:48","isFullCredit":false},{"lineNumber":41,"author":{"gitId":"veermehta270"},"content":"","lastModifiedDate":"2026-01-25T01:06:15","isFullCredit":false},{"lineNumber":42,"author":{"gitId":"veermehta270"},"content":"","lastModifiedDate":"2026-01-24T17:06:07","isFullCredit":false},{"lineNumber":43,"author":{"gitId":"veermehta270"},"content":"    private static void startUp() {","lastModifiedDate":"2026-01-31T12:05:48","isFullCredit":false},{"lineNumber":44,"author":{"gitId":"veermehta270"},"content":"        taskManager \u003d new TaskManager();","lastModifiedDate":"2026-01-31T12:05:48","isFullCredit":false},{"lineNumber":45,"author":{"gitId":"veermehta270"},"content":"        ui \u003d new Ui();","lastModifiedDate":"2026-01-31T12:05:48","isFullCredit":false},{"lineNumber":46,"author":{"gitId":"veermehta270"},"content":"        ui.showWelcomeMessage();","lastModifiedDate":"2026-01-31T12:05:48","isFullCredit":false},{"lineNumber":47,"author":{"gitId":"veermehta270"},"content":"    }","lastModifiedDate":"2026-01-24T17:06:07","isFullCredit":false},{"lineNumber":48,"author":{"gitId":"veermehta270"},"content":"","lastModifiedDate":"2026-01-24T17:06:07","isFullCredit":false},{"lineNumber":49,"author":{"gitId":"veermehta270"},"content":"    private static void runLoopUntilExit() {","lastModifiedDate":"2026-01-31T12:05:48","isFullCredit":false},{"lineNumber":50,"author":{"gitId":"veermehta270"},"content":"        boolean isExit \u003d false;","lastModifiedDate":"2026-01-31T12:05:48","isFullCredit":false},{"lineNumber":51,"author":{"gitId":"veermehta270"},"content":"        while (!isExit) {","lastModifiedDate":"2026-01-31T12:05:48","isFullCredit":false},{"lineNumber":52,"author":{"gitId":"veermehta270"},"content":"            String input \u003d ui.readCommand();","lastModifiedDate":"2026-01-31T12:05:48","isFullCredit":false},{"lineNumber":53,"author":{"gitId":"veermehta270"},"content":"","lastModifiedDate":"2026-01-24T17:06:07","isFullCredit":false},{"lineNumber":54,"author":{"gitId":"veermehta270"},"content":"            String result \u003d runCommand(input);","lastModifiedDate":"2026-01-31T12:05:48","isFullCredit":false},{"lineNumber":55,"author":{"gitId":"veermehta270"},"content":"","lastModifiedDate":"2026-01-21T16:44:56","isFullCredit":false},{"lineNumber":56,"author":{"gitId":"veermehta270"},"content":"            ui.showResult(result);","lastModifiedDate":"2026-01-31T12:05:48","isFullCredit":false},{"lineNumber":57,"author":{"gitId":"veermehta270"},"content":"","lastModifiedDate":"2026-01-25T01:06:15","isFullCredit":false},{"lineNumber":58,"author":{"gitId":"veermehta270"},"content":"            isExit \u003d Parser.isSwitchOffCommand(input);","lastModifiedDate":"2026-01-31T12:05:48","isFullCredit":false},{"lineNumber":59,"author":{"gitId":"veermehta270"},"content":"","lastModifiedDate":"2026-01-21T16:44:56","isFullCredit":false},{"lineNumber":60,"author":{"gitId":"veermehta270"},"content":"        }","lastModifiedDate":"2026-01-21T16:44:56","isFullCredit":false},{"lineNumber":61,"author":{"gitId":"veermehta270"},"content":"    }","lastModifiedDate":"2026-01-21T15:24:14","isFullCredit":false},{"lineNumber":62,"author":{"gitId":"veermehta270"},"content":"","lastModifiedDate":"2026-01-25T01:06:15","isFullCredit":false},{"lineNumber":63,"author":{"gitId":"veermehta270"},"content":"    private static String runCommand(String input) {","lastModifiedDate":"2026-01-31T12:05:48","isFullCredit":false},{"lineNumber":64,"author":{"gitId":"veermehta270"},"content":"        try {","lastModifiedDate":"2026-01-31T12:05:48","isFullCredit":false},{"lineNumber":65,"author":{"gitId":"veermehta270"},"content":"            String commandType \u003d Parser.getCommandType(input);","lastModifiedDate":"2026-01-31T12:05:48","isFullCredit":false},{"lineNumber":66,"author":{"gitId":"veermehta270"},"content":"            return CommandExecutor.execute(commandType, input, taskManager, ui);","lastModifiedDate":"2026-01-31T12:05:48","isFullCredit":false},{"lineNumber":67,"author":{"gitId":"veermehta270"},"content":"        } catch (KatappaException e) {","lastModifiedDate":"2026-01-31T12:05:48","isFullCredit":false},{"lineNumber":68,"author":{"gitId":"veermehta270"},"content":"            return e.getMessage();","lastModifiedDate":"2026-01-31T12:05:48","isFullCredit":false},{"lineNumber":69,"author":{"gitId":"veermehta270"},"content":"        }","lastModifiedDate":"2026-01-25T01:06:15","isFullCredit":false},{"lineNumber":70,"author":{"gitId":"veermehta270"},"content":"    }","lastModifiedDate":"2026-01-21T15:14:42","isFullCredit":false},{"lineNumber":71,"author":{"gitId":"veermehta270"},"content":"","lastModifiedDate":"2026-01-21T15:14:42","isFullCredit":false},{"lineNumber":72,"author":{"gitId":"veermehta270"},"content":"","lastModifiedDate":"2026-01-21T16:44:56","isFullCredit":false},{"lineNumber":73,"author":{"gitId":"veermehta270"},"content":"}","lastModifiedDate":"2026-01-17T20:48:23","isFullCredit":false}],"authorContributionMap":{"veermehta270":73}},{"path":"src/main/java/KatappaException.java","fileType":"java","lines":[{"lineNumber":1,"author":{"gitId":"veermehta270"},"content":"public class KatappaException extends Exception {","lastModifiedDate":"2026-01-31T12:04:22","isFullCredit":false},{"lineNumber":2,"author":{"gitId":"veermehta270"},"content":"","lastModifiedDate":"2026-01-31T12:04:22","isFullCredit":false},{"lineNumber":3,"author":{"gitId":"veermehta270"},"content":"    public KatappaException(String message) {","lastModifiedDate":"2026-01-31T12:04:22","isFullCredit":false},{"lineNumber":4,"author":{"gitId":"veermehta270"},"content":"        super(message);","lastModifiedDate":"2026-01-31T12:04:22","isFullCredit":false},{"lineNumber":5,"author":{"gitId":"veermehta270"},"content":"    }","lastModifiedDate":"2026-01-31T12:04:22","isFullCredit":false},{"lineNumber":6,"author":{"gitId":"veermehta270"},"content":"}","lastModifiedDate":"2026-01-31T12:04:22","isFullCredit":false}],"authorContributionMap":{"veermehta270":6}},{"path":"src/main/java/Parser.java","fileType":"java","lines":[{"lineNumber":1,"author":{"gitId":"veermehta270"},"content":"public class Parser {","lastModifiedDate":"2026-01-31T12:07:16","isFullCredit":false},{"lineNumber":2,"author":{"gitId":"veermehta270"},"content":"","lastModifiedDate":"2026-01-31T12:07:16","isFullCredit":false},{"lineNumber":3,"author":{"gitId":"veermehta270"},"content":"","lastModifiedDate":"2026-01-31T12:07:16","isFullCredit":false},{"lineNumber":4,"author":{"gitId":"veermehta270"},"content":"    public static boolean isSwitchOffCommand(String input) {","lastModifiedDate":"2026-01-31T12:07:16","isFullCredit":false},{"lineNumber":5,"author":{"gitId":"veermehta270"},"content":"        return input.trim().equalsIgnoreCase(\"bye\");","lastModifiedDate":"2026-01-31T12:07:16","isFullCredit":false},{"lineNumber":6,"author":{"gitId":"veermehta270"},"content":"    }","lastModifiedDate":"2026-01-31T12:07:16","isFullCredit":false},{"lineNumber":7,"author":{"gitId":"veermehta270"},"content":"","lastModifiedDate":"2026-01-31T12:07:16","isFullCredit":false},{"lineNumber":8,"author":{"gitId":"veermehta270"},"content":"    public static String getCommandType(String input) {","lastModifiedDate":"2026-01-31T12:07:16","isFullCredit":false},{"lineNumber":9,"author":{"gitId":"veermehta270"},"content":"        return input.split(\" \")[0];","lastModifiedDate":"2026-01-31T12:07:16","isFullCredit":false},{"lineNumber":10,"author":{"gitId":"veermehta270"},"content":"    }","lastModifiedDate":"2026-01-31T12:07:16","isFullCredit":false},{"lineNumber":11,"author":{"gitId":"veermehta270"},"content":"","lastModifiedDate":"2026-01-31T12:07:16","isFullCredit":false},{"lineNumber":12,"author":{"gitId":"veermehta270"},"content":"    public static Task parseTask(String type, String input) throws KatappaException {","lastModifiedDate":"2026-01-31T12:07:16","isFullCredit":false},{"lineNumber":13,"author":{"gitId":"veermehta270"},"content":"        try {","lastModifiedDate":"2026-01-31T12:07:16","isFullCredit":false},{"lineNumber":14,"author":{"gitId":"veermehta270"},"content":"            if (type.equalsIgnoreCase(\"todo\")) {","lastModifiedDate":"2026-01-31T12:07:16","isFullCredit":false},{"lineNumber":15,"author":{"gitId":"veermehta270"},"content":"                return new Todo(input.substring(4).trim());","lastModifiedDate":"2026-01-31T12:07:16","isFullCredit":false},{"lineNumber":16,"author":{"gitId":"veermehta270"},"content":"            }","lastModifiedDate":"2026-01-31T12:07:16","isFullCredit":false},{"lineNumber":17,"author":{"gitId":"veermehta270"},"content":"","lastModifiedDate":"2026-01-31T12:07:16","isFullCredit":false},{"lineNumber":18,"author":{"gitId":"veermehta270"},"content":"            if (type.equalsIgnoreCase(\"deadline\")) {","lastModifiedDate":"2026-01-31T12:07:16","isFullCredit":false},{"lineNumber":19,"author":{"gitId":"veermehta270"},"content":"                int byIndex \u003d input.indexOf(\"/by\");","lastModifiedDate":"2026-01-31T12:07:16","isFullCredit":false},{"lineNumber":20,"author":{"gitId":"veermehta270"},"content":"                String description \u003d input.substring(8, byIndex).trim();","lastModifiedDate":"2026-01-31T12:07:16","isFullCredit":false},{"lineNumber":21,"author":{"gitId":"veermehta270"},"content":"                String by \u003d input.substring(byIndex + 3).trim();","lastModifiedDate":"2026-01-31T12:07:16","isFullCredit":false},{"lineNumber":22,"author":{"gitId":"veermehta270"},"content":"                return new Deadline(description, by);","lastModifiedDate":"2026-01-31T12:07:16","isFullCredit":false},{"lineNumber":23,"author":{"gitId":"veermehta270"},"content":"            }","lastModifiedDate":"2026-01-31T12:07:16","isFullCredit":false},{"lineNumber":24,"author":{"gitId":"veermehta270"},"content":"","lastModifiedDate":"2026-01-31T12:07:16","isFullCredit":false},{"lineNumber":25,"author":{"gitId":"veermehta270"},"content":"            if (type.equalsIgnoreCase(\"event\")) {","lastModifiedDate":"2026-01-31T12:07:16","isFullCredit":false},{"lineNumber":26,"author":{"gitId":"veermehta270"},"content":"                int fromIndex \u003d input.indexOf(\"/from\");","lastModifiedDate":"2026-01-31T12:07:16","isFullCredit":false},{"lineNumber":27,"author":{"gitId":"veermehta270"},"content":"                int toIndex \u003d input.indexOf(\"/to\");","lastModifiedDate":"2026-01-31T12:07:16","isFullCredit":false},{"lineNumber":28,"author":{"gitId":"veermehta270"},"content":"                String description \u003d input.substring(5, fromIndex).trim();","lastModifiedDate":"2026-01-31T12:07:16","isFullCredit":false},{"lineNumber":29,"author":{"gitId":"veermehta270"},"content":"                String from \u003d input.substring(fromIndex + 5, toIndex).trim();","lastModifiedDate":"2026-01-31T12:07:16","isFullCredit":false},{"lineNumber":30,"author":{"gitId":"veermehta270"},"content":"                String to \u003d input.substring(toIndex + 3).trim();","lastModifiedDate":"2026-01-31T12:07:16","isFullCredit":false},{"lineNumber":31,"author":{"gitId":"veermehta270"},"content":"                return new Event(description, from, to);","lastModifiedDate":"2026-01-31T12:07:16","isFullCredit":false},{"lineNumber":32,"author":{"gitId":"veermehta270"},"content":"            }","lastModifiedDate":"2026-01-31T12:07:16","isFullCredit":false},{"lineNumber":33,"author":{"gitId":"veermehta270"},"content":"","lastModifiedDate":"2026-01-31T12:07:16","isFullCredit":false},{"lineNumber":34,"author":{"gitId":"veermehta270"},"content":"","lastModifiedDate":"2026-01-31T12:07:16","isFullCredit":false},{"lineNumber":35,"author":{"gitId":"veermehta270"},"content":"        } catch (Exception e) {","lastModifiedDate":"2026-01-31T12:07:16","isFullCredit":false},{"lineNumber":36,"author":{"gitId":"veermehta270"},"content":"            throw new KatappaException(\"My Lord, your command for this \" + type + \" is incomplete!\");","lastModifiedDate":"2026-01-31T12:07:16","isFullCredit":false},{"lineNumber":37,"author":{"gitId":"veermehta270"},"content":"        }","lastModifiedDate":"2026-01-31T12:07:16","isFullCredit":false},{"lineNumber":38,"author":{"gitId":"veermehta270"},"content":"        return new Task(input);","lastModifiedDate":"2026-01-31T12:07:16","isFullCredit":false},{"lineNumber":39,"author":{"gitId":"veermehta270"},"content":"    }","lastModifiedDate":"2026-01-31T12:07:16","isFullCredit":false},{"lineNumber":40,"author":{"gitId":"veermehta270"},"content":"","lastModifiedDate":"2026-01-31T12:07:16","isFullCredit":false},{"lineNumber":41,"author":{"gitId":"veermehta270"},"content":"    public static int parseIndex(String input) throws KatappaException {","lastModifiedDate":"2026-01-31T12:07:16","isFullCredit":false},{"lineNumber":42,"author":{"gitId":"veermehta270"},"content":"        try {","lastModifiedDate":"2026-01-31T12:07:16","isFullCredit":false},{"lineNumber":43,"author":{"gitId":"veermehta270"},"content":"            String[] parts \u003d input.split(\" \");","lastModifiedDate":"2026-01-31T12:07:16","isFullCredit":false},{"lineNumber":44,"author":{"gitId":"veermehta270"},"content":"            return Integer.parseInt(parts[1]);","lastModifiedDate":"2026-01-31T12:07:16","isFullCredit":false},{"lineNumber":45,"author":{"gitId":"veermehta270"},"content":"        } catch (Exception e) {","lastModifiedDate":"2026-01-31T12:07:16","isFullCredit":false},{"lineNumber":46,"author":{"gitId":"veermehta270"},"content":"            throw new KatappaException(\"My Lord, please specify a valid task number (e.g mark 1)\");","lastModifiedDate":"2026-01-31T12:07:16","isFullCredit":false},{"lineNumber":47,"author":{"gitId":"veermehta270"},"content":"        }","lastModifiedDate":"2026-01-31T12:07:16","isFullCredit":false},{"lineNumber":48,"author":{"gitId":"veermehta270"},"content":"    }","lastModifiedDate":"2026-01-31T12:07:16","isFullCredit":false},{"lineNumber":49,"author":{"gitId":"veermehta270"},"content":"}","lastModifiedDate":"2026-01-31T12:07:16","isFullCredit":false},{"lineNumber":50,"author":{"gitId":"veermehta270"},"content":"","lastModifiedDate":"2026-01-31T12:07:16","isFullCredit":false},{"lineNumber":51,"author":{"gitId":"veermehta270"},"content":"","lastModifiedDate":"2026-01-31T12:07:16","isFullCredit":false},{"lineNumber":52,"author":{"gitId":"veermehta270"},"content":"","lastModifiedDate":"2026-01-31T12:07:16","isFullCredit":false}],"authorContributionMap":{"veermehta270":52}},{"path":"src/main/java/Task.java","fileType":"java","lines":[{"lineNumber":1,"author":{"gitId":"veermehta270"},"content":"public class Task {","lastModifiedDate":"2026-01-21T16:44:56","isFullCredit":false},{"lineNumber":2,"author":{"gitId":"veermehta270"},"content":"    protected String description;","lastModifiedDate":"2026-01-21T16:44:56","isFullCredit":false},{"lineNumber":3,"author":{"gitId":"veermehta270"},"content":"    protected boolean isDone;","lastModifiedDate":"2026-01-21T16:44:56","isFullCredit":false},{"lineNumber":4,"author":{"gitId":"veermehta270"},"content":"","lastModifiedDate":"2026-01-21T16:44:56","isFullCredit":false},{"lineNumber":5,"author":{"gitId":"veermehta270"},"content":"    public Task(String description) {","lastModifiedDate":"2026-01-21T16:44:56","isFullCredit":false},{"lineNumber":6,"author":{"gitId":"veermehta270"},"content":"        this.description \u003d description;","lastModifiedDate":"2026-01-21T16:44:56","isFullCredit":false},{"lineNumber":7,"author":{"gitId":"veermehta270"},"content":"        this.isDone \u003d false;","lastModifiedDate":"2026-01-21T16:44:56","isFullCredit":false},{"lineNumber":8,"author":{"gitId":"veermehta270"},"content":"    }","lastModifiedDate":"2026-01-21T16:44:56","isFullCredit":false},{"lineNumber":9,"author":{"gitId":"veermehta270"},"content":"","lastModifiedDate":"2026-01-21T16:44:56","isFullCredit":false},{"lineNumber":10,"author":{"gitId":"veermehta270"},"content":"    public boolean isDone() {","lastModifiedDate":"2026-01-21T16:44:56","isFullCredit":false},{"lineNumber":11,"author":{"gitId":"veermehta270"},"content":"        return this.isDone;","lastModifiedDate":"2026-01-21T16:44:56","isFullCredit":false},{"lineNumber":12,"author":{"gitId":"veermehta270"},"content":"    }","lastModifiedDate":"2026-01-21T16:44:56","isFullCredit":false},{"lineNumber":13,"author":{"gitId":"veermehta270"},"content":"","lastModifiedDate":"2026-01-21T16:44:56","isFullCredit":false},{"lineNumber":14,"author":{"gitId":"veermehta270"},"content":"    public String getDescription() {","lastModifiedDate":"2026-01-21T16:44:56","isFullCredit":false},{"lineNumber":15,"author":{"gitId":"veermehta270"},"content":"        return description;","lastModifiedDate":"2026-01-21T16:44:56","isFullCredit":false},{"lineNumber":16,"author":{"gitId":"veermehta270"},"content":"    }","lastModifiedDate":"2026-01-21T16:44:56","isFullCredit":false},{"lineNumber":17,"author":{"gitId":"veermehta270"},"content":"","lastModifiedDate":"2026-01-21T16:44:56","isFullCredit":false},{"lineNumber":18,"author":{"gitId":"veermehta270"},"content":"    public void markAsDone() {","lastModifiedDate":"2026-01-21T16:44:56","isFullCredit":false},{"lineNumber":19,"author":{"gitId":"veermehta270"},"content":"        this.isDone \u003d true;","lastModifiedDate":"2026-01-21T16:44:56","isFullCredit":false},{"lineNumber":20,"author":{"gitId":"veermehta270"},"content":"    }","lastModifiedDate":"2026-01-21T16:44:56","isFullCredit":false},{"lineNumber":21,"author":{"gitId":"veermehta270"},"content":"","lastModifiedDate":"2026-01-21T16:44:56","isFullCredit":false},{"lineNumber":22,"author":{"gitId":"veermehta270"},"content":"","lastModifiedDate":"2026-01-21T16:44:56","isFullCredit":false},{"lineNumber":23,"author":{"gitId":"veermehta270"},"content":"    public void markAsNotDone() {","lastModifiedDate":"2026-01-21T16:44:56","isFullCredit":false},{"lineNumber":24,"author":{"gitId":"veermehta270"},"content":"        this.isDone \u003d false;","lastModifiedDate":"2026-01-21T16:44:56","isFullCredit":false},{"lineNumber":25,"author":{"gitId":"veermehta270"},"content":"    }","lastModifiedDate":"2026-01-21T16:44:56","isFullCredit":false},{"lineNumber":26,"author":{"gitId":"veermehta270"},"content":"","lastModifiedDate":"2026-01-21T16:44:56","isFullCredit":false},{"lineNumber":27,"author":{"gitId":"veermehta270"},"content":"    public String getStatusIcon() {","lastModifiedDate":"2026-01-21T16:44:56","isFullCredit":false},{"lineNumber":28,"author":{"gitId":"veermehta270"},"content":"        if (this.isDone) {","lastModifiedDate":"2026-01-21T16:44:56","isFullCredit":false},{"lineNumber":29,"author":{"gitId":"veermehta270"},"content":"            return \"[X]\";","lastModifiedDate":"2026-01-21T16:44:56","isFullCredit":false},{"lineNumber":30,"author":{"gitId":"veermehta270"},"content":"        } else {","lastModifiedDate":"2026-01-31T12:08:07","isFullCredit":false},{"lineNumber":31,"author":{"gitId":"veermehta270"},"content":"            return \"[ ]\";","lastModifiedDate":"2026-01-21T16:44:56","isFullCredit":false},{"lineNumber":32,"author":{"gitId":"veermehta270"},"content":"        }","lastModifiedDate":"2026-01-21T16:44:56","isFullCredit":false},{"lineNumber":33,"author":{"gitId":"veermehta270"},"content":"    }","lastModifiedDate":"2026-01-21T16:44:56","isFullCredit":false},{"lineNumber":34,"author":{"gitId":"veermehta270"},"content":"","lastModifiedDate":"2026-01-21T16:44:56","isFullCredit":false},{"lineNumber":35,"author":{"gitId":"veermehta270"},"content":"    @Override","lastModifiedDate":"2026-01-24T23:32:19","isFullCredit":false},{"lineNumber":36,"author":{"gitId":"veermehta270"},"content":"    public String toString() {","lastModifiedDate":"2026-01-24T23:32:19","isFullCredit":false},{"lineNumber":37,"author":{"gitId":"veermehta270"},"content":"        return this.getStatusIcon() + \" \" + this.getDescription().trim();","lastModifiedDate":"2026-01-24T23:32:19","isFullCredit":false},{"lineNumber":38,"author":{"gitId":"veermehta270"},"content":"    }","lastModifiedDate":"2026-01-24T23:32:19","isFullCredit":false},{"lineNumber":39,"author":{"gitId":"veermehta270"},"content":"","lastModifiedDate":"2026-01-24T23:32:19","isFullCredit":false},{"lineNumber":40,"author":{"gitId":"veermehta270"},"content":"","lastModifiedDate":"2026-01-21T16:44:56","isFullCredit":false},{"lineNumber":41,"author":{"gitId":"veermehta270"},"content":"}","lastModifiedDate":"2026-01-21T16:44:56","isFullCredit":false}],"authorContributionMap":{"veermehta270":41}},{"path":"src/main/java/TaskManager.java","fileType":"java","lines":[{"lineNumber":1,"author":{"gitId":"veermehta270"},"content":"public class TaskManager {","lastModifiedDate":"2026-01-31T12:05:04","isFullCredit":false},{"lineNumber":2,"author":{"gitId":"veermehta270"},"content":"","lastModifiedDate":"2026-01-31T12:05:04","isFullCredit":false},{"lineNumber":3,"author":{"gitId":"veermehta270"},"content":"    public static int MAX_NUMBER_OF_TASKS \u003d 100;","lastModifiedDate":"2026-01-31T12:05:04","isFullCredit":false},{"lineNumber":4,"author":{"gitId":"veermehta270"},"content":"    private Task[] taskList \u003d new Task[MAX_NUMBER_OF_TASKS];","lastModifiedDate":"2026-01-31T12:05:04","isFullCredit":false},{"lineNumber":5,"author":{"gitId":"veermehta270"},"content":"    private int totalTasks \u003d 0;","lastModifiedDate":"2026-01-31T12:05:04","isFullCredit":false},{"lineNumber":6,"author":{"gitId":"veermehta270"},"content":"","lastModifiedDate":"2026-01-31T12:05:04","isFullCredit":false},{"lineNumber":7,"author":{"gitId":"veermehta270"},"content":"","lastModifiedDate":"2026-01-31T12:05:04","isFullCredit":false},{"lineNumber":8,"author":{"gitId":"veermehta270"},"content":"    public void addTask(Task task) {","lastModifiedDate":"2026-01-31T12:05:04","isFullCredit":false},{"lineNumber":9,"author":{"gitId":"veermehta270"},"content":"        taskList[totalTasks] \u003d task;","lastModifiedDate":"2026-01-31T12:05:04","isFullCredit":false},{"lineNumber":10,"author":{"gitId":"veermehta270"},"content":"        totalTasks++;","lastModifiedDate":"2026-01-31T12:05:04","isFullCredit":false},{"lineNumber":11,"author":{"gitId":"veermehta270"},"content":"    }","lastModifiedDate":"2026-01-31T12:05:04","isFullCredit":false},{"lineNumber":12,"author":{"gitId":"veermehta270"},"content":"","lastModifiedDate":"2026-01-31T12:05:04","isFullCredit":false},{"lineNumber":13,"author":{"gitId":"veermehta270"},"content":"    public int getTotalTasks() {","lastModifiedDate":"2026-01-31T12:05:04","isFullCredit":false},{"lineNumber":14,"author":{"gitId":"veermehta270"},"content":"        return totalTasks;","lastModifiedDate":"2026-01-31T12:05:04","isFullCredit":false},{"lineNumber":15,"author":{"gitId":"veermehta270"},"content":"    }","lastModifiedDate":"2026-01-31T12:05:04","isFullCredit":false},{"lineNumber":16,"author":{"gitId":"veermehta270"},"content":"","lastModifiedDate":"2026-01-31T12:05:04","isFullCredit":false},{"lineNumber":17,"author":{"gitId":"veermehta270"},"content":"    public void markTaskAsDone(int inputIndex) throws KatappaException {","lastModifiedDate":"2026-01-31T12:05:04","isFullCredit":false},{"lineNumber":18,"author":{"gitId":"veermehta270"},"content":"","lastModifiedDate":"2026-01-31T12:05:04","isFullCredit":false},{"lineNumber":19,"author":{"gitId":"veermehta270"},"content":"        validateIndex(inputIndex);","lastModifiedDate":"2026-01-31T12:05:04","isFullCredit":false},{"lineNumber":20,"author":{"gitId":"veermehta270"},"content":"","lastModifiedDate":"2026-01-31T12:05:04","isFullCredit":false},{"lineNumber":21,"author":{"gitId":"veermehta270"},"content":"        Task task \u003d taskList[inputIndex - 1];","lastModifiedDate":"2026-01-31T12:05:04","isFullCredit":false},{"lineNumber":22,"author":{"gitId":"veermehta270"},"content":"        if (task.isDone()) {","lastModifiedDate":"2026-01-31T12:05:04","isFullCredit":false},{"lineNumber":23,"author":{"gitId":"veermehta270"},"content":"            throw new KatappaException(\"My Lord, this task is already marked as done!\");","lastModifiedDate":"2026-01-31T12:05:04","isFullCredit":false},{"lineNumber":24,"author":{"gitId":"veermehta270"},"content":"        }","lastModifiedDate":"2026-01-31T12:05:04","isFullCredit":false},{"lineNumber":25,"author":{"gitId":"veermehta270"},"content":"","lastModifiedDate":"2026-01-31T12:05:04","isFullCredit":false},{"lineNumber":26,"author":{"gitId":"veermehta270"},"content":"        task.markAsDone();","lastModifiedDate":"2026-01-31T12:05:04","isFullCredit":false},{"lineNumber":27,"author":{"gitId":"veermehta270"},"content":"","lastModifiedDate":"2026-01-31T12:05:04","isFullCredit":false},{"lineNumber":28,"author":{"gitId":"veermehta270"},"content":"    }","lastModifiedDate":"2026-01-31T12:05:04","isFullCredit":false},{"lineNumber":29,"author":{"gitId":"veermehta270"},"content":"","lastModifiedDate":"2026-01-31T12:05:04","isFullCredit":false},{"lineNumber":30,"author":{"gitId":"veermehta270"},"content":"    public void markTaskAsNotDone(int inputIndex) throws KatappaException {","lastModifiedDate":"2026-01-31T12:05:04","isFullCredit":false},{"lineNumber":31,"author":{"gitId":"veermehta270"},"content":"","lastModifiedDate":"2026-01-31T12:05:04","isFullCredit":false},{"lineNumber":32,"author":{"gitId":"veermehta270"},"content":"        validateIndex(inputIndex);","lastModifiedDate":"2026-01-31T12:05:04","isFullCredit":false},{"lineNumber":33,"author":{"gitId":"veermehta270"},"content":"","lastModifiedDate":"2026-01-31T12:05:04","isFullCredit":false},{"lineNumber":34,"author":{"gitId":"veermehta270"},"content":"        Task task \u003d taskList[inputIndex - 1];","lastModifiedDate":"2026-01-31T12:05:04","isFullCredit":false},{"lineNumber":35,"author":{"gitId":"veermehta270"},"content":"        if (!task.isDone()) {","lastModifiedDate":"2026-01-31T12:05:04","isFullCredit":false},{"lineNumber":36,"author":{"gitId":"veermehta270"},"content":"            throw new KatappaException(\"My Lord, this task is already marked as not done!\");","lastModifiedDate":"2026-01-31T12:05:04","isFullCredit":false},{"lineNumber":37,"author":{"gitId":"veermehta270"},"content":"        }","lastModifiedDate":"2026-01-31T12:05:04","isFullCredit":false},{"lineNumber":38,"author":{"gitId":"veermehta270"},"content":"","lastModifiedDate":"2026-01-31T12:05:04","isFullCredit":false},{"lineNumber":39,"author":{"gitId":"veermehta270"},"content":"        task.markAsNotDone();","lastModifiedDate":"2026-01-31T12:05:04","isFullCredit":false},{"lineNumber":40,"author":{"gitId":"veermehta270"},"content":"","lastModifiedDate":"2026-01-31T12:05:04","isFullCredit":false},{"lineNumber":41,"author":{"gitId":"veermehta270"},"content":"    }","lastModifiedDate":"2026-01-31T12:05:04","isFullCredit":false},{"lineNumber":42,"author":{"gitId":"veermehta270"},"content":"","lastModifiedDate":"2026-01-31T12:05:04","isFullCredit":false},{"lineNumber":43,"author":{"gitId":"veermehta270"},"content":"    private void validateIndex(int inputIndex) throws KatappaException {","lastModifiedDate":"2026-01-31T12:05:04","isFullCredit":false},{"lineNumber":44,"author":{"gitId":"veermehta270"},"content":"        if (totalTasks \u003d\u003d 0) {","lastModifiedDate":"2026-01-31T12:05:04","isFullCredit":false},{"lineNumber":45,"author":{"gitId":"veermehta270"},"content":"            throw new KatappaException(\"There are no tasks yet My Lord. Please add tasks.\");","lastModifiedDate":"2026-01-31T12:05:04","isFullCredit":false},{"lineNumber":46,"author":{"gitId":"veermehta270"},"content":"        }","lastModifiedDate":"2026-01-31T12:05:04","isFullCredit":false},{"lineNumber":47,"author":{"gitId":"veermehta270"},"content":"        if (inputIndex \u003c\u003d 0 || inputIndex \u003e totalTasks) {","lastModifiedDate":"2026-01-31T12:05:04","isFullCredit":false},{"lineNumber":48,"author":{"gitId":"veermehta270"},"content":"            throw new KatappaException(","lastModifiedDate":"2026-01-31T12:05:04","isFullCredit":false},{"lineNumber":49,"author":{"gitId":"veermehta270"},"content":"                    \"My Lord, task number \" + inputIndex + \" is out of range. You have \" + totalTasks + \" tasks.\");","lastModifiedDate":"2026-01-31T12:05:04","isFullCredit":false},{"lineNumber":50,"author":{"gitId":"veermehta270"},"content":"        }","lastModifiedDate":"2026-01-31T12:05:04","isFullCredit":false},{"lineNumber":51,"author":{"gitId":"veermehta270"},"content":"    }","lastModifiedDate":"2026-01-31T12:05:04","isFullCredit":false},{"lineNumber":52,"author":{"gitId":"veermehta270"},"content":"","lastModifiedDate":"2026-01-31T12:05:04","isFullCredit":false},{"lineNumber":53,"author":{"gitId":"veermehta270"},"content":"    public Task[] getTaskList() {","lastModifiedDate":"2026-01-31T12:05:04","isFullCredit":false},{"lineNumber":54,"author":{"gitId":"veermehta270"},"content":"        return taskList;","lastModifiedDate":"2026-01-31T12:05:04","isFullCredit":false},{"lineNumber":55,"author":{"gitId":"veermehta270"},"content":"    }","lastModifiedDate":"2026-01-31T12:05:04","isFullCredit":false},{"lineNumber":56,"author":{"gitId":"veermehta270"},"content":"","lastModifiedDate":"2026-01-31T12:05:04","isFullCredit":false},{"lineNumber":57,"author":{"gitId":"veermehta270"},"content":"    public Task getTask(int index) {","lastModifiedDate":"2026-01-31T12:05:04","isFullCredit":false},{"lineNumber":58,"author":{"gitId":"veermehta270"},"content":"        return taskList[index - 1];","lastModifiedDate":"2026-01-31T12:05:04","isFullCredit":false},{"lineNumber":59,"author":{"gitId":"veermehta270"},"content":"    }","lastModifiedDate":"2026-01-31T12:05:04","isFullCredit":false},{"lineNumber":60,"author":{"gitId":"veermehta270"},"content":"}","lastModifiedDate":"2026-01-31T12:05:04","isFullCredit":false}],"authorContributionMap":{"veermehta270":60}},{"path":"src/main/java/Todo.java","fileType":"java","lines":[{"lineNumber":1,"author":{"gitId":"veermehta270"},"content":"public class Todo extends Task {","lastModifiedDate":"2026-01-24T23:44:43","isFullCredit":false},{"lineNumber":2,"author":{"gitId":"veermehta270"},"content":"","lastModifiedDate":"2026-01-24T23:44:43","isFullCredit":false},{"lineNumber":3,"author":{"gitId":"veermehta270"},"content":"    public Todo(String description) {","lastModifiedDate":"2026-01-24T23:44:43","isFullCredit":false},{"lineNumber":4,"author":{"gitId":"veermehta270"},"content":"        super(description);","lastModifiedDate":"2026-01-24T23:44:43","isFullCredit":false},{"lineNumber":5,"author":{"gitId":"veermehta270"},"content":"    }","lastModifiedDate":"2026-01-24T23:44:43","isFullCredit":false},{"lineNumber":6,"author":{"gitId":"veermehta270"},"content":"","lastModifiedDate":"2026-01-24T23:44:43","isFullCredit":false},{"lineNumber":7,"author":{"gitId":"veermehta270"},"content":"    @Override","lastModifiedDate":"2026-01-24T23:44:43","isFullCredit":false},{"lineNumber":8,"author":{"gitId":"veermehta270"},"content":"    public String toString() {","lastModifiedDate":"2026-01-24T23:44:43","isFullCredit":false},{"lineNumber":9,"author":{"gitId":"veermehta270"},"content":"        return \"[T]\" + super.toString();","lastModifiedDate":"2026-01-24T23:44:43","isFullCredit":false},{"lineNumber":10,"author":{"gitId":"veermehta270"},"content":"    }","lastModifiedDate":"2026-01-24T23:44:43","isFullCredit":false},{"lineNumber":11,"author":{"gitId":"veermehta270"},"content":"","lastModifiedDate":"2026-01-24T23:44:43","isFullCredit":false},{"lineNumber":12,"author":{"gitId":"veermehta270"},"content":"","lastModifiedDate":"2026-01-24T23:44:43","isFullCredit":false},{"lineNumber":13,"author":{"gitId":"veermehta270"},"content":"}","lastModifiedDate":"2026-01-24T23:44:43","isFullCredit":false}],"authorContributionMap":{"veermehta270":13}},{"path":"src/main/java/Ui.java","fileType":"java","lines":[{"lineNumber":1,"author":{"gitId":"veermehta270"},"content":"import java.util.Scanner;","lastModifiedDate":"2026-01-31T12:07:16","isFullCredit":false},{"lineNumber":2,"author":{"gitId":"veermehta270"},"content":"","lastModifiedDate":"2026-01-31T12:07:16","isFullCredit":false},{"lineNumber":3,"author":{"gitId":"veermehta270"},"content":"public class Ui {","lastModifiedDate":"2026-01-31T12:07:16","isFullCredit":false},{"lineNumber":4,"author":{"gitId":"veermehta270"},"content":"","lastModifiedDate":"2026-01-31T12:07:16","isFullCredit":false},{"lineNumber":5,"author":{"gitId":"veermehta270"},"content":"    // These are constants, so we use \u0027static final\u0027 and Uppercase","lastModifiedDate":"2026-01-31T12:07:16","isFullCredit":false},{"lineNumber":6,"author":{"gitId":"veermehta270"},"content":"    public static final String NAME \u003d \"Katappa\";","lastModifiedDate":"2026-01-31T12:07:16","isFullCredit":false},{"lineNumber":7,"author":{"gitId":"veermehta270"},"content":"    public static final String LINE \u003d \"\u003d\u003d\u003d\u003d\u003d\u003d\u003d\u003d\u003d\u003d\u003d\u003d\u003d\u003d\u003d\u003d\u003d\u003d\u003d\u003d\u003d\u003d\u003d\u003d\u003d\u003d\u003d\u003d\u003d\u003d\u003d\u003d\u003d\u003d\u003d\u003d\u003d\";","lastModifiedDate":"2026-01-31T12:07:16","isFullCredit":false},{"lineNumber":8,"author":{"gitId":"veermehta270"},"content":"    public static final String SPECIAL_LINE \u003d \"+\u003d+\u003d+\u003d+\u003d+\u003d+\u003d+\u003d+\u003d+\u003d+\u003d+\u003d+\u003d+\u003d+\u003d+\u003d+\u003d+\u003d+\u003d+\";","lastModifiedDate":"2026-01-31T12:07:16","isFullCredit":false},{"lineNumber":9,"author":{"gitId":"veermehta270"},"content":"","lastModifiedDate":"2026-01-31T12:07:16","isFullCredit":false},{"lineNumber":10,"author":{"gitId":"veermehta270"},"content":"    private final Scanner scanner;","lastModifiedDate":"2026-01-31T12:07:16","isFullCredit":false},{"lineNumber":11,"author":{"gitId":"veermehta270"},"content":"","lastModifiedDate":"2026-01-31T12:07:16","isFullCredit":false},{"lineNumber":12,"author":{"gitId":"veermehta270"},"content":"    public Ui() {","lastModifiedDate":"2026-01-31T12:07:16","isFullCredit":false},{"lineNumber":13,"author":{"gitId":"veermehta270"},"content":"        this.scanner \u003d new Scanner(System.in);","lastModifiedDate":"2026-01-31T12:07:16","isFullCredit":false},{"lineNumber":14,"author":{"gitId":"veermehta270"},"content":"    }","lastModifiedDate":"2026-01-31T12:07:16","isFullCredit":false},{"lineNumber":15,"author":{"gitId":"veermehta270"},"content":"","lastModifiedDate":"2026-01-31T12:07:16","isFullCredit":false},{"lineNumber":16,"author":{"gitId":"veermehta270"},"content":"    public String readCommand() {","lastModifiedDate":"2026-01-31T12:07:16","isFullCredit":false},{"lineNumber":17,"author":{"gitId":"veermehta270"},"content":"        return scanner.nextLine().trim();","lastModifiedDate":"2026-01-31T12:07:16","isFullCredit":false},{"lineNumber":18,"author":{"gitId":"veermehta270"},"content":"    }","lastModifiedDate":"2026-01-31T12:07:16","isFullCredit":false},{"lineNumber":19,"author":{"gitId":"veermehta270"},"content":"","lastModifiedDate":"2026-01-31T12:07:16","isFullCredit":false},{"lineNumber":20,"author":{"gitId":"veermehta270"},"content":"    public void printInBox(String message) {","lastModifiedDate":"2026-01-31T12:07:16","isFullCredit":false},{"lineNumber":21,"author":{"gitId":"veermehta270"},"content":"        System.out.println(\"\\t\" + LINE);","lastModifiedDate":"2026-01-31T12:07:16","isFullCredit":false},{"lineNumber":22,"author":{"gitId":"veermehta270"},"content":"        System.out.println(\"\\t\" + message);","lastModifiedDate":"2026-01-31T12:07:16","isFullCredit":false},{"lineNumber":23,"author":{"gitId":"veermehta270"},"content":"        System.out.println(\"\\t\" + LINE);","lastModifiedDate":"2026-01-31T12:07:16","isFullCredit":false},{"lineNumber":24,"author":{"gitId":"veermehta270"},"content":"    }","lastModifiedDate":"2026-01-31T12:07:16","isFullCredit":false},{"lineNumber":25,"author":{"gitId":"veermehta270"},"content":"","lastModifiedDate":"2026-01-31T12:07:16","isFullCredit":false},{"lineNumber":26,"author":{"gitId":"veermehta270"},"content":"    public void showWelcomeMessage() {","lastModifiedDate":"2026-01-31T12:07:16","isFullCredit":false},{"lineNumber":27,"author":{"gitId":"veermehta270"},"content":"        String welcome \u003d \"Namaste! My Lord, I\u0027m \" + NAME + \", your loyal servant.\\n\" +","lastModifiedDate":"2026-01-31T12:07:16","isFullCredit":false},{"lineNumber":28,"author":{"gitId":"veermehta270"},"content":"                \"\\tMy sword and my service are yours. How shall I assist you today?\";","lastModifiedDate":"2026-01-31T12:07:16","isFullCredit":false},{"lineNumber":29,"author":{"gitId":"veermehta270"},"content":"        printInBox(welcome);","lastModifiedDate":"2026-01-31T12:07:16","isFullCredit":false},{"lineNumber":30,"author":{"gitId":"veermehta270"},"content":"    }","lastModifiedDate":"2026-01-31T12:07:16","isFullCredit":false},{"lineNumber":31,"author":{"gitId":"veermehta270"},"content":"","lastModifiedDate":"2026-01-31T12:07:16","isFullCredit":false},{"lineNumber":32,"author":{"gitId":"veermehta270"},"content":"    // This is useful for your CommandExecutor to call!","lastModifiedDate":"2026-01-31T12:07:16","isFullCredit":false},{"lineNumber":33,"author":{"gitId":"veermehta270"},"content":"    public void showResult(String result) {","lastModifiedDate":"2026-01-31T12:07:16","isFullCredit":false},{"lineNumber":34,"author":{"gitId":"veermehta270"},"content":"        printInBox(result);","lastModifiedDate":"2026-01-31T12:07:16","isFullCredit":false},{"lineNumber":35,"author":{"gitId":"veermehta270"},"content":"    }","lastModifiedDate":"2026-01-31T12:07:16","isFullCredit":false},{"lineNumber":36,"author":{"gitId":"veermehta270"},"content":"","lastModifiedDate":"2026-01-31T12:07:16","isFullCredit":false},{"lineNumber":37,"author":{"gitId":"veermehta270"},"content":"","lastModifiedDate":"2026-01-31T12:07:16","isFullCredit":false},{"lineNumber":38,"author":{"gitId":"veermehta270"},"content":"    public String printTaskList(Task[] allTasks, int count) {","lastModifiedDate":"2026-01-31T12:07:16","isFullCredit":false},{"lineNumber":39,"author":{"gitId":"veermehta270"},"content":"        if (count \u003d\u003d 0) {","lastModifiedDate":"2026-01-31T12:07:16","isFullCredit":false},{"lineNumber":40,"author":{"gitId":"veermehta270"},"content":"            return \"The scroll is empty, My Lord. No tasks found.\";","lastModifiedDate":"2026-01-31T12:07:16","isFullCredit":false},{"lineNumber":41,"author":{"gitId":"veermehta270"},"content":"        }","lastModifiedDate":"2026-01-31T12:07:16","isFullCredit":false},{"lineNumber":42,"author":{"gitId":"veermehta270"},"content":"","lastModifiedDate":"2026-01-31T12:07:16","isFullCredit":false},{"lineNumber":43,"author":{"gitId":"veermehta270"},"content":"        String listMessage \u003d \"Here are the tasks in your scroll, My Lord:\\n\";","lastModifiedDate":"2026-01-31T12:07:16","isFullCredit":false},{"lineNumber":44,"author":{"gitId":"veermehta270"},"content":"","lastModifiedDate":"2026-01-31T12:07:16","isFullCredit":false},{"lineNumber":45,"author":{"gitId":"veermehta270"},"content":"        for (int i \u003d 0; i \u003c count; i++) {","lastModifiedDate":"2026-01-31T12:07:16","isFullCredit":false},{"lineNumber":46,"author":{"gitId":"veermehta270"},"content":"            // Add the task line: e.g., \"1. [T][ ] read book\"","lastModifiedDate":"2026-01-31T12:07:16","isFullCredit":false},{"lineNumber":47,"author":{"gitId":"veermehta270"},"content":"            listMessage +\u003d \"\\t\" + (i + 1) + \". \" + allTasks[i];","lastModifiedDate":"2026-01-31T12:07:16","isFullCredit":false},{"lineNumber":48,"author":{"gitId":"veermehta270"},"content":"","lastModifiedDate":"2026-01-31T12:07:16","isFullCredit":false},{"lineNumber":49,"author":{"gitId":"veermehta270"},"content":"            // Only add a newline if it\u0027s NOT the last task","lastModifiedDate":"2026-01-31T12:07:16","isFullCredit":false},{"lineNumber":50,"author":{"gitId":"veermehta270"},"content":"            if (i \u003c count - 1) {","lastModifiedDate":"2026-01-31T12:07:16","isFullCredit":false},{"lineNumber":51,"author":{"gitId":"veermehta270"},"content":"                listMessage +\u003d \"\\n\";","lastModifiedDate":"2026-01-31T12:07:16","isFullCredit":false},{"lineNumber":52,"author":{"gitId":"veermehta270"},"content":"            }","lastModifiedDate":"2026-01-31T12:07:16","isFullCredit":false},{"lineNumber":53,"author":{"gitId":"veermehta270"},"content":"        }","lastModifiedDate":"2026-01-31T12:07:16","isFullCredit":false},{"lineNumber":54,"author":{"gitId":"veermehta270"},"content":"","lastModifiedDate":"2026-01-31T12:07:16","isFullCredit":false},{"lineNumber":55,"author":{"gitId":"veermehta270"},"content":"        return listMessage;","lastModifiedDate":"2026-01-31T12:07:16","isFullCredit":false},{"lineNumber":56,"author":{"gitId":"veermehta270"},"content":"    }","lastModifiedDate":"2026-01-31T12:07:16","isFullCredit":false},{"lineNumber":57,"author":{"gitId":"veermehta270"},"content":"","lastModifiedDate":"2026-01-31T12:07:16","isFullCredit":false},{"lineNumber":58,"author":{"gitId":"veermehta270"},"content":"","lastModifiedDate":"2026-01-31T12:07:16","isFullCredit":false},{"lineNumber":59,"author":{"gitId":"veermehta270"},"content":"}","lastModifiedDate":"2026-01-31T12:07:16","isFullCredit":false}],"authorContributionMap":{"veermehta270":59}}]
