{"authorDailyContributionsMap":{"veermehta270":[{"date":"2026-01-24T00:00:00","commitResults":[{"hash":"03b12a679e595d3d3fd59a8e738a2076b5e4a976","isMergeCommit":false,"messageTitle":"Name chatbot as Katappa and give greeting message","messageBody":"","tags":["Level-0"],"fileTypesAndContributionMap":{"java":{"insertions":18,"deletions":10}}},{"hash":"d5d1784eae7ca9c53204661793af702863b088b0","isMergeCommit":false,"messageTitle":"Implement Echo functionality","messageBody":"","tags":["Level-1"],"fileTypesAndContributionMap":{"java":{"insertions":32,"deletions":10}}},{"hash":"7d79cba52736d5445d501589c82c0eaa3cde396e","isMergeCommit":false,"messageTitle":"Add Task and List functionality","messageBody":"","tags":["Level-2"],"fileTypesAndContributionMap":{"java":{"insertions":27,"deletions":6}}},{"hash":"296bad997e79861ba76a36145316bf9621fb39d3","isMergeCommit":false,"messageTitle":"Add Mark and Unmark functionality","messageBody":"Create a new class named Task which represents the tasks assigned.\nUse task object to store, mark or unmark tasks assigned.\n","fileTypesAndContributionMap":{"java":{"insertions":130,"deletions":8}}},{"hash":"6cfb92363a767db782278c7a999eaa9843f1616e","isMergeCommit":false,"messageTitle":"Remove extra lines from empty list response","messageBody":"","fileTypesAndContributionMap":{"java":{"insertions":6,"deletions":4}}},{"hash":"2cdf713330a4781636d230ccf22376d3b5d9fb88","isMergeCommit":false,"messageTitle":"Add functionality to handle blank inputs by showing error message","messageBody":"","tags":["Level-3"],"fileTypesAndContributionMap":{"java":{"insertions":11,"deletions":2}}},{"hash":"c36eab2907e2c63a16147c3d8c8dc8595dade103","isMergeCommit":false,"messageTitle":"Add toString() method to the Task class","messageBody":"","fileTypesAndContributionMap":{"java":{"insertions":6,"deletions":1}}},{"hash":"17d4c16d0a19e9b5f1539b67515b8493782d4069","isMergeCommit":false,"messageTitle":"Replace getters with the toString method of Task class","messageBody":"","fileTypesAndContributionMap":{"java":{"insertions":4,"deletions":4}}},{"hash":"f1309e7e438b0c0ca446cfece391efc660036282","isMergeCommit":false,"messageTitle":"Add functionality to support Todo, Deadline and Event Tasks","messageBody":"Add classes new classes Todo, Deadline and Event as extension of Task class, each having slightly different functionality. Add classifyTask function which helps in recognising Task type and creating corresponding class object\n","fileTypesAndContributionMap":{"java":{"insertions":86,"deletions":3}}}]},{"date":"2026-01-25T00:00:00","commitResults":[{"hash":"14f3ab5b7d37c367425d85a4cfc666a4d9c97dcd","isMergeCommit":false,"messageTitle":"Improve the code quality, structure code logically, make happy path prominent","messageBody":"","tags":["Level-4"],"fileTypesAndContributionMap":{"java":{"insertions":36,"deletions":35}}}]},{"date":"2026-01-31T00:00:00","commitResults":[{"hash":"e0fc2f8d0670a7843928b51d0c1437d4010548a6","isMergeCommit":false,"messageTitle":"Add KatappaException to handle exceptions and output custom error messages","messageBody":"","fileTypesAndContributionMap":{"java":{"insertions":6,"deletions":0}}},{"hash":"9ca1a51c6858018a7de1769fa081d1e0cc4a942c","isMergeCommit":false,"messageTitle":"Add TaskManager to support SLAP data flow","messageBody":"","fileTypesAndContributionMap":{"java":{"insertions":60,"deletions":0}}},{"hash":"bd84ad694cbecba2b4ad2a9cec50aa9c64473986","isMergeCommit":false,"messageTitle":"refactor: clean up Katappa main loop using SLAP principles","messageBody":"","tags":["A-CodeQuality"],"fileTypesAndContributionMap":{"java":{"insertions":34,"deletions":155}}},{"hash":"a5d9bae0116a0013c3dcbb54935267e5e708d4c0","isMergeCommit":false,"messageTitle":"Add Ui, Parser and Executor class for better abstraction and implementation of SLAP","messageBody":"","fileTypesAndContributionMap":{"java":{"insertions":157,"deletions":0}}},{"hash":"312b2029216e47a55868379c5d2f4bd669150fa5","isMergeCommit":false,"messageTitle":"Edit code to follow coding standards","messageBody":"","fileTypesAndContributionMap":{"java":{"insertions":2,"deletions":6}}}]},{"date":"2026-02-01T00:00:00","commitResults":[{"hash":"c2eaa1a2a88e83191fdb90bcd02c704ebf75ca26","isMergeCommit":false,"messageTitle":"Remove unnecessary use of \u0027this\u0027 and remove one line toString methods","messageBody":"","tags":["A-CodingStandard"],"fileTypesAndContributionMap":{"java":{"insertions":9,"deletions":7}}}]},{"date":"2026-02-02T00:00:00","commitResults":[{"hash":"56130762465950e97188210758b4b0ac9406029d","isMergeCommit":false,"messageTitle":"Add text-ui-testing increment and change tabs to 4 spaces in printing output","messageBody":"","tags":["A-TextUiTesting"],"fileTypesAndContributionMap":{"txt":{"insertions":6,"deletions":0},"java":{"insertions":11,"deletions":11},"bat":{"insertions":1,"deletions":2}}}]},{"date":"2026-02-04T00:00:00","commitResults":[{"hash":"199f0374ffbb21e47752dee2f60fdb181140695a","isMergeCommit":false,"messageTitle":"Add task specific error messages","messageBody":"","fileTypesAndContributionMap":{"java":{"insertions":13,"deletions":0}}},{"hash":"b2e311080c287b01f49c2eedae3dbc87aaea7bb7","isMergeCommit":false,"messageTitle":"Remove redundant method in Katappa.java and follow coding standards in CommandExecutor","messageBody":"","fileTypesAndContributionMap":{"java":{"insertions":4,"deletions":32}}},{"hash":"27a5b155e7e8ddf97e4a0b6a21ce4f86a3ca5104","isMergeCommit":false,"messageTitle":"Add another catch in order to catch and throw the task specific exceptions","messageBody":"","fileTypesAndContributionMap":{"java":{"insertions":3,"deletions":1}}},{"hash":"d00b33dcdfc70fd83d7ce10e01729a960e3f886d","isMergeCommit":true,"messageTitle":"Merge branch \u0027branch-Level-5\u0027","messageBody":"","fileTypesAndContributionMap":{}},{"hash":"bbbee7dde4bbc73e8a90fa262a802479ffdeef37","isMergeCommit":false,"messageTitle":"Classify classes into respective packages","messageBody":"","fileTypesAndContributionMap":{"java":{"insertions":60,"deletions":34}}},{"hash":"644e796cd76cba0dd27f8b5a317be3badb5f4243","isMergeCommit":true,"messageTitle":"Merge branch \u0027refactor-packages\u0027","messageBody":"","tags":["A-Packages"],"fileTypesAndContributionMap":{}}]}]},"authorFileTypeContributionMap":{"veermehta270":{"java":396,"md":0,"fxml":0,"sh":0,"bat":1,"gradle":0,"txt":6}},"authorContributionVariance":{"veermehta270":11060.148},"authorDisplayNameMap":{"veermehta270":"CS2113-W13-1 MEHT..YESH"}}
