{"authorDailyContributionsMap":{"gzc-ceg":[{"date":"2026-01-28T00:00:00","commitResults":[{"hash":"7153b52f3f073a83a8caa52178f948f1468378e9","isMergeCommit":false,"messageTitle":"Rename, Greet, Exit","messageBody":"","tags":["Level-0"],"fileTypesAndContributionMap":{"java":{"insertions":14,"deletions":10}}},{"hash":"a0402173e4c51da5f39569dbc20ce21a8028da6b","isMergeCommit":false,"messageTitle":"Echo","messageBody":"","fileTypesAndContributionMap":{"java":{"insertions":21,"deletions":4}}},{"hash":"885a8aff60966b2548ef588899429dba70ff0804","isMergeCommit":false,"messageTitle":"Add to List","messageBody":"","tags":["Level-2"],"fileTypesAndContributionMap":{"java":{"insertions":19,"deletions":7}}}]},{"date":"2026-01-30T00:00:00","commitResults":[{"hash":"76e01dc800cb8f773036136294366abad006ae08","isMergeCommit":false,"messageTitle":"Add to List","messageBody":"","fileTypesAndContributionMap":{"java":{"insertions":48,"deletions":4}}},{"hash":"b1dcf5c3b19322f678c792a9eef90d0614bf73bc","isMergeCommit":false,"messageTitle":"Mark as Done","messageBody":"","tags":["Level-3"],"fileTypesAndContributionMap":{"java":{"insertions":48,"deletions":4}}}]},{"date":"2026-02-04T00:00:00","commitResults":[{"hash":"633bccab425e5690151d3f694c00c5b5e2a0d5ef","isMergeCommit":false,"messageTitle":"ToDos, Events, Deadlines","messageBody":"","tags":["Level-4"],"fileTypesAndContributionMap":{"java":{"insertions":105,"deletions":17}}}]},{"date":"2026-02-05T00:00:00","commitResults":[{"hash":"b58b6be7ca6206a39c06cd1b68210daf5905c8b2","isMergeCommit":false,"messageTitle":"Automated Text UI Testing","messageBody":"","tags":["A-TextUiTesting"],"fileTypesAndContributionMap":{"txt":{"insertions":7,"deletions":0},"java":{"insertions":1,"deletions":1},"bat":{"insertions":3,"deletions":2}}}]}]},"authorFileTypeContributionMap":{"gzc-ceg":{"java":175,"md":0,"fxml":0,"sh":0,"bat":3,"gradle":0,"txt":7}},"authorContributionVariance":{"gzc-ceg":999.1875},"authorDisplayNameMap":{"gzc-ceg":"CS2113-W13-3 GUO ..HENG"}}
