{"authorDailyContributionsMap":{"alsonsim":[{"date":"2026-01-23T00:00:00","commitResults":[{"hash":"4e676de1c5dd82a55cfb7c881e810a5f1280edff","isMergeCommit":false,"messageTitle":"Rename Duke to Deo and implement Level-0","messageBody":"","tags":["Level-0"],"fileTypesAndContributionMap":{"java":{"insertions":11,"deletions":0}}}]},{"date":"2026-01-27T00:00:00","commitResults":[{"hash":"246d31ee04a2b35f716356b24a766498ad3d0d98","isMergeCommit":false,"messageTitle":"Level 1. Echo, Improved Deo so that they will echo","messageBody":"","tags":["Level-1"],"fileTypesAndContributionMap":{"java":{"insertions":18,"deletions":12}}},{"hash":"cc8c9b6b23751145baaf6cafe030eb0b45dcabb8","isMergeCommit":false,"messageTitle":"Level 2. Add, List","messageBody":"","tags":["Level-2"],"fileTypesAndContributionMap":{"java":{"insertions":31,"deletions":9}}},{"hash":"1c48f1784c93dc1a1b132ce7c8c25297e4198804","isMergeCommit":false,"messageTitle":"Level 3 Mark as Done","messageBody":"","tags":["Level-3"],"fileTypesAndContributionMap":{"java":{"insertions":82,"deletions":11}}}]},{"date":"2026-02-04T00:00:00","commitResults":[{"hash":"4b3e73eca98eec2185b066c92dd05948d71d9a2c","isMergeCommit":false,"messageTitle":"Level 4. Todos, Events, Deadline","messageBody":"","tags":["Level-4"],"fileTypesAndContributionMap":{"java":{"insertions":153,"deletions":38}}},{"hash":"00f56048228693fde40a7e6b34aeb1a1c0f2a970","isMergeCommit":false,"messageTitle":"A-TextUiTesting","messageBody":"","tags":["A-TextUiTesting","A-CodingStandard","A-CodeQuality"],"fileTypesAndContributionMap":{"txt":{"insertions":5,"deletions":0},"bat":{"insertions":1,"deletions":1}}}]}]},"authorFileTypeContributionMap":{"alsonsim":{"java":235,"md":0,"fxml":0,"sh":0,"bat":1,"gradle":0,"txt":5}},"authorContributionVariance":{"alsonsim":2250.6917},"authorDisplayNameMap":{"alsonsim":"CS2113-T10-3 SIM ..LSON"}}
