[{"path":"README.md","fileType":"md","lines":[{"lineNumber":1,"author":{"gitId":"woshiweiha0"},"content":"# Spike project template","lastModifiedDate":"2026-01-20T02:35:23","isFullCredit":false},{"lineNumber":2,"author":{"gitId":"-"},"content":"","lastModifiedDate":"2020-05-25T00:03:55","isFullCredit":false},{"lineNumber":3,"author":{"gitId":"-"},"content":"This is a project template for a greenfield Java project. It\u0027s named after the Java mascot _Duke_. Given below are instructions on how to use it.","lastModifiedDate":"2020-05-25T00:03:55","isFullCredit":false},{"lineNumber":4,"author":{"gitId":"-"},"content":"","lastModifiedDate":"2020-05-25T00:03:55","isFullCredit":false},{"lineNumber":5,"author":{"gitId":"-"},"content":"## Setting up in Intellij","lastModifiedDate":"2020-05-25T00:03:55","isFullCredit":false},{"lineNumber":6,"author":{"gitId":"-"},"content":"","lastModifiedDate":"2020-05-25T00:03:55","isFullCredit":false},{"lineNumber":7,"author":{"gitId":"-"},"content":"Prerequisites: JDK 17, update Intellij to the most recent version.","lastModifiedDate":"2024-07-11T16:50:14","isFullCredit":false},{"lineNumber":8,"author":{"gitId":"-"},"content":"","lastModifiedDate":"2020-05-25T00:03:55","isFullCredit":false},{"lineNumber":9,"author":{"gitId":"-"},"content":"1. Open Intellij (if you are not in the welcome screen, click `File` \u003e `Close Project` to close the existing project first)","lastModifiedDate":"2021-01-17T12:25:53","isFullCredit":false},{"lineNumber":10,"author":{"gitId":"-"},"content":"1. Open the project into Intellij as follows:","lastModifiedDate":"2021-01-17T12:25:53","isFullCredit":false},{"lineNumber":11,"author":{"gitId":"-"},"content":"   1. Click `Open`.","lastModifiedDate":"2021-01-17T12:25:53","isFullCredit":false},{"lineNumber":12,"author":{"gitId":"-"},"content":"   1. Select the project directory, and click `OK`.","lastModifiedDate":"2021-01-17T12:25:53","isFullCredit":false},{"lineNumber":13,"author":{"gitId":"-"},"content":"   1. If there are any further prompts, accept the defaults.","lastModifiedDate":"2020-05-25T00:03:55","isFullCredit":false},{"lineNumber":14,"author":{"gitId":"-"},"content":"1. Configure the project to use **JDK 17** (not other versions) as explained in [here](https://www.jetbrains.com/help/idea/sdk.html#set-up-jdk).\u003cbr\u003e","lastModifiedDate":"2024-07-11T16:50:14","isFullCredit":false},{"lineNumber":15,"author":{"gitId":"-"},"content":"   In the same dialog, set the **Project language level** field to the `SDK default` option.","lastModifiedDate":"2021-07-29T20:29:39","isFullCredit":false},{"lineNumber":16,"author":{"gitId":"woshiweiha0"},"content":"1. After that, locate the `src/main/java/Spike.java` file, right-click it, and choose `Run Spike.main()` (if the code editor is showing compile errors, try restarting the IDE). If the setup is correct, you should see something like the below as the output:","lastModifiedDate":"2026-01-20T02:35:23","isFullCredit":false},{"lineNumber":17,"author":{"gitId":"-"},"content":"   ```","lastModifiedDate":"2020-05-25T00:03:55","isFullCredit":false},{"lineNumber":18,"author":{"gitId":"-"},"content":"   Hello from","lastModifiedDate":"2020-05-25T00:03:55","isFullCredit":false},{"lineNumber":19,"author":{"gitId":"-"},"content":"    ____        _        ","lastModifiedDate":"2020-05-25T00:03:55","isFullCredit":false},{"lineNumber":20,"author":{"gitId":"-"},"content":"   |  _ \\ _   _| | _____ ","lastModifiedDate":"2020-05-25T00:03:55","isFullCredit":false},{"lineNumber":21,"author":{"gitId":"-"},"content":"   | | | | | | | |/ / _ \\","lastModifiedDate":"2020-05-25T00:03:55","isFullCredit":false},{"lineNumber":22,"author":{"gitId":"-"},"content":"   | |_| | |_| |   \u003c  __/","lastModifiedDate":"2020-05-25T00:03:55","isFullCredit":false},{"lineNumber":23,"author":{"gitId":"-"},"content":"   |____/ \\__,_|_|\\_\\___|","lastModifiedDate":"2020-05-25T00:03:55","isFullCredit":false},{"lineNumber":24,"author":{"gitId":"-"},"content":"   ```","lastModifiedDate":"2020-05-25T00:03:55","isFullCredit":false},{"lineNumber":25,"author":{"gitId":"-"},"content":"","lastModifiedDate":"2025-01-04T21:44:28","isFullCredit":false},{"lineNumber":26,"author":{"gitId":"-"},"content":"**Warning:** Keep the `src\\main\\java` folder as the root folder for Java files (i.e., don\u0027t rename those folders or move Java files to another folder outside of this folder path), as this is the default location some tools (e.g., Gradle) expect to find Java files.","lastModifiedDate":"2025-01-04T21:44:28","isFullCredit":false}],"authorContributionMap":{"woshiweiha0":2,"-":24}},{"path":"docs/README.md","fileType":"md","lines":[{"lineNumber":1,"author":{"gitId":"woshiweiha0"},"content":"# Spike User Guide","lastModifiedDate":"2026-01-20T02:35:23","isFullCredit":false},{"lineNumber":2,"author":{"gitId":"-"},"content":"","lastModifiedDate":"2019-07-29T17:14:46","isFullCredit":false},{"lineNumber":3,"author":{"gitId":"-"},"content":"// Update the title above to match the actual product name","lastModifiedDate":"2024-01-07T18:33:52","isFullCredit":false},{"lineNumber":4,"author":{"gitId":"-"},"content":"","lastModifiedDate":"2019-07-29T17:14:46","isFullCredit":false},{"lineNumber":5,"author":{"gitId":"-"},"content":"// Product screenshot goes here","lastModifiedDate":"2024-01-07T18:33:52","isFullCredit":false},{"lineNumber":6,"author":{"gitId":"-"},"content":"","lastModifiedDate":"2021-07-17T16:49:07","isFullCredit":false},{"lineNumber":7,"author":{"gitId":"-"},"content":"// Product intro goes here","lastModifiedDate":"2024-01-07T18:33:52","isFullCredit":false},{"lineNumber":8,"author":{"gitId":"-"},"content":"","lastModifiedDate":"2021-07-17T16:49:07","isFullCredit":false},{"lineNumber":9,"author":{"gitId":"-"},"content":"## Adding deadlines","lastModifiedDate":"2024-01-07T18:33:52","isFullCredit":false},{"lineNumber":10,"author":{"gitId":"-"},"content":"","lastModifiedDate":"2021-07-17T16:49:07","isFullCredit":false},{"lineNumber":11,"author":{"gitId":"-"},"content":"// Describe the action and its outcome.","lastModifiedDate":"2024-01-07T18:33:52","isFullCredit":false},{"lineNumber":12,"author":{"gitId":"-"},"content":"","lastModifiedDate":"2019-07-29T17:14:46","isFullCredit":false},{"lineNumber":13,"author":{"gitId":"-"},"content":"// Give examples of usage","lastModifiedDate":"2024-01-07T18:33:52","isFullCredit":false},{"lineNumber":14,"author":{"gitId":"-"},"content":"","lastModifiedDate":"2019-07-29T17:14:46","isFullCredit":false},{"lineNumber":15,"author":{"gitId":"-"},"content":"Example: `keyword (optional arguments)`","lastModifiedDate":"2024-01-07T18:33:52","isFullCredit":false},{"lineNumber":16,"author":{"gitId":"-"},"content":"","lastModifiedDate":"2019-07-29T17:14:46","isFullCredit":false},{"lineNumber":17,"author":{"gitId":"-"},"content":"// A description of the expected outcome goes here","lastModifiedDate":"2024-01-07T18:33:52","isFullCredit":false},{"lineNumber":18,"author":{"gitId":"-"},"content":"","lastModifiedDate":"2019-07-29T17:14:46","isFullCredit":false},{"lineNumber":19,"author":{"gitId":"-"},"content":"```","lastModifiedDate":"2024-01-07T18:33:52","isFullCredit":false},{"lineNumber":20,"author":{"gitId":"-"},"content":"expected output","lastModifiedDate":"2024-01-07T18:33:52","isFullCredit":false},{"lineNumber":21,"author":{"gitId":"-"},"content":"```","lastModifiedDate":"2024-01-07T18:33:52","isFullCredit":false},{"lineNumber":22,"author":{"gitId":"-"},"content":"","lastModifiedDate":"2019-07-29T17:14:46","isFullCredit":false},{"lineNumber":23,"author":{"gitId":"-"},"content":"## Feature ABC","lastModifiedDate":"2024-01-07T18:33:52","isFullCredit":false},{"lineNumber":24,"author":{"gitId":"-"},"content":"","lastModifiedDate":"2019-07-29T17:14:46","isFullCredit":false},{"lineNumber":25,"author":{"gitId":"-"},"content":"// Feature details","lastModifiedDate":"2024-01-07T18:33:52","isFullCredit":false},{"lineNumber":26,"author":{"gitId":"-"},"content":"","lastModifiedDate":"2019-07-29T17:14:46","isFullCredit":false},{"lineNumber":27,"author":{"gitId":"-"},"content":"","lastModifiedDate":"2021-07-17T16:49:07","isFullCredit":false},{"lineNumber":28,"author":{"gitId":"-"},"content":"## Feature XYZ","lastModifiedDate":"2024-01-07T18:33:52","isFullCredit":false},{"lineNumber":29,"author":{"gitId":"-"},"content":"","lastModifiedDate":"2024-01-07T18:33:52","isFullCredit":false},{"lineNumber":30,"author":{"gitId":"-"},"content":"// Feature details","lastModifiedDate":"2024-01-07T18:33:52","isFullCredit":false}],"authorContributionMap":{"woshiweiha0":1,"-":29}},{"path":"src/main/java/Deadline.java","fileType":"java","lines":[{"lineNumber":1,"author":{"gitId":"woshiweiha0"},"content":"/**","lastModifiedDate":"2026-02-03T02:33:17","isFullCredit":false},{"lineNumber":2,"author":{"gitId":"woshiweiha0"},"content":" * Represents a Deadline task.","lastModifiedDate":"2026-02-03T02:33:17","isFullCredit":false},{"lineNumber":3,"author":{"gitId":"woshiweiha0"},"content":" * A Deadline must be completed by a certain time.","lastModifiedDate":"2026-02-03T02:33:17","isFullCredit":false},{"lineNumber":4,"author":{"gitId":"woshiweiha0"},"content":" */","lastModifiedDate":"2026-02-03T02:33:17","isFullCredit":false},{"lineNumber":5,"author":{"gitId":"woshiweiha0"},"content":"public class Deadline extends Task {","lastModifiedDate":"2026-02-03T01:15:22","isFullCredit":false},{"lineNumber":6,"author":{"gitId":"woshiweiha0"},"content":"    protected String by;    // Deadline time (treated as a string)","lastModifiedDate":"2026-02-03T02:33:17","isFullCredit":false},{"lineNumber":7,"author":{"gitId":"woshiweiha0"},"content":"","lastModifiedDate":"2026-02-03T01:15:22","isFullCredit":false},{"lineNumber":8,"author":{"gitId":"woshiweiha0"},"content":"    public Deadline(String description, String by) {","lastModifiedDate":"2026-02-03T01:15:22","isFullCredit":false},{"lineNumber":9,"author":{"gitId":"woshiweiha0"},"content":"        super(description);","lastModifiedDate":"2026-02-03T01:15:22","isFullCredit":false},{"lineNumber":10,"author":{"gitId":"woshiweiha0"},"content":"        this.by \u003d by;","lastModifiedDate":"2026-02-03T01:15:22","isFullCredit":false},{"lineNumber":11,"author":{"gitId":"woshiweiha0"},"content":"    }","lastModifiedDate":"2026-02-03T01:15:22","isFullCredit":false},{"lineNumber":12,"author":{"gitId":"woshiweiha0"},"content":"","lastModifiedDate":"2026-02-03T01:15:22","isFullCredit":false},{"lineNumber":13,"author":{"gitId":"woshiweiha0"},"content":"    // Includes the deadline time","lastModifiedDate":"2026-02-03T02:33:17","isFullCredit":false},{"lineNumber":14,"author":{"gitId":"woshiweiha0"},"content":"    @Override","lastModifiedDate":"2026-02-03T01:15:22","isFullCredit":false},{"lineNumber":15,"author":{"gitId":"woshiweiha0"},"content":"    public String toString() {","lastModifiedDate":"2026-02-03T01:15:22","isFullCredit":false},{"lineNumber":16,"author":{"gitId":"woshiweiha0"},"content":"        return \"[D]\" + super.toString() + \" (by: \" + by + \")\";  // Returns the string representation of a Deadline task","lastModifiedDate":"2026-02-03T02:33:17","isFullCredit":false},{"lineNumber":17,"author":{"gitId":"woshiweiha0"},"content":"    }","lastModifiedDate":"2026-02-03T01:15:22","isFullCredit":false},{"lineNumber":18,"author":{"gitId":"woshiweiha0"},"content":"}","lastModifiedDate":"2026-02-03T01:15:22","isFullCredit":false}],"authorContributionMap":{"woshiweiha0":18}},{"path":"src/main/java/Event.java","fileType":"java","lines":[{"lineNumber":1,"author":{"gitId":"woshiweiha0"},"content":"/**","lastModifiedDate":"2026-02-03T02:33:17","isFullCredit":false},{"lineNumber":2,"author":{"gitId":"woshiweiha0"},"content":" * Represents an Event task.","lastModifiedDate":"2026-02-03T02:33:17","isFullCredit":false},{"lineNumber":3,"author":{"gitId":"woshiweiha0"},"content":" * An Event has a start time and an end time.","lastModifiedDate":"2026-02-03T02:33:17","isFullCredit":false},{"lineNumber":4,"author":{"gitId":"woshiweiha0"},"content":" */","lastModifiedDate":"2026-02-03T02:33:17","isFullCredit":false},{"lineNumber":5,"author":{"gitId":"woshiweiha0"},"content":"public class Event extends Task {","lastModifiedDate":"2026-02-03T01:15:22","isFullCredit":false},{"lineNumber":6,"author":{"gitId":"woshiweiha0"},"content":"    protected String from;  // Start time","lastModifiedDate":"2026-02-03T02:33:17","isFullCredit":false},{"lineNumber":7,"author":{"gitId":"woshiweiha0"},"content":"    protected String to;    // End time","lastModifiedDate":"2026-02-03T02:33:17","isFullCredit":false},{"lineNumber":8,"author":{"gitId":"woshiweiha0"},"content":"","lastModifiedDate":"2026-02-03T01:15:22","isFullCredit":false},{"lineNumber":9,"author":{"gitId":"woshiweiha0"},"content":"    public Event(String description, String from, String to) {","lastModifiedDate":"2026-02-03T01:15:22","isFullCredit":false},{"lineNumber":10,"author":{"gitId":"woshiweiha0"},"content":"        super(description);","lastModifiedDate":"2026-02-03T01:15:22","isFullCredit":false},{"lineNumber":11,"author":{"gitId":"woshiweiha0"},"content":"        this.from \u003d from;","lastModifiedDate":"2026-02-03T01:15:22","isFullCredit":false},{"lineNumber":12,"author":{"gitId":"woshiweiha0"},"content":"        this.to \u003d to;","lastModifiedDate":"2026-02-03T01:15:22","isFullCredit":false},{"lineNumber":13,"author":{"gitId":"woshiweiha0"},"content":"    }","lastModifiedDate":"2026-02-03T01:15:22","isFullCredit":false},{"lineNumber":14,"author":{"gitId":"woshiweiha0"},"content":"    // Includes the start and end times","lastModifiedDate":"2026-02-03T02:33:17","isFullCredit":false},{"lineNumber":15,"author":{"gitId":"woshiweiha0"},"content":"    @Override","lastModifiedDate":"2026-02-03T01:15:22","isFullCredit":false},{"lineNumber":16,"author":{"gitId":"woshiweiha0"},"content":"    public String toString() {","lastModifiedDate":"2026-02-03T01:15:22","isFullCredit":false},{"lineNumber":17,"author":{"gitId":"woshiweiha0"},"content":"        return \"[E]\" + super.toString() + \" (from: \" + from + \" to: \" + to + \")\";   // Returns the string representation of an Event task","lastModifiedDate":"2026-02-03T02:33:17","isFullCredit":false},{"lineNumber":18,"author":{"gitId":"woshiweiha0"},"content":"    }","lastModifiedDate":"2026-02-03T01:15:22","isFullCredit":false},{"lineNumber":19,"author":{"gitId":"woshiweiha0"},"content":"}","lastModifiedDate":"2026-02-03T01:15:22","isFullCredit":false},{"lineNumber":20,"author":{"gitId":"woshiweiha0"},"content":"","lastModifiedDate":"2026-02-03T01:15:22","isFullCredit":false}],"authorContributionMap":{"woshiweiha0":20}},{"path":"src/main/java/Spike.java","fileType":"java","lines":[{"lineNumber":1,"author":{"gitId":"woshiweiha0"},"content":"/**","lastModifiedDate":"2026-02-03T02:33:17","isFullCredit":false},{"lineNumber":2,"author":{"gitId":"woshiweiha0"},"content":" * Spike is a simple command-line task manager.","lastModifiedDate":"2026-02-03T02:33:17","isFullCredit":false},{"lineNumber":3,"author":{"gitId":"woshiweiha0"},"content":" * It supports Todo, Deadline, and Event tasks.","lastModifiedDate":"2026-02-03T02:33:17","isFullCredit":false},{"lineNumber":4,"author":{"gitId":"woshiweiha0"},"content":" */","lastModifiedDate":"2026-02-03T02:33:17","isFullCredit":false},{"lineNumber":5,"author":{"gitId":"woshiweiha0"},"content":"","lastModifiedDate":"2026-02-03T02:33:17","isFullCredit":false},{"lineNumber":6,"author":{"gitId":"woshiweiha0"},"content":"import java.util.Scanner;","lastModifiedDate":"2026-01-26T11:53:33","isFullCredit":false},{"lineNumber":7,"author":{"gitId":"woshiweiha0"},"content":"","lastModifiedDate":"2026-01-26T11:53:33","isFullCredit":false},{"lineNumber":8,"author":{"gitId":"woshiweiha0"},"content":"public class Spike {","lastModifiedDate":"2026-01-20T02:35:23","isFullCredit":false},{"lineNumber":9,"author":{"gitId":"woshiweiha0"},"content":"    private static final String LINE \u003d \"__________________________________________\";","lastModifiedDate":"2026-02-03T02:57:00","isFullCredit":false},{"lineNumber":10,"author":{"gitId":"woshiweiha0"},"content":"","lastModifiedDate":"2026-02-03T02:57:00","isFullCredit":false},{"lineNumber":11,"author":{"gitId":"woshiweiha0"},"content":"    public static void main(String[] args) {","lastModifiedDate":"2026-01-20T02:35:23","isFullCredit":false},{"lineNumber":12,"author":{"gitId":"woshiweiha0"},"content":"        Scanner scanner \u003d new Scanner(System.in);","lastModifiedDate":"2026-01-26T11:53:33","isFullCredit":false},{"lineNumber":13,"author":{"gitId":"woshiweiha0"},"content":"","lastModifiedDate":"2026-01-26T11:53:33","isFullCredit":false},{"lineNumber":14,"author":{"gitId":"woshiweiha0"},"content":"        // Stores all tasks using polymorphism","lastModifiedDate":"2026-02-03T02:33:17","isFullCredit":false},{"lineNumber":15,"author":{"gitId":"woshiweiha0"},"content":"        Task[] tasks \u003d new Task[100];","lastModifiedDate":"2026-01-26T16:28:50","isFullCredit":false},{"lineNumber":16,"author":{"gitId":"woshiweiha0"},"content":"        int taskCount \u003d 0;","lastModifiedDate":"2026-01-26T16:28:50","isFullCredit":false},{"lineNumber":17,"author":{"gitId":"woshiweiha0"},"content":"","lastModifiedDate":"2026-01-26T12:12:32","isFullCredit":false},{"lineNumber":18,"author":{"gitId":"woshiweiha0"},"content":"        printLine();","lastModifiedDate":"2026-01-26T11:53:33","isFullCredit":false},{"lineNumber":19,"author":{"gitId":"woshiweiha0"},"content":"        System.out.println(\"Hello! I\u0027m Spike\");","lastModifiedDate":"2026-01-20T02:35:23","isFullCredit":false},{"lineNumber":20,"author":{"gitId":"woshiweiha0"},"content":"        System.out.println(\"What can I do for you?\");","lastModifiedDate":"2026-01-20T02:35:23","isFullCredit":false},{"lineNumber":21,"author":{"gitId":"woshiweiha0"},"content":"        printLine();","lastModifiedDate":"2026-01-26T11:53:33","isFullCredit":false},{"lineNumber":22,"author":{"gitId":"woshiweiha0"},"content":"","lastModifiedDate":"2026-01-26T11:53:33","isFullCredit":false},{"lineNumber":23,"author":{"gitId":"woshiweiha0"},"content":"        // Main input loop","lastModifiedDate":"2026-02-03T02:33:17","isFullCredit":false},{"lineNumber":24,"author":{"gitId":"woshiweiha0"},"content":"        while (true) {","lastModifiedDate":"2026-01-26T11:53:33","isFullCredit":false},{"lineNumber":25,"author":{"gitId":"woshiweiha0"},"content":"            String input \u003d scanner.nextLine();","lastModifiedDate":"2026-01-26T11:53:33","isFullCredit":false},{"lineNumber":26,"author":{"gitId":"woshiweiha0"},"content":"","lastModifiedDate":"2026-01-26T11:53:33","isFullCredit":false},{"lineNumber":27,"author":{"gitId":"woshiweiha0"},"content":"            // Exit command","lastModifiedDate":"2026-02-03T02:33:17","isFullCredit":false},{"lineNumber":28,"author":{"gitId":"woshiweiha0"},"content":"            if (input.equals(\"bye\")) {","lastModifiedDate":"2026-01-26T11:53:33","isFullCredit":false},{"lineNumber":29,"author":{"gitId":"woshiweiha0"},"content":"                printLine();","lastModifiedDate":"2026-01-26T11:53:33","isFullCredit":false},{"lineNumber":30,"author":{"gitId":"woshiweiha0"},"content":"                System.out.println(\"Bye. Hope to see you again soon!\");","lastModifiedDate":"2026-01-20T02:35:23","isFullCredit":false},{"lineNumber":31,"author":{"gitId":"woshiweiha0"},"content":"                printLine();","lastModifiedDate":"2026-01-26T11:53:33","isFullCredit":false},{"lineNumber":32,"author":{"gitId":"woshiweiha0"},"content":"                break;","lastModifiedDate":"2026-01-26T11:53:33","isFullCredit":false},{"lineNumber":33,"author":{"gitId":"woshiweiha0"},"content":"            }","lastModifiedDate":"2026-01-26T11:53:33","isFullCredit":false},{"lineNumber":34,"author":{"gitId":"woshiweiha0"},"content":"","lastModifiedDate":"2026-01-26T11:53:33","isFullCredit":false},{"lineNumber":35,"author":{"gitId":"woshiweiha0"},"content":"            // List all tasks","lastModifiedDate":"2026-02-03T02:33:17","isFullCredit":false},{"lineNumber":36,"author":{"gitId":"woshiweiha0"},"content":"            if (input.equals(\"list\")) {","lastModifiedDate":"2026-01-26T12:12:32","isFullCredit":false},{"lineNumber":37,"author":{"gitId":"woshiweiha0"},"content":"                printLine();","lastModifiedDate":"2026-01-26T12:12:32","isFullCredit":false},{"lineNumber":38,"author":{"gitId":"woshiweiha0"},"content":"                System.out.println(\"Here are the tasks in your list:\");","lastModifiedDate":"2026-01-26T16:28:50","isFullCredit":false},{"lineNumber":39,"author":{"gitId":"woshiweiha0"},"content":"                for (int i \u003d 0; i \u003c taskCount; i +\u003d 1) {","lastModifiedDate":"2026-01-26T16:28:50","isFullCredit":false},{"lineNumber":40,"author":{"gitId":"woshiweiha0"},"content":"                    System.out.println((i + 1) + \".\" + tasks[i]);","lastModifiedDate":"2026-02-03T01:15:22","isFullCredit":false},{"lineNumber":41,"author":{"gitId":"woshiweiha0"},"content":"                }","lastModifiedDate":"2026-01-26T12:12:32","isFullCredit":false},{"lineNumber":42,"author":{"gitId":"woshiweiha0"},"content":"                printLine();","lastModifiedDate":"2026-01-26T12:12:32","isFullCredit":false},{"lineNumber":43,"author":{"gitId":"woshiweiha0"},"content":"                continue;","lastModifiedDate":"2026-01-26T16:28:50","isFullCredit":false},{"lineNumber":44,"author":{"gitId":"woshiweiha0"},"content":"            }","lastModifiedDate":"2026-01-26T16:28:50","isFullCredit":false},{"lineNumber":45,"author":{"gitId":"woshiweiha0"},"content":"","lastModifiedDate":"2026-01-26T16:28:50","isFullCredit":false},{"lineNumber":46,"author":{"gitId":"woshiweiha0"},"content":"            // Mark a task as done","lastModifiedDate":"2026-02-03T02:33:17","isFullCredit":false},{"lineNumber":47,"author":{"gitId":"woshiweiha0"},"content":"            if (input.startsWith(\"mark \")) {","lastModifiedDate":"2026-01-26T16:28:50","isFullCredit":false},{"lineNumber":48,"author":{"gitId":"woshiweiha0"},"content":"                int index \u003d Integer.parseInt(input.substring(5)) - 1;","lastModifiedDate":"2026-01-26T16:28:50","isFullCredit":false},{"lineNumber":49,"author":{"gitId":"woshiweiha0"},"content":"                tasks[index].markAsDone();","lastModifiedDate":"2026-01-26T16:28:50","isFullCredit":false},{"lineNumber":50,"author":{"gitId":"woshiweiha0"},"content":"","lastModifiedDate":"2026-01-26T12:12:32","isFullCredit":false},{"lineNumber":51,"author":{"gitId":"woshiweiha0"},"content":"                printLine();","lastModifiedDate":"2026-01-26T11:53:33","isFullCredit":false},{"lineNumber":52,"author":{"gitId":"woshiweiha0"},"content":"                System.out.println(\"Nice! I\u0027ve marked this task as done:\");","lastModifiedDate":"2026-01-26T16:28:50","isFullCredit":false},{"lineNumber":53,"author":{"gitId":"woshiweiha0"},"content":"                System.out.println(tasks[index]);","lastModifiedDate":"2026-02-03T01:15:22","isFullCredit":false},{"lineNumber":54,"author":{"gitId":"woshiweiha0"},"content":"                printLine();","lastModifiedDate":"2026-01-26T16:28:50","isFullCredit":false},{"lineNumber":55,"author":{"gitId":"woshiweiha0"},"content":"                continue;","lastModifiedDate":"2026-01-26T16:28:50","isFullCredit":false},{"lineNumber":56,"author":{"gitId":"woshiweiha0"},"content":"            }","lastModifiedDate":"2026-01-26T16:28:50","isFullCredit":false},{"lineNumber":57,"author":{"gitId":"woshiweiha0"},"content":"","lastModifiedDate":"2026-01-26T16:28:50","isFullCredit":false},{"lineNumber":58,"author":{"gitId":"woshiweiha0"},"content":"            // Mark a task as not done","lastModifiedDate":"2026-02-03T02:33:17","isFullCredit":false},{"lineNumber":59,"author":{"gitId":"woshiweiha0"},"content":"            if (input.startsWith(\"unmark \")) {","lastModifiedDate":"2026-01-26T16:28:50","isFullCredit":false},{"lineNumber":60,"author":{"gitId":"woshiweiha0"},"content":"                int index \u003d Integer.parseInt(input.substring(7)) - 1;","lastModifiedDate":"2026-01-26T16:28:50","isFullCredit":false},{"lineNumber":61,"author":{"gitId":"woshiweiha0"},"content":"                tasks[index].unmark();","lastModifiedDate":"2026-01-26T16:28:50","isFullCredit":false},{"lineNumber":62,"author":{"gitId":"woshiweiha0"},"content":"","lastModifiedDate":"2026-01-26T16:28:50","isFullCredit":false},{"lineNumber":63,"author":{"gitId":"woshiweiha0"},"content":"                printLine();","lastModifiedDate":"2026-01-26T11:53:33","isFullCredit":false},{"lineNumber":64,"author":{"gitId":"woshiweiha0"},"content":"                System.out.println(\"OK, I\u0027ve marked this task as not done yet:\");","lastModifiedDate":"2026-01-26T16:28:50","isFullCredit":false},{"lineNumber":65,"author":{"gitId":"woshiweiha0"},"content":"                System.out.println(tasks[index]);","lastModifiedDate":"2026-02-03T01:15:22","isFullCredit":false},{"lineNumber":66,"author":{"gitId":"woshiweiha0"},"content":"                printLine();","lastModifiedDate":"2026-01-26T16:28:50","isFullCredit":false},{"lineNumber":67,"author":{"gitId":"woshiweiha0"},"content":"                continue;","lastModifiedDate":"2026-01-26T16:28:50","isFullCredit":false},{"lineNumber":68,"author":{"gitId":"woshiweiha0"},"content":"            }","lastModifiedDate":"2026-01-26T11:53:33","isFullCredit":false},{"lineNumber":69,"author":{"gitId":"woshiweiha0"},"content":"","lastModifiedDate":"2026-01-26T16:28:50","isFullCredit":false},{"lineNumber":70,"author":{"gitId":"woshiweiha0"},"content":"            // Add a Todo task","lastModifiedDate":"2026-02-03T02:33:17","isFullCredit":false},{"lineNumber":71,"author":{"gitId":"woshiweiha0"},"content":"            if (input.startsWith(\"todo \")) {","lastModifiedDate":"2026-02-03T01:15:22","isFullCredit":false},{"lineNumber":72,"author":{"gitId":"woshiweiha0"},"content":"                String description \u003d input.substring(5);","lastModifiedDate":"2026-02-03T01:15:22","isFullCredit":false},{"lineNumber":73,"author":{"gitId":"woshiweiha0"},"content":"                Task task \u003d new Todo(description);","lastModifiedDate":"2026-02-03T01:15:22","isFullCredit":false},{"lineNumber":74,"author":{"gitId":"woshiweiha0"},"content":"","lastModifiedDate":"2026-02-03T01:15:22","isFullCredit":false},{"lineNumber":75,"author":{"gitId":"woshiweiha0"},"content":"                tasks[taskCount] \u003d task;","lastModifiedDate":"2026-02-03T01:15:22","isFullCredit":false},{"lineNumber":76,"author":{"gitId":"woshiweiha0"},"content":"                taskCount++;","lastModifiedDate":"2026-02-03T01:15:22","isFullCredit":false},{"lineNumber":77,"author":{"gitId":"woshiweiha0"},"content":"","lastModifiedDate":"2026-01-26T16:28:50","isFullCredit":false},{"lineNumber":78,"author":{"gitId":"woshiweiha0"},"content":"                printLine();","lastModifiedDate":"2026-01-26T16:28:50","isFullCredit":false},{"lineNumber":79,"author":{"gitId":"woshiweiha0"},"content":"                System.out.println(\"Got it. I\u0027ve added this task:\");","lastModifiedDate":"2026-02-03T01:15:22","isFullCredit":false},{"lineNumber":80,"author":{"gitId":"woshiweiha0"},"content":"                System.out.println(\"  \" + task);","lastModifiedDate":"2026-02-03T01:15:22","isFullCredit":false},{"lineNumber":81,"author":{"gitId":"woshiweiha0"},"content":"                System.out.println(\"Now you have \" + taskCount + \" tasks in the list.\");","lastModifiedDate":"2026-02-03T01:15:22","isFullCredit":false},{"lineNumber":82,"author":{"gitId":"woshiweiha0"},"content":"                printLine();","lastModifiedDate":"2026-01-26T16:28:50","isFullCredit":false},{"lineNumber":83,"author":{"gitId":"woshiweiha0"},"content":"                continue;","lastModifiedDate":"2026-02-03T01:15:22","isFullCredit":false},{"lineNumber":84,"author":{"gitId":"woshiweiha0"},"content":"            }","lastModifiedDate":"2026-02-03T01:15:22","isFullCredit":false},{"lineNumber":85,"author":{"gitId":"woshiweiha0"},"content":"","lastModifiedDate":"2026-02-03T01:15:22","isFullCredit":false},{"lineNumber":86,"author":{"gitId":"woshiweiha0"},"content":"            // Add a Deadline task","lastModifiedDate":"2026-02-03T02:33:17","isFullCredit":false},{"lineNumber":87,"author":{"gitId":"woshiweiha0"},"content":"            if (input.startsWith(\"deadline \")) {","lastModifiedDate":"2026-02-03T01:15:22","isFullCredit":false},{"lineNumber":88,"author":{"gitId":"woshiweiha0"},"content":"                String rest \u003d input.substring(9);","lastModifiedDate":"2026-02-03T01:15:22","isFullCredit":false},{"lineNumber":89,"author":{"gitId":"woshiweiha0"},"content":"                String[] parts \u003d rest.split(\"/by\");","lastModifiedDate":"2026-02-03T01:15:22","isFullCredit":false},{"lineNumber":90,"author":{"gitId":"woshiweiha0"},"content":"                Task task \u003d new Deadline(parts[0], parts[1]);","lastModifiedDate":"2026-02-03T01:15:22","isFullCredit":false},{"lineNumber":91,"author":{"gitId":"woshiweiha0"},"content":"","lastModifiedDate":"2026-02-03T01:15:22","isFullCredit":false},{"lineNumber":92,"author":{"gitId":"woshiweiha0"},"content":"                tasks[taskCount] \u003d task;","lastModifiedDate":"2026-02-03T01:15:22","isFullCredit":false},{"lineNumber":93,"author":{"gitId":"woshiweiha0"},"content":"                taskCount++;","lastModifiedDate":"2026-02-03T01:15:22","isFullCredit":false},{"lineNumber":94,"author":{"gitId":"woshiweiha0"},"content":"","lastModifiedDate":"2026-01-26T16:28:50","isFullCredit":false},{"lineNumber":95,"author":{"gitId":"woshiweiha0"},"content":"                printLine();","lastModifiedDate":"2026-02-03T01:15:22","isFullCredit":false},{"lineNumber":96,"author":{"gitId":"woshiweiha0"},"content":"                System.out.println(\"Got it. I\u0027ve added this task:\");","lastModifiedDate":"2026-02-03T01:15:22","isFullCredit":false},{"lineNumber":97,"author":{"gitId":"woshiweiha0"},"content":"                System.out.println(\"  \" + task);","lastModifiedDate":"2026-02-03T01:15:22","isFullCredit":false},{"lineNumber":98,"author":{"gitId":"woshiweiha0"},"content":"                System.out.println(\"Now you have \" + taskCount + \" tasks in the list.\");","lastModifiedDate":"2026-02-03T01:15:22","isFullCredit":false},{"lineNumber":99,"author":{"gitId":"woshiweiha0"},"content":"                printLine();","lastModifiedDate":"2026-02-03T01:15:22","isFullCredit":false},{"lineNumber":100,"author":{"gitId":"woshiweiha0"},"content":"                continue;","lastModifiedDate":"2026-02-03T01:15:22","isFullCredit":false},{"lineNumber":101,"author":{"gitId":"woshiweiha0"},"content":"            }","lastModifiedDate":"2026-02-03T01:15:22","isFullCredit":false},{"lineNumber":102,"author":{"gitId":"woshiweiha0"},"content":"","lastModifiedDate":"2026-02-03T01:15:22","isFullCredit":false},{"lineNumber":103,"author":{"gitId":"woshiweiha0"},"content":"            // Add an Event task","lastModifiedDate":"2026-02-03T02:33:17","isFullCredit":false},{"lineNumber":104,"author":{"gitId":"woshiweiha0"},"content":"            if (input.startsWith(\"event \")) {","lastModifiedDate":"2026-02-03T01:15:22","isFullCredit":false},{"lineNumber":105,"author":{"gitId":"woshiweiha0"},"content":"                String rest \u003d input.substring(6);","lastModifiedDate":"2026-02-03T01:15:22","isFullCredit":false},{"lineNumber":106,"author":{"gitId":"woshiweiha0"},"content":"                String[] fromSplit \u003d rest.split(\"/from\");","lastModifiedDate":"2026-02-03T01:15:22","isFullCredit":false},{"lineNumber":107,"author":{"gitId":"woshiweiha0"},"content":"                String description \u003d fromSplit[0];","lastModifiedDate":"2026-02-03T01:15:22","isFullCredit":false},{"lineNumber":108,"author":{"gitId":"woshiweiha0"},"content":"                String[] toSplit \u003d fromSplit[1].split(\"/to\");","lastModifiedDate":"2026-02-03T01:15:22","isFullCredit":false},{"lineNumber":109,"author":{"gitId":"woshiweiha0"},"content":"","lastModifiedDate":"2026-02-03T01:15:22","isFullCredit":false},{"lineNumber":110,"author":{"gitId":"woshiweiha0"},"content":"                Task task \u003d new Event(description, toSplit[0], toSplit[1]);","lastModifiedDate":"2026-02-03T01:15:22","isFullCredit":false},{"lineNumber":111,"author":{"gitId":"woshiweiha0"},"content":"","lastModifiedDate":"2026-02-03T01:15:22","isFullCredit":false},{"lineNumber":112,"author":{"gitId":"woshiweiha0"},"content":"                tasks[taskCount] \u003d task;","lastModifiedDate":"2026-02-03T01:15:22","isFullCredit":false},{"lineNumber":113,"author":{"gitId":"woshiweiha0"},"content":"                taskCount++;","lastModifiedDate":"2026-02-03T01:15:22","isFullCredit":false},{"lineNumber":114,"author":{"gitId":"woshiweiha0"},"content":"","lastModifiedDate":"2026-02-03T01:15:22","isFullCredit":false},{"lineNumber":115,"author":{"gitId":"woshiweiha0"},"content":"                printLine();","lastModifiedDate":"2026-02-03T01:15:22","isFullCredit":false},{"lineNumber":116,"author":{"gitId":"woshiweiha0"},"content":"                System.out.println(\"Got it. I\u0027ve added this task:\");","lastModifiedDate":"2026-02-03T01:15:22","isFullCredit":false},{"lineNumber":117,"author":{"gitId":"woshiweiha0"},"content":"                System.out.println(\"  \" + task);","lastModifiedDate":"2026-02-03T01:15:22","isFullCredit":false},{"lineNumber":118,"author":{"gitId":"woshiweiha0"},"content":"                System.out.println(\"Now you have \" + taskCount + \" tasks in the list.\");","lastModifiedDate":"2026-02-03T01:15:22","isFullCredit":false},{"lineNumber":119,"author":{"gitId":"woshiweiha0"},"content":"                printLine();","lastModifiedDate":"2026-02-03T01:15:22","isFullCredit":false},{"lineNumber":120,"author":{"gitId":"woshiweiha0"},"content":"                continue;","lastModifiedDate":"2026-02-03T01:15:22","isFullCredit":false},{"lineNumber":121,"author":{"gitId":"woshiweiha0"},"content":"            }","lastModifiedDate":"2026-02-03T01:15:22","isFullCredit":false},{"lineNumber":122,"author":{"gitId":"woshiweiha0"},"content":"        }","lastModifiedDate":"2026-01-26T12:12:32","isFullCredit":false},{"lineNumber":123,"author":{"gitId":"woshiweiha0"},"content":"","lastModifiedDate":"2026-01-26T11:53:33","isFullCredit":false},{"lineNumber":124,"author":{"gitId":"woshiweiha0"},"content":"        scanner.close();","lastModifiedDate":"2026-01-26T11:53:33","isFullCredit":false},{"lineNumber":125,"author":{"gitId":"woshiweiha0"},"content":"    }","lastModifiedDate":"2026-01-26T11:53:33","isFullCredit":false},{"lineNumber":126,"author":{"gitId":"woshiweiha0"},"content":"","lastModifiedDate":"2026-01-26T11:53:33","isFullCredit":false},{"lineNumber":127,"author":{"gitId":"woshiweiha0"},"content":"    private static void printLine() {","lastModifiedDate":"2026-01-26T11:53:33","isFullCredit":false},{"lineNumber":128,"author":{"gitId":"woshiweiha0"},"content":"        System.out.println(LINE);","lastModifiedDate":"2026-02-03T02:57:00","isFullCredit":false},{"lineNumber":129,"author":{"gitId":"woshiweiha0"},"content":"    }","lastModifiedDate":"2026-01-20T02:35:23","isFullCredit":false},{"lineNumber":130,"author":{"gitId":"woshiweiha0"},"content":"}","lastModifiedDate":"2026-01-20T02:35:23","isFullCredit":false}],"authorContributionMap":{"woshiweiha0":130}},{"path":"src/main/java/Task.java","fileType":"java","lines":[{"lineNumber":1,"author":{"gitId":"woshiweiha0"},"content":"/**","lastModifiedDate":"2026-02-03T02:33:17","isFullCredit":false},{"lineNumber":2,"author":{"gitId":"woshiweiha0"},"content":" * Represents a generic task.","lastModifiedDate":"2026-02-03T02:33:17","isFullCredit":false},{"lineNumber":3,"author":{"gitId":"woshiweiha0"},"content":" * All task types (Todo, Deadline, Event) share these common properties.","lastModifiedDate":"2026-02-03T02:33:17","isFullCredit":false},{"lineNumber":4,"author":{"gitId":"woshiweiha0"},"content":" */","lastModifiedDate":"2026-02-03T02:33:17","isFullCredit":false},{"lineNumber":5,"author":{"gitId":"woshiweiha0"},"content":"public class Task {","lastModifiedDate":"2026-01-26T16:28:50","isFullCredit":false},{"lineNumber":6,"author":{"gitId":"woshiweiha0"},"content":"    protected String description;","lastModifiedDate":"2026-01-26T16:28:50","isFullCredit":false},{"lineNumber":7,"author":{"gitId":"woshiweiha0"},"content":"    protected boolean isDone;","lastModifiedDate":"2026-01-26T16:28:50","isFullCredit":false},{"lineNumber":8,"author":{"gitId":"woshiweiha0"},"content":"","lastModifiedDate":"2026-01-26T16:28:50","isFullCredit":false},{"lineNumber":9,"author":{"gitId":"woshiweiha0"},"content":"    // Constructs a task with the given description","lastModifiedDate":"2026-02-03T02:33:17","isFullCredit":false},{"lineNumber":10,"author":{"gitId":"woshiweiha0"},"content":"    public Task(String description) {","lastModifiedDate":"2026-01-26T16:28:50","isFullCredit":false},{"lineNumber":11,"author":{"gitId":"woshiweiha0"},"content":"        this.description \u003d description;","lastModifiedDate":"2026-01-26T16:28:50","isFullCredit":false},{"lineNumber":12,"author":{"gitId":"woshiweiha0"},"content":"        this.isDone \u003d false;","lastModifiedDate":"2026-01-26T16:28:50","isFullCredit":false},{"lineNumber":13,"author":{"gitId":"woshiweiha0"},"content":"    }","lastModifiedDate":"2026-01-26T16:28:50","isFullCredit":false},{"lineNumber":14,"author":{"gitId":"woshiweiha0"},"content":"","lastModifiedDate":"2026-01-26T16:28:50","isFullCredit":false},{"lineNumber":15,"author":{"gitId":"woshiweiha0"},"content":"    public void markAsDone() {","lastModifiedDate":"2026-01-26T16:28:50","isFullCredit":false},{"lineNumber":16,"author":{"gitId":"woshiweiha0"},"content":"        isDone \u003d true;","lastModifiedDate":"2026-01-26T16:28:50","isFullCredit":false},{"lineNumber":17,"author":{"gitId":"woshiweiha0"},"content":"    }","lastModifiedDate":"2026-01-26T16:28:50","isFullCredit":false},{"lineNumber":18,"author":{"gitId":"woshiweiha0"},"content":"","lastModifiedDate":"2026-01-26T16:28:50","isFullCredit":false},{"lineNumber":19,"author":{"gitId":"woshiweiha0"},"content":"    public void unmark() {","lastModifiedDate":"2026-01-26T16:28:50","isFullCredit":false},{"lineNumber":20,"author":{"gitId":"woshiweiha0"},"content":"        isDone \u003d false;","lastModifiedDate":"2026-01-26T16:28:50","isFullCredit":false},{"lineNumber":21,"author":{"gitId":"woshiweiha0"},"content":"    }","lastModifiedDate":"2026-01-26T16:28:50","isFullCredit":false},{"lineNumber":22,"author":{"gitId":"woshiweiha0"},"content":"","lastModifiedDate":"2026-01-26T16:28:50","isFullCredit":false},{"lineNumber":23,"author":{"gitId":"woshiweiha0"},"content":"    public String getStatusIcon() {","lastModifiedDate":"2026-01-26T16:28:50","isFullCredit":false},{"lineNumber":24,"author":{"gitId":"woshiweiha0"},"content":"        return (isDone ? \"X\" : \" \");","lastModifiedDate":"2026-01-26T16:28:50","isFullCredit":false},{"lineNumber":25,"author":{"gitId":"woshiweiha0"},"content":"    }","lastModifiedDate":"2026-01-26T16:28:50","isFullCredit":false},{"lineNumber":26,"author":{"gitId":"woshiweiha0"},"content":"","lastModifiedDate":"2026-01-26T16:28:50","isFullCredit":false},{"lineNumber":27,"author":{"gitId":"woshiweiha0"},"content":"    // Subclasses extend this via super.toString()","lastModifiedDate":"2026-02-03T02:33:17","isFullCredit":false},{"lineNumber":28,"author":{"gitId":"woshiweiha0"},"content":"    @Override","lastModifiedDate":"2026-02-03T01:15:22","isFullCredit":false},{"lineNumber":29,"author":{"gitId":"woshiweiha0"},"content":"    public String toString() {","lastModifiedDate":"2026-02-03T01:15:22","isFullCredit":false},{"lineNumber":30,"author":{"gitId":"woshiweiha0"},"content":"        return \"[\" + getStatusIcon() + \"] \" + description;  // Return the basic string representation of a task","lastModifiedDate":"2026-02-03T02:33:17","isFullCredit":false},{"lineNumber":31,"author":{"gitId":"woshiweiha0"},"content":"    }","lastModifiedDate":"2026-01-26T16:28:50","isFullCredit":false},{"lineNumber":32,"author":{"gitId":"woshiweiha0"},"content":"}","lastModifiedDate":"2026-01-26T16:28:50","isFullCredit":false}],"authorContributionMap":{"woshiweiha0":32}},{"path":"src/main/java/Todo.java","fileType":"java","lines":[{"lineNumber":1,"author":{"gitId":"woshiweiha0"},"content":"/**","lastModifiedDate":"2026-02-03T02:33:17","isFullCredit":false},{"lineNumber":2,"author":{"gitId":"woshiweiha0"},"content":" * Represents a Todo task.","lastModifiedDate":"2026-02-03T02:33:17","isFullCredit":false},{"lineNumber":3,"author":{"gitId":"woshiweiha0"},"content":" * A Todo has no date or time attached to it.","lastModifiedDate":"2026-02-03T02:33:17","isFullCredit":false},{"lineNumber":4,"author":{"gitId":"woshiweiha0"},"content":" */","lastModifiedDate":"2026-02-03T02:33:17","isFullCredit":false},{"lineNumber":5,"author":{"gitId":"woshiweiha0"},"content":"public class Todo extends Task {","lastModifiedDate":"2026-02-03T01:15:22","isFullCredit":false},{"lineNumber":6,"author":{"gitId":"woshiweiha0"},"content":"    public Todo(String description) {","lastModifiedDate":"2026-02-03T01:15:22","isFullCredit":false},{"lineNumber":7,"author":{"gitId":"woshiweiha0"},"content":"        super(description);","lastModifiedDate":"2026-02-03T01:15:22","isFullCredit":false},{"lineNumber":8,"author":{"gitId":"woshiweiha0"},"content":"    }","lastModifiedDate":"2026-02-03T01:15:22","isFullCredit":false},{"lineNumber":9,"author":{"gitId":"woshiweiha0"},"content":"","lastModifiedDate":"2026-02-03T01:15:22","isFullCredit":false},{"lineNumber":10,"author":{"gitId":"woshiweiha0"},"content":"    // Add the [T] task type indicator in front","lastModifiedDate":"2026-02-03T02:33:17","isFullCredit":false},{"lineNumber":11,"author":{"gitId":"woshiweiha0"},"content":"    @Override","lastModifiedDate":"2026-02-03T01:15:22","isFullCredit":false},{"lineNumber":12,"author":{"gitId":"woshiweiha0"},"content":"    public String toString() {","lastModifiedDate":"2026-02-03T01:15:22","isFullCredit":false},{"lineNumber":13,"author":{"gitId":"woshiweiha0"},"content":"        return \"[T]\" + super.toString();    // Returns a string representation of a Todo task","lastModifiedDate":"2026-02-03T02:33:17","isFullCredit":false},{"lineNumber":14,"author":{"gitId":"woshiweiha0"},"content":"    }","lastModifiedDate":"2026-02-03T01:15:22","isFullCredit":false},{"lineNumber":15,"author":{"gitId":"woshiweiha0"},"content":"}","lastModifiedDate":"2026-02-03T01:15:22","isFullCredit":false}],"authorContributionMap":{"woshiweiha0":15}},{"path":"text-ui-test/input.txt","fileType":"txt","lines":[{"lineNumber":1,"author":{"gitId":"woshiweiha0"},"content":"list","lastModifiedDate":"2026-02-03T02:33:17","isFullCredit":false},{"lineNumber":2,"author":{"gitId":"woshiweiha0"},"content":"todo borrow book","lastModifiedDate":"2026-02-03T02:33:17","isFullCredit":false},{"lineNumber":3,"author":{"gitId":"woshiweiha0"},"content":"deadline return book /by Sunday","lastModifiedDate":"2026-02-03T02:33:17","isFullCredit":false},{"lineNumber":4,"author":{"gitId":"woshiweiha0"},"content":"event project meeting /from Mon 2pm /to 4pm","lastModifiedDate":"2026-02-03T02:33:17","isFullCredit":false},{"lineNumber":5,"author":{"gitId":"woshiweiha0"},"content":"list","lastModifiedDate":"2026-02-03T02:33:17","isFullCredit":false},{"lineNumber":6,"author":{"gitId":"woshiweiha0"},"content":"bye","lastModifiedDate":"2026-02-03T02:33:17","isFullCredit":false}],"authorContributionMap":{"woshiweiha0":6}},{"path":"text-ui-test/runtest.bat","fileType":"bat","lines":[{"lineNumber":1,"author":{"gitId":"-"},"content":"@ECHO OFF","lastModifiedDate":"2020-05-25T00:03:55","isFullCredit":false},{"lineNumber":2,"author":{"gitId":"-"},"content":"","lastModifiedDate":"2020-05-25T00:03:55","isFullCredit":false},{"lineNumber":3,"author":{"gitId":"-"},"content":"REM create bin directory if it doesn\u0027t exist","lastModifiedDate":"2020-05-25T00:03:55","isFullCredit":false},{"lineNumber":4,"author":{"gitId":"-"},"content":"if not exist ..\\bin mkdir ..\\bin","lastModifiedDate":"2020-05-25T00:03:55","isFullCredit":false},{"lineNumber":5,"author":{"gitId":"-"},"content":"","lastModifiedDate":"2020-05-25T00:03:55","isFullCredit":false},{"lineNumber":6,"author":{"gitId":"-"},"content":"REM delete output from previous run","lastModifiedDate":"2020-05-25T00:03:55","isFullCredit":false},{"lineNumber":7,"author":{"gitId":"-"},"content":"if exist ACTUAL.TXT del ACTUAL.TXT","lastModifiedDate":"2020-08-25T17:23:26","isFullCredit":false},{"lineNumber":8,"author":{"gitId":"-"},"content":"","lastModifiedDate":"2020-05-25T00:03:55","isFullCredit":false},{"lineNumber":9,"author":{"gitId":"-"},"content":"REM compile the code into the bin folder","lastModifiedDate":"2020-05-25T00:03:55","isFullCredit":false},{"lineNumber":10,"author":{"gitId":"-"},"content":"javac  -cp ..\\src\\main\\java -Xlint:none -d ..\\bin ..\\src\\main\\java\\*.java","lastModifiedDate":"2020-08-25T17:23:26","isFullCredit":false},{"lineNumber":11,"author":{"gitId":"-"},"content":"IF ERRORLEVEL 1 (","lastModifiedDate":"2020-05-25T00:03:55","isFullCredit":false},{"lineNumber":12,"author":{"gitId":"-"},"content":"    echo ********** BUILD FAILURE **********","lastModifiedDate":"2020-05-25T00:03:55","isFullCredit":false},{"lineNumber":13,"author":{"gitId":"-"},"content":"    exit /b 1","lastModifiedDate":"2020-05-25T00:03:55","isFullCredit":false},{"lineNumber":14,"author":{"gitId":"-"},"content":")","lastModifiedDate":"2020-05-25T00:03:55","isFullCredit":false},{"lineNumber":15,"author":{"gitId":"-"},"content":"REM no error here, errorlevel \u003d\u003d 0","lastModifiedDate":"2020-05-25T00:03:55","isFullCredit":false},{"lineNumber":16,"author":{"gitId":"-"},"content":"","lastModifiedDate":"2020-05-25T00:03:55","isFullCredit":false},{"lineNumber":17,"author":{"gitId":"-"},"content":"REM run the program, feed commands from input.txt file and redirect the output to the ACTUAL.TXT","lastModifiedDate":"2020-05-25T00:03:55","isFullCredit":false},{"lineNumber":18,"author":{"gitId":"woshiweiha0"},"content":"java -classpath ..\\bin Spike \u003c input.txt \u003e ACTUAL.TXT","lastModifiedDate":"2026-01-20T02:35:23","isFullCredit":false},{"lineNumber":19,"author":{"gitId":"-"},"content":"","lastModifiedDate":"2020-05-25T00:03:55","isFullCredit":false},{"lineNumber":20,"author":{"gitId":"-"},"content":"REM compare the output to the expected output","lastModifiedDate":"2020-05-25T00:03:55","isFullCredit":false},{"lineNumber":21,"author":{"gitId":"-"},"content":"FC ACTUAL.TXT EXPECTED.TXT","lastModifiedDate":"2020-05-25T00:03:55","isFullCredit":false}],"authorContributionMap":{"woshiweiha0":1,"-":20}},{"path":"text-ui-test/runtest.sh","fileType":"sh","lines":[{"lineNumber":1,"author":{"gitId":"-"},"content":"#!/usr/bin/env bash","lastModifiedDate":"2020-05-25T00:03:55","isFullCredit":false},{"lineNumber":2,"author":{"gitId":"-"},"content":"","lastModifiedDate":"2020-05-25T00:03:55","isFullCredit":false},{"lineNumber":3,"author":{"gitId":"-"},"content":"# create bin directory if it doesn\u0027t exist","lastModifiedDate":"2020-05-25T00:03:55","isFullCredit":false},{"lineNumber":4,"author":{"gitId":"-"},"content":"if [ ! -d \"../bin\" ]","lastModifiedDate":"2020-05-25T00:03:55","isFullCredit":false},{"lineNumber":5,"author":{"gitId":"-"},"content":"then","lastModifiedDate":"2020-05-25T00:03:55","isFullCredit":false},{"lineNumber":6,"author":{"gitId":"-"},"content":"    mkdir ../bin","lastModifiedDate":"2020-05-25T00:03:55","isFullCredit":false},{"lineNumber":7,"author":{"gitId":"-"},"content":"fi","lastModifiedDate":"2020-05-25T00:03:55","isFullCredit":false},{"lineNumber":8,"author":{"gitId":"-"},"content":"","lastModifiedDate":"2020-05-25T00:03:55","isFullCredit":false},{"lineNumber":9,"author":{"gitId":"-"},"content":"# delete output from previous run","lastModifiedDate":"2020-05-25T00:03:55","isFullCredit":false},{"lineNumber":10,"author":{"gitId":"-"},"content":"if [ -e \"./ACTUAL.TXT\" ]","lastModifiedDate":"2020-05-25T00:03:55","isFullCredit":false},{"lineNumber":11,"author":{"gitId":"-"},"content":"then","lastModifiedDate":"2020-05-25T00:03:55","isFullCredit":false},{"lineNumber":12,"author":{"gitId":"-"},"content":"    rm ACTUAL.TXT","lastModifiedDate":"2020-05-25T00:03:55","isFullCredit":false},{"lineNumber":13,"author":{"gitId":"-"},"content":"fi","lastModifiedDate":"2020-05-25T00:03:55","isFullCredit":false},{"lineNumber":14,"author":{"gitId":"-"},"content":"","lastModifiedDate":"2020-05-25T00:03:55","isFullCredit":false},{"lineNumber":15,"author":{"gitId":"-"},"content":"# compile the code into the bin folder, terminates if error occurred","lastModifiedDate":"2020-05-25T00:03:55","isFullCredit":false},{"lineNumber":16,"author":{"gitId":"-"},"content":"if ! javac -cp ../src/main/java -Xlint:none -d ../bin ../src/main/java/*.java","lastModifiedDate":"2020-08-25T17:23:26","isFullCredit":false},{"lineNumber":17,"author":{"gitId":"-"},"content":"then","lastModifiedDate":"2020-05-25T00:03:55","isFullCredit":false},{"lineNumber":18,"author":{"gitId":"-"},"content":"    echo \"********** BUILD FAILURE **********\"","lastModifiedDate":"2020-05-25T00:03:55","isFullCredit":false},{"lineNumber":19,"author":{"gitId":"-"},"content":"    exit 1","lastModifiedDate":"2020-05-25T00:03:55","isFullCredit":false},{"lineNumber":20,"author":{"gitId":"-"},"content":"fi","lastModifiedDate":"2020-05-25T00:03:55","isFullCredit":false},{"lineNumber":21,"author":{"gitId":"-"},"content":"","lastModifiedDate":"2020-05-25T00:03:55","isFullCredit":false},{"lineNumber":22,"author":{"gitId":"-"},"content":"# run the program, feed commands from input.txt file and redirect the output to the ACTUAL.TXT","lastModifiedDate":"2020-05-25T00:03:55","isFullCredit":false},{"lineNumber":23,"author":{"gitId":"woshiweiha0"},"content":"java -classpath ../bin Spike \u003c input.txt \u003e ACTUAL.TXT","lastModifiedDate":"2026-02-03T02:33:17","isFullCredit":false},{"lineNumber":24,"author":{"gitId":"-"},"content":"","lastModifiedDate":"2020-05-25T00:03:55","isFullCredit":false},{"lineNumber":25,"author":{"gitId":"-"},"content":"# convert to UNIX format","lastModifiedDate":"2020-05-25T00:03:55","isFullCredit":false},{"lineNumber":26,"author":{"gitId":"-"},"content":"cp EXPECTED.TXT EXPECTED-UNIX.TXT","lastModifiedDate":"2020-05-25T00:03:55","isFullCredit":false},{"lineNumber":27,"author":{"gitId":"-"},"content":"dos2unix ACTUAL.TXT EXPECTED-UNIX.TXT","lastModifiedDate":"2020-05-25T00:03:55","isFullCredit":false},{"lineNumber":28,"author":{"gitId":"-"},"content":"","lastModifiedDate":"2020-05-25T00:03:55","isFullCredit":false},{"lineNumber":29,"author":{"gitId":"-"},"content":"# compare the output to the expected output","lastModifiedDate":"2020-05-25T00:03:55","isFullCredit":false},{"lineNumber":30,"author":{"gitId":"-"},"content":"diff ACTUAL.TXT EXPECTED-UNIX.TXT","lastModifiedDate":"2020-05-25T00:03:55","isFullCredit":false},{"lineNumber":31,"author":{"gitId":"-"},"content":"if [ $? -eq 0 ]","lastModifiedDate":"2020-05-25T00:03:55","isFullCredit":false},{"lineNumber":32,"author":{"gitId":"-"},"content":"then","lastModifiedDate":"2020-05-25T00:03:55","isFullCredit":false},{"lineNumber":33,"author":{"gitId":"-"},"content":"    echo \"Test result: PASSED\"","lastModifiedDate":"2020-05-25T00:03:55","isFullCredit":false},{"lineNumber":34,"author":{"gitId":"-"},"content":"    exit 0","lastModifiedDate":"2020-05-25T00:03:55","isFullCredit":false},{"lineNumber":35,"author":{"gitId":"-"},"content":"else","lastModifiedDate":"2020-05-25T00:03:55","isFullCredit":false},{"lineNumber":36,"author":{"gitId":"-"},"content":"    echo \"Test result: FAILED\"","lastModifiedDate":"2020-05-25T00:03:55","isFullCredit":false},{"lineNumber":37,"author":{"gitId":"-"},"content":"    exit 1","lastModifiedDate":"2020-05-25T00:03:55","isFullCredit":false},{"lineNumber":38,"author":{"gitId":"-"},"content":"fi","lastModifiedDate":"2020-05-25T00:03:55","isFullCredit":false}],"authorContributionMap":{"woshiweiha0":1,"-":37}}]
