[{"path":"src/main/java/Deadline.java","fileType":"java","lines":[{"lineNumber":1,"author":{"gitId":"Alex-Chen-666"},"content":"public class Deadline extends Task {","lastModifiedDate":"2026-02-05T15:31:33","isFullCredit":false},{"lineNumber":2,"author":{"gitId":"Alex-Chen-666"},"content":"    protected String by;","lastModifiedDate":"2026-02-05T15:31:33","isFullCredit":false},{"lineNumber":3,"author":{"gitId":"Alex-Chen-666"},"content":"    public Deadline(String description, String by) {","lastModifiedDate":"2026-02-05T15:31:33","isFullCredit":false},{"lineNumber":4,"author":{"gitId":"Alex-Chen-666"},"content":"        super(description);","lastModifiedDate":"2026-02-05T15:31:33","isFullCredit":false},{"lineNumber":5,"author":{"gitId":"Alex-Chen-666"},"content":"        this.by \u003d by;","lastModifiedDate":"2026-02-05T15:31:33","isFullCredit":false},{"lineNumber":6,"author":{"gitId":"Alex-Chen-666"},"content":"    }","lastModifiedDate":"2026-02-05T15:31:33","isFullCredit":false},{"lineNumber":7,"author":{"gitId":"Alex-Chen-666"},"content":"","lastModifiedDate":"2026-02-05T15:31:33","isFullCredit":false},{"lineNumber":8,"author":{"gitId":"Alex-Chen-666"},"content":"    @Override","lastModifiedDate":"2026-02-05T15:31:33","isFullCredit":false},{"lineNumber":9,"author":{"gitId":"Alex-Chen-666"},"content":"    public String toString() {","lastModifiedDate":"2026-02-05T15:31:33","isFullCredit":false},{"lineNumber":10,"author":{"gitId":"Alex-Chen-666"},"content":"        return \"[D]\" + super.toString() + \" (by: \" + by + \")\";","lastModifiedDate":"2026-02-05T15:31:33","isFullCredit":false},{"lineNumber":11,"author":{"gitId":"Alex-Chen-666"},"content":"    }","lastModifiedDate":"2026-02-05T15:31:33","isFullCredit":false},{"lineNumber":12,"author":{"gitId":"Alex-Chen-666"},"content":"}","lastModifiedDate":"2026-02-05T15:31:33","isFullCredit":false}],"authorContributionMap":{"Alex-Chen-666":12}},{"path":"src/main/java/Event.java","fileType":"java","lines":[{"lineNumber":1,"author":{"gitId":"Alex-Chen-666"},"content":"public class Event extends Task {","lastModifiedDate":"2026-02-05T15:31:33","isFullCredit":false},{"lineNumber":2,"author":{"gitId":"Alex-Chen-666"},"content":"    protected String from;","lastModifiedDate":"2026-02-05T15:31:33","isFullCredit":false},{"lineNumber":3,"author":{"gitId":"Alex-Chen-666"},"content":"    protected String to;","lastModifiedDate":"2026-02-05T15:31:33","isFullCredit":false},{"lineNumber":4,"author":{"gitId":"Alex-Chen-666"},"content":"    public Event(String description, String from, String to) {","lastModifiedDate":"2026-02-05T15:31:33","isFullCredit":false},{"lineNumber":5,"author":{"gitId":"Alex-Chen-666"},"content":"        super(description);","lastModifiedDate":"2026-02-05T15:31:33","isFullCredit":false},{"lineNumber":6,"author":{"gitId":"Alex-Chen-666"},"content":"        this.from \u003d from;","lastModifiedDate":"2026-02-05T15:31:33","isFullCredit":false},{"lineNumber":7,"author":{"gitId":"Alex-Chen-666"},"content":"        this.to \u003d to;","lastModifiedDate":"2026-02-05T15:31:33","isFullCredit":false},{"lineNumber":8,"author":{"gitId":"Alex-Chen-666"},"content":"    }","lastModifiedDate":"2026-02-05T15:31:33","isFullCredit":false},{"lineNumber":9,"author":{"gitId":"Alex-Chen-666"},"content":"    @Override","lastModifiedDate":"2026-02-05T15:31:33","isFullCredit":false},{"lineNumber":10,"author":{"gitId":"Alex-Chen-666"},"content":"    public String toString() {","lastModifiedDate":"2026-02-05T15:31:33","isFullCredit":false},{"lineNumber":11,"author":{"gitId":"Alex-Chen-666"},"content":"        return \"[E]\" + super.toString() + \" (from: \" + from + \" to: \" + to + \")\";","lastModifiedDate":"2026-02-05T15:31:33","isFullCredit":false},{"lineNumber":12,"author":{"gitId":"Alex-Chen-666"},"content":"    }","lastModifiedDate":"2026-02-05T15:31:33","isFullCredit":false},{"lineNumber":13,"author":{"gitId":"Alex-Chen-666"},"content":"}","lastModifiedDate":"2026-02-05T15:31:33","isFullCredit":false}],"authorContributionMap":{"Alex-Chen-666":13}},{"path":"src/main/java/Parser.java","fileType":"java","lines":[{"lineNumber":1,"author":{"gitId":"Alex-Chen-666"},"content":"/**","lastModifiedDate":"2026-01-28T18:57:38","isFullCredit":false},{"lineNumber":2,"author":{"gitId":"Alex-Chen-666"},"content":" * Parse user input into meaningful instructions.","lastModifiedDate":"2026-01-28T18:57:38","isFullCredit":false},{"lineNumber":3,"author":{"gitId":"Alex-Chen-666"},"content":" */","lastModifiedDate":"2026-01-28T18:57:38","isFullCredit":false},{"lineNumber":4,"author":{"gitId":"Alex-Chen-666"},"content":"public class Parser {","lastModifiedDate":"2026-01-28T18:57:38","isFullCredit":false},{"lineNumber":5,"author":{"gitId":"Alex-Chen-666"},"content":"    /**","lastModifiedDate":"2026-01-28T18:57:38","isFullCredit":false},{"lineNumber":6,"author":{"gitId":"Alex-Chen-666"},"content":"     * Returns true if the user input is the exit command.","lastModifiedDate":"2026-01-28T18:57:38","isFullCredit":false},{"lineNumber":7,"author":{"gitId":"Alex-Chen-666"},"content":"     *","lastModifiedDate":"2026-01-28T18:57:38","isFullCredit":false},{"lineNumber":8,"author":{"gitId":"Alex-Chen-666"},"content":"     * @param input Full user input string.","lastModifiedDate":"2026-01-28T18:57:38","isFullCredit":false},{"lineNumber":9,"author":{"gitId":"Alex-Chen-666"},"content":"     * @return true/false","lastModifiedDate":"2026-01-28T18:57:38","isFullCredit":false},{"lineNumber":10,"author":{"gitId":"Alex-Chen-666"},"content":"     */","lastModifiedDate":"2026-01-28T18:57:38","isFullCredit":false},{"lineNumber":11,"author":{"gitId":"Alex-Chen-666"},"content":"    public static boolean isExit(String input) {","lastModifiedDate":"2026-01-28T18:57:38","isFullCredit":false},{"lineNumber":12,"author":{"gitId":"Alex-Chen-666"},"content":"        return input.trim().equalsIgnoreCase(\"bye\");","lastModifiedDate":"2026-01-28T18:57:38","isFullCredit":false},{"lineNumber":13,"author":{"gitId":"Alex-Chen-666"},"content":"    }","lastModifiedDate":"2026-01-28T18:57:38","isFullCredit":false},{"lineNumber":14,"author":{"gitId":"Alex-Chen-666"},"content":"","lastModifiedDate":"2026-02-05T15:31:33","isFullCredit":false},{"lineNumber":15,"author":{"gitId":"Alex-Chen-666"},"content":"    public static boolean isList(String input) {","lastModifiedDate":"2026-01-28T19:26:24","isFullCredit":false},{"lineNumber":16,"author":{"gitId":"Alex-Chen-666"},"content":"        return input.trim().equalsIgnoreCase(\"list\");","lastModifiedDate":"2026-01-28T19:26:24","isFullCredit":false},{"lineNumber":17,"author":{"gitId":"Alex-Chen-666"},"content":"    }","lastModifiedDate":"2026-01-28T19:26:24","isFullCredit":false},{"lineNumber":18,"author":{"gitId":"Alex-Chen-666"},"content":"    /**","lastModifiedDate":"2026-01-28T22:03:39","isFullCredit":false},{"lineNumber":19,"author":{"gitId":"Alex-Chen-666"},"content":"     * mark command","lastModifiedDate":"2026-01-28T22:03:39","isFullCredit":false},{"lineNumber":20,"author":{"gitId":"Alex-Chen-666"},"content":"     *","lastModifiedDate":"2026-01-28T22:03:39","isFullCredit":false},{"lineNumber":21,"author":{"gitId":"Alex-Chen-666"},"content":"     * @param input Raw user input.","lastModifiedDate":"2026-01-28T22:03:39","isFullCredit":false},{"lineNumber":22,"author":{"gitId":"Alex-Chen-666"},"content":"     * @return true/false indicating if it is a mark command.","lastModifiedDate":"2026-01-28T22:03:39","isFullCredit":false},{"lineNumber":23,"author":{"gitId":"Alex-Chen-666"},"content":"     */","lastModifiedDate":"2026-01-28T22:03:39","isFullCredit":false},{"lineNumber":24,"author":{"gitId":"Alex-Chen-666"},"content":"    public static boolean isMark(String input) {","lastModifiedDate":"2026-01-28T22:03:39","isFullCredit":false},{"lineNumber":25,"author":{"gitId":"Alex-Chen-666"},"content":"        return input.trim().toLowerCase().startsWith(\"mark\");","lastModifiedDate":"2026-01-28T22:03:39","isFullCredit":false},{"lineNumber":26,"author":{"gitId":"Alex-Chen-666"},"content":"    }","lastModifiedDate":"2026-01-28T22:03:39","isFullCredit":false},{"lineNumber":27,"author":{"gitId":"Alex-Chen-666"},"content":"    public static boolean isUnmark(String input) {","lastModifiedDate":"2026-02-05T15:31:33","isFullCredit":false},{"lineNumber":28,"author":{"gitId":"Alex-Chen-666"},"content":"        return input.trim().toLowerCase().startsWith(\"unmark\");","lastModifiedDate":"2026-02-05T15:31:33","isFullCredit":false},{"lineNumber":29,"author":{"gitId":"Alex-Chen-666"},"content":"    }","lastModifiedDate":"2026-02-05T15:31:33","isFullCredit":false},{"lineNumber":30,"author":{"gitId":"Alex-Chen-666"},"content":"    /**","lastModifiedDate":"2026-01-28T22:03:39","isFullCredit":false},{"lineNumber":31,"author":{"gitId":"Alex-Chen-666"},"content":"     * Check if the command is a todo.","lastModifiedDate":"2026-02-05T15:31:33","isFullCredit":false},{"lineNumber":32,"author":{"gitId":"Alex-Chen-666"},"content":"     *","lastModifiedDate":"2026-01-28T22:03:39","isFullCredit":false},{"lineNumber":33,"author":{"gitId":"Alex-Chen-666"},"content":"     * @param input Raw input.","lastModifiedDate":"2026-02-05T15:31:33","isFullCredit":false},{"lineNumber":34,"author":{"gitId":"Alex-Chen-666"},"content":"     * @return true if it is a todo.","lastModifiedDate":"2026-02-05T15:31:33","isFullCredit":false},{"lineNumber":35,"author":{"gitId":"Alex-Chen-666"},"content":"     */","lastModifiedDate":"2026-01-28T22:03:39","isFullCredit":false},{"lineNumber":36,"author":{"gitId":"Alex-Chen-666"},"content":"    public static boolean isTodo(String input) {","lastModifiedDate":"2026-02-05T15:31:33","isFullCredit":false},{"lineNumber":37,"author":{"gitId":"Alex-Chen-666"},"content":"        return input.trim().toLowerCase().startsWith(\"todo\");","lastModifiedDate":"2026-02-05T15:31:33","isFullCredit":false},{"lineNumber":38,"author":{"gitId":"Alex-Chen-666"},"content":"    }","lastModifiedDate":"2026-02-05T15:31:33","isFullCredit":false},{"lineNumber":39,"author":{"gitId":"Alex-Chen-666"},"content":"    public static boolean isDeadline(String input) {","lastModifiedDate":"2026-02-05T15:31:33","isFullCredit":false},{"lineNumber":40,"author":{"gitId":"Alex-Chen-666"},"content":"        return input.trim().toLowerCase().startsWith(\"deadline\");","lastModifiedDate":"2026-02-05T15:31:33","isFullCredit":false},{"lineNumber":41,"author":{"gitId":"Alex-Chen-666"},"content":"    }","lastModifiedDate":"2026-02-05T15:31:33","isFullCredit":false},{"lineNumber":42,"author":{"gitId":"Alex-Chen-666"},"content":"    public static boolean isEvent(String input) {","lastModifiedDate":"2026-02-05T15:31:33","isFullCredit":false},{"lineNumber":43,"author":{"gitId":"Alex-Chen-666"},"content":"        return input.trim().toLowerCase().startsWith(\"event\");","lastModifiedDate":"2026-02-05T15:31:33","isFullCredit":false},{"lineNumber":44,"author":{"gitId":"Alex-Chen-666"},"content":"    }","lastModifiedDate":"2026-02-05T15:31:33","isFullCredit":false},{"lineNumber":45,"author":{"gitId":"Alex-Chen-666"},"content":"    /**","lastModifiedDate":"2026-02-05T15:31:33","isFullCredit":false},{"lineNumber":46,"author":{"gitId":"Alex-Chen-666"},"content":"     * Extracts the description of a todo.","lastModifiedDate":"2026-02-05T15:31:33","isFullCredit":false},{"lineNumber":47,"author":{"gitId":"Alex-Chen-666"},"content":"     *","lastModifiedDate":"2026-02-05T15:31:33","isFullCredit":false},{"lineNumber":48,"author":{"gitId":"Alex-Chen-666"},"content":"     * @param input Full command.","lastModifiedDate":"2026-02-05T15:31:33","isFullCredit":false},{"lineNumber":49,"author":{"gitId":"Alex-Chen-666"},"content":"     * @return Description string.","lastModifiedDate":"2026-02-05T15:31:33","isFullCredit":false},{"lineNumber":50,"author":{"gitId":"Alex-Chen-666"},"content":"     * @throws SigmaException If description is missing.","lastModifiedDate":"2026-02-05T15:31:33","isFullCredit":false},{"lineNumber":51,"author":{"gitId":"Alex-Chen-666"},"content":"     */","lastModifiedDate":"2026-02-05T15:31:33","isFullCredit":false},{"lineNumber":52,"author":{"gitId":"Alex-Chen-666"},"content":"    public static String getTodoInfo(String input) throws SigmaException {","lastModifiedDate":"2026-02-05T15:31:33","isFullCredit":false},{"lineNumber":53,"author":{"gitId":"Alex-Chen-666"},"content":"        String info \u003d input.replaceFirst(\"(?i)todo\", \"\").trim();","lastModifiedDate":"2026-02-05T15:31:33","isFullCredit":false},{"lineNumber":54,"author":{"gitId":"Alex-Chen-666"},"content":"        if (info.isEmpty()) {","lastModifiedDate":"2026-02-05T15:31:33","isFullCredit":false},{"lineNumber":55,"author":{"gitId":"Alex-Chen-666"},"content":"            throw new SigmaException(\"The description of a todo cannot be empty.\");","lastModifiedDate":"2026-02-05T15:31:33","isFullCredit":false},{"lineNumber":56,"author":{"gitId":"Alex-Chen-666"},"content":"        }","lastModifiedDate":"2026-02-05T15:31:33","isFullCredit":false},{"lineNumber":57,"author":{"gitId":"Alex-Chen-666"},"content":"        return info;","lastModifiedDate":"2026-02-05T15:31:33","isFullCredit":false},{"lineNumber":58,"author":{"gitId":"Alex-Chen-666"},"content":"    }","lastModifiedDate":"2026-02-05T15:31:33","isFullCredit":false},{"lineNumber":59,"author":{"gitId":"Alex-Chen-666"},"content":"","lastModifiedDate":"2026-02-05T15:31:33","isFullCredit":false},{"lineNumber":60,"author":{"gitId":"Alex-Chen-666"},"content":"    public static String[] getDeadlineInfo(String input) throws SigmaException {","lastModifiedDate":"2026-02-05T15:31:33","isFullCredit":false},{"lineNumber":61,"author":{"gitId":"Alex-Chen-666"},"content":"        String content \u003d input.replaceFirst(\"(?i)deadline\", \"\").trim();","lastModifiedDate":"2026-02-05T15:31:33","isFullCredit":false},{"lineNumber":62,"author":{"gitId":"Alex-Chen-666"},"content":"        String[] parts \u003d content.split(\" /by \");","lastModifiedDate":"2026-02-05T15:31:33","isFullCredit":false},{"lineNumber":63,"author":{"gitId":"Alex-Chen-666"},"content":"        if (parts.length \u003c 2 || parts[0].trim().isEmpty()) {","lastModifiedDate":"2026-02-05T15:31:33","isFullCredit":false},{"lineNumber":64,"author":{"gitId":"Alex-Chen-666"},"content":"            throw new SigmaException(\"Deadline format: deadline [description] /by [time]\");","lastModifiedDate":"2026-02-05T15:31:33","isFullCredit":false},{"lineNumber":65,"author":{"gitId":"Alex-Chen-666"},"content":"        }","lastModifiedDate":"2026-02-05T15:31:33","isFullCredit":false},{"lineNumber":66,"author":{"gitId":"Alex-Chen-666"},"content":"        return new String[]{parts[0].trim(),parts[1].trim()};","lastModifiedDate":"2026-02-05T15:31:33","isFullCredit":false},{"lineNumber":67,"author":{"gitId":"Alex-Chen-666"},"content":"    }","lastModifiedDate":"2026-02-05T15:31:33","isFullCredit":false},{"lineNumber":68,"author":{"gitId":"Alex-Chen-666"},"content":"","lastModifiedDate":"2026-02-05T15:31:33","isFullCredit":false},{"lineNumber":69,"author":{"gitId":"Alex-Chen-666"},"content":"    public static String[] getEventInfo(String input) throws SigmaException {","lastModifiedDate":"2026-02-05T15:31:33","isFullCredit":false},{"lineNumber":70,"author":{"gitId":"Alex-Chen-666"},"content":"        String content \u003d input.replaceFirst(\"(?i)event\", \"\").trim();","lastModifiedDate":"2026-02-05T15:31:33","isFullCredit":false},{"lineNumber":71,"author":{"gitId":"Alex-Chen-666"},"content":"        String[] parts \u003d content.split(\" /from | /to \");","lastModifiedDate":"2026-02-05T15:31:33","isFullCredit":false},{"lineNumber":72,"author":{"gitId":"Alex-Chen-666"},"content":"        if (parts.length \u003c 3) {","lastModifiedDate":"2026-02-05T15:31:33","isFullCredit":false},{"lineNumber":73,"author":{"gitId":"Alex-Chen-666"},"content":"            throw new SigmaException(\"Event format: event [description] /from [start] /to [end]\");","lastModifiedDate":"2026-02-05T15:31:33","isFullCredit":false},{"lineNumber":74,"author":{"gitId":"Alex-Chen-666"},"content":"        }","lastModifiedDate":"2026-02-05T15:31:33","isFullCredit":false},{"lineNumber":75,"author":{"gitId":"Alex-Chen-666"},"content":"        return new String[]{parts[0].trim(), parts[1].trim(), parts[2].trim()};","lastModifiedDate":"2026-02-05T15:31:33","isFullCredit":false},{"lineNumber":76,"author":{"gitId":"Alex-Chen-666"},"content":"    }","lastModifiedDate":"2026-01-28T22:03:39","isFullCredit":false},{"lineNumber":77,"author":{"gitId":"Alex-Chen-666"},"content":"    /**","lastModifiedDate":"2026-01-28T22:03:39","isFullCredit":false},{"lineNumber":78,"author":{"gitId":"Alex-Chen-666"},"content":"     * Extract the integer index of the task to be marked/unmarked.","lastModifiedDate":"2026-01-28T22:03:39","isFullCredit":false},{"lineNumber":79,"author":{"gitId":"Alex-Chen-666"},"content":"     *","lastModifiedDate":"2026-01-28T22:03:39","isFullCredit":false},{"lineNumber":80,"author":{"gitId":"Alex-Chen-666"},"content":"     * @param input The full command.","lastModifiedDate":"2026-01-28T22:03:39","isFullCredit":false},{"lineNumber":81,"author":{"gitId":"Alex-Chen-666"},"content":"     * @return The integer part.","lastModifiedDate":"2026-01-28T22:03:39","isFullCredit":false},{"lineNumber":82,"author":{"gitId":"Alex-Chen-666"},"content":"     * @throws SigmaException If the input is not a valid integer.","lastModifiedDate":"2026-01-28T22:03:39","isFullCredit":false},{"lineNumber":83,"author":{"gitId":"Alex-Chen-666"},"content":"     */","lastModifiedDate":"2026-01-28T22:03:39","isFullCredit":false},{"lineNumber":84,"author":{"gitId":"Alex-Chen-666"},"content":"    public static int extractIndex(String input) throws SigmaException {","lastModifiedDate":"2026-01-28T22:03:39","isFullCredit":false},{"lineNumber":85,"author":{"gitId":"Alex-Chen-666"},"content":"        try {","lastModifiedDate":"2026-01-28T22:03:39","isFullCredit":false},{"lineNumber":86,"author":{"gitId":"Alex-Chen-666"},"content":"            String[] parts \u003d input.trim().split(\" \");","lastModifiedDate":"2026-01-28T22:03:39","isFullCredit":false},{"lineNumber":87,"author":{"gitId":"Alex-Chen-666"},"content":"            return Integer.parseInt(parts[1]);","lastModifiedDate":"2026-01-28T22:03:39","isFullCredit":false},{"lineNumber":88,"author":{"gitId":"Alex-Chen-666"},"content":"        } catch (NumberFormatException | ArrayIndexOutOfBoundsException e) {","lastModifiedDate":"2026-01-28T22:03:39","isFullCredit":false},{"lineNumber":89,"author":{"gitId":"Alex-Chen-666"},"content":"            throw new SigmaException(\"Please provide a valid task number.\");","lastModifiedDate":"2026-01-28T22:03:39","isFullCredit":false},{"lineNumber":90,"author":{"gitId":"Alex-Chen-666"},"content":"        }","lastModifiedDate":"2026-01-28T22:03:39","isFullCredit":false},{"lineNumber":91,"author":{"gitId":"Alex-Chen-666"},"content":"    }","lastModifiedDate":"2026-01-28T22:03:39","isFullCredit":false},{"lineNumber":92,"author":{"gitId":"Alex-Chen-666"},"content":"}","lastModifiedDate":"2026-01-28T18:57:38","isFullCredit":false}],"authorContributionMap":{"Alex-Chen-666":92}},{"path":"src/main/java/Sigma.java","fileType":"java","lines":[{"lineNumber":1,"author":{"gitId":"Alex-Chen-666"},"content":"/**","lastModifiedDate":"2026-01-28T18:57:38","isFullCredit":false},{"lineNumber":2,"author":{"gitId":"Alex-Chen-666"},"content":" * Main class for the Sigma chatbot.","lastModifiedDate":"2026-01-28T18:57:38","isFullCredit":false},{"lineNumber":3,"author":{"gitId":"Alex-Chen-666"},"content":" */","lastModifiedDate":"2026-01-28T18:57:38","isFullCredit":false},{"lineNumber":4,"author":{"gitId":"Alex-Chen-666"},"content":"public class Sigma {","lastModifiedDate":"2026-01-24T11:42:02","isFullCredit":false},{"lineNumber":5,"author":{"gitId":"Alex-Chen-666"},"content":"    private final UI ui;","lastModifiedDate":"2026-01-28T18:57:38","isFullCredit":false},{"lineNumber":6,"author":{"gitId":"Alex-Chen-666"},"content":"    private static final String BOT_NAME \u003d \"Sigma\";","lastModifiedDate":"2026-01-28T18:57:38","isFullCredit":false},{"lineNumber":7,"author":{"gitId":"Alex-Chen-666"},"content":"    private final Tasks tasks;","lastModifiedDate":"2026-01-28T19:26:24","isFullCredit":false},{"lineNumber":8,"author":{"gitId":"Alex-Chen-666"},"content":"    /** Constructor */","lastModifiedDate":"2026-01-28T22:03:39","isFullCredit":false},{"lineNumber":9,"author":{"gitId":"Alex-Chen-666"},"content":"    public Sigma() {","lastModifiedDate":"2026-01-28T18:57:38","isFullCredit":false},{"lineNumber":10,"author":{"gitId":"Alex-Chen-666"},"content":"        ui \u003d new UI();","lastModifiedDate":"2026-01-28T18:57:38","isFullCredit":false},{"lineNumber":11,"author":{"gitId":"Alex-Chen-666"},"content":"        this.tasks \u003d new Tasks();","lastModifiedDate":"2026-01-28T19:26:24","isFullCredit":false},{"lineNumber":12,"author":{"gitId":"Alex-Chen-666"},"content":"    }","lastModifiedDate":"2026-01-28T18:57:38","isFullCredit":false},{"lineNumber":13,"author":{"gitId":"Alex-Chen-666"},"content":"    /**","lastModifiedDate":"2026-01-28T18:57:38","isFullCredit":false},{"lineNumber":14,"author":{"gitId":"Alex-Chen-666"},"content":"     * Starts the main loop of the chatbot.","lastModifiedDate":"2026-01-28T18:57:38","isFullCredit":false},{"lineNumber":15,"author":{"gitId":"Alex-Chen-666"},"content":"     */","lastModifiedDate":"2026-01-28T18:57:38","isFullCredit":false},{"lineNumber":16,"author":{"gitId":"Alex-Chen-666"},"content":"    public void run() {","lastModifiedDate":"2026-01-28T18:57:38","isFullCredit":false},{"lineNumber":17,"author":{"gitId":"Alex-Chen-666"},"content":"        ui.printWelcome(BOT_NAME);","lastModifiedDate":"2026-01-28T18:57:38","isFullCredit":false},{"lineNumber":18,"author":{"gitId":"Alex-Chen-666"},"content":"        boolean isExit \u003d false;","lastModifiedDate":"2026-01-28T18:57:38","isFullCredit":false},{"lineNumber":19,"author":{"gitId":"Alex-Chen-666"},"content":"        while (!isExit) {","lastModifiedDate":"2026-01-28T18:57:38","isFullCredit":false},{"lineNumber":20,"author":{"gitId":"Alex-Chen-666"},"content":"            try {","lastModifiedDate":"2026-01-28T18:57:38","isFullCredit":false},{"lineNumber":21,"author":{"gitId":"Alex-Chen-666"},"content":"                String fullCommand \u003d ui.readCommand();","lastModifiedDate":"2026-01-28T18:57:38","isFullCredit":false},{"lineNumber":22,"author":{"gitId":"Alex-Chen-666"},"content":"","lastModifiedDate":"2026-01-24T11:42:02","isFullCredit":false},{"lineNumber":23,"author":{"gitId":"Alex-Chen-666"},"content":"                if (Parser.isExit(fullCommand)) { // User inputs \u0027bye\u0027","lastModifiedDate":"2026-01-28T18:57:38","isFullCredit":false},{"lineNumber":24,"author":{"gitId":"Alex-Chen-666"},"content":"                    isExit \u003d true;","lastModifiedDate":"2026-01-28T18:57:38","isFullCredit":false},{"lineNumber":25,"author":{"gitId":"Alex-Chen-666"},"content":"                    ui.printLine();","lastModifiedDate":"2026-01-28T18:57:38","isFullCredit":false},{"lineNumber":26,"author":{"gitId":"Alex-Chen-666"},"content":"                    ui.printMessage(\"Bye. Hope to see you again soon!\");","lastModifiedDate":"2026-01-28T22:03:39","isFullCredit":false},{"lineNumber":27,"author":{"gitId":"Alex-Chen-666"},"content":"                    ui.printLine();","lastModifiedDate":"2026-01-28T18:57:38","isFullCredit":false},{"lineNumber":28,"author":{"gitId":"Alex-Chen-666"},"content":"                } else if (fullCommand.isEmpty()) {  // Empty input","lastModifiedDate":"2026-01-28T18:57:38","isFullCredit":false},{"lineNumber":29,"author":{"gitId":"Alex-Chen-666"},"content":"                    throw new SigmaException(\"Command cannot be empty!\");","lastModifiedDate":"2026-01-28T18:57:38","isFullCredit":false},{"lineNumber":30,"author":{"gitId":"Alex-Chen-666"},"content":"                } else if (Parser.isList(fullCommand)) {   // User inputs \u0027list\u0027","lastModifiedDate":"2026-01-28T19:26:24","isFullCredit":false},{"lineNumber":31,"author":{"gitId":"Alex-Chen-666"},"content":"                    ui.printTasks(tasks.getTasks(), tasks.getTaskCount());","lastModifiedDate":"2026-01-28T19:26:24","isFullCredit":false},{"lineNumber":32,"author":{"gitId":"Alex-Chen-666"},"content":"                } else if (Parser.isMark(fullCommand)) { // Mark","lastModifiedDate":"2026-01-28T22:03:39","isFullCredit":false},{"lineNumber":33,"author":{"gitId":"Alex-Chen-666"},"content":"                    int index \u003d Parser.extractIndex(fullCommand);","lastModifiedDate":"2026-01-28T22:03:39","isFullCredit":false},{"lineNumber":34,"author":{"gitId":"Alex-Chen-666"},"content":"                    Task selectedTask \u003d tasks.getTask(index);","lastModifiedDate":"2026-01-28T22:03:39","isFullCredit":false},{"lineNumber":35,"author":{"gitId":"Alex-Chen-666"},"content":"                    selectedTask.markAsDone();","lastModifiedDate":"2026-01-28T22:03:39","isFullCredit":false},{"lineNumber":36,"author":{"gitId":"Alex-Chen-666"},"content":"                    ui.printLine();","lastModifiedDate":"2026-01-28T22:03:39","isFullCredit":false},{"lineNumber":37,"author":{"gitId":"Alex-Chen-666"},"content":"                    ui.printMessage(\"Nice! I\u0027ve marked this task as done:\");","lastModifiedDate":"2026-01-28T22:03:39","isFullCredit":false},{"lineNumber":38,"author":{"gitId":"Alex-Chen-666"},"content":"                    ui.printMessage(selectedTask.toString());","lastModifiedDate":"2026-02-05T15:31:33","isFullCredit":false},{"lineNumber":39,"author":{"gitId":"Alex-Chen-666"},"content":"                    ui.printLine();","lastModifiedDate":"2026-01-28T22:03:39","isFullCredit":false},{"lineNumber":40,"author":{"gitId":"Alex-Chen-666"},"content":"                } else if (Parser.isUnmark(fullCommand)) { // Unmark","lastModifiedDate":"2026-01-28T22:03:39","isFullCredit":false},{"lineNumber":41,"author":{"gitId":"Alex-Chen-666"},"content":"                    int index \u003d Parser.extractIndex(fullCommand);","lastModifiedDate":"2026-01-28T22:03:39","isFullCredit":false},{"lineNumber":42,"author":{"gitId":"Alex-Chen-666"},"content":"                    Task selectedTask \u003d tasks.getTask(index);","lastModifiedDate":"2026-01-28T22:03:39","isFullCredit":false},{"lineNumber":43,"author":{"gitId":"Alex-Chen-666"},"content":"                    selectedTask.unmarkAsDone();","lastModifiedDate":"2026-01-28T22:03:39","isFullCredit":false},{"lineNumber":44,"author":{"gitId":"Alex-Chen-666"},"content":"                    ui.printLine();","lastModifiedDate":"2026-01-28T22:03:39","isFullCredit":false},{"lineNumber":45,"author":{"gitId":"Alex-Chen-666"},"content":"                    ui.printMessage(\"OK, I\u0027ve marked this task as not done yet:\");","lastModifiedDate":"2026-01-28T22:03:39","isFullCredit":false},{"lineNumber":46,"author":{"gitId":"Alex-Chen-666"},"content":"                    ui.printMessage(selectedTask.toString());","lastModifiedDate":"2026-02-05T15:31:33","isFullCredit":false},{"lineNumber":47,"author":{"gitId":"Alex-Chen-666"},"content":"                    ui.printLine();","lastModifiedDate":"2026-01-28T22:03:39","isFullCredit":false},{"lineNumber":48,"author":{"gitId":"Alex-Chen-666"},"content":"                } else if (Parser.isTodo(fullCommand)) {","lastModifiedDate":"2026-02-05T15:31:33","isFullCredit":false},{"lineNumber":49,"author":{"gitId":"Alex-Chen-666"},"content":"                    Task t \u003d new Todo(Parser.getTodoInfo(fullCommand));","lastModifiedDate":"2026-02-05T15:31:33","isFullCredit":false},{"lineNumber":50,"author":{"gitId":"Alex-Chen-666"},"content":"                    tasks.addTask(t);","lastModifiedDate":"2026-02-05T15:31:33","isFullCredit":false},{"lineNumber":51,"author":{"gitId":"Alex-Chen-666"},"content":"                    ui.printTaskAdded(t, tasks.getTaskCount());","lastModifiedDate":"2026-02-05T15:31:33","isFullCredit":false},{"lineNumber":52,"author":{"gitId":"Alex-Chen-666"},"content":"                } else if (Parser.isDeadline(fullCommand)) {","lastModifiedDate":"2026-02-05T15:31:33","isFullCredit":false},{"lineNumber":53,"author":{"gitId":"Alex-Chen-666"},"content":"                    String[] info \u003d Parser.getDeadlineInfo(fullCommand);","lastModifiedDate":"2026-02-05T15:31:33","isFullCredit":false},{"lineNumber":54,"author":{"gitId":"Alex-Chen-666"},"content":"                    Task t \u003d new Deadline(info[0], info[1]);","lastModifiedDate":"2026-02-05T15:31:33","isFullCredit":false},{"lineNumber":55,"author":{"gitId":"Alex-Chen-666"},"content":"                    tasks.addTask(t);","lastModifiedDate":"2026-02-05T15:31:33","isFullCredit":false},{"lineNumber":56,"author":{"gitId":"Alex-Chen-666"},"content":"                    ui.printTaskAdded(t, tasks.getTaskCount());","lastModifiedDate":"2026-02-05T15:31:33","isFullCredit":false},{"lineNumber":57,"author":{"gitId":"Alex-Chen-666"},"content":"                } else if (Parser.isEvent(fullCommand)) {","lastModifiedDate":"2026-02-05T15:31:33","isFullCredit":false},{"lineNumber":58,"author":{"gitId":"Alex-Chen-666"},"content":"                    String[] info \u003d Parser.getEventInfo(fullCommand);","lastModifiedDate":"2026-02-05T15:31:33","isFullCredit":false},{"lineNumber":59,"author":{"gitId":"Alex-Chen-666"},"content":"                    Task t \u003d new Event(info[0], info[1], info[2]);","lastModifiedDate":"2026-02-05T15:31:33","isFullCredit":false},{"lineNumber":60,"author":{"gitId":"Alex-Chen-666"},"content":"                    tasks.addTask(t);","lastModifiedDate":"2026-02-05T15:31:33","isFullCredit":false},{"lineNumber":61,"author":{"gitId":"Alex-Chen-666"},"content":"                    ui.printTaskAdded(t, tasks.getTaskCount());","lastModifiedDate":"2026-02-05T15:31:33","isFullCredit":false},{"lineNumber":62,"author":{"gitId":"Alex-Chen-666"},"content":"                } else {","lastModifiedDate":"2026-01-28T18:57:38","isFullCredit":false},{"lineNumber":63,"author":{"gitId":"Alex-Chen-666"},"content":"                    throw new SigmaException(\"I\u0027m sorry, I don\u0027t know what that means\");","lastModifiedDate":"2026-02-05T15:31:33","isFullCredit":false},{"lineNumber":64,"author":{"gitId":"Alex-Chen-666"},"content":"                }","lastModifiedDate":"2026-01-28T18:57:38","isFullCredit":false},{"lineNumber":65,"author":{"gitId":"Alex-Chen-666"},"content":"            } catch (SigmaException e) {","lastModifiedDate":"2026-01-28T18:57:38","isFullCredit":false},{"lineNumber":66,"author":{"gitId":"Alex-Chen-666"},"content":"                ui.printLine();","lastModifiedDate":"2026-01-28T18:57:38","isFullCredit":false},{"lineNumber":67,"author":{"gitId":"Alex-Chen-666"},"content":"                ui.printMessage(\"Error: \" + e.getMessage());","lastModifiedDate":"2026-01-28T18:57:38","isFullCredit":false},{"lineNumber":68,"author":{"gitId":"Alex-Chen-666"},"content":"                ui.printLine();","lastModifiedDate":"2026-01-28T18:57:38","isFullCredit":false},{"lineNumber":69,"author":{"gitId":"Alex-Chen-666"},"content":"            }","lastModifiedDate":"2026-01-28T18:57:38","isFullCredit":false},{"lineNumber":70,"author":{"gitId":"Alex-Chen-666"},"content":"        }","lastModifiedDate":"2026-01-28T18:57:38","isFullCredit":false},{"lineNumber":71,"author":{"gitId":"Alex-Chen-666"},"content":"    }","lastModifiedDate":"2026-01-28T18:57:38","isFullCredit":false},{"lineNumber":72,"author":{"gitId":"Alex-Chen-666"},"content":"","lastModifiedDate":"2026-01-24T11:42:02","isFullCredit":false},{"lineNumber":73,"author":{"gitId":"Alex-Chen-666"},"content":"    public static void main(String[] args) {","lastModifiedDate":"2026-01-28T18:57:38","isFullCredit":false},{"lineNumber":74,"author":{"gitId":"Alex-Chen-666"},"content":"        new Sigma().run();","lastModifiedDate":"2026-01-28T18:57:38","isFullCredit":false},{"lineNumber":75,"author":{"gitId":"Alex-Chen-666"},"content":"    }","lastModifiedDate":"2026-01-24T11:42:02","isFullCredit":false},{"lineNumber":76,"author":{"gitId":"Alex-Chen-666"},"content":"}","lastModifiedDate":"2026-01-24T11:42:02","isFullCredit":false}],"authorContributionMap":{"Alex-Chen-666":76}},{"path":"src/main/java/SigmaException.java","fileType":"java","lines":[{"lineNumber":1,"author":{"gitId":"Alex-Chen-666"},"content":"/**","lastModifiedDate":"2026-01-28T18:57:38","isFullCredit":false},{"lineNumber":2,"author":{"gitId":"Alex-Chen-666"},"content":" * exceptions specific to the Sigma chatbot.","lastModifiedDate":"2026-01-28T18:57:38","isFullCredit":false},{"lineNumber":3,"author":{"gitId":"Alex-Chen-666"},"content":" */","lastModifiedDate":"2026-01-28T18:57:38","isFullCredit":false},{"lineNumber":4,"author":{"gitId":"Alex-Chen-666"},"content":"public class SigmaException extends Exception {","lastModifiedDate":"2026-01-28T18:57:38","isFullCredit":false},{"lineNumber":5,"author":{"gitId":"Alex-Chen-666"},"content":"    /**","lastModifiedDate":"2026-01-28T18:57:38","isFullCredit":false},{"lineNumber":6,"author":{"gitId":"Alex-Chen-666"},"content":"     * Constructs a new SigmaException with the specified detail message.","lastModifiedDate":"2026-01-28T18:57:38","isFullCredit":false},{"lineNumber":7,"author":{"gitId":"Alex-Chen-666"},"content":"     *","lastModifiedDate":"2026-01-28T18:57:38","isFullCredit":false},{"lineNumber":8,"author":{"gitId":"Alex-Chen-666"},"content":"     * @param message The error message.","lastModifiedDate":"2026-01-28T18:57:38","isFullCredit":false},{"lineNumber":9,"author":{"gitId":"Alex-Chen-666"},"content":"     */","lastModifiedDate":"2026-01-28T18:57:38","isFullCredit":false},{"lineNumber":10,"author":{"gitId":"Alex-Chen-666"},"content":"    public SigmaException(String message) {","lastModifiedDate":"2026-01-28T18:57:38","isFullCredit":false},{"lineNumber":11,"author":{"gitId":"Alex-Chen-666"},"content":"        super(message);","lastModifiedDate":"2026-01-28T18:57:38","isFullCredit":false},{"lineNumber":12,"author":{"gitId":"Alex-Chen-666"},"content":"    }","lastModifiedDate":"2026-01-28T18:57:38","isFullCredit":false},{"lineNumber":13,"author":{"gitId":"Alex-Chen-666"},"content":"}","lastModifiedDate":"2026-01-28T18:57:38","isFullCredit":false}],"authorContributionMap":{"Alex-Chen-666":13}},{"path":"src/main/java/Task.java","fileType":"java","lines":[{"lineNumber":1,"author":{"gitId":"Alex-Chen-666"},"content":"/**","lastModifiedDate":"2026-01-28T22:03:39","isFullCredit":false},{"lineNumber":2,"author":{"gitId":"Alex-Chen-666"},"content":" * a task with a description and completion status.","lastModifiedDate":"2026-01-28T22:03:39","isFullCredit":false},{"lineNumber":3,"author":{"gitId":"Alex-Chen-666"},"content":" */","lastModifiedDate":"2026-01-28T22:03:39","isFullCredit":false},{"lineNumber":4,"author":{"gitId":"Alex-Chen-666"},"content":"public class Task {","lastModifiedDate":"2026-01-28T22:03:39","isFullCredit":false},{"lineNumber":5,"author":{"gitId":"Alex-Chen-666"},"content":"    /** Description of the task */","lastModifiedDate":"2026-01-28T22:03:39","isFullCredit":false},{"lineNumber":6,"author":{"gitId":"Alex-Chen-666"},"content":"    protected String description;","lastModifiedDate":"2026-02-05T15:31:33","isFullCredit":false},{"lineNumber":7,"author":{"gitId":"Alex-Chen-666"},"content":"    /** Completion status of the task */","lastModifiedDate":"2026-01-28T22:03:39","isFullCredit":false},{"lineNumber":8,"author":{"gitId":"Alex-Chen-666"},"content":"    protected boolean isDone;","lastModifiedDate":"2026-02-05T15:31:33","isFullCredit":false},{"lineNumber":9,"author":{"gitId":"Alex-Chen-666"},"content":"    /**","lastModifiedDate":"2026-01-28T22:03:39","isFullCredit":false},{"lineNumber":10,"author":{"gitId":"Alex-Chen-666"},"content":"     * Initialize a task","lastModifiedDate":"2026-01-28T22:03:39","isFullCredit":false},{"lineNumber":11,"author":{"gitId":"Alex-Chen-666"},"content":"     *","lastModifiedDate":"2026-01-28T22:03:39","isFullCredit":false},{"lineNumber":12,"author":{"gitId":"Alex-Chen-666"},"content":"     * @param description The content of the task.","lastModifiedDate":"2026-01-28T22:03:39","isFullCredit":false},{"lineNumber":13,"author":{"gitId":"Alex-Chen-666"},"content":"     */","lastModifiedDate":"2026-01-28T22:03:39","isFullCredit":false},{"lineNumber":14,"author":{"gitId":"Alex-Chen-666"},"content":"    public Task(String description) {","lastModifiedDate":"2026-01-28T22:03:39","isFullCredit":false},{"lineNumber":15,"author":{"gitId":"Alex-Chen-666"},"content":"        this.description \u003d description;","lastModifiedDate":"2026-01-28T22:03:39","isFullCredit":false},{"lineNumber":16,"author":{"gitId":"Alex-Chen-666"},"content":"        this.isDone \u003d false;","lastModifiedDate":"2026-01-28T22:03:39","isFullCredit":false},{"lineNumber":17,"author":{"gitId":"Alex-Chen-666"},"content":"    }","lastModifiedDate":"2026-01-28T22:03:39","isFullCredit":false},{"lineNumber":18,"author":{"gitId":"Alex-Chen-666"},"content":"","lastModifiedDate":"2026-01-28T22:03:39","isFullCredit":false},{"lineNumber":19,"author":{"gitId":"Alex-Chen-666"},"content":"    /**","lastModifiedDate":"2026-01-28T22:03:39","isFullCredit":false},{"lineNumber":20,"author":{"gitId":"Alex-Chen-666"},"content":"     * Return the status icon depending on whether the task is done.","lastModifiedDate":"2026-01-28T22:03:39","isFullCredit":false},{"lineNumber":21,"author":{"gitId":"Alex-Chen-666"},"content":"     *","lastModifiedDate":"2026-01-28T22:03:39","isFullCredit":false},{"lineNumber":22,"author":{"gitId":"Alex-Chen-666"},"content":"     * @return A string representing the status(\"X\" for done,\" \" for not done)","lastModifiedDate":"2026-01-28T22:03:39","isFullCredit":false},{"lineNumber":23,"author":{"gitId":"Alex-Chen-666"},"content":"     */","lastModifiedDate":"2026-01-28T22:03:39","isFullCredit":false},{"lineNumber":24,"author":{"gitId":"Alex-Chen-666"},"content":"    public String getStatusIcon() {","lastModifiedDate":"2026-01-28T22:03:39","isFullCredit":false},{"lineNumber":25,"author":{"gitId":"Alex-Chen-666"},"content":"        return (isDone?\"X\":\" \");","lastModifiedDate":"2026-01-28T22:03:39","isFullCredit":false},{"lineNumber":26,"author":{"gitId":"Alex-Chen-666"},"content":"    }","lastModifiedDate":"2026-01-28T22:03:39","isFullCredit":false},{"lineNumber":27,"author":{"gitId":"Alex-Chen-666"},"content":"    /**","lastModifiedDate":"2026-01-28T22:03:39","isFullCredit":false},{"lineNumber":28,"author":{"gitId":"Alex-Chen-666"},"content":"     * Mark the task as done.","lastModifiedDate":"2026-01-28T22:03:39","isFullCredit":false},{"lineNumber":29,"author":{"gitId":"Alex-Chen-666"},"content":"     */","lastModifiedDate":"2026-01-28T22:03:39","isFullCredit":false},{"lineNumber":30,"author":{"gitId":"Alex-Chen-666"},"content":"    public void markAsDone() {","lastModifiedDate":"2026-01-28T22:03:39","isFullCredit":false},{"lineNumber":31,"author":{"gitId":"Alex-Chen-666"},"content":"        this.isDone \u003d true;","lastModifiedDate":"2026-01-28T22:03:39","isFullCredit":false},{"lineNumber":32,"author":{"gitId":"Alex-Chen-666"},"content":"    }","lastModifiedDate":"2026-01-28T22:03:39","isFullCredit":false},{"lineNumber":33,"author":{"gitId":"Alex-Chen-666"},"content":"    /**","lastModifiedDate":"2026-01-28T22:03:39","isFullCredit":false},{"lineNumber":34,"author":{"gitId":"Alex-Chen-666"},"content":"     * Mark the task as not done.","lastModifiedDate":"2026-01-28T22:03:39","isFullCredit":false},{"lineNumber":35,"author":{"gitId":"Alex-Chen-666"},"content":"     */","lastModifiedDate":"2026-01-28T22:03:39","isFullCredit":false},{"lineNumber":36,"author":{"gitId":"Alex-Chen-666"},"content":"    public void unmarkAsDone() {","lastModifiedDate":"2026-01-28T22:03:39","isFullCredit":false},{"lineNumber":37,"author":{"gitId":"Alex-Chen-666"},"content":"        this.isDone \u003d false;","lastModifiedDate":"2026-01-28T22:03:39","isFullCredit":false},{"lineNumber":38,"author":{"gitId":"Alex-Chen-666"},"content":"    }","lastModifiedDate":"2026-01-28T22:03:39","isFullCredit":false},{"lineNumber":39,"author":{"gitId":"Alex-Chen-666"},"content":"    /**","lastModifiedDate":"2026-01-28T22:03:39","isFullCredit":false},{"lineNumber":40,"author":{"gitId":"Alex-Chen-666"},"content":"     * Return a string representation of the task including status.","lastModifiedDate":"2026-01-28T22:03:39","isFullCredit":false},{"lineNumber":41,"author":{"gitId":"Alex-Chen-666"},"content":"     *","lastModifiedDate":"2026-01-28T22:03:39","isFullCredit":false},{"lineNumber":42,"author":{"gitId":"Alex-Chen-666"},"content":"     * @return The formatted string of the task.","lastModifiedDate":"2026-01-28T22:03:39","isFullCredit":false},{"lineNumber":43,"author":{"gitId":"Alex-Chen-666"},"content":"     */","lastModifiedDate":"2026-01-28T22:03:39","isFullCredit":false},{"lineNumber":44,"author":{"gitId":"Alex-Chen-666"},"content":"    public String toString() {","lastModifiedDate":"2026-02-05T15:31:33","isFullCredit":false},{"lineNumber":45,"author":{"gitId":"Alex-Chen-666"},"content":"        return \"[\" + getStatusIcon() + \"] \" + description;","lastModifiedDate":"2026-01-28T22:03:39","isFullCredit":false},{"lineNumber":46,"author":{"gitId":"Alex-Chen-666"},"content":"    }","lastModifiedDate":"2026-01-28T22:03:39","isFullCredit":false},{"lineNumber":47,"author":{"gitId":"Alex-Chen-666"},"content":"}","lastModifiedDate":"2026-01-28T22:03:39","isFullCredit":false}],"authorContributionMap":{"Alex-Chen-666":47}},{"path":"src/main/java/Tasks.java","fileType":"java","lines":[{"lineNumber":1,"author":{"gitId":"Alex-Chen-666"},"content":"/**","lastModifiedDate":"2026-01-28T19:26:24","isFullCredit":false},{"lineNumber":2,"author":{"gitId":"Alex-Chen-666"},"content":" * Manage list of tasks.","lastModifiedDate":"2026-01-28T19:26:24","isFullCredit":false},{"lineNumber":3,"author":{"gitId":"Alex-Chen-666"},"content":" */","lastModifiedDate":"2026-01-28T19:26:24","isFullCredit":false},{"lineNumber":4,"author":{"gitId":"Alex-Chen-666"},"content":"public class Tasks {","lastModifiedDate":"2026-01-28T19:26:24","isFullCredit":false},{"lineNumber":5,"author":{"gitId":"Alex-Chen-666"},"content":"    private static final int MAX_TASKS \u003d 100;","lastModifiedDate":"2026-01-28T19:26:24","isFullCredit":false},{"lineNumber":6,"author":{"gitId":"Alex-Chen-666"},"content":"    /** store task descriptions */","lastModifiedDate":"2026-01-28T19:26:24","isFullCredit":false},{"lineNumber":7,"author":{"gitId":"Alex-Chen-666"},"content":"    private final Task[] tasks;","lastModifiedDate":"2026-01-28T22:03:39","isFullCredit":false},{"lineNumber":8,"author":{"gitId":"Alex-Chen-666"},"content":"    /** Number of tasks currently in the list */","lastModifiedDate":"2026-01-28T19:26:24","isFullCredit":false},{"lineNumber":9,"author":{"gitId":"Alex-Chen-666"},"content":"    private int taskCount;","lastModifiedDate":"2026-01-28T19:26:24","isFullCredit":false},{"lineNumber":10,"author":{"gitId":"Alex-Chen-666"},"content":"    /** Constructor */","lastModifiedDate":"2026-01-28T19:26:24","isFullCredit":false},{"lineNumber":11,"author":{"gitId":"Alex-Chen-666"},"content":"    public Tasks() {","lastModifiedDate":"2026-01-28T19:26:24","isFullCredit":false},{"lineNumber":12,"author":{"gitId":"Alex-Chen-666"},"content":"        this.tasks \u003d new Task[MAX_TASKS];","lastModifiedDate":"2026-01-28T22:03:39","isFullCredit":false},{"lineNumber":13,"author":{"gitId":"Alex-Chen-666"},"content":"        this.taskCount \u003d 0;","lastModifiedDate":"2026-01-28T19:26:24","isFullCredit":false},{"lineNumber":14,"author":{"gitId":"Alex-Chen-666"},"content":"    }","lastModifiedDate":"2026-01-28T19:26:24","isFullCredit":false},{"lineNumber":15,"author":{"gitId":"Alex-Chen-666"},"content":"    /**","lastModifiedDate":"2026-01-28T19:26:24","isFullCredit":false},{"lineNumber":16,"author":{"gitId":"Alex-Chen-666"},"content":"     * Add a task to the list.","lastModifiedDate":"2026-01-28T19:26:24","isFullCredit":false},{"lineNumber":17,"author":{"gitId":"Alex-Chen-666"},"content":"     *","lastModifiedDate":"2026-01-28T19:26:24","isFullCredit":false},{"lineNumber":18,"author":{"gitId":"Alex-Chen-666"},"content":"     * @param task The description of the task.","lastModifiedDate":"2026-01-28T19:26:24","isFullCredit":false},{"lineNumber":19,"author":{"gitId":"Alex-Chen-666"},"content":"     */","lastModifiedDate":"2026-01-28T19:26:24","isFullCredit":false},{"lineNumber":20,"author":{"gitId":"Alex-Chen-666"},"content":"    public void addTask(Task task){","lastModifiedDate":"2026-01-28T22:03:39","isFullCredit":false},{"lineNumber":21,"author":{"gitId":"Alex-Chen-666"},"content":"        tasks[taskCount] \u003d task;","lastModifiedDate":"2026-01-28T19:26:24","isFullCredit":false},{"lineNumber":22,"author":{"gitId":"Alex-Chen-666"},"content":"        taskCount++;","lastModifiedDate":"2026-01-28T19:26:24","isFullCredit":false},{"lineNumber":23,"author":{"gitId":"Alex-Chen-666"},"content":"    }","lastModifiedDate":"2026-01-28T19:26:24","isFullCredit":false},{"lineNumber":24,"author":{"gitId":"Alex-Chen-666"},"content":"    /**","lastModifiedDate":"2026-01-28T22:03:39","isFullCredit":false},{"lineNumber":25,"author":{"gitId":"Alex-Chen-666"},"content":"     * Return a specific task (1-based index).","lastModifiedDate":"2026-01-28T22:03:39","isFullCredit":false},{"lineNumber":26,"author":{"gitId":"Alex-Chen-666"},"content":"     *","lastModifiedDate":"2026-01-28T22:03:39","isFullCredit":false},{"lineNumber":27,"author":{"gitId":"Alex-Chen-666"},"content":"     * @param index The index of the task.","lastModifiedDate":"2026-01-28T22:03:39","isFullCredit":false},{"lineNumber":28,"author":{"gitId":"Alex-Chen-666"},"content":"     * @return The Task object at that index.","lastModifiedDate":"2026-01-28T22:03:39","isFullCredit":false},{"lineNumber":29,"author":{"gitId":"Alex-Chen-666"},"content":"     */","lastModifiedDate":"2026-01-28T22:03:39","isFullCredit":false},{"lineNumber":30,"author":{"gitId":"Alex-Chen-666"},"content":"    public Task getTask(int index) throws SigmaException {","lastModifiedDate":"2026-01-28T22:03:39","isFullCredit":false},{"lineNumber":31,"author":{"gitId":"Alex-Chen-666"},"content":"        if (index \u003c\u003d 0 || index \u003e taskCount) {","lastModifiedDate":"2026-01-28T22:03:39","isFullCredit":false},{"lineNumber":32,"author":{"gitId":"Alex-Chen-666"},"content":"            throw new SigmaException(\"Invalid task number.\");","lastModifiedDate":"2026-01-28T22:03:39","isFullCredit":false},{"lineNumber":33,"author":{"gitId":"Alex-Chen-666"},"content":"        }","lastModifiedDate":"2026-01-28T22:03:39","isFullCredit":false},{"lineNumber":34,"author":{"gitId":"Alex-Chen-666"},"content":"        return tasks[index - 1];","lastModifiedDate":"2026-01-28T22:03:39","isFullCredit":false},{"lineNumber":35,"author":{"gitId":"Alex-Chen-666"},"content":"    }","lastModifiedDate":"2026-01-28T22:03:39","isFullCredit":false},{"lineNumber":36,"author":{"gitId":"Alex-Chen-666"},"content":"    /**","lastModifiedDate":"2026-01-28T19:26:24","isFullCredit":false},{"lineNumber":37,"author":{"gitId":"Alex-Chen-666"},"content":"     * Return the array of tasks.","lastModifiedDate":"2026-01-28T19:26:24","isFullCredit":false},{"lineNumber":38,"author":{"gitId":"Alex-Chen-666"},"content":"     *","lastModifiedDate":"2026-01-28T19:26:24","isFullCredit":false},{"lineNumber":39,"author":{"gitId":"Alex-Chen-666"},"content":"     * @return The array containing task descriptions.","lastModifiedDate":"2026-01-28T19:26:24","isFullCredit":false},{"lineNumber":40,"author":{"gitId":"Alex-Chen-666"},"content":"     */","lastModifiedDate":"2026-01-28T19:26:24","isFullCredit":false},{"lineNumber":41,"author":{"gitId":"Alex-Chen-666"},"content":"    public Task[] getTasks() {","lastModifiedDate":"2026-01-28T22:03:39","isFullCredit":false},{"lineNumber":42,"author":{"gitId":"Alex-Chen-666"},"content":"        return tasks;","lastModifiedDate":"2026-01-28T19:26:24","isFullCredit":false},{"lineNumber":43,"author":{"gitId":"Alex-Chen-666"},"content":"    }","lastModifiedDate":"2026-01-28T19:26:24","isFullCredit":false},{"lineNumber":44,"author":{"gitId":"Alex-Chen-666"},"content":"","lastModifiedDate":"2026-01-28T22:03:39","isFullCredit":false},{"lineNumber":45,"author":{"gitId":"Alex-Chen-666"},"content":"    /**","lastModifiedDate":"2026-01-28T19:26:24","isFullCredit":false},{"lineNumber":46,"author":{"gitId":"Alex-Chen-666"},"content":"     * Returns the number of tasks in the list.","lastModifiedDate":"2026-01-28T19:26:24","isFullCredit":false},{"lineNumber":47,"author":{"gitId":"Alex-Chen-666"},"content":"     *","lastModifiedDate":"2026-01-28T19:26:24","isFullCredit":false},{"lineNumber":48,"author":{"gitId":"Alex-Chen-666"},"content":"     * @return The count of valid tasks.","lastModifiedDate":"2026-01-28T19:26:24","isFullCredit":false},{"lineNumber":49,"author":{"gitId":"Alex-Chen-666"},"content":"     */","lastModifiedDate":"2026-01-28T19:26:24","isFullCredit":false},{"lineNumber":50,"author":{"gitId":"Alex-Chen-666"},"content":"    public int getTaskCount() {","lastModifiedDate":"2026-01-28T19:26:24","isFullCredit":false},{"lineNumber":51,"author":{"gitId":"Alex-Chen-666"},"content":"        return taskCount;","lastModifiedDate":"2026-01-28T19:26:24","isFullCredit":false},{"lineNumber":52,"author":{"gitId":"Alex-Chen-666"},"content":"    }","lastModifiedDate":"2026-01-28T19:26:24","isFullCredit":false},{"lineNumber":53,"author":{"gitId":"Alex-Chen-666"},"content":"}","lastModifiedDate":"2026-01-28T19:26:24","isFullCredit":false}],"authorContributionMap":{"Alex-Chen-666":53}},{"path":"src/main/java/Todo.java","fileType":"java","lines":[{"lineNumber":1,"author":{"gitId":"Alex-Chen-666"},"content":"public class Todo extends Task {","lastModifiedDate":"2026-02-05T15:31:33","isFullCredit":false},{"lineNumber":2,"author":{"gitId":"Alex-Chen-666"},"content":"    public Todo(String description) {","lastModifiedDate":"2026-02-05T15:31:33","isFullCredit":false},{"lineNumber":3,"author":{"gitId":"Alex-Chen-666"},"content":"        super(description);","lastModifiedDate":"2026-02-05T15:31:33","isFullCredit":false},{"lineNumber":4,"author":{"gitId":"Alex-Chen-666"},"content":"    }","lastModifiedDate":"2026-02-05T15:31:33","isFullCredit":false},{"lineNumber":5,"author":{"gitId":"Alex-Chen-666"},"content":"","lastModifiedDate":"2026-02-05T15:31:33","isFullCredit":false},{"lineNumber":6,"author":{"gitId":"Alex-Chen-666"},"content":"    @Override","lastModifiedDate":"2026-02-05T15:31:33","isFullCredit":false},{"lineNumber":7,"author":{"gitId":"Alex-Chen-666"},"content":"    public String toString() {","lastModifiedDate":"2026-02-05T15:31:33","isFullCredit":false},{"lineNumber":8,"author":{"gitId":"Alex-Chen-666"},"content":"        return \"[T]\" + super.toString();","lastModifiedDate":"2026-02-05T15:31:33","isFullCredit":false},{"lineNumber":9,"author":{"gitId":"Alex-Chen-666"},"content":"    }","lastModifiedDate":"2026-02-05T15:31:33","isFullCredit":false},{"lineNumber":10,"author":{"gitId":"Alex-Chen-666"},"content":"}","lastModifiedDate":"2026-02-05T15:31:33","isFullCredit":false}],"authorContributionMap":{"Alex-Chen-666":10}},{"path":"src/main/java/UI.java","fileType":"java","lines":[{"lineNumber":1,"author":{"gitId":"Alex-Chen-666"},"content":"import java.util.Scanner;","lastModifiedDate":"2026-01-28T18:57:38","isFullCredit":false},{"lineNumber":2,"author":{"gitId":"Alex-Chen-666"},"content":"/**","lastModifiedDate":"2026-01-28T18:57:38","isFullCredit":false},{"lineNumber":3,"author":{"gitId":"Alex-Chen-666"},"content":" * Handles interactions with the user.","lastModifiedDate":"2026-01-28T18:57:38","isFullCredit":false},{"lineNumber":4,"author":{"gitId":"Alex-Chen-666"},"content":" */","lastModifiedDate":"2026-01-28T18:57:38","isFullCredit":false},{"lineNumber":5,"author":{"gitId":"Alex-Chen-666"},"content":"public class UI {","lastModifiedDate":"2026-01-28T18:57:38","isFullCredit":false},{"lineNumber":6,"author":{"gitId":"Alex-Chen-666"},"content":"    private static final String LINE \u003d \"    ____________________________________________________________\";","lastModifiedDate":"2026-01-28T18:57:38","isFullCredit":false},{"lineNumber":7,"author":{"gitId":"Alex-Chen-666"},"content":"    private final Scanner input;","lastModifiedDate":"2026-01-28T18:57:38","isFullCredit":false},{"lineNumber":8,"author":{"gitId":"Alex-Chen-666"},"content":"    public UI() {","lastModifiedDate":"2026-01-28T18:57:38","isFullCredit":false},{"lineNumber":9,"author":{"gitId":"Alex-Chen-666"},"content":"        this.input \u003d new Scanner(System.in);","lastModifiedDate":"2026-01-28T18:57:38","isFullCredit":false},{"lineNumber":10,"author":{"gitId":"Alex-Chen-666"},"content":"    }","lastModifiedDate":"2026-01-28T18:57:38","isFullCredit":false},{"lineNumber":11,"author":{"gitId":"Alex-Chen-666"},"content":"","lastModifiedDate":"2026-02-05T15:31:33","isFullCredit":false},{"lineNumber":12,"author":{"gitId":"Alex-Chen-666"},"content":"    public void printLine() {","lastModifiedDate":"2026-01-28T18:57:38","isFullCredit":false},{"lineNumber":13,"author":{"gitId":"Alex-Chen-666"},"content":"        System.out.println(LINE);","lastModifiedDate":"2026-01-28T18:57:38","isFullCredit":false},{"lineNumber":14,"author":{"gitId":"Alex-Chen-666"},"content":"    }","lastModifiedDate":"2026-01-28T18:57:38","isFullCredit":false},{"lineNumber":15,"author":{"gitId":"Alex-Chen-666"},"content":"","lastModifiedDate":"2026-01-28T18:57:38","isFullCredit":false},{"lineNumber":16,"author":{"gitId":"Alex-Chen-666"},"content":"    public void printWelcome(String botName) {","lastModifiedDate":"2026-01-28T18:57:38","isFullCredit":false},{"lineNumber":17,"author":{"gitId":"Alex-Chen-666"},"content":"        printLine();","lastModifiedDate":"2026-01-28T18:57:38","isFullCredit":false},{"lineNumber":18,"author":{"gitId":"Alex-Chen-666"},"content":"        System.out.println(\"     Hello! I\u0027m \" + botName);","lastModifiedDate":"2026-01-28T18:57:38","isFullCredit":false},{"lineNumber":19,"author":{"gitId":"Alex-Chen-666"},"content":"        System.out.println(\"     What can I do for you?\");","lastModifiedDate":"2026-01-28T18:57:38","isFullCredit":false},{"lineNumber":20,"author":{"gitId":"Alex-Chen-666"},"content":"        printLine();","lastModifiedDate":"2026-01-28T18:57:38","isFullCredit":false},{"lineNumber":21,"author":{"gitId":"Alex-Chen-666"},"content":"    }","lastModifiedDate":"2026-01-28T18:57:38","isFullCredit":false},{"lineNumber":22,"author":{"gitId":"Alex-Chen-666"},"content":"","lastModifiedDate":"2026-01-28T18:57:38","isFullCredit":false},{"lineNumber":23,"author":{"gitId":"Alex-Chen-666"},"content":"    public void printMessage(String message) {","lastModifiedDate":"2026-01-28T18:57:38","isFullCredit":false},{"lineNumber":24,"author":{"gitId":"Alex-Chen-666"},"content":"        System.out.println(\"     \" + message);","lastModifiedDate":"2026-01-28T18:57:38","isFullCredit":false},{"lineNumber":25,"author":{"gitId":"Alex-Chen-666"},"content":"    }","lastModifiedDate":"2026-01-28T18:57:38","isFullCredit":false},{"lineNumber":26,"author":{"gitId":"Alex-Chen-666"},"content":"","lastModifiedDate":"2026-01-28T18:57:38","isFullCredit":false},{"lineNumber":27,"author":{"gitId":"Alex-Chen-666"},"content":"    /**","lastModifiedDate":"2026-01-28T18:57:38","isFullCredit":false},{"lineNumber":28,"author":{"gitId":"Alex-Chen-666"},"content":"     * Reads the next line of input from the user.","lastModifiedDate":"2026-01-28T18:57:38","isFullCredit":false},{"lineNumber":29,"author":{"gitId":"Alex-Chen-666"},"content":"     * @return The full command entered by the user.","lastModifiedDate":"2026-01-28T18:57:38","isFullCredit":false},{"lineNumber":30,"author":{"gitId":"Alex-Chen-666"},"content":"     */","lastModifiedDate":"2026-01-28T18:57:38","isFullCredit":false},{"lineNumber":31,"author":{"gitId":"Alex-Chen-666"},"content":"    public String readCommand() {","lastModifiedDate":"2026-01-28T18:57:38","isFullCredit":false},{"lineNumber":32,"author":{"gitId":"Alex-Chen-666"},"content":"        return input.nextLine();","lastModifiedDate":"2026-01-28T18:57:38","isFullCredit":false},{"lineNumber":33,"author":{"gitId":"Alex-Chen-666"},"content":"    }","lastModifiedDate":"2026-01-28T18:57:38","isFullCredit":false},{"lineNumber":34,"author":{"gitId":"Alex-Chen-666"},"content":"","lastModifiedDate":"2026-01-28T18:57:38","isFullCredit":false},{"lineNumber":35,"author":{"gitId":"Alex-Chen-666"},"content":"    /**","lastModifiedDate":"2026-01-28T19:26:24","isFullCredit":false},{"lineNumber":36,"author":{"gitId":"Alex-Chen-666"},"content":"     * Display all tasks in the list with their index.","lastModifiedDate":"2026-01-28T19:26:24","isFullCredit":false},{"lineNumber":37,"author":{"gitId":"Alex-Chen-666"},"content":"     *","lastModifiedDate":"2026-01-28T19:26:24","isFullCredit":false},{"lineNumber":38,"author":{"gitId":"Alex-Chen-666"},"content":"     * @param tasks The array containing tasks.","lastModifiedDate":"2026-01-28T19:26:24","isFullCredit":false},{"lineNumber":39,"author":{"gitId":"Alex-Chen-666"},"content":"     * @param count The number of tasks in the array.","lastModifiedDate":"2026-01-28T19:26:24","isFullCredit":false},{"lineNumber":40,"author":{"gitId":"Alex-Chen-666"},"content":"     */","lastModifiedDate":"2026-01-28T19:26:24","isFullCredit":false},{"lineNumber":41,"author":{"gitId":"Alex-Chen-666"},"content":"    public void printTasks(Task[] tasks, int count) {","lastModifiedDate":"2026-01-28T22:03:39","isFullCredit":false},{"lineNumber":42,"author":{"gitId":"Alex-Chen-666"},"content":"        printLine();","lastModifiedDate":"2026-01-28T19:26:24","isFullCredit":false},{"lineNumber":43,"author":{"gitId":"Alex-Chen-666"},"content":"        System.out.println(\"     Here are the tasks in your list:\");","lastModifiedDate":"2026-01-28T22:03:39","isFullCredit":false},{"lineNumber":44,"author":{"gitId":"Alex-Chen-666"},"content":"        for (int i \u003d 0; i\u003ccount; i++) {","lastModifiedDate":"2026-01-28T19:26:24","isFullCredit":false},{"lineNumber":45,"author":{"gitId":"Alex-Chen-666"},"content":"            System.out.println(\"     \" + (i + 1) + \".\" + tasks[i].toString());","lastModifiedDate":"2026-02-05T15:31:33","isFullCredit":false},{"lineNumber":46,"author":{"gitId":"Alex-Chen-666"},"content":"        }","lastModifiedDate":"2026-01-28T19:26:24","isFullCredit":false},{"lineNumber":47,"author":{"gitId":"Alex-Chen-666"},"content":"        printLine();","lastModifiedDate":"2026-01-28T19:26:24","isFullCredit":false},{"lineNumber":48,"author":{"gitId":"Alex-Chen-666"},"content":"    }","lastModifiedDate":"2026-01-28T19:26:24","isFullCredit":false},{"lineNumber":49,"author":{"gitId":"Alex-Chen-666"},"content":"    public void printTaskAdded(Task task, int count) {","lastModifiedDate":"2026-02-05T15:31:33","isFullCredit":false},{"lineNumber":50,"author":{"gitId":"Alex-Chen-666"},"content":"        printLine();","lastModifiedDate":"2026-02-05T15:31:33","isFullCredit":false},{"lineNumber":51,"author":{"gitId":"Alex-Chen-666"},"content":"        System.out.println(\"     Got it. I\u0027ve added this task:\");","lastModifiedDate":"2026-02-05T15:31:33","isFullCredit":false},{"lineNumber":52,"author":{"gitId":"Alex-Chen-666"},"content":"        System.out.println(\"       \" + task.toString());","lastModifiedDate":"2026-02-05T15:31:33","isFullCredit":false},{"lineNumber":53,"author":{"gitId":"Alex-Chen-666"},"content":"        System.out.println(\"     Now you have \" + count + \" tasks in the list.\");","lastModifiedDate":"2026-02-05T15:31:33","isFullCredit":false},{"lineNumber":54,"author":{"gitId":"Alex-Chen-666"},"content":"        printLine();","lastModifiedDate":"2026-02-05T15:31:33","isFullCredit":false},{"lineNumber":55,"author":{"gitId":"Alex-Chen-666"},"content":"    }","lastModifiedDate":"2026-02-05T15:31:33","isFullCredit":false},{"lineNumber":56,"author":{"gitId":"Alex-Chen-666"},"content":"}","lastModifiedDate":"2026-01-28T18:57:38","isFullCredit":false}],"authorContributionMap":{"Alex-Chen-666":56}}]
