[{"path":"src/main/java/Dude.java","fileType":"java","lines":[{"lineNumber":1,"author":{"gitId":"Michael-wzl"},"content":"import java.util.Scanner;","lastModifiedDate":"2026-01-29T11:19:22","isFullCredit":false},{"lineNumber":2,"author":{"gitId":"Michael-wzl"},"content":"","lastModifiedDate":"2026-01-29T11:19:22","isFullCredit":false},{"lineNumber":3,"author":{"gitId":"Michael-wzl"},"content":"/**","lastModifiedDate":"2026-01-28T23:52:16","isFullCredit":false},{"lineNumber":4,"author":{"gitId":"Michael-wzl"},"content":" * Represents a chatbot application.","lastModifiedDate":"2026-01-28T23:52:16","isFullCredit":false},{"lineNumber":5,"author":{"gitId":"Michael-wzl"},"content":" */","lastModifiedDate":"2026-01-28T23:52:16","isFullCredit":false},{"lineNumber":6,"author":{"gitId":"Michael-wzl"},"content":"public class Dude {","lastModifiedDate":"2026-01-28T23:11:19","isFullCredit":false},{"lineNumber":7,"author":{"gitId":"Michael-wzl"},"content":"    /** The name of the bot. */","lastModifiedDate":"2026-01-28T23:52:16","isFullCredit":false},{"lineNumber":8,"author":{"gitId":"Michael-wzl"},"content":"    public static final String BOT_NAME \u003d \"Dude\";","lastModifiedDate":"2026-01-28T23:11:19","isFullCredit":false},{"lineNumber":9,"author":{"gitId":"Michael-wzl"},"content":"","lastModifiedDate":"2026-01-29T11:19:22","isFullCredit":false},{"lineNumber":10,"author":{"gitId":"Michael-wzl"},"content":"    public static void main(String[] args) {","lastModifiedDate":"2026-01-28T23:11:19","isFullCredit":false},{"lineNumber":11,"author":{"gitId":"Michael-wzl"},"content":"        String line \u003d \"____________________________________________________________\";","lastModifiedDate":"2026-01-28T23:11:19","isFullCredit":false},{"lineNumber":12,"author":{"gitId":"Michael-wzl"},"content":"        Task[] tasks \u003d new Task[100];","lastModifiedDate":"2026-01-29T11:37:33","isFullCredit":false},{"lineNumber":13,"author":{"gitId":"Michael-wzl"},"content":"        int taskCount \u003d 0;","lastModifiedDate":"2026-01-29T11:26:01","isFullCredit":false},{"lineNumber":14,"author":{"gitId":"Michael-wzl"},"content":"","lastModifiedDate":"2026-01-28T23:11:19","isFullCredit":false},{"lineNumber":15,"author":{"gitId":"Michael-wzl"},"content":"        try (Scanner scanner \u003d new Scanner(System.in)) {","lastModifiedDate":"2026-01-29T11:19:22","isFullCredit":false},{"lineNumber":16,"author":{"gitId":"Michael-wzl"},"content":"            // Greet the user","lastModifiedDate":"2026-01-28T23:11:19","isFullCredit":false},{"lineNumber":17,"author":{"gitId":"Michael-wzl"},"content":"            System.out.println(line);","lastModifiedDate":"2026-01-28T23:11:19","isFullCredit":false},{"lineNumber":18,"author":{"gitId":"Michael-wzl"},"content":"            System.out.println(\" Hello! I\u0027m \" + BOT_NAME + \"!\");","lastModifiedDate":"2026-01-29T11:19:22","isFullCredit":false},{"lineNumber":19,"author":{"gitId":"Michael-wzl"},"content":"            System.out.println(\" What can I do for you?\");","lastModifiedDate":"2026-01-28T23:11:19","isFullCredit":false},{"lineNumber":20,"author":{"gitId":"Michael-wzl"},"content":"            System.out.println(line);","lastModifiedDate":"2026-01-28T23:11:19","isFullCredit":false},{"lineNumber":21,"author":{"gitId":"Michael-wzl"},"content":"","lastModifiedDate":"2026-01-29T11:19:22","isFullCredit":false},{"lineNumber":22,"author":{"gitId":"Michael-wzl"},"content":"            // Main interaction loop","lastModifiedDate":"2026-01-29T11:19:22","isFullCredit":false},{"lineNumber":23,"author":{"gitId":"Michael-wzl"},"content":"            while (true) {","lastModifiedDate":"2026-01-29T11:19:22","isFullCredit":false},{"lineNumber":24,"author":{"gitId":"Michael-wzl"},"content":"                String input \u003d scanner.nextLine();","lastModifiedDate":"2026-01-29T11:19:22","isFullCredit":false},{"lineNumber":25,"author":{"gitId":"Michael-wzl"},"content":"","lastModifiedDate":"2026-01-29T11:19:22","isFullCredit":false},{"lineNumber":26,"author":{"gitId":"Michael-wzl"},"content":"                if (input.equals(\"bye\")) {","lastModifiedDate":"2026-01-29T11:37:33","isFullCredit":false},{"lineNumber":27,"author":{"gitId":"Michael-wzl"},"content":"                    System.out.println(line);","lastModifiedDate":"2026-01-29T11:19:22","isFullCredit":false},{"lineNumber":28,"author":{"gitId":"Michael-wzl"},"content":"                    System.out.println(\" Bye. Hope to see you again soon!\");","lastModifiedDate":"2026-01-28T23:11:19","isFullCredit":false},{"lineNumber":29,"author":{"gitId":"Michael-wzl"},"content":"                    System.out.println(line);","lastModifiedDate":"2026-01-28T23:11:19","isFullCredit":false},{"lineNumber":30,"author":{"gitId":"Michael-wzl"},"content":"                    break;","lastModifiedDate":"2026-01-29T11:37:33","isFullCredit":false},{"lineNumber":31,"author":{"gitId":"Michael-wzl"},"content":"                } else if (input.equals(\"list\")) {","lastModifiedDate":"2026-01-29T11:37:33","isFullCredit":false},{"lineNumber":32,"author":{"gitId":"Michael-wzl"},"content":"                    // Display all stored tasks","lastModifiedDate":"2026-01-29T11:26:01","isFullCredit":false},{"lineNumber":33,"author":{"gitId":"Michael-wzl"},"content":"                    System.out.println(line);","lastModifiedDate":"2026-01-29T11:26:01","isFullCredit":false},{"lineNumber":34,"author":{"gitId":"Michael-wzl"},"content":"                    System.out.println(\" Here are the tasks in your list:\");","lastModifiedDate":"2026-01-29T11:37:33","isFullCredit":false},{"lineNumber":35,"author":{"gitId":"Michael-wzl"},"content":"                    for (int i \u003d 0; i \u003c taskCount; i++) {","lastModifiedDate":"2026-01-29T11:26:01","isFullCredit":false},{"lineNumber":36,"author":{"gitId":"Michael-wzl"},"content":"                        System.out.println(\" \" + (i + 1) + \".\" + tasks[i]);","lastModifiedDate":"2026-01-29T11:26:01","isFullCredit":false},{"lineNumber":37,"author":{"gitId":"Michael-wzl"},"content":"                    }","lastModifiedDate":"2026-01-29T11:26:01","isFullCredit":false},{"lineNumber":38,"author":{"gitId":"Michael-wzl"},"content":"                    System.out.println(line);","lastModifiedDate":"2026-01-29T11:26:01","isFullCredit":false},{"lineNumber":39,"author":{"gitId":"Michael-wzl"},"content":"                } else if (input.startsWith(\"mark \")) {","lastModifiedDate":"2026-01-29T11:37:33","isFullCredit":false},{"lineNumber":40,"author":{"gitId":"Michael-wzl"},"content":"                    // Mark task as done","lastModifiedDate":"2026-01-29T11:37:33","isFullCredit":false},{"lineNumber":41,"author":{"gitId":"Michael-wzl"},"content":"                    int taskIndex \u003d Integer.parseInt(input.substring(5)) - 1;","lastModifiedDate":"2026-01-29T11:37:33","isFullCredit":false},{"lineNumber":42,"author":{"gitId":"Michael-wzl"},"content":"                    if (taskIndex \u003e\u003d 0 \u0026\u0026 taskIndex \u003c taskCount) {","lastModifiedDate":"2026-01-29T11:37:33","isFullCredit":false},{"lineNumber":43,"author":{"gitId":"Michael-wzl"},"content":"                        tasks[taskIndex].markAsDone();","lastModifiedDate":"2026-01-29T11:37:33","isFullCredit":false},{"lineNumber":44,"author":{"gitId":"Michael-wzl"},"content":"                        System.out.println(line);","lastModifiedDate":"2026-01-29T11:37:33","isFullCredit":false},{"lineNumber":45,"author":{"gitId":"Michael-wzl"},"content":"                        System.out.println(\" Nice! I\u0027ve marked this task as done:\");","lastModifiedDate":"2026-01-29T11:37:33","isFullCredit":false},{"lineNumber":46,"author":{"gitId":"Michael-wzl"},"content":"                        System.out.println(\"   \" + tasks[taskIndex]);","lastModifiedDate":"2026-01-29T11:37:33","isFullCredit":false},{"lineNumber":47,"author":{"gitId":"Michael-wzl"},"content":"                        System.out.println(line);","lastModifiedDate":"2026-01-29T11:37:33","isFullCredit":false},{"lineNumber":48,"author":{"gitId":"Michael-wzl"},"content":"                    } else {","lastModifiedDate":"2026-01-29T11:37:33","isFullCredit":false},{"lineNumber":49,"author":{"gitId":"Michael-wzl"},"content":"                        System.out.println(line);","lastModifiedDate":"2026-01-29T11:37:33","isFullCredit":false},{"lineNumber":50,"author":{"gitId":"Michael-wzl"},"content":"                        System.out.println(\" Invalid task number!\");","lastModifiedDate":"2026-01-29T11:37:33","isFullCredit":false},{"lineNumber":51,"author":{"gitId":"Michael-wzl"},"content":"                        System.out.println(line);","lastModifiedDate":"2026-01-29T11:37:33","isFullCredit":false},{"lineNumber":52,"author":{"gitId":"Michael-wzl"},"content":"                    }","lastModifiedDate":"2026-01-29T11:37:33","isFullCredit":false},{"lineNumber":53,"author":{"gitId":"Michael-wzl"},"content":"                } else if (input.startsWith(\"unmark \")) {","lastModifiedDate":"2026-01-29T11:37:33","isFullCredit":false},{"lineNumber":54,"author":{"gitId":"Michael-wzl"},"content":"                    // Mark task as not done","lastModifiedDate":"2026-01-29T11:37:33","isFullCredit":false},{"lineNumber":55,"author":{"gitId":"Michael-wzl"},"content":"                    int taskIndex \u003d Integer.parseInt(input.substring(7)) - 1;","lastModifiedDate":"2026-01-29T11:37:33","isFullCredit":false},{"lineNumber":56,"author":{"gitId":"Michael-wzl"},"content":"                    if (taskIndex \u003e\u003d 0 \u0026\u0026 taskIndex \u003c taskCount) {","lastModifiedDate":"2026-01-29T11:37:33","isFullCredit":false},{"lineNumber":57,"author":{"gitId":"Michael-wzl"},"content":"                        tasks[taskIndex].markAsNotDone();","lastModifiedDate":"2026-01-29T11:37:33","isFullCredit":false},{"lineNumber":58,"author":{"gitId":"Michael-wzl"},"content":"                        System.out.println(line);","lastModifiedDate":"2026-01-29T11:37:33","isFullCredit":false},{"lineNumber":59,"author":{"gitId":"Michael-wzl"},"content":"                        System.out.println(\" OK, I\u0027ve marked this task as not done yet:\");","lastModifiedDate":"2026-01-29T11:37:33","isFullCredit":false},{"lineNumber":60,"author":{"gitId":"Michael-wzl"},"content":"                        System.out.println(\"   \" + tasks[taskIndex]);","lastModifiedDate":"2026-01-29T11:37:33","isFullCredit":false},{"lineNumber":61,"author":{"gitId":"Michael-wzl"},"content":"                        System.out.println(line);","lastModifiedDate":"2026-01-29T11:37:33","isFullCredit":false},{"lineNumber":62,"author":{"gitId":"Michael-wzl"},"content":"                    } else {","lastModifiedDate":"2026-01-29T11:37:33","isFullCredit":false},{"lineNumber":63,"author":{"gitId":"Michael-wzl"},"content":"                        System.out.println(line);","lastModifiedDate":"2026-01-29T11:37:33","isFullCredit":false},{"lineNumber":64,"author":{"gitId":"Michael-wzl"},"content":"                        System.out.println(\" Invalid task number!\");","lastModifiedDate":"2026-01-29T11:37:33","isFullCredit":false},{"lineNumber":65,"author":{"gitId":"Michael-wzl"},"content":"                        System.out.println(line);","lastModifiedDate":"2026-01-29T11:37:33","isFullCredit":false},{"lineNumber":66,"author":{"gitId":"Michael-wzl"},"content":"                    }","lastModifiedDate":"2026-01-29T11:26:01","isFullCredit":false},{"lineNumber":67,"author":{"gitId":"Michael-wzl"},"content":"                } else {","lastModifiedDate":"2026-01-29T11:37:33","isFullCredit":false},{"lineNumber":68,"author":{"gitId":"Michael-wzl"},"content":"                    // Add the task to the list","lastModifiedDate":"2026-01-29T11:26:01","isFullCredit":false},{"lineNumber":69,"author":{"gitId":"Michael-wzl"},"content":"                    if (taskCount \u003c 100) {","lastModifiedDate":"2026-01-29T11:26:01","isFullCredit":false},{"lineNumber":70,"author":{"gitId":"Michael-wzl"},"content":"                        tasks[taskCount] \u003d new Task(input);","lastModifiedDate":"2026-01-29T11:37:33","isFullCredit":false},{"lineNumber":71,"author":{"gitId":"Michael-wzl"},"content":"                        taskCount++;","lastModifiedDate":"2026-01-29T11:26:01","isFullCredit":false},{"lineNumber":72,"author":{"gitId":"Michael-wzl"},"content":"                        System.out.println(line);","lastModifiedDate":"2026-01-29T11:26:01","isFullCredit":false},{"lineNumber":73,"author":{"gitId":"Michael-wzl"},"content":"                        System.out.println(\" added: \" + input);","lastModifiedDate":"2026-01-29T11:26:01","isFullCredit":false},{"lineNumber":74,"author":{"gitId":"Michael-wzl"},"content":"                        System.out.println(line);","lastModifiedDate":"2026-01-29T11:26:01","isFullCredit":false},{"lineNumber":75,"author":{"gitId":"Michael-wzl"},"content":"                    } else {","lastModifiedDate":"2026-01-29T11:19:22","isFullCredit":false},{"lineNumber":76,"author":{"gitId":"Michael-wzl"},"content":"                        System.out.println(line);","lastModifiedDate":"2026-01-29T11:19:22","isFullCredit":false},{"lineNumber":77,"author":{"gitId":"Michael-wzl"},"content":"                        System.out.println(\" Sorry, task list is full!\");","lastModifiedDate":"2026-01-29T11:26:01","isFullCredit":false},{"lineNumber":78,"author":{"gitId":"Michael-wzl"},"content":"                        System.out.println(line);","lastModifiedDate":"2026-01-29T11:19:22","isFullCredit":false},{"lineNumber":79,"author":{"gitId":"Michael-wzl"},"content":"                    }","lastModifiedDate":"2026-01-29T11:19:22","isFullCredit":false},{"lineNumber":80,"author":{"gitId":"Michael-wzl"},"content":"                }","lastModifiedDate":"2026-01-29T11:19:22","isFullCredit":false},{"lineNumber":81,"author":{"gitId":"Michael-wzl"},"content":"            }","lastModifiedDate":"2026-01-29T11:19:22","isFullCredit":false},{"lineNumber":82,"author":{"gitId":"Michael-wzl"},"content":"        }","lastModifiedDate":"2026-01-28T23:11:19","isFullCredit":false},{"lineNumber":83,"author":{"gitId":"Michael-wzl"},"content":"    }","lastModifiedDate":"2026-01-28T23:11:19","isFullCredit":false},{"lineNumber":84,"author":{"gitId":"Michael-wzl"},"content":"}","lastModifiedDate":"2026-01-29T11:26:01","isFullCredit":false}],"authorContributionMap":{"Michael-wzl":84}},{"path":"src/main/java/Task.java","fileType":"java","lines":[{"lineNumber":1,"author":{"gitId":"Michael-wzl"},"content":"/**","lastModifiedDate":"2026-01-29T11:37:33","isFullCredit":false},{"lineNumber":2,"author":{"gitId":"Michael-wzl"},"content":" * Represents a task with a description and completion status.","lastModifiedDate":"2026-01-29T11:37:33","isFullCredit":false},{"lineNumber":3,"author":{"gitId":"Michael-wzl"},"content":" */","lastModifiedDate":"2026-01-29T11:37:33","isFullCredit":false},{"lineNumber":4,"author":{"gitId":"Michael-wzl"},"content":"public class Task {","lastModifiedDate":"2026-01-29T11:37:33","isFullCredit":false},{"lineNumber":5,"author":{"gitId":"Michael-wzl"},"content":"    protected String description;","lastModifiedDate":"2026-01-29T11:37:33","isFullCredit":false},{"lineNumber":6,"author":{"gitId":"Michael-wzl"},"content":"    protected boolean isDone;","lastModifiedDate":"2026-01-29T11:37:33","isFullCredit":false},{"lineNumber":7,"author":{"gitId":"Michael-wzl"},"content":"","lastModifiedDate":"2026-01-29T11:37:33","isFullCredit":false},{"lineNumber":8,"author":{"gitId":"Michael-wzl"},"content":"    /**","lastModifiedDate":"2026-01-29T11:37:33","isFullCredit":false},{"lineNumber":9,"author":{"gitId":"Michael-wzl"},"content":"     * Creates a new Task with the given description. The task is initially not","lastModifiedDate":"2026-01-29T11:37:33","isFullCredit":false},{"lineNumber":10,"author":{"gitId":"Michael-wzl"},"content":"     * done.","lastModifiedDate":"2026-01-29T11:37:33","isFullCredit":false},{"lineNumber":11,"author":{"gitId":"Michael-wzl"},"content":"     *","lastModifiedDate":"2026-01-29T11:37:33","isFullCredit":false},{"lineNumber":12,"author":{"gitId":"Michael-wzl"},"content":"     * @param description The description of the task.","lastModifiedDate":"2026-01-29T11:37:33","isFullCredit":false},{"lineNumber":13,"author":{"gitId":"Michael-wzl"},"content":"     */","lastModifiedDate":"2026-01-29T11:37:33","isFullCredit":false},{"lineNumber":14,"author":{"gitId":"Michael-wzl"},"content":"    public Task(String description) {","lastModifiedDate":"2026-01-29T11:37:33","isFullCredit":false},{"lineNumber":15,"author":{"gitId":"Michael-wzl"},"content":"        this.description \u003d description;","lastModifiedDate":"2026-01-29T11:37:33","isFullCredit":false},{"lineNumber":16,"author":{"gitId":"Michael-wzl"},"content":"        this.isDone \u003d false;","lastModifiedDate":"2026-01-29T11:37:33","isFullCredit":false},{"lineNumber":17,"author":{"gitId":"Michael-wzl"},"content":"    }","lastModifiedDate":"2026-01-29T11:37:33","isFullCredit":false},{"lineNumber":18,"author":{"gitId":"Michael-wzl"},"content":"","lastModifiedDate":"2026-01-29T11:37:33","isFullCredit":false},{"lineNumber":19,"author":{"gitId":"Michael-wzl"},"content":"    /**","lastModifiedDate":"2026-01-29T11:37:33","isFullCredit":false},{"lineNumber":20,"author":{"gitId":"Michael-wzl"},"content":"     * Returns the status icon of the task.","lastModifiedDate":"2026-01-29T11:37:33","isFullCredit":false},{"lineNumber":21,"author":{"gitId":"Michael-wzl"},"content":"     *","lastModifiedDate":"2026-01-29T11:37:33","isFullCredit":false},{"lineNumber":22,"author":{"gitId":"Michael-wzl"},"content":"     * @return \"X\" if the task is done, \" \" otherwise.","lastModifiedDate":"2026-01-29T11:37:33","isFullCredit":false},{"lineNumber":23,"author":{"gitId":"Michael-wzl"},"content":"     */","lastModifiedDate":"2026-01-29T11:37:33","isFullCredit":false},{"lineNumber":24,"author":{"gitId":"Michael-wzl"},"content":"    public String getStatusIcon() {","lastModifiedDate":"2026-01-29T11:37:33","isFullCredit":false},{"lineNumber":25,"author":{"gitId":"Michael-wzl"},"content":"        return (isDone ? \"X\" : \" \");","lastModifiedDate":"2026-01-29T11:37:33","isFullCredit":false},{"lineNumber":26,"author":{"gitId":"Michael-wzl"},"content":"    }","lastModifiedDate":"2026-01-29T11:37:33","isFullCredit":false},{"lineNumber":27,"author":{"gitId":"Michael-wzl"},"content":"","lastModifiedDate":"2026-01-29T11:37:33","isFullCredit":false},{"lineNumber":28,"author":{"gitId":"Michael-wzl"},"content":"    /**","lastModifiedDate":"2026-01-29T11:37:33","isFullCredit":false},{"lineNumber":29,"author":{"gitId":"Michael-wzl"},"content":"     * Marks the task as done.","lastModifiedDate":"2026-01-29T11:37:33","isFullCredit":false},{"lineNumber":30,"author":{"gitId":"Michael-wzl"},"content":"     */","lastModifiedDate":"2026-01-29T11:37:33","isFullCredit":false},{"lineNumber":31,"author":{"gitId":"Michael-wzl"},"content":"    public void markAsDone() {","lastModifiedDate":"2026-01-29T11:37:33","isFullCredit":false},{"lineNumber":32,"author":{"gitId":"Michael-wzl"},"content":"        this.isDone \u003d true;","lastModifiedDate":"2026-01-29T11:37:33","isFullCredit":false},{"lineNumber":33,"author":{"gitId":"Michael-wzl"},"content":"    }","lastModifiedDate":"2026-01-29T11:37:33","isFullCredit":false},{"lineNumber":34,"author":{"gitId":"Michael-wzl"},"content":"","lastModifiedDate":"2026-01-29T11:37:33","isFullCredit":false},{"lineNumber":35,"author":{"gitId":"Michael-wzl"},"content":"    /**","lastModifiedDate":"2026-01-29T11:37:33","isFullCredit":false},{"lineNumber":36,"author":{"gitId":"Michael-wzl"},"content":"     * Marks the task as not done.","lastModifiedDate":"2026-01-29T11:37:33","isFullCredit":false},{"lineNumber":37,"author":{"gitId":"Michael-wzl"},"content":"     */","lastModifiedDate":"2026-01-29T11:37:33","isFullCredit":false},{"lineNumber":38,"author":{"gitId":"Michael-wzl"},"content":"    public void markAsNotDone() {","lastModifiedDate":"2026-01-29T11:37:33","isFullCredit":false},{"lineNumber":39,"author":{"gitId":"Michael-wzl"},"content":"        this.isDone \u003d false;","lastModifiedDate":"2026-01-29T11:37:33","isFullCredit":false},{"lineNumber":40,"author":{"gitId":"Michael-wzl"},"content":"    }","lastModifiedDate":"2026-01-29T11:37:33","isFullCredit":false},{"lineNumber":41,"author":{"gitId":"Michael-wzl"},"content":"","lastModifiedDate":"2026-01-29T11:37:33","isFullCredit":false},{"lineNumber":42,"author":{"gitId":"Michael-wzl"},"content":"    /**","lastModifiedDate":"2026-01-29T11:37:33","isFullCredit":false},{"lineNumber":43,"author":{"gitId":"Michael-wzl"},"content":"     * Returns the string representation of the task.","lastModifiedDate":"2026-01-29T11:37:33","isFullCredit":false},{"lineNumber":44,"author":{"gitId":"Michael-wzl"},"content":"     *","lastModifiedDate":"2026-01-29T11:37:33","isFullCredit":false},{"lineNumber":45,"author":{"gitId":"Michael-wzl"},"content":"     * @return The formatted string with status icon and description.","lastModifiedDate":"2026-01-29T11:37:33","isFullCredit":false},{"lineNumber":46,"author":{"gitId":"Michael-wzl"},"content":"     */","lastModifiedDate":"2026-01-29T11:37:33","isFullCredit":false},{"lineNumber":47,"author":{"gitId":"Michael-wzl"},"content":"    @Override","lastModifiedDate":"2026-01-29T11:37:33","isFullCredit":false},{"lineNumber":48,"author":{"gitId":"Michael-wzl"},"content":"    public String toString() {","lastModifiedDate":"2026-01-29T11:37:33","isFullCredit":false},{"lineNumber":49,"author":{"gitId":"Michael-wzl"},"content":"        return \"[\" + getStatusIcon() + \"] \" + description;","lastModifiedDate":"2026-01-29T11:37:33","isFullCredit":false},{"lineNumber":50,"author":{"gitId":"Michael-wzl"},"content":"    }","lastModifiedDate":"2026-01-29T11:37:33","isFullCredit":false},{"lineNumber":51,"author":{"gitId":"Michael-wzl"},"content":"}","lastModifiedDate":"2026-01-29T11:37:33","isFullCredit":false}],"authorContributionMap":{"Michael-wzl":51}},{"path":"text-ui-test/runtest.sh","fileType":"sh","lines":[{"lineNumber":1,"author":{"gitId":"-"},"content":"#!/usr/bin/env bash","lastModifiedDate":"2020-05-25T00:03:55","isFullCredit":false},{"lineNumber":2,"author":{"gitId":"-"},"content":"","lastModifiedDate":"2020-05-25T00:03:55","isFullCredit":false},{"lineNumber":3,"author":{"gitId":"-"},"content":"# create bin directory if it doesn\u0027t exist","lastModifiedDate":"2020-05-25T00:03:55","isFullCredit":false},{"lineNumber":4,"author":{"gitId":"-"},"content":"if [ ! -d \"../bin\" ]","lastModifiedDate":"2020-05-25T00:03:55","isFullCredit":false},{"lineNumber":5,"author":{"gitId":"-"},"content":"then","lastModifiedDate":"2020-05-25T00:03:55","isFullCredit":false},{"lineNumber":6,"author":{"gitId":"-"},"content":"    mkdir ../bin","lastModifiedDate":"2020-05-25T00:03:55","isFullCredit":false},{"lineNumber":7,"author":{"gitId":"-"},"content":"fi","lastModifiedDate":"2020-05-25T00:03:55","isFullCredit":false},{"lineNumber":8,"author":{"gitId":"-"},"content":"","lastModifiedDate":"2020-05-25T00:03:55","isFullCredit":false},{"lineNumber":9,"author":{"gitId":"-"},"content":"# delete output from previous run","lastModifiedDate":"2020-05-25T00:03:55","isFullCredit":false},{"lineNumber":10,"author":{"gitId":"-"},"content":"if [ -e \"./ACTUAL.TXT\" ]","lastModifiedDate":"2020-05-25T00:03:55","isFullCredit":false},{"lineNumber":11,"author":{"gitId":"-"},"content":"then","lastModifiedDate":"2020-05-25T00:03:55","isFullCredit":false},{"lineNumber":12,"author":{"gitId":"-"},"content":"    rm ACTUAL.TXT","lastModifiedDate":"2020-05-25T00:03:55","isFullCredit":false},{"lineNumber":13,"author":{"gitId":"-"},"content":"fi","lastModifiedDate":"2020-05-25T00:03:55","isFullCredit":false},{"lineNumber":14,"author":{"gitId":"-"},"content":"","lastModifiedDate":"2020-05-25T00:03:55","isFullCredit":false},{"lineNumber":15,"author":{"gitId":"-"},"content":"# compile the code into the bin folder, terminates if error occurred","lastModifiedDate":"2020-05-25T00:03:55","isFullCredit":false},{"lineNumber":16,"author":{"gitId":"-"},"content":"if ! javac -cp ../src/main/java -Xlint:none -d ../bin ../src/main/java/*.java","lastModifiedDate":"2020-08-25T17:23:26","isFullCredit":false},{"lineNumber":17,"author":{"gitId":"-"},"content":"then","lastModifiedDate":"2020-05-25T00:03:55","isFullCredit":false},{"lineNumber":18,"author":{"gitId":"-"},"content":"    echo \"********** BUILD FAILURE **********\"","lastModifiedDate":"2020-05-25T00:03:55","isFullCredit":false},{"lineNumber":19,"author":{"gitId":"-"},"content":"    exit 1","lastModifiedDate":"2020-05-25T00:03:55","isFullCredit":false},{"lineNumber":20,"author":{"gitId":"-"},"content":"fi","lastModifiedDate":"2020-05-25T00:03:55","isFullCredit":false},{"lineNumber":21,"author":{"gitId":"-"},"content":"","lastModifiedDate":"2020-05-25T00:03:55","isFullCredit":false},{"lineNumber":22,"author":{"gitId":"-"},"content":"# run the program, feed commands from input.txt file and redirect the output to the ACTUAL.TXT","lastModifiedDate":"2020-05-25T00:03:55","isFullCredit":false},{"lineNumber":23,"author":{"gitId":"Michael-wzl"},"content":"java -classpath ../bin Dude \u003c input.txt \u003e ACTUAL.TXT","lastModifiedDate":"2026-01-28T23:11:19","isFullCredit":false},{"lineNumber":24,"author":{"gitId":"-"},"content":"","lastModifiedDate":"2020-05-25T00:03:55","isFullCredit":false},{"lineNumber":25,"author":{"gitId":"-"},"content":"# convert to UNIX format","lastModifiedDate":"2020-05-25T00:03:55","isFullCredit":false},{"lineNumber":26,"author":{"gitId":"-"},"content":"cp EXPECTED.TXT EXPECTED-UNIX.TXT","lastModifiedDate":"2020-05-25T00:03:55","isFullCredit":false},{"lineNumber":27,"author":{"gitId":"-"},"content":"dos2unix ACTUAL.TXT EXPECTED-UNIX.TXT","lastModifiedDate":"2020-05-25T00:03:55","isFullCredit":false},{"lineNumber":28,"author":{"gitId":"-"},"content":"","lastModifiedDate":"2020-05-25T00:03:55","isFullCredit":false},{"lineNumber":29,"author":{"gitId":"-"},"content":"# compare the output to the expected output","lastModifiedDate":"2020-05-25T00:03:55","isFullCredit":false},{"lineNumber":30,"author":{"gitId":"-"},"content":"diff ACTUAL.TXT EXPECTED-UNIX.TXT","lastModifiedDate":"2020-05-25T00:03:55","isFullCredit":false},{"lineNumber":31,"author":{"gitId":"-"},"content":"if [ $? -eq 0 ]","lastModifiedDate":"2020-05-25T00:03:55","isFullCredit":false},{"lineNumber":32,"author":{"gitId":"-"},"content":"then","lastModifiedDate":"2020-05-25T00:03:55","isFullCredit":false},{"lineNumber":33,"author":{"gitId":"-"},"content":"    echo \"Test result: PASSED\"","lastModifiedDate":"2020-05-25T00:03:55","isFullCredit":false},{"lineNumber":34,"author":{"gitId":"-"},"content":"    exit 0","lastModifiedDate":"2020-05-25T00:03:55","isFullCredit":false},{"lineNumber":35,"author":{"gitId":"-"},"content":"else","lastModifiedDate":"2020-05-25T00:03:55","isFullCredit":false},{"lineNumber":36,"author":{"gitId":"-"},"content":"    echo \"Test result: FAILED\"","lastModifiedDate":"2020-05-25T00:03:55","isFullCredit":false},{"lineNumber":37,"author":{"gitId":"-"},"content":"    exit 1","lastModifiedDate":"2020-05-25T00:03:55","isFullCredit":false},{"lineNumber":38,"author":{"gitId":"-"},"content":"fi","lastModifiedDate":"2020-05-25T00:03:55","isFullCredit":false}],"authorContributionMap":{"-":37,"Michael-wzl":1}}]
