[{"path":"src/main/java/dude/Dude.java","fileType":"java","lines":[{"lineNumber":1,"author":{"gitId":"Michael-wzl"},"content":"package dude;","lastModifiedDate":"2026-02-10T14:28:54","isFullCredit":false},{"lineNumber":2,"author":{"gitId":"Michael-wzl"},"content":"","lastModifiedDate":"2026-02-10T14:28:54","isFullCredit":false},{"lineNumber":3,"author":{"gitId":"Michael-wzl"},"content":"import java.util.Scanner;","lastModifiedDate":"2026-01-29T11:19:22","isFullCredit":false},{"lineNumber":4,"author":{"gitId":"Michael-wzl"},"content":"","lastModifiedDate":"2026-01-29T11:19:22","isFullCredit":false},{"lineNumber":5,"author":{"gitId":"Michael-wzl"},"content":"import dude.task.Deadline;","lastModifiedDate":"2026-02-10T14:28:54","isFullCredit":false},{"lineNumber":6,"author":{"gitId":"Michael-wzl"},"content":"import dude.task.Event;","lastModifiedDate":"2026-02-10T14:28:54","isFullCredit":false},{"lineNumber":7,"author":{"gitId":"Michael-wzl"},"content":"import dude.task.Task;","lastModifiedDate":"2026-02-10T14:28:54","isFullCredit":false},{"lineNumber":8,"author":{"gitId":"Michael-wzl"},"content":"import dude.task.Todo;","lastModifiedDate":"2026-02-10T14:28:54","isFullCredit":false},{"lineNumber":9,"author":{"gitId":"Michael-wzl"},"content":"","lastModifiedDate":"2026-02-10T14:28:54","isFullCredit":false},{"lineNumber":10,"author":{"gitId":"Michael-wzl"},"content":"/**","lastModifiedDate":"2026-01-28T23:52:16","isFullCredit":false},{"lineNumber":11,"author":{"gitId":"Michael-wzl"},"content":" * Represents a chatbot application.","lastModifiedDate":"2026-01-28T23:52:16","isFullCredit":false},{"lineNumber":12,"author":{"gitId":"Michael-wzl"},"content":" */","lastModifiedDate":"2026-01-28T23:52:16","isFullCredit":false},{"lineNumber":13,"author":{"gitId":"Michael-wzl"},"content":"public class Dude {","lastModifiedDate":"2026-01-28T23:11:19","isFullCredit":false},{"lineNumber":14,"author":{"gitId":"Michael-wzl"},"content":"    /** The name of the bot. */","lastModifiedDate":"2026-01-28T23:52:16","isFullCredit":false},{"lineNumber":15,"author":{"gitId":"Michael-wzl"},"content":"    public static final String BOT_NAME \u003d \"Dude\";","lastModifiedDate":"2026-01-28T23:11:19","isFullCredit":false},{"lineNumber":16,"author":{"gitId":"Michael-wzl"},"content":"    /** Maximum number of tasks allowed. */","lastModifiedDate":"2026-02-04T11:59:32","isFullCredit":false},{"lineNumber":17,"author":{"gitId":"Michael-wzl"},"content":"    private static final int MAX_TASKS \u003d 100;","lastModifiedDate":"2026-02-04T11:59:32","isFullCredit":false},{"lineNumber":18,"author":{"gitId":"Michael-wzl"},"content":"","lastModifiedDate":"2026-01-29T11:19:22","isFullCredit":false},{"lineNumber":19,"author":{"gitId":"Michael-wzl"},"content":"    private static final Task[] tasks \u003d new Task[MAX_TASKS];","lastModifiedDate":"2026-02-10T14:23:33","isFullCredit":false},{"lineNumber":20,"author":{"gitId":"Michael-wzl"},"content":"    private static int taskCount \u003d 0;","lastModifiedDate":"2026-02-10T14:15:28","isFullCredit":false},{"lineNumber":21,"author":{"gitId":"Michael-wzl"},"content":"","lastModifiedDate":"2026-01-29T11:19:22","isFullCredit":false},{"lineNumber":22,"author":{"gitId":"Michael-wzl"},"content":"    /**","lastModifiedDate":"2026-02-10T14:15:28","isFullCredit":false},{"lineNumber":23,"author":{"gitId":"Michael-wzl"},"content":"     * Parses and executes the user command.","lastModifiedDate":"2026-02-10T14:15:28","isFullCredit":false},{"lineNumber":24,"author":{"gitId":"Michael-wzl"},"content":"     *","lastModifiedDate":"2026-02-10T14:15:28","isFullCredit":false},{"lineNumber":25,"author":{"gitId":"Michael-wzl"},"content":"     * @param input The user input string.","lastModifiedDate":"2026-02-10T14:15:28","isFullCredit":false},{"lineNumber":26,"author":{"gitId":"Michael-wzl"},"content":"     * @throws DudeException If the command is invalid or has errors.","lastModifiedDate":"2026-02-10T14:15:28","isFullCredit":false},{"lineNumber":27,"author":{"gitId":"Michael-wzl"},"content":"     */","lastModifiedDate":"2026-02-10T14:15:28","isFullCredit":false},{"lineNumber":28,"author":{"gitId":"Michael-wzl"},"content":"    private static void processCommand(String input) throws DudeException {","lastModifiedDate":"2026-02-10T14:15:28","isFullCredit":false},{"lineNumber":29,"author":{"gitId":"Michael-wzl"},"content":"        if (input.equals(\"list\")) {","lastModifiedDate":"2026-02-10T14:15:28","isFullCredit":false},{"lineNumber":30,"author":{"gitId":"Michael-wzl"},"content":"            printTaskList();","lastModifiedDate":"2026-02-10T14:15:28","isFullCredit":false},{"lineNumber":31,"author":{"gitId":"Michael-wzl"},"content":"        } else if (input.equals(\"mark\") || input.startsWith(\"mark \")) {","lastModifiedDate":"2026-02-10T14:15:28","isFullCredit":false},{"lineNumber":32,"author":{"gitId":"Michael-wzl"},"content":"            handleMark(input);","lastModifiedDate":"2026-02-10T14:15:28","isFullCredit":false},{"lineNumber":33,"author":{"gitId":"Michael-wzl"},"content":"        } else if (input.equals(\"unmark\") || input.startsWith(\"unmark \")) {","lastModifiedDate":"2026-02-10T14:15:28","isFullCredit":false},{"lineNumber":34,"author":{"gitId":"Michael-wzl"},"content":"            handleUnmark(input);","lastModifiedDate":"2026-02-10T14:15:28","isFullCredit":false},{"lineNumber":35,"author":{"gitId":"Michael-wzl"},"content":"        } else if (input.equals(\"todo\") || input.startsWith(\"todo \")) {","lastModifiedDate":"2026-02-10T14:15:28","isFullCredit":false},{"lineNumber":36,"author":{"gitId":"Michael-wzl"},"content":"            handleTodo(input);","lastModifiedDate":"2026-02-10T14:15:28","isFullCredit":false},{"lineNumber":37,"author":{"gitId":"Michael-wzl"},"content":"        } else if (input.equals(\"deadline\") || input.startsWith(\"deadline \")) {","lastModifiedDate":"2026-02-10T14:15:28","isFullCredit":false},{"lineNumber":38,"author":{"gitId":"Michael-wzl"},"content":"            handleDeadline(input);","lastModifiedDate":"2026-02-10T14:15:28","isFullCredit":false},{"lineNumber":39,"author":{"gitId":"Michael-wzl"},"content":"        } else if (input.equals(\"event\") || input.startsWith(\"event \")) {","lastModifiedDate":"2026-02-10T14:15:28","isFullCredit":false},{"lineNumber":40,"author":{"gitId":"Michael-wzl"},"content":"            handleEvent(input);","lastModifiedDate":"2026-02-10T14:15:28","isFullCredit":false},{"lineNumber":41,"author":{"gitId":"Michael-wzl"},"content":"        } else {","lastModifiedDate":"2026-02-10T14:15:28","isFullCredit":false},{"lineNumber":42,"author":{"gitId":"Michael-wzl"},"content":"            throw new DudeException(\"Hey, I don\u0027t understand what \u0027\" + input + \"\u0027 means. \"","lastModifiedDate":"2026-02-10T14:15:28","isFullCredit":false},{"lineNumber":43,"author":{"gitId":"Michael-wzl"},"content":"                                            + \"Try: todo, deadline, event, list, mark, unmark, bye.\");","lastModifiedDate":"2026-02-10T14:15:28","isFullCredit":false},{"lineNumber":44,"author":{"gitId":"Michael-wzl"},"content":"        }","lastModifiedDate":"2026-02-10T14:15:28","isFullCredit":false},{"lineNumber":45,"author":{"gitId":"Michael-wzl"},"content":"    }","lastModifiedDate":"2026-02-10T14:15:28","isFullCredit":false},{"lineNumber":46,"author":{"gitId":"Michael-wzl"},"content":"","lastModifiedDate":"2026-01-29T11:19:22","isFullCredit":false},{"lineNumber":47,"author":{"gitId":"Michael-wzl"},"content":"    /**","lastModifiedDate":"2026-02-10T14:15:28","isFullCredit":false},{"lineNumber":48,"author":{"gitId":"Michael-wzl"},"content":"     * Displays all tasks in the list.","lastModifiedDate":"2026-02-10T14:15:28","isFullCredit":false},{"lineNumber":49,"author":{"gitId":"Michael-wzl"},"content":"     */","lastModifiedDate":"2026-02-10T14:15:28","isFullCredit":false},{"lineNumber":50,"author":{"gitId":"Michael-wzl"},"content":"    private static void printTaskList() {","lastModifiedDate":"2026-02-10T14:15:28","isFullCredit":false},{"lineNumber":51,"author":{"gitId":"Michael-wzl"},"content":"        System.out.println(\" Here are the tasks in your list:\");","lastModifiedDate":"2026-01-29T11:37:33","isFullCredit":false},{"lineNumber":52,"author":{"gitId":"Michael-wzl"},"content":"        for (int i \u003d 0; i \u003c taskCount; i++) {","lastModifiedDate":"2026-01-29T11:26:01","isFullCredit":false},{"lineNumber":53,"author":{"gitId":"Michael-wzl"},"content":"            System.out.println(\" \" + (i + 1) + \".\" + tasks[i]);","lastModifiedDate":"2026-01-29T11:26:01","isFullCredit":false},{"lineNumber":54,"author":{"gitId":"Michael-wzl"},"content":"        }","lastModifiedDate":"2026-01-29T11:26:01","isFullCredit":false},{"lineNumber":55,"author":{"gitId":"Michael-wzl"},"content":"    }","lastModifiedDate":"2026-02-10T14:15:28","isFullCredit":false},{"lineNumber":56,"author":{"gitId":"Michael-wzl"},"content":"","lastModifiedDate":"2026-02-10T14:15:28","isFullCredit":false},{"lineNumber":57,"author":{"gitId":"Michael-wzl"},"content":"    /**","lastModifiedDate":"2026-02-10T14:15:28","isFullCredit":false},{"lineNumber":58,"author":{"gitId":"Michael-wzl"},"content":"     * Parses the task index from the input and validates it.","lastModifiedDate":"2026-02-10T14:15:28","isFullCredit":false},{"lineNumber":59,"author":{"gitId":"Michael-wzl"},"content":"     *","lastModifiedDate":"2026-02-10T14:15:28","isFullCredit":false},{"lineNumber":60,"author":{"gitId":"Michael-wzl"},"content":"     * @param input The user input string.","lastModifiedDate":"2026-02-10T14:15:28","isFullCredit":false},{"lineNumber":61,"author":{"gitId":"Michael-wzl"},"content":"     * @param commandLength The length of the command keyword","lastModifiedDate":"2026-02-10T14:35:10","isFullCredit":false},{"lineNumber":62,"author":{"gitId":"Michael-wzl"},"content":"     * @param commandName The name of the command for error messages.","lastModifiedDate":"2026-02-10T14:15:28","isFullCredit":false},{"lineNumber":63,"author":{"gitId":"Michael-wzl"},"content":"     * @return The validated task index (0-based).","lastModifiedDate":"2026-02-10T14:15:28","isFullCredit":false},{"lineNumber":64,"author":{"gitId":"Michael-wzl"},"content":"     * @throws DudeException If task number missing/not number/out of range.","lastModifiedDate":"2026-02-10T14:23:33","isFullCredit":false},{"lineNumber":65,"author":{"gitId":"Michael-wzl"},"content":"     */","lastModifiedDate":"2026-02-10T14:15:28","isFullCredit":false},{"lineNumber":66,"author":{"gitId":"Michael-wzl"},"content":"    private static int parseTaskIndex(String input, int commandLength, String commandName) throws DudeException {","lastModifiedDate":"2026-02-10T14:35:10","isFullCredit":false},{"lineNumber":67,"author":{"gitId":"Michael-wzl"},"content":"        if (input.length() \u003c\u003d commandLength) {","lastModifiedDate":"2026-02-10T14:15:28","isFullCredit":false},{"lineNumber":68,"author":{"gitId":"Michael-wzl"},"content":"            throw new DudeException(\"Please provide a task number. Usage: \" + commandName + \" \u003ctask number\u003e\");","lastModifiedDate":"2026-02-10T14:35:10","isFullCredit":false},{"lineNumber":69,"author":{"gitId":"Michael-wzl"},"content":"        }","lastModifiedDate":"2026-02-10T14:15:28","isFullCredit":false},{"lineNumber":70,"author":{"gitId":"Michael-wzl"},"content":"        String numberStr \u003d input.substring(commandLength).trim();","lastModifiedDate":"2026-02-10T14:15:28","isFullCredit":false},{"lineNumber":71,"author":{"gitId":"Michael-wzl"},"content":"        int taskIndex;","lastModifiedDate":"2026-02-10T14:15:28","isFullCredit":false},{"lineNumber":72,"author":{"gitId":"Michael-wzl"},"content":"        try {","lastModifiedDate":"2026-02-04T11:59:32","isFullCredit":false},{"lineNumber":73,"author":{"gitId":"Michael-wzl"},"content":"            taskIndex \u003d Integer.parseInt(numberStr) - 1;","lastModifiedDate":"2026-02-10T14:15:28","isFullCredit":false},{"lineNumber":74,"author":{"gitId":"Michael-wzl"},"content":"        } catch (NumberFormatException e) {","lastModifiedDate":"2026-02-10T14:15:28","isFullCredit":false},{"lineNumber":75,"author":{"gitId":"Michael-wzl"},"content":"            throw new DudeException(\"\u0027\" + numberStr + \"\u0027 is not a valid number. \" + \"Usage: \" + commandName","lastModifiedDate":"2026-02-10T14:35:10","isFullCredit":false},{"lineNumber":76,"author":{"gitId":"Michael-wzl"},"content":"                                            + \" \u003ctask number\u003e\");","lastModifiedDate":"2026-02-10T14:35:10","isFullCredit":false},{"lineNumber":77,"author":{"gitId":"Michael-wzl"},"content":"        }","lastModifiedDate":"2026-02-10T14:15:28","isFullCredit":false},{"lineNumber":78,"author":{"gitId":"Michael-wzl"},"content":"        if (taskIndex \u003c 0 || taskIndex \u003e\u003d taskCount) {","lastModifiedDate":"2026-02-10T14:15:28","isFullCredit":false},{"lineNumber":79,"author":{"gitId":"Michael-wzl"},"content":"            throw new DudeException(\"Task number \" + (taskIndex + 1) + \" is out of range. \" + \"You have \" + taskCount","lastModifiedDate":"2026-02-10T14:35:10","isFullCredit":false},{"lineNumber":80,"author":{"gitId":"Michael-wzl"},"content":"                                            + \" task(s).\");","lastModifiedDate":"2026-02-10T14:35:10","isFullCredit":false},{"lineNumber":81,"author":{"gitId":"Michael-wzl"},"content":"        }","lastModifiedDate":"2026-02-10T14:15:28","isFullCredit":false},{"lineNumber":82,"author":{"gitId":"Michael-wzl"},"content":"        return taskIndex;","lastModifiedDate":"2026-02-10T14:15:28","isFullCredit":false},{"lineNumber":83,"author":{"gitId":"Michael-wzl"},"content":"    }","lastModifiedDate":"2026-02-10T14:15:28","isFullCredit":false},{"lineNumber":84,"author":{"gitId":"Michael-wzl"},"content":"","lastModifiedDate":"2026-02-10T14:15:28","isFullCredit":false},{"lineNumber":85,"author":{"gitId":"Michael-wzl"},"content":"    /**","lastModifiedDate":"2026-02-10T14:15:28","isFullCredit":false},{"lineNumber":86,"author":{"gitId":"Michael-wzl"},"content":"     * Handles the \"mark\" command.","lastModifiedDate":"2026-02-10T14:15:28","isFullCredit":false},{"lineNumber":87,"author":{"gitId":"Michael-wzl"},"content":"     *","lastModifiedDate":"2026-02-10T14:15:28","isFullCredit":false},{"lineNumber":88,"author":{"gitId":"Michael-wzl"},"content":"     * @param input The user input string.","lastModifiedDate":"2026-02-10T14:15:28","isFullCredit":false},{"lineNumber":89,"author":{"gitId":"Michael-wzl"},"content":"     * @throws DudeException If the task number is invalid.","lastModifiedDate":"2026-02-10T14:15:28","isFullCredit":false},{"lineNumber":90,"author":{"gitId":"Michael-wzl"},"content":"     */","lastModifiedDate":"2026-02-10T14:15:28","isFullCredit":false},{"lineNumber":91,"author":{"gitId":"Michael-wzl"},"content":"    private static void handleMark(String input) throws DudeException {","lastModifiedDate":"2026-02-10T14:15:28","isFullCredit":false},{"lineNumber":92,"author":{"gitId":"Michael-wzl"},"content":"        int taskIndex \u003d parseTaskIndex(input, 5, \"mark\");","lastModifiedDate":"2026-02-10T14:15:28","isFullCredit":false},{"lineNumber":93,"author":{"gitId":"Michael-wzl"},"content":"        tasks[taskIndex].markAsDone();","lastModifiedDate":"2026-01-29T11:37:33","isFullCredit":false},{"lineNumber":94,"author":{"gitId":"Michael-wzl"},"content":"        System.out.println(\" Nice! I\u0027ve marked this task as done:\");","lastModifiedDate":"2026-01-29T11:37:33","isFullCredit":false},{"lineNumber":95,"author":{"gitId":"Michael-wzl"},"content":"        System.out.println(\"   \" + tasks[taskIndex]);","lastModifiedDate":"2026-01-29T11:37:33","isFullCredit":false},{"lineNumber":96,"author":{"gitId":"Michael-wzl"},"content":"    }","lastModifiedDate":"2026-02-04T11:59:32","isFullCredit":false},{"lineNumber":97,"author":{"gitId":"Michael-wzl"},"content":"","lastModifiedDate":"2026-02-10T14:15:28","isFullCredit":false},{"lineNumber":98,"author":{"gitId":"Michael-wzl"},"content":"    /**","lastModifiedDate":"2026-02-10T14:15:28","isFullCredit":false},{"lineNumber":99,"author":{"gitId":"Michael-wzl"},"content":"     * Handles the \"unmark\" command.","lastModifiedDate":"2026-02-10T14:15:28","isFullCredit":false},{"lineNumber":100,"author":{"gitId":"Michael-wzl"},"content":"     *","lastModifiedDate":"2026-02-10T14:15:28","isFullCredit":false},{"lineNumber":101,"author":{"gitId":"Michael-wzl"},"content":"     * @param input The user input string.","lastModifiedDate":"2026-02-10T14:15:28","isFullCredit":false},{"lineNumber":102,"author":{"gitId":"Michael-wzl"},"content":"     * @throws DudeException If the task number is invalid.","lastModifiedDate":"2026-02-10T14:15:28","isFullCredit":false},{"lineNumber":103,"author":{"gitId":"Michael-wzl"},"content":"     */","lastModifiedDate":"2026-02-10T14:15:28","isFullCredit":false},{"lineNumber":104,"author":{"gitId":"Michael-wzl"},"content":"    private static void handleUnmark(String input) throws DudeException {","lastModifiedDate":"2026-02-10T14:15:28","isFullCredit":false},{"lineNumber":105,"author":{"gitId":"Michael-wzl"},"content":"        int taskIndex \u003d parseTaskIndex(input, 7, \"unmark\");","lastModifiedDate":"2026-02-10T14:15:28","isFullCredit":false},{"lineNumber":106,"author":{"gitId":"Michael-wzl"},"content":"        tasks[taskIndex].markAsNotDone();","lastModifiedDate":"2026-01-29T11:37:33","isFullCredit":false},{"lineNumber":107,"author":{"gitId":"Michael-wzl"},"content":"        System.out.println(\" OK, I\u0027ve marked this task as not done yet:\");","lastModifiedDate":"2026-01-29T11:37:33","isFullCredit":false},{"lineNumber":108,"author":{"gitId":"Michael-wzl"},"content":"        System.out.println(\"   \" + tasks[taskIndex]);","lastModifiedDate":"2026-01-29T11:37:33","isFullCredit":false},{"lineNumber":109,"author":{"gitId":"Michael-wzl"},"content":"    }","lastModifiedDate":"2026-01-29T11:26:01","isFullCredit":false},{"lineNumber":110,"author":{"gitId":"Michael-wzl"},"content":"","lastModifiedDate":"2026-02-10T14:15:28","isFullCredit":false},{"lineNumber":111,"author":{"gitId":"Michael-wzl"},"content":"    /**","lastModifiedDate":"2026-02-10T14:15:28","isFullCredit":false},{"lineNumber":112,"author":{"gitId":"Michael-wzl"},"content":"     * Handles the \"todo\" command.","lastModifiedDate":"2026-02-10T14:15:28","isFullCredit":false},{"lineNumber":113,"author":{"gitId":"Michael-wzl"},"content":"     *","lastModifiedDate":"2026-02-10T14:15:28","isFullCredit":false},{"lineNumber":114,"author":{"gitId":"Michael-wzl"},"content":"     * @param input The user input string.","lastModifiedDate":"2026-02-10T14:15:28","isFullCredit":false},{"lineNumber":115,"author":{"gitId":"Michael-wzl"},"content":"     * @throws DudeException If description empty or task list is full.","lastModifiedDate":"2026-02-10T14:23:33","isFullCredit":false},{"lineNumber":116,"author":{"gitId":"Michael-wzl"},"content":"     */","lastModifiedDate":"2026-02-10T14:15:28","isFullCredit":false},{"lineNumber":117,"author":{"gitId":"Michael-wzl"},"content":"    private static void handleTodo(String input) throws DudeException {","lastModifiedDate":"2026-02-10T14:15:28","isFullCredit":false},{"lineNumber":118,"author":{"gitId":"Michael-wzl"},"content":"        if (input.length() \u003c\u003d 4 || input.substring(5).trim().isEmpty()) {","lastModifiedDate":"2026-02-10T14:15:28","isFullCredit":false},{"lineNumber":119,"author":{"gitId":"Michael-wzl"},"content":"            throw new DudeException(\"The description of a todo cannot be empty. \" + \"Usage: todo \u003cdescription\u003e\");","lastModifiedDate":"2026-02-10T14:35:10","isFullCredit":false},{"lineNumber":120,"author":{"gitId":"Michael-wzl"},"content":"        }","lastModifiedDate":"2026-02-10T14:15:28","isFullCredit":false},{"lineNumber":121,"author":{"gitId":"Michael-wzl"},"content":"        if (taskCount \u003e\u003d MAX_TASKS) {","lastModifiedDate":"2026-02-10T14:15:28","isFullCredit":false},{"lineNumber":122,"author":{"gitId":"Michael-wzl"},"content":"            throw new DudeException(\"Task list is full! You cannot add more than \" + MAX_TASKS + \" tasks.\");","lastModifiedDate":"2026-02-10T14:35:10","isFullCredit":false},{"lineNumber":123,"author":{"gitId":"Michael-wzl"},"content":"        }","lastModifiedDate":"2026-02-04T11:59:32","isFullCredit":false},{"lineNumber":124,"author":{"gitId":"Michael-wzl"},"content":"        String description \u003d input.substring(5).trim();","lastModifiedDate":"2026-02-04T11:59:32","isFullCredit":false},{"lineNumber":125,"author":{"gitId":"Michael-wzl"},"content":"        tasks[taskCount] \u003d new Todo(description);","lastModifiedDate":"2026-02-04T11:59:32","isFullCredit":false},{"lineNumber":126,"author":{"gitId":"Michael-wzl"},"content":"        taskCount++;","lastModifiedDate":"2026-02-04T11:59:32","isFullCredit":false},{"lineNumber":127,"author":{"gitId":"Michael-wzl"},"content":"        printAddedTask();","lastModifiedDate":"2026-02-10T14:15:28","isFullCredit":false},{"lineNumber":128,"author":{"gitId":"Michael-wzl"},"content":"    }","lastModifiedDate":"2026-02-10T14:15:28","isFullCredit":false},{"lineNumber":129,"author":{"gitId":"Michael-wzl"},"content":"","lastModifiedDate":"2026-02-10T14:15:28","isFullCredit":false},{"lineNumber":130,"author":{"gitId":"Michael-wzl"},"content":"    /**","lastModifiedDate":"2026-02-10T14:15:28","isFullCredit":false},{"lineNumber":131,"author":{"gitId":"Michael-wzl"},"content":"     * Handles the \"deadline\" command.","lastModifiedDate":"2026-02-10T14:15:28","isFullCredit":false},{"lineNumber":132,"author":{"gitId":"Michael-wzl"},"content":"     *","lastModifiedDate":"2026-02-10T14:15:28","isFullCredit":false},{"lineNumber":133,"author":{"gitId":"Michael-wzl"},"content":"     * @param input The user input string.","lastModifiedDate":"2026-02-10T14:15:28","isFullCredit":false},{"lineNumber":134,"author":{"gitId":"Michael-wzl"},"content":"     * @throws DudeException If the format is invalid or the task list is full.","lastModifiedDate":"2026-02-10T14:15:28","isFullCredit":false},{"lineNumber":135,"author":{"gitId":"Michael-wzl"},"content":"     */","lastModifiedDate":"2026-02-10T14:15:28","isFullCredit":false},{"lineNumber":136,"author":{"gitId":"Michael-wzl"},"content":"    private static void handleDeadline(String input) throws DudeException {","lastModifiedDate":"2026-02-10T14:15:28","isFullCredit":false},{"lineNumber":137,"author":{"gitId":"Michael-wzl"},"content":"        if (input.length() \u003c\u003d 8 || input.substring(9).trim().isEmpty()) {","lastModifiedDate":"2026-02-10T14:15:28","isFullCredit":false},{"lineNumber":138,"author":{"gitId":"Michael-wzl"},"content":"            throw new DudeException(\"The description of a deadline cannot be empty. \"","lastModifiedDate":"2026-02-10T14:15:28","isFullCredit":false},{"lineNumber":139,"author":{"gitId":"Michael-wzl"},"content":"                                            + \"Usage: deadline \u003cdescription\u003e /by \u003ctime\u003e\");","lastModifiedDate":"2026-02-10T14:15:28","isFullCredit":false},{"lineNumber":140,"author":{"gitId":"Michael-wzl"},"content":"        }","lastModifiedDate":"2026-02-04T11:59:32","isFullCredit":false},{"lineNumber":141,"author":{"gitId":"Michael-wzl"},"content":"        String content \u003d input.substring(9);","lastModifiedDate":"2026-02-04T11:59:32","isFullCredit":false},{"lineNumber":142,"author":{"gitId":"Michael-wzl"},"content":"        int byIndex \u003d content.indexOf(\" /by \");","lastModifiedDate":"2026-02-04T11:59:32","isFullCredit":false},{"lineNumber":143,"author":{"gitId":"Michael-wzl"},"content":"        if (byIndex \u003d\u003d -1) {","lastModifiedDate":"2026-02-10T14:15:28","isFullCredit":false},{"lineNumber":144,"author":{"gitId":"Michael-wzl"},"content":"            throw new DudeException(\"Missing \u0027/by\u0027 in deadline command. \" + \"Usage: deadline \u003cdescription\u003e /by \u003ctime\u003e\");","lastModifiedDate":"2026-02-10T14:35:10","isFullCredit":false},{"lineNumber":145,"author":{"gitId":"Michael-wzl"},"content":"        }","lastModifiedDate":"2026-02-10T14:15:28","isFullCredit":false},{"lineNumber":146,"author":{"gitId":"Michael-wzl"},"content":"        String description \u003d content.substring(0, byIndex).trim();","lastModifiedDate":"2026-02-04T11:59:32","isFullCredit":false},{"lineNumber":147,"author":{"gitId":"Michael-wzl"},"content":"        String by \u003d content.substring(byIndex + 5).trim();","lastModifiedDate":"2026-02-04T11:59:32","isFullCredit":false},{"lineNumber":148,"author":{"gitId":"Michael-wzl"},"content":"        if (description.isEmpty()) {","lastModifiedDate":"2026-02-10T14:15:28","isFullCredit":false},{"lineNumber":149,"author":{"gitId":"Michael-wzl"},"content":"            throw new DudeException(\"The description of a deadline cannot be empty. \"","lastModifiedDate":"2026-02-10T14:15:28","isFullCredit":false},{"lineNumber":150,"author":{"gitId":"Michael-wzl"},"content":"                                            + \"Usage: deadline \u003cdescription\u003e /by \u003ctime\u003e\");","lastModifiedDate":"2026-02-10T14:15:28","isFullCredit":false},{"lineNumber":151,"author":{"gitId":"Michael-wzl"},"content":"        }","lastModifiedDate":"2026-02-10T14:15:28","isFullCredit":false},{"lineNumber":152,"author":{"gitId":"Michael-wzl"},"content":"        if (by.isEmpty()) {","lastModifiedDate":"2026-02-10T14:15:28","isFullCredit":false},{"lineNumber":153,"author":{"gitId":"Michael-wzl"},"content":"            throw new DudeException(\"The deadline time cannot be empty. \" + \"Usage: deadline \u003cdescription\u003e /by \u003ctime\u003e\");","lastModifiedDate":"2026-02-10T14:35:10","isFullCredit":false},{"lineNumber":154,"author":{"gitId":"Michael-wzl"},"content":"        }","lastModifiedDate":"2026-02-10T14:15:28","isFullCredit":false},{"lineNumber":155,"author":{"gitId":"Michael-wzl"},"content":"        if (taskCount \u003e\u003d MAX_TASKS) {","lastModifiedDate":"2026-02-10T14:15:28","isFullCredit":false},{"lineNumber":156,"author":{"gitId":"Michael-wzl"},"content":"            throw new DudeException(\"Task list is full! You cannot add more than \" + MAX_TASKS + \" tasks.\");","lastModifiedDate":"2026-02-10T14:35:10","isFullCredit":false},{"lineNumber":157,"author":{"gitId":"Michael-wzl"},"content":"        }","lastModifiedDate":"2026-02-10T14:15:28","isFullCredit":false},{"lineNumber":158,"author":{"gitId":"Michael-wzl"},"content":"        tasks[taskCount] \u003d new Deadline(description, by);","lastModifiedDate":"2026-02-04T11:59:32","isFullCredit":false},{"lineNumber":159,"author":{"gitId":"Michael-wzl"},"content":"        taskCount++;","lastModifiedDate":"2026-02-04T11:59:32","isFullCredit":false},{"lineNumber":160,"author":{"gitId":"Michael-wzl"},"content":"        printAddedTask();","lastModifiedDate":"2026-02-10T14:15:28","isFullCredit":false},{"lineNumber":161,"author":{"gitId":"Michael-wzl"},"content":"    }","lastModifiedDate":"2026-02-04T11:59:32","isFullCredit":false},{"lineNumber":162,"author":{"gitId":"Michael-wzl"},"content":"","lastModifiedDate":"2026-02-10T14:15:28","isFullCredit":false},{"lineNumber":163,"author":{"gitId":"Michael-wzl"},"content":"    /**","lastModifiedDate":"2026-02-10T14:15:28","isFullCredit":false},{"lineNumber":164,"author":{"gitId":"Michael-wzl"},"content":"     * Handles the \"event\" command.","lastModifiedDate":"2026-02-10T14:15:28","isFullCredit":false},{"lineNumber":165,"author":{"gitId":"Michael-wzl"},"content":"     *","lastModifiedDate":"2026-02-10T14:15:28","isFullCredit":false},{"lineNumber":166,"author":{"gitId":"Michael-wzl"},"content":"     * @param input The user input string.","lastModifiedDate":"2026-02-10T14:15:28","isFullCredit":false},{"lineNumber":167,"author":{"gitId":"Michael-wzl"},"content":"     * @throws DudeException If the format is invalid or the task list is full.","lastModifiedDate":"2026-02-10T14:15:28","isFullCredit":false},{"lineNumber":168,"author":{"gitId":"Michael-wzl"},"content":"     */","lastModifiedDate":"2026-02-10T14:15:28","isFullCredit":false},{"lineNumber":169,"author":{"gitId":"Michael-wzl"},"content":"    private static void handleEvent(String input) throws DudeException {","lastModifiedDate":"2026-02-10T14:15:28","isFullCredit":false},{"lineNumber":170,"author":{"gitId":"Michael-wzl"},"content":"        if (input.length() \u003c\u003d 5 || input.substring(6).trim().isEmpty()) {","lastModifiedDate":"2026-02-10T14:15:28","isFullCredit":false},{"lineNumber":171,"author":{"gitId":"Michael-wzl"},"content":"            throw new DudeException(\"The description of an event cannot be empty. \"","lastModifiedDate":"2026-02-10T14:15:28","isFullCredit":false},{"lineNumber":172,"author":{"gitId":"Michael-wzl"},"content":"                                            + \"Usage: event \u003cdescription\u003e /from \u003cstart\u003e /to \u003cend\u003e\");","lastModifiedDate":"2026-02-10T14:15:28","isFullCredit":false},{"lineNumber":173,"author":{"gitId":"Michael-wzl"},"content":"        }","lastModifiedDate":"2026-02-04T11:59:32","isFullCredit":false},{"lineNumber":174,"author":{"gitId":"Michael-wzl"},"content":"        String content \u003d input.substring(6);","lastModifiedDate":"2026-02-04T11:59:32","isFullCredit":false},{"lineNumber":175,"author":{"gitId":"Michael-wzl"},"content":"        int fromIndex \u003d content.indexOf(\" /from \");","lastModifiedDate":"2026-02-04T11:59:32","isFullCredit":false},{"lineNumber":176,"author":{"gitId":"Michael-wzl"},"content":"        int toIndex \u003d content.indexOf(\" /to \");","lastModifiedDate":"2026-02-04T11:59:32","isFullCredit":false},{"lineNumber":177,"author":{"gitId":"Michael-wzl"},"content":"        if (fromIndex \u003d\u003d -1 || toIndex \u003d\u003d -1) {","lastModifiedDate":"2026-02-10T14:15:28","isFullCredit":false},{"lineNumber":178,"author":{"gitId":"Michael-wzl"},"content":"            throw new DudeException(\"Missing \u0027/from\u0027 or \u0027/to\u0027 in event command. \"","lastModifiedDate":"2026-02-10T14:15:28","isFullCredit":false},{"lineNumber":179,"author":{"gitId":"Michael-wzl"},"content":"                                            + \"Usage: event \u003cdescription\u003e /from \u003cstart\u003e /to \u003cend\u003e\");","lastModifiedDate":"2026-02-10T14:15:28","isFullCredit":false},{"lineNumber":180,"author":{"gitId":"Michael-wzl"},"content":"        }","lastModifiedDate":"2026-02-10T14:15:28","isFullCredit":false},{"lineNumber":181,"author":{"gitId":"Michael-wzl"},"content":"        String description \u003d content.substring(0, fromIndex).trim();","lastModifiedDate":"2026-02-04T11:59:32","isFullCredit":false},{"lineNumber":182,"author":{"gitId":"Michael-wzl"},"content":"        String from \u003d content.substring(fromIndex + 7, toIndex).trim();","lastModifiedDate":"2026-02-04T11:59:32","isFullCredit":false},{"lineNumber":183,"author":{"gitId":"Michael-wzl"},"content":"        String to \u003d content.substring(toIndex + 5).trim();","lastModifiedDate":"2026-02-04T11:59:32","isFullCredit":false},{"lineNumber":184,"author":{"gitId":"Michael-wzl"},"content":"        if (description.isEmpty()) {","lastModifiedDate":"2026-02-10T14:15:28","isFullCredit":false},{"lineNumber":185,"author":{"gitId":"Michael-wzl"},"content":"            throw new DudeException(\"The description of an event cannot be empty. \"","lastModifiedDate":"2026-02-10T14:15:28","isFullCredit":false},{"lineNumber":186,"author":{"gitId":"Michael-wzl"},"content":"                                            + \"Usage: event \u003cdescription\u003e /from \u003cstart\u003e /to \u003cend\u003e\");","lastModifiedDate":"2026-02-10T14:15:28","isFullCredit":false},{"lineNumber":187,"author":{"gitId":"Michael-wzl"},"content":"        }","lastModifiedDate":"2026-02-10T14:15:28","isFullCredit":false},{"lineNumber":188,"author":{"gitId":"Michael-wzl"},"content":"        if (from.isEmpty()) {","lastModifiedDate":"2026-02-10T14:15:28","isFullCredit":false},{"lineNumber":189,"author":{"gitId":"Michael-wzl"},"content":"            throw new DudeException(\"The start time of an event cannot be empty. \"","lastModifiedDate":"2026-02-10T14:15:28","isFullCredit":false},{"lineNumber":190,"author":{"gitId":"Michael-wzl"},"content":"                                            + \"Usage: event \u003cdescription\u003e /from \u003cstart\u003e /to \u003cend\u003e\");","lastModifiedDate":"2026-02-10T14:15:28","isFullCredit":false},{"lineNumber":191,"author":{"gitId":"Michael-wzl"},"content":"        }","lastModifiedDate":"2026-02-10T14:15:28","isFullCredit":false},{"lineNumber":192,"author":{"gitId":"Michael-wzl"},"content":"        if (to.isEmpty()) {","lastModifiedDate":"2026-02-10T14:15:28","isFullCredit":false},{"lineNumber":193,"author":{"gitId":"Michael-wzl"},"content":"            throw new DudeException(\"The end time of an event cannot be empty. \"","lastModifiedDate":"2026-02-10T14:15:28","isFullCredit":false},{"lineNumber":194,"author":{"gitId":"Michael-wzl"},"content":"                                            + \"Usage: event \u003cdescription\u003e /from \u003cstart\u003e /to \u003cend\u003e\");","lastModifiedDate":"2026-02-10T14:15:28","isFullCredit":false},{"lineNumber":195,"author":{"gitId":"Michael-wzl"},"content":"        }","lastModifiedDate":"2026-02-10T14:15:28","isFullCredit":false},{"lineNumber":196,"author":{"gitId":"Michael-wzl"},"content":"        if (taskCount \u003e\u003d MAX_TASKS) {","lastModifiedDate":"2026-02-10T14:15:28","isFullCredit":false},{"lineNumber":197,"author":{"gitId":"Michael-wzl"},"content":"            throw new DudeException(\"Task list is full! You cannot add more than \" + MAX_TASKS + \" tasks.\");","lastModifiedDate":"2026-02-10T14:35:10","isFullCredit":false},{"lineNumber":198,"author":{"gitId":"Michael-wzl"},"content":"        }","lastModifiedDate":"2026-02-10T14:15:28","isFullCredit":false},{"lineNumber":199,"author":{"gitId":"Michael-wzl"},"content":"        tasks[taskCount] \u003d new Event(description, from, to);","lastModifiedDate":"2026-02-04T11:59:32","isFullCredit":false},{"lineNumber":200,"author":{"gitId":"Michael-wzl"},"content":"        taskCount++;","lastModifiedDate":"2026-01-29T11:26:01","isFullCredit":false},{"lineNumber":201,"author":{"gitId":"Michael-wzl"},"content":"        printAddedTask();","lastModifiedDate":"2026-02-10T14:15:28","isFullCredit":false},{"lineNumber":202,"author":{"gitId":"Michael-wzl"},"content":"    }","lastModifiedDate":"2026-02-10T14:15:28","isFullCredit":false},{"lineNumber":203,"author":{"gitId":"Michael-wzl"},"content":"","lastModifiedDate":"2026-02-10T14:15:28","isFullCredit":false},{"lineNumber":204,"author":{"gitId":"Michael-wzl"},"content":"    /**","lastModifiedDate":"2026-02-10T14:15:28","isFullCredit":false},{"lineNumber":205,"author":{"gitId":"Michael-wzl"},"content":"     * Prints the confirmation message after adding a task.","lastModifiedDate":"2026-02-10T14:15:28","isFullCredit":false},{"lineNumber":206,"author":{"gitId":"Michael-wzl"},"content":"     */","lastModifiedDate":"2026-02-10T14:15:28","isFullCredit":false},{"lineNumber":207,"author":{"gitId":"Michael-wzl"},"content":"    private static void printAddedTask() {","lastModifiedDate":"2026-02-10T14:15:28","isFullCredit":false},{"lineNumber":208,"author":{"gitId":"Michael-wzl"},"content":"        System.out.println(\" Got it. I\u0027ve added this task:\");","lastModifiedDate":"2026-02-04T11:59:32","isFullCredit":false},{"lineNumber":209,"author":{"gitId":"Michael-wzl"},"content":"        System.out.println(\"   \" + tasks[taskCount - 1]);","lastModifiedDate":"2026-02-04T11:59:32","isFullCredit":false},{"lineNumber":210,"author":{"gitId":"Michael-wzl"},"content":"        System.out.println(\" Now you have \" + taskCount + \" tasks in the list.\");","lastModifiedDate":"2026-02-04T11:59:32","isFullCredit":false},{"lineNumber":211,"author":{"gitId":"Michael-wzl"},"content":"    }","lastModifiedDate":"2026-02-10T14:15:28","isFullCredit":false},{"lineNumber":212,"author":{"gitId":"Michael-wzl"},"content":"","lastModifiedDate":"2026-02-10T14:15:28","isFullCredit":false},{"lineNumber":213,"author":{"gitId":"Michael-wzl"},"content":"    public static void main(String[] args) {","lastModifiedDate":"2026-02-10T14:15:28","isFullCredit":false},{"lineNumber":214,"author":{"gitId":"Michael-wzl"},"content":"        String line \u003d \"____________________________________________________________\";","lastModifiedDate":"2026-02-10T14:15:28","isFullCredit":false},{"lineNumber":215,"author":{"gitId":"Michael-wzl"},"content":"","lastModifiedDate":"2026-02-10T14:15:28","isFullCredit":false},{"lineNumber":216,"author":{"gitId":"Michael-wzl"},"content":"        try (Scanner scanner \u003d new Scanner(System.in)) {","lastModifiedDate":"2026-02-10T14:15:28","isFullCredit":false},{"lineNumber":217,"author":{"gitId":"Michael-wzl"},"content":"            // Greet the user","lastModifiedDate":"2026-02-10T14:15:28","isFullCredit":false},{"lineNumber":218,"author":{"gitId":"Michael-wzl"},"content":"            System.out.println(line);","lastModifiedDate":"2026-01-29T11:26:01","isFullCredit":false},{"lineNumber":219,"author":{"gitId":"Michael-wzl"},"content":"            System.out.println(\" Hello! I\u0027m \" + BOT_NAME + \"!\");","lastModifiedDate":"2026-02-10T14:15:28","isFullCredit":false},{"lineNumber":220,"author":{"gitId":"Michael-wzl"},"content":"            System.out.println(\" What can I do for you?\");","lastModifiedDate":"2026-02-10T14:15:28","isFullCredit":false},{"lineNumber":221,"author":{"gitId":"Michael-wzl"},"content":"            System.out.println(line);","lastModifiedDate":"2026-01-29T11:19:22","isFullCredit":false},{"lineNumber":222,"author":{"gitId":"Michael-wzl"},"content":"","lastModifiedDate":"2026-02-10T14:15:28","isFullCredit":false},{"lineNumber":223,"author":{"gitId":"Michael-wzl"},"content":"            // Main interaction loop","lastModifiedDate":"2026-02-10T14:15:28","isFullCredit":false},{"lineNumber":224,"author":{"gitId":"Michael-wzl"},"content":"            while (true) {","lastModifiedDate":"2026-02-10T14:15:28","isFullCredit":false},{"lineNumber":225,"author":{"gitId":"Michael-wzl"},"content":"                String input \u003d scanner.nextLine();","lastModifiedDate":"2026-02-10T14:15:28","isFullCredit":false},{"lineNumber":226,"author":{"gitId":"Michael-wzl"},"content":"","lastModifiedDate":"2026-02-10T14:15:28","isFullCredit":false},{"lineNumber":227,"author":{"gitId":"Michael-wzl"},"content":"                if (input.equals(\"bye\")) {","lastModifiedDate":"2026-02-10T14:15:28","isFullCredit":false},{"lineNumber":228,"author":{"gitId":"Michael-wzl"},"content":"                    System.out.println(line);","lastModifiedDate":"2026-02-04T11:59:32","isFullCredit":false},{"lineNumber":229,"author":{"gitId":"Michael-wzl"},"content":"                    System.out.println(\" Bye. Hope to see you again soon!\");","lastModifiedDate":"2026-02-10T14:15:28","isFullCredit":false},{"lineNumber":230,"author":{"gitId":"Michael-wzl"},"content":"                    System.out.println(line);","lastModifiedDate":"2026-02-04T11:59:32","isFullCredit":false},{"lineNumber":231,"author":{"gitId":"Michael-wzl"},"content":"                    break;","lastModifiedDate":"2026-02-10T14:15:28","isFullCredit":false},{"lineNumber":232,"author":{"gitId":"Michael-wzl"},"content":"                }","lastModifiedDate":"2026-02-04T11:59:32","isFullCredit":false},{"lineNumber":233,"author":{"gitId":"Michael-wzl"},"content":"","lastModifiedDate":"2026-02-10T14:15:28","isFullCredit":false},{"lineNumber":234,"author":{"gitId":"Michael-wzl"},"content":"                try {","lastModifiedDate":"2026-02-10T14:15:28","isFullCredit":false},{"lineNumber":235,"author":{"gitId":"Michael-wzl"},"content":"                    System.out.println(line);","lastModifiedDate":"2026-02-10T14:15:28","isFullCredit":false},{"lineNumber":236,"author":{"gitId":"Michael-wzl"},"content":"                    processCommand(input);","lastModifiedDate":"2026-02-10T14:15:28","isFullCredit":false},{"lineNumber":237,"author":{"gitId":"Michael-wzl"},"content":"                    System.out.println(line);","lastModifiedDate":"2026-02-04T11:59:32","isFullCredit":false},{"lineNumber":238,"author":{"gitId":"Michael-wzl"},"content":"                } catch (DudeException e) {","lastModifiedDate":"2026-02-10T14:15:28","isFullCredit":false},{"lineNumber":239,"author":{"gitId":"Michael-wzl"},"content":"                    System.out.println(\" Dude says: \" + e.getMessage());","lastModifiedDate":"2026-02-10T14:15:28","isFullCredit":false},{"lineNumber":240,"author":{"gitId":"Michael-wzl"},"content":"                    System.out.println(line);","lastModifiedDate":"2026-02-04T11:59:32","isFullCredit":false},{"lineNumber":241,"author":{"gitId":"Michael-wzl"},"content":"                }","lastModifiedDate":"2026-01-29T11:19:22","isFullCredit":false},{"lineNumber":242,"author":{"gitId":"Michael-wzl"},"content":"            }","lastModifiedDate":"2026-01-29T11:19:22","isFullCredit":false},{"lineNumber":243,"author":{"gitId":"Michael-wzl"},"content":"        }","lastModifiedDate":"2026-01-28T23:11:19","isFullCredit":false},{"lineNumber":244,"author":{"gitId":"Michael-wzl"},"content":"    }","lastModifiedDate":"2026-01-28T23:11:19","isFullCredit":false},{"lineNumber":245,"author":{"gitId":"Michael-wzl"},"content":"}","lastModifiedDate":"2026-01-29T11:26:01","isFullCredit":false}],"authorContributionMap":{"Michael-wzl":245}},{"path":"src/main/java/dude/DudeException.java","fileType":"java","lines":[{"lineNumber":1,"author":{"gitId":"Michael-wzl"},"content":"package dude;","lastModifiedDate":"2026-02-10T14:28:54","isFullCredit":false},{"lineNumber":2,"author":{"gitId":"Michael-wzl"},"content":"","lastModifiedDate":"2026-02-10T14:28:54","isFullCredit":false},{"lineNumber":3,"author":{"gitId":"Michael-wzl"},"content":"/**","lastModifiedDate":"2026-02-10T14:15:28","isFullCredit":false},{"lineNumber":4,"author":{"gitId":"Michael-wzl"},"content":" * Represents exceptions specific to the Dude chatbot.","lastModifiedDate":"2026-02-10T14:15:28","isFullCredit":false},{"lineNumber":5,"author":{"gitId":"Michael-wzl"},"content":" */","lastModifiedDate":"2026-02-10T14:15:28","isFullCredit":false},{"lineNumber":6,"author":{"gitId":"Michael-wzl"},"content":"public class DudeException extends Exception {","lastModifiedDate":"2026-02-10T14:15:28","isFullCredit":false},{"lineNumber":7,"author":{"gitId":"Michael-wzl"},"content":"","lastModifiedDate":"2026-02-10T14:15:28","isFullCredit":false},{"lineNumber":8,"author":{"gitId":"Michael-wzl"},"content":"    private static final long serialVersionUID \u003d 1L;","lastModifiedDate":"2026-02-10T14:23:33","isFullCredit":false},{"lineNumber":9,"author":{"gitId":"Michael-wzl"},"content":"","lastModifiedDate":"2026-02-10T14:23:33","isFullCredit":false},{"lineNumber":10,"author":{"gitId":"Michael-wzl"},"content":"    /**","lastModifiedDate":"2026-02-10T14:15:28","isFullCredit":false},{"lineNumber":11,"author":{"gitId":"Michael-wzl"},"content":"     * Creates a new DudeException with the given error message.","lastModifiedDate":"2026-02-10T14:15:28","isFullCredit":false},{"lineNumber":12,"author":{"gitId":"Michael-wzl"},"content":"     *","lastModifiedDate":"2026-02-10T14:15:28","isFullCredit":false},{"lineNumber":13,"author":{"gitId":"Michael-wzl"},"content":"     * @param message The error message describing the exception.","lastModifiedDate":"2026-02-10T14:15:28","isFullCredit":false},{"lineNumber":14,"author":{"gitId":"Michael-wzl"},"content":"     */","lastModifiedDate":"2026-02-10T14:15:28","isFullCredit":false},{"lineNumber":15,"author":{"gitId":"Michael-wzl"},"content":"    public DudeException(String message) {","lastModifiedDate":"2026-02-10T14:15:28","isFullCredit":false},{"lineNumber":16,"author":{"gitId":"Michael-wzl"},"content":"        super(message);","lastModifiedDate":"2026-02-10T14:15:28","isFullCredit":false},{"lineNumber":17,"author":{"gitId":"Michael-wzl"},"content":"    }","lastModifiedDate":"2026-02-10T14:15:28","isFullCredit":false},{"lineNumber":18,"author":{"gitId":"Michael-wzl"},"content":"}","lastModifiedDate":"2026-02-10T14:15:28","isFullCredit":false}],"authorContributionMap":{"Michael-wzl":18}},{"path":"src/main/java/dude/task/Deadline.java","fileType":"java","lines":[{"lineNumber":1,"author":{"gitId":"Michael-wzl"},"content":"package dude.task;","lastModifiedDate":"2026-02-10T14:28:54","isFullCredit":false},{"lineNumber":2,"author":{"gitId":"Michael-wzl"},"content":"","lastModifiedDate":"2026-02-10T14:28:54","isFullCredit":false},{"lineNumber":3,"author":{"gitId":"Michael-wzl"},"content":"/**","lastModifiedDate":"2026-02-04T11:59:32","isFullCredit":false},{"lineNumber":4,"author":{"gitId":"Michael-wzl"},"content":" * Represents a Deadline task that needs to be done before a specific date/time.","lastModifiedDate":"2026-02-04T11:59:32","isFullCredit":false},{"lineNumber":5,"author":{"gitId":"Michael-wzl"},"content":" */","lastModifiedDate":"2026-02-04T11:59:32","isFullCredit":false},{"lineNumber":6,"author":{"gitId":"Michael-wzl"},"content":"public class Deadline extends Task {","lastModifiedDate":"2026-02-04T11:59:32","isFullCredit":false},{"lineNumber":7,"author":{"gitId":"Michael-wzl"},"content":"","lastModifiedDate":"2026-02-04T11:59:32","isFullCredit":false},{"lineNumber":8,"author":{"gitId":"Michael-wzl"},"content":"    protected String by;","lastModifiedDate":"2026-02-04T11:59:32","isFullCredit":false},{"lineNumber":9,"author":{"gitId":"Michael-wzl"},"content":"","lastModifiedDate":"2026-02-04T11:59:32","isFullCredit":false},{"lineNumber":10,"author":{"gitId":"Michael-wzl"},"content":"    /**","lastModifiedDate":"2026-02-04T11:59:32","isFullCredit":false},{"lineNumber":11,"author":{"gitId":"Michael-wzl"},"content":"     * Creates a new Deadline with the given description and deadline.","lastModifiedDate":"2026-02-04T11:59:32","isFullCredit":false},{"lineNumber":12,"author":{"gitId":"Michael-wzl"},"content":"     *","lastModifiedDate":"2026-02-04T11:59:32","isFullCredit":false},{"lineNumber":13,"author":{"gitId":"Michael-wzl"},"content":"     * @param description The description of the deadline task.","lastModifiedDate":"2026-02-04T11:59:32","isFullCredit":false},{"lineNumber":14,"author":{"gitId":"Michael-wzl"},"content":"     * @param by The deadline date/time as a string.","lastModifiedDate":"2026-02-04T11:59:32","isFullCredit":false},{"lineNumber":15,"author":{"gitId":"Michael-wzl"},"content":"     */","lastModifiedDate":"2026-02-04T11:59:32","isFullCredit":false},{"lineNumber":16,"author":{"gitId":"Michael-wzl"},"content":"    public Deadline(String description, String by) {","lastModifiedDate":"2026-02-04T11:59:32","isFullCredit":false},{"lineNumber":17,"author":{"gitId":"Michael-wzl"},"content":"        super(description);","lastModifiedDate":"2026-02-04T11:59:32","isFullCredit":false},{"lineNumber":18,"author":{"gitId":"Michael-wzl"},"content":"        this.by \u003d by;","lastModifiedDate":"2026-02-04T11:59:32","isFullCredit":false},{"lineNumber":19,"author":{"gitId":"Michael-wzl"},"content":"    }","lastModifiedDate":"2026-02-04T11:59:32","isFullCredit":false},{"lineNumber":20,"author":{"gitId":"Michael-wzl"},"content":"","lastModifiedDate":"2026-02-04T11:59:32","isFullCredit":false},{"lineNumber":21,"author":{"gitId":"Michael-wzl"},"content":"    /**","lastModifiedDate":"2026-02-04T11:59:32","isFullCredit":false},{"lineNumber":22,"author":{"gitId":"Michael-wzl"},"content":"     * Returns the string representation of the deadline task.","lastModifiedDate":"2026-02-04T11:59:32","isFullCredit":false},{"lineNumber":23,"author":{"gitId":"Michael-wzl"},"content":"     *","lastModifiedDate":"2026-02-04T11:59:32","isFullCredit":false},{"lineNumber":24,"author":{"gitId":"Michael-wzl"},"content":"     * @return The formatted string","lastModifiedDate":"2026-02-04T11:59:32","isFullCredit":false},{"lineNumber":25,"author":{"gitId":"Michael-wzl"},"content":"     */","lastModifiedDate":"2026-02-04T11:59:32","isFullCredit":false},{"lineNumber":26,"author":{"gitId":"Michael-wzl"},"content":"    @Override","lastModifiedDate":"2026-02-04T11:59:32","isFullCredit":false},{"lineNumber":27,"author":{"gitId":"Michael-wzl"},"content":"    public String toString() {","lastModifiedDate":"2026-02-04T11:59:32","isFullCredit":false},{"lineNumber":28,"author":{"gitId":"Michael-wzl"},"content":"        return \"[D]\" + super.toString() + \" (by: \" + by + \")\";","lastModifiedDate":"2026-02-04T11:59:32","isFullCredit":false},{"lineNumber":29,"author":{"gitId":"Michael-wzl"},"content":"    }","lastModifiedDate":"2026-02-04T11:59:32","isFullCredit":false},{"lineNumber":30,"author":{"gitId":"Michael-wzl"},"content":"}","lastModifiedDate":"2026-02-04T11:59:32","isFullCredit":false}],"authorContributionMap":{"Michael-wzl":30}},{"path":"src/main/java/dude/task/Event.java","fileType":"java","lines":[{"lineNumber":1,"author":{"gitId":"Michael-wzl"},"content":"package dude.task;","lastModifiedDate":"2026-02-10T14:28:54","isFullCredit":false},{"lineNumber":2,"author":{"gitId":"Michael-wzl"},"content":"","lastModifiedDate":"2026-02-10T14:28:54","isFullCredit":false},{"lineNumber":3,"author":{"gitId":"Michael-wzl"},"content":"/**","lastModifiedDate":"2026-02-04T11:59:32","isFullCredit":false},{"lineNumber":4,"author":{"gitId":"Michael-wzl"},"content":" * Represents an Event task that starts at a specific date/time and ends at a","lastModifiedDate":"2026-02-04T11:59:32","isFullCredit":false},{"lineNumber":5,"author":{"gitId":"Michael-wzl"},"content":" * specific date/time.","lastModifiedDate":"2026-02-04T11:59:32","isFullCredit":false},{"lineNumber":6,"author":{"gitId":"Michael-wzl"},"content":" */","lastModifiedDate":"2026-02-04T11:59:32","isFullCredit":false},{"lineNumber":7,"author":{"gitId":"Michael-wzl"},"content":"public class Event extends Task {","lastModifiedDate":"2026-02-04T11:59:32","isFullCredit":false},{"lineNumber":8,"author":{"gitId":"Michael-wzl"},"content":"","lastModifiedDate":"2026-02-04T11:59:32","isFullCredit":false},{"lineNumber":9,"author":{"gitId":"Michael-wzl"},"content":"    protected String from;","lastModifiedDate":"2026-02-04T11:59:32","isFullCredit":false},{"lineNumber":10,"author":{"gitId":"Michael-wzl"},"content":"    protected String to;","lastModifiedDate":"2026-02-04T11:59:32","isFullCredit":false},{"lineNumber":11,"author":{"gitId":"Michael-wzl"},"content":"","lastModifiedDate":"2026-02-04T11:59:32","isFullCredit":false},{"lineNumber":12,"author":{"gitId":"Michael-wzl"},"content":"    /**","lastModifiedDate":"2026-02-04T11:59:32","isFullCredit":false},{"lineNumber":13,"author":{"gitId":"Michael-wzl"},"content":"     * Creates a new Event with the given description, start time and end time.","lastModifiedDate":"2026-02-04T11:59:32","isFullCredit":false},{"lineNumber":14,"author":{"gitId":"Michael-wzl"},"content":"     *","lastModifiedDate":"2026-02-04T11:59:32","isFullCredit":false},{"lineNumber":15,"author":{"gitId":"Michael-wzl"},"content":"     * @param description The description of the event task.","lastModifiedDate":"2026-02-04T11:59:32","isFullCredit":false},{"lineNumber":16,"author":{"gitId":"Michael-wzl"},"content":"     * @param from The start date/time as a string.","lastModifiedDate":"2026-02-04T11:59:32","isFullCredit":false},{"lineNumber":17,"author":{"gitId":"Michael-wzl"},"content":"     * @param to The end date/time as a string.","lastModifiedDate":"2026-02-04T11:59:32","isFullCredit":false},{"lineNumber":18,"author":{"gitId":"Michael-wzl"},"content":"     */","lastModifiedDate":"2026-02-04T11:59:32","isFullCredit":false},{"lineNumber":19,"author":{"gitId":"Michael-wzl"},"content":"    public Event(String description, String from, String to) {","lastModifiedDate":"2026-02-04T11:59:32","isFullCredit":false},{"lineNumber":20,"author":{"gitId":"Michael-wzl"},"content":"        super(description);","lastModifiedDate":"2026-02-04T11:59:32","isFullCredit":false},{"lineNumber":21,"author":{"gitId":"Michael-wzl"},"content":"        this.from \u003d from;","lastModifiedDate":"2026-02-04T11:59:32","isFullCredit":false},{"lineNumber":22,"author":{"gitId":"Michael-wzl"},"content":"        this.to \u003d to;","lastModifiedDate":"2026-02-04T11:59:32","isFullCredit":false},{"lineNumber":23,"author":{"gitId":"Michael-wzl"},"content":"    }","lastModifiedDate":"2026-02-04T11:59:32","isFullCredit":false},{"lineNumber":24,"author":{"gitId":"Michael-wzl"},"content":"","lastModifiedDate":"2026-02-04T11:59:32","isFullCredit":false},{"lineNumber":25,"author":{"gitId":"Michael-wzl"},"content":"    /**","lastModifiedDate":"2026-02-04T11:59:32","isFullCredit":false},{"lineNumber":26,"author":{"gitId":"Michael-wzl"},"content":"     * Returns the string representation of the event task.","lastModifiedDate":"2026-02-04T11:59:32","isFullCredit":false},{"lineNumber":27,"author":{"gitId":"Michael-wzl"},"content":"     *","lastModifiedDate":"2026-02-04T11:59:32","isFullCredit":false},{"lineNumber":28,"author":{"gitId":"Michael-wzl"},"content":"     * @return The formatted string","lastModifiedDate":"2026-02-04T11:59:32","isFullCredit":false},{"lineNumber":29,"author":{"gitId":"Michael-wzl"},"content":"     */","lastModifiedDate":"2026-02-04T11:59:32","isFullCredit":false},{"lineNumber":30,"author":{"gitId":"Michael-wzl"},"content":"    @Override","lastModifiedDate":"2026-02-04T11:59:32","isFullCredit":false},{"lineNumber":31,"author":{"gitId":"Michael-wzl"},"content":"    public String toString() {","lastModifiedDate":"2026-02-04T11:59:32","isFullCredit":false},{"lineNumber":32,"author":{"gitId":"Michael-wzl"},"content":"        return \"[E]\" + super.toString() + \" (from: \" + from + \" to: \" + to + \")\";","lastModifiedDate":"2026-02-04T11:59:32","isFullCredit":false},{"lineNumber":33,"author":{"gitId":"Michael-wzl"},"content":"    }","lastModifiedDate":"2026-02-04T11:59:32","isFullCredit":false},{"lineNumber":34,"author":{"gitId":"Michael-wzl"},"content":"}","lastModifiedDate":"2026-02-04T11:59:32","isFullCredit":false}],"authorContributionMap":{"Michael-wzl":34}},{"path":"src/main/java/dude/task/Task.java","fileType":"java","lines":[{"lineNumber":1,"author":{"gitId":"Michael-wzl"},"content":"package dude.task;","lastModifiedDate":"2026-02-10T14:28:54","isFullCredit":false},{"lineNumber":2,"author":{"gitId":"Michael-wzl"},"content":"","lastModifiedDate":"2026-02-10T14:28:54","isFullCredit":false},{"lineNumber":3,"author":{"gitId":"Michael-wzl"},"content":"/**","lastModifiedDate":"2026-01-29T11:37:33","isFullCredit":false},{"lineNumber":4,"author":{"gitId":"Michael-wzl"},"content":" * Represents a task with a description and completion status.","lastModifiedDate":"2026-01-29T11:37:33","isFullCredit":false},{"lineNumber":5,"author":{"gitId":"Michael-wzl"},"content":" */","lastModifiedDate":"2026-01-29T11:37:33","isFullCredit":false},{"lineNumber":6,"author":{"gitId":"Michael-wzl"},"content":"public class Task {","lastModifiedDate":"2026-01-29T11:37:33","isFullCredit":false},{"lineNumber":7,"author":{"gitId":"Michael-wzl"},"content":"    protected String description;","lastModifiedDate":"2026-01-29T11:37:33","isFullCredit":false},{"lineNumber":8,"author":{"gitId":"Michael-wzl"},"content":"    protected boolean isDone;","lastModifiedDate":"2026-01-29T11:37:33","isFullCredit":false},{"lineNumber":9,"author":{"gitId":"Michael-wzl"},"content":"","lastModifiedDate":"2026-01-29T11:37:33","isFullCredit":false},{"lineNumber":10,"author":{"gitId":"Michael-wzl"},"content":"    /**","lastModifiedDate":"2026-01-29T11:37:33","isFullCredit":false},{"lineNumber":11,"author":{"gitId":"Michael-wzl"},"content":"     * Creates a new Task with the given description. The task is initially not","lastModifiedDate":"2026-01-29T11:37:33","isFullCredit":false},{"lineNumber":12,"author":{"gitId":"Michael-wzl"},"content":"     * done.","lastModifiedDate":"2026-01-29T11:37:33","isFullCredit":false},{"lineNumber":13,"author":{"gitId":"Michael-wzl"},"content":"     *","lastModifiedDate":"2026-01-29T11:37:33","isFullCredit":false},{"lineNumber":14,"author":{"gitId":"Michael-wzl"},"content":"     * @param description The description of the task.","lastModifiedDate":"2026-01-29T11:37:33","isFullCredit":false},{"lineNumber":15,"author":{"gitId":"Michael-wzl"},"content":"     */","lastModifiedDate":"2026-01-29T11:37:33","isFullCredit":false},{"lineNumber":16,"author":{"gitId":"Michael-wzl"},"content":"    public Task(String description) {","lastModifiedDate":"2026-01-29T11:37:33","isFullCredit":false},{"lineNumber":17,"author":{"gitId":"Michael-wzl"},"content":"        this.description \u003d description;","lastModifiedDate":"2026-01-29T11:37:33","isFullCredit":false},{"lineNumber":18,"author":{"gitId":"Michael-wzl"},"content":"        this.isDone \u003d false;","lastModifiedDate":"2026-01-29T11:37:33","isFullCredit":false},{"lineNumber":19,"author":{"gitId":"Michael-wzl"},"content":"    }","lastModifiedDate":"2026-01-29T11:37:33","isFullCredit":false},{"lineNumber":20,"author":{"gitId":"Michael-wzl"},"content":"","lastModifiedDate":"2026-01-29T11:37:33","isFullCredit":false},{"lineNumber":21,"author":{"gitId":"Michael-wzl"},"content":"    /**","lastModifiedDate":"2026-01-29T11:37:33","isFullCredit":false},{"lineNumber":22,"author":{"gitId":"Michael-wzl"},"content":"     * Returns the status icon of the task.","lastModifiedDate":"2026-01-29T11:37:33","isFullCredit":false},{"lineNumber":23,"author":{"gitId":"Michael-wzl"},"content":"     *","lastModifiedDate":"2026-01-29T11:37:33","isFullCredit":false},{"lineNumber":24,"author":{"gitId":"Michael-wzl"},"content":"     * @return \"X\" if the task is done, \" \" otherwise.","lastModifiedDate":"2026-01-29T11:37:33","isFullCredit":false},{"lineNumber":25,"author":{"gitId":"Michael-wzl"},"content":"     */","lastModifiedDate":"2026-01-29T11:37:33","isFullCredit":false},{"lineNumber":26,"author":{"gitId":"Michael-wzl"},"content":"    public String getStatusIcon() {","lastModifiedDate":"2026-01-29T11:37:33","isFullCredit":false},{"lineNumber":27,"author":{"gitId":"Michael-wzl"},"content":"        return (isDone ? \"X\" : \" \");","lastModifiedDate":"2026-01-29T11:37:33","isFullCredit":false},{"lineNumber":28,"author":{"gitId":"Michael-wzl"},"content":"    }","lastModifiedDate":"2026-01-29T11:37:33","isFullCredit":false},{"lineNumber":29,"author":{"gitId":"Michael-wzl"},"content":"","lastModifiedDate":"2026-01-29T11:37:33","isFullCredit":false},{"lineNumber":30,"author":{"gitId":"Michael-wzl"},"content":"    /**","lastModifiedDate":"2026-01-29T11:37:33","isFullCredit":false},{"lineNumber":31,"author":{"gitId":"Michael-wzl"},"content":"     * Marks the task as done.","lastModifiedDate":"2026-01-29T11:37:33","isFullCredit":false},{"lineNumber":32,"author":{"gitId":"Michael-wzl"},"content":"     */","lastModifiedDate":"2026-01-29T11:37:33","isFullCredit":false},{"lineNumber":33,"author":{"gitId":"Michael-wzl"},"content":"    public void markAsDone() {","lastModifiedDate":"2026-01-29T11:37:33","isFullCredit":false},{"lineNumber":34,"author":{"gitId":"Michael-wzl"},"content":"        this.isDone \u003d true;","lastModifiedDate":"2026-01-29T11:37:33","isFullCredit":false},{"lineNumber":35,"author":{"gitId":"Michael-wzl"},"content":"    }","lastModifiedDate":"2026-01-29T11:37:33","isFullCredit":false},{"lineNumber":36,"author":{"gitId":"Michael-wzl"},"content":"","lastModifiedDate":"2026-01-29T11:37:33","isFullCredit":false},{"lineNumber":37,"author":{"gitId":"Michael-wzl"},"content":"    /**","lastModifiedDate":"2026-01-29T11:37:33","isFullCredit":false},{"lineNumber":38,"author":{"gitId":"Michael-wzl"},"content":"     * Marks the task as not done.","lastModifiedDate":"2026-01-29T11:37:33","isFullCredit":false},{"lineNumber":39,"author":{"gitId":"Michael-wzl"},"content":"     */","lastModifiedDate":"2026-01-29T11:37:33","isFullCredit":false},{"lineNumber":40,"author":{"gitId":"Michael-wzl"},"content":"    public void markAsNotDone() {","lastModifiedDate":"2026-01-29T11:37:33","isFullCredit":false},{"lineNumber":41,"author":{"gitId":"Michael-wzl"},"content":"        this.isDone \u003d false;","lastModifiedDate":"2026-01-29T11:37:33","isFullCredit":false},{"lineNumber":42,"author":{"gitId":"Michael-wzl"},"content":"    }","lastModifiedDate":"2026-01-29T11:37:33","isFullCredit":false},{"lineNumber":43,"author":{"gitId":"Michael-wzl"},"content":"","lastModifiedDate":"2026-01-29T11:37:33","isFullCredit":false},{"lineNumber":44,"author":{"gitId":"Michael-wzl"},"content":"    /**","lastModifiedDate":"2026-01-29T11:37:33","isFullCredit":false},{"lineNumber":45,"author":{"gitId":"Michael-wzl"},"content":"     * Returns the string representation of the task.","lastModifiedDate":"2026-01-29T11:37:33","isFullCredit":false},{"lineNumber":46,"author":{"gitId":"Michael-wzl"},"content":"     *","lastModifiedDate":"2026-01-29T11:37:33","isFullCredit":false},{"lineNumber":47,"author":{"gitId":"Michael-wzl"},"content":"     * @return The formatted string with status icon and description.","lastModifiedDate":"2026-01-29T11:37:33","isFullCredit":false},{"lineNumber":48,"author":{"gitId":"Michael-wzl"},"content":"     */","lastModifiedDate":"2026-01-29T11:37:33","isFullCredit":false},{"lineNumber":49,"author":{"gitId":"Michael-wzl"},"content":"    @Override","lastModifiedDate":"2026-01-29T11:37:33","isFullCredit":false},{"lineNumber":50,"author":{"gitId":"Michael-wzl"},"content":"    public String toString() {","lastModifiedDate":"2026-01-29T11:37:33","isFullCredit":false},{"lineNumber":51,"author":{"gitId":"Michael-wzl"},"content":"        return \"[\" + getStatusIcon() + \"] \" + description;","lastModifiedDate":"2026-01-29T11:37:33","isFullCredit":false},{"lineNumber":52,"author":{"gitId":"Michael-wzl"},"content":"    }","lastModifiedDate":"2026-01-29T11:37:33","isFullCredit":false},{"lineNumber":53,"author":{"gitId":"Michael-wzl"},"content":"}","lastModifiedDate":"2026-01-29T11:37:33","isFullCredit":false}],"authorContributionMap":{"Michael-wzl":53}},{"path":"src/main/java/dude/task/Todo.java","fileType":"java","lines":[{"lineNumber":1,"author":{"gitId":"Michael-wzl"},"content":"package dude.task;","lastModifiedDate":"2026-02-10T14:28:54","isFullCredit":false},{"lineNumber":2,"author":{"gitId":"Michael-wzl"},"content":"","lastModifiedDate":"2026-02-10T14:28:54","isFullCredit":false},{"lineNumber":3,"author":{"gitId":"Michael-wzl"},"content":"/**","lastModifiedDate":"2026-02-04T11:59:32","isFullCredit":false},{"lineNumber":4,"author":{"gitId":"Michael-wzl"},"content":" * Represents a Todo task without any date/time attached to it.","lastModifiedDate":"2026-02-04T11:59:32","isFullCredit":false},{"lineNumber":5,"author":{"gitId":"Michael-wzl"},"content":" */","lastModifiedDate":"2026-02-04T11:59:32","isFullCredit":false},{"lineNumber":6,"author":{"gitId":"Michael-wzl"},"content":"public class Todo extends Task {","lastModifiedDate":"2026-02-04T11:59:32","isFullCredit":false},{"lineNumber":7,"author":{"gitId":"Michael-wzl"},"content":"","lastModifiedDate":"2026-02-04T11:59:32","isFullCredit":false},{"lineNumber":8,"author":{"gitId":"Michael-wzl"},"content":"    /**","lastModifiedDate":"2026-02-04T11:59:32","isFullCredit":false},{"lineNumber":9,"author":{"gitId":"Michael-wzl"},"content":"     * Creates a new Todo with the given description.","lastModifiedDate":"2026-02-04T11:59:32","isFullCredit":false},{"lineNumber":10,"author":{"gitId":"Michael-wzl"},"content":"     *","lastModifiedDate":"2026-02-04T11:59:32","isFullCredit":false},{"lineNumber":11,"author":{"gitId":"Michael-wzl"},"content":"     * @param description The description of the todo task.","lastModifiedDate":"2026-02-04T11:59:32","isFullCredit":false},{"lineNumber":12,"author":{"gitId":"Michael-wzl"},"content":"     */","lastModifiedDate":"2026-02-04T11:59:32","isFullCredit":false},{"lineNumber":13,"author":{"gitId":"Michael-wzl"},"content":"    public Todo(String description) {","lastModifiedDate":"2026-02-04T11:59:32","isFullCredit":false},{"lineNumber":14,"author":{"gitId":"Michael-wzl"},"content":"        super(description);","lastModifiedDate":"2026-02-04T11:59:32","isFullCredit":false},{"lineNumber":15,"author":{"gitId":"Michael-wzl"},"content":"    }","lastModifiedDate":"2026-02-04T11:59:32","isFullCredit":false},{"lineNumber":16,"author":{"gitId":"Michael-wzl"},"content":"","lastModifiedDate":"2026-02-04T11:59:32","isFullCredit":false},{"lineNumber":17,"author":{"gitId":"Michael-wzl"},"content":"    /**","lastModifiedDate":"2026-02-04T11:59:32","isFullCredit":false},{"lineNumber":18,"author":{"gitId":"Michael-wzl"},"content":"     * Returns the string representation of the todo task.","lastModifiedDate":"2026-02-04T11:59:32","isFullCredit":false},{"lineNumber":19,"author":{"gitId":"Michael-wzl"},"content":"     *","lastModifiedDate":"2026-02-04T11:59:32","isFullCredit":false},{"lineNumber":20,"author":{"gitId":"Michael-wzl"},"content":"     * @return The formatted string","lastModifiedDate":"2026-02-04T11:59:32","isFullCredit":false},{"lineNumber":21,"author":{"gitId":"Michael-wzl"},"content":"     */","lastModifiedDate":"2026-02-04T11:59:32","isFullCredit":false},{"lineNumber":22,"author":{"gitId":"Michael-wzl"},"content":"    @Override","lastModifiedDate":"2026-02-04T11:59:32","isFullCredit":false},{"lineNumber":23,"author":{"gitId":"Michael-wzl"},"content":"    public String toString() {","lastModifiedDate":"2026-02-04T11:59:32","isFullCredit":false},{"lineNumber":24,"author":{"gitId":"Michael-wzl"},"content":"        return \"[T]\" + super.toString();","lastModifiedDate":"2026-02-04T11:59:32","isFullCredit":false},{"lineNumber":25,"author":{"gitId":"Michael-wzl"},"content":"    }","lastModifiedDate":"2026-02-04T11:59:32","isFullCredit":false},{"lineNumber":26,"author":{"gitId":"Michael-wzl"},"content":"}","lastModifiedDate":"2026-02-04T11:59:32","isFullCredit":false}],"authorContributionMap":{"Michael-wzl":26}},{"path":"text-ui-test/input.txt","fileType":"txt","lines":[{"lineNumber":1,"author":{"gitId":"Michael-wzl"},"content":"todo read book","lastModifiedDate":"2026-02-04T11:59:32","isFullCredit":false},{"lineNumber":2,"author":{"gitId":"Michael-wzl"},"content":"todo return book","lastModifiedDate":"2026-02-04T11:59:32","isFullCredit":false},{"lineNumber":3,"author":{"gitId":"Michael-wzl"},"content":"deadline submit report /by Sunday","lastModifiedDate":"2026-02-04T11:59:32","isFullCredit":false},{"lineNumber":4,"author":{"gitId":"Michael-wzl"},"content":"event project meeting /from Mon 2pm /to 4pm","lastModifiedDate":"2026-02-04T11:59:32","isFullCredit":false},{"lineNumber":5,"author":{"gitId":"Michael-wzl"},"content":"list","lastModifiedDate":"2026-02-04T11:59:32","isFullCredit":false},{"lineNumber":6,"author":{"gitId":"Michael-wzl"},"content":"mark 1","lastModifiedDate":"2026-02-04T11:59:32","isFullCredit":false},{"lineNumber":7,"author":{"gitId":"Michael-wzl"},"content":"list","lastModifiedDate":"2026-02-04T11:59:32","isFullCredit":false},{"lineNumber":8,"author":{"gitId":"Michael-wzl"},"content":"unmark 1","lastModifiedDate":"2026-02-04T11:59:32","isFullCredit":false},{"lineNumber":9,"author":{"gitId":"Michael-wzl"},"content":"list","lastModifiedDate":"2026-02-04T11:59:32","isFullCredit":false},{"lineNumber":10,"author":{"gitId":"Michael-wzl"},"content":"mark 2","lastModifiedDate":"2026-02-04T11:59:32","isFullCredit":false},{"lineNumber":11,"author":{"gitId":"Michael-wzl"},"content":"mark 3","lastModifiedDate":"2026-02-04T11:59:32","isFullCredit":false},{"lineNumber":12,"author":{"gitId":"Michael-wzl"},"content":"list","lastModifiedDate":"2026-02-04T11:59:32","isFullCredit":false},{"lineNumber":13,"author":{"gitId":"Michael-wzl"},"content":"todo","lastModifiedDate":"2026-02-04T11:59:32","isFullCredit":false},{"lineNumber":14,"author":{"gitId":"Michael-wzl"},"content":"deadline","lastModifiedDate":"2026-02-10T14:15:28","isFullCredit":false},{"lineNumber":15,"author":{"gitId":"Michael-wzl"},"content":"event","lastModifiedDate":"2026-02-10T14:15:28","isFullCredit":false},{"lineNumber":16,"author":{"gitId":"Michael-wzl"},"content":"deadline missing by","lastModifiedDate":"2026-02-04T11:59:32","isFullCredit":false},{"lineNumber":17,"author":{"gitId":"Michael-wzl"},"content":"event missing from to","lastModifiedDate":"2026-02-04T11:59:32","isFullCredit":false},{"lineNumber":18,"author":{"gitId":"Michael-wzl"},"content":"mark","lastModifiedDate":"2026-02-10T14:15:28","isFullCredit":false},{"lineNumber":19,"author":{"gitId":"Michael-wzl"},"content":"unmark","lastModifiedDate":"2026-02-10T14:15:28","isFullCredit":false},{"lineNumber":20,"author":{"gitId":"Michael-wzl"},"content":"mark abc","lastModifiedDate":"2026-02-10T14:15:28","isFullCredit":false},{"lineNumber":21,"author":{"gitId":"Michael-wzl"},"content":"unmark xyz","lastModifiedDate":"2026-02-10T14:15:28","isFullCredit":false},{"lineNumber":22,"author":{"gitId":"Michael-wzl"},"content":"mark 999","lastModifiedDate":"2026-02-10T14:15:28","isFullCredit":false},{"lineNumber":23,"author":{"gitId":"Michael-wzl"},"content":"unmark 0","lastModifiedDate":"2026-02-10T14:15:28","isFullCredit":false},{"lineNumber":24,"author":{"gitId":"Michael-wzl"},"content":"invalid command","lastModifiedDate":"2026-02-04T11:59:32","isFullCredit":false},{"lineNumber":25,"author":{"gitId":"Michael-wzl"},"content":"blah","lastModifiedDate":"2026-02-10T14:15:28","isFullCredit":false},{"lineNumber":26,"author":{"gitId":"Michael-wzl"},"content":"bye","lastModifiedDate":"2026-02-04T11:59:32","isFullCredit":false}],"authorContributionMap":{"Michael-wzl":26}},{"path":"text-ui-test/runtest.bat","fileType":"bat","lines":[{"lineNumber":1,"author":{"gitId":"-"},"content":"@ECHO OFF","lastModifiedDate":"2020-05-25T00:03:55","isFullCredit":false},{"lineNumber":2,"author":{"gitId":"-"},"content":"","lastModifiedDate":"2020-05-25T00:03:55","isFullCredit":false},{"lineNumber":3,"author":{"gitId":"-"},"content":"REM create bin directory if it doesn\u0027t exist","lastModifiedDate":"2020-05-25T00:03:55","isFullCredit":false},{"lineNumber":4,"author":{"gitId":"-"},"content":"if not exist ..\\bin mkdir ..\\bin","lastModifiedDate":"2020-05-25T00:03:55","isFullCredit":false},{"lineNumber":5,"author":{"gitId":"-"},"content":"","lastModifiedDate":"2020-05-25T00:03:55","isFullCredit":false},{"lineNumber":6,"author":{"gitId":"-"},"content":"REM delete output from previous run","lastModifiedDate":"2020-05-25T00:03:55","isFullCredit":false},{"lineNumber":7,"author":{"gitId":"-"},"content":"if exist ACTUAL.TXT del ACTUAL.TXT","lastModifiedDate":"2020-08-25T17:23:26","isFullCredit":false},{"lineNumber":8,"author":{"gitId":"-"},"content":"","lastModifiedDate":"2020-05-25T00:03:55","isFullCredit":false},{"lineNumber":9,"author":{"gitId":"-"},"content":"REM compile the code into the bin folder","lastModifiedDate":"2020-05-25T00:03:55","isFullCredit":false},{"lineNumber":10,"author":{"gitId":"Michael-wzl"},"content":"dir /s /B ..\\src\\main\\java\\*.java \u003e sources.txt","lastModifiedDate":"2026-02-10T14:28:54","isFullCredit":false},{"lineNumber":11,"author":{"gitId":"Michael-wzl"},"content":"javac  -cp ..\\src\\main\\java -Xlint:none -d ..\\bin @sources.txt","lastModifiedDate":"2026-02-10T14:28:54","isFullCredit":false},{"lineNumber":12,"author":{"gitId":"-"},"content":"IF ERRORLEVEL 1 (","lastModifiedDate":"2020-05-25T00:03:55","isFullCredit":false},{"lineNumber":13,"author":{"gitId":"-"},"content":"    echo ********** BUILD FAILURE **********","lastModifiedDate":"2020-05-25T00:03:55","isFullCredit":false},{"lineNumber":14,"author":{"gitId":"-"},"content":"    exit /b 1","lastModifiedDate":"2020-05-25T00:03:55","isFullCredit":false},{"lineNumber":15,"author":{"gitId":"-"},"content":")","lastModifiedDate":"2020-05-25T00:03:55","isFullCredit":false},{"lineNumber":16,"author":{"gitId":"-"},"content":"REM no error here, errorlevel \u003d\u003d 0","lastModifiedDate":"2020-05-25T00:03:55","isFullCredit":false},{"lineNumber":17,"author":{"gitId":"-"},"content":"","lastModifiedDate":"2020-05-25T00:03:55","isFullCredit":false},{"lineNumber":18,"author":{"gitId":"-"},"content":"REM run the program, feed commands from input.txt file and redirect the output to the ACTUAL.TXT","lastModifiedDate":"2020-05-25T00:03:55","isFullCredit":false},{"lineNumber":19,"author":{"gitId":"Michael-wzl"},"content":"java -classpath ..\\bin dude.Dude \u003c input.txt \u003e ACTUAL.TXT","lastModifiedDate":"2026-02-10T14:28:54","isFullCredit":false},{"lineNumber":20,"author":{"gitId":"-"},"content":"","lastModifiedDate":"2020-05-25T00:03:55","isFullCredit":false},{"lineNumber":21,"author":{"gitId":"-"},"content":"REM compare the output to the expected output","lastModifiedDate":"2020-05-25T00:03:55","isFullCredit":false},{"lineNumber":22,"author":{"gitId":"-"},"content":"FC ACTUAL.TXT EXPECTED.TXT","lastModifiedDate":"2020-05-25T00:03:55","isFullCredit":false}],"authorContributionMap":{"-":19,"Michael-wzl":3}},{"path":"text-ui-test/runtest.sh","fileType":"sh","lines":[{"lineNumber":1,"author":{"gitId":"-"},"content":"#!/usr/bin/env bash","lastModifiedDate":"2020-05-25T00:03:55","isFullCredit":false},{"lineNumber":2,"author":{"gitId":"-"},"content":"","lastModifiedDate":"2020-05-25T00:03:55","isFullCredit":false},{"lineNumber":3,"author":{"gitId":"-"},"content":"# create bin directory if it doesn\u0027t exist","lastModifiedDate":"2020-05-25T00:03:55","isFullCredit":false},{"lineNumber":4,"author":{"gitId":"-"},"content":"if [ ! -d \"../bin\" ]","lastModifiedDate":"2020-05-25T00:03:55","isFullCredit":false},{"lineNumber":5,"author":{"gitId":"-"},"content":"then","lastModifiedDate":"2020-05-25T00:03:55","isFullCredit":false},{"lineNumber":6,"author":{"gitId":"-"},"content":"    mkdir ../bin","lastModifiedDate":"2020-05-25T00:03:55","isFullCredit":false},{"lineNumber":7,"author":{"gitId":"-"},"content":"fi","lastModifiedDate":"2020-05-25T00:03:55","isFullCredit":false},{"lineNumber":8,"author":{"gitId":"-"},"content":"","lastModifiedDate":"2020-05-25T00:03:55","isFullCredit":false},{"lineNumber":9,"author":{"gitId":"-"},"content":"# delete output from previous run","lastModifiedDate":"2020-05-25T00:03:55","isFullCredit":false},{"lineNumber":10,"author":{"gitId":"-"},"content":"if [ -e \"./ACTUAL.TXT\" ]","lastModifiedDate":"2020-05-25T00:03:55","isFullCredit":false},{"lineNumber":11,"author":{"gitId":"-"},"content":"then","lastModifiedDate":"2020-05-25T00:03:55","isFullCredit":false},{"lineNumber":12,"author":{"gitId":"-"},"content":"    rm ACTUAL.TXT","lastModifiedDate":"2020-05-25T00:03:55","isFullCredit":false},{"lineNumber":13,"author":{"gitId":"-"},"content":"fi","lastModifiedDate":"2020-05-25T00:03:55","isFullCredit":false},{"lineNumber":14,"author":{"gitId":"-"},"content":"","lastModifiedDate":"2020-05-25T00:03:55","isFullCredit":false},{"lineNumber":15,"author":{"gitId":"-"},"content":"# compile the code into the bin folder, terminates if error occurred","lastModifiedDate":"2020-05-25T00:03:55","isFullCredit":false},{"lineNumber":16,"author":{"gitId":"Michael-wzl"},"content":"if ! find ../src/main/java -name \"*.java\" | xargs javac -cp ../src/main/java -Xlint:none -d ../bin","lastModifiedDate":"2026-02-10T14:28:54","isFullCredit":false},{"lineNumber":17,"author":{"gitId":"-"},"content":"then","lastModifiedDate":"2020-05-25T00:03:55","isFullCredit":false},{"lineNumber":18,"author":{"gitId":"-"},"content":"    echo \"********** BUILD FAILURE **********\"","lastModifiedDate":"2020-05-25T00:03:55","isFullCredit":false},{"lineNumber":19,"author":{"gitId":"-"},"content":"    exit 1","lastModifiedDate":"2020-05-25T00:03:55","isFullCredit":false},{"lineNumber":20,"author":{"gitId":"-"},"content":"fi","lastModifiedDate":"2020-05-25T00:03:55","isFullCredit":false},{"lineNumber":21,"author":{"gitId":"-"},"content":"","lastModifiedDate":"2020-05-25T00:03:55","isFullCredit":false},{"lineNumber":22,"author":{"gitId":"-"},"content":"# run the program, feed commands from input.txt file and redirect the output to the ACTUAL.TXT","lastModifiedDate":"2020-05-25T00:03:55","isFullCredit":false},{"lineNumber":23,"author":{"gitId":"Michael-wzl"},"content":"java -classpath ../bin dude.Dude \u003c input.txt \u003e ACTUAL.TXT","lastModifiedDate":"2026-02-10T14:28:54","isFullCredit":false},{"lineNumber":24,"author":{"gitId":"-"},"content":"","lastModifiedDate":"2020-05-25T00:03:55","isFullCredit":false},{"lineNumber":25,"author":{"gitId":"-"},"content":"# convert to UNIX format","lastModifiedDate":"2020-05-25T00:03:55","isFullCredit":false},{"lineNumber":26,"author":{"gitId":"-"},"content":"cp EXPECTED.TXT EXPECTED-UNIX.TXT","lastModifiedDate":"2020-05-25T00:03:55","isFullCredit":false},{"lineNumber":27,"author":{"gitId":"-"},"content":"dos2unix ACTUAL.TXT EXPECTED-UNIX.TXT","lastModifiedDate":"2020-05-25T00:03:55","isFullCredit":false},{"lineNumber":28,"author":{"gitId":"-"},"content":"","lastModifiedDate":"2020-05-25T00:03:55","isFullCredit":false},{"lineNumber":29,"author":{"gitId":"-"},"content":"# compare the output to the expected output","lastModifiedDate":"2020-05-25T00:03:55","isFullCredit":false},{"lineNumber":30,"author":{"gitId":"-"},"content":"diff ACTUAL.TXT EXPECTED-UNIX.TXT","lastModifiedDate":"2020-05-25T00:03:55","isFullCredit":false},{"lineNumber":31,"author":{"gitId":"-"},"content":"if [ $? -eq 0 ]","lastModifiedDate":"2020-05-25T00:03:55","isFullCredit":false},{"lineNumber":32,"author":{"gitId":"-"},"content":"then","lastModifiedDate":"2020-05-25T00:03:55","isFullCredit":false},{"lineNumber":33,"author":{"gitId":"-"},"content":"    echo \"Test result: PASSED\"","lastModifiedDate":"2020-05-25T00:03:55","isFullCredit":false},{"lineNumber":34,"author":{"gitId":"-"},"content":"    exit 0","lastModifiedDate":"2020-05-25T00:03:55","isFullCredit":false},{"lineNumber":35,"author":{"gitId":"-"},"content":"else","lastModifiedDate":"2020-05-25T00:03:55","isFullCredit":false},{"lineNumber":36,"author":{"gitId":"-"},"content":"    echo \"Test result: FAILED\"","lastModifiedDate":"2020-05-25T00:03:55","isFullCredit":false},{"lineNumber":37,"author":{"gitId":"-"},"content":"    exit 1","lastModifiedDate":"2020-05-25T00:03:55","isFullCredit":false},{"lineNumber":38,"author":{"gitId":"-"},"content":"fi","lastModifiedDate":"2020-05-25T00:03:55","isFullCredit":false}],"authorContributionMap":{"-":36,"Michael-wzl":2}}]
