{"authorDailyContributionsMap":{"ffluryy":[{"date":"2026-02-02T00:00:00","commitResults":[{"hash":"453026a321bdd432977dc7578e380b6ea48b42f1","isMergeCommit":false,"messageTitle":"Renamed to Megatron 2, added greet and bye method","messageBody":"","tags":["Level-0"],"fileTypesAndContributionMap":{"java":{"insertions":15,"deletions":10},"bat":{"insertions":1,"deletions":1},"md":{"insertions":3,"deletions":3}}},{"hash":"bc6f64acde49faebdd28c93b2529b0bb3f2c25a9","isMergeCommit":false,"messageTitle":"Added echo functionality, Megatron shouts it back","messageBody":"","tags":["Level-1"],"fileTypesAndContributionMap":{"java":{"insertions":18,"deletions":0}}},{"hash":"7f3129ad63de8b22c72ee7062a1e76c00281eb0a","isMergeCommit":false,"messageTitle":"Added CLI-like interface and list marking","messageBody":"","tags":["level-2","Level-3","A-CodingStandard"],"fileTypesAndContributionMap":{"java":{"insertions":79,"deletions":3}}}]},{"date":"2026-02-03T00:00:00","commitResults":[{"hash":"b80be785168738445cc36a0fc2dffd379a235490","isMergeCommit":false,"messageTitle":"Added Task, ToDo, Deadline and Event classes","messageBody":"","fileTypesAndContributionMap":{"java":{"insertions":127,"deletions":0}}},{"hash":"00ef3f27bdee0e6d75edf50c6ec06d65ff866322","isMergeCommit":false,"messageTitle":"Implemented task types, streamlined logic","messageBody":"megatron now can show and keep a nice list of tasks, main is cleaner\n","tags":["Level-4"],"fileTypesAndContributionMap":{"java":{"insertions":122,"deletions":81}}},{"hash":"fc99d2b19cb6da1ccab0ad6ce7e9d674a1a6fbbb","isMergeCommit":false,"messageTitle":"Fixed bug with event and deadline adding","messageBody":"adding more slashes would just truncate the end\ntime/ deadline if they come after a slash\n","fileTypesAndContributionMap":{"java":{"insertions":2,"deletions":2}}},{"hash":"99e630c584fec810d36e93a582a422216e57fc3c","isMergeCommit":false,"messageTitle":"Cleaned up code, split printing and logic","messageBody":"printing and ui parts used to be mixed with logic methods, very messy.\nNow the megatron class only handles the logic while Ui class handles the\nprinting.\n","tags":["A-CodeQuality"],"fileTypesAndContributionMap":{"java":{"insertions":95,"deletions":97}}},{"hash":"15f1b12a59f01bf68800b200ddb64ad33dabb1dd","isMergeCommit":false,"messageTitle":"Fixed bug where leading or trailing spaces broke","messageBody":"added .strip() method on user input to remove leading and trailing\nspaces, as well as on cmd and args variables from the split to remove\ndouble spaces etc\n","fileTypesAndContributionMap":{"txt":{"insertions":7,"deletions":0},"java":{"insertions":3,"deletions":3},"sh":{"insertions":0,"deletions":38}}},{"hash":"7640be7c992c696fc09b1e3fa43cfd9daf054e4f","isMergeCommit":false,"messageTitle":"Forgot to add Ui.java to commit, fixed in this","messageBody":"","tags":["A-TextUiTesting"],"fileTypesAndContributionMap":{"java":{"insertions":21,"deletions":0}}}]}]},"authorFileTypeContributionMap":{"ffluryy":{"java":296,"md":3,"fxml":0,"sh":0,"bat":1,"gradle":0,"txt":7}},"authorContributionVariance":{"ffluryy":13643.873},"authorDisplayNameMap":{"ffluryy":"CS2113-T11-4 CHON.. JIE"}}
