[{"path":"README.md","fileType":"md","lines":[{"lineNumber":1,"author":{"gitId":"vionyp"},"content":"# Nivi project template","lastModifiedDate":"2026-02-08T01:32:51","isFullCredit":false},{"lineNumber":2,"author":{"gitId":"-"},"content":"","lastModifiedDate":"2020-05-25T00:03:55","isFullCredit":false},{"lineNumber":3,"author":{"gitId":"-"},"content":"This is a project template for a greenfield Java project. It\u0027s named after the Java mascot _Duke_. Given below are instructions on how to use it.","lastModifiedDate":"2020-05-25T00:03:55","isFullCredit":false},{"lineNumber":4,"author":{"gitId":"-"},"content":"","lastModifiedDate":"2020-05-25T00:03:55","isFullCredit":false},{"lineNumber":5,"author":{"gitId":"-"},"content":"## Setting up in Intellij","lastModifiedDate":"2020-05-25T00:03:55","isFullCredit":false},{"lineNumber":6,"author":{"gitId":"-"},"content":"","lastModifiedDate":"2020-05-25T00:03:55","isFullCredit":false},{"lineNumber":7,"author":{"gitId":"-"},"content":"Prerequisites: JDK 17, update Intellij to the most recent version.","lastModifiedDate":"2024-07-11T16:50:14","isFullCredit":false},{"lineNumber":8,"author":{"gitId":"-"},"content":"","lastModifiedDate":"2020-05-25T00:03:55","isFullCredit":false},{"lineNumber":9,"author":{"gitId":"-"},"content":"1. Open Intellij (if you are not in the welcome screen, click `File` \u003e `Close Project` to close the existing project first)","lastModifiedDate":"2021-01-17T12:25:53","isFullCredit":false},{"lineNumber":10,"author":{"gitId":"-"},"content":"1. Open the project into Intellij as follows:","lastModifiedDate":"2021-01-17T12:25:53","isFullCredit":false},{"lineNumber":11,"author":{"gitId":"-"},"content":"   1. Click `Open`.","lastModifiedDate":"2021-01-17T12:25:53","isFullCredit":false},{"lineNumber":12,"author":{"gitId":"-"},"content":"   1. Select the project directory, and click `OK`.","lastModifiedDate":"2021-01-17T12:25:53","isFullCredit":false},{"lineNumber":13,"author":{"gitId":"-"},"content":"   1. If there are any further prompts, accept the defaults.","lastModifiedDate":"2020-05-25T00:03:55","isFullCredit":false},{"lineNumber":14,"author":{"gitId":"-"},"content":"1. Configure the project to use **JDK 17** (not other versions) as explained in [here](https://www.jetbrains.com/help/idea/sdk.html#set-up-jdk).\u003cbr\u003e","lastModifiedDate":"2024-07-11T16:50:14","isFullCredit":false},{"lineNumber":15,"author":{"gitId":"-"},"content":"   In the same dialog, set the **Project language level** field to the `SDK default` option.","lastModifiedDate":"2021-07-29T20:29:39","isFullCredit":false},{"lineNumber":16,"author":{"gitId":"vionyp"},"content":"1. After that, locate the `src/main/java/Nivi.java` file, right-click it, and choose `Run Nivi.main()` (if the code editor is showing compile errors, try restarting the IDE). If the setup is correct, you should see something like the below as the output:","lastModifiedDate":"2026-02-08T01:32:51","isFullCredit":false},{"lineNumber":17,"author":{"gitId":"-"},"content":"   ```","lastModifiedDate":"2020-05-25T00:03:55","isFullCredit":false},{"lineNumber":18,"author":{"gitId":"-"},"content":"   Hello from","lastModifiedDate":"2020-05-25T00:03:55","isFullCredit":false},{"lineNumber":19,"author":{"gitId":"vionyp"},"content":"    _   _  _____ __      _____","lastModifiedDate":"2026-02-08T01:32:51","isFullCredit":false},{"lineNumber":20,"author":{"gitId":"vionyp"},"content":"   | \\ | ||_   _|\\ \\    / /|_   _|","lastModifiedDate":"2026-02-08T01:32:51","isFullCredit":false},{"lineNumber":21,"author":{"gitId":"vionyp"},"content":"   |  \\| |  | |   \\ \\  / /   | |  ","lastModifiedDate":"2026-02-08T01:32:51","isFullCredit":false},{"lineNumber":22,"author":{"gitId":"vionyp"},"content":"   | . ` |  | |    \\ \\/ /    | |  ","lastModifiedDate":"2026-02-08T01:32:51","isFullCredit":false},{"lineNumber":23,"author":{"gitId":"vionyp"},"content":"   | |\\  | _| |_    \\  /    _| |_ ","lastModifiedDate":"2026-02-08T01:32:51","isFullCredit":false},{"lineNumber":24,"author":{"gitId":"vionyp"},"content":"   |_| \\_||_____|    \\/    |_____|","lastModifiedDate":"2026-02-08T01:32:51","isFullCredit":false},{"lineNumber":25,"author":{"gitId":"-"},"content":"   ```","lastModifiedDate":"2020-05-25T00:03:55","isFullCredit":false},{"lineNumber":26,"author":{"gitId":"-"},"content":"","lastModifiedDate":"2025-01-04T21:44:28","isFullCredit":false},{"lineNumber":27,"author":{"gitId":"-"},"content":"**Warning:** Keep the `src\\main\\java` folder as the root folder for Java files (i.e., don\u0027t rename those folders or move Java files to another folder outside of this folder path), as this is the default location some tools (e.g., Gradle) expect to find Java files.","lastModifiedDate":"2025-01-04T21:44:28","isFullCredit":false}],"authorContributionMap":{"-":19,"vionyp":8}},{"path":"src/main/java/Deadline.java","fileType":"java","lines":[{"lineNumber":1,"author":{"gitId":"vionyp"},"content":"public class Deadline extends Task{","lastModifiedDate":"2026-02-08T01:09:46","isFullCredit":false},{"lineNumber":2,"author":{"gitId":"vionyp"},"content":"    protected String by;","lastModifiedDate":"2026-02-08T01:09:46","isFullCredit":false},{"lineNumber":3,"author":{"gitId":"vionyp"},"content":"","lastModifiedDate":"2026-02-08T01:09:46","isFullCredit":false},{"lineNumber":4,"author":{"gitId":"vionyp"},"content":"    public Deadline(String description, String by) {","lastModifiedDate":"2026-02-08T01:09:46","isFullCredit":false},{"lineNumber":5,"author":{"gitId":"vionyp"},"content":"        super(description);","lastModifiedDate":"2026-02-08T01:09:46","isFullCredit":false},{"lineNumber":6,"author":{"gitId":"vionyp"},"content":"        this.by \u003d by;","lastModifiedDate":"2026-02-08T01:09:46","isFullCredit":false},{"lineNumber":7,"author":{"gitId":"vionyp"},"content":"    }","lastModifiedDate":"2026-02-08T01:09:46","isFullCredit":false},{"lineNumber":8,"author":{"gitId":"vionyp"},"content":"","lastModifiedDate":"2026-02-08T01:09:46","isFullCredit":false},{"lineNumber":9,"author":{"gitId":"vionyp"},"content":"    @Override","lastModifiedDate":"2026-02-08T01:09:46","isFullCredit":false},{"lineNumber":10,"author":{"gitId":"vionyp"},"content":"    public String toString() {","lastModifiedDate":"2026-02-08T01:09:46","isFullCredit":false},{"lineNumber":11,"author":{"gitId":"vionyp"},"content":"        return \"[D]\" + super.toString() + \" (by: \" + by + \")\";","lastModifiedDate":"2026-02-08T01:09:46","isFullCredit":false},{"lineNumber":12,"author":{"gitId":"vionyp"},"content":"    }","lastModifiedDate":"2026-02-08T01:09:46","isFullCredit":false},{"lineNumber":13,"author":{"gitId":"vionyp"},"content":"}","lastModifiedDate":"2026-02-08T01:09:46","isFullCredit":false}],"authorContributionMap":{"vionyp":13}},{"path":"src/main/java/Event.java","fileType":"java","lines":[{"lineNumber":1,"author":{"gitId":"vionyp"},"content":"public class Event extends Task{","lastModifiedDate":"2026-02-08T01:09:46","isFullCredit":false},{"lineNumber":2,"author":{"gitId":"vionyp"},"content":"    protected String from;","lastModifiedDate":"2026-02-08T01:09:46","isFullCredit":false},{"lineNumber":3,"author":{"gitId":"vionyp"},"content":"    protected String to;","lastModifiedDate":"2026-02-08T01:09:46","isFullCredit":false},{"lineNumber":4,"author":{"gitId":"vionyp"},"content":"    public Event(String description, String from, String to ){","lastModifiedDate":"2026-02-08T01:09:46","isFullCredit":false},{"lineNumber":5,"author":{"gitId":"vionyp"},"content":"        super(description);","lastModifiedDate":"2026-02-08T01:09:46","isFullCredit":false},{"lineNumber":6,"author":{"gitId":"vionyp"},"content":"        this.from \u003d from;","lastModifiedDate":"2026-02-08T01:09:46","isFullCredit":false},{"lineNumber":7,"author":{"gitId":"vionyp"},"content":"        this.to \u003d to;","lastModifiedDate":"2026-02-08T01:09:46","isFullCredit":false},{"lineNumber":8,"author":{"gitId":"vionyp"},"content":"    }","lastModifiedDate":"2026-02-08T01:09:46","isFullCredit":false},{"lineNumber":9,"author":{"gitId":"vionyp"},"content":"","lastModifiedDate":"2026-02-08T01:09:46","isFullCredit":false},{"lineNumber":10,"author":{"gitId":"vionyp"},"content":"    @Override","lastModifiedDate":"2026-02-08T01:09:46","isFullCredit":false},{"lineNumber":11,"author":{"gitId":"vionyp"},"content":"    public String toString() {","lastModifiedDate":"2026-02-08T01:09:46","isFullCredit":false},{"lineNumber":12,"author":{"gitId":"vionyp"},"content":"        return \"[E]\" + super.toString() + \" (from: \" + from + \" to: \"+to+ \")\";","lastModifiedDate":"2026-02-08T01:09:46","isFullCredit":false},{"lineNumber":13,"author":{"gitId":"vionyp"},"content":"    }","lastModifiedDate":"2026-02-08T01:09:46","isFullCredit":false},{"lineNumber":14,"author":{"gitId":"vionyp"},"content":"}","lastModifiedDate":"2026-02-08T01:09:46","isFullCredit":false}],"authorContributionMap":{"vionyp":14}},{"path":"src/main/java/Nivi.java","fileType":"java","lines":[{"lineNumber":1,"author":{"gitId":"vionyp"},"content":"import java.util.Scanner;","lastModifiedDate":"2026-02-04T10:44:15","isFullCredit":false},{"lineNumber":2,"author":{"gitId":"vionyp"},"content":"","lastModifiedDate":"2026-02-04T10:44:15","isFullCredit":false},{"lineNumber":3,"author":{"gitId":"vionyp"},"content":"public class Nivi {","lastModifiedDate":"2026-02-04T10:41:37","isFullCredit":false},{"lineNumber":4,"author":{"gitId":"vionyp"},"content":"    // simplify the code that have repetitions like the line divider","lastModifiedDate":"2026-02-08T01:38:03","isFullCredit":false},{"lineNumber":5,"author":{"gitId":"vionyp"},"content":"    private static final int maximumTaskCapacity \u003d 100;","lastModifiedDate":"2026-02-08T02:34:31","isFullCredit":false},{"lineNumber":6,"author":{"gitId":"vionyp"},"content":"    private static final String lineDivider \u003d \"____________________________________________________________\";","lastModifiedDate":"2026-02-08T02:34:31","isFullCredit":false},{"lineNumber":7,"author":{"gitId":"vionyp"},"content":"","lastModifiedDate":"2026-02-08T01:38:03","isFullCredit":false},{"lineNumber":8,"author":{"gitId":"vionyp"},"content":"    public static void main(String[] args) {","lastModifiedDate":"2026-02-04T10:41:37","isFullCredit":false},{"lineNumber":9,"author":{"gitId":"vionyp"},"content":"        Task[] taskList \u003d new Task[maximumTaskCapacity];","lastModifiedDate":"2026-02-08T02:34:31","isFullCredit":false},{"lineNumber":10,"author":{"gitId":"vionyp"},"content":"        int totalTaskCount \u003d 0;","lastModifiedDate":"2026-02-08T02:34:31","isFullCredit":false},{"lineNumber":11,"author":{"gitId":"vionyp"},"content":"","lastModifiedDate":"2026-02-08T00:37:54","isFullCredit":false},{"lineNumber":12,"author":{"gitId":"vionyp"},"content":"        String niviLogo \u003d \" _   _  _____ __      __ _____\\n\"","lastModifiedDate":"2026-02-08T02:34:31","isFullCredit":false},{"lineNumber":13,"author":{"gitId":"vionyp"},"content":"                + \"| \\\\ | ||_   _|\\\\ \\\\    / /|_   _|\\n\"","lastModifiedDate":"2026-02-04T10:41:37","isFullCredit":false},{"lineNumber":14,"author":{"gitId":"vionyp"},"content":"                + \"|  \\\\| |  | |   \\\\ \\\\  / /   | |  \\n\"","lastModifiedDate":"2026-02-04T10:41:37","isFullCredit":false},{"lineNumber":15,"author":{"gitId":"vionyp"},"content":"                + \"| . ` |  | |    \\\\ \\\\/ /    | |  \\n\"","lastModifiedDate":"2026-02-04T10:41:37","isFullCredit":false},{"lineNumber":16,"author":{"gitId":"vionyp"},"content":"                + \"| |\\\\  | _| |_    \\\\  /    _| |_ \\n\"","lastModifiedDate":"2026-02-04T10:41:37","isFullCredit":false},{"lineNumber":17,"author":{"gitId":"vionyp"},"content":"                + \"|_| \\\\_||_____|    \\\\/    |_____|\\n\";","lastModifiedDate":"2026-02-04T10:41:37","isFullCredit":false},{"lineNumber":18,"author":{"gitId":"vionyp"},"content":"","lastModifiedDate":"2026-02-04T10:41:37","isFullCredit":false},{"lineNumber":19,"author":{"gitId":"vionyp"},"content":"        System.out.println(\"Hello from\\n\" + niviLogo);","lastModifiedDate":"2026-02-08T02:34:31","isFullCredit":false},{"lineNumber":20,"author":{"gitId":"vionyp"},"content":"        printDivider();","lastModifiedDate":"2026-02-08T01:38:03","isFullCredit":false},{"lineNumber":21,"author":{"gitId":"vionyp"},"content":"        System.out.println(\" Hello! I\u0027m NIVI\");","lastModifiedDate":"2026-02-04T10:41:37","isFullCredit":false},{"lineNumber":22,"author":{"gitId":"vionyp"},"content":"        System.out.println(\" What can I do for you , little kid?\");","lastModifiedDate":"2026-02-08T02:34:31","isFullCredit":false},{"lineNumber":23,"author":{"gitId":"vionyp"},"content":"        printDivider();","lastModifiedDate":"2026-02-08T01:38:03","isFullCredit":false},{"lineNumber":24,"author":{"gitId":"vionyp"},"content":"","lastModifiedDate":"2026-02-04T10:41:37","isFullCredit":false},{"lineNumber":25,"author":{"gitId":"vionyp"},"content":"        Scanner userInputScanner \u003d new Scanner(System.in);","lastModifiedDate":"2026-02-08T02:34:31","isFullCredit":false},{"lineNumber":26,"author":{"gitId":"vionyp"},"content":"        while (true) {","lastModifiedDate":"2026-02-04T10:44:15","isFullCredit":false},{"lineNumber":27,"author":{"gitId":"vionyp"},"content":"            try {","lastModifiedDate":"2026-02-08T02:34:31","isFullCredit":false},{"lineNumber":28,"author":{"gitId":"vionyp"},"content":"                String userInput \u003d userInputScanner.nextLine();","lastModifiedDate":"2026-02-08T02:34:31","isFullCredit":false},{"lineNumber":29,"author":{"gitId":"vionyp"},"content":"                String lowercaseUserInput \u003d userInput.toLowerCase();","lastModifiedDate":"2026-02-08T02:34:31","isFullCredit":false},{"lineNumber":30,"author":{"gitId":"vionyp"},"content":"","lastModifiedDate":"2026-02-08T00:37:54","isFullCredit":false},{"lineNumber":31,"author":{"gitId":"vionyp"},"content":"                // structuring the code logically","lastModifiedDate":"2026-02-08T01:38:03","isFullCredit":false},{"lineNumber":32,"author":{"gitId":"vionyp"},"content":"                // give a space and enter to differentiate each if else case","lastModifiedDate":"2026-02-08T01:38:03","isFullCredit":false},{"lineNumber":33,"author":{"gitId":"vionyp"},"content":"                if (lowercaseUserInput.contains(\"bye\")) {","lastModifiedDate":"2026-02-08T02:34:31","isFullCredit":false},{"lineNumber":34,"author":{"gitId":"vionyp"},"content":"                    printDivider();","lastModifiedDate":"2026-02-08T01:38:03","isFullCredit":false},{"lineNumber":35,"author":{"gitId":"vionyp"},"content":"                    System.out.println(\" Bye. See you soon little kid! Love u\");","lastModifiedDate":"2026-02-08T00:37:54","isFullCredit":false},{"lineNumber":36,"author":{"gitId":"vionyp"},"content":"                    printDivider();","lastModifiedDate":"2026-02-08T01:38:03","isFullCredit":false},{"lineNumber":37,"author":{"gitId":"vionyp"},"content":"                    break;","lastModifiedDate":"2026-02-04T10:44:15","isFullCredit":false},{"lineNumber":38,"author":{"gitId":"vionyp"},"content":"                }","lastModifiedDate":"2026-02-08T01:38:03","isFullCredit":false},{"lineNumber":39,"author":{"gitId":"vionyp"},"content":"","lastModifiedDate":"2026-02-08T01:38:03","isFullCredit":false},{"lineNumber":40,"author":{"gitId":"vionyp"},"content":"                if (lowercaseUserInput.equals(\"list\")) {","lastModifiedDate":"2026-02-08T02:34:31","isFullCredit":false},{"lineNumber":41,"author":{"gitId":"vionyp"},"content":"                    handleListCommand(taskList, totalTaskCount);","lastModifiedDate":"2026-02-08T02:34:31","isFullCredit":false},{"lineNumber":42,"author":{"gitId":"vionyp"},"content":"                    continue;","lastModifiedDate":"2026-02-08T01:38:03","isFullCredit":false},{"lineNumber":43,"author":{"gitId":"vionyp"},"content":"                }","lastModifiedDate":"2026-02-08T01:38:03","isFullCredit":false},{"lineNumber":44,"author":{"gitId":"vionyp"},"content":"","lastModifiedDate":"2026-02-08T01:38:03","isFullCredit":false},{"lineNumber":45,"author":{"gitId":"vionyp"},"content":"                if (lowercaseUserInput.startsWith(\"mark \")) {","lastModifiedDate":"2026-02-08T02:34:31","isFullCredit":false},{"lineNumber":46,"author":{"gitId":"vionyp"},"content":"                    handleMarkCommand(taskList, totalTaskCount, lowercaseUserInput);","lastModifiedDate":"2026-02-08T02:34:31","isFullCredit":false},{"lineNumber":47,"author":{"gitId":"vionyp"},"content":"                    continue;","lastModifiedDate":"2026-02-08T01:38:03","isFullCredit":false},{"lineNumber":48,"author":{"gitId":"vionyp"},"content":"                }","lastModifiedDate":"2026-02-08T01:38:03","isFullCredit":false},{"lineNumber":49,"author":{"gitId":"vionyp"},"content":"","lastModifiedDate":"2026-02-08T01:38:03","isFullCredit":false},{"lineNumber":50,"author":{"gitId":"vionyp"},"content":"                if (lowercaseUserInput.startsWith(\"unmark \")) {","lastModifiedDate":"2026-02-08T02:34:31","isFullCredit":false},{"lineNumber":51,"author":{"gitId":"vionyp"},"content":"                    handleUnmarkCommand(taskList, totalTaskCount, lowercaseUserInput);","lastModifiedDate":"2026-02-08T02:34:31","isFullCredit":false},{"lineNumber":52,"author":{"gitId":"vionyp"},"content":"                    continue;","lastModifiedDate":"2026-02-08T01:38:03","isFullCredit":false},{"lineNumber":53,"author":{"gitId":"vionyp"},"content":"                }","lastModifiedDate":"2026-02-08T01:38:03","isFullCredit":false},{"lineNumber":54,"author":{"gitId":"vionyp"},"content":"","lastModifiedDate":"2026-02-08T01:38:03","isFullCredit":false},{"lineNumber":55,"author":{"gitId":"vionyp"},"content":"                if (lowercaseUserInput.startsWith(\"todo\") || lowercaseUserInput.startsWith(\"deadline\") ","lastModifiedDate":"2026-02-08T02:34:31","isFullCredit":false},{"lineNumber":56,"author":{"gitId":"vionyp"},"content":"                        || lowercaseUserInput.startsWith(\"event\")) {","lastModifiedDate":"2026-02-08T02:34:31","isFullCredit":false},{"lineNumber":57,"author":{"gitId":"vionyp"},"content":"                    totalTaskCount \u003d handleAddTask(taskList, totalTaskCount, userInput, lowercaseUserInput);","lastModifiedDate":"2026-02-08T02:34:31","isFullCredit":false},{"lineNumber":58,"author":{"gitId":"vionyp"},"content":"                    continue;","lastModifiedDate":"2026-02-08T01:38:03","isFullCredit":false},{"lineNumber":59,"author":{"gitId":"vionyp"},"content":"                }","lastModifiedDate":"2026-02-08T01:38:03","isFullCredit":false},{"lineNumber":60,"author":{"gitId":"vionyp"},"content":"","lastModifiedDate":"2026-02-08T01:38:03","isFullCredit":false},{"lineNumber":61,"author":{"gitId":"vionyp"},"content":"                throw new NiviException(\"Little kid, You are required to give a specific command: todo/deadline/event/list/mark/unmark/bye\");","lastModifiedDate":"2026-02-08T02:34:31","isFullCredit":false},{"lineNumber":62,"author":{"gitId":"vionyp"},"content":"","lastModifiedDate":"2026-02-08T02:34:31","isFullCredit":false},{"lineNumber":63,"author":{"gitId":"vionyp"},"content":"            } catch (NiviException niviError) {","lastModifiedDate":"2026-02-08T02:34:31","isFullCredit":false},{"lineNumber":64,"author":{"gitId":"vionyp"},"content":"                printDivider();","lastModifiedDate":"2026-02-08T02:34:31","isFullCredit":false},{"lineNumber":65,"author":{"gitId":"vionyp"},"content":"                System.out.println(\" \" + niviError.getMessage());","lastModifiedDate":"2026-02-08T02:34:31","isFullCredit":false},{"lineNumber":66,"author":{"gitId":"vionyp"},"content":"                printDivider();","lastModifiedDate":"2026-02-08T02:34:31","isFullCredit":false},{"lineNumber":67,"author":{"gitId":"vionyp"},"content":"            } catch (Exception unexpectedError) {","lastModifiedDate":"2026-02-08T02:34:31","isFullCredit":false},{"lineNumber":68,"author":{"gitId":"vionyp"},"content":"                printDivider();","lastModifiedDate":"2026-02-08T01:38:03","isFullCredit":false},{"lineNumber":69,"author":{"gitId":"vionyp"},"content":"                System.out.println(\" Error: \" + unexpectedError.getMessage());","lastModifiedDate":"2026-02-08T02:34:31","isFullCredit":false},{"lineNumber":70,"author":{"gitId":"vionyp"},"content":"                printDivider();","lastModifiedDate":"2026-02-08T01:38:03","isFullCredit":false},{"lineNumber":71,"author":{"gitId":"vionyp"},"content":"            }","lastModifiedDate":"2026-02-08T01:38:03","isFullCredit":false},{"lineNumber":72,"author":{"gitId":"vionyp"},"content":"        }","lastModifiedDate":"2026-02-08T02:34:31","isFullCredit":false},{"lineNumber":73,"author":{"gitId":"vionyp"},"content":"        userInputScanner.close();","lastModifiedDate":"2026-02-08T02:34:31","isFullCredit":false},{"lineNumber":74,"author":{"gitId":"vionyp"},"content":"    }","lastModifiedDate":"2026-02-08T01:38:03","isFullCredit":false},{"lineNumber":75,"author":{"gitId":"vionyp"},"content":"","lastModifiedDate":"2026-02-08T01:38:03","isFullCredit":false},{"lineNumber":76,"author":{"gitId":"vionyp"},"content":"    // avoid long methods and deep nesting because of the if else","lastModifiedDate":"2026-02-08T01:38:03","isFullCredit":false},{"lineNumber":77,"author":{"gitId":"vionyp"},"content":"    // so every if else will call another function below","lastModifiedDate":"2026-02-08T01:38:03","isFullCredit":false},{"lineNumber":78,"author":{"gitId":"vionyp"},"content":"    private static void handleListCommand(Task[] taskList, int totalTaskCount) throws NiviException {","lastModifiedDate":"2026-02-08T02:34:31","isFullCredit":false},{"lineNumber":79,"author":{"gitId":"vionyp"},"content":"        // IMPROVED: Early return for edge case (W4.6l - happy path prominent)","lastModifiedDate":"2026-02-08T01:38:03","isFullCredit":false},{"lineNumber":80,"author":{"gitId":"vionyp"},"content":"        if (totalTaskCount \u003d\u003d 0) {","lastModifiedDate":"2026-02-08T02:34:31","isFullCredit":false},{"lineNumber":81,"author":{"gitId":"vionyp"},"content":"            throw new NiviException(\"The list is still empty\");","lastModifiedDate":"2026-02-08T02:34:31","isFullCredit":false},{"lineNumber":82,"author":{"gitId":"vionyp"},"content":"        }","lastModifiedDate":"2026-02-08T01:09:46","isFullCredit":false},{"lineNumber":83,"author":{"gitId":"vionyp"},"content":"","lastModifiedDate":"2026-02-08T01:38:03","isFullCredit":false},{"lineNumber":84,"author":{"gitId":"vionyp"},"content":"        printDivider();","lastModifiedDate":"2026-02-08T01:38:03","isFullCredit":false},{"lineNumber":85,"author":{"gitId":"vionyp"},"content":"        System.out.println(\" Here are the tasks in your list:\");","lastModifiedDate":"2026-02-08T01:38:03","isFullCredit":false},{"lineNumber":86,"author":{"gitId":"vionyp"},"content":"        for (int currentTaskPosition \u003d 0; currentTaskPosition \u003c totalTaskCount; currentTaskPosition++) {","lastModifiedDate":"2026-02-08T02:34:31","isFullCredit":false},{"lineNumber":87,"author":{"gitId":"vionyp"},"content":"            System.out.println(\" \" + (currentTaskPosition + 1) + \".\" + taskList[currentTaskPosition]);","lastModifiedDate":"2026-02-08T02:34:31","isFullCredit":false},{"lineNumber":88,"author":{"gitId":"vionyp"},"content":"        }","lastModifiedDate":"2026-02-08T01:38:03","isFullCredit":false},{"lineNumber":89,"author":{"gitId":"vionyp"},"content":"        printDivider();","lastModifiedDate":"2026-02-08T01:38:03","isFullCredit":false},{"lineNumber":90,"author":{"gitId":"vionyp"},"content":"    }","lastModifiedDate":"2026-02-08T01:38:03","isFullCredit":false},{"lineNumber":91,"author":{"gitId":"vionyp"},"content":"","lastModifiedDate":"2026-02-08T01:38:03","isFullCredit":false},{"lineNumber":92,"author":{"gitId":"vionyp"},"content":"    private static void handleMarkCommand(Task[] taskList, int totalTaskCount, ","lastModifiedDate":"2026-02-08T02:34:31","isFullCredit":false},{"lineNumber":93,"author":{"gitId":"vionyp"},"content":"            String lowercaseUserInput) throws NiviException {","lastModifiedDate":"2026-02-08T02:34:31","isFullCredit":false},{"lineNumber":94,"author":{"gitId":"vionyp"},"content":"        // using a better variable name","lastModifiedDate":"2026-02-08T01:38:03","isFullCredit":false},{"lineNumber":95,"author":{"gitId":"vionyp"},"content":"        try {","lastModifiedDate":"2026-02-08T02:34:31","isFullCredit":false},{"lineNumber":96,"author":{"gitId":"vionyp"},"content":"            int userProvidedTaskNumber \u003d Integer.parseInt(lowercaseUserInput.substring(5).trim());","lastModifiedDate":"2026-02-08T02:34:31","isFullCredit":false},{"lineNumber":97,"author":{"gitId":"vionyp"},"content":"            int arrayIndexOfTask \u003d userProvidedTaskNumber - 1;","lastModifiedDate":"2026-02-08T02:34:31","isFullCredit":false},{"lineNumber":98,"author":{"gitId":"vionyp"},"content":"","lastModifiedDate":"2026-02-08T01:38:03","isFullCredit":false},{"lineNumber":99,"author":{"gitId":"vionyp"},"content":"            if (arrayIndexOfTask \u003e\u003d totalTaskCount || arrayIndexOfTask \u003c 0) {","lastModifiedDate":"2026-02-08T02:34:31","isFullCredit":false},{"lineNumber":100,"author":{"gitId":"vionyp"},"content":"                throw new NiviException(\"Invalid task number!\");","lastModifiedDate":"2026-02-08T02:34:31","isFullCredit":false},{"lineNumber":101,"author":{"gitId":"vionyp"},"content":"            }","lastModifiedDate":"2026-02-08T01:38:03","isFullCredit":false},{"lineNumber":102,"author":{"gitId":"vionyp"},"content":"","lastModifiedDate":"2026-02-08T01:38:03","isFullCredit":false},{"lineNumber":103,"author":{"gitId":"vionyp"},"content":"            taskList[arrayIndexOfTask].markAsDone();","lastModifiedDate":"2026-02-08T02:34:31","isFullCredit":false},{"lineNumber":104,"author":{"gitId":"vionyp"},"content":"            printDivider();","lastModifiedDate":"2026-02-08T01:38:03","isFullCredit":false},{"lineNumber":105,"author":{"gitId":"vionyp"},"content":"            System.out.println(\" Nice! I\u0027ve marked this task as done:\");","lastModifiedDate":"2026-02-08T01:38:03","isFullCredit":false},{"lineNumber":106,"author":{"gitId":"vionyp"},"content":"            System.out.println(\"   \" + taskList[arrayIndexOfTask]);","lastModifiedDate":"2026-02-08T02:34:31","isFullCredit":false},{"lineNumber":107,"author":{"gitId":"vionyp"},"content":"            printDivider();","lastModifiedDate":"2026-02-08T01:38:03","isFullCredit":false},{"lineNumber":108,"author":{"gitId":"vionyp"},"content":"        } catch (NumberFormatException invalidNumberError) {","lastModifiedDate":"2026-02-08T02:34:31","isFullCredit":false},{"lineNumber":109,"author":{"gitId":"vionyp"},"content":"            throw new NiviException(\"The task number not valid, give the correct one!\");","lastModifiedDate":"2026-02-08T02:34:31","isFullCredit":false},{"lineNumber":110,"author":{"gitId":"vionyp"},"content":"        } catch (StringIndexOutOfBoundsException missingNumberError) {","lastModifiedDate":"2026-02-08T02:34:31","isFullCredit":false},{"lineNumber":111,"author":{"gitId":"vionyp"},"content":"            throw new NiviException(\"You need to specify which task to mark first, where is ur number!\");","lastModifiedDate":"2026-02-08T02:34:31","isFullCredit":false},{"lineNumber":112,"author":{"gitId":"vionyp"},"content":"        }","lastModifiedDate":"2026-02-08T02:34:31","isFullCredit":false},{"lineNumber":113,"author":{"gitId":"vionyp"},"content":"    }","lastModifiedDate":"2026-02-08T01:38:03","isFullCredit":false},{"lineNumber":114,"author":{"gitId":"vionyp"},"content":"","lastModifiedDate":"2026-02-08T01:38:03","isFullCredit":false},{"lineNumber":115,"author":{"gitId":"vionyp"},"content":"    private static void handleUnmarkCommand(Task[] taskList, int totalTaskCount, ","lastModifiedDate":"2026-02-08T02:34:31","isFullCredit":false},{"lineNumber":116,"author":{"gitId":"vionyp"},"content":"            String lowercaseUserInput) throws NiviException {","lastModifiedDate":"2026-02-08T02:34:31","isFullCredit":false},{"lineNumber":117,"author":{"gitId":"vionyp"},"content":"        try {","lastModifiedDate":"2026-02-08T02:34:31","isFullCredit":false},{"lineNumber":118,"author":{"gitId":"vionyp"},"content":"            int userProvidedTaskNumber \u003d Integer.parseInt(lowercaseUserInput.substring(7).trim());","lastModifiedDate":"2026-02-08T02:34:31","isFullCredit":false},{"lineNumber":119,"author":{"gitId":"vionyp"},"content":"            int arrayIndexOfTask \u003d userProvidedTaskNumber - 1;","lastModifiedDate":"2026-02-08T02:34:31","isFullCredit":false},{"lineNumber":120,"author":{"gitId":"vionyp"},"content":"","lastModifiedDate":"2026-02-08T01:38:03","isFullCredit":false},{"lineNumber":121,"author":{"gitId":"vionyp"},"content":"            if (arrayIndexOfTask \u003e\u003d totalTaskCount || arrayIndexOfTask \u003c 0) {","lastModifiedDate":"2026-02-08T02:34:31","isFullCredit":false},{"lineNumber":122,"author":{"gitId":"vionyp"},"content":"                throw new NiviException(\"Invalid task number!\");","lastModifiedDate":"2026-02-08T02:34:31","isFullCredit":false},{"lineNumber":123,"author":{"gitId":"vionyp"},"content":"            }","lastModifiedDate":"2026-02-08T01:38:03","isFullCredit":false},{"lineNumber":124,"author":{"gitId":"vionyp"},"content":"","lastModifiedDate":"2026-02-08T01:38:03","isFullCredit":false},{"lineNumber":125,"author":{"gitId":"vionyp"},"content":"            if (!taskList[arrayIndexOfTask].isDone) {","lastModifiedDate":"2026-02-08T02:34:31","isFullCredit":false},{"lineNumber":126,"author":{"gitId":"vionyp"},"content":"                throw new NiviException(\"Havent do but want to unmark Aiyaaa!\");","lastModifiedDate":"2026-02-08T02:34:31","isFullCredit":false},{"lineNumber":127,"author":{"gitId":"vionyp"},"content":"            }","lastModifiedDate":"2026-02-08T01:38:03","isFullCredit":false},{"lineNumber":128,"author":{"gitId":"vionyp"},"content":"","lastModifiedDate":"2026-02-08T01:38:03","isFullCredit":false},{"lineNumber":129,"author":{"gitId":"vionyp"},"content":"            taskList[arrayIndexOfTask].markAsUndone();","lastModifiedDate":"2026-02-08T02:34:31","isFullCredit":false},{"lineNumber":130,"author":{"gitId":"vionyp"},"content":"            printDivider();","lastModifiedDate":"2026-02-08T01:38:03","isFullCredit":false},{"lineNumber":131,"author":{"gitId":"vionyp"},"content":"            System.out.println(\" OK, I\u0027ve marked this task as not done yet:\");","lastModifiedDate":"2026-02-08T01:38:03","isFullCredit":false},{"lineNumber":132,"author":{"gitId":"vionyp"},"content":"            System.out.println(\"   \" + taskList[arrayIndexOfTask]);","lastModifiedDate":"2026-02-08T02:34:31","isFullCredit":false},{"lineNumber":133,"author":{"gitId":"vionyp"},"content":"            printDivider();","lastModifiedDate":"2026-02-08T01:38:03","isFullCredit":false},{"lineNumber":134,"author":{"gitId":"vionyp"},"content":"        } catch (NumberFormatException invalidNumberError) {","lastModifiedDate":"2026-02-08T02:34:31","isFullCredit":false},{"lineNumber":135,"author":{"gitId":"vionyp"},"content":"            throw new NiviException(\"Invalid task number, provide the correct one !!!\");","lastModifiedDate":"2026-02-08T02:34:31","isFullCredit":false},{"lineNumber":136,"author":{"gitId":"vionyp"},"content":"        } catch (StringIndexOutOfBoundsException missingNumberError) {","lastModifiedDate":"2026-02-08T02:34:31","isFullCredit":false},{"lineNumber":137,"author":{"gitId":"vionyp"},"content":"            throw new NiviException(\"Which one u want to unmark, never say the number? Haiya!!!\");","lastModifiedDate":"2026-02-08T02:34:31","isFullCredit":false},{"lineNumber":138,"author":{"gitId":"vionyp"},"content":"        }","lastModifiedDate":"2026-02-08T02:34:31","isFullCredit":false},{"lineNumber":139,"author":{"gitId":"vionyp"},"content":"    }","lastModifiedDate":"2026-02-08T00:37:54","isFullCredit":false},{"lineNumber":140,"author":{"gitId":"vionyp"},"content":"","lastModifiedDate":"2026-02-08T01:38:03","isFullCredit":false},{"lineNumber":141,"author":{"gitId":"vionyp"},"content":"    private static int handleAddTask(Task[] taskList, int totalTaskCount, ","lastModifiedDate":"2026-02-08T02:34:31","isFullCredit":false},{"lineNumber":142,"author":{"gitId":"vionyp"},"content":"            String userInput, String lowercaseUserInput) throws NiviException {","lastModifiedDate":"2026-02-08T02:34:31","isFullCredit":false},{"lineNumber":143,"author":{"gitId":"vionyp"},"content":"        if (totalTaskCount \u003e\u003d maximumTaskCapacity) {","lastModifiedDate":"2026-02-08T02:34:31","isFullCredit":false},{"lineNumber":144,"author":{"gitId":"vionyp"},"content":"            throw new NiviException(\"Sorry, the list is full!\");","lastModifiedDate":"2026-02-08T02:34:31","isFullCredit":false},{"lineNumber":145,"author":{"gitId":"vionyp"},"content":"        }","lastModifiedDate":"2026-02-08T01:38:03","isFullCredit":false},{"lineNumber":146,"author":{"gitId":"vionyp"},"content":"","lastModifiedDate":"2026-02-08T01:38:03","isFullCredit":false},{"lineNumber":147,"author":{"gitId":"vionyp"},"content":"        // when creating every task, i personalize it for every type of task","lastModifiedDate":"2026-02-08T01:38:03","isFullCredit":false},{"lineNumber":148,"author":{"gitId":"vionyp"},"content":"        if (lowercaseUserInput.startsWith(\"todo\")) {","lastModifiedDate":"2026-02-08T02:34:31","isFullCredit":false},{"lineNumber":149,"author":{"gitId":"vionyp"},"content":"            taskList[totalTaskCount] \u003d createTodoTask(userInput);","lastModifiedDate":"2026-02-08T02:34:31","isFullCredit":false},{"lineNumber":150,"author":{"gitId":"vionyp"},"content":"        } else if (lowercaseUserInput.startsWith(\"deadline\")) {","lastModifiedDate":"2026-02-08T02:34:31","isFullCredit":false},{"lineNumber":151,"author":{"gitId":"vionyp"},"content":"            taskList[totalTaskCount] \u003d createDeadlineTask(userInput);","lastModifiedDate":"2026-02-08T02:34:31","isFullCredit":false},{"lineNumber":152,"author":{"gitId":"vionyp"},"content":"        } else if (lowercaseUserInput.startsWith(\"event\")) {","lastModifiedDate":"2026-02-08T02:34:31","isFullCredit":false},{"lineNumber":153,"author":{"gitId":"vionyp"},"content":"            taskList[totalTaskCount] \u003d createEventTask(userInput);","lastModifiedDate":"2026-02-08T02:34:31","isFullCredit":false},{"lineNumber":154,"author":{"gitId":"vionyp"},"content":"        }","lastModifiedDate":"2026-02-08T01:38:03","isFullCredit":false},{"lineNumber":155,"author":{"gitId":"vionyp"},"content":"","lastModifiedDate":"2026-02-08T01:38:03","isFullCredit":false},{"lineNumber":156,"author":{"gitId":"vionyp"},"content":"        printDivider();","lastModifiedDate":"2026-02-08T01:38:03","isFullCredit":false},{"lineNumber":157,"author":{"gitId":"vionyp"},"content":"        System.out.println(\" Got it. I\u0027ve added this task:\");","lastModifiedDate":"2026-02-08T01:38:03","isFullCredit":false},{"lineNumber":158,"author":{"gitId":"vionyp"},"content":"        System.out.println(\"   \" + taskList[totalTaskCount]);","lastModifiedDate":"2026-02-08T02:34:31","isFullCredit":false},{"lineNumber":159,"author":{"gitId":"vionyp"},"content":"        totalTaskCount++;","lastModifiedDate":"2026-02-08T02:34:31","isFullCredit":false},{"lineNumber":160,"author":{"gitId":"vionyp"},"content":"        System.out.println(\" Now you have \" + totalTaskCount + \" tasks in the list.\");","lastModifiedDate":"2026-02-08T02:34:31","isFullCredit":false},{"lineNumber":161,"author":{"gitId":"vionyp"},"content":"        printDivider();","lastModifiedDate":"2026-02-08T01:38:03","isFullCredit":false},{"lineNumber":162,"author":{"gitId":"vionyp"},"content":"","lastModifiedDate":"2026-02-08T01:38:03","isFullCredit":false},{"lineNumber":163,"author":{"gitId":"vionyp"},"content":"        return totalTaskCount;","lastModifiedDate":"2026-02-08T02:34:31","isFullCredit":false},{"lineNumber":164,"author":{"gitId":"vionyp"},"content":"    }","lastModifiedDate":"2026-02-08T02:34:31","isFullCredit":false},{"lineNumber":165,"author":{"gitId":"vionyp"},"content":"","lastModifiedDate":"2026-02-08T02:34:31","isFullCredit":false},{"lineNumber":166,"author":{"gitId":"vionyp"},"content":"    private static Task createTodoTask(String userInput) throws NiviException {","lastModifiedDate":"2026-02-08T02:34:31","isFullCredit":false},{"lineNumber":167,"author":{"gitId":"vionyp"},"content":"        String todoDescription \u003d userInput.substring(5).trim();","lastModifiedDate":"2026-02-08T02:34:31","isFullCredit":false},{"lineNumber":168,"author":{"gitId":"vionyp"},"content":"        if (todoDescription.isEmpty()) {","lastModifiedDate":"2026-02-08T02:34:31","isFullCredit":false},{"lineNumber":169,"author":{"gitId":"vionyp"},"content":"            throw new NiviException(\"The description of the todo still empty whatt!??!?!?!\");","lastModifiedDate":"2026-02-08T02:34:31","isFullCredit":false},{"lineNumber":170,"author":{"gitId":"vionyp"},"content":"        }","lastModifiedDate":"2026-02-08T02:34:31","isFullCredit":false},{"lineNumber":171,"author":{"gitId":"vionyp"},"content":"        return new Todo(todoDescription);","lastModifiedDate":"2026-02-08T02:34:31","isFullCredit":false},{"lineNumber":172,"author":{"gitId":"vionyp"},"content":"    }","lastModifiedDate":"2026-02-08T01:38:03","isFullCredit":false},{"lineNumber":173,"author":{"gitId":"vionyp"},"content":"","lastModifiedDate":"2026-02-08T01:38:03","isFullCredit":false},{"lineNumber":174,"author":{"gitId":"vionyp"},"content":"    private static Task createDeadlineTask(String userInput) throws NiviException {","lastModifiedDate":"2026-02-08T02:34:31","isFullCredit":false},{"lineNumber":175,"author":{"gitId":"vionyp"},"content":"        try {","lastModifiedDate":"2026-02-08T02:34:31","isFullCredit":false},{"lineNumber":176,"author":{"gitId":"vionyp"},"content":"            String fullDeadlineDescription \u003d userInput.substring(9).trim();","lastModifiedDate":"2026-02-08T02:34:31","isFullCredit":false},{"lineNumber":177,"author":{"gitId":"vionyp"},"content":"            if (fullDeadlineDescription.isEmpty()) {","lastModifiedDate":"2026-02-08T02:34:31","isFullCredit":false},{"lineNumber":178,"author":{"gitId":"vionyp"},"content":"                throw new NiviException(\"Ei u never give description of a deadline properly!!!\");","lastModifiedDate":"2026-02-08T02:34:31","isFullCredit":false},{"lineNumber":179,"author":{"gitId":"vionyp"},"content":"            }","lastModifiedDate":"2026-02-08T01:38:03","isFullCredit":false},{"lineNumber":180,"author":{"gitId":"vionyp"},"content":"            ","lastModifiedDate":"2026-02-08T01:38:03","isFullCredit":false},{"lineNumber":181,"author":{"gitId":"vionyp"},"content":"            String[] descriptionAndDeadlineParts \u003d fullDeadlineDescription.split(\" /by \");","lastModifiedDate":"2026-02-08T02:34:31","isFullCredit":false},{"lineNumber":182,"author":{"gitId":"vionyp"},"content":"            if (descriptionAndDeadlineParts.length \u003c 2) {","lastModifiedDate":"2026-02-08T02:34:31","isFullCredit":false},{"lineNumber":183,"author":{"gitId":"vionyp"},"content":"                throw new NiviException(\"Big bro need to specify the deadline with /by laa!\");","lastModifiedDate":"2026-02-08T02:34:31","isFullCredit":false},{"lineNumber":184,"author":{"gitId":"vionyp"},"content":"            }","lastModifiedDate":"2026-02-08T02:34:31","isFullCredit":false},{"lineNumber":185,"author":{"gitId":"vionyp"},"content":"            ","lastModifiedDate":"2026-02-08T02:34:31","isFullCredit":false},{"lineNumber":186,"author":{"gitId":"vionyp"},"content":"            String taskDescription \u003d descriptionAndDeadlineParts[0].trim();","lastModifiedDate":"2026-02-08T02:34:31","isFullCredit":false},{"lineNumber":187,"author":{"gitId":"vionyp"},"content":"            String deadlineTime \u003d descriptionAndDeadlineParts[1].trim();","lastModifiedDate":"2026-02-08T02:34:31","isFullCredit":false},{"lineNumber":188,"author":{"gitId":"vionyp"},"content":"            ","lastModifiedDate":"2026-02-08T02:34:31","isFullCredit":false},{"lineNumber":189,"author":{"gitId":"vionyp"},"content":"            if (taskDescription.isEmpty() || deadlineTime.isEmpty()) {","lastModifiedDate":"2026-02-08T02:34:31","isFullCredit":false},{"lineNumber":190,"author":{"gitId":"vionyp"},"content":"                throw new NiviException(\"Eeeee why the description and the deadline time empty ?!?!\");","lastModifiedDate":"2026-02-08T02:34:31","isFullCredit":false},{"lineNumber":191,"author":{"gitId":"vionyp"},"content":"            }","lastModifiedDate":"2026-02-08T01:38:03","isFullCredit":false},{"lineNumber":192,"author":{"gitId":"vionyp"},"content":"            ","lastModifiedDate":"2026-02-08T01:38:03","isFullCredit":false},{"lineNumber":193,"author":{"gitId":"vionyp"},"content":"            return new Deadline(taskDescription, deadlineTime);","lastModifiedDate":"2026-02-08T02:34:31","isFullCredit":false},{"lineNumber":194,"author":{"gitId":"vionyp"},"content":"        } catch (ArrayIndexOutOfBoundsException parsingError) {","lastModifiedDate":"2026-02-08T02:34:31","isFullCredit":false},{"lineNumber":195,"author":{"gitId":"vionyp"},"content":"            throw new NiviException(\"This format is wrong bro the correct one is --\u003e\u003e\u003e deadline \u003cdescription\u003e /by \u003ctime\u003e\");","lastModifiedDate":"2026-02-08T02:34:31","isFullCredit":false},{"lineNumber":196,"author":{"gitId":"vionyp"},"content":"        }","lastModifiedDate":"2026-02-08T02:34:31","isFullCredit":false},{"lineNumber":197,"author":{"gitId":"vionyp"},"content":"    }","lastModifiedDate":"2026-02-08T02:34:31","isFullCredit":false},{"lineNumber":198,"author":{"gitId":"vionyp"},"content":"","lastModifiedDate":"2026-02-08T02:34:31","isFullCredit":false},{"lineNumber":199,"author":{"gitId":"vionyp"},"content":"    private static Task createEventTask(String userInput) throws NiviException {","lastModifiedDate":"2026-02-08T02:34:31","isFullCredit":false},{"lineNumber":200,"author":{"gitId":"vionyp"},"content":"        try {","lastModifiedDate":"2026-02-08T02:34:31","isFullCredit":false},{"lineNumber":201,"author":{"gitId":"vionyp"},"content":"            String fullEventDescription \u003d userInput.substring(6).trim();","lastModifiedDate":"2026-02-08T02:34:31","isFullCredit":false},{"lineNumber":202,"author":{"gitId":"vionyp"},"content":"            if (fullEventDescription.isEmpty()) {","lastModifiedDate":"2026-02-08T02:34:31","isFullCredit":false},{"lineNumber":203,"author":{"gitId":"vionyp"},"content":"                throw new NiviException(\"EIII why the description of the event empty?!?!\");","lastModifiedDate":"2026-02-08T02:34:31","isFullCredit":false},{"lineNumber":204,"author":{"gitId":"vionyp"},"content":"            }","lastModifiedDate":"2026-02-08T02:34:31","isFullCredit":false},{"lineNumber":205,"author":{"gitId":"vionyp"},"content":"            ","lastModifiedDate":"2026-02-08T02:34:31","isFullCredit":false},{"lineNumber":206,"author":{"gitId":"vionyp"},"content":"            String[] descriptionAndFromParts \u003d fullEventDescription.split(\" /from \");","lastModifiedDate":"2026-02-08T02:34:31","isFullCredit":false},{"lineNumber":207,"author":{"gitId":"vionyp"},"content":"            if (descriptionAndFromParts.length \u003c 2) {","lastModifiedDate":"2026-02-08T02:34:31","isFullCredit":false},{"lineNumber":208,"author":{"gitId":"vionyp"},"content":"                throw new NiviException(\"Haiya need to specify the start time with /from lah!\");","lastModifiedDate":"2026-02-08T02:34:31","isFullCredit":false},{"lineNumber":209,"author":{"gitId":"vionyp"},"content":"            }","lastModifiedDate":"2026-02-08T02:34:31","isFullCredit":false},{"lineNumber":210,"author":{"gitId":"vionyp"},"content":"            ","lastModifiedDate":"2026-02-08T02:34:31","isFullCredit":false},{"lineNumber":211,"author":{"gitId":"vionyp"},"content":"            String eventDescription \u003d descriptionAndFromParts[0].trim();","lastModifiedDate":"2026-02-08T02:34:31","isFullCredit":false},{"lineNumber":212,"author":{"gitId":"vionyp"},"content":"            String[] fromAndToParts \u003d descriptionAndFromParts[1].split(\" /to \");","lastModifiedDate":"2026-02-08T02:34:31","isFullCredit":false},{"lineNumber":213,"author":{"gitId":"vionyp"},"content":"            if (fromAndToParts.length \u003c 2) {","lastModifiedDate":"2026-02-08T02:34:31","isFullCredit":false},{"lineNumber":214,"author":{"gitId":"vionyp"},"content":"                throw new NiviException(\"Eiii need to specify the end time with /to lah!\");","lastModifiedDate":"2026-02-08T02:34:31","isFullCredit":false},{"lineNumber":215,"author":{"gitId":"vionyp"},"content":"            }","lastModifiedDate":"2026-02-08T02:34:31","isFullCredit":false},{"lineNumber":216,"author":{"gitId":"vionyp"},"content":"            ","lastModifiedDate":"2026-02-08T02:34:31","isFullCredit":false},{"lineNumber":217,"author":{"gitId":"vionyp"},"content":"            String eventStartTime \u003d fromAndToParts[0].trim();","lastModifiedDate":"2026-02-08T02:34:31","isFullCredit":false},{"lineNumber":218,"author":{"gitId":"vionyp"},"content":"            String eventEndTime \u003d fromAndToParts[1].trim();","lastModifiedDate":"2026-02-08T02:34:31","isFullCredit":false},{"lineNumber":219,"author":{"gitId":"vionyp"},"content":"            ","lastModifiedDate":"2026-02-08T02:34:31","isFullCredit":false},{"lineNumber":220,"author":{"gitId":"vionyp"},"content":"            if (eventDescription.isEmpty() || eventStartTime.isEmpty() || eventEndTime.isEmpty()) {","lastModifiedDate":"2026-02-08T02:34:31","isFullCredit":false},{"lineNumber":221,"author":{"gitId":"vionyp"},"content":"                throw new NiviException(\"Description, start time, and end time cannot be empty laa aiyooo!\");","lastModifiedDate":"2026-02-08T02:34:31","isFullCredit":false},{"lineNumber":222,"author":{"gitId":"vionyp"},"content":"            }","lastModifiedDate":"2026-02-08T02:34:31","isFullCredit":false},{"lineNumber":223,"author":{"gitId":"vionyp"},"content":"            ","lastModifiedDate":"2026-02-08T02:34:31","isFullCredit":false},{"lineNumber":224,"author":{"gitId":"vionyp"},"content":"            return new Event(eventDescription, eventStartTime, eventEndTime);","lastModifiedDate":"2026-02-08T02:34:31","isFullCredit":false},{"lineNumber":225,"author":{"gitId":"vionyp"},"content":"        } catch (ArrayIndexOutOfBoundsException parsingError) {","lastModifiedDate":"2026-02-08T02:34:31","isFullCredit":false},{"lineNumber":226,"author":{"gitId":"vionyp"},"content":"            throw new NiviException(\"Oii cannot laa wrong format!!! should be like this ---\u003e\u003e\u003e event \u003cdescription\u003e /from \u003cstart\u003e /to \u003cend\u003e\");","lastModifiedDate":"2026-02-08T02:34:31","isFullCredit":false},{"lineNumber":227,"author":{"gitId":"vionyp"},"content":"        }","lastModifiedDate":"2026-02-08T02:34:31","isFullCredit":false},{"lineNumber":228,"author":{"gitId":"vionyp"},"content":"    }","lastModifiedDate":"2026-02-08T01:09:46","isFullCredit":false},{"lineNumber":229,"author":{"gitId":"vionyp"},"content":"","lastModifiedDate":"2026-02-08T01:09:46","isFullCredit":false},{"lineNumber":230,"author":{"gitId":"vionyp"},"content":"    private static void printDivider() {","lastModifiedDate":"2026-02-08T01:38:03","isFullCredit":false},{"lineNumber":231,"author":{"gitId":"vionyp"},"content":"        System.out.println(lineDivider);","lastModifiedDate":"2026-02-08T02:34:31","isFullCredit":false},{"lineNumber":232,"author":{"gitId":"vionyp"},"content":"    }","lastModifiedDate":"2026-02-04T10:41:37","isFullCredit":false},{"lineNumber":233,"author":{"gitId":"vionyp"},"content":"}","lastModifiedDate":"2026-02-04T10:41:37","isFullCredit":false}],"authorContributionMap":{"vionyp":233}},{"path":"src/main/java/NiviException.java","fileType":"java","lines":[{"lineNumber":1,"author":{"gitId":"vionyp"},"content":"public class NiviException extends Exception {","lastModifiedDate":"2026-02-08T02:34:31","isFullCredit":false},{"lineNumber":2,"author":{"gitId":"vionyp"},"content":"    public NiviException(String message) {","lastModifiedDate":"2026-02-08T02:34:31","isFullCredit":false},{"lineNumber":3,"author":{"gitId":"vionyp"},"content":"        super(message);","lastModifiedDate":"2026-02-08T02:34:31","isFullCredit":false},{"lineNumber":4,"author":{"gitId":"vionyp"},"content":"    }","lastModifiedDate":"2026-02-08T02:34:31","isFullCredit":false},{"lineNumber":5,"author":{"gitId":"vionyp"},"content":"}","lastModifiedDate":"2026-02-08T02:34:31","isFullCredit":false}],"authorContributionMap":{"vionyp":5}},{"path":"src/main/java/Task.java","fileType":"java","lines":[{"lineNumber":1,"author":{"gitId":"vionyp"},"content":"public class Task {","lastModifiedDate":"2026-02-08T00:37:54","isFullCredit":false},{"lineNumber":2,"author":{"gitId":"vionyp"},"content":"    protected String description;","lastModifiedDate":"2026-02-08T00:37:54","isFullCredit":false},{"lineNumber":3,"author":{"gitId":"vionyp"},"content":"    protected boolean isDone;","lastModifiedDate":"2026-02-08T00:37:54","isFullCredit":false},{"lineNumber":4,"author":{"gitId":"vionyp"},"content":"","lastModifiedDate":"2026-02-08T00:37:54","isFullCredit":false},{"lineNumber":5,"author":{"gitId":"vionyp"},"content":"    public Task(String description) {","lastModifiedDate":"2026-02-08T00:37:54","isFullCredit":false},{"lineNumber":6,"author":{"gitId":"vionyp"},"content":"        this.description \u003d description;","lastModifiedDate":"2026-02-08T00:37:54","isFullCredit":false},{"lineNumber":7,"author":{"gitId":"vionyp"},"content":"        this.isDone \u003d false;","lastModifiedDate":"2026-02-08T00:37:54","isFullCredit":false},{"lineNumber":8,"author":{"gitId":"vionyp"},"content":"    }","lastModifiedDate":"2026-02-08T00:37:54","isFullCredit":false},{"lineNumber":9,"author":{"gitId":"vionyp"},"content":"    public String getDescription(){","lastModifiedDate":"2026-02-08T00:37:54","isFullCredit":false},{"lineNumber":10,"author":{"gitId":"vionyp"},"content":"        return this.description;","lastModifiedDate":"2026-02-08T00:37:54","isFullCredit":false},{"lineNumber":11,"author":{"gitId":"vionyp"},"content":"    }","lastModifiedDate":"2026-02-08T00:37:54","isFullCredit":false},{"lineNumber":12,"author":{"gitId":"vionyp"},"content":"    public boolean getIsDone(){","lastModifiedDate":"2026-02-08T00:42:01","isFullCredit":false},{"lineNumber":13,"author":{"gitId":"vionyp"},"content":"        return this.isDone;","lastModifiedDate":"2026-02-08T00:42:01","isFullCredit":false},{"lineNumber":14,"author":{"gitId":"vionyp"},"content":"    }","lastModifiedDate":"2026-02-08T00:37:54","isFullCredit":false},{"lineNumber":15,"author":{"gitId":"vionyp"},"content":"    public void markAsDone(){","lastModifiedDate":"2026-02-08T00:37:54","isFullCredit":false},{"lineNumber":16,"author":{"gitId":"vionyp"},"content":"        this.isDone \u003d true;","lastModifiedDate":"2026-02-08T00:37:54","isFullCredit":false},{"lineNumber":17,"author":{"gitId":"vionyp"},"content":"    }","lastModifiedDate":"2026-02-08T00:37:54","isFullCredit":false},{"lineNumber":18,"author":{"gitId":"vionyp"},"content":"    public void markAsUndone(){","lastModifiedDate":"2026-02-08T00:37:54","isFullCredit":false},{"lineNumber":19,"author":{"gitId":"vionyp"},"content":"        this.isDone \u003d false;","lastModifiedDate":"2026-02-08T00:37:54","isFullCredit":false},{"lineNumber":20,"author":{"gitId":"vionyp"},"content":"    }","lastModifiedDate":"2026-02-08T00:37:54","isFullCredit":false},{"lineNumber":21,"author":{"gitId":"vionyp"},"content":"    public String getStatusIcon() {","lastModifiedDate":"2026-02-08T00:42:01","isFullCredit":false},{"lineNumber":22,"author":{"gitId":"vionyp"},"content":"        return (isDone ? \"X\" : \" \"); // mark done task with X","lastModifiedDate":"2026-02-08T00:42:01","isFullCredit":false},{"lineNumber":23,"author":{"gitId":"vionyp"},"content":"    }","lastModifiedDate":"2026-02-08T00:42:01","isFullCredit":false},{"lineNumber":24,"author":{"gitId":"vionyp"},"content":"","lastModifiedDate":"2026-02-08T00:42:01","isFullCredit":false},{"lineNumber":25,"author":{"gitId":"vionyp"},"content":"    @Override","lastModifiedDate":"2026-02-08T01:09:46","isFullCredit":false},{"lineNumber":26,"author":{"gitId":"vionyp"},"content":"    public String toString() {","lastModifiedDate":"2026-02-08T01:09:46","isFullCredit":false},{"lineNumber":27,"author":{"gitId":"vionyp"},"content":"        return \"[\" + getStatusIcon() + \"] \" + description;","lastModifiedDate":"2026-02-08T01:09:46","isFullCredit":false},{"lineNumber":28,"author":{"gitId":"vionyp"},"content":"    }","lastModifiedDate":"2026-02-08T01:09:46","isFullCredit":false},{"lineNumber":29,"author":{"gitId":"vionyp"},"content":"}","lastModifiedDate":"2026-02-08T00:37:54","isFullCredit":false}],"authorContributionMap":{"vionyp":29}},{"path":"src/main/java/Todo.java","fileType":"java","lines":[{"lineNumber":1,"author":{"gitId":"vionyp"},"content":"public class Todo extends Task{","lastModifiedDate":"2026-02-08T01:09:46","isFullCredit":false},{"lineNumber":2,"author":{"gitId":"vionyp"},"content":"    public Todo(String description) {","lastModifiedDate":"2026-02-08T01:09:46","isFullCredit":false},{"lineNumber":3,"author":{"gitId":"vionyp"},"content":"        super(description);","lastModifiedDate":"2026-02-08T01:09:46","isFullCredit":false},{"lineNumber":4,"author":{"gitId":"vionyp"},"content":"    }","lastModifiedDate":"2026-02-08T01:09:46","isFullCredit":false},{"lineNumber":5,"author":{"gitId":"vionyp"},"content":"","lastModifiedDate":"2026-02-08T01:09:46","isFullCredit":false},{"lineNumber":6,"author":{"gitId":"vionyp"},"content":"    @Override","lastModifiedDate":"2026-02-08T01:09:46","isFullCredit":false},{"lineNumber":7,"author":{"gitId":"vionyp"},"content":"    public String toString() {","lastModifiedDate":"2026-02-08T01:09:46","isFullCredit":false},{"lineNumber":8,"author":{"gitId":"vionyp"},"content":"        return \"[T]\" + super.toString() ;","lastModifiedDate":"2026-02-08T01:09:46","isFullCredit":false},{"lineNumber":9,"author":{"gitId":"vionyp"},"content":"    }","lastModifiedDate":"2026-02-08T01:09:46","isFullCredit":false},{"lineNumber":10,"author":{"gitId":"vionyp"},"content":"}","lastModifiedDate":"2026-02-08T01:09:46","isFullCredit":false}],"authorContributionMap":{"vionyp":10}},{"path":"text-ui-test/input.txt","fileType":"txt","lines":[{"lineNumber":1,"author":{"gitId":"vionyp"},"content":"list","lastModifiedDate":"2026-02-08T01:32:51","isFullCredit":false},{"lineNumber":2,"author":{"gitId":"vionyp"},"content":"todo read book","lastModifiedDate":"2026-02-08T01:32:51","isFullCredit":false},{"lineNumber":3,"author":{"gitId":"vionyp"},"content":"deadline submit project /by Wednesday 11pm","lastModifiedDate":"2026-02-08T01:32:51","isFullCredit":false},{"lineNumber":4,"author":{"gitId":"vionyp"},"content":"event career fair /from Friday 10am /to 4pm","lastModifiedDate":"2026-02-08T01:32:51","isFullCredit":false},{"lineNumber":5,"author":{"gitId":"vionyp"},"content":"list","lastModifiedDate":"2026-02-08T01:32:51","isFullCredit":false},{"lineNumber":6,"author":{"gitId":"vionyp"},"content":"mark 1","lastModifiedDate":"2026-02-08T01:32:51","isFullCredit":false},{"lineNumber":7,"author":{"gitId":"vionyp"},"content":"mark 2","lastModifiedDate":"2026-02-08T01:32:51","isFullCredit":false},{"lineNumber":8,"author":{"gitId":"vionyp"},"content":"unmark 1","lastModifiedDate":"2026-02-08T01:32:51","isFullCredit":false},{"lineNumber":9,"author":{"gitId":"vionyp"},"content":"list","lastModifiedDate":"2026-02-08T01:32:51","isFullCredit":false},{"lineNumber":10,"author":{"gitId":"vionyp"},"content":"todo sleep","lastModifiedDate":"2026-02-08T01:32:51","isFullCredit":false},{"lineNumber":11,"author":{"gitId":"vionyp"},"content":"mark 10","lastModifiedDate":"2026-02-08T01:32:51","isFullCredit":false},{"lineNumber":12,"author":{"gitId":"vionyp"},"content":"random input","lastModifiedDate":"2026-02-08T01:32:51","isFullCredit":false},{"lineNumber":13,"author":{"gitId":"vionyp"},"content":"bye","lastModifiedDate":"2026-02-08T01:32:51","isFullCredit":false}],"authorContributionMap":{"vionyp":13}},{"path":"text-ui-test/runtest.bat","fileType":"bat","lines":[{"lineNumber":1,"author":{"gitId":"-"},"content":"@ECHO OFF","lastModifiedDate":"2020-05-25T00:03:55","isFullCredit":false},{"lineNumber":2,"author":{"gitId":"-"},"content":"","lastModifiedDate":"2020-05-25T00:03:55","isFullCredit":false},{"lineNumber":3,"author":{"gitId":"-"},"content":"REM create bin directory if it doesn\u0027t exist","lastModifiedDate":"2020-05-25T00:03:55","isFullCredit":false},{"lineNumber":4,"author":{"gitId":"-"},"content":"if not exist ..\\bin mkdir ..\\bin","lastModifiedDate":"2020-05-25T00:03:55","isFullCredit":false},{"lineNumber":5,"author":{"gitId":"-"},"content":"","lastModifiedDate":"2020-05-25T00:03:55","isFullCredit":false},{"lineNumber":6,"author":{"gitId":"-"},"content":"REM delete output from previous run","lastModifiedDate":"2020-05-25T00:03:55","isFullCredit":false},{"lineNumber":7,"author":{"gitId":"-"},"content":"if exist ACTUAL.TXT del ACTUAL.TXT","lastModifiedDate":"2020-08-25T17:23:26","isFullCredit":false},{"lineNumber":8,"author":{"gitId":"-"},"content":"","lastModifiedDate":"2020-05-25T00:03:55","isFullCredit":false},{"lineNumber":9,"author":{"gitId":"-"},"content":"REM compile the code into the bin folder","lastModifiedDate":"2020-05-25T00:03:55","isFullCredit":false},{"lineNumber":10,"author":{"gitId":"-"},"content":"javac  -cp ..\\src\\main\\java -Xlint:none -d ..\\bin ..\\src\\main\\java\\*.java","lastModifiedDate":"2020-08-25T17:23:26","isFullCredit":false},{"lineNumber":11,"author":{"gitId":"-"},"content":"IF ERRORLEVEL 1 (","lastModifiedDate":"2020-05-25T00:03:55","isFullCredit":false},{"lineNumber":12,"author":{"gitId":"-"},"content":"    echo ********** BUILD FAILURE **********","lastModifiedDate":"2020-05-25T00:03:55","isFullCredit":false},{"lineNumber":13,"author":{"gitId":"-"},"content":"    exit /b 1","lastModifiedDate":"2020-05-25T00:03:55","isFullCredit":false},{"lineNumber":14,"author":{"gitId":"-"},"content":")","lastModifiedDate":"2020-05-25T00:03:55","isFullCredit":false},{"lineNumber":15,"author":{"gitId":"-"},"content":"REM no error here, errorlevel \u003d\u003d 0","lastModifiedDate":"2020-05-25T00:03:55","isFullCredit":false},{"lineNumber":16,"author":{"gitId":"-"},"content":"","lastModifiedDate":"2020-05-25T00:03:55","isFullCredit":false},{"lineNumber":17,"author":{"gitId":"-"},"content":"REM run the program, feed commands from input.txt file and redirect the output to the ACTUAL.TXT","lastModifiedDate":"2020-05-25T00:03:55","isFullCredit":false},{"lineNumber":18,"author":{"gitId":"vionyp"},"content":"java -classpath ..\\bin Nivi \u003c input.txt \u003e ACTUAL.TXT","lastModifiedDate":"2026-02-08T01:32:51","isFullCredit":false},{"lineNumber":19,"author":{"gitId":"-"},"content":"","lastModifiedDate":"2020-05-25T00:03:55","isFullCredit":false},{"lineNumber":20,"author":{"gitId":"-"},"content":"REM compare the output to the expected output","lastModifiedDate":"2020-05-25T00:03:55","isFullCredit":false},{"lineNumber":21,"author":{"gitId":"-"},"content":"FC ACTUAL.TXT EXPECTED.TXT","lastModifiedDate":"2020-05-25T00:03:55","isFullCredit":false}],"authorContributionMap":{"-":20,"vionyp":1}}]
