[{"path":"src/main/java/Command.java","fileType":"java","lines":[{"lineNumber":1,"author":{"gitId":"BaoLam194"},"content":"package main.java;","lastModifiedDate":"2026-01-25T18:46:47","isFullCredit":false},{"lineNumber":2,"author":{"gitId":"BaoLam194"},"content":"","lastModifiedDate":"2026-01-25T18:46:47","isFullCredit":false},{"lineNumber":3,"author":{"gitId":"BaoLam194"},"content":"public class Command {","lastModifiedDate":"2026-01-25T18:46:47","isFullCredit":false},{"lineNumber":4,"author":{"gitId":"BaoLam194"},"content":"    private boolean isDone;","lastModifiedDate":"2026-01-25T18:46:47","isFullCredit":false},{"lineNumber":5,"author":{"gitId":"BaoLam194"},"content":"    private String description;","lastModifiedDate":"2026-01-31T19:35:20","isFullCredit":false},{"lineNumber":6,"author":{"gitId":"BaoLam194"},"content":"    // Constructor","lastModifiedDate":"2026-01-25T19:15:09","isFullCredit":false},{"lineNumber":7,"author":{"gitId":"BaoLam194"},"content":"    public Command( String description) {","lastModifiedDate":"2026-01-31T19:35:20","isFullCredit":false},{"lineNumber":8,"author":{"gitId":"BaoLam194"},"content":"        this.isDone \u003d false;","lastModifiedDate":"2026-01-25T18:46:47","isFullCredit":false},{"lineNumber":9,"author":{"gitId":"BaoLam194"},"content":"        this.description \u003d description;","lastModifiedDate":"2026-01-31T19:35:20","isFullCredit":false},{"lineNumber":10,"author":{"gitId":"BaoLam194"},"content":"    }","lastModifiedDate":"2026-01-25T18:46:47","isFullCredit":false},{"lineNumber":11,"author":{"gitId":"BaoLam194"},"content":"    // Getter and Setter","lastModifiedDate":"2026-01-25T19:15:09","isFullCredit":false},{"lineNumber":12,"author":{"gitId":"BaoLam194"},"content":"    public String getDescription() {","lastModifiedDate":"2026-01-31T19:35:20","isFullCredit":false},{"lineNumber":13,"author":{"gitId":"BaoLam194"},"content":"        return description;","lastModifiedDate":"2026-01-31T19:35:20","isFullCredit":false},{"lineNumber":14,"author":{"gitId":"BaoLam194"},"content":"    }","lastModifiedDate":"2026-01-25T19:15:09","isFullCredit":false},{"lineNumber":15,"author":{"gitId":"BaoLam194"},"content":"    public void setDone() {","lastModifiedDate":"2026-01-25T19:15:09","isFullCredit":false},{"lineNumber":16,"author":{"gitId":"BaoLam194"},"content":"        this.isDone \u003d true;","lastModifiedDate":"2026-01-25T19:15:09","isFullCredit":false},{"lineNumber":17,"author":{"gitId":"BaoLam194"},"content":"    }","lastModifiedDate":"2026-01-25T18:46:47","isFullCredit":false},{"lineNumber":18,"author":{"gitId":"BaoLam194"},"content":"    public void setUndone() {","lastModifiedDate":"2026-01-25T18:46:47","isFullCredit":false},{"lineNumber":19,"author":{"gitId":"BaoLam194"},"content":"        this.isDone \u003d false;","lastModifiedDate":"2026-01-25T19:15:09","isFullCredit":false},{"lineNumber":20,"author":{"gitId":"BaoLam194"},"content":"    }","lastModifiedDate":"2026-01-25T18:46:47","isFullCredit":false},{"lineNumber":21,"author":{"gitId":"BaoLam194"},"content":"    //Convert into format : [ ] command","lastModifiedDate":"2026-01-25T19:15:09","isFullCredit":false},{"lineNumber":22,"author":{"gitId":"BaoLam194"},"content":"    public String toString(){","lastModifiedDate":"2026-01-25T18:46:47","isFullCredit":false},{"lineNumber":23,"author":{"gitId":"BaoLam194"},"content":"        String res \u003d\"\";","lastModifiedDate":"2026-01-25T18:46:47","isFullCredit":false},{"lineNumber":24,"author":{"gitId":"BaoLam194"},"content":"        res \u003d ((this.isDone) ? \"[X]\" : \"[ ]\") + \" \" + description;","lastModifiedDate":"2026-01-31T19:35:20","isFullCredit":false},{"lineNumber":25,"author":{"gitId":"BaoLam194"},"content":"        return res;","lastModifiedDate":"2026-01-25T18:46:47","isFullCredit":false},{"lineNumber":26,"author":{"gitId":"BaoLam194"},"content":"    }","lastModifiedDate":"2026-01-25T18:46:47","isFullCredit":false},{"lineNumber":27,"author":{"gitId":"BaoLam194"},"content":"}","lastModifiedDate":"2026-01-25T18:46:47","isFullCredit":false}],"authorContributionMap":{"BaoLam194":27}},{"path":"src/main/java/Deadline.java","fileType":"java","lines":[{"lineNumber":1,"author":{"gitId":"BaoLam194"},"content":"package main.java;","lastModifiedDate":"2026-01-31T19:35:20","isFullCredit":false},{"lineNumber":2,"author":{"gitId":"BaoLam194"},"content":"","lastModifiedDate":"2026-01-31T19:35:20","isFullCredit":false},{"lineNumber":3,"author":{"gitId":"BaoLam194"},"content":"public class Deadline extends Command {","lastModifiedDate":"2026-01-31T19:35:20","isFullCredit":false},{"lineNumber":4,"author":{"gitId":"BaoLam194"},"content":"","lastModifiedDate":"2026-01-31T19:35:20","isFullCredit":false},{"lineNumber":5,"author":{"gitId":"BaoLam194"},"content":"    protected String by;","lastModifiedDate":"2026-01-31T19:35:20","isFullCredit":false},{"lineNumber":6,"author":{"gitId":"BaoLam194"},"content":"","lastModifiedDate":"2026-01-31T19:35:20","isFullCredit":false},{"lineNumber":7,"author":{"gitId":"BaoLam194"},"content":"    public Deadline(String description, String by) {","lastModifiedDate":"2026-01-31T19:35:20","isFullCredit":false},{"lineNumber":8,"author":{"gitId":"BaoLam194"},"content":"        super(description);","lastModifiedDate":"2026-01-31T19:35:20","isFullCredit":false},{"lineNumber":9,"author":{"gitId":"BaoLam194"},"content":"        this.by \u003d by;","lastModifiedDate":"2026-01-31T19:35:20","isFullCredit":false},{"lineNumber":10,"author":{"gitId":"BaoLam194"},"content":"    }","lastModifiedDate":"2026-01-31T19:35:20","isFullCredit":false},{"lineNumber":11,"author":{"gitId":"BaoLam194"},"content":"","lastModifiedDate":"2026-01-31T19:35:20","isFullCredit":false},{"lineNumber":12,"author":{"gitId":"BaoLam194"},"content":"    @Override","lastModifiedDate":"2026-01-31T19:35:20","isFullCredit":false},{"lineNumber":13,"author":{"gitId":"BaoLam194"},"content":"    public String toString() {","lastModifiedDate":"2026-01-31T19:35:20","isFullCredit":false},{"lineNumber":14,"author":{"gitId":"BaoLam194"},"content":"        return \"[D]\" + super.toString() + \" (by: \" + by + \")\";","lastModifiedDate":"2026-01-31T19:35:20","isFullCredit":false},{"lineNumber":15,"author":{"gitId":"BaoLam194"},"content":"    }","lastModifiedDate":"2026-01-31T19:35:20","isFullCredit":false},{"lineNumber":16,"author":{"gitId":"BaoLam194"},"content":"}","lastModifiedDate":"2026-01-31T19:35:20","isFullCredit":false}],"authorContributionMap":{"BaoLam194":16}},{"path":"src/main/java/Event.java","fileType":"java","lines":[{"lineNumber":1,"author":{"gitId":"BaoLam194"},"content":"package main.java;","lastModifiedDate":"2026-01-31T19:35:20","isFullCredit":false},{"lineNumber":2,"author":{"gitId":"BaoLam194"},"content":"","lastModifiedDate":"2026-01-31T19:35:20","isFullCredit":false},{"lineNumber":3,"author":{"gitId":"BaoLam194"},"content":"public class Event extends Command {","lastModifiedDate":"2026-01-31T19:35:20","isFullCredit":false},{"lineNumber":4,"author":{"gitId":"BaoLam194"},"content":"","lastModifiedDate":"2026-01-31T19:35:20","isFullCredit":false},{"lineNumber":5,"author":{"gitId":"BaoLam194"},"content":"    private String from;","lastModifiedDate":"2026-01-31T19:35:20","isFullCredit":false},{"lineNumber":6,"author":{"gitId":"BaoLam194"},"content":"    private String to;","lastModifiedDate":"2026-01-31T19:35:20","isFullCredit":false},{"lineNumber":7,"author":{"gitId":"BaoLam194"},"content":"","lastModifiedDate":"2026-01-31T19:35:20","isFullCredit":false},{"lineNumber":8,"author":{"gitId":"BaoLam194"},"content":"    public Event(String description, String from, String to) {","lastModifiedDate":"2026-01-31T19:35:20","isFullCredit":false},{"lineNumber":9,"author":{"gitId":"BaoLam194"},"content":"        super(description);","lastModifiedDate":"2026-01-31T19:35:20","isFullCredit":false},{"lineNumber":10,"author":{"gitId":"BaoLam194"},"content":"        this.from \u003d from;","lastModifiedDate":"2026-01-31T19:35:20","isFullCredit":false},{"lineNumber":11,"author":{"gitId":"BaoLam194"},"content":"        this.to \u003d to;","lastModifiedDate":"2026-01-31T19:35:20","isFullCredit":false},{"lineNumber":12,"author":{"gitId":"BaoLam194"},"content":"    }","lastModifiedDate":"2026-01-31T19:35:20","isFullCredit":false},{"lineNumber":13,"author":{"gitId":"BaoLam194"},"content":"","lastModifiedDate":"2026-01-31T19:35:20","isFullCredit":false},{"lineNumber":14,"author":{"gitId":"BaoLam194"},"content":"    @Override","lastModifiedDate":"2026-01-31T19:35:20","isFullCredit":false},{"lineNumber":15,"author":{"gitId":"BaoLam194"},"content":"    public String toString() {","lastModifiedDate":"2026-01-31T19:35:20","isFullCredit":false},{"lineNumber":16,"author":{"gitId":"BaoLam194"},"content":"        return \"[E]\" + super.toString() + \" (from: \" + from + \" to: \" + to + \")\";","lastModifiedDate":"2026-01-31T19:35:20","isFullCredit":false},{"lineNumber":17,"author":{"gitId":"BaoLam194"},"content":"    }","lastModifiedDate":"2026-01-31T19:35:20","isFullCredit":false},{"lineNumber":18,"author":{"gitId":"BaoLam194"},"content":"}","lastModifiedDate":"2026-01-31T19:35:20","isFullCredit":false}],"authorContributionMap":{"BaoLam194":18}},{"path":"src/main/java/Nuke.java","fileType":"java","lines":[{"lineNumber":1,"author":{"gitId":"BaoLam194"},"content":"package main.java;","lastModifiedDate":"2026-01-31T20:23:21","isFullCredit":false},{"lineNumber":2,"author":{"gitId":"BaoLam194"},"content":"","lastModifiedDate":"2026-01-25T18:46:47","isFullCredit":false},{"lineNumber":3,"author":{"gitId":"BaoLam194"},"content":"import java.util.Arrays;","lastModifiedDate":"2026-01-31T19:35:20","isFullCredit":false},{"lineNumber":4,"author":{"gitId":"BaoLam194"},"content":"import java.util.Scanner;","lastModifiedDate":"2026-01-25T18:23:30","isFullCredit":false},{"lineNumber":5,"author":{"gitId":"BaoLam194"},"content":"","lastModifiedDate":"2026-01-25T18:23:30","isFullCredit":false},{"lineNumber":6,"author":{"gitId":"BaoLam194"},"content":"public class Nuke {","lastModifiedDate":"2026-01-25T17:51:41","isFullCredit":false},{"lineNumber":7,"author":{"gitId":"BaoLam194"},"content":"    private static Command[] commands \u003d new Command[100];","lastModifiedDate":"2026-01-25T18:46:47","isFullCredit":false},{"lineNumber":8,"author":{"gitId":"BaoLam194"},"content":"    private static int numCommand \u003d 0;","lastModifiedDate":"2026-01-31T18:54:39","isFullCredit":false},{"lineNumber":9,"author":{"gitId":"BaoLam194"},"content":"","lastModifiedDate":"2026-01-25T19:18:09","isFullCredit":false},{"lineNumber":10,"author":{"gitId":"BaoLam194"},"content":"    private static void announce(String mode) {","lastModifiedDate":"2026-01-25T19:15:09","isFullCredit":false},{"lineNumber":11,"author":{"gitId":"BaoLam194"},"content":"        if (mode.equals(\"greet\")) {","lastModifiedDate":"2026-01-25T19:15:09","isFullCredit":false},{"lineNumber":12,"author":{"gitId":"BaoLam194"},"content":"            System.out.println(\"\\t\u003d\u003d\u003d\u003d\u003d\u003d\u003d\u003d\u003d\u003d\u003d\u003d\u003d\u003d\u003d\u003d\u003d\u003d\u003d\u003d\u003d\u003d\u003d\u003d\u003d\u003d\u003d\u003d\u003d\u003d\u003d\");","lastModifiedDate":"2026-01-25T18:23:30","isFullCredit":false},{"lineNumber":13,"author":{"gitId":"BaoLam194"},"content":"            System.out.println(\"\\tHi! Nuke\u0027s waiting for your command!\");","lastModifiedDate":"2026-01-25T18:23:30","isFullCredit":false},{"lineNumber":14,"author":{"gitId":"BaoLam194"},"content":"            System.out.println(\"\\tWho do you want me to nuke today?\");","lastModifiedDate":"2026-01-25T18:23:30","isFullCredit":false},{"lineNumber":15,"author":{"gitId":"BaoLam194"},"content":"            separate();","lastModifiedDate":"2026-01-25T18:23:30","isFullCredit":false},{"lineNumber":16,"author":{"gitId":"BaoLam194"},"content":"        } else {// default to exit","lastModifiedDate":"2026-01-25T19:18:09","isFullCredit":false},{"lineNumber":17,"author":{"gitId":"BaoLam194"},"content":"            separate();","lastModifiedDate":"2026-01-25T18:46:47","isFullCredit":false},{"lineNumber":18,"author":{"gitId":"BaoLam194"},"content":"            System.out.println(\"\\tKaboommm!\");","lastModifiedDate":"2026-01-25T18:23:30","isFullCredit":false},{"lineNumber":19,"author":{"gitId":"BaoLam194"},"content":"            System.out.println(\"\\tI have destroyed our current session!\");","lastModifiedDate":"2026-01-25T18:23:30","isFullCredit":false},{"lineNumber":20,"author":{"gitId":"BaoLam194"},"content":"            System.out.println(\"\\tSee you later!\");","lastModifiedDate":"2026-01-25T18:23:30","isFullCredit":false},{"lineNumber":21,"author":{"gitId":"BaoLam194"},"content":"            System.out.println(\"\\t\u003d\u003d\u003d\u003d\u003d\u003d\u003d\u003d\u003d\u003d\u003d\u003d\u003d\u003d\u003d\u003d\u003d\u003d\u003d\u003d\u003d\u003d\u003d\u003d\u003d\u003d\u003d\u003d\u003d\u003d\u003d\");","lastModifiedDate":"2026-01-25T18:23:30","isFullCredit":false},{"lineNumber":22,"author":{"gitId":"BaoLam194"},"content":"        }","lastModifiedDate":"2026-01-25T18:23:30","isFullCredit":false},{"lineNumber":23,"author":{"gitId":"BaoLam194"},"content":"    }","lastModifiedDate":"2026-01-25T19:15:09","isFullCredit":false},{"lineNumber":24,"author":{"gitId":"BaoLam194"},"content":"","lastModifiedDate":"2026-01-25T18:23:30","isFullCredit":false},{"lineNumber":25,"author":{"gitId":"BaoLam194"},"content":"    private static void separate() {","lastModifiedDate":"2026-01-25T18:23:30","isFullCredit":false},{"lineNumber":26,"author":{"gitId":"BaoLam194"},"content":"        System.out.println(\"\\t-------------------------------\");","lastModifiedDate":"2026-01-25T18:23:30","isFullCredit":false},{"lineNumber":27,"author":{"gitId":"BaoLam194"},"content":"    }","lastModifiedDate":"2026-01-25T18:23:30","isFullCredit":false},{"lineNumber":28,"author":{"gitId":"BaoLam194"},"content":"","lastModifiedDate":"2026-01-25T18:23:30","isFullCredit":false},{"lineNumber":29,"author":{"gitId":"BaoLam194"},"content":"    private static void addCommand(Command c) {","lastModifiedDate":"2026-01-31T19:35:20","isFullCredit":false},{"lineNumber":30,"author":{"gitId":"BaoLam194"},"content":"        commands[numCommand++] \u003d c;","lastModifiedDate":"2026-01-31T19:35:20","isFullCredit":false},{"lineNumber":31,"author":{"gitId":"BaoLam194"},"content":"    }","lastModifiedDate":"2026-01-31T19:35:20","isFullCredit":false},{"lineNumber":32,"author":{"gitId":"BaoLam194"},"content":"","lastModifiedDate":"2026-01-31T19:35:20","isFullCredit":false},{"lineNumber":33,"author":{"gitId":"BaoLam194"},"content":"    private static boolean receiveCommand(String command) {","lastModifiedDate":"2026-01-25T18:46:47","isFullCredit":false},{"lineNumber":34,"author":{"gitId":"BaoLam194"},"content":"","lastModifiedDate":"2026-01-25T19:15:09","isFullCredit":false},{"lineNumber":35,"author":{"gitId":"BaoLam194"},"content":"        if (command.equals(\"bye\")) { // Handle bye directly","lastModifiedDate":"2026-01-25T18:46:47","isFullCredit":false},{"lineNumber":36,"author":{"gitId":"BaoLam194"},"content":"            announce(\"exit\");","lastModifiedDate":"2026-01-25T19:15:09","isFullCredit":false},{"lineNumber":37,"author":{"gitId":"BaoLam194"},"content":"            return false;","lastModifiedDate":"2026-01-25T18:23:30","isFullCredit":false},{"lineNumber":38,"author":{"gitId":"BaoLam194"},"content":"        }","lastModifiedDate":"2026-01-25T18:23:30","isFullCredit":false},{"lineNumber":39,"author":{"gitId":"BaoLam194"},"content":"        separate();","lastModifiedDate":"2026-01-25T18:23:30","isFullCredit":false},{"lineNumber":40,"author":{"gitId":"BaoLam194"},"content":"        handleCommand(command);","lastModifiedDate":"2026-01-25T18:46:47","isFullCredit":false},{"lineNumber":41,"author":{"gitId":"BaoLam194"},"content":"        separate();","lastModifiedDate":"2026-01-25T18:23:30","isFullCredit":false},{"lineNumber":42,"author":{"gitId":"BaoLam194"},"content":"        return true;","lastModifiedDate":"2026-01-25T18:23:30","isFullCredit":false},{"lineNumber":43,"author":{"gitId":"BaoLam194"},"content":"    }","lastModifiedDate":"2026-01-25T18:23:30","isFullCredit":false},{"lineNumber":44,"author":{"gitId":"BaoLam194"},"content":"","lastModifiedDate":"2026-01-25T18:23:30","isFullCredit":false},{"lineNumber":45,"author":{"gitId":"BaoLam194"},"content":"    private static void handleCommand(String commandLine) {","lastModifiedDate":"2026-01-25T19:15:09","isFullCredit":false},{"lineNumber":46,"author":{"gitId":"BaoLam194"},"content":"        String[] parsedCommand \u003d commandLine.split(\" \");","lastModifiedDate":"2026-01-31T19:35:20","isFullCredit":false},{"lineNumber":47,"author":{"gitId":"BaoLam194"},"content":"        String command \u003d parsedCommand[0];","lastModifiedDate":"2026-01-31T19:35:20","isFullCredit":false},{"lineNumber":48,"author":{"gitId":"BaoLam194"},"content":"        switch (command) {","lastModifiedDate":"2026-01-31T19:35:20","isFullCredit":false},{"lineNumber":49,"author":{"gitId":"BaoLam194"},"content":"        case \"list\" -\u003e {","lastModifiedDate":"2026-01-31T19:35:20","isFullCredit":false},{"lineNumber":50,"author":{"gitId":"BaoLam194"},"content":"            executeList();","lastModifiedDate":"2026-01-31T18:54:39","isFullCredit":false},{"lineNumber":51,"author":{"gitId":"BaoLam194"},"content":"            return;","lastModifiedDate":"2026-01-31T18:54:39","isFullCredit":false},{"lineNumber":52,"author":{"gitId":"BaoLam194"},"content":"        }","lastModifiedDate":"2026-01-31T18:54:39","isFullCredit":false},{"lineNumber":53,"author":{"gitId":"BaoLam194"},"content":"        case \"mark\", \"unmark\" -\u003e {","lastModifiedDate":"2026-01-31T19:35:20","isFullCredit":false},{"lineNumber":54,"author":{"gitId":"BaoLam194"},"content":"            if (parsedCommand.length !\u003d 2) { // some explicit format handling","lastModifiedDate":"2026-01-31T19:35:20","isFullCredit":false},{"lineNumber":55,"author":{"gitId":"BaoLam194"},"content":"                System.out.println(\"Your command format is wrong. Try again!\");","lastModifiedDate":"2026-01-31T19:35:20","isFullCredit":false},{"lineNumber":56,"author":{"gitId":"BaoLam194"},"content":"                return;","lastModifiedDate":"2026-01-31T19:35:20","isFullCredit":false},{"lineNumber":57,"author":{"gitId":"BaoLam194"},"content":"            }","lastModifiedDate":"2026-01-31T19:35:20","isFullCredit":false},{"lineNumber":58,"author":{"gitId":"BaoLam194"},"content":"            if (command.equals(\"mark\")) {","lastModifiedDate":"2026-01-31T19:35:20","isFullCredit":false},{"lineNumber":59,"author":{"gitId":"BaoLam194"},"content":"                executeMark(parsedCommand[1]);","lastModifiedDate":"2026-01-31T19:35:20","isFullCredit":false},{"lineNumber":60,"author":{"gitId":"BaoLam194"},"content":"            } else {","lastModifiedDate":"2026-01-31T19:35:20","isFullCredit":false},{"lineNumber":61,"author":{"gitId":"BaoLam194"},"content":"                executeUnmark(parsedCommand[1]);","lastModifiedDate":"2026-01-31T19:35:20","isFullCredit":false},{"lineNumber":62,"author":{"gitId":"BaoLam194"},"content":"            }","lastModifiedDate":"2026-01-31T19:35:20","isFullCredit":false},{"lineNumber":63,"author":{"gitId":"BaoLam194"},"content":"            return;","lastModifiedDate":"2026-01-31T18:54:39","isFullCredit":false},{"lineNumber":64,"author":{"gitId":"BaoLam194"},"content":"        }","lastModifiedDate":"2026-01-31T18:54:39","isFullCredit":false},{"lineNumber":65,"author":{"gitId":"BaoLam194"},"content":"        case \"todo\" -\u003e { // to do command","lastModifiedDate":"2026-01-31T19:35:20","isFullCredit":false},{"lineNumber":66,"author":{"gitId":"BaoLam194"},"content":"            String description \u003d String.join(\" \", Arrays.copyOfRange(parsedCommand, 1, parsedCommand.length));","lastModifiedDate":"2026-01-31T19:35:20","isFullCredit":false},{"lineNumber":67,"author":{"gitId":"BaoLam194"},"content":"            executeTodo(description);","lastModifiedDate":"2026-01-31T19:35:20","isFullCredit":false},{"lineNumber":68,"author":{"gitId":"BaoLam194"},"content":"            return;","lastModifiedDate":"2026-01-31T18:54:39","isFullCredit":false},{"lineNumber":69,"author":{"gitId":"BaoLam194"},"content":"        }","lastModifiedDate":"2026-01-31T18:54:39","isFullCredit":false},{"lineNumber":70,"author":{"gitId":"BaoLam194"},"content":"        case \"deadline\" -\u003e { // deadline command","lastModifiedDate":"2026-01-31T19:35:20","isFullCredit":false},{"lineNumber":71,"author":{"gitId":"BaoLam194"},"content":"            int byIndex \u003d -1;","lastModifiedDate":"2026-01-31T19:35:20","isFullCredit":false},{"lineNumber":72,"author":{"gitId":"BaoLam194"},"content":"            // Find \"/by\" keyword to create new Command","lastModifiedDate":"2026-01-31T19:35:20","isFullCredit":false},{"lineNumber":73,"author":{"gitId":"BaoLam194"},"content":"            for (int i \u003d 1; i \u003c parsedCommand.length; i++) {","lastModifiedDate":"2026-01-31T19:35:20","isFullCredit":false},{"lineNumber":74,"author":{"gitId":"BaoLam194"},"content":"                if (parsedCommand[i].equals(\"/by\")) {","lastModifiedDate":"2026-01-31T19:35:20","isFullCredit":false},{"lineNumber":75,"author":{"gitId":"BaoLam194"},"content":"                    byIndex \u003d i;","lastModifiedDate":"2026-01-31T19:35:20","isFullCredit":false},{"lineNumber":76,"author":{"gitId":"BaoLam194"},"content":"                    break;","lastModifiedDate":"2026-01-31T19:35:20","isFullCredit":false},{"lineNumber":77,"author":{"gitId":"BaoLam194"},"content":"                }","lastModifiedDate":"2026-01-31T19:35:20","isFullCredit":false},{"lineNumber":78,"author":{"gitId":"BaoLam194"},"content":"            }","lastModifiedDate":"2026-01-31T19:35:20","isFullCredit":false},{"lineNumber":79,"author":{"gitId":"BaoLam194"},"content":"            if (byIndex \u003d\u003d -1) {","lastModifiedDate":"2026-01-31T19:35:20","isFullCredit":false},{"lineNumber":80,"author":{"gitId":"BaoLam194"},"content":"                System.out.println(\"Your command format is wrong. Try again!\");","lastModifiedDate":"2026-01-31T19:35:20","isFullCredit":false},{"lineNumber":81,"author":{"gitId":"BaoLam194"},"content":"                return;","lastModifiedDate":"2026-01-31T19:35:20","isFullCredit":false},{"lineNumber":82,"author":{"gitId":"BaoLam194"},"content":"            }","lastModifiedDate":"2026-01-31T19:35:20","isFullCredit":false},{"lineNumber":83,"author":{"gitId":"BaoLam194"},"content":"            String description \u003d String.join(\" \", Arrays.copyOfRange(parsedCommand, 1, byIndex));","lastModifiedDate":"2026-01-31T19:35:20","isFullCredit":false},{"lineNumber":84,"author":{"gitId":"BaoLam194"},"content":"            String by \u003d String.join(\" \", Arrays.copyOfRange(parsedCommand, byIndex + 1, parsedCommand.length));","lastModifiedDate":"2026-01-31T19:35:20","isFullCredit":false},{"lineNumber":85,"author":{"gitId":"BaoLam194"},"content":"            executeDeadline(description, by);","lastModifiedDate":"2026-01-31T19:35:20","isFullCredit":false},{"lineNumber":86,"author":{"gitId":"BaoLam194"},"content":"            return;","lastModifiedDate":"2026-01-31T19:35:20","isFullCredit":false},{"lineNumber":87,"author":{"gitId":"BaoLam194"},"content":"        }","lastModifiedDate":"2026-01-31T19:35:20","isFullCredit":false},{"lineNumber":88,"author":{"gitId":"BaoLam194"},"content":"        case \"event\" -\u003e { // deadline command","lastModifiedDate":"2026-01-31T19:35:20","isFullCredit":false},{"lineNumber":89,"author":{"gitId":"BaoLam194"},"content":"            int fromIndex \u003d -1;","lastModifiedDate":"2026-01-31T19:35:20","isFullCredit":false},{"lineNumber":90,"author":{"gitId":"BaoLam194"},"content":"            int toIndex \u003d -1;","lastModifiedDate":"2026-01-31T19:35:20","isFullCredit":false},{"lineNumber":91,"author":{"gitId":"BaoLam194"},"content":"            // Find \"/from\" and \"/to\" keyword to create new Command","lastModifiedDate":"2026-01-31T19:35:20","isFullCredit":false},{"lineNumber":92,"author":{"gitId":"BaoLam194"},"content":"            for (int i \u003d 1; i \u003c parsedCommand.length; i++) {","lastModifiedDate":"2026-01-31T19:35:20","isFullCredit":false},{"lineNumber":93,"author":{"gitId":"BaoLam194"},"content":"                if (parsedCommand[i].equals(\"/from\")) {","lastModifiedDate":"2026-01-31T19:35:20","isFullCredit":false},{"lineNumber":94,"author":{"gitId":"BaoLam194"},"content":"                    fromIndex \u003d i;","lastModifiedDate":"2026-01-31T19:35:20","isFullCredit":false},{"lineNumber":95,"author":{"gitId":"BaoLam194"},"content":"                    break;","lastModifiedDate":"2026-01-31T19:35:20","isFullCredit":false},{"lineNumber":96,"author":{"gitId":"BaoLam194"},"content":"                }","lastModifiedDate":"2026-01-31T19:35:20","isFullCredit":false},{"lineNumber":97,"author":{"gitId":"BaoLam194"},"content":"            }","lastModifiedDate":"2026-01-31T19:35:20","isFullCredit":false},{"lineNumber":98,"author":{"gitId":"BaoLam194"},"content":"            for (int i \u003d 1; i \u003c parsedCommand.length; i++) {","lastModifiedDate":"2026-01-31T19:35:20","isFullCredit":false},{"lineNumber":99,"author":{"gitId":"BaoLam194"},"content":"                if (parsedCommand[i].equals(\"/to\")) {","lastModifiedDate":"2026-01-31T19:35:20","isFullCredit":false},{"lineNumber":100,"author":{"gitId":"BaoLam194"},"content":"                    toIndex \u003d i;","lastModifiedDate":"2026-01-31T19:35:20","isFullCredit":false},{"lineNumber":101,"author":{"gitId":"BaoLam194"},"content":"                    break;","lastModifiedDate":"2026-01-31T19:35:20","isFullCredit":false},{"lineNumber":102,"author":{"gitId":"BaoLam194"},"content":"                }","lastModifiedDate":"2026-01-31T19:35:20","isFullCredit":false},{"lineNumber":103,"author":{"gitId":"BaoLam194"},"content":"            }","lastModifiedDate":"2026-01-31T19:35:20","isFullCredit":false},{"lineNumber":104,"author":{"gitId":"BaoLam194"},"content":"            if (fromIndex \u003d\u003d -1 || toIndex \u003d\u003d -1 || toIndex \u003c fromIndex) {","lastModifiedDate":"2026-01-31T19:35:20","isFullCredit":false},{"lineNumber":105,"author":{"gitId":"BaoLam194"},"content":"                System.out.println(\"Your command format is wrong. Try again!\");","lastModifiedDate":"2026-01-31T19:35:20","isFullCredit":false},{"lineNumber":106,"author":{"gitId":"BaoLam194"},"content":"                return;","lastModifiedDate":"2026-01-31T19:35:20","isFullCredit":false},{"lineNumber":107,"author":{"gitId":"BaoLam194"},"content":"            }","lastModifiedDate":"2026-01-31T19:35:20","isFullCredit":false},{"lineNumber":108,"author":{"gitId":"BaoLam194"},"content":"            String description \u003d String.join(\" \", Arrays.copyOfRange(parsedCommand, 1, fromIndex));","lastModifiedDate":"2026-01-31T19:35:20","isFullCredit":false},{"lineNumber":109,"author":{"gitId":"BaoLam194"},"content":"            String from \u003d String.join(\" \", Arrays.copyOfRange(parsedCommand, fromIndex + 1, toIndex));","lastModifiedDate":"2026-01-31T19:35:20","isFullCredit":false},{"lineNumber":110,"author":{"gitId":"BaoLam194"},"content":"            String to \u003d String.join(\" \", Arrays.copyOfRange(parsedCommand, toIndex + 1, parsedCommand.length));","lastModifiedDate":"2026-01-31T19:35:20","isFullCredit":false},{"lineNumber":111,"author":{"gitId":"BaoLam194"},"content":"            executeEvent(description, from, to);","lastModifiedDate":"2026-01-31T19:35:20","isFullCredit":false},{"lineNumber":112,"author":{"gitId":"BaoLam194"},"content":"            return;","lastModifiedDate":"2026-01-31T19:35:20","isFullCredit":false},{"lineNumber":113,"author":{"gitId":"BaoLam194"},"content":"        }","lastModifiedDate":"2026-01-31T19:35:20","isFullCredit":false},{"lineNumber":114,"author":{"gitId":"BaoLam194"},"content":"        }","lastModifiedDate":"2026-01-31T19:35:20","isFullCredit":false},{"lineNumber":115,"author":{"gitId":"BaoLam194"},"content":"        addCommand(new Command(commandLine));","lastModifiedDate":"2026-01-31T19:35:20","isFullCredit":false},{"lineNumber":116,"author":{"gitId":"BaoLam194"},"content":"        System.out.printf(\"\\tReceive command: %s%n\", commandLine);","lastModifiedDate":"2026-01-31T18:54:39","isFullCredit":false},{"lineNumber":117,"author":{"gitId":"BaoLam194"},"content":"    }","lastModifiedDate":"2026-01-31T18:54:39","isFullCredit":false},{"lineNumber":118,"author":{"gitId":"BaoLam194"},"content":"","lastModifiedDate":"2026-01-31T18:54:39","isFullCredit":false},{"lineNumber":119,"author":{"gitId":"BaoLam194"},"content":"    // Command implementation","lastModifiedDate":"2026-01-31T19:35:20","isFullCredit":false},{"lineNumber":120,"author":{"gitId":"BaoLam194"},"content":"    private static void executeList() {","lastModifiedDate":"2026-01-31T18:54:39","isFullCredit":false},{"lineNumber":121,"author":{"gitId":"BaoLam194"},"content":"        for (int i \u003d 0; i \u003c numCommand; i++) {","lastModifiedDate":"2026-01-31T18:54:39","isFullCredit":false},{"lineNumber":122,"author":{"gitId":"BaoLam194"},"content":"            System.out.printf(\"%d.%s%n\", i + 1, commands[i].toString());","lastModifiedDate":"2026-01-25T19:15:09","isFullCredit":false},{"lineNumber":123,"author":{"gitId":"BaoLam194"},"content":"        }","lastModifiedDate":"2026-01-25T19:15:09","isFullCredit":false},{"lineNumber":124,"author":{"gitId":"BaoLam194"},"content":"    }","lastModifiedDate":"2026-01-25T19:15:09","isFullCredit":false},{"lineNumber":125,"author":{"gitId":"BaoLam194"},"content":"","lastModifiedDate":"2026-01-31T18:54:39","isFullCredit":false},{"lineNumber":126,"author":{"gitId":"BaoLam194"},"content":"    private static void executeMark(String commandIndex) {","lastModifiedDate":"2026-01-31T18:54:39","isFullCredit":false},{"lineNumber":127,"author":{"gitId":"BaoLam194"},"content":"        try {","lastModifiedDate":"2026-01-25T19:15:09","isFullCredit":false},{"lineNumber":128,"author":{"gitId":"BaoLam194"},"content":"            int index \u003d Integer.parseInt(commandIndex);","lastModifiedDate":"2026-01-31T18:54:39","isFullCredit":false},{"lineNumber":129,"author":{"gitId":"BaoLam194"},"content":"            if (index \u003e numCommand) {","lastModifiedDate":"2026-01-31T18:54:39","isFullCredit":false},{"lineNumber":130,"author":{"gitId":"BaoLam194"},"content":"                System.out.println(\"\\tYou mark the out-of-bound command\");","lastModifiedDate":"2026-01-31T18:54:39","isFullCredit":false},{"lineNumber":131,"author":{"gitId":"BaoLam194"},"content":"                return;","lastModifiedDate":"2026-01-31T18:54:39","isFullCredit":false},{"lineNumber":132,"author":{"gitId":"BaoLam194"},"content":"            }","lastModifiedDate":"2026-01-25T19:15:09","isFullCredit":false},{"lineNumber":133,"author":{"gitId":"BaoLam194"},"content":"            commands[index - 1].setDone();","lastModifiedDate":"2026-01-31T18:54:39","isFullCredit":false},{"lineNumber":134,"author":{"gitId":"BaoLam194"},"content":"            System.out.printf(\"\\tMark the command: %s%n\", commands[index - 1].getDescription());","lastModifiedDate":"2026-01-31T19:35:20","isFullCredit":false},{"lineNumber":135,"author":{"gitId":"BaoLam194"},"content":"        } catch (Exception e) {","lastModifiedDate":"2026-01-25T19:18:09","isFullCredit":false},{"lineNumber":136,"author":{"gitId":"BaoLam194"},"content":"            System.out.println(\"\\tYour command is wrong, please try again!\");","lastModifiedDate":"2026-01-25T19:15:09","isFullCredit":false},{"lineNumber":137,"author":{"gitId":"BaoLam194"},"content":"        }","lastModifiedDate":"2026-01-25T18:46:47","isFullCredit":false},{"lineNumber":138,"author":{"gitId":"BaoLam194"},"content":"    }","lastModifiedDate":"2026-01-25T18:46:47","isFullCredit":false},{"lineNumber":139,"author":{"gitId":"BaoLam194"},"content":"","lastModifiedDate":"2026-01-31T18:54:39","isFullCredit":false},{"lineNumber":140,"author":{"gitId":"BaoLam194"},"content":"    private static void executeUnmark(String commandIndex) {","lastModifiedDate":"2026-01-31T18:54:39","isFullCredit":false},{"lineNumber":141,"author":{"gitId":"BaoLam194"},"content":"        try {","lastModifiedDate":"2026-01-31T18:54:39","isFullCredit":false},{"lineNumber":142,"author":{"gitId":"BaoLam194"},"content":"            int index \u003d Integer.parseInt(commandIndex);","lastModifiedDate":"2026-01-31T18:54:39","isFullCredit":false},{"lineNumber":143,"author":{"gitId":"BaoLam194"},"content":"            if (index \u003e numCommand) {","lastModifiedDate":"2026-01-31T18:54:39","isFullCredit":false},{"lineNumber":144,"author":{"gitId":"BaoLam194"},"content":"                System.out.println(\"\\tYou mark the out-of-bound command\");","lastModifiedDate":"2026-01-31T18:54:39","isFullCredit":false},{"lineNumber":145,"author":{"gitId":"BaoLam194"},"content":"                return;","lastModifiedDate":"2026-01-31T18:54:39","isFullCredit":false},{"lineNumber":146,"author":{"gitId":"BaoLam194"},"content":"            }","lastModifiedDate":"2026-01-31T18:54:39","isFullCredit":false},{"lineNumber":147,"author":{"gitId":"BaoLam194"},"content":"            commands[index - 1].setUndone();","lastModifiedDate":"2026-01-31T18:54:39","isFullCredit":false},{"lineNumber":148,"author":{"gitId":"BaoLam194"},"content":"            System.out.printf(\"\\tUnmark the command: %s%n\", commands[index - 1].getDescription());","lastModifiedDate":"2026-01-31T19:35:20","isFullCredit":false},{"lineNumber":149,"author":{"gitId":"BaoLam194"},"content":"        } catch (Exception e) {","lastModifiedDate":"2026-01-31T18:54:39","isFullCredit":false},{"lineNumber":150,"author":{"gitId":"BaoLam194"},"content":"            System.out.println(\"\\tYour command is wrong, please try again!\");","lastModifiedDate":"2026-01-31T18:54:39","isFullCredit":false},{"lineNumber":151,"author":{"gitId":"BaoLam194"},"content":"        }","lastModifiedDate":"2026-01-31T18:54:39","isFullCredit":false},{"lineNumber":152,"author":{"gitId":"BaoLam194"},"content":"    }","lastModifiedDate":"2026-01-31T19:35:20","isFullCredit":false},{"lineNumber":153,"author":{"gitId":"BaoLam194"},"content":"","lastModifiedDate":"2026-01-31T19:35:20","isFullCredit":false},{"lineNumber":154,"author":{"gitId":"BaoLam194"},"content":"    private static void executeTodo(String description) {","lastModifiedDate":"2026-01-31T19:35:20","isFullCredit":false},{"lineNumber":155,"author":{"gitId":"BaoLam194"},"content":"        addCommand(new Todo(description));","lastModifiedDate":"2026-01-31T19:35:20","isFullCredit":false},{"lineNumber":156,"author":{"gitId":"BaoLam194"},"content":"        System.out.println(\"\\tReceive a pending command: \" + description);","lastModifiedDate":"2026-01-31T20:23:21","isFullCredit":false},{"lineNumber":157,"author":{"gitId":"BaoLam194"},"content":"    }","lastModifiedDate":"2026-01-31T19:35:20","isFullCredit":false},{"lineNumber":158,"author":{"gitId":"BaoLam194"},"content":"","lastModifiedDate":"2026-01-31T19:35:20","isFullCredit":false},{"lineNumber":159,"author":{"gitId":"BaoLam194"},"content":"    private static void executeDeadline(String description, String by) {","lastModifiedDate":"2026-01-31T19:35:20","isFullCredit":false},{"lineNumber":160,"author":{"gitId":"BaoLam194"},"content":"        addCommand(new Deadline(description, by));","lastModifiedDate":"2026-01-31T19:35:20","isFullCredit":false},{"lineNumber":161,"author":{"gitId":"BaoLam194"},"content":"        System.out.println(\"\\tReceive a strike order: \" + description + \" by \" + by);","lastModifiedDate":"2026-01-31T20:23:21","isFullCredit":false},{"lineNumber":162,"author":{"gitId":"BaoLam194"},"content":"    }","lastModifiedDate":"2026-01-31T19:35:20","isFullCredit":false},{"lineNumber":163,"author":{"gitId":"BaoLam194"},"content":"","lastModifiedDate":"2026-01-31T19:35:20","isFullCredit":false},{"lineNumber":164,"author":{"gitId":"BaoLam194"},"content":"    private static void executeEvent(String description, String from, String to) {","lastModifiedDate":"2026-01-31T19:35:20","isFullCredit":false},{"lineNumber":165,"author":{"gitId":"BaoLam194"},"content":"        addCommand(new Event(description, from, to));","lastModifiedDate":"2026-01-31T19:35:20","isFullCredit":false},{"lineNumber":166,"author":{"gitId":"BaoLam194"},"content":"        System.out.println(\"\\tReceive an operation \" + description + \" from \" + from + \" to \" + to);","lastModifiedDate":"2026-01-31T20:23:21","isFullCredit":false},{"lineNumber":167,"author":{"gitId":"BaoLam194"},"content":"    }","lastModifiedDate":"2026-01-25T18:46:47","isFullCredit":false},{"lineNumber":168,"author":{"gitId":"BaoLam194"},"content":"","lastModifiedDate":"2026-01-25T19:18:09","isFullCredit":false},{"lineNumber":169,"author":{"gitId":"BaoLam194"},"content":"    public static void main(String[] args) {","lastModifiedDate":"2026-01-25T17:51:41","isFullCredit":false},{"lineNumber":170,"author":{"gitId":"BaoLam194"},"content":"        Scanner in \u003d new Scanner(System.in);","lastModifiedDate":"2026-01-25T18:23:30","isFullCredit":false},{"lineNumber":171,"author":{"gitId":"BaoLam194"},"content":"        announce(\"greet\");","lastModifiedDate":"2026-01-25T19:15:09","isFullCredit":false},{"lineNumber":172,"author":{"gitId":"BaoLam194"},"content":"        // Hand over execution for handle()","lastModifiedDate":"2026-01-25T18:23:30","isFullCredit":false},{"lineNumber":173,"author":{"gitId":"BaoLam194"},"content":"        while (receiveCommand(in.nextLine())) {","lastModifiedDate":"2026-01-25T18:46:47","isFullCredit":false},{"lineNumber":174,"author":{"gitId":"BaoLam194"},"content":"        }","lastModifiedDate":"2026-01-25T18:23:30","isFullCredit":false},{"lineNumber":175,"author":{"gitId":"BaoLam194"},"content":"    }","lastModifiedDate":"2026-01-25T17:51:41","isFullCredit":false},{"lineNumber":176,"author":{"gitId":"BaoLam194"},"content":"}","lastModifiedDate":"2026-01-25T17:51:41","isFullCredit":false}],"authorContributionMap":{"BaoLam194":176}},{"path":"src/main/java/Todo.java","fileType":"java","lines":[{"lineNumber":1,"author":{"gitId":"BaoLam194"},"content":"package main.java;","lastModifiedDate":"2026-01-31T19:35:20","isFullCredit":false},{"lineNumber":2,"author":{"gitId":"BaoLam194"},"content":"","lastModifiedDate":"2026-01-31T19:35:20","isFullCredit":false},{"lineNumber":3,"author":{"gitId":"BaoLam194"},"content":"public class Todo extends Command{","lastModifiedDate":"2026-01-31T19:35:20","isFullCredit":false},{"lineNumber":4,"author":{"gitId":"BaoLam194"},"content":"","lastModifiedDate":"2026-01-31T19:35:20","isFullCredit":false},{"lineNumber":5,"author":{"gitId":"BaoLam194"},"content":"    public Todo(String name) {","lastModifiedDate":"2026-01-31T19:35:20","isFullCredit":false},{"lineNumber":6,"author":{"gitId":"BaoLam194"},"content":"        super(name);","lastModifiedDate":"2026-01-31T19:35:20","isFullCredit":false},{"lineNumber":7,"author":{"gitId":"BaoLam194"},"content":"    }","lastModifiedDate":"2026-01-31T19:35:20","isFullCredit":false},{"lineNumber":8,"author":{"gitId":"BaoLam194"},"content":"","lastModifiedDate":"2026-01-31T19:35:20","isFullCredit":false},{"lineNumber":9,"author":{"gitId":"BaoLam194"},"content":"    @Override","lastModifiedDate":"2026-01-31T19:35:20","isFullCredit":false},{"lineNumber":10,"author":{"gitId":"BaoLam194"},"content":"    public String toString() {","lastModifiedDate":"2026-01-31T19:35:20","isFullCredit":false},{"lineNumber":11,"author":{"gitId":"BaoLam194"},"content":"        return \"[T]\" + super.toString();","lastModifiedDate":"2026-01-31T19:35:20","isFullCredit":false},{"lineNumber":12,"author":{"gitId":"BaoLam194"},"content":"    }","lastModifiedDate":"2026-01-31T19:35:20","isFullCredit":false},{"lineNumber":13,"author":{"gitId":"BaoLam194"},"content":"}","lastModifiedDate":"2026-01-31T19:35:20","isFullCredit":false}],"authorContributionMap":{"BaoLam194":13}},{"path":"text-ui-test/input.txt","fileType":"txt","lines":[{"lineNumber":1,"author":{"gitId":"BaoLam194"},"content":"todo test1","lastModifiedDate":"2026-01-31T20:23:21","isFullCredit":false},{"lineNumber":2,"author":{"gitId":"BaoLam194"},"content":"list","lastModifiedDate":"2026-01-31T20:23:21","isFullCredit":false},{"lineNumber":3,"author":{"gitId":"BaoLam194"},"content":"todo test2","lastModifiedDate":"2026-01-31T20:23:21","isFullCredit":false},{"lineNumber":4,"author":{"gitId":"BaoLam194"},"content":"deadline make something weird /by idk","lastModifiedDate":"2026-01-31T20:23:21","isFullCredit":false},{"lineNumber":5,"author":{"gitId":"BaoLam194"},"content":"event doing that thing /from start /to end","lastModifiedDate":"2026-01-31T20:23:21","isFullCredit":false},{"lineNumber":6,"author":{"gitId":"BaoLam194"},"content":"mark 1","lastModifiedDate":"2026-01-31T20:23:21","isFullCredit":false},{"lineNumber":7,"author":{"gitId":"BaoLam194"},"content":"mark 4","lastModifiedDate":"2026-01-31T20:23:21","isFullCredit":false},{"lineNumber":8,"author":{"gitId":"BaoLam194"},"content":"deadline doing deadline :) /by deadline :)","lastModifiedDate":"2026-01-31T20:23:21","isFullCredit":false},{"lineNumber":9,"author":{"gitId":"BaoLam194"},"content":"list","lastModifiedDate":"2026-01-31T20:23:21","isFullCredit":false},{"lineNumber":10,"author":{"gitId":"BaoLam194"},"content":"mark 3","lastModifiedDate":"2026-01-31T20:23:21","isFullCredit":false},{"lineNumber":11,"author":{"gitId":"BaoLam194"},"content":"unmark 1","lastModifiedDate":"2026-01-31T20:23:21","isFullCredit":false},{"lineNumber":12,"author":{"gitId":"BaoLam194"},"content":"doing something that is not a command","lastModifiedDate":"2026-01-31T20:23:21","isFullCredit":false},{"lineNumber":13,"author":{"gitId":"BaoLam194"},"content":"list","lastModifiedDate":"2026-01-31T20:23:21","isFullCredit":false}],"authorContributionMap":{"BaoLam194":13}},{"path":"text-ui-test/runtest.sh","fileType":"sh","lines":[{"lineNumber":1,"author":{"gitId":"-"},"content":"#!/usr/bin/env bash","lastModifiedDate":"2020-05-25T00:03:55","isFullCredit":false},{"lineNumber":2,"author":{"gitId":"-"},"content":"","lastModifiedDate":"2020-05-25T00:03:55","isFullCredit":false},{"lineNumber":3,"author":{"gitId":"-"},"content":"# create bin directory if it doesn\u0027t exist","lastModifiedDate":"2020-05-25T00:03:55","isFullCredit":false},{"lineNumber":4,"author":{"gitId":"-"},"content":"if [ ! -d \"../bin\" ]","lastModifiedDate":"2020-05-25T00:03:55","isFullCredit":false},{"lineNumber":5,"author":{"gitId":"-"},"content":"then","lastModifiedDate":"2020-05-25T00:03:55","isFullCredit":false},{"lineNumber":6,"author":{"gitId":"-"},"content":"    mkdir ../bin","lastModifiedDate":"2020-05-25T00:03:55","isFullCredit":false},{"lineNumber":7,"author":{"gitId":"-"},"content":"fi","lastModifiedDate":"2020-05-25T00:03:55","isFullCredit":false},{"lineNumber":8,"author":{"gitId":"-"},"content":"","lastModifiedDate":"2020-05-25T00:03:55","isFullCredit":false},{"lineNumber":9,"author":{"gitId":"-"},"content":"# delete output from previous run","lastModifiedDate":"2020-05-25T00:03:55","isFullCredit":false},{"lineNumber":10,"author":{"gitId":"-"},"content":"if [ -e \"./ACTUAL.TXT\" ]","lastModifiedDate":"2020-05-25T00:03:55","isFullCredit":false},{"lineNumber":11,"author":{"gitId":"-"},"content":"then","lastModifiedDate":"2020-05-25T00:03:55","isFullCredit":false},{"lineNumber":12,"author":{"gitId":"-"},"content":"    rm ACTUAL.TXT","lastModifiedDate":"2020-05-25T00:03:55","isFullCredit":false},{"lineNumber":13,"author":{"gitId":"-"},"content":"fi","lastModifiedDate":"2020-05-25T00:03:55","isFullCredit":false},{"lineNumber":14,"author":{"gitId":"-"},"content":"","lastModifiedDate":"2020-05-25T00:03:55","isFullCredit":false},{"lineNumber":15,"author":{"gitId":"-"},"content":"# compile the code into the bin folder, terminates if error occurred","lastModifiedDate":"2020-05-25T00:03:55","isFullCredit":false},{"lineNumber":16,"author":{"gitId":"-"},"content":"if ! javac -cp ../src/main/java -Xlint:none -d ../bin ../src/main/java/*.java","lastModifiedDate":"2020-08-25T17:23:26","isFullCredit":false},{"lineNumber":17,"author":{"gitId":"-"},"content":"then","lastModifiedDate":"2020-05-25T00:03:55","isFullCredit":false},{"lineNumber":18,"author":{"gitId":"-"},"content":"    echo \"********** BUILD FAILURE **********\"","lastModifiedDate":"2020-05-25T00:03:55","isFullCredit":false},{"lineNumber":19,"author":{"gitId":"-"},"content":"    exit 1","lastModifiedDate":"2020-05-25T00:03:55","isFullCredit":false},{"lineNumber":20,"author":{"gitId":"-"},"content":"fi","lastModifiedDate":"2020-05-25T00:03:55","isFullCredit":false},{"lineNumber":21,"author":{"gitId":"-"},"content":"","lastModifiedDate":"2020-05-25T00:03:55","isFullCredit":false},{"lineNumber":22,"author":{"gitId":"-"},"content":"# run the program, feed commands from input.txt file and redirect the output to the ACTUAL.TXT","lastModifiedDate":"2020-05-25T00:03:55","isFullCredit":false},{"lineNumber":23,"author":{"gitId":"BaoLam194"},"content":"java -classpath ../bin main.java.Nuke \u003c input.txt \u003e ACTUAL.TXT","lastModifiedDate":"2026-01-31T20:23:21","isFullCredit":false},{"lineNumber":24,"author":{"gitId":"-"},"content":"","lastModifiedDate":"2020-05-25T00:03:55","isFullCredit":false},{"lineNumber":25,"author":{"gitId":"-"},"content":"# convert to UNIX format","lastModifiedDate":"2020-05-25T00:03:55","isFullCredit":false},{"lineNumber":26,"author":{"gitId":"-"},"content":"cp EXPECTED.TXT EXPECTED-UNIX.TXT","lastModifiedDate":"2020-05-25T00:03:55","isFullCredit":false},{"lineNumber":27,"author":{"gitId":"-"},"content":"dos2unix ACTUAL.TXT EXPECTED-UNIX.TXT","lastModifiedDate":"2020-05-25T00:03:55","isFullCredit":false},{"lineNumber":28,"author":{"gitId":"-"},"content":"","lastModifiedDate":"2020-05-25T00:03:55","isFullCredit":false},{"lineNumber":29,"author":{"gitId":"-"},"content":"# compare the output to the expected output","lastModifiedDate":"2020-05-25T00:03:55","isFullCredit":false},{"lineNumber":30,"author":{"gitId":"-"},"content":"diff ACTUAL.TXT EXPECTED-UNIX.TXT","lastModifiedDate":"2020-05-25T00:03:55","isFullCredit":false},{"lineNumber":31,"author":{"gitId":"-"},"content":"if [ $? -eq 0 ]","lastModifiedDate":"2020-05-25T00:03:55","isFullCredit":false},{"lineNumber":32,"author":{"gitId":"-"},"content":"then","lastModifiedDate":"2020-05-25T00:03:55","isFullCredit":false},{"lineNumber":33,"author":{"gitId":"-"},"content":"    echo \"Test result: PASSED\"","lastModifiedDate":"2020-05-25T00:03:55","isFullCredit":false},{"lineNumber":34,"author":{"gitId":"-"},"content":"    exit 0","lastModifiedDate":"2020-05-25T00:03:55","isFullCredit":false},{"lineNumber":35,"author":{"gitId":"-"},"content":"else","lastModifiedDate":"2020-05-25T00:03:55","isFullCredit":false},{"lineNumber":36,"author":{"gitId":"-"},"content":"    echo \"Test result: FAILED\"","lastModifiedDate":"2020-05-25T00:03:55","isFullCredit":false},{"lineNumber":37,"author":{"gitId":"-"},"content":"    exit 1","lastModifiedDate":"2020-05-25T00:03:55","isFullCredit":false},{"lineNumber":38,"author":{"gitId":"-"},"content":"fi","lastModifiedDate":"2020-05-25T00:03:55","isFullCredit":false}],"authorContributionMap":{"BaoLam194":1,"-":37}}]
