[{"path":"src/main/java/NamKyBot.java","fileType":"java","lines":[{"lineNumber":1,"author":{"gitId":"Michael-coding06"},"content":"public class NamKyBot {","lastModifiedDate":"2026-01-30T00:47:56","isFullCredit":false},{"lineNumber":2,"author":{"gitId":"Michael-coding06"},"content":"    public static void main(String[] args) {","lastModifiedDate":"2026-01-30T00:47:56","isFullCredit":false},{"lineNumber":3,"author":{"gitId":"Michael-coding06"},"content":"        System.out.println(\"Hello from NamKyBot\\n\" );","lastModifiedDate":"2026-01-30T00:47:56","isFullCredit":false},{"lineNumber":4,"author":{"gitId":"Michael-coding06"},"content":"        System.out.println(\"Hope to see you again\");","lastModifiedDate":"2026-01-30T00:47:56","isFullCredit":false},{"lineNumber":5,"author":{"gitId":"Michael-coding06"},"content":"    }","lastModifiedDate":"2026-01-30T00:47:56","isFullCredit":false},{"lineNumber":6,"author":{"gitId":"Michael-coding06"},"content":"}","lastModifiedDate":"2026-01-30T00:47:56","isFullCredit":false}],"authorContributionMap":{"Michael-coding06":6}}]
