[{"path":"src/main/java/Codey.java","fileType":"java","lines":[{"lineNumber":1,"author":{"gitId":"WeiHeng2003"},"content":"import codey.exception.CodeyException;","lastModifiedDate":"2026-02-11T16:25:52","isFullCredit":false},{"lineNumber":2,"author":{"gitId":"WeiHeng2003"},"content":"import codey.task.TaskList;","lastModifiedDate":"2026-02-11T16:25:52","isFullCredit":false},{"lineNumber":3,"author":{"gitId":"WeiHeng2003"},"content":"import codey.ui.Parser;","lastModifiedDate":"2026-02-11T16:25:52","isFullCredit":false},{"lineNumber":4,"author":{"gitId":"WeiHeng2003"},"content":"import codey.ui.Ui;","lastModifiedDate":"2026-02-11T16:25:52","isFullCredit":false},{"lineNumber":5,"author":{"gitId":"WeiHeng2003"},"content":"","lastModifiedDate":"2026-02-11T16:25:52","isFullCredit":false},{"lineNumber":6,"author":{"gitId":"WeiHeng2003"},"content":"public class Codey {","lastModifiedDate":"2026-01-24T12:39:39","isFullCredit":false},{"lineNumber":7,"author":{"gitId":"WeiHeng2003"},"content":"    private static final TaskList taskList \u003d new TaskList();","lastModifiedDate":"2026-02-04T21:02:24","isFullCredit":false},{"lineNumber":8,"author":{"gitId":"WeiHeng2003"},"content":"    private static final Ui ui \u003d new Ui();","lastModifiedDate":"2026-02-04T21:02:24","isFullCredit":false},{"lineNumber":9,"author":{"gitId":"WeiHeng2003"},"content":"","lastModifiedDate":"2026-01-25T22:30:37","isFullCredit":false},{"lineNumber":10,"author":{"gitId":"WeiHeng2003"},"content":"    public static void main(String[] args) {","lastModifiedDate":"2026-01-24T12:39:39","isFullCredit":false},{"lineNumber":11,"author":{"gitId":"WeiHeng2003"},"content":"        ui.printWelcome();","lastModifiedDate":"2026-02-04T21:02:24","isFullCredit":false},{"lineNumber":12,"author":{"gitId":"WeiHeng2003"},"content":"        boolean isRunning \u003d true;","lastModifiedDate":"2026-02-04T21:02:24","isFullCredit":false},{"lineNumber":13,"author":{"gitId":"WeiHeng2003"},"content":"","lastModifiedDate":"2026-02-04T21:02:24","isFullCredit":false},{"lineNumber":14,"author":{"gitId":"WeiHeng2003"},"content":"        while (isRunning) {","lastModifiedDate":"2026-02-04T21:02:24","isFullCredit":false},{"lineNumber":15,"author":{"gitId":"WeiHeng2003"},"content":"            try {","lastModifiedDate":"2026-02-11T16:06:26","isFullCredit":false},{"lineNumber":16,"author":{"gitId":"WeiHeng2003"},"content":"                String input \u003d ui.getCommand();","lastModifiedDate":"2026-02-04T21:02:24","isFullCredit":false},{"lineNumber":17,"author":{"gitId":"WeiHeng2003"},"content":"                if (input.equalsIgnoreCase(\"bye\")) {","lastModifiedDate":"2026-02-11T16:06:26","isFullCredit":false},{"lineNumber":18,"author":{"gitId":"WeiHeng2003"},"content":"                    ui.printExit();","lastModifiedDate":"2026-02-04T21:02:24","isFullCredit":false},{"lineNumber":19,"author":{"gitId":"WeiHeng2003"},"content":"                    isRunning \u003d false;","lastModifiedDate":"2026-02-04T21:02:24","isFullCredit":false},{"lineNumber":20,"author":{"gitId":"WeiHeng2003"},"content":"                } else {","lastModifiedDate":"2026-02-11T16:06:26","isFullCredit":false},{"lineNumber":21,"author":{"gitId":"WeiHeng2003"},"content":"                    Parser.parseAndExecute(input, taskList, ui);","lastModifiedDate":"2026-02-11T16:06:26","isFullCredit":false},{"lineNumber":22,"author":{"gitId":"WeiHeng2003"},"content":"                }","lastModifiedDate":"2026-02-05T01:13:13","isFullCredit":false},{"lineNumber":23,"author":{"gitId":"WeiHeng2003"},"content":"            } catch (CodeyException e) {","lastModifiedDate":"2026-02-11T16:06:26","isFullCredit":false},{"lineNumber":24,"author":{"gitId":"WeiHeng2003"},"content":"                ui.echo(e.getMessage());","lastModifiedDate":"2026-02-05T10:08:49","isFullCredit":false},{"lineNumber":25,"author":{"gitId":"WeiHeng2003"},"content":"            }","lastModifiedDate":"2026-02-05T10:08:49","isFullCredit":false},{"lineNumber":26,"author":{"gitId":"WeiHeng2003"},"content":"        }","lastModifiedDate":"2026-01-25T19:48:11","isFullCredit":false},{"lineNumber":27,"author":{"gitId":"WeiHeng2003"},"content":"    }","lastModifiedDate":"2026-01-24T12:39:39","isFullCredit":false},{"lineNumber":28,"author":{"gitId":"WeiHeng2003"},"content":"}","lastModifiedDate":"2026-01-24T12:39:39","isFullCredit":false}],"authorContributionMap":{"WeiHeng2003":28}},{"path":"src/main/java/codey/exception/CodeyException.java","fileType":"java","lines":[{"lineNumber":1,"author":{"gitId":"WeiHeng2003"},"content":"package codey.exception;","lastModifiedDate":"2026-02-11T16:25:52","isFullCredit":false},{"lineNumber":2,"author":{"gitId":"WeiHeng2003"},"content":"","lastModifiedDate":"2026-02-11T16:25:52","isFullCredit":false},{"lineNumber":3,"author":{"gitId":"WeiHeng2003"},"content":"public class CodeyException extends Exception {","lastModifiedDate":"2026-02-11T16:06:26","isFullCredit":false},{"lineNumber":4,"author":{"gitId":"WeiHeng2003"},"content":"    public CodeyException(String message){","lastModifiedDate":"2026-02-11T16:06:26","isFullCredit":false},{"lineNumber":5,"author":{"gitId":"WeiHeng2003"},"content":"        super(message);","lastModifiedDate":"2026-02-11T16:06:26","isFullCredit":false},{"lineNumber":6,"author":{"gitId":"WeiHeng2003"},"content":"    }","lastModifiedDate":"2026-02-11T16:06:26","isFullCredit":false},{"lineNumber":7,"author":{"gitId":"WeiHeng2003"},"content":"}","lastModifiedDate":"2026-02-11T16:06:26","isFullCredit":false}],"authorContributionMap":{"WeiHeng2003":7}},{"path":"src/main/java/codey/task/Deadline.java","fileType":"java","lines":[{"lineNumber":1,"author":{"gitId":"WeiHeng2003"},"content":"package codey.task;","lastModifiedDate":"2026-02-11T16:25:52","isFullCredit":false},{"lineNumber":2,"author":{"gitId":"WeiHeng2003"},"content":"","lastModifiedDate":"2026-02-11T16:25:52","isFullCredit":false},{"lineNumber":3,"author":{"gitId":"WeiHeng2003"},"content":"public class Deadline extends Task{","lastModifiedDate":"2026-02-05T01:13:13","isFullCredit":false},{"lineNumber":4,"author":{"gitId":"WeiHeng2003"},"content":"    protected String by;","lastModifiedDate":"2026-02-05T01:13:13","isFullCredit":false},{"lineNumber":5,"author":{"gitId":"WeiHeng2003"},"content":"","lastModifiedDate":"2026-02-05T01:13:13","isFullCredit":false},{"lineNumber":6,"author":{"gitId":"WeiHeng2003"},"content":"    public Deadline(String description, String by) {","lastModifiedDate":"2026-02-05T01:13:13","isFullCredit":false},{"lineNumber":7,"author":{"gitId":"WeiHeng2003"},"content":"        super(description);","lastModifiedDate":"2026-02-05T01:13:13","isFullCredit":false},{"lineNumber":8,"author":{"gitId":"WeiHeng2003"},"content":"        this.by \u003d by;","lastModifiedDate":"2026-02-05T01:13:13","isFullCredit":false},{"lineNumber":9,"author":{"gitId":"WeiHeng2003"},"content":"    }","lastModifiedDate":"2026-02-05T01:13:13","isFullCredit":false},{"lineNumber":10,"author":{"gitId":"WeiHeng2003"},"content":"","lastModifiedDate":"2026-02-05T01:13:13","isFullCredit":false},{"lineNumber":11,"author":{"gitId":"WeiHeng2003"},"content":"    public String toString() {","lastModifiedDate":"2026-02-05T01:13:13","isFullCredit":false},{"lineNumber":12,"author":{"gitId":"WeiHeng2003"},"content":"        return \"[D]\" + super.toString() + \" (by: \" + by + \")\";","lastModifiedDate":"2026-02-05T01:13:13","isFullCredit":false},{"lineNumber":13,"author":{"gitId":"WeiHeng2003"},"content":"    }","lastModifiedDate":"2026-02-05T01:13:13","isFullCredit":false},{"lineNumber":14,"author":{"gitId":"WeiHeng2003"},"content":"}","lastModifiedDate":"2026-02-05T01:13:13","isFullCredit":false}],"authorContributionMap":{"WeiHeng2003":14}},{"path":"src/main/java/codey/task/Event.java","fileType":"java","lines":[{"lineNumber":1,"author":{"gitId":"WeiHeng2003"},"content":"package codey.task;","lastModifiedDate":"2026-02-11T16:25:52","isFullCredit":false},{"lineNumber":2,"author":{"gitId":"WeiHeng2003"},"content":"","lastModifiedDate":"2026-02-11T16:25:52","isFullCredit":false},{"lineNumber":3,"author":{"gitId":"WeiHeng2003"},"content":"public class Event extends Task{","lastModifiedDate":"2026-02-05T01:13:13","isFullCredit":false},{"lineNumber":4,"author":{"gitId":"WeiHeng2003"},"content":"    protected String from;","lastModifiedDate":"2026-02-05T01:13:13","isFullCredit":false},{"lineNumber":5,"author":{"gitId":"WeiHeng2003"},"content":"    protected String to;","lastModifiedDate":"2026-02-05T01:13:13","isFullCredit":false},{"lineNumber":6,"author":{"gitId":"WeiHeng2003"},"content":"","lastModifiedDate":"2026-02-05T01:13:13","isFullCredit":false},{"lineNumber":7,"author":{"gitId":"WeiHeng2003"},"content":"    public Event(String description, String from, String to) {","lastModifiedDate":"2026-02-05T01:13:13","isFullCredit":false},{"lineNumber":8,"author":{"gitId":"WeiHeng2003"},"content":"        super(description);","lastModifiedDate":"2026-02-05T01:13:13","isFullCredit":false},{"lineNumber":9,"author":{"gitId":"WeiHeng2003"},"content":"        this.from \u003d from;","lastModifiedDate":"2026-02-05T01:13:13","isFullCredit":false},{"lineNumber":10,"author":{"gitId":"WeiHeng2003"},"content":"        this.to \u003d to;","lastModifiedDate":"2026-02-05T01:13:13","isFullCredit":false},{"lineNumber":11,"author":{"gitId":"WeiHeng2003"},"content":"    }","lastModifiedDate":"2026-02-05T01:13:13","isFullCredit":false},{"lineNumber":12,"author":{"gitId":"WeiHeng2003"},"content":"","lastModifiedDate":"2026-02-05T01:13:13","isFullCredit":false},{"lineNumber":13,"author":{"gitId":"WeiHeng2003"},"content":"    public String toString() {","lastModifiedDate":"2026-02-05T01:13:13","isFullCredit":false},{"lineNumber":14,"author":{"gitId":"WeiHeng2003"},"content":"        return \"[E]\" + super.toString() + \" (from: \" + from + \" to: \" + to + \")\";","lastModifiedDate":"2026-02-05T01:13:13","isFullCredit":false},{"lineNumber":15,"author":{"gitId":"WeiHeng2003"},"content":"    }","lastModifiedDate":"2026-02-05T01:13:13","isFullCredit":false},{"lineNumber":16,"author":{"gitId":"WeiHeng2003"},"content":"}","lastModifiedDate":"2026-02-05T01:13:13","isFullCredit":false}],"authorContributionMap":{"WeiHeng2003":16}},{"path":"src/main/java/codey/task/Task.java","fileType":"java","lines":[{"lineNumber":1,"author":{"gitId":"WeiHeng2003"},"content":"package codey.task;","lastModifiedDate":"2026-02-11T16:25:52","isFullCredit":false},{"lineNumber":2,"author":{"gitId":"WeiHeng2003"},"content":"","lastModifiedDate":"2026-02-11T16:25:52","isFullCredit":false},{"lineNumber":3,"author":{"gitId":"WeiHeng2003"},"content":"public class Task {","lastModifiedDate":"2026-01-26T00:04:21","isFullCredit":false},{"lineNumber":4,"author":{"gitId":"WeiHeng2003"},"content":"    protected String description;","lastModifiedDate":"2026-01-26T00:04:21","isFullCredit":false},{"lineNumber":5,"author":{"gitId":"WeiHeng2003"},"content":"    protected boolean isDone;","lastModifiedDate":"2026-01-26T00:04:21","isFullCredit":false},{"lineNumber":6,"author":{"gitId":"WeiHeng2003"},"content":"","lastModifiedDate":"2026-01-26T00:04:21","isFullCredit":false},{"lineNumber":7,"author":{"gitId":"WeiHeng2003"},"content":"    public Task(String description) {","lastModifiedDate":"2026-01-26T00:04:21","isFullCredit":false},{"lineNumber":8,"author":{"gitId":"WeiHeng2003"},"content":"        this.description \u003d description;","lastModifiedDate":"2026-01-26T00:04:21","isFullCredit":false},{"lineNumber":9,"author":{"gitId":"WeiHeng2003"},"content":"        this.isDone \u003d false;","lastModifiedDate":"2026-01-26T00:04:21","isFullCredit":false},{"lineNumber":10,"author":{"gitId":"WeiHeng2003"},"content":"    }","lastModifiedDate":"2026-01-26T00:04:21","isFullCredit":false},{"lineNumber":11,"author":{"gitId":"WeiHeng2003"},"content":"","lastModifiedDate":"2026-01-26T00:04:21","isFullCredit":false},{"lineNumber":12,"author":{"gitId":"WeiHeng2003"},"content":"    public String getStatusIcon() {","lastModifiedDate":"2026-01-26T00:04:21","isFullCredit":false},{"lineNumber":13,"author":{"gitId":"WeiHeng2003"},"content":"        return (isDone ? \"X\" : \" \"); // mark done task with X","lastModifiedDate":"2026-01-26T00:04:21","isFullCredit":false},{"lineNumber":14,"author":{"gitId":"WeiHeng2003"},"content":"    }","lastModifiedDate":"2026-01-26T00:04:21","isFullCredit":false},{"lineNumber":15,"author":{"gitId":"WeiHeng2003"},"content":"","lastModifiedDate":"2026-01-26T00:04:21","isFullCredit":false},{"lineNumber":16,"author":{"gitId":"WeiHeng2003"},"content":"    public void markDone() {","lastModifiedDate":"2026-01-26T00:04:21","isFullCredit":false},{"lineNumber":17,"author":{"gitId":"WeiHeng2003"},"content":"        this.isDone \u003d true;","lastModifiedDate":"2026-01-26T00:04:21","isFullCredit":false},{"lineNumber":18,"author":{"gitId":"WeiHeng2003"},"content":"    }","lastModifiedDate":"2026-01-26T00:04:21","isFullCredit":false},{"lineNumber":19,"author":{"gitId":"WeiHeng2003"},"content":"","lastModifiedDate":"2026-01-26T00:04:21","isFullCredit":false},{"lineNumber":20,"author":{"gitId":"WeiHeng2003"},"content":"    public void unmarkDone() {","lastModifiedDate":"2026-02-04T21:02:24","isFullCredit":false},{"lineNumber":21,"author":{"gitId":"WeiHeng2003"},"content":"        this.isDone \u003d false;","lastModifiedDate":"2026-01-26T00:04:21","isFullCredit":false},{"lineNumber":22,"author":{"gitId":"WeiHeng2003"},"content":"    }","lastModifiedDate":"2026-01-26T00:04:21","isFullCredit":false},{"lineNumber":23,"author":{"gitId":"WeiHeng2003"},"content":"","lastModifiedDate":"2026-01-26T00:04:21","isFullCredit":false},{"lineNumber":24,"author":{"gitId":"WeiHeng2003"},"content":"    public String toString() {","lastModifiedDate":"2026-01-26T00:04:21","isFullCredit":false},{"lineNumber":25,"author":{"gitId":"WeiHeng2003"},"content":"        return \"[\" + getStatusIcon() + \"] \" + description;","lastModifiedDate":"2026-01-26T00:04:21","isFullCredit":false},{"lineNumber":26,"author":{"gitId":"WeiHeng2003"},"content":"    }","lastModifiedDate":"2026-01-26T00:04:21","isFullCredit":false},{"lineNumber":27,"author":{"gitId":"WeiHeng2003"},"content":"}","lastModifiedDate":"2026-01-26T00:04:21","isFullCredit":false}],"authorContributionMap":{"WeiHeng2003":27}},{"path":"src/main/java/codey/task/TaskList.java","fileType":"java","lines":[{"lineNumber":1,"author":{"gitId":"WeiHeng2003"},"content":"package codey.task;","lastModifiedDate":"2026-02-11T16:25:52","isFullCredit":false},{"lineNumber":2,"author":{"gitId":"WeiHeng2003"},"content":"","lastModifiedDate":"2026-02-11T16:25:52","isFullCredit":false},{"lineNumber":3,"author":{"gitId":"WeiHeng2003"},"content":"import java.util.ArrayList;","lastModifiedDate":"2026-02-04T21:02:24","isFullCredit":false},{"lineNumber":4,"author":{"gitId":"WeiHeng2003"},"content":"import codey.exception.CodeyException;","lastModifiedDate":"2026-02-11T16:25:52","isFullCredit":false},{"lineNumber":5,"author":{"gitId":"WeiHeng2003"},"content":"","lastModifiedDate":"2026-02-04T21:02:24","isFullCredit":false},{"lineNumber":6,"author":{"gitId":"WeiHeng2003"},"content":"public class TaskList {","lastModifiedDate":"2026-02-04T21:02:24","isFullCredit":false},{"lineNumber":7,"author":{"gitId":"WeiHeng2003"},"content":"    private final ArrayList\u003cTask\u003e tasks;","lastModifiedDate":"2026-02-04T21:02:24","isFullCredit":false},{"lineNumber":8,"author":{"gitId":"WeiHeng2003"},"content":"","lastModifiedDate":"2026-02-04T21:02:24","isFullCredit":false},{"lineNumber":9,"author":{"gitId":"WeiHeng2003"},"content":"    public TaskList() {","lastModifiedDate":"2026-02-04T21:02:24","isFullCredit":false},{"lineNumber":10,"author":{"gitId":"WeiHeng2003"},"content":"        this.tasks \u003d new ArrayList\u003cTask\u003e();","lastModifiedDate":"2026-02-04T21:02:24","isFullCredit":false},{"lineNumber":11,"author":{"gitId":"WeiHeng2003"},"content":"    }","lastModifiedDate":"2026-02-04T21:02:24","isFullCredit":false},{"lineNumber":12,"author":{"gitId":"WeiHeng2003"},"content":"","lastModifiedDate":"2026-02-04T21:02:24","isFullCredit":false},{"lineNumber":13,"author":{"gitId":"WeiHeng2003"},"content":"    public void addTask(Task task) throws CodeyException {","lastModifiedDate":"2026-02-11T16:06:26","isFullCredit":false},{"lineNumber":14,"author":{"gitId":"WeiHeng2003"},"content":"        if (task \u003d\u003d null) {","lastModifiedDate":"2026-02-11T16:06:26","isFullCredit":false},{"lineNumber":15,"author":{"gitId":"WeiHeng2003"},"content":"            throw new CodeyException(\"Task does not exist!\");","lastModifiedDate":"2026-02-11T16:06:26","isFullCredit":false},{"lineNumber":16,"author":{"gitId":"WeiHeng2003"},"content":"        }","lastModifiedDate":"2026-02-04T21:02:24","isFullCredit":false},{"lineNumber":17,"author":{"gitId":"WeiHeng2003"},"content":"        tasks.add(task);","lastModifiedDate":"2026-02-11T16:06:26","isFullCredit":false},{"lineNumber":18,"author":{"gitId":"WeiHeng2003"},"content":"    }","lastModifiedDate":"2026-02-04T21:02:24","isFullCredit":false},{"lineNumber":19,"author":{"gitId":"WeiHeng2003"},"content":"","lastModifiedDate":"2026-02-04T21:02:24","isFullCredit":false},{"lineNumber":20,"author":{"gitId":"WeiHeng2003"},"content":"    public void removeTask(int index) throws CodeyException {","lastModifiedDate":"2026-02-11T16:06:26","isFullCredit":false},{"lineNumber":21,"author":{"gitId":"WeiHeng2003"},"content":"        if (index \u003c 0 ) {","lastModifiedDate":"2026-02-11T16:06:26","isFullCredit":false},{"lineNumber":22,"author":{"gitId":"WeiHeng2003"},"content":"            throw new CodeyException(\"Index cannot be zero or negative!\");","lastModifiedDate":"2026-02-11T16:06:26","isFullCredit":false},{"lineNumber":23,"author":{"gitId":"WeiHeng2003"},"content":"        }","lastModifiedDate":"2026-02-05T01:13:13","isFullCredit":false},{"lineNumber":24,"author":{"gitId":"WeiHeng2003"},"content":"        if (index \u003e\u003d tasks.size()) {","lastModifiedDate":"2026-02-11T16:06:26","isFullCredit":false},{"lineNumber":25,"author":{"gitId":"WeiHeng2003"},"content":"            throw new CodeyException(\"Index cannot be greater than list size!\");","lastModifiedDate":"2026-02-11T16:06:26","isFullCredit":false},{"lineNumber":26,"author":{"gitId":"WeiHeng2003"},"content":"        }","lastModifiedDate":"2026-02-11T16:06:26","isFullCredit":false},{"lineNumber":27,"author":{"gitId":"WeiHeng2003"},"content":"        tasks.remove(index);","lastModifiedDate":"2026-02-11T16:06:26","isFullCredit":false},{"lineNumber":28,"author":{"gitId":"WeiHeng2003"},"content":"    }","lastModifiedDate":"2026-02-05T01:13:13","isFullCredit":false},{"lineNumber":29,"author":{"gitId":"WeiHeng2003"},"content":"","lastModifiedDate":"2026-02-05T01:13:13","isFullCredit":false},{"lineNumber":30,"author":{"gitId":"WeiHeng2003"},"content":"    public void markTask(int index) throws CodeyException {","lastModifiedDate":"2026-02-11T16:06:26","isFullCredit":false},{"lineNumber":31,"author":{"gitId":"WeiHeng2003"},"content":"        if (index \u003c 0 ) {","lastModifiedDate":"2026-02-11T16:06:26","isFullCredit":false},{"lineNumber":32,"author":{"gitId":"WeiHeng2003"},"content":"            throw new CodeyException(\"Index cannot be zero or negative!\");","lastModifiedDate":"2026-02-11T16:06:26","isFullCredit":false},{"lineNumber":33,"author":{"gitId":"WeiHeng2003"},"content":"        }","lastModifiedDate":"2026-02-05T01:13:13","isFullCredit":false},{"lineNumber":34,"author":{"gitId":"WeiHeng2003"},"content":"        if (index \u003e\u003d tasks.size()) {","lastModifiedDate":"2026-02-11T16:06:26","isFullCredit":false},{"lineNumber":35,"author":{"gitId":"WeiHeng2003"},"content":"            throw new CodeyException(\"Index cannot be greater than list size!\");","lastModifiedDate":"2026-02-11T16:06:26","isFullCredit":false},{"lineNumber":36,"author":{"gitId":"WeiHeng2003"},"content":"        }","lastModifiedDate":"2026-02-11T16:06:26","isFullCredit":false},{"lineNumber":37,"author":{"gitId":"WeiHeng2003"},"content":"        tasks.get(index).markDone();","lastModifiedDate":"2026-02-11T16:06:26","isFullCredit":false},{"lineNumber":38,"author":{"gitId":"WeiHeng2003"},"content":"    }","lastModifiedDate":"2026-02-05T01:13:13","isFullCredit":false},{"lineNumber":39,"author":{"gitId":"WeiHeng2003"},"content":"","lastModifiedDate":"2026-02-05T01:13:13","isFullCredit":false},{"lineNumber":40,"author":{"gitId":"WeiHeng2003"},"content":"    public void unmarkTask(int index) throws CodeyException {","lastModifiedDate":"2026-02-11T16:06:26","isFullCredit":false},{"lineNumber":41,"author":{"gitId":"WeiHeng2003"},"content":"        if (index \u003c 0 ) {","lastModifiedDate":"2026-02-11T16:06:26","isFullCredit":false},{"lineNumber":42,"author":{"gitId":"WeiHeng2003"},"content":"            throw new CodeyException(\"Index cannot be zero or negative!\");","lastModifiedDate":"2026-02-11T16:06:26","isFullCredit":false},{"lineNumber":43,"author":{"gitId":"WeiHeng2003"},"content":"        }","lastModifiedDate":"2026-02-04T21:02:24","isFullCredit":false},{"lineNumber":44,"author":{"gitId":"WeiHeng2003"},"content":"        if (index \u003e\u003d tasks.size()) {","lastModifiedDate":"2026-02-11T16:06:26","isFullCredit":false},{"lineNumber":45,"author":{"gitId":"WeiHeng2003"},"content":"            throw new CodeyException(\"Index cannot be greater than list size!\");","lastModifiedDate":"2026-02-11T16:06:26","isFullCredit":false},{"lineNumber":46,"author":{"gitId":"WeiHeng2003"},"content":"        }","lastModifiedDate":"2026-02-11T16:06:26","isFullCredit":false},{"lineNumber":47,"author":{"gitId":"WeiHeng2003"},"content":"        tasks.get(index).unmarkDone();","lastModifiedDate":"2026-02-11T16:06:26","isFullCredit":false},{"lineNumber":48,"author":{"gitId":"WeiHeng2003"},"content":"    }","lastModifiedDate":"2026-02-04T21:02:24","isFullCredit":false},{"lineNumber":49,"author":{"gitId":"WeiHeng2003"},"content":"","lastModifiedDate":"2026-02-04T21:02:24","isFullCredit":false},{"lineNumber":50,"author":{"gitId":"WeiHeng2003"},"content":"    public Task getTask(int index) {","lastModifiedDate":"2026-02-04T21:02:24","isFullCredit":false},{"lineNumber":51,"author":{"gitId":"WeiHeng2003"},"content":"        return tasks.get(index);","lastModifiedDate":"2026-02-04T21:02:24","isFullCredit":false},{"lineNumber":52,"author":{"gitId":"WeiHeng2003"},"content":"    }","lastModifiedDate":"2026-02-04T21:02:24","isFullCredit":false},{"lineNumber":53,"author":{"gitId":"WeiHeng2003"},"content":"","lastModifiedDate":"2026-02-04T21:02:24","isFullCredit":false},{"lineNumber":54,"author":{"gitId":"WeiHeng2003"},"content":"    public int getSize() {","lastModifiedDate":"2026-02-04T21:02:24","isFullCredit":false},{"lineNumber":55,"author":{"gitId":"WeiHeng2003"},"content":"        return tasks.size();","lastModifiedDate":"2026-02-04T21:02:24","isFullCredit":false},{"lineNumber":56,"author":{"gitId":"WeiHeng2003"},"content":"    }","lastModifiedDate":"2026-02-04T21:02:24","isFullCredit":false},{"lineNumber":57,"author":{"gitId":"WeiHeng2003"},"content":"}","lastModifiedDate":"2026-02-04T21:02:24","isFullCredit":false}],"authorContributionMap":{"WeiHeng2003":57}},{"path":"src/main/java/codey/task/Todo.java","fileType":"java","lines":[{"lineNumber":1,"author":{"gitId":"WeiHeng2003"},"content":"package codey.task;","lastModifiedDate":"2026-02-11T16:25:52","isFullCredit":false},{"lineNumber":2,"author":{"gitId":"WeiHeng2003"},"content":"","lastModifiedDate":"2026-02-11T16:25:52","isFullCredit":false},{"lineNumber":3,"author":{"gitId":"WeiHeng2003"},"content":"public class Todo extends Task{","lastModifiedDate":"2026-02-05T01:13:13","isFullCredit":false},{"lineNumber":4,"author":{"gitId":"WeiHeng2003"},"content":"    public Todo(String description) {","lastModifiedDate":"2026-02-05T01:13:13","isFullCredit":false},{"lineNumber":5,"author":{"gitId":"WeiHeng2003"},"content":"        super(description);","lastModifiedDate":"2026-02-05T01:13:13","isFullCredit":false},{"lineNumber":6,"author":{"gitId":"WeiHeng2003"},"content":"    }","lastModifiedDate":"2026-02-05T01:13:13","isFullCredit":false},{"lineNumber":7,"author":{"gitId":"WeiHeng2003"},"content":"","lastModifiedDate":"2026-02-05T01:13:13","isFullCredit":false},{"lineNumber":8,"author":{"gitId":"WeiHeng2003"},"content":"    public String toString() {","lastModifiedDate":"2026-02-05T01:13:13","isFullCredit":false},{"lineNumber":9,"author":{"gitId":"WeiHeng2003"},"content":"        return \"[T]\" + super.toString();","lastModifiedDate":"2026-02-05T01:13:13","isFullCredit":false},{"lineNumber":10,"author":{"gitId":"WeiHeng2003"},"content":"    }","lastModifiedDate":"2026-02-05T01:13:13","isFullCredit":false},{"lineNumber":11,"author":{"gitId":"WeiHeng2003"},"content":" }","lastModifiedDate":"2026-02-05T01:13:13","isFullCredit":false}],"authorContributionMap":{"WeiHeng2003":11}},{"path":"src/main/java/codey/ui/Parser.java","fileType":"java","lines":[{"lineNumber":1,"author":{"gitId":"WeiHeng2003"},"content":"package codey.ui;","lastModifiedDate":"2026-02-11T16:25:52","isFullCredit":false},{"lineNumber":2,"author":{"gitId":"WeiHeng2003"},"content":"","lastModifiedDate":"2026-02-11T16:25:52","isFullCredit":false},{"lineNumber":3,"author":{"gitId":"WeiHeng2003"},"content":"import codey.task.Deadline;","lastModifiedDate":"2026-02-11T16:25:52","isFullCredit":false},{"lineNumber":4,"author":{"gitId":"WeiHeng2003"},"content":"import codey.task.Event;","lastModifiedDate":"2026-02-11T16:25:52","isFullCredit":false},{"lineNumber":5,"author":{"gitId":"WeiHeng2003"},"content":"import codey.task.Todo;","lastModifiedDate":"2026-02-11T16:25:52","isFullCredit":false},{"lineNumber":6,"author":{"gitId":"WeiHeng2003"},"content":"import codey.task.TaskList;","lastModifiedDate":"2026-02-11T16:25:52","isFullCredit":false},{"lineNumber":7,"author":{"gitId":"WeiHeng2003"},"content":"import codey.exception.CodeyException;","lastModifiedDate":"2026-02-11T16:25:52","isFullCredit":false},{"lineNumber":8,"author":{"gitId":"WeiHeng2003"},"content":"","lastModifiedDate":"2026-02-11T16:25:52","isFullCredit":false},{"lineNumber":9,"author":{"gitId":"WeiHeng2003"},"content":"public class Parser {","lastModifiedDate":"2026-02-11T16:06:26","isFullCredit":false},{"lineNumber":10,"author":{"gitId":"WeiHeng2003"},"content":"    public static void parseAndExecute(String input, TaskList taskList, Ui ui) throws CodeyException {","lastModifiedDate":"2026-02-11T16:06:26","isFullCredit":false},{"lineNumber":11,"author":{"gitId":"WeiHeng2003"},"content":"        String[] words \u003d input.split(\" \", 2);","lastModifiedDate":"2026-02-11T16:06:26","isFullCredit":false},{"lineNumber":12,"author":{"gitId":"WeiHeng2003"},"content":"        String command \u003d words[0].toLowerCase();","lastModifiedDate":"2026-02-11T16:06:26","isFullCredit":false},{"lineNumber":13,"author":{"gitId":"WeiHeng2003"},"content":"","lastModifiedDate":"2026-02-11T16:06:26","isFullCredit":false},{"lineNumber":14,"author":{"gitId":"WeiHeng2003"},"content":"        switch (command) {","lastModifiedDate":"2026-02-11T16:06:26","isFullCredit":false},{"lineNumber":15,"author":{"gitId":"WeiHeng2003"},"content":"        case \"todo\":","lastModifiedDate":"2026-02-11T16:06:26","isFullCredit":false},{"lineNumber":16,"author":{"gitId":"WeiHeng2003"},"content":"            if (words.length \u003c 2 || words[1].trim().isEmpty()) {","lastModifiedDate":"2026-02-11T16:06:26","isFullCredit":false},{"lineNumber":17,"author":{"gitId":"WeiHeng2003"},"content":"                throw new CodeyException(\"Please add a description for the todo!\");","lastModifiedDate":"2026-02-11T16:06:26","isFullCredit":false},{"lineNumber":18,"author":{"gitId":"WeiHeng2003"},"content":"            }","lastModifiedDate":"2026-02-11T16:06:26","isFullCredit":false},{"lineNumber":19,"author":{"gitId":"WeiHeng2003"},"content":"            taskList.addTask(new Todo(words[1]));","lastModifiedDate":"2026-02-11T16:06:26","isFullCredit":false},{"lineNumber":20,"author":{"gitId":"WeiHeng2003"},"content":"            ui.printList(taskList);","lastModifiedDate":"2026-02-11T16:06:26","isFullCredit":false},{"lineNumber":21,"author":{"gitId":"WeiHeng2003"},"content":"            break;","lastModifiedDate":"2026-02-11T16:06:26","isFullCredit":false},{"lineNumber":22,"author":{"gitId":"WeiHeng2003"},"content":"","lastModifiedDate":"2026-02-11T16:06:26","isFullCredit":false},{"lineNumber":23,"author":{"gitId":"WeiHeng2003"},"content":"        case \"deadline\":","lastModifiedDate":"2026-02-11T16:06:26","isFullCredit":false},{"lineNumber":24,"author":{"gitId":"WeiHeng2003"},"content":"            if (words.length \u003c 2) {","lastModifiedDate":"2026-02-11T16:06:26","isFullCredit":false},{"lineNumber":25,"author":{"gitId":"WeiHeng2003"},"content":"                throw new CodeyException(\"Please add a description for the todo!\");","lastModifiedDate":"2026-02-11T16:06:26","isFullCredit":false},{"lineNumber":26,"author":{"gitId":"WeiHeng2003"},"content":"            }","lastModifiedDate":"2026-02-11T16:06:26","isFullCredit":false},{"lineNumber":27,"author":{"gitId":"WeiHeng2003"},"content":"            if (!words[1].contains(\"/by\")) {","lastModifiedDate":"2026-02-11T16:06:26","isFullCredit":false},{"lineNumber":28,"author":{"gitId":"WeiHeng2003"},"content":"                throw new CodeyException(\"Please follow the format! \u003cdescription\u003e /by \u003cdeadline\u003e\");","lastModifiedDate":"2026-02-11T16:06:26","isFullCredit":false},{"lineNumber":29,"author":{"gitId":"WeiHeng2003"},"content":"            }","lastModifiedDate":"2026-02-11T16:06:26","isFullCredit":false},{"lineNumber":30,"author":{"gitId":"WeiHeng2003"},"content":"            String[] Dparts \u003d words[1].split(\" /by \", 2);","lastModifiedDate":"2026-02-11T16:06:26","isFullCredit":false},{"lineNumber":31,"author":{"gitId":"WeiHeng2003"},"content":"            taskList.addTask(new Deadline(Dparts[0], Dparts[1]));","lastModifiedDate":"2026-02-11T16:06:26","isFullCredit":false},{"lineNumber":32,"author":{"gitId":"WeiHeng2003"},"content":"            ui.printList(taskList);","lastModifiedDate":"2026-02-11T16:06:26","isFullCredit":false},{"lineNumber":33,"author":{"gitId":"WeiHeng2003"},"content":"            break;","lastModifiedDate":"2026-02-11T16:06:26","isFullCredit":false},{"lineNumber":34,"author":{"gitId":"WeiHeng2003"},"content":"","lastModifiedDate":"2026-02-11T16:06:26","isFullCredit":false},{"lineNumber":35,"author":{"gitId":"WeiHeng2003"},"content":"        case \"event\":","lastModifiedDate":"2026-02-11T16:06:26","isFullCredit":false},{"lineNumber":36,"author":{"gitId":"WeiHeng2003"},"content":"            if (words.length \u003c 2) {","lastModifiedDate":"2026-02-11T16:06:26","isFullCredit":false},{"lineNumber":37,"author":{"gitId":"WeiHeng2003"},"content":"                throw new CodeyException(\"Please add a description for the event!\");","lastModifiedDate":"2026-02-11T16:06:26","isFullCredit":false},{"lineNumber":38,"author":{"gitId":"WeiHeng2003"},"content":"            }","lastModifiedDate":"2026-02-11T16:06:26","isFullCredit":false},{"lineNumber":39,"author":{"gitId":"WeiHeng2003"},"content":"            if (!words[1].trim().contains(\"/from\") || !words[1].trim().contains(\"/to\")) {","lastModifiedDate":"2026-02-11T16:06:26","isFullCredit":false},{"lineNumber":40,"author":{"gitId":"WeiHeng2003"},"content":"                throw new CodeyException(\"Please follow the format! \u003cdescription\u003e /from \u003cstart\u003e /to \u003cend\u003e\");","lastModifiedDate":"2026-02-11T16:06:26","isFullCredit":false},{"lineNumber":41,"author":{"gitId":"WeiHeng2003"},"content":"            }","lastModifiedDate":"2026-02-11T16:06:26","isFullCredit":false},{"lineNumber":42,"author":{"gitId":"WeiHeng2003"},"content":"            String[] eParts \u003d words[1].split(\" /from \", 2);","lastModifiedDate":"2026-02-11T16:06:26","isFullCredit":false},{"lineNumber":43,"author":{"gitId":"WeiHeng2003"},"content":"            String[] from_to \u003d eParts[1].split(\" /to \", 2);","lastModifiedDate":"2026-02-11T16:06:26","isFullCredit":false},{"lineNumber":44,"author":{"gitId":"WeiHeng2003"},"content":"            taskList.addTask(new Event(eParts[0], from_to[0], from_to[1]));","lastModifiedDate":"2026-02-11T16:06:26","isFullCredit":false},{"lineNumber":45,"author":{"gitId":"WeiHeng2003"},"content":"            ui.printList(taskList);","lastModifiedDate":"2026-02-11T16:06:26","isFullCredit":false},{"lineNumber":46,"author":{"gitId":"WeiHeng2003"},"content":"            break;","lastModifiedDate":"2026-02-11T16:06:26","isFullCredit":false},{"lineNumber":47,"author":{"gitId":"WeiHeng2003"},"content":"","lastModifiedDate":"2026-02-11T16:06:26","isFullCredit":false},{"lineNumber":48,"author":{"gitId":"WeiHeng2003"},"content":"        case \"remove\":","lastModifiedDate":"2026-02-11T16:06:26","isFullCredit":false},{"lineNumber":49,"author":{"gitId":"WeiHeng2003"},"content":"            int index \u003d Integer.parseInt((input.substring(7).trim())) - 1;","lastModifiedDate":"2026-02-11T16:06:26","isFullCredit":false},{"lineNumber":50,"author":{"gitId":"WeiHeng2003"},"content":"            taskList.removeTask(index);","lastModifiedDate":"2026-02-11T16:06:26","isFullCredit":false},{"lineNumber":51,"author":{"gitId":"WeiHeng2003"},"content":"            ui.printList(taskList);","lastModifiedDate":"2026-02-11T16:06:26","isFullCredit":false},{"lineNumber":52,"author":{"gitId":"WeiHeng2003"},"content":"            break;","lastModifiedDate":"2026-02-11T16:06:26","isFullCredit":false},{"lineNumber":53,"author":{"gitId":"WeiHeng2003"},"content":"","lastModifiedDate":"2026-02-11T16:06:26","isFullCredit":false},{"lineNumber":54,"author":{"gitId":"WeiHeng2003"},"content":"        case \"list\":","lastModifiedDate":"2026-02-11T16:06:26","isFullCredit":false},{"lineNumber":55,"author":{"gitId":"WeiHeng2003"},"content":"            ui.printList(taskList);","lastModifiedDate":"2026-02-11T16:06:26","isFullCredit":false},{"lineNumber":56,"author":{"gitId":"WeiHeng2003"},"content":"            break;","lastModifiedDate":"2026-02-11T16:06:26","isFullCredit":false},{"lineNumber":57,"author":{"gitId":"WeiHeng2003"},"content":"","lastModifiedDate":"2026-02-11T16:06:26","isFullCredit":false},{"lineNumber":58,"author":{"gitId":"WeiHeng2003"},"content":"        case \"mark\":","lastModifiedDate":"2026-02-11T16:06:26","isFullCredit":false},{"lineNumber":59,"author":{"gitId":"WeiHeng2003"},"content":"            int markIndex \u003d Integer.parseInt(words[1]) - 1;","lastModifiedDate":"2026-02-11T16:06:26","isFullCredit":false},{"lineNumber":60,"author":{"gitId":"WeiHeng2003"},"content":"            taskList.markTask(markIndex);","lastModifiedDate":"2026-02-11T16:06:26","isFullCredit":false},{"lineNumber":61,"author":{"gitId":"WeiHeng2003"},"content":"            ui.printMark(taskList);","lastModifiedDate":"2026-02-11T16:06:26","isFullCredit":false},{"lineNumber":62,"author":{"gitId":"WeiHeng2003"},"content":"            break;","lastModifiedDate":"2026-02-11T16:06:26","isFullCredit":false},{"lineNumber":63,"author":{"gitId":"WeiHeng2003"},"content":"","lastModifiedDate":"2026-02-11T16:06:26","isFullCredit":false},{"lineNumber":64,"author":{"gitId":"WeiHeng2003"},"content":"        case \"unmark\":","lastModifiedDate":"2026-02-11T16:06:26","isFullCredit":false},{"lineNumber":65,"author":{"gitId":"WeiHeng2003"},"content":"            int unmarkIndex \u003d Integer.parseInt(words[1]) - 1;","lastModifiedDate":"2026-02-11T16:06:26","isFullCredit":false},{"lineNumber":66,"author":{"gitId":"WeiHeng2003"},"content":"            taskList.unmarkTask(unmarkIndex);","lastModifiedDate":"2026-02-11T16:06:26","isFullCredit":false},{"lineNumber":67,"author":{"gitId":"WeiHeng2003"},"content":"            ui.printUnmark(taskList);","lastModifiedDate":"2026-02-11T16:06:26","isFullCredit":false},{"lineNumber":68,"author":{"gitId":"WeiHeng2003"},"content":"            break;","lastModifiedDate":"2026-02-11T16:06:26","isFullCredit":false},{"lineNumber":69,"author":{"gitId":"WeiHeng2003"},"content":"","lastModifiedDate":"2026-02-11T16:06:26","isFullCredit":false},{"lineNumber":70,"author":{"gitId":"WeiHeng2003"},"content":"        default:","lastModifiedDate":"2026-02-11T16:06:26","isFullCredit":false},{"lineNumber":71,"author":{"gitId":"WeiHeng2003"},"content":"            ui.echo(input);","lastModifiedDate":"2026-02-11T16:06:26","isFullCredit":false},{"lineNumber":72,"author":{"gitId":"WeiHeng2003"},"content":"        }","lastModifiedDate":"2026-02-11T16:06:26","isFullCredit":false},{"lineNumber":73,"author":{"gitId":"WeiHeng2003"},"content":"    }","lastModifiedDate":"2026-02-11T16:06:26","isFullCredit":false},{"lineNumber":74,"author":{"gitId":"WeiHeng2003"},"content":"}","lastModifiedDate":"2026-02-11T16:06:26","isFullCredit":false}],"authorContributionMap":{"WeiHeng2003":74}},{"path":"src/main/java/codey/ui/Ui.java","fileType":"java","lines":[{"lineNumber":1,"author":{"gitId":"WeiHeng2003"},"content":"package codey.ui;","lastModifiedDate":"2026-02-11T16:25:52","isFullCredit":false},{"lineNumber":2,"author":{"gitId":"WeiHeng2003"},"content":"","lastModifiedDate":"2026-02-11T16:25:52","isFullCredit":false},{"lineNumber":3,"author":{"gitId":"WeiHeng2003"},"content":"import java.util.Scanner;","lastModifiedDate":"2026-02-04T21:02:24","isFullCredit":false},{"lineNumber":4,"author":{"gitId":"WeiHeng2003"},"content":"import codey.task.TaskList;","lastModifiedDate":"2026-02-11T16:25:52","isFullCredit":false},{"lineNumber":5,"author":{"gitId":"WeiHeng2003"},"content":"","lastModifiedDate":"2026-02-04T21:02:24","isFullCredit":false},{"lineNumber":6,"author":{"gitId":"WeiHeng2003"},"content":"public class Ui {","lastModifiedDate":"2026-02-04T21:02:24","isFullCredit":false},{"lineNumber":7,"author":{"gitId":"WeiHeng2003"},"content":"    private Scanner scanner;","lastModifiedDate":"2026-02-04T21:02:24","isFullCredit":false},{"lineNumber":8,"author":{"gitId":"WeiHeng2003"},"content":"","lastModifiedDate":"2026-02-04T21:02:24","isFullCredit":false},{"lineNumber":9,"author":{"gitId":"WeiHeng2003"},"content":"    public Ui() {","lastModifiedDate":"2026-02-04T21:02:24","isFullCredit":false},{"lineNumber":10,"author":{"gitId":"WeiHeng2003"},"content":"        this.scanner \u003d new Scanner(System.in);","lastModifiedDate":"2026-02-04T21:02:24","isFullCredit":false},{"lineNumber":11,"author":{"gitId":"WeiHeng2003"},"content":"    }","lastModifiedDate":"2026-02-04T21:02:24","isFullCredit":false},{"lineNumber":12,"author":{"gitId":"WeiHeng2003"},"content":"","lastModifiedDate":"2026-02-04T21:02:24","isFullCredit":false},{"lineNumber":13,"author":{"gitId":"WeiHeng2003"},"content":"    public void printBorder() {","lastModifiedDate":"2026-02-04T21:02:24","isFullCredit":false},{"lineNumber":14,"author":{"gitId":"WeiHeng2003"},"content":"        System.out.println(\"_______________________________________________________\");","lastModifiedDate":"2026-02-04T21:02:24","isFullCredit":false},{"lineNumber":15,"author":{"gitId":"WeiHeng2003"},"content":"    }","lastModifiedDate":"2026-02-04T21:02:24","isFullCredit":false},{"lineNumber":16,"author":{"gitId":"WeiHeng2003"},"content":"","lastModifiedDate":"2026-02-04T21:02:24","isFullCredit":false},{"lineNumber":17,"author":{"gitId":"WeiHeng2003"},"content":"    public void echo(String input) {","lastModifiedDate":"2026-02-04T21:02:24","isFullCredit":false},{"lineNumber":18,"author":{"gitId":"WeiHeng2003"},"content":"        printBorder();","lastModifiedDate":"2026-02-04T21:02:24","isFullCredit":false},{"lineNumber":19,"author":{"gitId":"WeiHeng2003"},"content":"        System.out.println(input);","lastModifiedDate":"2026-02-04T21:02:24","isFullCredit":false},{"lineNumber":20,"author":{"gitId":"WeiHeng2003"},"content":"        printBorder();","lastModifiedDate":"2026-02-04T21:02:24","isFullCredit":false},{"lineNumber":21,"author":{"gitId":"WeiHeng2003"},"content":"    }","lastModifiedDate":"2026-02-04T21:02:24","isFullCredit":false},{"lineNumber":22,"author":{"gitId":"WeiHeng2003"},"content":"","lastModifiedDate":"2026-02-04T21:02:24","isFullCredit":false},{"lineNumber":23,"author":{"gitId":"WeiHeng2003"},"content":"    public void printWelcome() {","lastModifiedDate":"2026-02-04T21:02:24","isFullCredit":false},{"lineNumber":24,"author":{"gitId":"WeiHeng2003"},"content":"        String logo \u003d","lastModifiedDate":"2026-02-04T21:02:24","isFullCredit":false},{"lineNumber":25,"author":{"gitId":"WeiHeng2003"},"content":"                \"  ____          _           \\n\" +","lastModifiedDate":"2026-02-04T21:02:24","isFullCredit":false},{"lineNumber":26,"author":{"gitId":"WeiHeng2003"},"content":"                        \" / ___|___   __| | ___ _   _ \\n\" +","lastModifiedDate":"2026-02-04T21:02:24","isFullCredit":false},{"lineNumber":27,"author":{"gitId":"WeiHeng2003"},"content":"                        \"| |   / _ \\\\ / _` |/ _ \\\\ | | |\\n\" +","lastModifiedDate":"2026-02-04T21:02:24","isFullCredit":false},{"lineNumber":28,"author":{"gitId":"WeiHeng2003"},"content":"                        \"| |__| (_) | (_| |  __/ |_| |\\n\" +","lastModifiedDate":"2026-02-04T21:02:24","isFullCredit":false},{"lineNumber":29,"author":{"gitId":"WeiHeng2003"},"content":"                        \" \\\\____\\\\___/ \\\\__,_|\\\\___|\\\\__, |\\n\" +","lastModifiedDate":"2026-02-04T21:02:24","isFullCredit":false},{"lineNumber":30,"author":{"gitId":"WeiHeng2003"},"content":"                        \"                        |___/ \\n\";","lastModifiedDate":"2026-02-04T21:02:24","isFullCredit":false},{"lineNumber":31,"author":{"gitId":"WeiHeng2003"},"content":"        System.out.println(\"Hello I\u0027m\\n\" + logo);","lastModifiedDate":"2026-02-04T21:02:24","isFullCredit":false},{"lineNumber":32,"author":{"gitId":"WeiHeng2003"},"content":"        System.out.println(\"What can I do for you?\");","lastModifiedDate":"2026-02-04T21:02:24","isFullCredit":false},{"lineNumber":33,"author":{"gitId":"WeiHeng2003"},"content":"        printBorder();","lastModifiedDate":"2026-02-04T21:02:24","isFullCredit":false},{"lineNumber":34,"author":{"gitId":"WeiHeng2003"},"content":"    }","lastModifiedDate":"2026-02-04T21:02:24","isFullCredit":false},{"lineNumber":35,"author":{"gitId":"WeiHeng2003"},"content":"","lastModifiedDate":"2026-02-04T21:02:24","isFullCredit":false},{"lineNumber":36,"author":{"gitId":"WeiHeng2003"},"content":"    public void printExit() {","lastModifiedDate":"2026-02-04T21:02:24","isFullCredit":false},{"lineNumber":37,"author":{"gitId":"WeiHeng2003"},"content":"        printBorder();","lastModifiedDate":"2026-02-04T21:02:24","isFullCredit":false},{"lineNumber":38,"author":{"gitId":"WeiHeng2003"},"content":"        System.out.println(\"Bye! See you again\");","lastModifiedDate":"2026-02-04T21:02:24","isFullCredit":false},{"lineNumber":39,"author":{"gitId":"WeiHeng2003"},"content":"        printBorder();","lastModifiedDate":"2026-02-04T21:02:24","isFullCredit":false},{"lineNumber":40,"author":{"gitId":"WeiHeng2003"},"content":"    }","lastModifiedDate":"2026-02-04T21:02:24","isFullCredit":false},{"lineNumber":41,"author":{"gitId":"WeiHeng2003"},"content":"","lastModifiedDate":"2026-02-04T21:02:24","isFullCredit":false},{"lineNumber":42,"author":{"gitId":"WeiHeng2003"},"content":"    public String getCommand() {","lastModifiedDate":"2026-02-04T21:02:24","isFullCredit":false},{"lineNumber":43,"author":{"gitId":"WeiHeng2003"},"content":"        return scanner.nextLine().trim();","lastModifiedDate":"2026-02-04T21:02:24","isFullCredit":false},{"lineNumber":44,"author":{"gitId":"WeiHeng2003"},"content":"    }","lastModifiedDate":"2026-02-04T21:02:24","isFullCredit":false},{"lineNumber":45,"author":{"gitId":"WeiHeng2003"},"content":"","lastModifiedDate":"2026-02-04T21:02:24","isFullCredit":false},{"lineNumber":46,"author":{"gitId":"WeiHeng2003"},"content":"    public void printAdded(TaskList tasks) {","lastModifiedDate":"2026-02-11T16:06:26","isFullCredit":false},{"lineNumber":47,"author":{"gitId":"WeiHeng2003"},"content":"        printBorder();","lastModifiedDate":"2026-02-05T01:13:13","isFullCredit":false},{"lineNumber":48,"author":{"gitId":"WeiHeng2003"},"content":"        System.out.println(\"I have added a new task!\");","lastModifiedDate":"2026-02-04T21:02:24","isFullCredit":false},{"lineNumber":49,"author":{"gitId":"WeiHeng2003"},"content":"        printList(tasks);","lastModifiedDate":"2026-02-04T21:02:24","isFullCredit":false},{"lineNumber":50,"author":{"gitId":"WeiHeng2003"},"content":"        printBorder();","lastModifiedDate":"2026-02-05T01:13:13","isFullCredit":false},{"lineNumber":51,"author":{"gitId":"WeiHeng2003"},"content":"    }","lastModifiedDate":"2026-02-04T21:02:24","isFullCredit":false},{"lineNumber":52,"author":{"gitId":"WeiHeng2003"},"content":"","lastModifiedDate":"2026-02-04T21:02:24","isFullCredit":false},{"lineNumber":53,"author":{"gitId":"WeiHeng2003"},"content":"    public void printRemoved(TaskList tasks) {","lastModifiedDate":"2026-02-11T16:06:26","isFullCredit":false},{"lineNumber":54,"author":{"gitId":"WeiHeng2003"},"content":"        printBorder();","lastModifiedDate":"2026-02-05T01:13:13","isFullCredit":false},{"lineNumber":55,"author":{"gitId":"WeiHeng2003"},"content":"        System.out.println(\"I have removed the task!\");","lastModifiedDate":"2026-02-04T21:02:24","isFullCredit":false},{"lineNumber":56,"author":{"gitId":"WeiHeng2003"},"content":"        printList(tasks);","lastModifiedDate":"2026-02-04T21:02:24","isFullCredit":false},{"lineNumber":57,"author":{"gitId":"WeiHeng2003"},"content":"        printBorder();","lastModifiedDate":"2026-02-05T01:13:13","isFullCredit":false},{"lineNumber":58,"author":{"gitId":"WeiHeng2003"},"content":"    }","lastModifiedDate":"2026-02-04T21:02:24","isFullCredit":false},{"lineNumber":59,"author":{"gitId":"WeiHeng2003"},"content":"","lastModifiedDate":"2026-02-04T21:02:24","isFullCredit":false},{"lineNumber":60,"author":{"gitId":"WeiHeng2003"},"content":"    public void printList(TaskList tasks) {","lastModifiedDate":"2026-02-04T21:02:24","isFullCredit":false},{"lineNumber":61,"author":{"gitId":"WeiHeng2003"},"content":"        printBorder();","lastModifiedDate":"2026-02-05T01:13:13","isFullCredit":false},{"lineNumber":62,"author":{"gitId":"WeiHeng2003"},"content":"        if (tasks.getSize() \u003d\u003d 0) {","lastModifiedDate":"2026-02-04T21:02:24","isFullCredit":false},{"lineNumber":63,"author":{"gitId":"WeiHeng2003"},"content":"            System.out.println(\"List is empty!\");","lastModifiedDate":"2026-02-04T21:02:24","isFullCredit":false},{"lineNumber":64,"author":{"gitId":"WeiHeng2003"},"content":"        } else {","lastModifiedDate":"2026-02-04T21:02:24","isFullCredit":false},{"lineNumber":65,"author":{"gitId":"WeiHeng2003"},"content":"            System.out.println(\"Here is your Task List!\");","lastModifiedDate":"2026-02-04T21:02:24","isFullCredit":false},{"lineNumber":66,"author":{"gitId":"WeiHeng2003"},"content":"            for (int i \u003d 0; i \u003c tasks.getSize(); i++) {","lastModifiedDate":"2026-02-04T21:02:24","isFullCredit":false},{"lineNumber":67,"author":{"gitId":"WeiHeng2003"},"content":"                System.out.println((i + 1) + \". \" + tasks.getTask(i));","lastModifiedDate":"2026-02-04T21:02:24","isFullCredit":false},{"lineNumber":68,"author":{"gitId":"WeiHeng2003"},"content":"            }","lastModifiedDate":"2026-02-04T21:02:24","isFullCredit":false},{"lineNumber":69,"author":{"gitId":"WeiHeng2003"},"content":"        }","lastModifiedDate":"2026-02-04T21:02:24","isFullCredit":false},{"lineNumber":70,"author":{"gitId":"WeiHeng2003"},"content":"        printBorder();","lastModifiedDate":"2026-02-05T01:13:13","isFullCredit":false},{"lineNumber":71,"author":{"gitId":"WeiHeng2003"},"content":"    }","lastModifiedDate":"2026-02-04T21:02:24","isFullCredit":false},{"lineNumber":72,"author":{"gitId":"WeiHeng2003"},"content":"","lastModifiedDate":"2026-02-05T01:13:13","isFullCredit":false},{"lineNumber":73,"author":{"gitId":"WeiHeng2003"},"content":"    public void printMark(TaskList taskList) {","lastModifiedDate":"2026-02-05T01:13:13","isFullCredit":false},{"lineNumber":74,"author":{"gitId":"WeiHeng2003"},"content":"        printBorder();","lastModifiedDate":"2026-02-05T01:13:13","isFullCredit":false},{"lineNumber":75,"author":{"gitId":"WeiHeng2003"},"content":"        System.out.println(\"I have marked the task as done!\");","lastModifiedDate":"2026-02-05T01:13:13","isFullCredit":false},{"lineNumber":76,"author":{"gitId":"WeiHeng2003"},"content":"        printList(taskList);","lastModifiedDate":"2026-02-05T01:13:13","isFullCredit":false},{"lineNumber":77,"author":{"gitId":"WeiHeng2003"},"content":"    }","lastModifiedDate":"2026-02-05T01:13:13","isFullCredit":false},{"lineNumber":78,"author":{"gitId":"WeiHeng2003"},"content":"","lastModifiedDate":"2026-02-05T01:13:13","isFullCredit":false},{"lineNumber":79,"author":{"gitId":"WeiHeng2003"},"content":"    public void printUnmark(TaskList taskList) {","lastModifiedDate":"2026-02-05T01:13:13","isFullCredit":false},{"lineNumber":80,"author":{"gitId":"WeiHeng2003"},"content":"        printBorder();","lastModifiedDate":"2026-02-05T01:13:13","isFullCredit":false},{"lineNumber":81,"author":{"gitId":"WeiHeng2003"},"content":"        System.out.println(\"I have unmarked the task as done!\");","lastModifiedDate":"2026-02-05T01:13:13","isFullCredit":false},{"lineNumber":82,"author":{"gitId":"WeiHeng2003"},"content":"        printList(taskList);","lastModifiedDate":"2026-02-05T01:13:13","isFullCredit":false},{"lineNumber":83,"author":{"gitId":"WeiHeng2003"},"content":"    }","lastModifiedDate":"2026-02-05T01:13:13","isFullCredit":false},{"lineNumber":84,"author":{"gitId":"WeiHeng2003"},"content":"}","lastModifiedDate":"2026-02-04T21:02:24","isFullCredit":false}],"authorContributionMap":{"WeiHeng2003":84}},{"path":"text-ui-test/runtest.bat.txt","fileType":"txt","lines":[{"lineNumber":1,"author":{"gitId":"WeiHeng2003"},"content":"@ECHO OFF","lastModifiedDate":"2026-02-11T16:06:26","isFullCredit":false},{"lineNumber":2,"author":{"gitId":"WeiHeng2003"},"content":"","lastModifiedDate":"2026-02-11T16:06:26","isFullCredit":false},{"lineNumber":3,"author":{"gitId":"WeiHeng2003"},"content":"REM create bin directory if it doesn\u0027t exist","lastModifiedDate":"2026-02-11T16:06:26","isFullCredit":false},{"lineNumber":4,"author":{"gitId":"WeiHeng2003"},"content":"if not exist ..\\bin mkdir ..\\bin","lastModifiedDate":"2026-02-11T16:06:26","isFullCredit":false},{"lineNumber":5,"author":{"gitId":"WeiHeng2003"},"content":"","lastModifiedDate":"2026-02-11T16:06:26","isFullCredit":false},{"lineNumber":6,"author":{"gitId":"WeiHeng2003"},"content":"REM delete output from previous run","lastModifiedDate":"2026-02-11T16:06:26","isFullCredit":false},{"lineNumber":7,"author":{"gitId":"WeiHeng2003"},"content":"del ACTUAL.TXT","lastModifiedDate":"2026-02-11T16:06:26","isFullCredit":false},{"lineNumber":8,"author":{"gitId":"WeiHeng2003"},"content":"","lastModifiedDate":"2026-02-11T16:06:26","isFullCredit":false},{"lineNumber":9,"author":{"gitId":"WeiHeng2003"},"content":"REM compile the code into the bin folder","lastModifiedDate":"2026-02-11T16:06:26","isFullCredit":false},{"lineNumber":10,"author":{"gitId":"WeiHeng2003"},"content":"javac  C:\\Users\\tanwe\\ip\\src\\main","lastModifiedDate":"2026-02-11T16:06:26","isFullCredit":false},{"lineNumber":11,"author":{"gitId":"WeiHeng2003"},"content":"IF ERRORLEVEL 1 (","lastModifiedDate":"2026-02-11T16:06:26","isFullCredit":false},{"lineNumber":12,"author":{"gitId":"WeiHeng2003"},"content":"    echo ********** BUILD FAILURE **********","lastModifiedDate":"2026-02-11T16:06:26","isFullCredit":false},{"lineNumber":13,"author":{"gitId":"WeiHeng2003"},"content":"    exit /b 1","lastModifiedDate":"2026-02-11T16:06:26","isFullCredit":false},{"lineNumber":14,"author":{"gitId":"WeiHeng2003"},"content":")","lastModifiedDate":"2026-02-11T16:06:26","isFullCredit":false},{"lineNumber":15,"author":{"gitId":"WeiHeng2003"},"content":"REM no error here, errorlevel \u003d\u003d 0","lastModifiedDate":"2026-02-11T16:06:26","isFullCredit":false},{"lineNumber":16,"author":{"gitId":"WeiHeng2003"},"content":"","lastModifiedDate":"2026-02-11T16:06:26","isFullCredit":false},{"lineNumber":17,"author":{"gitId":"WeiHeng2003"},"content":"REM run the program, feed commands from input.txt file and redirect the output to the ACTUAL.TXT","lastModifiedDate":"2026-02-11T16:06:26","isFullCredit":false},{"lineNumber":18,"author":{"gitId":"WeiHeng2003"},"content":"java C:\\Users\\tanwe\\ip\\src\\main","lastModifiedDate":"2026-02-11T16:06:26","isFullCredit":false},{"lineNumber":19,"author":{"gitId":"WeiHeng2003"},"content":"","lastModifiedDate":"2026-02-11T16:06:26","isFullCredit":false},{"lineNumber":20,"author":{"gitId":"WeiHeng2003"},"content":"REM compare the output to the expected output","lastModifiedDate":"2026-02-11T16:06:26","isFullCredit":false},{"lineNumber":21,"author":{"gitId":"WeiHeng2003"},"content":"FC ACTUAL.TXT EXPECTED.TXT","lastModifiedDate":"2026-02-11T16:06:26","isFullCredit":false}],"authorContributionMap":{"WeiHeng2003":21}}]
