{"authorDailyContributionsMap":{"WeiHeng2003":[{"date":"2026-01-24T00:00:00","commitResults":[{"hash":"54d15d35f3f0b910af1e0525c8175b2b509a3c2f","isMergeCommit":false,"messageTitle":"Level 0: Rename, Greet, Exit","messageBody":"","tags":["Level-0"],"fileTypesAndContributionMap":{"java":{"insertions":15,"deletions":10}}}]},{"date":"2026-01-25T00:00:00","commitResults":[{"hash":"e3790bd63b648f1481cf74ade2c106bb405a928a","isMergeCommit":false,"messageTitle":"Changed codeStyles for switch case","messageBody":"","fileTypesAndContributionMap":{"java":{"insertions":23,"deletions":2}}},{"hash":"bd91ed821e37fead6a8cb6daa7dc284f40133cf0","isMergeCommit":false,"messageTitle":"Revert \"Changed codeStyles for switch case\"","messageBody":"This reverts commit e3790bd63b648f1481cf74ade2c106bb405a928a.\n","fileTypesAndContributionMap":{"java":{"insertions":2,"deletions":23}}},{"hash":"3bdfb9fe310307c85935122414a35cfae705147b","isMergeCommit":false,"messageTitle":"Reapply \"Changed codeStyles for switch case\"","messageBody":"This reverts commit bd91ed821e37fead6a8cb6daa7dc284f40133cf0.\n","fileTypesAndContributionMap":{"java":{"insertions":23,"deletions":2}}},{"hash":"27ca527b072f831cb9ad91a91719fc448e82b7a9","isMergeCommit":false,"messageTitle":"Added echo and exit message","messageBody":"","tags":["Level-1"],"fileTypesAndContributionMap":{"java":{"insertions":1,"deletions":0}}},{"hash":"d1a22efe3a4e60b03bb2ee7cbee2579ca7539988","isMergeCommit":false,"messageTitle":"Added ability to store text input by users and display when requested","messageBody":"","tags":["Level-2"],"fileTypesAndContributionMap":{"java":{"insertions":32,"deletions":7}}}]},{"date":"2026-01-26T00:00:00","commitResults":[{"hash":"c4fd057ff7b1331252c01c89e60c8e10214213d5","isMergeCommit":false,"messageTitle":"added Task class and ability to mark tasks as done","messageBody":"","tags":["Level-3"],"fileTypesAndContributionMap":{"java":{"insertions":54,"deletions":12}}}]}]},"authorFileTypeContributionMap":{"WeiHeng2003":{"java":104,"md":0,"fxml":0,"sh":0,"bat":0,"gradle":0,"txt":0}},"authorContributionVariance":{"WeiHeng2003":880.4692},"authorDisplayNameMap":{"WeiHeng2003":"CS2113-T11-3 TAN ..HENG"}}
