[{"path":"src/main/java/Lukas.java","fileType":"java","lines":[{"lineNumber":1,"author":{"gitId":"WenJunYu5984"},"content":"import java.util.Scanner;","lastModifiedDate":"2026-01-28T11:48:47","isFullCredit":false},{"lineNumber":2,"author":{"gitId":"WenJunYu5984"},"content":"","lastModifiedDate":"2026-01-28T11:48:47","isFullCredit":false},{"lineNumber":3,"author":{"gitId":"WenJunYu5984"},"content":"import lukas.task.Deadline;","lastModifiedDate":"2026-02-08T16:58:32","isFullCredit":false},{"lineNumber":4,"author":{"gitId":"WenJunYu5984"},"content":"import lukas.task.Event;","lastModifiedDate":"2026-02-08T16:58:32","isFullCredit":false},{"lineNumber":5,"author":{"gitId":"WenJunYu5984"},"content":"import lukas.task.Task;","lastModifiedDate":"2026-02-08T16:58:32","isFullCredit":false},{"lineNumber":6,"author":{"gitId":"WenJunYu5984"},"content":"import lukas.task.ToDo;","lastModifiedDate":"2026-02-08T16:58:32","isFullCredit":false},{"lineNumber":7,"author":{"gitId":"WenJunYu5984"},"content":"import lukas.ui.Ui;","lastModifiedDate":"2026-02-08T16:58:32","isFullCredit":false},{"lineNumber":8,"author":{"gitId":"WenJunYu5984"},"content":"","lastModifiedDate":"2026-02-08T16:58:32","isFullCredit":false},{"lineNumber":9,"author":{"gitId":"WenJunYu5984"},"content":"public class Lukas {","lastModifiedDate":"2026-01-19T18:07:07","isFullCredit":false},{"lineNumber":10,"author":{"gitId":"WenJunYu5984"},"content":"    private static final int MAX_NUMBER \u003d 100;","lastModifiedDate":"2026-02-08T16:58:32","isFullCredit":false},{"lineNumber":11,"author":{"gitId":"WenJunYu5984"},"content":"    private static final Task[] list \u003d new Task[MAX_NUMBER];","lastModifiedDate":"2026-02-08T17:26:55","isFullCredit":false},{"lineNumber":12,"author":{"gitId":"WenJunYu5984"},"content":"    private static int listCount \u003d 0;","lastModifiedDate":"2026-02-01T14:34:09","isFullCredit":false},{"lineNumber":13,"author":{"gitId":"WenJunYu5984"},"content":"","lastModifiedDate":"2026-01-28T11:48:47","isFullCredit":false},{"lineNumber":14,"author":{"gitId":"WenJunYu5984"},"content":"    public static void main(String[] args) {","lastModifiedDate":"2026-02-01T14:34:09","isFullCredit":false},{"lineNumber":15,"author":{"gitId":"WenJunYu5984"},"content":"        Ui.showWelcome();","lastModifiedDate":"2026-02-01T14:34:09","isFullCredit":false},{"lineNumber":16,"author":{"gitId":"WenJunYu5984"},"content":"        Scanner message \u003d new Scanner(System.in);","lastModifiedDate":"2026-01-28T11:48:47","isFullCredit":false},{"lineNumber":17,"author":{"gitId":"WenJunYu5984"},"content":"","lastModifiedDate":"2026-01-28T11:48:47","isFullCredit":false},{"lineNumber":18,"author":{"gitId":"WenJunYu5984"},"content":"        while (true) {","lastModifiedDate":"2026-01-28T11:48:47","isFullCredit":false},{"lineNumber":19,"author":{"gitId":"WenJunYu5984"},"content":"            String input \u003d message.nextLine().trim();","lastModifiedDate":"2026-02-08T16:58:32","isFullCredit":false},{"lineNumber":20,"author":{"gitId":"WenJunYu5984"},"content":"            if (input.equals(\"bye\")) {","lastModifiedDate":"2026-01-28T11:48:47","isFullCredit":false},{"lineNumber":21,"author":{"gitId":"WenJunYu5984"},"content":"                Ui.showGoodbye();","lastModifiedDate":"2026-02-01T14:34:09","isFullCredit":false},{"lineNumber":22,"author":{"gitId":"WenJunYu5984"},"content":"                message.close();","lastModifiedDate":"2026-02-08T16:58:32","isFullCredit":false},{"lineNumber":23,"author":{"gitId":"WenJunYu5984"},"content":"                return;","lastModifiedDate":"2026-02-08T16:58:32","isFullCredit":false},{"lineNumber":24,"author":{"gitId":"WenJunYu5984"},"content":"            }","lastModifiedDate":"2026-02-08T16:58:32","isFullCredit":false},{"lineNumber":25,"author":{"gitId":"WenJunYu5984"},"content":"","lastModifiedDate":"2026-02-08T16:58:32","isFullCredit":false},{"lineNumber":26,"author":{"gitId":"WenJunYu5984"},"content":"            try {","lastModifiedDate":"2026-02-08T16:58:32","isFullCredit":false},{"lineNumber":27,"author":{"gitId":"WenJunYu5984"},"content":"                commandLine(input);","lastModifiedDate":"2026-02-08T16:58:32","isFullCredit":false},{"lineNumber":28,"author":{"gitId":"WenJunYu5984"},"content":"            } catch (LukasException error) {","lastModifiedDate":"2026-02-08T16:58:32","isFullCredit":false},{"lineNumber":29,"author":{"gitId":"WenJunYu5984"},"content":"                System.out.println(\"    Oops!!\" + error.getMessage());","lastModifiedDate":"2026-02-08T16:58:32","isFullCredit":false},{"lineNumber":30,"author":{"gitId":"WenJunYu5984"},"content":"                Ui.showLine();","lastModifiedDate":"2026-02-08T16:58:32","isFullCredit":false},{"lineNumber":31,"author":{"gitId":"WenJunYu5984"},"content":"            }","lastModifiedDate":"2026-02-08T16:58:32","isFullCredit":false},{"lineNumber":32,"author":{"gitId":"WenJunYu5984"},"content":"        }","lastModifiedDate":"2026-02-08T16:58:32","isFullCredit":false},{"lineNumber":33,"author":{"gitId":"WenJunYu5984"},"content":"    }","lastModifiedDate":"2026-02-08T16:58:32","isFullCredit":false},{"lineNumber":34,"author":{"gitId":"WenJunYu5984"},"content":"","lastModifiedDate":"2026-02-08T16:58:32","isFullCredit":false},{"lineNumber":35,"author":{"gitId":"WenJunYu5984"},"content":"    private static void commandLine(String input) throws LukasException {","lastModifiedDate":"2026-02-08T16:58:32","isFullCredit":false},{"lineNumber":36,"author":{"gitId":"WenJunYu5984"},"content":"        Ui.showLine();","lastModifiedDate":"2026-02-08T16:58:32","isFullCredit":false},{"lineNumber":37,"author":{"gitId":"WenJunYu5984"},"content":"        if (input.equals(\"list\")) {","lastModifiedDate":"2026-02-08T16:58:32","isFullCredit":false},{"lineNumber":38,"author":{"gitId":"WenJunYu5984"},"content":"            Ui.showList(list, listCount);","lastModifiedDate":"2026-02-01T14:34:09","isFullCredit":false},{"lineNumber":39,"author":{"gitId":"WenJunYu5984"},"content":"        } else if (!input.startsWith(\"mark\") \u0026\u0026 !input.startsWith(\"unmark\")) {","lastModifiedDate":"2026-02-08T16:58:32","isFullCredit":false},{"lineNumber":40,"author":{"gitId":"WenJunYu5984"},"content":"            if (input.startsWith(\"todo\")) {","lastModifiedDate":"2026-02-08T16:58:32","isFullCredit":false},{"lineNumber":41,"author":{"gitId":"WenJunYu5984"},"content":"                handleTodo(input);","lastModifiedDate":"2026-02-08T16:58:32","isFullCredit":false},{"lineNumber":42,"author":{"gitId":"WenJunYu5984"},"content":"            } else if (input.startsWith(\"deadline\")) {","lastModifiedDate":"2026-02-01T14:34:09","isFullCredit":false},{"lineNumber":43,"author":{"gitId":"WenJunYu5984"},"content":"                handleDeadline(input);","lastModifiedDate":"2026-02-08T16:58:32","isFullCredit":false},{"lineNumber":44,"author":{"gitId":"WenJunYu5984"},"content":"            } else {","lastModifiedDate":"2026-02-08T16:58:32","isFullCredit":false},{"lineNumber":45,"author":{"gitId":"WenJunYu5984"},"content":"                if (!input.startsWith(\"event\")) {","lastModifiedDate":"2026-02-08T16:58:32","isFullCredit":false},{"lineNumber":46,"author":{"gitId":"WenJunYu5984"},"content":"                    throw new LukasException(\" I\u0027m sorry, but I don\u0027t know what you mean :( Try todo, deadline, or event instead.\");","lastModifiedDate":"2026-02-08T16:58:32","isFullCredit":false},{"lineNumber":47,"author":{"gitId":"WenJunYu5984"},"content":"                }","lastModifiedDate":"2026-02-08T16:58:32","isFullCredit":false},{"lineNumber":48,"author":{"gitId":"WenJunYu5984"},"content":"","lastModifiedDate":"2026-02-08T16:58:32","isFullCredit":false},{"lineNumber":49,"author":{"gitId":"WenJunYu5984"},"content":"                handleEvent(input);","lastModifiedDate":"2026-02-08T16:58:32","isFullCredit":false},{"lineNumber":50,"author":{"gitId":"WenJunYu5984"},"content":"            }","lastModifiedDate":"2026-02-08T16:58:32","isFullCredit":false},{"lineNumber":51,"author":{"gitId":"WenJunYu5984"},"content":"        } else {","lastModifiedDate":"2026-01-28T11:48:47","isFullCredit":false},{"lineNumber":52,"author":{"gitId":"WenJunYu5984"},"content":"            handleMark(input);","lastModifiedDate":"2026-02-08T16:58:32","isFullCredit":false},{"lineNumber":53,"author":{"gitId":"WenJunYu5984"},"content":"        }","lastModifiedDate":"2026-01-28T11:48:47","isFullCredit":false},{"lineNumber":54,"author":{"gitId":"WenJunYu5984"},"content":"","lastModifiedDate":"2026-01-28T11:48:47","isFullCredit":false},{"lineNumber":55,"author":{"gitId":"WenJunYu5984"},"content":"        Ui.showLine();","lastModifiedDate":"2026-02-08T16:51:00","isFullCredit":false},{"lineNumber":56,"author":{"gitId":"WenJunYu5984"},"content":"    }","lastModifiedDate":"2026-02-08T15:55:58","isFullCredit":false},{"lineNumber":57,"author":{"gitId":"WenJunYu5984"},"content":"","lastModifiedDate":"2026-02-08T15:55:58","isFullCredit":false},{"lineNumber":58,"author":{"gitId":"WenJunYu5984"},"content":"    private static void handleEvent(String input) throws LukasException {","lastModifiedDate":"2026-02-08T16:58:32","isFullCredit":false},{"lineNumber":59,"author":{"gitId":"WenJunYu5984"},"content":"        if (input.trim().equalsIgnoreCase(\"event\")) {","lastModifiedDate":"2026-02-08T16:58:32","isFullCredit":false},{"lineNumber":60,"author":{"gitId":"WenJunYu5984"},"content":"            throw new LukasException(\" There must be a task when using event command.\");","lastModifiedDate":"2026-02-08T16:58:32","isFullCredit":false},{"lineNumber":61,"author":{"gitId":"WenJunYu5984"},"content":"        } else if (input.contains(\" /from \") \u0026\u0026 input.contains(\" /to \")) {","lastModifiedDate":"2026-02-08T16:58:32","isFullCredit":false},{"lineNumber":62,"author":{"gitId":"WenJunYu5984"},"content":"            String[] parts \u003d input.substring(6).split(\" /from \", 2);","lastModifiedDate":"2026-02-08T16:58:32","isFullCredit":false},{"lineNumber":63,"author":{"gitId":"WenJunYu5984"},"content":"            String description \u003d parts[0].trim();","lastModifiedDate":"2026-02-08T16:58:32","isFullCredit":false},{"lineNumber":64,"author":{"gitId":"WenJunYu5984"},"content":"            if (description.isEmpty()) {","lastModifiedDate":"2026-02-08T16:58:32","isFullCredit":false},{"lineNumber":65,"author":{"gitId":"WenJunYu5984"},"content":"                throw new LukasException(\" There must be a task when using event command. Try entering some task after typing event\");","lastModifiedDate":"2026-02-08T16:58:32","isFullCredit":false},{"lineNumber":66,"author":{"gitId":"WenJunYu5984"},"content":"            } else {","lastModifiedDate":"2026-02-08T16:58:32","isFullCredit":false},{"lineNumber":67,"author":{"gitId":"WenJunYu5984"},"content":"                String[] timeParts \u003d parts[1].split(\" /to \", 2);","lastModifiedDate":"2026-02-08T16:58:32","isFullCredit":false},{"lineNumber":68,"author":{"gitId":"WenJunYu5984"},"content":"                if (timeParts.length \u003e\u003d 2 \u0026\u0026 !timeParts[0].trim().isEmpty() \u0026\u0026 !timeParts[1].trim().isEmpty()) {","lastModifiedDate":"2026-02-08T16:58:32","isFullCredit":false},{"lineNumber":69,"author":{"gitId":"WenJunYu5984"},"content":"                    addTask(new Event(description, timeParts[0].trim(), timeParts[1].trim()));","lastModifiedDate":"2026-02-08T16:58:32","isFullCredit":false},{"lineNumber":70,"author":{"gitId":"WenJunYu5984"},"content":"                } else {","lastModifiedDate":"2026-02-08T16:58:32","isFullCredit":false},{"lineNumber":71,"author":{"gitId":"WenJunYu5984"},"content":"                    throw new LukasException(\" You missed the start or end time of the event!\");","lastModifiedDate":"2026-02-08T16:58:32","isFullCredit":false},{"lineNumber":72,"author":{"gitId":"WenJunYu5984"},"content":"                }","lastModifiedDate":"2026-02-08T16:58:32","isFullCredit":false},{"lineNumber":73,"author":{"gitId":"WenJunYu5984"},"content":"            }","lastModifiedDate":"2026-02-08T16:58:32","isFullCredit":false},{"lineNumber":74,"author":{"gitId":"WenJunYu5984"},"content":"        } else {","lastModifiedDate":"2026-02-08T16:58:32","isFullCredit":false},{"lineNumber":75,"author":{"gitId":"WenJunYu5984"},"content":"            throw new LukasException(\" Format error! Use: event \u003ctask\u003e /from \u003cstart\u003e and /to \u003cfinish\u003e\");","lastModifiedDate":"2026-02-08T16:58:32","isFullCredit":false},{"lineNumber":76,"author":{"gitId":"WenJunYu5984"},"content":"        }","lastModifiedDate":"2026-02-08T16:58:32","isFullCredit":false},{"lineNumber":77,"author":{"gitId":"WenJunYu5984"},"content":"    }","lastModifiedDate":"2026-02-08T16:58:32","isFullCredit":false},{"lineNumber":78,"author":{"gitId":"WenJunYu5984"},"content":"","lastModifiedDate":"2026-02-08T16:58:32","isFullCredit":false},{"lineNumber":79,"author":{"gitId":"WenJunYu5984"},"content":"    private static void handleDeadline(String input) throws LukasException {","lastModifiedDate":"2026-02-08T16:58:32","isFullCredit":false},{"lineNumber":80,"author":{"gitId":"WenJunYu5984"},"content":"        if (!input.contains(\" /by \")) {","lastModifiedDate":"2026-02-08T16:58:32","isFullCredit":false},{"lineNumber":81,"author":{"gitId":"WenJunYu5984"},"content":"            throw new LukasException(\" Using deadline command must be followed with a /by time. Use: deadline  \u003ctask\u003e /by \u003cday\u003e\");","lastModifiedDate":"2026-02-08T16:58:32","isFullCredit":false},{"lineNumber":82,"author":{"gitId":"WenJunYu5984"},"content":"        } else {","lastModifiedDate":"2026-02-08T16:58:32","isFullCredit":false},{"lineNumber":83,"author":{"gitId":"WenJunYu5984"},"content":"            String[] parts \u003d input.substring(9).split(\" /by \", 2);","lastModifiedDate":"2026-02-08T16:58:32","isFullCredit":false},{"lineNumber":84,"author":{"gitId":"WenJunYu5984"},"content":"            if (parts[0].trim().isEmpty()) {","lastModifiedDate":"2026-02-08T16:58:32","isFullCredit":false},{"lineNumber":85,"author":{"gitId":"WenJunYu5984"},"content":"                throw new LukasException(\" There must be a task when using deadline command. Try entering some task when using deadline\");","lastModifiedDate":"2026-02-08T16:58:32","isFullCredit":false},{"lineNumber":86,"author":{"gitId":"WenJunYu5984"},"content":"            } else {","lastModifiedDate":"2026-02-08T16:58:32","isFullCredit":false},{"lineNumber":87,"author":{"gitId":"WenJunYu5984"},"content":"                addTask(new Deadline(parts[0].trim(), parts[1].trim()));","lastModifiedDate":"2026-02-08T16:58:32","isFullCredit":false},{"lineNumber":88,"author":{"gitId":"WenJunYu5984"},"content":"            }","lastModifiedDate":"2026-02-08T16:58:32","isFullCredit":false},{"lineNumber":89,"author":{"gitId":"WenJunYu5984"},"content":"        }","lastModifiedDate":"2026-02-08T16:58:32","isFullCredit":false},{"lineNumber":90,"author":{"gitId":"WenJunYu5984"},"content":"    }","lastModifiedDate":"2026-02-08T16:58:32","isFullCredit":false},{"lineNumber":91,"author":{"gitId":"WenJunYu5984"},"content":"","lastModifiedDate":"2026-02-08T16:58:32","isFullCredit":false},{"lineNumber":92,"author":{"gitId":"WenJunYu5984"},"content":"    private static void handleTodo(String input) throws LukasException {","lastModifiedDate":"2026-02-08T16:58:32","isFullCredit":false},{"lineNumber":93,"author":{"gitId":"WenJunYu5984"},"content":"        String description \u003d input.replaceFirst(\"todo\", \"\").trim();","lastModifiedDate":"2026-02-08T16:58:32","isFullCredit":false},{"lineNumber":94,"author":{"gitId":"WenJunYu5984"},"content":"        if (description.isEmpty()) {","lastModifiedDate":"2026-02-08T16:58:32","isFullCredit":false},{"lineNumber":95,"author":{"gitId":"WenJunYu5984"},"content":"            throw new LukasException(\" todo command cannot be empty. Please add a task after todo\");","lastModifiedDate":"2026-02-08T16:58:32","isFullCredit":false},{"lineNumber":96,"author":{"gitId":"WenJunYu5984"},"content":"        } else {","lastModifiedDate":"2026-02-08T16:58:32","isFullCredit":false},{"lineNumber":97,"author":{"gitId":"WenJunYu5984"},"content":"            addTask(new ToDo(description));","lastModifiedDate":"2026-02-08T16:58:32","isFullCredit":false},{"lineNumber":98,"author":{"gitId":"WenJunYu5984"},"content":"        }","lastModifiedDate":"2026-02-08T16:58:32","isFullCredit":false},{"lineNumber":99,"author":{"gitId":"WenJunYu5984"},"content":"    }","lastModifiedDate":"2026-02-08T15:55:58","isFullCredit":false},{"lineNumber":100,"author":{"gitId":"WenJunYu5984"},"content":"","lastModifiedDate":"2026-02-08T15:55:58","isFullCredit":false},{"lineNumber":101,"author":{"gitId":"WenJunYu5984"},"content":"    private static void addTask(Task task) {","lastModifiedDate":"2026-02-01T14:34:09","isFullCredit":false},{"lineNumber":102,"author":{"gitId":"WenJunYu5984"},"content":"        list[listCount++] \u003d task;","lastModifiedDate":"2026-02-01T14:34:09","isFullCredit":false},{"lineNumber":103,"author":{"gitId":"WenJunYu5984"},"content":"        Ui.showAdded(task, listCount);","lastModifiedDate":"2026-02-01T14:34:09","isFullCredit":false},{"lineNumber":104,"author":{"gitId":"WenJunYu5984"},"content":"    }","lastModifiedDate":"2026-02-01T14:34:09","isFullCredit":false},{"lineNumber":105,"author":{"gitId":"WenJunYu5984"},"content":"","lastModifiedDate":"2026-02-01T14:34:09","isFullCredit":false},{"lineNumber":106,"author":{"gitId":"WenJunYu5984"},"content":"    private static void handleMark(String input) throws LukasException {","lastModifiedDate":"2026-02-08T16:58:32","isFullCredit":false},{"lineNumber":107,"author":{"gitId":"WenJunYu5984"},"content":"        try {","lastModifiedDate":"2026-02-08T16:58:32","isFullCredit":false},{"lineNumber":108,"author":{"gitId":"WenJunYu5984"},"content":"            boolean isMark \u003d input.startsWith(\"mark\");","lastModifiedDate":"2026-02-08T16:58:32","isFullCredit":false},{"lineNumber":109,"author":{"gitId":"WenJunYu5984"},"content":"            String[] parts \u003d input.split(\" \");","lastModifiedDate":"2026-02-08T16:58:32","isFullCredit":false},{"lineNumber":110,"author":{"gitId":"WenJunYu5984"},"content":"            if (parts.length \u003c 2) {","lastModifiedDate":"2026-02-08T16:58:32","isFullCredit":false},{"lineNumber":111,"author":{"gitId":"WenJunYu5984"},"content":"                throw new LukasException(\" Which task to mark? Try: mark (number)\");","lastModifiedDate":"2026-02-08T16:58:32","isFullCredit":false},{"lineNumber":112,"author":{"gitId":"WenJunYu5984"},"content":"            } else {","lastModifiedDate":"2026-02-08T16:58:32","isFullCredit":false},{"lineNumber":113,"author":{"gitId":"WenJunYu5984"},"content":"                int idx \u003d Integer.parseInt(parts[1]) - 1;","lastModifiedDate":"2026-02-08T16:58:32","isFullCredit":false},{"lineNumber":114,"author":{"gitId":"WenJunYu5984"},"content":"                if (idx \u003e\u003d 0 \u0026\u0026 idx \u003c listCount) {","lastModifiedDate":"2026-02-08T16:58:32","isFullCredit":false},{"lineNumber":115,"author":{"gitId":"WenJunYu5984"},"content":"                    if (isMark) {","lastModifiedDate":"2026-02-01T14:34:09","isFullCredit":false},{"lineNumber":116,"author":{"gitId":"WenJunYu5984"},"content":"                        list[idx].markAsDone();","lastModifiedDate":"2026-02-01T14:34:09","isFullCredit":false},{"lineNumber":117,"author":{"gitId":"WenJunYu5984"},"content":"                        System.out.println(\"    Good Job on completing the task! Task is now marked as done:\");","lastModifiedDate":"2026-02-01T14:34:09","isFullCredit":false},{"lineNumber":118,"author":{"gitId":"WenJunYu5984"},"content":"                    } else {","lastModifiedDate":"2026-02-01T14:34:09","isFullCredit":false},{"lineNumber":119,"author":{"gitId":"WenJunYu5984"},"content":"                        list[idx].unmarkAsDone();","lastModifiedDate":"2026-02-01T14:34:09","isFullCredit":false},{"lineNumber":120,"author":{"gitId":"WenJunYu5984"},"content":"                        System.out.println(\"    Oh no! Looks like you have 1 more task to do! This task is now marked as not done yet:\");","lastModifiedDate":"2026-02-01T14:34:09","isFullCredit":false},{"lineNumber":121,"author":{"gitId":"WenJunYu5984"},"content":"                    }","lastModifiedDate":"2026-02-01T14:34:09","isFullCredit":false},{"lineNumber":122,"author":{"gitId":"WenJunYu5984"},"content":"","lastModifiedDate":"2026-02-08T16:58:32","isFullCredit":false},{"lineNumber":123,"author":{"gitId":"WenJunYu5984"},"content":"                    Task var10001 \u003d list[idx];","lastModifiedDate":"2026-02-08T16:58:32","isFullCredit":false},{"lineNumber":124,"author":{"gitId":"WenJunYu5984"},"content":"                    System.out.println(\"    \" + var10001);","lastModifiedDate":"2026-02-08T17:26:55","isFullCredit":false},{"lineNumber":125,"author":{"gitId":"WenJunYu5984"},"content":"                } else {","lastModifiedDate":"2026-02-08T16:58:32","isFullCredit":false},{"lineNumber":126,"author":{"gitId":"WenJunYu5984"},"content":"                    throw new LukasException(\" That task number does not exist. You have \" + listCount + \" tasks\");","lastModifiedDate":"2026-02-08T16:58:32","isFullCredit":false},{"lineNumber":127,"author":{"gitId":"WenJunYu5984"},"content":"                }","lastModifiedDate":"2026-02-08T16:58:32","isFullCredit":false},{"lineNumber":128,"author":{"gitId":"WenJunYu5984"},"content":"            }","lastModifiedDate":"2026-02-08T16:58:32","isFullCredit":false},{"lineNumber":129,"author":{"gitId":"WenJunYu5984"},"content":"        } catch (NumberFormatException var4) {","lastModifiedDate":"2026-02-08T16:58:32","isFullCredit":false},{"lineNumber":130,"author":{"gitId":"WenJunYu5984"},"content":"            throw new LukasException(\" Please use a number to represent the task. For example: mark 1\");","lastModifiedDate":"2026-02-08T16:58:32","isFullCredit":false},{"lineNumber":131,"author":{"gitId":"WenJunYu5984"},"content":"        }","lastModifiedDate":"2026-02-08T16:58:32","isFullCredit":false},{"lineNumber":132,"author":{"gitId":"WenJunYu5984"},"content":"    }","lastModifiedDate":"2026-02-01T14:34:09","isFullCredit":false},{"lineNumber":133,"author":{"gitId":"WenJunYu5984"},"content":"}","lastModifiedDate":"2026-01-19T18:07:07","isFullCredit":false}],"authorContributionMap":{"WenJunYu5984":133}},{"path":"src/main/java/LukasException.java","fileType":"java","lines":[{"lineNumber":1,"author":{"gitId":"WenJunYu5984"},"content":"public class LukasException extends Exception {","lastModifiedDate":"2026-02-08T16:58:32","isFullCredit":false},{"lineNumber":2,"author":{"gitId":"WenJunYu5984"},"content":"    public LukasException(String message) {","lastModifiedDate":"2026-02-08T16:58:32","isFullCredit":false},{"lineNumber":3,"author":{"gitId":"WenJunYu5984"},"content":"        super(message);","lastModifiedDate":"2026-02-08T16:58:32","isFullCredit":false},{"lineNumber":4,"author":{"gitId":"WenJunYu5984"},"content":"    }","lastModifiedDate":"2026-02-08T16:58:32","isFullCredit":false},{"lineNumber":5,"author":{"gitId":"WenJunYu5984"},"content":"}","lastModifiedDate":"2026-02-08T16:58:32","isFullCredit":false}],"authorContributionMap":{"WenJunYu5984":5}},{"path":"src/main/java/lukas/task/Deadline.java","fileType":"java","lines":[{"lineNumber":1,"author":{"gitId":"WenJunYu5984"},"content":"package lukas.task;","lastModifiedDate":"2026-02-08T16:58:32","isFullCredit":false},{"lineNumber":2,"author":{"gitId":"WenJunYu5984"},"content":"","lastModifiedDate":"2026-02-08T16:58:32","isFullCredit":false},{"lineNumber":3,"author":{"gitId":"WenJunYu5984"},"content":"public class Deadline extends Task {","lastModifiedDate":"2026-02-01T14:34:09","isFullCredit":false},{"lineNumber":4,"author":{"gitId":"WenJunYu5984"},"content":"    protected String by;","lastModifiedDate":"2026-02-01T14:34:09","isFullCredit":false},{"lineNumber":5,"author":{"gitId":"WenJunYu5984"},"content":"","lastModifiedDate":"2026-02-01T14:34:09","isFullCredit":false},{"lineNumber":6,"author":{"gitId":"WenJunYu5984"},"content":"    public Deadline(String description, String by) {","lastModifiedDate":"2026-02-01T14:34:09","isFullCredit":false},{"lineNumber":7,"author":{"gitId":"WenJunYu5984"},"content":"        super(description);","lastModifiedDate":"2026-02-01T14:34:09","isFullCredit":false},{"lineNumber":8,"author":{"gitId":"WenJunYu5984"},"content":"        this.by \u003d by;","lastModifiedDate":"2026-02-01T14:34:09","isFullCredit":false},{"lineNumber":9,"author":{"gitId":"WenJunYu5984"},"content":"    }","lastModifiedDate":"2026-02-01T14:34:09","isFullCredit":false},{"lineNumber":10,"author":{"gitId":"WenJunYu5984"},"content":"","lastModifiedDate":"2026-02-01T14:37:24","isFullCredit":false},{"lineNumber":11,"author":{"gitId":"WenJunYu5984"},"content":"    @Override","lastModifiedDate":"2026-02-01T14:34:09","isFullCredit":false},{"lineNumber":12,"author":{"gitId":"WenJunYu5984"},"content":"    public String toString() {","lastModifiedDate":"2026-02-01T14:34:09","isFullCredit":false},{"lineNumber":13,"author":{"gitId":"WenJunYu5984"},"content":"        return \"[D]\" + super.toString() + \" (by: \" + by + \")\";","lastModifiedDate":"2026-02-01T14:34:09","isFullCredit":false},{"lineNumber":14,"author":{"gitId":"WenJunYu5984"},"content":"    }","lastModifiedDate":"2026-02-01T14:34:09","isFullCredit":false},{"lineNumber":15,"author":{"gitId":"WenJunYu5984"},"content":"}","lastModifiedDate":"2026-02-01T14:34:09","isFullCredit":false}],"authorContributionMap":{"WenJunYu5984":15}},{"path":"src/main/java/lukas/task/Event.java","fileType":"java","lines":[{"lineNumber":1,"author":{"gitId":"WenJunYu5984"},"content":"package lukas.task;","lastModifiedDate":"2026-02-08T16:58:32","isFullCredit":false},{"lineNumber":2,"author":{"gitId":"WenJunYu5984"},"content":"","lastModifiedDate":"2026-02-08T16:58:32","isFullCredit":false},{"lineNumber":3,"author":{"gitId":"WenJunYu5984"},"content":"public class Event extends Task {","lastModifiedDate":"2026-02-01T14:34:09","isFullCredit":false},{"lineNumber":4,"author":{"gitId":"WenJunYu5984"},"content":"    protected String from;","lastModifiedDate":"2026-02-01T14:34:09","isFullCredit":false},{"lineNumber":5,"author":{"gitId":"WenJunYu5984"},"content":"    protected String to;","lastModifiedDate":"2026-02-01T14:34:09","isFullCredit":false},{"lineNumber":6,"author":{"gitId":"WenJunYu5984"},"content":"","lastModifiedDate":"2026-02-01T14:34:09","isFullCredit":false},{"lineNumber":7,"author":{"gitId":"WenJunYu5984"},"content":"    public Event(String description, String from, String to) {","lastModifiedDate":"2026-02-01T14:34:09","isFullCredit":false},{"lineNumber":8,"author":{"gitId":"WenJunYu5984"},"content":"        super(description);","lastModifiedDate":"2026-02-01T14:34:09","isFullCredit":false},{"lineNumber":9,"author":{"gitId":"WenJunYu5984"},"content":"        this.from \u003d from;","lastModifiedDate":"2026-02-01T14:34:09","isFullCredit":false},{"lineNumber":10,"author":{"gitId":"WenJunYu5984"},"content":"        this.to \u003d to;","lastModifiedDate":"2026-02-01T14:34:09","isFullCredit":false},{"lineNumber":11,"author":{"gitId":"WenJunYu5984"},"content":"    }","lastModifiedDate":"2026-02-01T14:34:09","isFullCredit":false},{"lineNumber":12,"author":{"gitId":"WenJunYu5984"},"content":"","lastModifiedDate":"2026-02-01T14:37:24","isFullCredit":false},{"lineNumber":13,"author":{"gitId":"WenJunYu5984"},"content":"    @Override","lastModifiedDate":"2026-02-01T14:34:09","isFullCredit":false},{"lineNumber":14,"author":{"gitId":"WenJunYu5984"},"content":"    public String toString() {","lastModifiedDate":"2026-02-01T14:34:09","isFullCredit":false},{"lineNumber":15,"author":{"gitId":"WenJunYu5984"},"content":"        return \"[E]\" + super.toString() + \" (from: \" + from + \" to: \" + to + \")\";","lastModifiedDate":"2026-02-01T14:34:09","isFullCredit":false},{"lineNumber":16,"author":{"gitId":"WenJunYu5984"},"content":"    }","lastModifiedDate":"2026-02-01T14:34:09","isFullCredit":false},{"lineNumber":17,"author":{"gitId":"WenJunYu5984"},"content":"}","lastModifiedDate":"2026-02-01T14:34:09","isFullCredit":false}],"authorContributionMap":{"WenJunYu5984":17}},{"path":"src/main/java/lukas/task/Task.java","fileType":"java","lines":[{"lineNumber":1,"author":{"gitId":"WenJunYu5984"},"content":"package lukas.task;","lastModifiedDate":"2026-02-08T16:58:32","isFullCredit":false},{"lineNumber":2,"author":{"gitId":"WenJunYu5984"},"content":"","lastModifiedDate":"2026-02-08T16:58:32","isFullCredit":false},{"lineNumber":3,"author":{"gitId":"WenJunYu5984"},"content":"public class Task {","lastModifiedDate":"2026-01-28T15:33:17","isFullCredit":false},{"lineNumber":4,"author":{"gitId":"WenJunYu5984"},"content":"    protected String description;","lastModifiedDate":"2026-01-28T15:33:17","isFullCredit":false},{"lineNumber":5,"author":{"gitId":"WenJunYu5984"},"content":"    protected boolean isDone;","lastModifiedDate":"2026-01-28T15:33:17","isFullCredit":false},{"lineNumber":6,"author":{"gitId":"WenJunYu5984"},"content":"","lastModifiedDate":"2026-01-28T15:33:17","isFullCredit":false},{"lineNumber":7,"author":{"gitId":"WenJunYu5984"},"content":"    public Task(String description) {","lastModifiedDate":"2026-01-28T15:33:17","isFullCredit":false},{"lineNumber":8,"author":{"gitId":"WenJunYu5984"},"content":"        this.description \u003d description;","lastModifiedDate":"2026-01-28T15:33:17","isFullCredit":false},{"lineNumber":9,"author":{"gitId":"WenJunYu5984"},"content":"        this.isDone \u003d false;","lastModifiedDate":"2026-01-28T15:33:17","isFullCredit":false},{"lineNumber":10,"author":{"gitId":"WenJunYu5984"},"content":"    }","lastModifiedDate":"2026-01-28T15:33:17","isFullCredit":false},{"lineNumber":11,"author":{"gitId":"WenJunYu5984"},"content":"","lastModifiedDate":"2026-01-28T15:33:17","isFullCredit":false},{"lineNumber":12,"author":{"gitId":"WenJunYu5984"},"content":"    public String getStatusIcon() {","lastModifiedDate":"2026-01-28T15:33:17","isFullCredit":false},{"lineNumber":13,"author":{"gitId":"WenJunYu5984"},"content":"        return (isDone ? \"X\" : \" \");","lastModifiedDate":"2026-01-28T15:33:17","isFullCredit":false},{"lineNumber":14,"author":{"gitId":"WenJunYu5984"},"content":"    }","lastModifiedDate":"2026-01-28T15:33:17","isFullCredit":false},{"lineNumber":15,"author":{"gitId":"WenJunYu5984"},"content":"","lastModifiedDate":"2026-01-28T15:33:17","isFullCredit":false},{"lineNumber":16,"author":{"gitId":"WenJunYu5984"},"content":"    public void markAsDone() {","lastModifiedDate":"2026-01-28T15:33:17","isFullCredit":false},{"lineNumber":17,"author":{"gitId":"WenJunYu5984"},"content":"        this.isDone \u003d true;","lastModifiedDate":"2026-01-28T15:33:17","isFullCredit":false},{"lineNumber":18,"author":{"gitId":"WenJunYu5984"},"content":"    }","lastModifiedDate":"2026-01-28T15:33:17","isFullCredit":false},{"lineNumber":19,"author":{"gitId":"WenJunYu5984"},"content":"","lastModifiedDate":"2026-01-28T15:33:17","isFullCredit":false},{"lineNumber":20,"author":{"gitId":"WenJunYu5984"},"content":"    public void unmarkAsDone() {","lastModifiedDate":"2026-01-28T15:33:17","isFullCredit":false},{"lineNumber":21,"author":{"gitId":"WenJunYu5984"},"content":"        this.isDone \u003d false;","lastModifiedDate":"2026-01-28T15:33:17","isFullCredit":false},{"lineNumber":22,"author":{"gitId":"WenJunYu5984"},"content":"    }","lastModifiedDate":"2026-01-28T15:33:17","isFullCredit":false},{"lineNumber":23,"author":{"gitId":"WenJunYu5984"},"content":"","lastModifiedDate":"2026-01-28T15:33:17","isFullCredit":false},{"lineNumber":24,"author":{"gitId":"WenJunYu5984"},"content":"    @Override","lastModifiedDate":"2026-02-01T14:34:09","isFullCredit":false},{"lineNumber":25,"author":{"gitId":"WenJunYu5984"},"content":"    public String toString() {","lastModifiedDate":"2026-02-01T14:34:09","isFullCredit":false},{"lineNumber":26,"author":{"gitId":"WenJunYu5984"},"content":"        return \"[\" + getStatusIcon() + \"] \" + description;","lastModifiedDate":"2026-01-28T15:33:17","isFullCredit":false},{"lineNumber":27,"author":{"gitId":"WenJunYu5984"},"content":"    }","lastModifiedDate":"2026-01-28T15:33:17","isFullCredit":false},{"lineNumber":28,"author":{"gitId":"WenJunYu5984"},"content":"}","lastModifiedDate":"2026-01-28T15:33:17","isFullCredit":false}],"authorContributionMap":{"WenJunYu5984":28}},{"path":"src/main/java/lukas/task/ToDo.java","fileType":"java","lines":[{"lineNumber":1,"author":{"gitId":"WenJunYu5984"},"content":"package lukas.task;","lastModifiedDate":"2026-02-08T16:58:32","isFullCredit":false},{"lineNumber":2,"author":{"gitId":"WenJunYu5984"},"content":"","lastModifiedDate":"2026-02-08T16:58:32","isFullCredit":false},{"lineNumber":3,"author":{"gitId":"WenJunYu5984"},"content":"public class ToDo extends Task {","lastModifiedDate":"2026-02-01T14:37:24","isFullCredit":false},{"lineNumber":4,"author":{"gitId":"WenJunYu5984"},"content":"    public ToDo(String description) {","lastModifiedDate":"2026-02-01T14:37:24","isFullCredit":false},{"lineNumber":5,"author":{"gitId":"WenJunYu5984"},"content":"        super(description);","lastModifiedDate":"2026-02-01T14:34:09","isFullCredit":false},{"lineNumber":6,"author":{"gitId":"WenJunYu5984"},"content":"    }","lastModifiedDate":"2026-02-01T14:34:09","isFullCredit":false},{"lineNumber":7,"author":{"gitId":"WenJunYu5984"},"content":"","lastModifiedDate":"2026-02-01T14:37:24","isFullCredit":false},{"lineNumber":8,"author":{"gitId":"WenJunYu5984"},"content":"    @Override","lastModifiedDate":"2026-02-01T14:34:09","isFullCredit":false},{"lineNumber":9,"author":{"gitId":"WenJunYu5984"},"content":"    public String toString() {","lastModifiedDate":"2026-02-01T14:34:09","isFullCredit":false},{"lineNumber":10,"author":{"gitId":"WenJunYu5984"},"content":"        return \"[T]\" + super.toString();","lastModifiedDate":"2026-02-01T14:34:09","isFullCredit":false},{"lineNumber":11,"author":{"gitId":"WenJunYu5984"},"content":"    }","lastModifiedDate":"2026-02-01T14:34:09","isFullCredit":false},{"lineNumber":12,"author":{"gitId":"WenJunYu5984"},"content":"}","lastModifiedDate":"2026-02-01T14:34:09","isFullCredit":false}],"authorContributionMap":{"WenJunYu5984":12}},{"path":"src/main/java/lukas/ui/Ui.java","fileType":"java","lines":[{"lineNumber":1,"author":{"gitId":"WenJunYu5984"},"content":"package lukas.ui;","lastModifiedDate":"2026-02-08T16:58:32","isFullCredit":false},{"lineNumber":2,"author":{"gitId":"WenJunYu5984"},"content":"","lastModifiedDate":"2026-02-08T16:58:32","isFullCredit":false},{"lineNumber":3,"author":{"gitId":"WenJunYu5984"},"content":"import lukas.task.Task;","lastModifiedDate":"2026-02-08T16:58:32","isFullCredit":false},{"lineNumber":4,"author":{"gitId":"WenJunYu5984"},"content":"","lastModifiedDate":"2026-02-08T16:58:32","isFullCredit":false},{"lineNumber":5,"author":{"gitId":"WenJunYu5984"},"content":"public class Ui {","lastModifiedDate":"2026-02-01T14:34:09","isFullCredit":false},{"lineNumber":6,"author":{"gitId":"WenJunYu5984"},"content":"    private static final String LINE \u003d \"    _________________________________________\";","lastModifiedDate":"2026-02-01T14:34:09","isFullCredit":false},{"lineNumber":7,"author":{"gitId":"WenJunYu5984"},"content":"","lastModifiedDate":"2026-02-01T14:34:09","isFullCredit":false},{"lineNumber":8,"author":{"gitId":"WenJunYu5984"},"content":"    public static void showLine() {","lastModifiedDate":"2026-02-01T14:34:09","isFullCredit":false},{"lineNumber":9,"author":{"gitId":"WenJunYu5984"},"content":"        System.out.println(LINE);","lastModifiedDate":"2026-02-01T14:34:09","isFullCredit":false},{"lineNumber":10,"author":{"gitId":"WenJunYu5984"},"content":"    }","lastModifiedDate":"2026-02-01T14:34:09","isFullCredit":false},{"lineNumber":11,"author":{"gitId":"WenJunYu5984"},"content":"","lastModifiedDate":"2026-02-01T14:34:09","isFullCredit":false},{"lineNumber":12,"author":{"gitId":"WenJunYu5984"},"content":"    public static void showWelcome() {","lastModifiedDate":"2026-02-01T14:34:09","isFullCredit":false},{"lineNumber":13,"author":{"gitId":"WenJunYu5984"},"content":"        showLine();","lastModifiedDate":"2026-02-01T14:34:09","isFullCredit":false},{"lineNumber":14,"author":{"gitId":"WenJunYu5984"},"content":"        System.out.println(\"    Hello I\u0027m Lukas\");","lastModifiedDate":"2026-02-01T14:34:09","isFullCredit":false},{"lineNumber":15,"author":{"gitId":"WenJunYu5984"},"content":"        System.out.println(\"    What can I do for you?\");","lastModifiedDate":"2026-02-01T14:34:09","isFullCredit":false},{"lineNumber":16,"author":{"gitId":"WenJunYu5984"},"content":"        showLine();","lastModifiedDate":"2026-02-01T14:34:09","isFullCredit":false},{"lineNumber":17,"author":{"gitId":"WenJunYu5984"},"content":"    }","lastModifiedDate":"2026-02-01T14:34:09","isFullCredit":false},{"lineNumber":18,"author":{"gitId":"WenJunYu5984"},"content":"","lastModifiedDate":"2026-02-01T14:34:09","isFullCredit":false},{"lineNumber":19,"author":{"gitId":"WenJunYu5984"},"content":"    public static void showGoodbye() {","lastModifiedDate":"2026-02-01T14:34:09","isFullCredit":false},{"lineNumber":20,"author":{"gitId":"WenJunYu5984"},"content":"        System.out.println(\"    Bye! See you later, alligator!\");","lastModifiedDate":"2026-02-01T14:34:09","isFullCredit":false},{"lineNumber":21,"author":{"gitId":"WenJunYu5984"},"content":"        showLine();","lastModifiedDate":"2026-02-01T14:34:09","isFullCredit":false},{"lineNumber":22,"author":{"gitId":"WenJunYu5984"},"content":"    }","lastModifiedDate":"2026-02-01T14:34:09","isFullCredit":false},{"lineNumber":23,"author":{"gitId":"WenJunYu5984"},"content":"","lastModifiedDate":"2026-02-01T14:34:09","isFullCredit":false},{"lineNumber":24,"author":{"gitId":"WenJunYu5984"},"content":"    public static void showAdded(Task task, int count) {","lastModifiedDate":"2026-02-01T14:34:09","isFullCredit":false},{"lineNumber":25,"author":{"gitId":"WenJunYu5984"},"content":"        System.out.println(\"    Got it. I\u0027ve added this task:\");","lastModifiedDate":"2026-02-01T14:34:09","isFullCredit":false},{"lineNumber":26,"author":{"gitId":"WenJunYu5984"},"content":"        System.out.println(\"      \" + task);","lastModifiedDate":"2026-02-01T14:34:09","isFullCredit":false},{"lineNumber":27,"author":{"gitId":"WenJunYu5984"},"content":"        System.out.println(\"    Now you have \" + count + \" tasks in the list.\");","lastModifiedDate":"2026-02-01T14:34:09","isFullCredit":false},{"lineNumber":28,"author":{"gitId":"WenJunYu5984"},"content":"    }","lastModifiedDate":"2026-02-01T14:34:09","isFullCredit":false},{"lineNumber":29,"author":{"gitId":"WenJunYu5984"},"content":"","lastModifiedDate":"2026-02-01T14:34:09","isFullCredit":false},{"lineNumber":30,"author":{"gitId":"WenJunYu5984"},"content":"    public static void showList(Task[] list, int count) {","lastModifiedDate":"2026-02-01T14:34:09","isFullCredit":false},{"lineNumber":31,"author":{"gitId":"WenJunYu5984"},"content":"        System.out.println(\"    Here are the tasks in your list:\");","lastModifiedDate":"2026-02-01T14:34:09","isFullCredit":false},{"lineNumber":32,"author":{"gitId":"WenJunYu5984"},"content":"        for (int i \u003d 0; i \u003c count; i++) {","lastModifiedDate":"2026-02-01T14:34:09","isFullCredit":false},{"lineNumber":33,"author":{"gitId":"WenJunYu5984"},"content":"            System.out.println(\"    \" + (i + 1) + \".\" + list[i]);","lastModifiedDate":"2026-02-01T14:34:09","isFullCredit":false},{"lineNumber":34,"author":{"gitId":"WenJunYu5984"},"content":"        }","lastModifiedDate":"2026-02-01T14:34:09","isFullCredit":false},{"lineNumber":35,"author":{"gitId":"WenJunYu5984"},"content":"    }","lastModifiedDate":"2026-02-01T14:34:09","isFullCredit":false},{"lineNumber":36,"author":{"gitId":"WenJunYu5984"},"content":"}","lastModifiedDate":"2026-02-01T14:34:09","isFullCredit":false}],"authorContributionMap":{"WenJunYu5984":36}},{"path":"text-ui-test/runtest.bat","fileType":"bat","lines":[{"lineNumber":1,"author":{"gitId":"-"},"content":"@ECHO OFF","lastModifiedDate":"2020-05-25T00:03:55","isFullCredit":false},{"lineNumber":2,"author":{"gitId":"-"},"content":"","lastModifiedDate":"2020-05-25T00:03:55","isFullCredit":false},{"lineNumber":3,"author":{"gitId":"-"},"content":"REM create bin directory if it doesn\u0027t exist","lastModifiedDate":"2020-05-25T00:03:55","isFullCredit":false},{"lineNumber":4,"author":{"gitId":"-"},"content":"if not exist ..\\bin mkdir ..\\bin","lastModifiedDate":"2020-05-25T00:03:55","isFullCredit":false},{"lineNumber":5,"author":{"gitId":"-"},"content":"","lastModifiedDate":"2020-05-25T00:03:55","isFullCredit":false},{"lineNumber":6,"author":{"gitId":"-"},"content":"REM delete output from previous run","lastModifiedDate":"2020-05-25T00:03:55","isFullCredit":false},{"lineNumber":7,"author":{"gitId":"-"},"content":"if exist ACTUAL.TXT del ACTUAL.TXT","lastModifiedDate":"2020-08-25T17:23:26","isFullCredit":false},{"lineNumber":8,"author":{"gitId":"-"},"content":"","lastModifiedDate":"2020-05-25T00:03:55","isFullCredit":false},{"lineNumber":9,"author":{"gitId":"-"},"content":"REM compile the code into the bin folder","lastModifiedDate":"2020-05-25T00:03:55","isFullCredit":false},{"lineNumber":10,"author":{"gitId":"-"},"content":"javac  -cp ..\\src\\main\\java -Xlint:none -d ..\\bin ..\\src\\main\\java\\*.java","lastModifiedDate":"2020-08-25T17:23:26","isFullCredit":false},{"lineNumber":11,"author":{"gitId":"-"},"content":"IF ERRORLEVEL 1 (","lastModifiedDate":"2020-05-25T00:03:55","isFullCredit":false},{"lineNumber":12,"author":{"gitId":"-"},"content":"    echo ********** BUILD FAILURE **********","lastModifiedDate":"2020-05-25T00:03:55","isFullCredit":false},{"lineNumber":13,"author":{"gitId":"-"},"content":"    exit /b 1","lastModifiedDate":"2020-05-25T00:03:55","isFullCredit":false},{"lineNumber":14,"author":{"gitId":"-"},"content":")","lastModifiedDate":"2020-05-25T00:03:55","isFullCredit":false},{"lineNumber":15,"author":{"gitId":"-"},"content":"REM no error here, errorlevel \u003d\u003d 0","lastModifiedDate":"2020-05-25T00:03:55","isFullCredit":false},{"lineNumber":16,"author":{"gitId":"-"},"content":"","lastModifiedDate":"2020-05-25T00:03:55","isFullCredit":false},{"lineNumber":17,"author":{"gitId":"-"},"content":"REM run the program, feed commands from input.txt file and redirect the output to the ACTUAL.TXT","lastModifiedDate":"2020-05-25T00:03:55","isFullCredit":false},{"lineNumber":18,"author":{"gitId":"WenJunYu5984"},"content":"java -classpath ..\\bin Lukas \u003c input.txt \u003e ACTUAL.TXT","lastModifiedDate":"2026-02-01T14:34:09","isFullCredit":false},{"lineNumber":19,"author":{"gitId":"-"},"content":"","lastModifiedDate":"2020-05-25T00:03:55","isFullCredit":false},{"lineNumber":20,"author":{"gitId":"-"},"content":"REM compare the output to the expected output","lastModifiedDate":"2020-05-25T00:03:55","isFullCredit":false},{"lineNumber":21,"author":{"gitId":"-"},"content":"FC ACTUAL.TXT EXPECTED.TXT","lastModifiedDate":"2020-05-25T00:03:55","isFullCredit":false}],"authorContributionMap":{"WenJunYu5984":1,"-":20}},{"path":"text-ui-test/runtest.sh","fileType":"sh","lines":[{"lineNumber":1,"author":{"gitId":"-"},"content":"#!/usr/bin/env bash","lastModifiedDate":"2020-05-25T00:03:55","isFullCredit":false},{"lineNumber":2,"author":{"gitId":"-"},"content":"","lastModifiedDate":"2020-05-25T00:03:55","isFullCredit":false},{"lineNumber":3,"author":{"gitId":"-"},"content":"# create bin directory if it doesn\u0027t exist","lastModifiedDate":"2020-05-25T00:03:55","isFullCredit":false},{"lineNumber":4,"author":{"gitId":"-"},"content":"if [ ! -d \"../bin\" ]","lastModifiedDate":"2020-05-25T00:03:55","isFullCredit":false},{"lineNumber":5,"author":{"gitId":"-"},"content":"then","lastModifiedDate":"2020-05-25T00:03:55","isFullCredit":false},{"lineNumber":6,"author":{"gitId":"-"},"content":"    mkdir ../bin","lastModifiedDate":"2020-05-25T00:03:55","isFullCredit":false},{"lineNumber":7,"author":{"gitId":"-"},"content":"fi","lastModifiedDate":"2020-05-25T00:03:55","isFullCredit":false},{"lineNumber":8,"author":{"gitId":"-"},"content":"","lastModifiedDate":"2020-05-25T00:03:55","isFullCredit":false},{"lineNumber":9,"author":{"gitId":"-"},"content":"# delete output from previous run","lastModifiedDate":"2020-05-25T00:03:55","isFullCredit":false},{"lineNumber":10,"author":{"gitId":"-"},"content":"if [ -e \"./ACTUAL.TXT\" ]","lastModifiedDate":"2020-05-25T00:03:55","isFullCredit":false},{"lineNumber":11,"author":{"gitId":"-"},"content":"then","lastModifiedDate":"2020-05-25T00:03:55","isFullCredit":false},{"lineNumber":12,"author":{"gitId":"-"},"content":"    rm ACTUAL.TXT","lastModifiedDate":"2020-05-25T00:03:55","isFullCredit":false},{"lineNumber":13,"author":{"gitId":"-"},"content":"fi","lastModifiedDate":"2020-05-25T00:03:55","isFullCredit":false},{"lineNumber":14,"author":{"gitId":"-"},"content":"","lastModifiedDate":"2020-05-25T00:03:55","isFullCredit":false},{"lineNumber":15,"author":{"gitId":"-"},"content":"# compile the code into the bin folder, terminates if error occurred","lastModifiedDate":"2020-05-25T00:03:55","isFullCredit":false},{"lineNumber":16,"author":{"gitId":"-"},"content":"if ! javac -cp ../src/main/java -Xlint:none -d ../bin ../src/main/java/*.java","lastModifiedDate":"2020-08-25T17:23:26","isFullCredit":false},{"lineNumber":17,"author":{"gitId":"-"},"content":"then","lastModifiedDate":"2020-05-25T00:03:55","isFullCredit":false},{"lineNumber":18,"author":{"gitId":"-"},"content":"    echo \"********** BUILD FAILURE **********\"","lastModifiedDate":"2020-05-25T00:03:55","isFullCredit":false},{"lineNumber":19,"author":{"gitId":"-"},"content":"    exit 1","lastModifiedDate":"2020-05-25T00:03:55","isFullCredit":false},{"lineNumber":20,"author":{"gitId":"-"},"content":"fi","lastModifiedDate":"2020-05-25T00:03:55","isFullCredit":false},{"lineNumber":21,"author":{"gitId":"-"},"content":"","lastModifiedDate":"2020-05-25T00:03:55","isFullCredit":false},{"lineNumber":22,"author":{"gitId":"-"},"content":"# run the program, feed commands from input.txt file and redirect the output to the ACTUAL.TXT","lastModifiedDate":"2020-05-25T00:03:55","isFullCredit":false},{"lineNumber":23,"author":{"gitId":"WenJunYu5984"},"content":"java -classpath ../bin Lukas \u003c input.txt \u003e ACTUAL.TXT","lastModifiedDate":"2026-02-01T14:34:09","isFullCredit":false},{"lineNumber":24,"author":{"gitId":"-"},"content":"","lastModifiedDate":"2020-05-25T00:03:55","isFullCredit":false},{"lineNumber":25,"author":{"gitId":"-"},"content":"# convert to UNIX format","lastModifiedDate":"2020-05-25T00:03:55","isFullCredit":false},{"lineNumber":26,"author":{"gitId":"-"},"content":"cp EXPECTED.TXT EXPECTED-UNIX.TXT","lastModifiedDate":"2020-05-25T00:03:55","isFullCredit":false},{"lineNumber":27,"author":{"gitId":"-"},"content":"dos2unix ACTUAL.TXT EXPECTED-UNIX.TXT","lastModifiedDate":"2020-05-25T00:03:55","isFullCredit":false},{"lineNumber":28,"author":{"gitId":"-"},"content":"","lastModifiedDate":"2020-05-25T00:03:55","isFullCredit":false},{"lineNumber":29,"author":{"gitId":"-"},"content":"# compare the output to the expected output","lastModifiedDate":"2020-05-25T00:03:55","isFullCredit":false},{"lineNumber":30,"author":{"gitId":"-"},"content":"diff ACTUAL.TXT EXPECTED-UNIX.TXT","lastModifiedDate":"2020-05-25T00:03:55","isFullCredit":false},{"lineNumber":31,"author":{"gitId":"-"},"content":"if [ $? -eq 0 ]","lastModifiedDate":"2020-05-25T00:03:55","isFullCredit":false},{"lineNumber":32,"author":{"gitId":"-"},"content":"then","lastModifiedDate":"2020-05-25T00:03:55","isFullCredit":false},{"lineNumber":33,"author":{"gitId":"-"},"content":"    echo \"Test result: PASSED\"","lastModifiedDate":"2020-05-25T00:03:55","isFullCredit":false},{"lineNumber":34,"author":{"gitId":"-"},"content":"    exit 0","lastModifiedDate":"2020-05-25T00:03:55","isFullCredit":false},{"lineNumber":35,"author":{"gitId":"-"},"content":"else","lastModifiedDate":"2020-05-25T00:03:55","isFullCredit":false},{"lineNumber":36,"author":{"gitId":"-"},"content":"    echo \"Test result: FAILED\"","lastModifiedDate":"2020-05-25T00:03:55","isFullCredit":false},{"lineNumber":37,"author":{"gitId":"-"},"content":"    exit 1","lastModifiedDate":"2020-05-25T00:03:55","isFullCredit":false},{"lineNumber":38,"author":{"gitId":"-"},"content":"fi","lastModifiedDate":"2020-05-25T00:03:55","isFullCredit":false}],"authorContributionMap":{"WenJunYu5984":1,"-":37}}]
