{"authorDailyContributionsMap":{"WenJunYu5984":[{"date":"2026-01-19T00:00:00","commitResults":[{"hash":"dc827314d47a1abbc92cfedd1ca746c0851d2896","isMergeCommit":false,"messageTitle":"Renamed file from Duke to Lukas with level 0 implementation","messageBody":"","tags":["Level-0"],"fileTypesAndContributionMap":{"java":{"insertions":11,"deletions":10}}}]},{"date":"2026-01-28T00:00:00","commitResults":[{"hash":"525b342dca42cb1cdfc45e931df2075f2a4d6005","isMergeCommit":false,"messageTitle":"Added level-1 to Lukas","messageBody":"","tags":["Level-1"],"fileTypesAndContributionMap":{"java":{"insertions":38,"deletions":5}}},{"hash":"2c7d51c201791fb5af0c8a46b58670f733d198f7","isMergeCommit":false,"messageTitle":"Removed echo function. Included ability to add messages to a list show full list. Level 2 completed","messageBody":"","tags":["Level-2"],"fileTypesAndContributionMap":{"java":{"insertions":3,"deletions":7}}},{"hash":"1c18530a9f66a09f1724023754834b94310214d0","isMergeCommit":false,"messageTitle":"Added new class Task to help with marking and unmarking tasks on list. Added the function to mark and unmark task on list.","messageBody":"","tags":["Level-3"],"fileTypesAndContributionMap":{"java":{"insertions":39,"deletions":3}}},{"hash":"748755c453656b5619fc43224fb741599ffc69ac","isMergeCommit":false,"messageTitle":"Adjustments to coding standards","messageBody":"","fileTypesAndContributionMap":{"java":{"insertions":8,"deletions":8}}}]},{"date":"2026-02-01T00:00:00","commitResults":[{"hash":"4739a3be8bb64eb954a0be790be2c2fe5ae5fa6c","isMergeCommit":false,"messageTitle":"Added ToDos, Events, Deadlines","messageBody":"","tags":["Level-4"],"fileTypesAndContributionMap":{"java":{"insertions":122,"deletions":43},"bat":{"insertions":1,"deletions":1},"sh":{"insertions":1,"deletions":1}}},{"hash":"2ea41c2381ae9891008673c4c249ab03f455943d","isMergeCommit":false,"messageTitle":"Code Quality improvements","messageBody":"","fileTypesAndContributionMap":{"java":{"insertions":57,"deletions":55}}}]}]},"authorFileTypeContributionMap":{"WenJunYu5984":{"java":157,"md":0,"fxml":0,"sh":1,"bat":1,"gradle":0,"txt":0}},"authorContributionVariance":{"WenJunYu5984":3525.6648},"authorDisplayNameMap":{"WenJunYu5984":"CS2113-T14-3 WEN ..N YU"}}
