[{"path":"src/main/java/chrono/Chrono.java","fileType":"java","lines":[{"lineNumber":1,"author":{"gitId":"Kushalshah0402"},"content":"package chrono;","lastModifiedDate":"2026-02-12T12:36:47","isFullCredit":false},{"lineNumber":2,"author":{"gitId":"Kushalshah0402"},"content":"import java.util.Scanner;","lastModifiedDate":"2026-01-24T22:47:03","isFullCredit":false},{"lineNumber":3,"author":{"gitId":"Kushalshah0402"},"content":"","lastModifiedDate":"2026-01-24T22:47:03","isFullCredit":false},{"lineNumber":4,"author":{"gitId":"Kushalshah0402"},"content":"import chrono.exception.ChronoException;","lastModifiedDate":"2026-02-12T12:36:47","isFullCredit":false},{"lineNumber":5,"author":{"gitId":"Kushalshah0402"},"content":"import chrono.task.Deadline;","lastModifiedDate":"2026-02-12T12:36:47","isFullCredit":false},{"lineNumber":6,"author":{"gitId":"Kushalshah0402"},"content":"import chrono.task.Event;","lastModifiedDate":"2026-02-12T12:36:47","isFullCredit":false},{"lineNumber":7,"author":{"gitId":"Kushalshah0402"},"content":"import chrono.task.Task;","lastModifiedDate":"2026-02-12T12:36:47","isFullCredit":false},{"lineNumber":8,"author":{"gitId":"Kushalshah0402"},"content":"import chrono.task.Todo;","lastModifiedDate":"2026-02-12T12:36:47","isFullCredit":false},{"lineNumber":9,"author":{"gitId":"Kushalshah0402"},"content":"","lastModifiedDate":"2026-02-12T12:36:47","isFullCredit":false},{"lineNumber":10,"author":{"gitId":"Kushalshah0402"},"content":"","lastModifiedDate":"2026-02-12T12:36:47","isFullCredit":false},{"lineNumber":11,"author":{"gitId":"Kushalshah0402"},"content":"public class Chrono {","lastModifiedDate":"2026-01-24T22:27:46","isFullCredit":false},{"lineNumber":12,"author":{"gitId":"Kushalshah0402"},"content":"    private static final int MAX_TASKS \u003d 100;","lastModifiedDate":"2026-01-31T14:26:41","isFullCredit":false},{"lineNumber":13,"author":{"gitId":"Kushalshah0402"},"content":"    private static final Task[] tasks \u003d new Task[MAX_TASKS];","lastModifiedDate":"2026-01-31T14:26:41","isFullCredit":false},{"lineNumber":14,"author":{"gitId":"Kushalshah0402"},"content":"    private static int taskCount \u003d 0;","lastModifiedDate":"2026-01-24T23:02:32","isFullCredit":false},{"lineNumber":15,"author":{"gitId":"Kushalshah0402"},"content":"","lastModifiedDate":"2026-02-07T15:33:30","isFullCredit":false},{"lineNumber":16,"author":{"gitId":"Kushalshah0402"},"content":"    private static final String LINE \u003d \"------------------------------------------------------------\";","lastModifiedDate":"2026-02-08T01:25:45","isFullCredit":false},{"lineNumber":17,"author":{"gitId":"Kushalshah0402"},"content":"    private static final String COMMAND_MARK \u003d \"mark \";","lastModifiedDate":"2026-02-07T15:33:30","isFullCredit":false},{"lineNumber":18,"author":{"gitId":"Kushalshah0402"},"content":"    private static final String COMMAND_UNMARK \u003d \"unmark \";","lastModifiedDate":"2026-02-07T15:33:30","isFullCredit":false},{"lineNumber":19,"author":{"gitId":"Kushalshah0402"},"content":"    private static final String COMMAND_TODO \u003d \"todo \";","lastModifiedDate":"2026-02-07T15:33:30","isFullCredit":false},{"lineNumber":20,"author":{"gitId":"Kushalshah0402"},"content":"    private static final String COMMAND_DEADLINE \u003d \"deadline \";","lastModifiedDate":"2026-02-07T15:33:30","isFullCredit":false},{"lineNumber":21,"author":{"gitId":"Kushalshah0402"},"content":"    private static final String COMMAND_EVENT \u003d \"event \";","lastModifiedDate":"2026-02-07T15:33:30","isFullCredit":false},{"lineNumber":22,"author":{"gitId":"Kushalshah0402"},"content":"    private static final String KEYWORD_BY \u003d \"/by\";","lastModifiedDate":"2026-02-07T15:33:30","isFullCredit":false},{"lineNumber":23,"author":{"gitId":"Kushalshah0402"},"content":"    private static final String KEYWORD_FROM \u003d \"/from\";","lastModifiedDate":"2026-02-07T15:33:30","isFullCredit":false},{"lineNumber":24,"author":{"gitId":"Kushalshah0402"},"content":"    private static final String KEYWORD_TO \u003d \"/to\";","lastModifiedDate":"2026-02-07T15:33:30","isFullCredit":false},{"lineNumber":25,"author":{"gitId":"Kushalshah0402"},"content":"","lastModifiedDate":"2026-01-24T23:02:32","isFullCredit":false},{"lineNumber":26,"author":{"gitId":"Kushalshah0402"},"content":"    public static void main(String[] args) {","lastModifiedDate":"2026-01-24T22:27:46","isFullCredit":false},{"lineNumber":27,"author":{"gitId":"Kushalshah0402"},"content":"        Scanner scanner \u003d new Scanner(System.in);","lastModifiedDate":"2026-01-24T22:47:03","isFullCredit":false},{"lineNumber":28,"author":{"gitId":"Kushalshah0402"},"content":"        printWelcome();","lastModifiedDate":"2026-01-31T20:01:48","isFullCredit":false},{"lineNumber":29,"author":{"gitId":"Kushalshah0402"},"content":"        while (true) {","lastModifiedDate":"2026-01-24T22:47:03","isFullCredit":false},{"lineNumber":30,"author":{"gitId":"Kushalshah0402"},"content":"            try {","lastModifiedDate":"2026-02-08T01:25:45","isFullCredit":false},{"lineNumber":31,"author":{"gitId":"Kushalshah0402"},"content":"                String input \u003d scanner.nextLine().trim();","lastModifiedDate":"2026-01-24T22:47:03","isFullCredit":false},{"lineNumber":32,"author":{"gitId":"Kushalshah0402"},"content":"                if (input.equalsIgnoreCase(\"bye\")) {","lastModifiedDate":"2026-01-24T22:47:03","isFullCredit":false},{"lineNumber":33,"author":{"gitId":"Kushalshah0402"},"content":"                    printGoodbye();","lastModifiedDate":"2026-01-31T20:01:48","isFullCredit":false},{"lineNumber":34,"author":{"gitId":"Kushalshah0402"},"content":"                    break;","lastModifiedDate":"2026-01-24T22:47:03","isFullCredit":false},{"lineNumber":35,"author":{"gitId":"Kushalshah0402"},"content":"                }","lastModifiedDate":"2026-01-24T22:47:03","isFullCredit":false},{"lineNumber":36,"author":{"gitId":"Kushalshah0402"},"content":"                handleCommand(input);","lastModifiedDate":"2026-01-31T20:01:48","isFullCredit":false},{"lineNumber":37,"author":{"gitId":"Kushalshah0402"},"content":"            } catch (ChronoException e) {","lastModifiedDate":"2026-02-08T01:25:45","isFullCredit":false},{"lineNumber":38,"author":{"gitId":"Kushalshah0402"},"content":"                printError(e.getMessage());","lastModifiedDate":"2026-02-08T01:25:45","isFullCredit":false},{"lineNumber":39,"author":{"gitId":"Kushalshah0402"},"content":"            }","lastModifiedDate":"2026-02-08T01:25:45","isFullCredit":false},{"lineNumber":40,"author":{"gitId":"Kushalshah0402"},"content":"        }","lastModifiedDate":"2026-01-31T20:01:48","isFullCredit":false},{"lineNumber":41,"author":{"gitId":"Kushalshah0402"},"content":"        scanner.close();","lastModifiedDate":"2026-01-31T20:01:48","isFullCredit":false},{"lineNumber":42,"author":{"gitId":"Kushalshah0402"},"content":"    }","lastModifiedDate":"2026-01-31T20:01:48","isFullCredit":false},{"lineNumber":43,"author":{"gitId":"Kushalshah0402"},"content":"","lastModifiedDate":"2026-01-31T14:26:41","isFullCredit":false},{"lineNumber":44,"author":{"gitId":"Kushalshah0402"},"content":"    private static void handleCommand(String input) throws ChronoException {","lastModifiedDate":"2026-02-08T01:25:45","isFullCredit":false},{"lineNumber":45,"author":{"gitId":"Kushalshah0402"},"content":"        if (input.equals(\"list\")) {","lastModifiedDate":"2026-02-08T01:25:45","isFullCredit":false},{"lineNumber":46,"author":{"gitId":"Kushalshah0402"},"content":"            handleList();","lastModifiedDate":"2026-01-31T20:01:48","isFullCredit":false},{"lineNumber":47,"author":{"gitId":"Kushalshah0402"},"content":"        } else if (input.startsWith(COMMAND_MARK)) {","lastModifiedDate":"2026-02-07T15:33:30","isFullCredit":false},{"lineNumber":48,"author":{"gitId":"Kushalshah0402"},"content":"            handleMark(input);","lastModifiedDate":"2026-01-31T20:01:48","isFullCredit":false},{"lineNumber":49,"author":{"gitId":"Kushalshah0402"},"content":"        } else if (input.startsWith(COMMAND_UNMARK)) {","lastModifiedDate":"2026-02-07T15:33:30","isFullCredit":false},{"lineNumber":50,"author":{"gitId":"Kushalshah0402"},"content":"            handleUnmark(input);","lastModifiedDate":"2026-01-31T20:01:48","isFullCredit":false},{"lineNumber":51,"author":{"gitId":"Kushalshah0402"},"content":"        } else if (input.startsWith(\"todo\")) {","lastModifiedDate":"2026-02-08T01:25:45","isFullCredit":false},{"lineNumber":52,"author":{"gitId":"Kushalshah0402"},"content":"            addTodo(input);","lastModifiedDate":"2026-01-31T20:01:48","isFullCredit":false},{"lineNumber":53,"author":{"gitId":"Kushalshah0402"},"content":"        } else if (input.startsWith(\"deadline\")) {","lastModifiedDate":"2026-02-08T01:25:45","isFullCredit":false},{"lineNumber":54,"author":{"gitId":"Kushalshah0402"},"content":"            addDeadline(input);","lastModifiedDate":"2026-01-31T20:01:48","isFullCredit":false},{"lineNumber":55,"author":{"gitId":"Kushalshah0402"},"content":"        } else if (input.startsWith(\"event\")) {","lastModifiedDate":"2026-02-08T01:25:45","isFullCredit":false},{"lineNumber":56,"author":{"gitId":"Kushalshah0402"},"content":"            addEvent(input);","lastModifiedDate":"2026-01-31T20:01:48","isFullCredit":false},{"lineNumber":57,"author":{"gitId":"Kushalshah0402"},"content":"        } else {","lastModifiedDate":"2026-01-31T20:01:48","isFullCredit":false},{"lineNumber":58,"author":{"gitId":"Kushalshah0402"},"content":"            throw new ChronoException(\"That\u0027s an invalid command :(\");","lastModifiedDate":"2026-02-08T01:25:45","isFullCredit":false},{"lineNumber":59,"author":{"gitId":"Kushalshah0402"},"content":"        }","lastModifiedDate":"2026-01-31T20:01:48","isFullCredit":false},{"lineNumber":60,"author":{"gitId":"Kushalshah0402"},"content":"    }","lastModifiedDate":"2026-01-31T20:01:48","isFullCredit":false},{"lineNumber":61,"author":{"gitId":"Kushalshah0402"},"content":"","lastModifiedDate":"2026-01-31T20:01:48","isFullCredit":false},{"lineNumber":62,"author":{"gitId":"Kushalshah0402"},"content":"    private static void handleList() {","lastModifiedDate":"2026-01-31T20:01:48","isFullCredit":false},{"lineNumber":63,"author":{"gitId":"Kushalshah0402"},"content":"        printLine();","lastModifiedDate":"2026-01-31T20:01:48","isFullCredit":false},{"lineNumber":64,"author":{"gitId":"Kushalshah0402"},"content":"        if (taskCount \u003d\u003d 0) {","lastModifiedDate":"2026-01-24T23:02:32","isFullCredit":false},{"lineNumber":65,"author":{"gitId":"Kushalshah0402"},"content":"            System.out.println(\"Yayyy!! You have no tasks :)\");","lastModifiedDate":"2026-02-08T01:34:15","isFullCredit":false},{"lineNumber":66,"author":{"gitId":"Kushalshah0402"},"content":"        } else {","lastModifiedDate":"2026-01-24T23:02:32","isFullCredit":false},{"lineNumber":67,"author":{"gitId":"Kushalshah0402"},"content":"            for (int i \u003d 0; i \u003c taskCount; i++) {","lastModifiedDate":"2026-01-24T23:02:32","isFullCredit":false},{"lineNumber":68,"author":{"gitId":"Kushalshah0402"},"content":"                System.out.println((i + 1) + \". \" + tasks[i]);","lastModifiedDate":"2026-01-24T23:02:32","isFullCredit":false},{"lineNumber":69,"author":{"gitId":"Kushalshah0402"},"content":"            }","lastModifiedDate":"2026-01-24T23:02:32","isFullCredit":false},{"lineNumber":70,"author":{"gitId":"Kushalshah0402"},"content":"        }","lastModifiedDate":"2026-01-24T23:02:32","isFullCredit":false},{"lineNumber":71,"author":{"gitId":"Kushalshah0402"},"content":"        printLine();","lastModifiedDate":"2026-01-31T20:01:48","isFullCredit":false},{"lineNumber":72,"author":{"gitId":"Kushalshah0402"},"content":"    }","lastModifiedDate":"2026-01-24T23:02:32","isFullCredit":false},{"lineNumber":73,"author":{"gitId":"Kushalshah0402"},"content":"","lastModifiedDate":"2026-01-31T14:26:41","isFullCredit":false},{"lineNumber":74,"author":{"gitId":"Kushalshah0402"},"content":"    private static void handleMark(String input) throws ChronoException {","lastModifiedDate":"2026-02-08T01:34:15","isFullCredit":false},{"lineNumber":75,"author":{"gitId":"Kushalshah0402"},"content":"        Task task \u003d getTaskFromIndex(input, COMMAND_MARK);","lastModifiedDate":"2026-02-08T01:34:15","isFullCredit":false},{"lineNumber":76,"author":{"gitId":"Kushalshah0402"},"content":"        task.markAsDone();","lastModifiedDate":"2026-02-08T01:34:15","isFullCredit":false},{"lineNumber":77,"author":{"gitId":"Kushalshah0402"},"content":"        printLine();","lastModifiedDate":"2026-01-31T20:01:48","isFullCredit":false},{"lineNumber":78,"author":{"gitId":"Kushalshah0402"},"content":"        System.out.println(\"Nice! I\u0027ve marked this task as done:\");","lastModifiedDate":"2026-02-08T01:34:15","isFullCredit":false},{"lineNumber":79,"author":{"gitId":"Kushalshah0402"},"content":"        System.out.println(\"    \" + task);","lastModifiedDate":"2026-02-08T01:34:15","isFullCredit":false},{"lineNumber":80,"author":{"gitId":"Kushalshah0402"},"content":"        printLine();","lastModifiedDate":"2026-01-31T20:01:48","isFullCredit":false},{"lineNumber":81,"author":{"gitId":"Kushalshah0402"},"content":"    }","lastModifiedDate":"2026-01-25T09:41:46","isFullCredit":false},{"lineNumber":82,"author":{"gitId":"Kushalshah0402"},"content":"","lastModifiedDate":"2026-02-07T15:33:30","isFullCredit":false},{"lineNumber":83,"author":{"gitId":"Kushalshah0402"},"content":"    private static void handleUnmark(String input) throws ChronoException {","lastModifiedDate":"2026-02-08T01:34:15","isFullCredit":false},{"lineNumber":84,"author":{"gitId":"Kushalshah0402"},"content":"        Task task \u003d getTaskFromIndex(input, COMMAND_UNMARK);","lastModifiedDate":"2026-02-08T01:34:15","isFullCredit":false},{"lineNumber":85,"author":{"gitId":"Kushalshah0402"},"content":"        task.markAsNotDone();","lastModifiedDate":"2026-02-08T01:34:15","isFullCredit":false},{"lineNumber":86,"author":{"gitId":"Kushalshah0402"},"content":"        printLine();","lastModifiedDate":"2026-01-31T20:01:48","isFullCredit":false},{"lineNumber":87,"author":{"gitId":"Kushalshah0402"},"content":"        System.out.println(\"Oops! I guess you have yet to do:\");","lastModifiedDate":"2026-02-08T01:34:15","isFullCredit":false},{"lineNumber":88,"author":{"gitId":"Kushalshah0402"},"content":"        System.out.println(\"    \" + task);","lastModifiedDate":"2026-02-08T01:34:15","isFullCredit":false},{"lineNumber":89,"author":{"gitId":"Kushalshah0402"},"content":"        printLine();","lastModifiedDate":"2026-01-31T20:01:48","isFullCredit":false},{"lineNumber":90,"author":{"gitId":"Kushalshah0402"},"content":"    }","lastModifiedDate":"2026-02-08T01:34:15","isFullCredit":false},{"lineNumber":91,"author":{"gitId":"Kushalshah0402"},"content":"","lastModifiedDate":"2026-02-08T01:34:15","isFullCredit":false},{"lineNumber":92,"author":{"gitId":"Kushalshah0402"},"content":"    private static Task getTaskFromIndex(String input, String command) throws ChronoException {","lastModifiedDate":"2026-02-08T01:34:15","isFullCredit":false},{"lineNumber":93,"author":{"gitId":"Kushalshah0402"},"content":"        try {","lastModifiedDate":"2026-02-08T01:34:15","isFullCredit":false},{"lineNumber":94,"author":{"gitId":"Kushalshah0402"},"content":"            int index \u003d Integer.parseInt(input.substring(command.length()).trim()) - 1;","lastModifiedDate":"2026-02-08T01:34:15","isFullCredit":false},{"lineNumber":95,"author":{"gitId":"Kushalshah0402"},"content":"            if (index \u003c 0 || index \u003e\u003d taskCount) {","lastModifiedDate":"2026-02-08T01:34:15","isFullCredit":false},{"lineNumber":96,"author":{"gitId":"Kushalshah0402"},"content":"                throw new ChronoException(\"That task number does not exist.\");","lastModifiedDate":"2026-02-08T09:45:46","isFullCredit":false},{"lineNumber":97,"author":{"gitId":"Kushalshah0402"},"content":"            }","lastModifiedDate":"2026-02-08T01:34:15","isFullCredit":false},{"lineNumber":98,"author":{"gitId":"Kushalshah0402"},"content":"            return tasks[index];","lastModifiedDate":"2026-02-08T01:34:15","isFullCredit":false},{"lineNumber":99,"author":{"gitId":"Kushalshah0402"},"content":"        } catch (NumberFormatException e) {","lastModifiedDate":"2026-02-08T01:34:15","isFullCredit":false},{"lineNumber":100,"author":{"gitId":"Kushalshah0402"},"content":"            throw new ChronoException(\"Please provide a valid task number.\");","lastModifiedDate":"2026-02-08T01:34:15","isFullCredit":false},{"lineNumber":101,"author":{"gitId":"Kushalshah0402"},"content":"        }","lastModifiedDate":"2026-01-25T09:41:46","isFullCredit":false},{"lineNumber":102,"author":{"gitId":"Kushalshah0402"},"content":"    }","lastModifiedDate":"2026-01-25T09:41:46","isFullCredit":false},{"lineNumber":103,"author":{"gitId":"Kushalshah0402"},"content":"","lastModifiedDate":"2026-01-31T14:26:41","isFullCredit":false},{"lineNumber":104,"author":{"gitId":"Kushalshah0402"},"content":"    private static void addTodo(String input) throws ChronoException {","lastModifiedDate":"2026-02-08T09:45:46","isFullCredit":false},{"lineNumber":105,"author":{"gitId":"Kushalshah0402"},"content":"        String description \u003d extractDescription(input, COMMAND_TODO);","lastModifiedDate":"2026-02-08T09:45:46","isFullCredit":false},{"lineNumber":106,"author":{"gitId":"Kushalshah0402"},"content":"        tasks[taskCount++] \u003d new Todo(description);","lastModifiedDate":"2026-01-31T20:01:48","isFullCredit":false},{"lineNumber":107,"author":{"gitId":"Kushalshah0402"},"content":"        printTaskAdded();","lastModifiedDate":"2026-01-31T20:01:48","isFullCredit":false},{"lineNumber":108,"author":{"gitId":"Kushalshah0402"},"content":"    }","lastModifiedDate":"2026-01-31T14:26:41","isFullCredit":false},{"lineNumber":109,"author":{"gitId":"Kushalshah0402"},"content":"","lastModifiedDate":"2026-01-31T14:26:41","isFullCredit":false},{"lineNumber":110,"author":{"gitId":"Kushalshah0402"},"content":"","lastModifiedDate":"2026-02-08T09:45:46","isFullCredit":false},{"lineNumber":111,"author":{"gitId":"Kushalshah0402"},"content":"    private static void addDeadline(String input) throws ChronoException {","lastModifiedDate":"2026-02-08T09:45:46","isFullCredit":false},{"lineNumber":112,"author":{"gitId":"Kushalshah0402"},"content":"        int byIndex \u003d input.indexOf(KEYWORD_BY);","lastModifiedDate":"2026-02-07T15:33:30","isFullCredit":false},{"lineNumber":113,"author":{"gitId":"Kushalshah0402"},"content":"        if (byIndex \u003d\u003d -1) {","lastModifiedDate":"2026-01-31T20:01:48","isFullCredit":false},{"lineNumber":114,"author":{"gitId":"Kushalshah0402"},"content":"            throw new ChronoException(\"Deadline must have /by.\");","lastModifiedDate":"2026-02-08T09:45:46","isFullCredit":false},{"lineNumber":115,"author":{"gitId":"Kushalshah0402"},"content":"        }","lastModifiedDate":"2026-01-24T22:47:03","isFullCredit":false},{"lineNumber":116,"author":{"gitId":"Kushalshah0402"},"content":"","lastModifiedDate":"2026-01-31T20:01:48","isFullCredit":false},{"lineNumber":117,"author":{"gitId":"Kushalshah0402"},"content":"        String description \u003d extractDescription(input.substring(0, byIndex), COMMAND_DEADLINE);","lastModifiedDate":"2026-02-08T09:45:46","isFullCredit":false},{"lineNumber":118,"author":{"gitId":"Kushalshah0402"},"content":"        String by \u003d input.substring(byIndex + KEYWORD_BY.length()).trim();","lastModifiedDate":"2026-02-08T09:45:46","isFullCredit":false},{"lineNumber":119,"author":{"gitId":"Kushalshah0402"},"content":"        if (by.isEmpty()) {","lastModifiedDate":"2026-02-08T09:45:46","isFullCredit":false},{"lineNumber":120,"author":{"gitId":"Kushalshah0402"},"content":"            throw new ChronoException(\"The deadline time cannot be empty.\");","lastModifiedDate":"2026-02-08T09:45:46","isFullCredit":false},{"lineNumber":121,"author":{"gitId":"Kushalshah0402"},"content":"        }","lastModifiedDate":"2026-02-08T09:45:46","isFullCredit":false},{"lineNumber":122,"author":{"gitId":"Kushalshah0402"},"content":"        tasks[taskCount++] \u003d new Deadline(description, by);","lastModifiedDate":"2026-01-31T20:01:48","isFullCredit":false},{"lineNumber":123,"author":{"gitId":"Kushalshah0402"},"content":"        printTaskAdded();","lastModifiedDate":"2026-01-31T20:01:48","isFullCredit":false},{"lineNumber":124,"author":{"gitId":"Kushalshah0402"},"content":"    }","lastModifiedDate":"2026-01-31T14:26:41","isFullCredit":false},{"lineNumber":125,"author":{"gitId":"Kushalshah0402"},"content":"","lastModifiedDate":"2026-01-24T22:47:03","isFullCredit":false},{"lineNumber":126,"author":{"gitId":"Kushalshah0402"},"content":"    private static void addEvent(String input) throws ChronoException {","lastModifiedDate":"2026-02-08T09:45:46","isFullCredit":false},{"lineNumber":127,"author":{"gitId":"Kushalshah0402"},"content":"        int fromIndex \u003d input.indexOf(KEYWORD_FROM);","lastModifiedDate":"2026-02-07T15:33:30","isFullCredit":false},{"lineNumber":128,"author":{"gitId":"Kushalshah0402"},"content":"        int toIndex \u003d input.indexOf(KEYWORD_TO);","lastModifiedDate":"2026-02-07T15:33:30","isFullCredit":false},{"lineNumber":129,"author":{"gitId":"Kushalshah0402"},"content":"        if (fromIndex \u003d\u003d -1 || toIndex \u003d\u003d -1 || toIndex \u003c fromIndex) {","lastModifiedDate":"2026-02-07T15:33:30","isFullCredit":false},{"lineNumber":130,"author":{"gitId":"Kushalshah0402"},"content":"            throw new ChronoException(\"Event must have /from and /to.\");","lastModifiedDate":"2026-02-08T09:45:46","isFullCredit":false},{"lineNumber":131,"author":{"gitId":"Kushalshah0402"},"content":"        }","lastModifiedDate":"2026-01-31T20:01:48","isFullCredit":false},{"lineNumber":132,"author":{"gitId":"Kushalshah0402"},"content":"        String description \u003d extractDescription(input.substring(0, fromIndex), COMMAND_EVENT);","lastModifiedDate":"2026-02-08T09:45:46","isFullCredit":false},{"lineNumber":133,"author":{"gitId":"Kushalshah0402"},"content":"        String from \u003d input.substring(fromIndex + KEYWORD_FROM.length(), toIndex).trim();","lastModifiedDate":"2026-02-08T09:45:46","isFullCredit":false},{"lineNumber":134,"author":{"gitId":"Kushalshah0402"},"content":"        String to \u003d input.substring(toIndex + KEYWORD_TO.length()).trim();","lastModifiedDate":"2026-02-08T09:45:46","isFullCredit":false},{"lineNumber":135,"author":{"gitId":"Kushalshah0402"},"content":"","lastModifiedDate":"2026-01-31T20:01:48","isFullCredit":false},{"lineNumber":136,"author":{"gitId":"Kushalshah0402"},"content":"        if (from.isEmpty() || to.isEmpty()) {","lastModifiedDate":"2026-02-08T09:45:46","isFullCredit":false},{"lineNumber":137,"author":{"gitId":"Kushalshah0402"},"content":"            throw new ChronoException(\"Event start and end time cannot be empty.\");","lastModifiedDate":"2026-02-08T09:45:46","isFullCredit":false},{"lineNumber":138,"author":{"gitId":"Kushalshah0402"},"content":"        }","lastModifiedDate":"2026-02-08T09:45:46","isFullCredit":false},{"lineNumber":139,"author":{"gitId":"Kushalshah0402"},"content":"        tasks[taskCount++] \u003d new Event(description, from, to);","lastModifiedDate":"2026-01-31T20:01:48","isFullCredit":false},{"lineNumber":140,"author":{"gitId":"Kushalshah0402"},"content":"        printTaskAdded();","lastModifiedDate":"2026-01-31T20:01:48","isFullCredit":false},{"lineNumber":141,"author":{"gitId":"Kushalshah0402"},"content":"    }","lastModifiedDate":"2026-01-31T20:01:48","isFullCredit":false},{"lineNumber":142,"author":{"gitId":"Kushalshah0402"},"content":"","lastModifiedDate":"2026-01-31T20:01:48","isFullCredit":false},{"lineNumber":143,"author":{"gitId":"Kushalshah0402"},"content":"    private static String extractDescription(String input, String command) throws ChronoException {","lastModifiedDate":"2026-02-08T09:45:46","isFullCredit":false},{"lineNumber":144,"author":{"gitId":"Kushalshah0402"},"content":"        if (input.length() \u003c\u003d command.length()) {","lastModifiedDate":"2026-02-08T09:45:46","isFullCredit":false},{"lineNumber":145,"author":{"gitId":"Kushalshah0402"},"content":"            throw new ChronoException(\"The description cannot be empty.\");","lastModifiedDate":"2026-02-08T09:45:46","isFullCredit":false},{"lineNumber":146,"author":{"gitId":"Kushalshah0402"},"content":"        }","lastModifiedDate":"2026-02-08T09:45:46","isFullCredit":false},{"lineNumber":147,"author":{"gitId":"Kushalshah0402"},"content":"        String description \u003d input.substring(command.length()).trim();","lastModifiedDate":"2026-02-08T09:45:46","isFullCredit":false},{"lineNumber":148,"author":{"gitId":"Kushalshah0402"},"content":"        if (description.isEmpty()) {","lastModifiedDate":"2026-02-08T09:45:46","isFullCredit":false},{"lineNumber":149,"author":{"gitId":"Kushalshah0402"},"content":"            throw new ChronoException(\"The description cannot be empty.\");","lastModifiedDate":"2026-02-08T09:45:46","isFullCredit":false},{"lineNumber":150,"author":{"gitId":"Kushalshah0402"},"content":"        }","lastModifiedDate":"2026-02-08T09:45:46","isFullCredit":false},{"lineNumber":151,"author":{"gitId":"Kushalshah0402"},"content":"        return description;","lastModifiedDate":"2026-02-08T09:45:46","isFullCredit":false},{"lineNumber":152,"author":{"gitId":"Kushalshah0402"},"content":"    }","lastModifiedDate":"2026-02-08T09:45:46","isFullCredit":false},{"lineNumber":153,"author":{"gitId":"Kushalshah0402"},"content":"","lastModifiedDate":"2026-02-07T15:33:30","isFullCredit":false},{"lineNumber":154,"author":{"gitId":"Kushalshah0402"},"content":"    private static void printTaskAdded() {","lastModifiedDate":"2026-01-31T20:01:48","isFullCredit":false},{"lineNumber":155,"author":{"gitId":"Kushalshah0402"},"content":"        printLine();","lastModifiedDate":"2026-01-31T20:01:48","isFullCredit":false},{"lineNumber":156,"author":{"gitId":"Kushalshah0402"},"content":"        System.out.println(\"Got it. I\u0027ve added this task:\");","lastModifiedDate":"2026-01-31T14:26:41","isFullCredit":false},{"lineNumber":157,"author":{"gitId":"Kushalshah0402"},"content":"        System.out.println(\"    \" + tasks[taskCount - 1]);","lastModifiedDate":"2026-01-31T14:26:41","isFullCredit":false},{"lineNumber":158,"author":{"gitId":"Kushalshah0402"},"content":"        System.out.println(\"Now you have \" + taskCount + \" tasks in the list.\");","lastModifiedDate":"2026-01-31T14:26:41","isFullCredit":false},{"lineNumber":159,"author":{"gitId":"Kushalshah0402"},"content":"        printLine();","lastModifiedDate":"2026-01-31T20:01:48","isFullCredit":false},{"lineNumber":160,"author":{"gitId":"Kushalshah0402"},"content":"    }","lastModifiedDate":"2026-01-31T14:26:41","isFullCredit":false},{"lineNumber":161,"author":{"gitId":"Kushalshah0402"},"content":"","lastModifiedDate":"2026-01-31T20:01:48","isFullCredit":false},{"lineNumber":162,"author":{"gitId":"Kushalshah0402"},"content":"    private static void printWelcome() {","lastModifiedDate":"2026-01-31T20:01:48","isFullCredit":false},{"lineNumber":163,"author":{"gitId":"Kushalshah0402"},"content":"        printLine();","lastModifiedDate":"2026-01-31T20:01:48","isFullCredit":false},{"lineNumber":164,"author":{"gitId":"Kushalshah0402"},"content":"        System.out.println(\"Hello! I\u0027m Chrono\");","lastModifiedDate":"2026-01-31T20:01:48","isFullCredit":false},{"lineNumber":165,"author":{"gitId":"Kushalshah0402"},"content":"        System.out.println(\"What can I do for you?\");","lastModifiedDate":"2026-01-31T20:01:48","isFullCredit":false},{"lineNumber":166,"author":{"gitId":"Kushalshah0402"},"content":"        printLine();","lastModifiedDate":"2026-01-31T20:01:48","isFullCredit":false},{"lineNumber":167,"author":{"gitId":"Kushalshah0402"},"content":"    }","lastModifiedDate":"2026-01-31T20:01:48","isFullCredit":false},{"lineNumber":168,"author":{"gitId":"Kushalshah0402"},"content":"","lastModifiedDate":"2026-01-31T20:01:48","isFullCredit":false},{"lineNumber":169,"author":{"gitId":"Kushalshah0402"},"content":"    private static void printGoodbye() {","lastModifiedDate":"2026-01-31T20:01:48","isFullCredit":false},{"lineNumber":170,"author":{"gitId":"Kushalshah0402"},"content":"        printLine();","lastModifiedDate":"2026-01-31T20:01:48","isFullCredit":false},{"lineNumber":171,"author":{"gitId":"Kushalshah0402"},"content":"        System.out.println(\"Shutting down Chrono systems. Goodbye!\");","lastModifiedDate":"2026-01-31T20:01:48","isFullCredit":false},{"lineNumber":172,"author":{"gitId":"Kushalshah0402"},"content":"        printLine();","lastModifiedDate":"2026-01-31T20:01:48","isFullCredit":false},{"lineNumber":173,"author":{"gitId":"Kushalshah0402"},"content":"    }","lastModifiedDate":"2026-01-31T20:01:48","isFullCredit":false},{"lineNumber":174,"author":{"gitId":"Kushalshah0402"},"content":"","lastModifiedDate":"2026-01-31T20:01:48","isFullCredit":false},{"lineNumber":175,"author":{"gitId":"Kushalshah0402"},"content":"    private static void printError(String message) {","lastModifiedDate":"2026-02-08T01:25:45","isFullCredit":false},{"lineNumber":176,"author":{"gitId":"Kushalshah0402"},"content":"        printLine();","lastModifiedDate":"2026-02-08T01:25:45","isFullCredit":false},{"lineNumber":177,"author":{"gitId":"Kushalshah0402"},"content":"        System.out.println(\"Sorry!! \" + message);","lastModifiedDate":"2026-02-08T01:25:45","isFullCredit":false},{"lineNumber":178,"author":{"gitId":"Kushalshah0402"},"content":"        printLine();","lastModifiedDate":"2026-02-08T01:25:45","isFullCredit":false},{"lineNumber":179,"author":{"gitId":"Kushalshah0402"},"content":"    }","lastModifiedDate":"2026-02-08T01:25:45","isFullCredit":false},{"lineNumber":180,"author":{"gitId":"Kushalshah0402"},"content":"","lastModifiedDate":"2026-02-08T01:25:45","isFullCredit":false},{"lineNumber":181,"author":{"gitId":"Kushalshah0402"},"content":"    private static void printLine() {","lastModifiedDate":"2026-01-31T20:01:48","isFullCredit":false},{"lineNumber":182,"author":{"gitId":"Kushalshah0402"},"content":"        System.out.println(LINE);","lastModifiedDate":"2026-01-31T20:01:48","isFullCredit":false},{"lineNumber":183,"author":{"gitId":"Kushalshah0402"},"content":"    }","lastModifiedDate":"2026-01-24T22:27:46","isFullCredit":false},{"lineNumber":184,"author":{"gitId":"Kushalshah0402"},"content":"}","lastModifiedDate":"2026-01-24T22:27:46","isFullCredit":false}],"authorContributionMap":{"Kushalshah0402":184}},{"path":"src/main/java/chrono/exception/ChronoException.java","fileType":"java","lines":[{"lineNumber":1,"author":{"gitId":"Kushalshah0402"},"content":"package chrono.exception;","lastModifiedDate":"2026-02-12T12:36:47","isFullCredit":false},{"lineNumber":2,"author":{"gitId":"Kushalshah0402"},"content":"","lastModifiedDate":"2026-02-12T12:36:47","isFullCredit":false},{"lineNumber":3,"author":{"gitId":"Kushalshah0402"},"content":"public class ChronoException extends Exception {","lastModifiedDate":"2026-02-08T01:25:45","isFullCredit":false},{"lineNumber":4,"author":{"gitId":"Kushalshah0402"},"content":"    public ChronoException(String message) {","lastModifiedDate":"2026-02-08T01:25:45","isFullCredit":false},{"lineNumber":5,"author":{"gitId":"Kushalshah0402"},"content":"        super(message);","lastModifiedDate":"2026-02-08T01:25:45","isFullCredit":false},{"lineNumber":6,"author":{"gitId":"Kushalshah0402"},"content":"    }","lastModifiedDate":"2026-02-08T01:25:45","isFullCredit":false},{"lineNumber":7,"author":{"gitId":"Kushalshah0402"},"content":"}","lastModifiedDate":"2026-02-08T01:25:45","isFullCredit":false}],"authorContributionMap":{"Kushalshah0402":7}},{"path":"src/main/java/chrono/task/Deadline.java","fileType":"java","lines":[{"lineNumber":1,"author":{"gitId":"Kushalshah0402"},"content":"package chrono.task;","lastModifiedDate":"2026-02-12T12:36:47","isFullCredit":false},{"lineNumber":2,"author":{"gitId":"Kushalshah0402"},"content":"","lastModifiedDate":"2026-02-12T12:36:47","isFullCredit":false},{"lineNumber":3,"author":{"gitId":"Kushalshah0402"},"content":"public class Deadline extends Task {","lastModifiedDate":"2026-01-31T14:26:41","isFullCredit":false},{"lineNumber":4,"author":{"gitId":"Kushalshah0402"},"content":"    private String deadline;","lastModifiedDate":"2026-01-31T14:26:41","isFullCredit":false},{"lineNumber":5,"author":{"gitId":"Kushalshah0402"},"content":"    public Deadline(String description, String deadline) {","lastModifiedDate":"2026-01-31T14:26:41","isFullCredit":false},{"lineNumber":6,"author":{"gitId":"Kushalshah0402"},"content":"        super(description);","lastModifiedDate":"2026-01-31T14:26:41","isFullCredit":false},{"lineNumber":7,"author":{"gitId":"Kushalshah0402"},"content":"        this.deadline \u003d deadline;","lastModifiedDate":"2026-01-31T14:26:41","isFullCredit":false},{"lineNumber":8,"author":{"gitId":"Kushalshah0402"},"content":"    }","lastModifiedDate":"2026-01-31T14:26:41","isFullCredit":false},{"lineNumber":9,"author":{"gitId":"Kushalshah0402"},"content":"    @Override","lastModifiedDate":"2026-01-31T14:26:41","isFullCredit":false},{"lineNumber":10,"author":{"gitId":"Kushalshah0402"},"content":"    public String getTaskType() {","lastModifiedDate":"2026-01-31T14:26:41","isFullCredit":false},{"lineNumber":11,"author":{"gitId":"Kushalshah0402"},"content":"        return \"D\";","lastModifiedDate":"2026-01-31T14:26:41","isFullCredit":false},{"lineNumber":12,"author":{"gitId":"Kushalshah0402"},"content":"    }","lastModifiedDate":"2026-01-31T14:26:41","isFullCredit":false},{"lineNumber":13,"author":{"gitId":"Kushalshah0402"},"content":"    @Override","lastModifiedDate":"2026-01-31T14:26:41","isFullCredit":false},{"lineNumber":14,"author":{"gitId":"Kushalshah0402"},"content":"    public String toString() {","lastModifiedDate":"2026-01-31T14:26:41","isFullCredit":false},{"lineNumber":15,"author":{"gitId":"Kushalshah0402"},"content":"        return \"[\" + getTaskType() + \"]\" + \"[\" + getStatusIcon() + \"] \" + description + \" (by: \" + deadline + \")\";","lastModifiedDate":"2026-01-31T14:26:41","isFullCredit":false},{"lineNumber":16,"author":{"gitId":"Kushalshah0402"},"content":"    }","lastModifiedDate":"2026-01-31T14:26:41","isFullCredit":false},{"lineNumber":17,"author":{"gitId":"Kushalshah0402"},"content":"    ","lastModifiedDate":"2026-01-31T14:26:41","isFullCredit":false},{"lineNumber":18,"author":{"gitId":"Kushalshah0402"},"content":"}","lastModifiedDate":"2026-01-31T14:26:41","isFullCredit":false}],"authorContributionMap":{"Kushalshah0402":18}},{"path":"src/main/java/chrono/task/Event.java","fileType":"java","lines":[{"lineNumber":1,"author":{"gitId":"Kushalshah0402"},"content":"package chrono.task;","lastModifiedDate":"2026-02-12T12:36:47","isFullCredit":false},{"lineNumber":2,"author":{"gitId":"Kushalshah0402"},"content":"","lastModifiedDate":"2026-02-12T12:36:47","isFullCredit":false},{"lineNumber":3,"author":{"gitId":"Kushalshah0402"},"content":"public class Event extends Task {","lastModifiedDate":"2026-01-31T14:26:41","isFullCredit":false},{"lineNumber":4,"author":{"gitId":"Kushalshah0402"},"content":"    private String from;","lastModifiedDate":"2026-01-31T14:26:41","isFullCredit":false},{"lineNumber":5,"author":{"gitId":"Kushalshah0402"},"content":"    private String to;","lastModifiedDate":"2026-01-31T14:26:41","isFullCredit":false},{"lineNumber":6,"author":{"gitId":"Kushalshah0402"},"content":"    public Event(String description, String from, String to) {","lastModifiedDate":"2026-01-31T14:26:41","isFullCredit":false},{"lineNumber":7,"author":{"gitId":"Kushalshah0402"},"content":"        super(description);","lastModifiedDate":"2026-01-31T14:26:41","isFullCredit":false},{"lineNumber":8,"author":{"gitId":"Kushalshah0402"},"content":"        this.from \u003d from;","lastModifiedDate":"2026-01-31T14:26:41","isFullCredit":false},{"lineNumber":9,"author":{"gitId":"Kushalshah0402"},"content":"        this.to \u003d to;","lastModifiedDate":"2026-01-31T14:26:41","isFullCredit":false},{"lineNumber":10,"author":{"gitId":"Kushalshah0402"},"content":"    }","lastModifiedDate":"2026-01-31T14:26:41","isFullCredit":false},{"lineNumber":11,"author":{"gitId":"Kushalshah0402"},"content":"    @Override","lastModifiedDate":"2026-01-31T14:26:41","isFullCredit":false},{"lineNumber":12,"author":{"gitId":"Kushalshah0402"},"content":"    public String getTaskType() {","lastModifiedDate":"2026-01-31T14:26:41","isFullCredit":false},{"lineNumber":13,"author":{"gitId":"Kushalshah0402"},"content":"        return \"E\";","lastModifiedDate":"2026-01-31T14:26:41","isFullCredit":false},{"lineNumber":14,"author":{"gitId":"Kushalshah0402"},"content":"    }","lastModifiedDate":"2026-01-31T14:26:41","isFullCredit":false},{"lineNumber":15,"author":{"gitId":"Kushalshah0402"},"content":"    @Override","lastModifiedDate":"2026-01-31T14:26:41","isFullCredit":false},{"lineNumber":16,"author":{"gitId":"Kushalshah0402"},"content":"    public String toString() {","lastModifiedDate":"2026-01-31T14:26:41","isFullCredit":false},{"lineNumber":17,"author":{"gitId":"Kushalshah0402"},"content":"        return \"[\" + getTaskType() + \"]\" + \"[\" + getStatusIcon() + \"] \" + description + \" (from: \" + from + \" to: \" + to + \")\";","lastModifiedDate":"2026-01-31T14:26:41","isFullCredit":false},{"lineNumber":18,"author":{"gitId":"Kushalshah0402"},"content":"    }","lastModifiedDate":"2026-01-31T14:26:41","isFullCredit":false},{"lineNumber":19,"author":{"gitId":"Kushalshah0402"},"content":"}","lastModifiedDate":"2026-01-31T14:26:41","isFullCredit":false}],"authorContributionMap":{"Kushalshah0402":19}},{"path":"src/main/java/chrono/task/Task.java","fileType":"java","lines":[{"lineNumber":1,"author":{"gitId":"Kushalshah0402"},"content":"package chrono.task;","lastModifiedDate":"2026-02-12T12:36:47","isFullCredit":false},{"lineNumber":2,"author":{"gitId":"Kushalshah0402"},"content":"","lastModifiedDate":"2026-02-12T12:36:47","isFullCredit":false},{"lineNumber":3,"author":{"gitId":"Kushalshah0402"},"content":"public class Task {","lastModifiedDate":"2026-01-25T09:41:46","isFullCredit":false},{"lineNumber":4,"author":{"gitId":"Kushalshah0402"},"content":"    protected String description;","lastModifiedDate":"2026-01-25T09:41:46","isFullCredit":false},{"lineNumber":5,"author":{"gitId":"Kushalshah0402"},"content":"    protected boolean isDone;","lastModifiedDate":"2026-01-25T09:41:46","isFullCredit":false},{"lineNumber":6,"author":{"gitId":"Kushalshah0402"},"content":"","lastModifiedDate":"2026-01-25T09:41:46","isFullCredit":false},{"lineNumber":7,"author":{"gitId":"Kushalshah0402"},"content":"    public Task(String description) {","lastModifiedDate":"2026-01-25T09:41:46","isFullCredit":false},{"lineNumber":8,"author":{"gitId":"Kushalshah0402"},"content":"        this.description \u003d description;","lastModifiedDate":"2026-01-25T09:41:46","isFullCredit":false},{"lineNumber":9,"author":{"gitId":"Kushalshah0402"},"content":"        this.isDone \u003d false;","lastModifiedDate":"2026-01-25T09:41:46","isFullCredit":false},{"lineNumber":10,"author":{"gitId":"Kushalshah0402"},"content":"    }","lastModifiedDate":"2026-01-25T09:41:46","isFullCredit":false},{"lineNumber":11,"author":{"gitId":"Kushalshah0402"},"content":"","lastModifiedDate":"2026-01-25T09:41:46","isFullCredit":false},{"lineNumber":12,"author":{"gitId":"Kushalshah0402"},"content":"    public void markAsDone() {","lastModifiedDate":"2026-01-25T09:41:46","isFullCredit":false},{"lineNumber":13,"author":{"gitId":"Kushalshah0402"},"content":"        this.isDone \u003d true;","lastModifiedDate":"2026-01-25T09:41:46","isFullCredit":false},{"lineNumber":14,"author":{"gitId":"Kushalshah0402"},"content":"    }","lastModifiedDate":"2026-01-25T09:41:46","isFullCredit":false},{"lineNumber":15,"author":{"gitId":"Kushalshah0402"},"content":"","lastModifiedDate":"2026-01-25T09:41:46","isFullCredit":false},{"lineNumber":16,"author":{"gitId":"Kushalshah0402"},"content":"    public void markAsNotDone() {","lastModifiedDate":"2026-01-25T09:41:46","isFullCredit":false},{"lineNumber":17,"author":{"gitId":"Kushalshah0402"},"content":"        this.isDone \u003d false;","lastModifiedDate":"2026-01-25T09:41:46","isFullCredit":false},{"lineNumber":18,"author":{"gitId":"Kushalshah0402"},"content":"    }","lastModifiedDate":"2026-01-25T09:41:46","isFullCredit":false},{"lineNumber":19,"author":{"gitId":"Kushalshah0402"},"content":"","lastModifiedDate":"2026-01-25T09:41:46","isFullCredit":false},{"lineNumber":20,"author":{"gitId":"Kushalshah0402"},"content":"    public String getStatusIcon() {","lastModifiedDate":"2026-01-25T09:41:46","isFullCredit":false},{"lineNumber":21,"author":{"gitId":"Kushalshah0402"},"content":"        return (isDone ? \"X\" : \" \");","lastModifiedDate":"2026-01-25T09:41:46","isFullCredit":false},{"lineNumber":22,"author":{"gitId":"Kushalshah0402"},"content":"    }","lastModifiedDate":"2026-01-25T09:41:46","isFullCredit":false},{"lineNumber":23,"author":{"gitId":"Kushalshah0402"},"content":"","lastModifiedDate":"2026-01-25T09:41:46","isFullCredit":false},{"lineNumber":24,"author":{"gitId":"Kushalshah0402"},"content":"    public String getDescription() {","lastModifiedDate":"2026-01-25T09:41:46","isFullCredit":false},{"lineNumber":25,"author":{"gitId":"Kushalshah0402"},"content":"        return description;","lastModifiedDate":"2026-01-25T09:41:46","isFullCredit":false},{"lineNumber":26,"author":{"gitId":"Kushalshah0402"},"content":"    }","lastModifiedDate":"2026-01-25T09:41:46","isFullCredit":false},{"lineNumber":27,"author":{"gitId":"Kushalshah0402"},"content":"","lastModifiedDate":"2026-01-25T09:41:46","isFullCredit":false},{"lineNumber":28,"author":{"gitId":"Kushalshah0402"},"content":"    public String getTaskType() {","lastModifiedDate":"2026-01-31T14:26:41","isFullCredit":false},{"lineNumber":29,"author":{"gitId":"Kushalshah0402"},"content":"        return \"T\";","lastModifiedDate":"2026-01-31T14:26:41","isFullCredit":false},{"lineNumber":30,"author":{"gitId":"Kushalshah0402"},"content":"    }","lastModifiedDate":"2026-01-31T14:26:41","isFullCredit":false},{"lineNumber":31,"author":{"gitId":"Kushalshah0402"},"content":"    ","lastModifiedDate":"2026-01-31T14:26:41","isFullCredit":false},{"lineNumber":32,"author":{"gitId":"Kushalshah0402"},"content":"    @Override","lastModifiedDate":"2026-01-31T14:26:41","isFullCredit":false},{"lineNumber":33,"author":{"gitId":"Kushalshah0402"},"content":"    public String toString() {","lastModifiedDate":"2026-01-25T09:41:46","isFullCredit":false},{"lineNumber":34,"author":{"gitId":"Kushalshah0402"},"content":"        return \"[\" + getTaskType() + \"]\" + \"[\" + getStatusIcon() + \"] \" + description;","lastModifiedDate":"2026-01-31T14:26:41","isFullCredit":false},{"lineNumber":35,"author":{"gitId":"Kushalshah0402"},"content":"    }","lastModifiedDate":"2026-01-25T09:41:46","isFullCredit":false},{"lineNumber":36,"author":{"gitId":"Kushalshah0402"},"content":"}","lastModifiedDate":"2026-01-25T09:41:46","isFullCredit":false}],"authorContributionMap":{"Kushalshah0402":36}},{"path":"src/main/java/chrono/task/Todo.java","fileType":"java","lines":[{"lineNumber":1,"author":{"gitId":"Kushalshah0402"},"content":"package chrono.task;","lastModifiedDate":"2026-02-12T12:36:47","isFullCredit":false},{"lineNumber":2,"author":{"gitId":"Kushalshah0402"},"content":"","lastModifiedDate":"2026-02-12T12:36:47","isFullCredit":false},{"lineNumber":3,"author":{"gitId":"Kushalshah0402"},"content":"public class Todo extends Task {","lastModifiedDate":"2026-01-31T14:26:41","isFullCredit":false},{"lineNumber":4,"author":{"gitId":"Kushalshah0402"},"content":"    public Todo(String description) {","lastModifiedDate":"2026-01-31T14:26:41","isFullCredit":false},{"lineNumber":5,"author":{"gitId":"Kushalshah0402"},"content":"        super(description);","lastModifiedDate":"2026-01-31T14:26:41","isFullCredit":false},{"lineNumber":6,"author":{"gitId":"Kushalshah0402"},"content":"    }","lastModifiedDate":"2026-01-31T14:26:41","isFullCredit":false},{"lineNumber":7,"author":{"gitId":"Kushalshah0402"},"content":"    ","lastModifiedDate":"2026-01-31T14:26:41","isFullCredit":false},{"lineNumber":8,"author":{"gitId":"Kushalshah0402"},"content":"    @Override","lastModifiedDate":"2026-01-31T14:26:41","isFullCredit":false},{"lineNumber":9,"author":{"gitId":"Kushalshah0402"},"content":"    public String getTaskType() {","lastModifiedDate":"2026-01-31T14:26:41","isFullCredit":false},{"lineNumber":10,"author":{"gitId":"Kushalshah0402"},"content":"        return \"T\";","lastModifiedDate":"2026-01-31T14:26:41","isFullCredit":false},{"lineNumber":11,"author":{"gitId":"Kushalshah0402"},"content":"    }","lastModifiedDate":"2026-01-31T14:26:41","isFullCredit":false},{"lineNumber":12,"author":{"gitId":"Kushalshah0402"},"content":"}","lastModifiedDate":"2026-01-31T14:26:41","isFullCredit":false}],"authorContributionMap":{"Kushalshah0402":12}},{"path":"text-ui-test/input.txt","fileType":"txt","lines":[{"lineNumber":1,"author":{"gitId":"Kushalshah0402"},"content":"list","lastModifiedDate":"2026-02-08T10:17:28","isFullCredit":false},{"lineNumber":2,"author":{"gitId":"Kushalshah0402"},"content":"todo borrow book","lastModifiedDate":"2026-01-31T15:06:31","isFullCredit":false},{"lineNumber":3,"author":{"gitId":"Kushalshah0402"},"content":"deadline return book /by Sunday","lastModifiedDate":"2026-01-31T15:06:31","isFullCredit":false},{"lineNumber":4,"author":{"gitId":"Kushalshah0402"},"content":"event party /from Sat 7pm /to Sat 10pm","lastModifiedDate":"2026-01-31T15:06:31","isFullCredit":false},{"lineNumber":5,"author":{"gitId":"Kushalshah0402"},"content":"list","lastModifiedDate":"2026-01-31T15:06:31","isFullCredit":false},{"lineNumber":6,"author":{"gitId":"Kushalshah0402"},"content":"mark 2","lastModifiedDate":"2026-01-31T15:06:31","isFullCredit":false},{"lineNumber":7,"author":{"gitId":"Kushalshah0402"},"content":"mark 1","lastModifiedDate":"2026-01-31T15:06:31","isFullCredit":false},{"lineNumber":8,"author":{"gitId":"Kushalshah0402"},"content":"unmark 1","lastModifiedDate":"2026-01-31T15:06:31","isFullCredit":false},{"lineNumber":9,"author":{"gitId":"Kushalshah0402"},"content":"list","lastModifiedDate":"2026-01-31T15:06:31","isFullCredit":false},{"lineNumber":10,"author":{"gitId":"Kushalshah0402"},"content":"todo","lastModifiedDate":"2026-02-08T10:17:28","isFullCredit":false},{"lineNumber":11,"author":{"gitId":"Kushalshah0402"},"content":"deadline","lastModifiedDate":"2026-02-08T10:17:28","isFullCredit":false},{"lineNumber":12,"author":{"gitId":"Kushalshah0402"},"content":"deadline complete assignment","lastModifiedDate":"2026-02-08T10:17:28","isFullCredit":false},{"lineNumber":13,"author":{"gitId":"Kushalshah0402"},"content":"deadline /by 4pm","lastModifiedDate":"2026-02-08T10:17:28","isFullCredit":false},{"lineNumber":14,"author":{"gitId":"Kushalshah0402"},"content":"event","lastModifiedDate":"2026-02-08T10:17:28","isFullCredit":false},{"lineNumber":15,"author":{"gitId":"Kushalshah0402"},"content":"event birthday","lastModifiedDate":"2026-02-08T10:17:28","isFullCredit":false},{"lineNumber":16,"author":{"gitId":"Kushalshah0402"},"content":"event birthday /from 4pm /to","lastModifiedDate":"2026-02-08T10:17:28","isFullCredit":false},{"lineNumber":17,"author":{"gitId":"Kushalshah0402"},"content":"event /from 4pm /to 6pm","lastModifiedDate":"2026-02-08T10:17:28","isFullCredit":false},{"lineNumber":18,"author":{"gitId":"Kushalshah0402"},"content":"mark 4","lastModifiedDate":"2026-02-08T10:17:28","isFullCredit":false},{"lineNumber":19,"author":{"gitId":"Kushalshah0402"},"content":"unmark 4","lastModifiedDate":"2026-02-08T10:17:28","isFullCredit":false},{"lineNumber":20,"author":{"gitId":"Kushalshah0402"},"content":"bye","lastModifiedDate":"2026-01-31T15:06:31","isFullCredit":false}],"authorContributionMap":{"Kushalshah0402":20}}]
