{"authorDailyContributionsMap":{"Kushalshah0402":[{"date":"2026-01-24T00:00:00","commitResults":[{"hash":"b5ad0ea7e16f944cd472cff08b98114d55a3d0d4","isMergeCommit":false,"messageTitle":"Implement Chrono bot Level-0 greeting and exit","messageBody":"","tags":["Level-0"],"fileTypesAndContributionMap":{"java":{"insertions":11,"deletions":10}}},{"hash":"5e0a234db2bb8cf7392f562733ce32e5aed1fce5","isMergeCommit":false,"messageTitle":"Echoes instruction and exits with command bye","messageBody":"","tags":["Level-1"],"fileTypesAndContributionMap":{"java":{"insertions":19,"deletions":2}}},{"hash":"eb89e82cf8dec8d63263135b9d1d35deb1657fe1","isMergeCommit":false,"messageTitle":"Can add to list and display tasks","messageBody":"","tags":["Level-2"],"fileTypesAndContributionMap":{"java":{"insertions":20,"deletions":1}}}]},{"date":"2026-01-25T00:00:00","commitResults":[{"hash":"115ee268bf1aea6c2195d0233e9887325659403f","isMergeCommit":false,"messageTitle":"Add Task class and support mark/unmark task status","messageBody":"","tags":["Level-3","A-classes"],"fileTypesAndContributionMap":{"java":{"insertions":55,"deletions":2}}}]},{"date":"2026-01-31T00:00:00","commitResults":[{"hash":"883210df1581b46f4c13d711f8dd4e09482bc0b0","isMergeCommit":false,"messageTitle":"Can add task type, Todo, Event, Deadline","messageBody":"","tags":["Level-4"],"fileTypesAndContributionMap":{"java":{"insertions":101,"deletions":10}}},{"hash":"1635276451870b13843a226ea4213b5f8709fa3b","isMergeCommit":false,"messageTitle":"Implemented text UI testing","messageBody":"","tags":["A-TextUiTesting"],"fileTypesAndContributionMap":{"txt":{"insertions":9,"deletions":0},"java":{"insertions":16,"deletions":16}}},{"hash":"f7fe683303eec43f034d8140563171e0a436ea67","isMergeCommit":false,"messageTitle":"Improved code quality","messageBody":"","tags":["A-CodeQuality"],"fileTypesAndContributionMap":{"java":{"insertions":133,"deletions":88}}}]},{"date":"2026-02-07T00:00:00","commitResults":[{"hash":"8eec1bc3def90b22853d4db7d5cef61aaf0ed9cd","isMergeCommit":false,"messageTitle":"removed hardcoded numbers and improved readability","messageBody":"","fileTypesAndContributionMap":{"java":{"insertions":56,"deletions":24}}}]},{"date":"2026-02-08T00:00:00","commitResults":[{"hash":"35ea2cbf52b16d5ea21bfe598e4b63485e480ad9","isMergeCommit":false,"messageTitle":"Exception file added and handles invalid command","messageBody":"","fileTypesAndContributionMap":{"java":{"insertions":28,"deletions":18}}},{"hash":"fba3e2b98ed4304bfec926fb27557d4889aa2049","isMergeCommit":false,"messageTitle":"Invalid task numbers handled","messageBody":"","fileTypesAndContributionMap":{"java":{"insertions":26,"deletions":39}}},{"hash":"f5036584378f8ad434f1673cdb39f817f19432bf","isMergeCommit":false,"messageTitle":"Invalid event and deadlines handled","messageBody":"","fileTypesAndContributionMap":{"java":{"insertions":35,"deletions":41}}},{"hash":"fa963cbba88b81cf2aa5d0d4a871553251ef5ce2","isMergeCommit":false,"messageTitle":"added necessary tests in input.txt to check code","messageBody":"","fileTypesAndContributionMap":{"txt":{"insertions":12,"deletions":1}}},{"hash":"4c548ec431f5e72a9f8253bf6b3a28a4ab4f2728","isMergeCommit":true,"messageTitle":"Merge branch \u0027branch-Level-5\u0027","messageBody":"","tags":["Level-5"],"fileTypesAndContributionMap":{}}]},{"date":"2026-02-12T00:00:00","commitResults":[{"hash":"5d7f9dbfc33c555bde07ae1838a72cc3abce717b","isMergeCommit":false,"messageTitle":"Forgot to push tag A-exceptions","messageBody":"","tags":["A-Exceptions","A-CodingStandard"],"fileTypesAndContributionMap":{"java":{"insertions":0,"deletions":1}}},{"hash":"aa24edfdd1a3cc096f760b0d44c4b6cf01f1c363","isMergeCommit":false,"messageTitle":"Add package structure for chrono","messageBody":"","tags":["A-Packages"],"fileTypesAndContributionMap":{"java":{"insertions":18,"deletions":0}}}]}]},"authorFileTypeContributionMap":{"Kushalshah0402":{"java":276,"md":0,"fxml":0,"sh":0,"bat":0,"gradle":0,"txt":20}},"authorContributionVariance":{"Kushalshah0402":5005.318},"authorDisplayNameMap":{"Kushalshah0402":"CS2113-T10-4 SHAH..TESH"}}
