[{"path":"src/main/java/bao/Bao.java","fileType":"java","lines":[{"lineNumber":1,"author":{"gitId":"Chanyf123"},"content":"package bao;","lastModifiedDate":"2026-02-10T19:14:16","isFullCredit":false},{"lineNumber":2,"author":{"gitId":"Chanyf123"},"content":"","lastModifiedDate":"2026-02-10T19:14:16","isFullCredit":false},{"lineNumber":3,"author":{"gitId":"Chanyf123"},"content":"import bao.task.Deadline;","lastModifiedDate":"2026-02-10T19:14:16","isFullCredit":false},{"lineNumber":4,"author":{"gitId":"Chanyf123"},"content":"import bao.task.Event;","lastModifiedDate":"2026-02-10T19:14:16","isFullCredit":false},{"lineNumber":5,"author":{"gitId":"Chanyf123"},"content":"import bao.task.Task;","lastModifiedDate":"2026-02-10T19:14:16","isFullCredit":false},{"lineNumber":6,"author":{"gitId":"Chanyf123"},"content":"import bao.task.Todo;","lastModifiedDate":"2026-02-10T19:14:16","isFullCredit":false},{"lineNumber":7,"author":{"gitId":"Chanyf123"},"content":"import java.util.Scanner;","lastModifiedDate":"2026-01-27T23:20:35","isFullCredit":false},{"lineNumber":8,"author":{"gitId":"Chanyf123"},"content":"","lastModifiedDate":"2026-01-27T23:20:35","isFullCredit":false},{"lineNumber":9,"author":{"gitId":"Chanyf123"},"content":"public class Bao {","lastModifiedDate":"2026-01-23T00:32:32","isFullCredit":false},{"lineNumber":10,"author":{"gitId":"Chanyf123"},"content":"","lastModifiedDate":"2026-02-01T18:40:37","isFullCredit":false},{"lineNumber":11,"author":{"gitId":"Chanyf123"},"content":"    public static final String HORIZONTAL_LINE \u003d \"____________________________________________________________\";","lastModifiedDate":"2026-02-01T18:40:37","isFullCredit":false},{"lineNumber":12,"author":{"gitId":"Chanyf123"},"content":"    public static final int MAX_NUM_OF_TASKS \u003d 100;","lastModifiedDate":"2026-02-01T18:40:37","isFullCredit":false},{"lineNumber":13,"author":{"gitId":"Chanyf123"},"content":"    private static final Task[] tasks \u003d new Task[MAX_NUM_OF_TASKS];","lastModifiedDate":"2026-02-10T18:23:48","isFullCredit":false},{"lineNumber":14,"author":{"gitId":"Chanyf123"},"content":"    private static int taskCount \u003d 0;","lastModifiedDate":"2026-02-08T21:16:51","isFullCredit":false},{"lineNumber":15,"author":{"gitId":"Chanyf123"},"content":"","lastModifiedDate":"2026-02-01T18:40:37","isFullCredit":false},{"lineNumber":16,"author":{"gitId":"Chanyf123"},"content":"    public static void main(String[] args) {","lastModifiedDate":"2026-01-23T00:32:32","isFullCredit":false},{"lineNumber":17,"author":{"gitId":"Chanyf123"},"content":"        showWelcomeMessage();","lastModifiedDate":"2026-02-01T18:40:37","isFullCredit":false},{"lineNumber":18,"author":{"gitId":"Chanyf123"},"content":"        Scanner in \u003d new Scanner(System.in);","lastModifiedDate":"2026-01-27T23:20:35","isFullCredit":false},{"lineNumber":19,"author":{"gitId":"Chanyf123"},"content":"","lastModifiedDate":"2026-01-27T23:20:35","isFullCredit":false},{"lineNumber":20,"author":{"gitId":"Chanyf123"},"content":"        while (true) {","lastModifiedDate":"2026-01-27T23:20:35","isFullCredit":false},{"lineNumber":21,"author":{"gitId":"Chanyf123"},"content":"            String userInput \u003d in.nextLine();","lastModifiedDate":"2026-01-28T10:18:29","isFullCredit":false},{"lineNumber":22,"author":{"gitId":"Chanyf123"},"content":"            if (userInput.trim().isEmpty()) continue; // Skip empty inputs","lastModifiedDate":"2026-02-10T17:19:47","isFullCredit":false},{"lineNumber":23,"author":{"gitId":"Chanyf123"},"content":"            String command \u003d userInput.split(\" \")[0].toLowerCase(); //Splitting to get the command user input (e.g., \"todo\", \"deadline\") in lowercase","lastModifiedDate":"2026-02-08T21:16:51","isFullCredit":false},{"lineNumber":24,"author":{"gitId":"Chanyf123"},"content":"","lastModifiedDate":"2026-02-10T17:19:47","isFullCredit":false},{"lineNumber":25,"author":{"gitId":"Chanyf123"},"content":"            try {","lastModifiedDate":"2026-02-10T17:19:47","isFullCredit":false},{"lineNumber":26,"author":{"gitId":"Chanyf123"},"content":"                System.out.println(HORIZONTAL_LINE);","lastModifiedDate":"2026-01-31T22:48:19","isFullCredit":false},{"lineNumber":27,"author":{"gitId":"Chanyf123"},"content":"","lastModifiedDate":"2026-01-27T23:20:35","isFullCredit":false},{"lineNumber":28,"author":{"gitId":"Chanyf123"},"content":"                switch (command) {","lastModifiedDate":"2026-02-08T21:16:51","isFullCredit":false},{"lineNumber":29,"author":{"gitId":"Chanyf123"},"content":"                case \"bye\":","lastModifiedDate":"2026-02-08T21:16:51","isFullCredit":false},{"lineNumber":30,"author":{"gitId":"Chanyf123"},"content":"                    showExitMessage();","lastModifiedDate":"2026-02-01T18:46:12","isFullCredit":false},{"lineNumber":31,"author":{"gitId":"Chanyf123"},"content":"                    return;","lastModifiedDate":"2026-02-08T21:16:51","isFullCredit":false},{"lineNumber":32,"author":{"gitId":"Chanyf123"},"content":"                case \"list\":","lastModifiedDate":"2026-02-08T21:16:51","isFullCredit":false},{"lineNumber":33,"author":{"gitId":"Chanyf123"},"content":"                    showTaskList();","lastModifiedDate":"2026-02-08T21:16:51","isFullCredit":false},{"lineNumber":34,"author":{"gitId":"Chanyf123"},"content":"                    break;","lastModifiedDate":"2026-01-27T23:20:35","isFullCredit":false},{"lineNumber":35,"author":{"gitId":"Chanyf123"},"content":"                case \"mark\":","lastModifiedDate":"2026-02-08T21:16:51","isFullCredit":false},{"lineNumber":36,"author":{"gitId":"Chanyf123"},"content":"                    handleMarkStatus(userInput, true);","lastModifiedDate":"2026-02-08T21:16:51","isFullCredit":false},{"lineNumber":37,"author":{"gitId":"Chanyf123"},"content":"                    break;","lastModifiedDate":"2026-02-08T21:16:51","isFullCredit":false},{"lineNumber":38,"author":{"gitId":"Chanyf123"},"content":"                case \"unmark\":","lastModifiedDate":"2026-02-08T21:16:51","isFullCredit":false},{"lineNumber":39,"author":{"gitId":"Chanyf123"},"content":"                    handleMarkStatus(userInput, false);","lastModifiedDate":"2026-02-08T21:16:51","isFullCredit":false},{"lineNumber":40,"author":{"gitId":"Chanyf123"},"content":"                    break;","lastModifiedDate":"2026-02-08T21:16:51","isFullCredit":false},{"lineNumber":41,"author":{"gitId":"Chanyf123"},"content":"                case \"todo\":","lastModifiedDate":"2026-02-08T21:16:51","isFullCredit":false},{"lineNumber":42,"author":{"gitId":"Chanyf123"},"content":"                    addToDo(userInput);","lastModifiedDate":"2026-02-08T21:16:51","isFullCredit":false},{"lineNumber":43,"author":{"gitId":"Chanyf123"},"content":"                    break;","lastModifiedDate":"2026-02-08T21:16:51","isFullCredit":false},{"lineNumber":44,"author":{"gitId":"Chanyf123"},"content":"                case \"deadline\":","lastModifiedDate":"2026-02-08T21:16:51","isFullCredit":false},{"lineNumber":45,"author":{"gitId":"Chanyf123"},"content":"                    addDeadline(userInput);","lastModifiedDate":"2026-02-08T21:16:51","isFullCredit":false},{"lineNumber":46,"author":{"gitId":"Chanyf123"},"content":"                    break;","lastModifiedDate":"2026-02-08T21:16:51","isFullCredit":false},{"lineNumber":47,"author":{"gitId":"Chanyf123"},"content":"                case \"event\":","lastModifiedDate":"2026-02-08T21:16:51","isFullCredit":false},{"lineNumber":48,"author":{"gitId":"Chanyf123"},"content":"                    addEvent(userInput);","lastModifiedDate":"2026-02-08T21:16:51","isFullCredit":false},{"lineNumber":49,"author":{"gitId":"Chanyf123"},"content":"                    break;","lastModifiedDate":"2026-02-08T21:16:51","isFullCredit":false},{"lineNumber":50,"author":{"gitId":"Chanyf123"},"content":"                default:","lastModifiedDate":"2026-02-08T21:16:51","isFullCredit":false},{"lineNumber":51,"author":{"gitId":"Chanyf123"},"content":"                    throw new BaoException(\"I\u0027m sorry, but I don\u0027t know what \u0027\" + command + \"\u0027 means :(\\n\" +","lastModifiedDate":"2026-02-10T17:48:26","isFullCredit":false},{"lineNumber":52,"author":{"gitId":"Chanyf123"},"content":"                            \" Here is a quick guide on how to use Bao:\\n\" +","lastModifiedDate":"2026-02-10T17:48:26","isFullCredit":false},{"lineNumber":53,"author":{"gitId":"Chanyf123"},"content":"                            \"  - todo \u003ctask description\u003e\\n\" +","lastModifiedDate":"2026-02-10T17:48:26","isFullCredit":false},{"lineNumber":54,"author":{"gitId":"Chanyf123"},"content":"                            \"  - deadline \u003ctask description\u003e /by \u003cdate/time\u003e\\n\" +","lastModifiedDate":"2026-02-10T17:48:26","isFullCredit":false},{"lineNumber":55,"author":{"gitId":"Chanyf123"},"content":"                            \"  - event \u003cevent description\u003e /from \u003cstart\u003e /to \u003cend\u003e\\n\" +","lastModifiedDate":"2026-02-10T17:48:26","isFullCredit":false},{"lineNumber":56,"author":{"gitId":"Chanyf123"},"content":"                            \"  - list : view all added tasks\\n\" +","lastModifiedDate":"2026-02-10T17:48:26","isFullCredit":false},{"lineNumber":57,"author":{"gitId":"Chanyf123"},"content":"                            \"  - mark/unmark \u003cindex\u003e : change task status\\n\" +","lastModifiedDate":"2026-02-10T17:48:26","isFullCredit":false},{"lineNumber":58,"author":{"gitId":"Chanyf123"},"content":"                            \"  - bye : exit the program\");","lastModifiedDate":"2026-02-10T17:48:26","isFullCredit":false},{"lineNumber":59,"author":{"gitId":"Chanyf123"},"content":"                }","lastModifiedDate":"2026-02-08T21:16:51","isFullCredit":false},{"lineNumber":60,"author":{"gitId":"Chanyf123"},"content":"            } catch (BaoException e) {","lastModifiedDate":"2026-02-10T17:19:47","isFullCredit":false},{"lineNumber":61,"author":{"gitId":"Chanyf123"},"content":"                System.out.println(e.getMessage());","lastModifiedDate":"2026-02-10T17:48:26","isFullCredit":false},{"lineNumber":62,"author":{"gitId":"Chanyf123"},"content":"            } catch (NumberFormatException e) {","lastModifiedDate":"2026-02-10T17:19:47","isFullCredit":false},{"lineNumber":63,"author":{"gitId":"Chanyf123"},"content":"                System.out.println(\" OOPS!!! \" + BaoException.INVALID_NUM);","lastModifiedDate":"2026-02-10T17:19:47","isFullCredit":false},{"lineNumber":64,"author":{"gitId":"Chanyf123"},"content":"            } finally {","lastModifiedDate":"2026-02-10T17:19:47","isFullCredit":false},{"lineNumber":65,"author":{"gitId":"Chanyf123"},"content":"                System.out.println(HORIZONTAL_LINE);","lastModifiedDate":"2026-02-08T21:16:51","isFullCredit":false},{"lineNumber":66,"author":{"gitId":"Chanyf123"},"content":"            }","lastModifiedDate":"2026-02-08T21:16:51","isFullCredit":false},{"lineNumber":67,"author":{"gitId":"Chanyf123"},"content":"        }","lastModifiedDate":"2026-02-08T21:16:51","isFullCredit":false},{"lineNumber":68,"author":{"gitId":"Chanyf123"},"content":"    }","lastModifiedDate":"2026-02-10T17:19:47","isFullCredit":false},{"lineNumber":69,"author":{"gitId":"Chanyf123"},"content":"","lastModifiedDate":"2026-02-08T21:16:51","isFullCredit":false},{"lineNumber":70,"author":{"gitId":"Chanyf123"},"content":"    private static void addToDo(String input) throws BaoException {","lastModifiedDate":"2026-02-10T17:19:47","isFullCredit":false},{"lineNumber":71,"author":{"gitId":"Chanyf123"},"content":"        // Check if user just typed \"todo\" without description","lastModifiedDate":"2026-02-10T17:19:47","isFullCredit":false},{"lineNumber":72,"author":{"gitId":"Chanyf123"},"content":"        String description \u003d input.length() \u003e 4 ? input.substring(5).trim() : \"\";","lastModifiedDate":"2026-02-10T17:19:47","isFullCredit":false},{"lineNumber":73,"author":{"gitId":"Chanyf123"},"content":"        if (description.isEmpty()) {","lastModifiedDate":"2026-02-10T17:19:47","isFullCredit":false},{"lineNumber":74,"author":{"gitId":"Chanyf123"},"content":"            throw new BaoException(BaoException.DESC_EMPTY);","lastModifiedDate":"2026-02-10T17:19:47","isFullCredit":false},{"lineNumber":75,"author":{"gitId":"Chanyf123"},"content":"        }","lastModifiedDate":"2026-02-08T21:16:51","isFullCredit":false},{"lineNumber":76,"author":{"gitId":"Chanyf123"},"content":"","lastModifiedDate":"2026-02-08T21:16:51","isFullCredit":false},{"lineNumber":77,"author":{"gitId":"Chanyf123"},"content":"        tasks[taskCount] \u003d new Todo(description);","lastModifiedDate":"2026-02-10T17:19:47","isFullCredit":false},{"lineNumber":78,"author":{"gitId":"Chanyf123"},"content":"        taskCount++;","lastModifiedDate":"2026-02-02T13:45:42","isFullCredit":false},{"lineNumber":79,"author":{"gitId":"Chanyf123"},"content":"        showTaskAddedResponse();","lastModifiedDate":"2026-02-08T21:16:51","isFullCredit":false},{"lineNumber":80,"author":{"gitId":"Chanyf123"},"content":"    }","lastModifiedDate":"2026-02-08T21:16:51","isFullCredit":false},{"lineNumber":81,"author":{"gitId":"Chanyf123"},"content":"","lastModifiedDate":"2026-02-08T21:16:51","isFullCredit":false},{"lineNumber":82,"author":{"gitId":"Chanyf123"},"content":"    private static void addDeadline(String input) throws BaoException {","lastModifiedDate":"2026-02-10T17:19:47","isFullCredit":false},{"lineNumber":83,"author":{"gitId":"Chanyf123"},"content":"        // Check if user input is missing \"/by\" or without any description","lastModifiedDate":"2026-02-10T17:19:47","isFullCredit":false},{"lineNumber":84,"author":{"gitId":"Chanyf123"},"content":"        if (input.trim().length() \u003c\u003d 8) {","lastModifiedDate":"2026-02-10T18:23:48","isFullCredit":false},{"lineNumber":85,"author":{"gitId":"Chanyf123"},"content":"            throw new BaoException(BaoException.DESC_EMPTY);","lastModifiedDate":"2026-02-10T18:23:48","isFullCredit":false},{"lineNumber":86,"author":{"gitId":"Chanyf123"},"content":"        }","lastModifiedDate":"2026-02-10T18:23:48","isFullCredit":false},{"lineNumber":87,"author":{"gitId":"Chanyf123"},"content":"        if (!input.contains(\" /by \")) {","lastModifiedDate":"2026-02-10T17:19:47","isFullCredit":false},{"lineNumber":88,"author":{"gitId":"Chanyf123"},"content":"            throw new BaoException(BaoException.MISSING_BY);","lastModifiedDate":"2026-02-10T17:19:47","isFullCredit":false},{"lineNumber":89,"author":{"gitId":"Chanyf123"},"content":"        }","lastModifiedDate":"2026-02-10T17:19:47","isFullCredit":false},{"lineNumber":90,"author":{"gitId":"Chanyf123"},"content":"        String[] parts \u003d input.substring(9).trim().split(\" /by \", 2);","lastModifiedDate":"2026-02-10T18:23:48","isFullCredit":false},{"lineNumber":91,"author":{"gitId":"Chanyf123"},"content":"        if (parts.length \u003c 2 || parts[0].trim().isEmpty() || parts[1].trim().isEmpty()) {","lastModifiedDate":"2026-02-10T18:23:48","isFullCredit":false},{"lineNumber":92,"author":{"gitId":"Chanyf123"},"content":"            throw new BaoException(BaoException.DESC_EMPTY);","lastModifiedDate":"2026-02-10T17:19:47","isFullCredit":false},{"lineNumber":93,"author":{"gitId":"Chanyf123"},"content":"        }","lastModifiedDate":"2026-02-10T17:19:47","isFullCredit":false},{"lineNumber":94,"author":{"gitId":"Chanyf123"},"content":"","lastModifiedDate":"2026-02-10T17:19:47","isFullCredit":false},{"lineNumber":95,"author":{"gitId":"Chanyf123"},"content":"        tasks[taskCount] \u003d new Deadline(parts[0].trim(), parts[1].trim());","lastModifiedDate":"2026-02-10T17:19:47","isFullCredit":false},{"lineNumber":96,"author":{"gitId":"Chanyf123"},"content":"        taskCount++;","lastModifiedDate":"2026-02-02T13:45:42","isFullCredit":false},{"lineNumber":97,"author":{"gitId":"Chanyf123"},"content":"        showTaskAddedResponse();","lastModifiedDate":"2026-02-08T21:16:51","isFullCredit":false},{"lineNumber":98,"author":{"gitId":"Chanyf123"},"content":"    }","lastModifiedDate":"2026-02-08T21:16:51","isFullCredit":false},{"lineNumber":99,"author":{"gitId":"Chanyf123"},"content":"","lastModifiedDate":"2026-02-08T21:16:51","isFullCredit":false},{"lineNumber":100,"author":{"gitId":"Chanyf123"},"content":"    private static void addEvent(String input) throws BaoException {","lastModifiedDate":"2026-02-10T17:19:47","isFullCredit":false},{"lineNumber":101,"author":{"gitId":"Chanyf123"},"content":"        // Check if user did not include \"/from\" or \"/to\" or without any description","lastModifiedDate":"2026-02-10T17:19:47","isFullCredit":false},{"lineNumber":102,"author":{"gitId":"Chanyf123"},"content":"        if (!input.contains(\" /from \") || !input.contains(\" /to \")) {","lastModifiedDate":"2026-02-10T17:19:47","isFullCredit":false},{"lineNumber":103,"author":{"gitId":"Chanyf123"},"content":"            throw new BaoException(BaoException.MISSING_EVENT_INFO);","lastModifiedDate":"2026-02-10T17:19:47","isFullCredit":false},{"lineNumber":104,"author":{"gitId":"Chanyf123"},"content":"        }","lastModifiedDate":"2026-02-10T17:19:47","isFullCredit":false},{"lineNumber":105,"author":{"gitId":"Chanyf123"},"content":"        String[] parts \u003d input.substring(6).split(\" /from | /to \", 3);","lastModifiedDate":"2026-02-10T17:19:47","isFullCredit":false},{"lineNumber":106,"author":{"gitId":"Chanyf123"},"content":"        if (parts.length \u003c 3 || parts[0].trim().isEmpty()) {","lastModifiedDate":"2026-02-10T17:19:47","isFullCredit":false},{"lineNumber":107,"author":{"gitId":"Chanyf123"},"content":"            throw new BaoException(BaoException.DESC_EMPTY);","lastModifiedDate":"2026-02-10T17:19:47","isFullCredit":false},{"lineNumber":108,"author":{"gitId":"Chanyf123"},"content":"        }","lastModifiedDate":"2026-02-10T17:19:47","isFullCredit":false},{"lineNumber":109,"author":{"gitId":"Chanyf123"},"content":"","lastModifiedDate":"2026-02-10T17:19:47","isFullCredit":false},{"lineNumber":110,"author":{"gitId":"Chanyf123"},"content":"        tasks[taskCount] \u003d new Event(parts[0].trim(), parts[1].trim(), parts[2].trim());","lastModifiedDate":"2026-02-10T17:19:47","isFullCredit":false},{"lineNumber":111,"author":{"gitId":"Chanyf123"},"content":"        taskCount++;","lastModifiedDate":"2026-01-28T10:18:29","isFullCredit":false},{"lineNumber":112,"author":{"gitId":"Chanyf123"},"content":"        showTaskAddedResponse();","lastModifiedDate":"2026-02-10T17:19:47","isFullCredit":false},{"lineNumber":113,"author":{"gitId":"Chanyf123"},"content":"    }","lastModifiedDate":"2026-01-23T00:32:32","isFullCredit":false},{"lineNumber":114,"author":{"gitId":"Chanyf123"},"content":"","lastModifiedDate":"2026-02-08T21:16:51","isFullCredit":false},{"lineNumber":115,"author":{"gitId":"Chanyf123"},"content":"    private static void handleMarkStatus(String input, boolean isDone) throws BaoException {","lastModifiedDate":"2026-02-10T17:19:47","isFullCredit":false},{"lineNumber":116,"author":{"gitId":"Chanyf123"},"content":"        // Check if user entered a valid task number or if number is out of range","lastModifiedDate":"2026-02-10T17:19:47","isFullCredit":false},{"lineNumber":117,"author":{"gitId":"Chanyf123"},"content":"        String[] parts \u003d input.split(\" \");","lastModifiedDate":"2026-02-08T21:16:51","isFullCredit":false},{"lineNumber":118,"author":{"gitId":"Chanyf123"},"content":"        if (parts.length \u003c 2) {","lastModifiedDate":"2026-02-10T17:19:47","isFullCredit":false},{"lineNumber":119,"author":{"gitId":"Chanyf123"},"content":"            throw new BaoException(BaoException.INVALID_NUM);","lastModifiedDate":"2026-02-10T17:19:47","isFullCredit":false},{"lineNumber":120,"author":{"gitId":"Chanyf123"},"content":"        }","lastModifiedDate":"2026-02-10T17:19:47","isFullCredit":false},{"lineNumber":121,"author":{"gitId":"Chanyf123"},"content":"","lastModifiedDate":"2026-02-10T17:19:47","isFullCredit":false},{"lineNumber":122,"author":{"gitId":"Chanyf123"},"content":"        int index \u003d Integer.parseInt(parts[1]) - 1;","lastModifiedDate":"2026-02-08T21:16:51","isFullCredit":false},{"lineNumber":123,"author":{"gitId":"Chanyf123"},"content":"        if (index \u003c 0 || index \u003e\u003d taskCount) {","lastModifiedDate":"2026-02-10T17:19:47","isFullCredit":false},{"lineNumber":124,"author":{"gitId":"Chanyf123"},"content":"            throw new BaoException(BaoException.OUT_OF_BOUNDS);","lastModifiedDate":"2026-02-10T17:19:47","isFullCredit":false},{"lineNumber":125,"author":{"gitId":"Chanyf123"},"content":"        }","lastModifiedDate":"2026-02-10T17:19:47","isFullCredit":false},{"lineNumber":126,"author":{"gitId":"Chanyf123"},"content":"","lastModifiedDate":"2026-02-08T21:16:51","isFullCredit":false},{"lineNumber":127,"author":{"gitId":"Chanyf123"},"content":"        if (isDone) {","lastModifiedDate":"2026-02-08T21:16:51","isFullCredit":false},{"lineNumber":128,"author":{"gitId":"Chanyf123"},"content":"            tasks[index].markAsDone();","lastModifiedDate":"2026-02-08T21:16:51","isFullCredit":false},{"lineNumber":129,"author":{"gitId":"Chanyf123"},"content":"            System.out.println(\" Nice! I\u0027ve marked this task as done:\");","lastModifiedDate":"2026-02-08T21:16:51","isFullCredit":false},{"lineNumber":130,"author":{"gitId":"Chanyf123"},"content":"        } else {","lastModifiedDate":"2026-02-08T21:16:51","isFullCredit":false},{"lineNumber":131,"author":{"gitId":"Chanyf123"},"content":"            tasks[index].markAsNotDone();","lastModifiedDate":"2026-02-08T21:16:51","isFullCredit":false},{"lineNumber":132,"author":{"gitId":"Chanyf123"},"content":"            System.out.println(\" OK, I\u0027ve marked this task as not done yet:\");","lastModifiedDate":"2026-02-08T21:16:51","isFullCredit":false},{"lineNumber":133,"author":{"gitId":"Chanyf123"},"content":"        }","lastModifiedDate":"2026-02-08T21:16:51","isFullCredit":false},{"lineNumber":134,"author":{"gitId":"Chanyf123"},"content":"        System.out.println(\"   \" + tasks[index].toString());","lastModifiedDate":"2026-02-08T21:16:51","isFullCredit":false},{"lineNumber":135,"author":{"gitId":"Chanyf123"},"content":"    }","lastModifiedDate":"2026-01-23T00:32:32","isFullCredit":false},{"lineNumber":136,"author":{"gitId":"Chanyf123"},"content":"","lastModifiedDate":"2026-02-08T21:16:51","isFullCredit":false},{"lineNumber":137,"author":{"gitId":"Chanyf123"},"content":"    private static void showTaskAddedResponse() {","lastModifiedDate":"2026-02-08T21:16:51","isFullCredit":false},{"lineNumber":138,"author":{"gitId":"Chanyf123"},"content":"        System.out.println(\" Got it. I\u0027ve added this task:\");","lastModifiedDate":"2026-02-08T21:16:51","isFullCredit":false},{"lineNumber":139,"author":{"gitId":"Chanyf123"},"content":"        System.out.println(\"   \" + tasks[taskCount - 1].toString());","lastModifiedDate":"2026-02-08T21:16:51","isFullCredit":false},{"lineNumber":140,"author":{"gitId":"Chanyf123"},"content":"        System.out.println(\" Now you have \" + taskCount + \" tasks in the list.\");","lastModifiedDate":"2026-02-08T21:16:51","isFullCredit":false},{"lineNumber":141,"author":{"gitId":"Chanyf123"},"content":"    }","lastModifiedDate":"2026-01-27T23:20:35","isFullCredit":false},{"lineNumber":142,"author":{"gitId":"Chanyf123"},"content":"","lastModifiedDate":"2026-02-01T18:40:37","isFullCredit":false},{"lineNumber":143,"author":{"gitId":"Chanyf123"},"content":"    private static void showTaskList() {","lastModifiedDate":"2026-02-08T21:16:51","isFullCredit":false},{"lineNumber":144,"author":{"gitId":"Chanyf123"},"content":"        System.out.println(\" Here are the tasks in your list:\");","lastModifiedDate":"2026-02-01T18:50:27","isFullCredit":false},{"lineNumber":145,"author":{"gitId":"Chanyf123"},"content":"        for (int i \u003d 0; i \u003c taskCount; i++) {","lastModifiedDate":"2026-02-01T18:50:27","isFullCredit":false},{"lineNumber":146,"author":{"gitId":"Chanyf123"},"content":"            System.out.println(\" \" + (i + 1) + \". \" + tasks[i].toString());","lastModifiedDate":"2026-02-02T13:45:42","isFullCredit":false},{"lineNumber":147,"author":{"gitId":"Chanyf123"},"content":"        }","lastModifiedDate":"2026-02-01T18:50:27","isFullCredit":false},{"lineNumber":148,"author":{"gitId":"Chanyf123"},"content":"    }","lastModifiedDate":"2026-02-01T18:50:27","isFullCredit":false},{"lineNumber":149,"author":{"gitId":"Chanyf123"},"content":"","lastModifiedDate":"2026-02-01T18:50:27","isFullCredit":false},{"lineNumber":150,"author":{"gitId":"Chanyf123"},"content":"    private static void showExitMessage() {","lastModifiedDate":"2026-02-01T18:46:12","isFullCredit":false},{"lineNumber":151,"author":{"gitId":"Chanyf123"},"content":"        System.out.println(\"Bye. Hope to see you again soon!\");","lastModifiedDate":"2026-02-01T18:46:12","isFullCredit":false},{"lineNumber":152,"author":{"gitId":"Chanyf123"},"content":"        System.out.println(HORIZONTAL_LINE);","lastModifiedDate":"2026-02-01T18:46:12","isFullCredit":false},{"lineNumber":153,"author":{"gitId":"Chanyf123"},"content":"    }","lastModifiedDate":"2026-02-01T18:46:12","isFullCredit":false},{"lineNumber":154,"author":{"gitId":"Chanyf123"},"content":"","lastModifiedDate":"2026-02-01T18:46:12","isFullCredit":false},{"lineNumber":155,"author":{"gitId":"Chanyf123"},"content":"    private static void showWelcomeMessage() {","lastModifiedDate":"2026-02-01T18:40:37","isFullCredit":false},{"lineNumber":156,"author":{"gitId":"Chanyf123"},"content":"        String logo \u003d \"\"\"","lastModifiedDate":"2026-02-10T18:23:48","isFullCredit":false},{"lineNumber":157,"author":{"gitId":"Chanyf123"},"content":"                      (  (  ( \\s","lastModifiedDate":"2026-02-10T18:23:48","isFullCredit":false},{"lineNumber":158,"author":{"gitId":"Chanyf123"},"content":"                       )  )  )","lastModifiedDate":"2026-02-10T18:23:48","isFullCredit":false},{"lineNumber":159,"author":{"gitId":"Chanyf123"},"content":"                      _________","lastModifiedDate":"2026-02-10T18:23:48","isFullCredit":false},{"lineNumber":160,"author":{"gitId":"Chanyf123"},"content":"                     /   \\\\|/   \\\\","lastModifiedDate":"2026-02-10T18:23:48","isFullCredit":false},{"lineNumber":161,"author":{"gitId":"Chanyf123"},"content":"                    |  o     o  |","lastModifiedDate":"2026-02-10T18:23:48","isFullCredit":false},{"lineNumber":162,"author":{"gitId":"Chanyf123"},"content":"                     \\\\____V____/\\","lastModifiedDate":"2026-02-10T18:23:48","isFullCredit":false},{"lineNumber":163,"author":{"gitId":"Chanyf123"},"content":"                \"\"\";","lastModifiedDate":"2026-02-10T18:23:48","isFullCredit":false},{"lineNumber":164,"author":{"gitId":"Chanyf123"},"content":"        System.out.println(HORIZONTAL_LINE);","lastModifiedDate":"2026-02-01T18:40:37","isFullCredit":false},{"lineNumber":165,"author":{"gitId":"Chanyf123"},"content":"        System.out.println(\"Hello! I\u0027m Bao\");","lastModifiedDate":"2026-02-01T18:40:37","isFullCredit":false},{"lineNumber":166,"author":{"gitId":"Chanyf123"},"content":"        System.out.println(logo);","lastModifiedDate":"2026-02-10T17:56:15","isFullCredit":false},{"lineNumber":167,"author":{"gitId":"Chanyf123"},"content":"        System.out.println(\"What can I do for you?\");","lastModifiedDate":"2026-02-01T18:40:37","isFullCredit":false},{"lineNumber":168,"author":{"gitId":"Chanyf123"},"content":"        System.out.println(HORIZONTAL_LINE);","lastModifiedDate":"2026-02-01T18:40:37","isFullCredit":false},{"lineNumber":169,"author":{"gitId":"Chanyf123"},"content":"    }","lastModifiedDate":"2026-02-01T18:40:37","isFullCredit":false},{"lineNumber":170,"author":{"gitId":"Chanyf123"},"content":"}","lastModifiedDate":"2026-01-27T23:20:35","isFullCredit":false}],"authorContributionMap":{"Chanyf123":170}},{"path":"src/main/java/bao/BaoException.java","fileType":"java","lines":[{"lineNumber":1,"author":{"gitId":"Chanyf123"},"content":"package bao;","lastModifiedDate":"2026-02-10T19:14:16","isFullCredit":false},{"lineNumber":2,"author":{"gitId":"Chanyf123"},"content":"","lastModifiedDate":"2026-02-10T19:14:16","isFullCredit":false},{"lineNumber":3,"author":{"gitId":"Chanyf123"},"content":"public class BaoException extends Exception {","lastModifiedDate":"2026-02-10T17:19:47","isFullCredit":false},{"lineNumber":4,"author":{"gitId":"Chanyf123"},"content":"    public static final String DESC_EMPTY \u003d \"The task description cannot be empty! Please add a task name.\";","lastModifiedDate":"2026-02-10T18:23:48","isFullCredit":false},{"lineNumber":5,"author":{"gitId":"Chanyf123"},"content":"    public static final String OUT_OF_BOUNDS \u003d \"That task index is out of range.\";","lastModifiedDate":"2026-02-10T17:19:47","isFullCredit":false},{"lineNumber":6,"author":{"gitId":"Chanyf123"},"content":"    public static final String INVALID_NUM \u003d \"Please provide a valid task number.\";","lastModifiedDate":"2026-02-10T17:19:47","isFullCredit":false},{"lineNumber":7,"author":{"gitId":"Chanyf123"},"content":"    public static final String MISSING_BY \u003d \"Deadlines must be in this format \u0027\u003ctask\u003e /by \u003cdate/time\u003e\u0027\";","lastModifiedDate":"2026-02-10T18:23:48","isFullCredit":false},{"lineNumber":8,"author":{"gitId":"Chanyf123"},"content":"    public static final String MISSING_EVENT_INFO \u003d \"Events must include \u0027 /from \u0027 and \u0027 /to \u0027 with times.\";","lastModifiedDate":"2026-02-10T17:19:47","isFullCredit":false},{"lineNumber":9,"author":{"gitId":"Chanyf123"},"content":"","lastModifiedDate":"2026-02-10T17:19:47","isFullCredit":false},{"lineNumber":10,"author":{"gitId":"Chanyf123"},"content":"    public BaoException(String message) {","lastModifiedDate":"2026-02-10T17:19:47","isFullCredit":false},{"lineNumber":11,"author":{"gitId":"Chanyf123"},"content":"        super(message);","lastModifiedDate":"2026-02-10T17:19:47","isFullCredit":false},{"lineNumber":12,"author":{"gitId":"Chanyf123"},"content":"    }","lastModifiedDate":"2026-02-10T17:19:47","isFullCredit":false},{"lineNumber":13,"author":{"gitId":"Chanyf123"},"content":"}","lastModifiedDate":"2026-02-10T17:19:47","isFullCredit":false}],"authorContributionMap":{"Chanyf123":13}},{"path":"src/main/java/bao/task/Deadline.java","fileType":"java","lines":[{"lineNumber":1,"author":{"gitId":"Chanyf123"},"content":"package bao.task;","lastModifiedDate":"2026-02-10T19:14:16","isFullCredit":false},{"lineNumber":2,"author":{"gitId":"Chanyf123"},"content":"","lastModifiedDate":"2026-02-10T19:14:16","isFullCredit":false},{"lineNumber":3,"author":{"gitId":"Chanyf123"},"content":"public class Deadline extends Task {","lastModifiedDate":"2026-02-02T13:45:42","isFullCredit":false},{"lineNumber":4,"author":{"gitId":"Chanyf123"},"content":"","lastModifiedDate":"2026-02-02T13:45:42","isFullCredit":false},{"lineNumber":5,"author":{"gitId":"Chanyf123"},"content":"    protected String by;","lastModifiedDate":"2026-02-02T13:45:42","isFullCredit":false},{"lineNumber":6,"author":{"gitId":"Chanyf123"},"content":"","lastModifiedDate":"2026-02-02T13:45:42","isFullCredit":false},{"lineNumber":7,"author":{"gitId":"Chanyf123"},"content":"    public Deadline(String description, String by) {","lastModifiedDate":"2026-02-02T13:45:42","isFullCredit":false},{"lineNumber":8,"author":{"gitId":"Chanyf123"},"content":"        super(description);","lastModifiedDate":"2026-02-02T13:45:42","isFullCredit":false},{"lineNumber":9,"author":{"gitId":"Chanyf123"},"content":"        this.by \u003d by;","lastModifiedDate":"2026-02-02T13:45:42","isFullCredit":false},{"lineNumber":10,"author":{"gitId":"Chanyf123"},"content":"    }","lastModifiedDate":"2026-02-02T13:45:42","isFullCredit":false},{"lineNumber":11,"author":{"gitId":"Chanyf123"},"content":"","lastModifiedDate":"2026-02-02T13:45:42","isFullCredit":false},{"lineNumber":12,"author":{"gitId":"Chanyf123"},"content":"    @Override","lastModifiedDate":"2026-02-02T13:45:42","isFullCredit":false},{"lineNumber":13,"author":{"gitId":"Chanyf123"},"content":"    public String toString() {","lastModifiedDate":"2026-02-02T13:45:42","isFullCredit":false},{"lineNumber":14,"author":{"gitId":"Chanyf123"},"content":"        return \"[D]\" + super.toString() + \" (by: \" + by + \")\";","lastModifiedDate":"2026-02-02T13:45:42","isFullCredit":false},{"lineNumber":15,"author":{"gitId":"Chanyf123"},"content":"    }","lastModifiedDate":"2026-02-02T13:45:42","isFullCredit":false},{"lineNumber":16,"author":{"gitId":"Chanyf123"},"content":"}","lastModifiedDate":"2026-02-02T13:45:42","isFullCredit":false}],"authorContributionMap":{"Chanyf123":16}},{"path":"src/main/java/bao/task/Event.java","fileType":"java","lines":[{"lineNumber":1,"author":{"gitId":"Chanyf123"},"content":"package bao.task;","lastModifiedDate":"2026-02-10T19:14:16","isFullCredit":false},{"lineNumber":2,"author":{"gitId":"Chanyf123"},"content":"","lastModifiedDate":"2026-02-10T19:14:16","isFullCredit":false},{"lineNumber":3,"author":{"gitId":"Chanyf123"},"content":"public class Event extends Task {","lastModifiedDate":"2026-02-02T13:45:42","isFullCredit":false},{"lineNumber":4,"author":{"gitId":"Chanyf123"},"content":"","lastModifiedDate":"2026-02-02T13:45:42","isFullCredit":false},{"lineNumber":5,"author":{"gitId":"Chanyf123"},"content":"    protected String from;","lastModifiedDate":"2026-02-02T13:45:42","isFullCredit":false},{"lineNumber":6,"author":{"gitId":"Chanyf123"},"content":"    protected String to;","lastModifiedDate":"2026-02-02T13:45:42","isFullCredit":false},{"lineNumber":7,"author":{"gitId":"Chanyf123"},"content":"","lastModifiedDate":"2026-02-02T13:45:42","isFullCredit":false},{"lineNumber":8,"author":{"gitId":"Chanyf123"},"content":"    public Event(String description, String start, String end) {","lastModifiedDate":"2026-02-02T13:45:42","isFullCredit":false},{"lineNumber":9,"author":{"gitId":"Chanyf123"},"content":"        super(description);","lastModifiedDate":"2026-02-02T13:45:42","isFullCredit":false},{"lineNumber":10,"author":{"gitId":"Chanyf123"},"content":"        this.from \u003d start;","lastModifiedDate":"2026-02-02T13:45:42","isFullCredit":false},{"lineNumber":11,"author":{"gitId":"Chanyf123"},"content":"        this.to \u003d end;","lastModifiedDate":"2026-02-02T13:45:42","isFullCredit":false},{"lineNumber":12,"author":{"gitId":"Chanyf123"},"content":"    }","lastModifiedDate":"2026-02-02T13:45:42","isFullCredit":false},{"lineNumber":13,"author":{"gitId":"Chanyf123"},"content":"","lastModifiedDate":"2026-02-02T13:45:42","isFullCredit":false},{"lineNumber":14,"author":{"gitId":"Chanyf123"},"content":"    @Override","lastModifiedDate":"2026-02-02T13:45:42","isFullCredit":false},{"lineNumber":15,"author":{"gitId":"Chanyf123"},"content":"    public String toString() {","lastModifiedDate":"2026-02-02T13:45:42","isFullCredit":false},{"lineNumber":16,"author":{"gitId":"Chanyf123"},"content":"        return \"[E]\" + super.toString() + \" (from: \" + from + \" to: \" + to + \")\";","lastModifiedDate":"2026-02-02T13:45:42","isFullCredit":false},{"lineNumber":17,"author":{"gitId":"Chanyf123"},"content":"    }","lastModifiedDate":"2026-02-02T13:45:42","isFullCredit":false},{"lineNumber":18,"author":{"gitId":"Chanyf123"},"content":"}","lastModifiedDate":"2026-02-02T13:45:42","isFullCredit":false}],"authorContributionMap":{"Chanyf123":18}},{"path":"src/main/java/bao/task/Task.java","fileType":"java","lines":[{"lineNumber":1,"author":{"gitId":"Chanyf123"},"content":"package bao.task;","lastModifiedDate":"2026-02-10T19:14:16","isFullCredit":false},{"lineNumber":2,"author":{"gitId":"Chanyf123"},"content":"","lastModifiedDate":"2026-02-10T19:14:16","isFullCredit":false},{"lineNumber":3,"author":{"gitId":"Chanyf123"},"content":"public class Task {","lastModifiedDate":"2026-01-28T10:18:29","isFullCredit":false},{"lineNumber":4,"author":{"gitId":"Chanyf123"},"content":"    protected String description;","lastModifiedDate":"2026-01-28T10:18:29","isFullCredit":false},{"lineNumber":5,"author":{"gitId":"Chanyf123"},"content":"    protected boolean isDone;","lastModifiedDate":"2026-01-28T10:18:29","isFullCredit":false},{"lineNumber":6,"author":{"gitId":"Chanyf123"},"content":"","lastModifiedDate":"2026-01-28T10:18:29","isFullCredit":false},{"lineNumber":7,"author":{"gitId":"Chanyf123"},"content":"    public Task(String description) {","lastModifiedDate":"2026-01-28T10:18:29","isFullCredit":false},{"lineNumber":8,"author":{"gitId":"Chanyf123"},"content":"        this.description \u003d description;","lastModifiedDate":"2026-01-28T10:18:29","isFullCredit":false},{"lineNumber":9,"author":{"gitId":"Chanyf123"},"content":"        this.isDone \u003d false;","lastModifiedDate":"2026-01-28T10:18:29","isFullCredit":false},{"lineNumber":10,"author":{"gitId":"Chanyf123"},"content":"    }","lastModifiedDate":"2026-01-28T10:18:29","isFullCredit":false},{"lineNumber":11,"author":{"gitId":"Chanyf123"},"content":"","lastModifiedDate":"2026-01-28T10:18:29","isFullCredit":false},{"lineNumber":12,"author":{"gitId":"Chanyf123"},"content":"    public String getStatusIcon() {","lastModifiedDate":"2026-01-28T10:18:29","isFullCredit":false},{"lineNumber":13,"author":{"gitId":"Chanyf123"},"content":"        return (isDone ? \"X\" : \" \");","lastModifiedDate":"2026-02-08T21:16:51","isFullCredit":false},{"lineNumber":14,"author":{"gitId":"Chanyf123"},"content":"    }","lastModifiedDate":"2026-01-28T10:18:29","isFullCredit":false},{"lineNumber":15,"author":{"gitId":"Chanyf123"},"content":"","lastModifiedDate":"2026-01-28T10:18:29","isFullCredit":false},{"lineNumber":16,"author":{"gitId":"Chanyf123"},"content":"    public void markAsDone() {","lastModifiedDate":"2026-01-28T10:18:29","isFullCredit":false},{"lineNumber":17,"author":{"gitId":"Chanyf123"},"content":"        this.isDone \u003d true;","lastModifiedDate":"2026-01-28T10:18:29","isFullCredit":false},{"lineNumber":18,"author":{"gitId":"Chanyf123"},"content":"    }","lastModifiedDate":"2026-01-28T10:18:29","isFullCredit":false},{"lineNumber":19,"author":{"gitId":"Chanyf123"},"content":"","lastModifiedDate":"2026-01-28T10:18:29","isFullCredit":false},{"lineNumber":20,"author":{"gitId":"Chanyf123"},"content":"    public void markAsNotDone() {","lastModifiedDate":"2026-01-28T10:18:29","isFullCredit":false},{"lineNumber":21,"author":{"gitId":"Chanyf123"},"content":"        this.isDone \u003d false;","lastModifiedDate":"2026-01-28T10:18:29","isFullCredit":false},{"lineNumber":22,"author":{"gitId":"Chanyf123"},"content":"    }","lastModifiedDate":"2026-01-28T10:18:29","isFullCredit":false},{"lineNumber":23,"author":{"gitId":"Chanyf123"},"content":"","lastModifiedDate":"2026-02-02T13:45:42","isFullCredit":false},{"lineNumber":24,"author":{"gitId":"Chanyf123"},"content":"    @Override","lastModifiedDate":"2026-02-02T13:45:42","isFullCredit":false},{"lineNumber":25,"author":{"gitId":"Chanyf123"},"content":"    public String toString() {","lastModifiedDate":"2026-02-02T13:45:42","isFullCredit":false},{"lineNumber":26,"author":{"gitId":"Chanyf123"},"content":"        return \"[\" + getStatusIcon() + \"] \" + description;","lastModifiedDate":"2026-02-02T13:45:42","isFullCredit":false},{"lineNumber":27,"author":{"gitId":"Chanyf123"},"content":"    }","lastModifiedDate":"2026-02-02T13:45:42","isFullCredit":false},{"lineNumber":28,"author":{"gitId":"Chanyf123"},"content":"}","lastModifiedDate":"2026-01-28T10:18:29","isFullCredit":false}],"authorContributionMap":{"Chanyf123":28}},{"path":"src/main/java/bao/task/Todo.java","fileType":"java","lines":[{"lineNumber":1,"author":{"gitId":"Chanyf123"},"content":"package bao.task;","lastModifiedDate":"2026-02-10T19:14:16","isFullCredit":false},{"lineNumber":2,"author":{"gitId":"Chanyf123"},"content":"","lastModifiedDate":"2026-02-10T19:14:16","isFullCredit":false},{"lineNumber":3,"author":{"gitId":"Chanyf123"},"content":"public class Todo extends Task {","lastModifiedDate":"2026-02-02T13:45:42","isFullCredit":false},{"lineNumber":4,"author":{"gitId":"Chanyf123"},"content":"","lastModifiedDate":"2026-02-02T13:45:42","isFullCredit":false},{"lineNumber":5,"author":{"gitId":"Chanyf123"},"content":"    public Todo(String description) {","lastModifiedDate":"2026-02-02T13:45:42","isFullCredit":false},{"lineNumber":6,"author":{"gitId":"Chanyf123"},"content":"        super(description);","lastModifiedDate":"2026-02-02T13:45:42","isFullCredit":false},{"lineNumber":7,"author":{"gitId":"Chanyf123"},"content":"    }","lastModifiedDate":"2026-02-02T13:45:42","isFullCredit":false},{"lineNumber":8,"author":{"gitId":"Chanyf123"},"content":"","lastModifiedDate":"2026-02-02T13:45:42","isFullCredit":false},{"lineNumber":9,"author":{"gitId":"Chanyf123"},"content":"    @Override","lastModifiedDate":"2026-02-02T13:45:42","isFullCredit":false},{"lineNumber":10,"author":{"gitId":"Chanyf123"},"content":"    public String toString() {","lastModifiedDate":"2026-02-02T13:45:42","isFullCredit":false},{"lineNumber":11,"author":{"gitId":"Chanyf123"},"content":"        return \"[T]\" + super.toString();","lastModifiedDate":"2026-02-02T13:45:42","isFullCredit":false},{"lineNumber":12,"author":{"gitId":"Chanyf123"},"content":"    }","lastModifiedDate":"2026-02-02T13:45:42","isFullCredit":false},{"lineNumber":13,"author":{"gitId":"Chanyf123"},"content":"}","lastModifiedDate":"2026-02-02T13:45:42","isFullCredit":false}],"authorContributionMap":{"Chanyf123":13}},{"path":"text-ui-test/input.txt","fileType":"txt","lines":[{"lineNumber":1,"author":{"gitId":"Chanyf123"},"content":"run","lastModifiedDate":"2026-02-02T14:28:33","isFullCredit":false},{"lineNumber":2,"author":{"gitId":"Chanyf123"},"content":"jump","lastModifiedDate":"2026-02-02T14:28:33","isFullCredit":false},{"lineNumber":3,"author":{"gitId":"Chanyf123"},"content":"sleep","lastModifiedDate":"2026-02-02T14:28:33","isFullCredit":false},{"lineNumber":4,"author":{"gitId":"Chanyf123"},"content":"list","lastModifiedDate":"2026-02-02T14:28:33","isFullCredit":false},{"lineNumber":5,"author":{"gitId":"Chanyf123"},"content":"mark 2","lastModifiedDate":"2026-02-02T14:28:33","isFullCredit":false},{"lineNumber":6,"author":{"gitId":"Chanyf123"},"content":"mark 3","lastModifiedDate":"2026-02-02T14:28:33","isFullCredit":false},{"lineNumber":7,"author":{"gitId":"Chanyf123"},"content":"unmark 2","lastModifiedDate":"2026-02-02T14:28:33","isFullCredit":false},{"lineNumber":8,"author":{"gitId":"Chanyf123"},"content":"list","lastModifiedDate":"2026-02-02T14:28:33","isFullCredit":false},{"lineNumber":9,"author":{"gitId":"Chanyf123"},"content":"todo read","lastModifiedDate":"2026-02-02T14:28:33","isFullCredit":false},{"lineNumber":10,"author":{"gitId":"Chanyf123"},"content":"deadline write essay /by 13 Feb","lastModifiedDate":"2026-02-02T14:28:33","isFullCredit":false},{"lineNumber":11,"author":{"gitId":"Chanyf123"},"content":"event project meeting /from Mon 2pm /to 4pm","lastModifiedDate":"2026-02-02T14:28:33","isFullCredit":false},{"lineNumber":12,"author":{"gitId":"Chanyf123"},"content":"list","lastModifiedDate":"2026-02-02T14:28:33","isFullCredit":false},{"lineNumber":13,"author":{"gitId":"Chanyf123"},"content":"mark 5","lastModifiedDate":"2026-02-02T14:28:33","isFullCredit":false},{"lineNumber":14,"author":{"gitId":"Chanyf123"},"content":"list","lastModifiedDate":"2026-02-02T14:28:33","isFullCredit":false},{"lineNumber":15,"author":{"gitId":"Chanyf123"},"content":"bye","lastModifiedDate":"2026-02-02T14:28:33","isFullCredit":false}],"authorContributionMap":{"Chanyf123":15}},{"path":"text-ui-test/runtest.bat","fileType":"bat","lines":[{"lineNumber":1,"author":{"gitId":"-"},"content":"@ECHO OFF","lastModifiedDate":"2020-05-25T00:03:55","isFullCredit":false},{"lineNumber":2,"author":{"gitId":"-"},"content":"","lastModifiedDate":"2020-05-25T00:03:55","isFullCredit":false},{"lineNumber":3,"author":{"gitId":"-"},"content":"REM create bin directory if it doesn\u0027t exist","lastModifiedDate":"2020-05-25T00:03:55","isFullCredit":false},{"lineNumber":4,"author":{"gitId":"-"},"content":"if not exist ..\\bin mkdir ..\\bin","lastModifiedDate":"2020-05-25T00:03:55","isFullCredit":false},{"lineNumber":5,"author":{"gitId":"-"},"content":"","lastModifiedDate":"2020-05-25T00:03:55","isFullCredit":false},{"lineNumber":6,"author":{"gitId":"-"},"content":"REM delete output from previous run","lastModifiedDate":"2020-05-25T00:03:55","isFullCredit":false},{"lineNumber":7,"author":{"gitId":"-"},"content":"if exist ACTUAL.TXT del ACTUAL.TXT","lastModifiedDate":"2020-08-25T17:23:26","isFullCredit":false},{"lineNumber":8,"author":{"gitId":"-"},"content":"","lastModifiedDate":"2020-05-25T00:03:55","isFullCredit":false},{"lineNumber":9,"author":{"gitId":"-"},"content":"REM compile the code into the bin folder","lastModifiedDate":"2020-05-25T00:03:55","isFullCredit":false},{"lineNumber":10,"author":{"gitId":"-"},"content":"javac  -cp ..\\src\\main\\java -Xlint:none -d ..\\bin ..\\src\\main\\java\\*.java","lastModifiedDate":"2026-02-10T17:19:47","isFullCredit":false},{"lineNumber":11,"author":{"gitId":"-"},"content":"IF ERRORLEVEL 1 (","lastModifiedDate":"2020-05-25T00:03:55","isFullCredit":false},{"lineNumber":12,"author":{"gitId":"-"},"content":"    echo ********** BUILD FAILURE **********","lastModifiedDate":"2020-05-25T00:03:55","isFullCredit":false},{"lineNumber":13,"author":{"gitId":"-"},"content":"    exit /b 1","lastModifiedDate":"2020-05-25T00:03:55","isFullCredit":false},{"lineNumber":14,"author":{"gitId":"-"},"content":")","lastModifiedDate":"2020-05-25T00:03:55","isFullCredit":false},{"lineNumber":15,"author":{"gitId":"-"},"content":"REM no error here, errorlevel \u003d\u003d 0","lastModifiedDate":"2020-05-25T00:03:55","isFullCredit":false},{"lineNumber":16,"author":{"gitId":"-"},"content":"","lastModifiedDate":"2020-05-25T00:03:55","isFullCredit":false},{"lineNumber":17,"author":{"gitId":"-"},"content":"REM run the program, feed commands from input.txt file and redirect the output to the ACTUAL.TXT","lastModifiedDate":"2020-05-25T00:03:55","isFullCredit":false},{"lineNumber":18,"author":{"gitId":"Chanyf123"},"content":"java -classpath ..\\bin Bao \u003c input.txt \u003e ACTUAL.TXT","lastModifiedDate":"2026-02-02T14:28:33","isFullCredit":false},{"lineNumber":19,"author":{"gitId":"-"},"content":"","lastModifiedDate":"2020-05-25T00:03:55","isFullCredit":false},{"lineNumber":20,"author":{"gitId":"-"},"content":"REM compare the output to the expected output","lastModifiedDate":"2020-05-25T00:03:55","isFullCredit":false},{"lineNumber":21,"author":{"gitId":"-"},"content":"FC ACTUAL.TXT EXPECTED.TXT","lastModifiedDate":"2020-05-25T00:03:55","isFullCredit":false}],"authorContributionMap":{"Chanyf123":1,"-":20}}]
