{"repoSenseVersion":"455c34f1bf","reportGeneratedTime":"Tue, 10 Feb 2026 09:56:25 UTC+08:00","reportGenerationTime":" 41.48 second(s)","zoneId":"UTC+08:00","reportTitle":"RepoSense Report","repos":[{"location":{"location":"https://github.com/cyanduck32/ip.git","repoName":"ip","organization":"cyanduck32","domainName":"github"},"branch":"master","displayName":"cyanduck32/ip[master]","outputFolderName":"cyanduck32_ip_master","sinceDate":"2026-01-09T00:00:00","untilDate":"2026-02-10T23:59:59"},{"location":{"location":"https://github.com/chuayongliang6/ip.git","repoName":"ip","organization":"chuayongliang6","domainName":"github"},"branch":"master","displayName":"chuayongliang6/ip[master]","outputFolderName":"chuayongliang6_ip_master","sinceDate":"2026-01-09T00:00:00","untilDate":"2026-02-10T23:59:59"},{"location":{"location":"https://github.com/Zhang-Zhitong/ip.git","repoName":"ip","organization":"Zhang-Zhitong","domainName":"github"},"branch":"master","displayName":"Zhang-Zhitong/ip[master]","outputFolderName":"Zhang-Zhitong_ip_master","sinceDate":"2026-01-09T00:00:00","untilDate":"2026-02-10T23:59:59"},{"location":{"location":"https://github.com/Sid3024/ip.git","repoName":"ip","organization":"Sid3024","domainName":"github"},"branch":"master","displayName":"Sid3024/ip[master]","outputFolderName":"Sid3024_ip_master","sinceDate":"2026-01-09T00:00:00","untilDate":"2026-02-10T23:59:59"},{"location":{"location":"https://github.com/lukelouyu/ip.git","repoName":"ip","organization":"lukelouyu","domainName":"github"},"branch":"master","displayName":"lukelouyu/ip[master]","outputFolderName":"lukelouyu_ip_master","sinceDate":"2026-01-09T00:00:00","untilDate":"2026-02-10T23:59:59"},{"location":{"location":"https://github.com/tlimnus/ip.git","repoName":"ip","organization":"tlimnus","domainName":"github"},"branch":"master","displayName":"tlimnus/ip[master]","outputFolderName":"tlimnus_ip_master","sinceDate":"2026-01-09T00:00:00","untilDate":"2026-02-10T23:59:59"},{"location":{"location":"https://github.com/ivan-tan/ip.git","repoName":"ip","organization":"ivan-tan","domainName":"github"},"branch":"master","displayName":"ivan-tan/ip[master]","outputFolderName":"ivan-tan_ip_master","sinceDate":"2026-01-09T00:00:00","untilDate":"2026-02-10T23:59:59"},{"location":{"location":"https://github.com/AnnikaGarg/ip.git","repoName":"ip","organization":"AnnikaGarg","domainName":"github"},"branch":"master","displayName":"AnnikaGarg/ip[master]","outputFolderName":"AnnikaGarg_ip_master","sinceDate":"2026-01-09T00:00:00","untilDate":"2026-02-10T23:59:59"},{"location":{"location":"https://github.com/abigailtong/ip.git","repoName":"ip","organization":"abigailtong","domainName":"github"},"branch":"master","displayName":"abigailtong/ip[master]","outputFolderName":"abigailtong_ip_master","sinceDate":"2026-01-09T00:00:00","untilDate":"2026-02-10T23:59:59"},{"location":{"location":"https://github.com/kohtzerui/ip.git","repoName":"ip","organization":"kohtzerui","domainName":"github"},"branch":"master","displayName":"kohtzerui/ip[master]","outputFolderName":"kohtzerui_ip_master","sinceDate":"2026-01-09T00:00:00","untilDate":"2026-02-10T23:59:59"},{"location":{"location":"https://github.com/AK47ofCode/ip.git","repoName":"ip","organization":"AK47ofCode","domainName":"github"},"branch":"master","displayName":"AK47ofCode/ip[master]","outputFolderName":"AK47ofCode_ip_master","sinceDate":"2026-01-09T00:00:00","untilDate":"2026-02-10T23:59:59"},{"location":{"location":"https://github.com/RNJH224/ip.git","repoName":"ip","organization":"RNJH224","domainName":"github"},"branch":"master","displayName":"RNJH224/ip[master]","outputFolderName":"RNJH224_ip_master","sinceDate":"2026-01-09T00:00:00","untilDate":"2026-02-10T23:59:59"},{"location":{"location":"https://github.com/woshiweiha0/ip.git","repoName":"ip","organization":"woshiweiha0","domainName":"github"},"branch":"master","displayName":"woshiweiha0/ip[master]","outputFolderName":"woshiweiha0_ip_master","sinceDate":"2026-01-09T00:00:00","untilDate":"2026-02-10T23:59:59"},{"location":{"location":"https://github.com/tablehao/ip.git","repoName":"ip","organization":"tablehao","domainName":"github"},"branch":"master","displayName":"tablehao/ip[master]","outputFolderName":"tablehao_ip_master","sinceDate":"2026-01-09T00:00:00","untilDate":"2026-02-10T23:59:59"},{"location":{"location":"https://github.com/omcodedthis/ip.git","repoName":"ip","organization":"omcodedthis","domainName":"github"},"branch":"master","displayName":"omcodedthis/ip[master]","outputFolderName":"omcodedthis_ip_master","sinceDate":"2026-01-09T00:00:00","untilDate":"2026-02-10T23:59:59"},{"location":{"location":"https://github.com/Notchennie1/ip.git","repoName":"ip","organization":"Notchennie1","domainName":"github"},"branch":"master","displayName":"Notchennie1/ip[master]","outputFolderName":"Notchennie1_ip_master","sinceDate":"2026-01-09T00:00:00","untilDate":"2026-02-10T23:59:59"},{"location":{"location":"https://github.com/michaelshyam1/ip.git","repoName":"ip","organization":"michaelshyam1","domainName":"github"},"branch":"master","displayName":"michaelshyam1/ip[master]","outputFolderName":"michaelshyam1_ip_master","sinceDate":"2026-01-09T00:00:00","untilDate":"2026-02-10T23:59:59"},{"location":{"location":"https://github.com/Jairusljr/ip.git","repoName":"ip","organization":"Jairusljr","domainName":"github"},"branch":"master","displayName":"Jairusljr/ip[master]","outputFolderName":"Jairusljr_ip_master","sinceDate":"2026-01-09T00:00:00","untilDate":"2026-02-10T23:59:59"},{"location":{"location":"https://github.com/xiranhu/ip.git","repoName":"ip","organization":"xiranhu","domainName":"github"},"branch":"master","displayName":"xiranhu/ip[master]","outputFolderName":"xiranhu_ip_master","sinceDate":"2026-01-09T00:00:00","untilDate":"2026-02-10T23:59:59"},{"location":{"location":"https://github.com/the-RoaringCat/ip.git","repoName":"ip","organization":"the-RoaringCat","domainName":"github"},"branch":"master","displayName":"the-RoaringCat/ip[master]","outputFolderName":"the-RoaringCat_ip_master","sinceDate":"2026-01-09T00:00:00","untilDate":"2026-02-10T23:59:59"},{"location":{"location":"https://github.com/lab3ll3/ip.git","repoName":"ip","organization":"lab3ll3","domainName":"github"},"branch":"master","displayName":"lab3ll3/ip[master]","outputFolderName":"lab3ll3_ip_master","sinceDate":"2026-01-09T00:00:00","untilDate":"2026-02-10T23:59:59"},{"location":{"location":"https://github.com/fmohamedfaras/ip.git","repoName":"ip","organization":"fmohamedfaras","domainName":"github"},"branch":"master","displayName":"fmohamedfaras/ip[master]","outputFolderName":"fmohamedfaras_ip_master","sinceDate":"2026-01-09T00:00:00","untilDate":"2026-02-10T23:59:59"},{"location":{"location":"https://github.com/yy43yy/ip.git","repoName":"ip","organization":"yy43yy","domainName":"github"},"branch":"master","displayName":"yy43yy/ip[master]","outputFolderName":"yy43yy_ip_master","sinceDate":"2026-01-09T00:00:00","untilDate":"2026-02-10T23:59:59"},{"location":{"location":"https://github.com/uphyrdia/ip.git","repoName":"ip","organization":"uphyrdia","domainName":"github"},"branch":"master","displayName":"uphyrdia/ip[master]","outputFolderName":"uphyrdia_ip_master","sinceDate":"2026-01-09T00:00:00","untilDate":"2026-02-10T23:59:59"},{"location":{"location":"https://github.com/liny666/ip.git","repoName":"ip","organization":"liny666","domainName":"github"},"branch":"master","displayName":"liny666/ip[master]","outputFolderName":"liny666_ip_master","sinceDate":"2026-01-09T00:00:00","untilDate":"2026-02-10T23:59:59"},{"location":{"location":"https://github.com/PanGDX/ip.git","repoName":"ip","organization":"PanGDX","domainName":"github"},"branch":"master","displayName":"PanGDX/ip[master]","outputFolderName":"PanGDX_ip_master","sinceDate":"2026-01-09T00:00:00","untilDate":"2026-02-10T23:59:59"},{"location":{"location":"https://github.com/yeejj/ip.git","repoName":"ip","organization":"yeejj","domainName":"github"},"branch":"master","displayName":"yeejj/ip[master]","outputFolderName":"yeejj_ip_master","sinceDate":"2026-01-09T00:00:00","untilDate":"2026-02-10T23:59:59"},{"location":{"location":"https://github.com/sushmiithaa/ip.git","repoName":"ip","organization":"sushmiithaa","domainName":"github"},"branch":"master","displayName":"sushmiithaa/ip[master]","outputFolderName":"sushmiithaa_ip_master","sinceDate":"2026-01-09T00:00:00","untilDate":"2026-02-10T23:59:59"},{"location":{"location":"https://github.com/klementng/ip.git","repoName":"ip","organization":"klementng","domainName":"github"},"branch":"master","displayName":"klementng/ip[master]","outputFolderName":"klementng_ip_master","sinceDate":"2026-01-09T00:00:00","untilDate":"2026-02-10T23:59:59"},{"location":{"location":"https://github.com/podledges/ip.git","repoName":"ip","organization":"podledges","domainName":"github"},"branch":"master","displayName":"podledges/ip[master]","outputFolderName":"podledges_ip_master","sinceDate":"2026-01-09T00:00:00","untilDate":"2026-02-10T23:59:59"},{"location":{"location":"https://github.com/Yian123330/ip.git","repoName":"ip","organization":"Yian123330","domainName":"github"},"branch":"master","displayName":"Yian123330/ip[master]","outputFolderName":"Yian123330_ip_master","sinceDate":"2026-01-09T00:00:00","untilDate":"2026-02-10T23:59:59"},{"location":{"location":"https://github.com/veermehta270/ip.git","repoName":"ip","organization":"veermehta270","domainName":"github"},"branch":"master","displayName":"veermehta270/ip[master]","outputFolderName":"veermehta270_ip_master","sinceDate":"2026-01-09T00:00:00","untilDate":"2026-02-10T23:59:59"},{"location":{"location":"https://github.com/wy208/ip.git","repoName":"ip","organization":"wy208","domainName":"github"},"branch":"master","displayName":"wy208/ip[master]","outputFolderName":"wy208_ip_master","sinceDate":"2026-01-09T00:00:00","untilDate":"2026-02-10T23:59:59"},{"location":{"location":"https://github.com/Elegazia/ip.git","repoName":"ip","organization":"Elegazia","domainName":"github"},"branch":"master","displayName":"Elegazia/ip[master]","outputFolderName":"Elegazia_ip_master","sinceDate":"2026-01-09T00:00:00","untilDate":"2026-02-10T23:59:59"},{"location":{"location":"https://github.com/llk214/ip.git","repoName":"ip","organization":"llk214","domainName":"github"},"branch":"master","displayName":"llk214/ip[master]","outputFolderName":"llk214_ip_master","sinceDate":"2026-01-09T00:00:00","untilDate":"2026-02-10T23:59:59"},{"location":{"location":"https://github.com/adbsw/ip.git","repoName":"ip","organization":"adbsw","domainName":"github"},"branch":"master","displayName":"adbsw/ip[master]","outputFolderName":"adbsw_ip_master","sinceDate":"2026-01-09T00:00:00","untilDate":"2026-02-10T23:59:59"},{"location":{"location":"https://github.com/Jas0n-yxy/ip.git","repoName":"ip","organization":"Jas0n-yxy","domainName":"github"},"branch":"master","displayName":"Jas0n-yxy/ip[master]","outputFolderName":"Jas0n-yxy_ip_master","sinceDate":"2026-01-09T00:00:00","untilDate":"2026-02-10T23:59:59"},{"location":{"location":"https://github.com/kenpegrasio/ip.git","repoName":"ip","organization":"kenpegrasio","domainName":"github"},"branch":"master","displayName":"kenpegrasio/ip[master]","outputFolderName":"kenpegrasio_ip_master","sinceDate":"2026-01-09T00:00:00","untilDate":"2026-02-10T23:59:59"},{"location":{"location":"https://github.com/JovianJosh/ip.git","repoName":"ip","organization":"JovianJosh","domainName":"github"},"branch":"master","displayName":"JovianJosh/ip[master]","outputFolderName":"JovianJosh_ip_master","sinceDate":"2026-01-09T00:00:00","untilDate":"2026-02-10T23:59:59"},{"location":{"location":"https://github.com/BaoLam194/ip.git","repoName":"ip","organization":"BaoLam194","domainName":"github"},"branch":"master","displayName":"BaoLam194/ip[master]","outputFolderName":"BaoLam194_ip_master","sinceDate":"2026-01-09T00:00:00","untilDate":"2026-02-10T23:59:59"},{"location":{"location":"https://github.com/Yengfuan/ip.git","repoName":"ip","organization":"Yengfuan","domainName":"github"},"branch":"master","displayName":"Yengfuan/ip[master]","outputFolderName":"Yengfuan_ip_master","sinceDate":"2026-01-09T00:00:00","untilDate":"2026-02-10T23:59:59"},{"location":{"location":"https://github.com/Aswin-RajeshKumar/ip.git","repoName":"ip","organization":"Aswin-RajeshKumar","domainName":"github"},"branch":"master","displayName":"Aswin-RajeshKumar/ip[master]","outputFolderName":"Aswin-RajeshKumar_ip_master","sinceDate":"2026-01-09T00:00:00","untilDate":"2026-02-10T23:59:59"},{"location":{"location":"https://github.com/RehaanMahmood/ip.git","repoName":"ip","organization":"RehaanMahmood","domainName":"github"},"branch":"master","displayName":"RehaanMahmood/ip[master]","outputFolderName":"RehaanMahmood_ip_master","sinceDate":"2026-01-09T00:00:00","untilDate":"2026-02-10T23:59:59"},{"location":{"location":"https://github.com/KOIiiii07/ip.git","repoName":"ip","organization":"KOIiiii07","domainName":"github"},"branch":"master","displayName":"KOIiiii07/ip[master]","outputFolderName":"KOIiiii07_ip_master","sinceDate":"2026-01-09T00:00:00","untilDate":"2026-02-10T23:59:59"},{"location":{"location":"https://github.com/siddhant2118/ip.git","repoName":"ip","organization":"siddhant2118","domainName":"github"},"branch":"master","displayName":"siddhant2118/ip[master]","outputFolderName":"siddhant2118_ip_master","sinceDate":"2026-01-09T00:00:00","untilDate":"2026-02-10T23:59:59"},{"location":{"location":"https://github.com/KrishnaBajaj1506/ip.git","repoName":"ip","organization":"KrishnaBajaj1506","domainName":"github"},"branch":"master","displayName":"KrishnaBajaj1506/ip[master]","outputFolderName":"KrishnaBajaj1506_ip_master","sinceDate":"2026-01-09T00:00:00","untilDate":"2026-02-10T23:59:59"},{"location":{"location":"https://github.com/brianerino/ip.git","repoName":"ip","organization":"brianerino","domainName":"github"},"branch":"master","displayName":"brianerino/ip[master]","outputFolderName":"brianerino_ip_master","sinceDate":"2026-01-09T00:00:00","untilDate":"2026-02-10T23:59:59"},{"location":{"location":"https://github.com/ffluryy/ip.git","repoName":"ip","organization":"ffluryy","domainName":"github"},"branch":"master","displayName":"ffluryy/ip[master]","outputFolderName":"ffluryy_ip_master","sinceDate":"2026-01-09T00:00:00","untilDate":"2026-02-10T23:59:59"},{"location":{"location":"https://github.com/AgaraNUS/ip.git","repoName":"ip","organization":"AgaraNUS","domainName":"github"},"branch":"master","displayName":"AgaraNUS/ip[master]","outputFolderName":"AgaraNUS_ip_master","sinceDate":"2026-01-09T00:00:00","untilDate":"2026-02-10T23:59:59"},{"location":{"location":"https://github.com/alexanderYaw/ip.git","repoName":"ip","organization":"alexanderYaw","domainName":"github"},"branch":"master","displayName":"alexanderYaw/ip[master]","outputFolderName":"alexanderYaw_ip_master","sinceDate":"2026-01-09T00:00:00","untilDate":"2026-02-10T23:59:59"},{"location":{"location":"https://github.com/CedricTan24/ip.git","repoName":"ip","organization":"CedricTan24","domainName":"github"},"branch":"master","displayName":"CedricTan24/ip[master]","outputFolderName":"CedricTan24_ip_master","sinceDate":"2026-01-09T00:00:00","untilDate":"2026-02-10T23:59:59"},{"location":{"location":"https://github.com/Chingy0404/ip.git","repoName":"ip","organization":"Chingy0404","domainName":"github"},"branch":"master","displayName":"Chingy0404/ip[master]","outputFolderName":"Chingy0404_ip_master","sinceDate":"2026-01-09T00:00:00","untilDate":"2026-02-10T23:59:59"},{"location":{"location":"https://github.com/VinayVR26/ip.git","repoName":"ip","organization":"VinayVR26","domainName":"github"},"branch":"master","displayName":"VinayVR26/ip[master]","outputFolderName":"VinayVR26_ip_master","sinceDate":"2026-01-09T00:00:00","untilDate":"2026-02-10T23:59:59"},{"location":{"location":"https://github.com/Unicornyingg/ip.git","repoName":"ip","organization":"Unicornyingg","domainName":"github"},"branch":"master","displayName":"Unicornyingg/ip[master]","outputFolderName":"Unicornyingg_ip_master","sinceDate":"2026-01-09T00:00:00","untilDate":"2026-02-10T23:59:59"},{"location":{"location":"https://github.com/HowieYHY/ip.git","repoName":"ip","organization":"HowieYHY","domainName":"github"},"branch":"master","displayName":"HowieYHY/ip[master]","outputFolderName":"HowieYHY_ip_master","sinceDate":"2026-01-09T00:00:00","untilDate":"2026-02-10T23:59:59"},{"location":{"location":"https://github.com/pranavjana/ip.git","repoName":"ip","organization":"pranavjana","domainName":"github"},"branch":"master","displayName":"pranavjana/ip[master]","outputFolderName":"pranavjana_ip_master","sinceDate":"2026-01-09T00:00:00","untilDate":"2026-02-10T23:59:59"},{"location":{"location":"https://github.com/bryankuah/ip.git","repoName":"ip","organization":"bryankuah","domainName":"github"},"branch":"master","displayName":"bryankuah/ip[master]","outputFolderName":"bryankuah_ip_master","sinceDate":"2026-01-09T00:00:00","untilDate":"2026-02-10T23:59:59"},{"location":{"location":"https://github.com/ryantrc/ip.git","repoName":"ip","organization":"ryantrc","domainName":"github"},"branch":"master","displayName":"ryantrc/ip[master]","outputFolderName":"ryantrc_ip_master","sinceDate":"2026-01-09T00:00:00","untilDate":"2026-02-10T23:59:59"},{"location":{"location":"https://github.com/SeanChng/ip.git","repoName":"ip","organization":"SeanChng","domainName":"github"},"branch":"master","displayName":"SeanChng/ip[master]","outputFolderName":"SeanChng_ip_master","sinceDate":"2026-01-09T00:00:00","untilDate":"2026-02-10T23:59:59"},{"location":{"location":"https://github.com/5iu5/ip.git","repoName":"ip","organization":"5iu5","domainName":"github"},"branch":"master","displayName":"5iu5/ip[master]","outputFolderName":"5iu5_ip_master","sinceDate":"2026-01-09T00:00:00","untilDate":"2026-02-10T23:59:59"},{"location":{"location":"https://github.com/Daniel-czj/ip.git","repoName":"ip","organization":"Daniel-czj","domainName":"github"},"branch":"master","displayName":"Daniel-czj/ip[master]","outputFolderName":"Daniel-czj_ip_master","sinceDate":"2026-01-09T00:00:00","untilDate":"2026-02-10T23:59:59"},{"location":{"location":"https://github.com/zhanhong03/ip.git","repoName":"ip","organization":"zhanhong03","domainName":"github"},"branch":"master","displayName":"zhanhong03/ip[master]","outputFolderName":"zhanhong03_ip_master","sinceDate":"2026-01-09T00:00:00","untilDate":"2026-02-10T23:59:59"},{"location":{"location":"https://github.com/AkshayPranav19/ip.git","repoName":"ip","organization":"AkshayPranav19","domainName":"github"},"branch":"master","displayName":"AkshayPranav19/ip[master]","outputFolderName":"AkshayPranav19_ip_master","sinceDate":"2026-01-09T00:00:00","untilDate":"2026-02-10T23:59:59"},{"location":{"location":"https://github.com/zihaoalt/ip.git","repoName":"ip","organization":"zihaoalt","domainName":"github"},"branch":"master","displayName":"zihaoalt/ip[master]","outputFolderName":"zihaoalt_ip_master","sinceDate":"2026-01-09T00:00:00","untilDate":"2026-02-10T23:59:59"},{"location":{"location":"https://github.com/dylanlimyf/ip.git","repoName":"ip","organization":"dylanlimyf","domainName":"github"},"branch":"master","displayName":"dylanlimyf/ip[master]","outputFolderName":"dylanlimyf_ip_master","sinceDate":"2026-01-09T00:00:00","untilDate":"2026-02-10T23:59:59"},{"location":{"location":"https://github.com/Chanyf123/ip.git","repoName":"ip","organization":"Chanyf123","domainName":"github"},"branch":"master","displayName":"Chanyf123/ip[master]","outputFolderName":"Chanyf123_ip_master","sinceDate":"2026-01-09T00:00:00","untilDate":"2026-02-10T23:59:59"},{"location":{"location":"https://github.com/bryanyeo3125/ip.git","repoName":"ip","organization":"bryanyeo3125","domainName":"github"},"branch":"master","displayName":"bryanyeo3125/ip[master]","outputFolderName":"bryanyeo3125_ip_master","sinceDate":"2026-01-09T00:00:00","untilDate":"2026-02-10T23:59:59"},{"location":{"location":"https://github.com/alsonsim/ip.git","repoName":"ip","organization":"alsonsim","domainName":"github"},"branch":"master","displayName":"alsonsim/ip[master]","outputFolderName":"alsonsim_ip_master","sinceDate":"2026-01-09T00:00:00","untilDate":"2026-02-10T23:59:59"},{"location":{"location":"https://github.com/matheuczx/ip.git","repoName":"ip","organization":"matheuczx","domainName":"github"},"branch":"master","displayName":"matheuczx/ip[master]","outputFolderName":"matheuczx_ip_master","sinceDate":"2026-01-09T00:00:00","untilDate":"2026-02-10T23:59:59"},{"location":{"location":"https://github.com/Cydriccwx/ip.git","repoName":"ip","organization":"Cydriccwx","domainName":"github"},"branch":"master","displayName":"Cydriccwx/ip[master]","outputFolderName":"Cydriccwx_ip_master","sinceDate":"2026-01-09T00:00:00","untilDate":"2026-02-10T23:59:59"},{"location":{"location":"https://github.com/marken9/ip.git","repoName":"ip","organization":"marken9","domainName":"github"},"branch":"master","displayName":"marken9/ip[master]","outputFolderName":"marken9_ip_master","sinceDate":"2026-01-09T00:00:00","untilDate":"2026-02-10T23:59:59"},{"location":{"location":"https://github.com/YeoSiZhao/ip.git","repoName":"ip","organization":"YeoSiZhao","domainName":"github"},"branch":"master","displayName":"YeoSiZhao/ip[master]","outputFolderName":"YeoSiZhao_ip_master","sinceDate":"2026-01-09T00:00:00","untilDate":"2026-02-10T23:59:59"},{"location":{"location":"https://github.com/vet3whale/ip.git","repoName":"ip","organization":"vet3whale","domainName":"github"},"branch":"master","displayName":"vet3whale/ip[master]","outputFolderName":"vet3whale_ip_master","sinceDate":"2026-01-09T00:00:00","untilDate":"2026-02-10T23:59:59"},{"location":{"location":"https://github.com/elliotjohnwu/ip.git","repoName":"ip","organization":"elliotjohnwu","domainName":"github"},"branch":"master","displayName":"elliotjohnwu/ip[master]","outputFolderName":"elliotjohnwu_ip_master","sinceDate":"2026-01-09T00:00:00","untilDate":"2026-02-10T23:59:59"},{"location":{"location":"https://github.com/Tan-Pang/ip.git","repoName":"ip","organization":"Tan-Pang","domainName":"github"},"branch":"master","displayName":"Tan-Pang/ip[master]","outputFolderName":"Tan-Pang_ip_master","sinceDate":"2026-01-09T00:00:00","untilDate":"2026-02-10T23:59:59"},{"location":{"location":"https://github.com/Kailer811/ip.git","repoName":"ip","organization":"Kailer811","domainName":"github"},"branch":"master","displayName":"Kailer811/ip[master]","outputFolderName":"Kailer811_ip_master","sinceDate":"2026-01-09T00:00:00","untilDate":"2026-02-10T23:59:59"},{"location":{"location":"https://github.com/WangZX2001/ip.git","repoName":"ip","organization":"WangZX2001","domainName":"github"},"branch":"master","displayName":"WangZX2001/ip[master]","outputFolderName":"WangZX2001_ip_master","sinceDate":"2026-01-09T00:00:00","untilDate":"2026-02-10T23:59:59"},{"location":{"location":"https://github.com/ChickenPancakeBeef/ip.git","repoName":"ip","organization":"ChickenPancakeBeef","domainName":"github"},"branch":"master","displayName":"ChickenPancakeBeef/ip[master]","outputFolderName":"ChickenPancakeBeef_ip_master","sinceDate":"2026-01-09T00:00:00","untilDate":"2026-02-10T23:59:59"},{"location":{"location":"https://github.com/Suwei02/ip.git","repoName":"ip","organization":"Suwei02","domainName":"github"},"branch":"master","displayName":"Suwei02/ip[master]","outputFolderName":"Suwei02_ip_master","sinceDate":"2026-01-09T00:00:00","untilDate":"2026-02-10T23:59:59"},{"location":{"location":"https://github.com/ZhangYize2003/ip.git","repoName":"ip","organization":"ZhangYize2003","domainName":"github"},"branch":"master","displayName":"ZhangYize2003/ip[master]","outputFolderName":"ZhangYize2003_ip_master","sinceDate":"2026-01-09T00:00:00","untilDate":"2026-02-10T23:59:59"},{"location":{"location":"https://github.com/ShyamalV18/ip.git","repoName":"ip","organization":"ShyamalV18","domainName":"github"},"branch":"master","displayName":"ShyamalV18/ip[master]","outputFolderName":"ShyamalV18_ip_master","sinceDate":"2026-01-09T00:00:00","untilDate":"2026-02-10T23:59:59"},{"location":{"location":"https://github.com/neerajehh/ip.git","repoName":"ip","organization":"neerajehh","domainName":"github"},"branch":"master","displayName":"neerajehh/ip[master]","outputFolderName":"neerajehh_ip_master","sinceDate":"2026-01-09T00:00:00","untilDate":"2026-02-10T23:59:59"},{"location":{"location":"https://github.com/WeiHeng2003/ip.git","repoName":"ip","organization":"WeiHeng2003","domainName":"github"},"branch":"master","displayName":"WeiHeng2003/ip[master]","outputFolderName":"WeiHeng2003_ip_master","sinceDate":"2026-01-09T00:00:00","untilDate":"2026-02-10T23:59:59"},{"location":{"location":"https://github.com/b0wen120/ip.git","repoName":"ip","organization":"b0wen120","domainName":"github"},"branch":"master","displayName":"b0wen120/ip[master]","outputFolderName":"b0wen120_ip_master","sinceDate":"2026-01-09T00:00:00","untilDate":"2026-02-10T23:59:59"},{"location":{"location":"https://github.com/benguy6/ip.git","repoName":"ip","organization":"benguy6","domainName":"github"},"branch":"master","displayName":"benguy6/ip[master]","outputFolderName":"benguy6_ip_master","sinceDate":"2026-01-09T00:00:00","untilDate":"2026-02-10T23:59:59"},{"location":{"location":"https://github.com/gabri3123/ip.git","repoName":"ip","organization":"gabri3123","domainName":"github"},"branch":"master","displayName":"gabri3123/ip[master]","outputFolderName":"gabri3123_ip_master","sinceDate":"2026-01-09T00:00:00","untilDate":"2026-02-10T23:59:59"},{"location":{"location":"https://github.com/AbhijitBalajee/ip.git","repoName":"ip","organization":"AbhijitBalajee","domainName":"github"},"branch":"master","displayName":"AbhijitBalajee/ip[master]","outputFolderName":"AbhijitBalajee_ip_master","sinceDate":"2026-01-09T00:00:00","untilDate":"2026-02-10T23:59:59"},{"location":{"location":"https://github.com/AK2003x/ip.git","repoName":"ip","organization":"AK2003x","domainName":"github"},"branch":"master","displayName":"AK2003x/ip[master]","outputFolderName":"AK2003x_ip_master","sinceDate":"2026-01-09T00:00:00","untilDate":"2026-02-10T23:59:59"},{"location":{"location":"https://github.com/Trivorten-wes/ip.git","repoName":"ip","organization":"Trivorten-wes","domainName":"github"},"branch":"master","displayName":"Trivorten-wes/ip[master]","outputFolderName":"Trivorten-wes_ip_master","sinceDate":"2026-01-09T00:00:00","untilDate":"2026-02-10T23:59:59"},{"location":{"location":"https://github.com/Javierseow/ip.git","repoName":"ip","organization":"Javierseow","domainName":"github"},"branch":"master","displayName":"Javierseow/ip[master]","outputFolderName":"Javierseow_ip_master","sinceDate":"2026-01-09T00:00:00","untilDate":"2026-02-10T23:59:59"},{"location":{"location":"https://github.com/rpraveen7/ip.git","repoName":"ip","organization":"rpraveen7","domainName":"github"},"branch":"master","displayName":"rpraveen7/ip[master]","outputFolderName":"rpraveen7_ip_master","sinceDate":"2026-01-09T00:00:00","untilDate":"2026-02-10T23:59:59"},{"location":{"location":"https://github.com/gabriel-550/ip.git","repoName":"ip","organization":"gabriel-550","domainName":"github"},"branch":"master","displayName":"gabriel-550/ip[master]","outputFolderName":"gabriel-550_ip_master","sinceDate":"2026-01-09T00:00:00","untilDate":"2026-02-10T23:59:59"},{"location":{"location":"https://github.com/WengXianYang/ip.git","repoName":"ip","organization":"WengXianYang","domainName":"github"},"branch":"master","displayName":"WengXianYang/ip[master]","outputFolderName":"WengXianYang_ip_master","sinceDate":"2026-01-09T00:00:00","untilDate":"2026-02-10T23:59:59"},{"location":{"location":"https://github.com/shaun-gsa/ip.git","repoName":"ip","organization":"shaun-gsa","domainName":"github"},"branch":"master","displayName":"shaun-gsa/ip[master]","outputFolderName":"shaun-gsa_ip_master","sinceDate":"2026-01-09T00:00:00","untilDate":"2026-02-10T23:59:59"},{"location":{"location":"https://github.com/HX2003/ip.git","repoName":"ip","organization":"HX2003","domainName":"github"},"branch":"master","displayName":"HX2003/ip[master]","outputFolderName":"HX2003_ip_master","sinceDate":"2026-01-09T00:00:00","untilDate":"2026-02-10T23:59:59"},{"location":{"location":"https://github.com/dorndorn54/ip.git","repoName":"ip","organization":"dorndorn54","domainName":"github"},"branch":"master","displayName":"dorndorn54/ip[master]","outputFolderName":"dorndorn54_ip_master","sinceDate":"2026-01-09T00:00:00","untilDate":"2026-02-10T23:59:59"},{"location":{"location":"https://github.com/wKynaston/ip.git","repoName":"ip","organization":"wKynaston","domainName":"github"},"branch":"master","displayName":"wKynaston/ip[master]","outputFolderName":"wKynaston_ip_master","sinceDate":"2026-01-09T00:00:00","untilDate":"2026-02-10T23:59:59"},{"location":{"location":"https://github.com/Roshan-Alagar/ip.git","repoName":"ip","organization":"Roshan-Alagar","domainName":"github"},"branch":"master","displayName":"Roshan-Alagar/ip[master]","outputFolderName":"Roshan-Alagar_ip_master","sinceDate":"2026-01-09T00:00:00","untilDate":"2026-02-10T23:59:59"},{"location":{"location":"https://github.com/heehaw1234/ip.git","repoName":"ip","organization":"heehaw1234","domainName":"github"},"branch":"master","displayName":"heehaw1234/ip[master]","outputFolderName":"heehaw1234_ip_master","sinceDate":"2026-01-09T00:00:00","untilDate":"2026-02-10T23:59:59"},{"location":{"location":"https://github.com/yiweitoh44/ip.git","repoName":"ip","organization":"yiweitoh44","domainName":"github"},"branch":"master","displayName":"yiweitoh44/ip[master]","outputFolderName":"yiweitoh44_ip_master","sinceDate":"2026-01-09T00:00:00","untilDate":"2026-02-10T23:59:59"},{"location":{"location":"https://github.com/aidan17715/ip.git","repoName":"ip","organization":"aidan17715","domainName":"github"},"branch":"master","displayName":"aidan17715/ip[master]","outputFolderName":"aidan17715_ip_master","sinceDate":"2026-01-09T00:00:00","untilDate":"2026-02-10T23:59:59"},{"location":{"location":"https://github.com/GGBondxX/ip.git","repoName":"ip","organization":"GGBondxX","domainName":"github"},"branch":"master","displayName":"GGBondxX/ip[master]","outputFolderName":"GGBondxX_ip_master","sinceDate":"2026-01-09T00:00:00","untilDate":"2026-02-10T23:59:59"},{"location":{"location":"https://github.com/Huang-Hau-Shuan/ip.git","repoName":"ip","organization":"Huang-Hau-Shuan","domainName":"github"},"branch":"master","displayName":"Huang-Hau-Shuan/ip[master]","outputFolderName":"Huang-Hau-Shuan_ip_master","sinceDate":"2026-01-09T00:00:00","untilDate":"2026-02-10T23:59:59"},{"location":{"location":"https://github.com/AfshalG/ip.git","repoName":"ip","organization":"AfshalG","domainName":"github"},"branch":"master","displayName":"AfshalG/ip[master]","outputFolderName":"AfshalG_ip_master","sinceDate":"2026-01-09T00:00:00","untilDate":"2026-02-10T23:59:59"},{"location":{"location":"https://github.com/ZesterJ/ip.git","repoName":"ip","organization":"ZesterJ","domainName":"github"},"branch":"master","displayName":"ZesterJ/ip[master]","outputFolderName":"ZesterJ_ip_master","sinceDate":"2026-01-09T00:00:00","untilDate":"2026-02-10T23:59:59"},{"location":{"location":"https://github.com/heeelol/ip.git","repoName":"ip","organization":"heeelol","domainName":"github"},"branch":"master","displayName":"heeelol/ip[master]","outputFolderName":"heeelol_ip_master","sinceDate":"2026-01-09T00:00:00","untilDate":"2026-02-10T23:59:59"},{"location":{"location":"https://github.com/JellybeanJoel/ip.git","repoName":"ip","organization":"JellybeanJoel","domainName":"github"},"branch":"master","displayName":"JellybeanJoel/ip[master]","outputFolderName":"JellybeanJoel_ip_master","sinceDate":"2026-01-09T00:00:00","untilDate":"2026-02-10T23:59:59"},{"location":{"location":"https://github.com/LiTianKoh/ip.git","repoName":"ip","organization":"LiTianKoh","domainName":"github"},"branch":"master","displayName":"LiTianKoh/ip[master]","outputFolderName":"LiTianKoh_ip_master","sinceDate":"2026-01-09T00:00:00","untilDate":"2026-02-10T23:59:59"},{"location":{"location":"https://github.com/ryanzx-zone/ip.git","repoName":"ip","organization":"ryanzx-zone","domainName":"github"},"branch":"master","displayName":"ryanzx-zone/ip[master]","outputFolderName":"ryanzx-zone_ip_master","sinceDate":"2026-01-09T00:00:00","untilDate":"2026-02-10T23:59:59"},{"location":{"location":"https://github.com/benthejarofmint/ip.git","repoName":"ip","organization":"benthejarofmint","domainName":"github"},"branch":"master","displayName":"benthejarofmint/ip[master]","outputFolderName":"benthejarofmint_ip_master","sinceDate":"2026-01-09T00:00:00","untilDate":"2026-02-10T23:59:59"},{"location":{"location":"https://github.com/codefuul/ip.git","repoName":"ip","organization":"codefuul","domainName":"github"},"branch":"master","displayName":"codefuul/ip[master]","outputFolderName":"codefuul_ip_master","sinceDate":"2026-01-09T00:00:00","untilDate":"2026-02-10T23:59:59"},{"location":{"location":"https://github.com/Kushalshah0402/ip.git","repoName":"ip","organization":"Kushalshah0402","domainName":"github"},"branch":"master","displayName":"Kushalshah0402/ip[master]","outputFolderName":"Kushalshah0402_ip_master","sinceDate":"2026-01-09T00:00:00","untilDate":"2026-02-10T23:59:59"},{"location":{"location":"https://github.com/j-kennethh/ip.git","repoName":"ip","organization":"j-kennethh","domainName":"github"},"branch":"master","displayName":"j-kennethh/ip[master]","outputFolderName":"j-kennethh_ip_master","sinceDate":"2026-01-09T00:00:00","untilDate":"2026-02-10T23:59:59"},{"location":{"location":"https://github.com/wjw55/ip.git","repoName":"ip","organization":"wjw55","domainName":"github"},"branch":"master","displayName":"wjw55/ip[master]","outputFolderName":"wjw55_ip_master","sinceDate":"2026-01-09T00:00:00","untilDate":"2026-02-10T23:59:59"},{"location":{"location":"https://github.com/1cecream03/ip.git","repoName":"ip","organization":"1cecream03","domainName":"github"},"branch":"master","displayName":"1cecream03/ip[master]","outputFolderName":"1cecream03_ip_master","sinceDate":"2026-01-09T00:00:00","untilDate":"2026-02-10T23:59:59"},{"location":{"location":"https://github.com/lamzl/ip.git","repoName":"ip","organization":"lamzl","domainName":"github"},"branch":"master","displayName":"lamzl/ip[master]","outputFolderName":"lamzl_ip_master","sinceDate":"2026-01-09T00:00:00","untilDate":"2026-02-10T23:59:59"},{"location":{"location":"https://github.com/w-chuhao/ip.git","repoName":"ip","organization":"w-chuhao","domainName":"github"},"branch":"master","displayName":"w-chuhao/ip[master]","outputFolderName":"w-chuhao_ip_master","sinceDate":"2026-01-09T00:00:00","untilDate":"2026-02-10T23:59:59"},{"location":{"location":"https://github.com/shiyong52/ip.git","repoName":"ip","organization":"shiyong52","domainName":"github"},"branch":"master","displayName":"shiyong52/ip[master]","outputFolderName":"shiyong52_ip_master","sinceDate":"2026-01-09T00:00:00","untilDate":"2026-02-10T23:59:59"},{"location":{"location":"https://github.com/leegoang/ip.git","repoName":"ip","organization":"leegoang","domainName":"github"},"branch":"master","displayName":"leegoang/ip[master]","outputFolderName":"leegoang_ip_master","sinceDate":"2026-01-09T00:00:00","untilDate":"2026-02-10T23:59:59"},{"location":{"location":"https://github.com/justinpoonjj/ip.git","repoName":"ip","organization":"justinpoonjj","domainName":"github"},"branch":"master","displayName":"justinpoonjj/ip[master]","outputFolderName":"justinpoonjj_ip_master","sinceDate":"2026-01-09T00:00:00","untilDate":"2026-02-10T23:59:59"},{"location":{"location":"https://github.com/SheepSweat/ip.git","repoName":"ip","organization":"SheepSweat","domainName":"github"},"branch":"master","displayName":"SheepSweat/ip[master]","outputFolderName":"SheepSweat_ip_master","sinceDate":"2026-01-09T00:00:00","untilDate":"2026-02-10T23:59:59"},{"location":{"location":"https://github.com/zenweilow/ip.git","repoName":"ip","organization":"zenweilow","domainName":"github"},"branch":"master","displayName":"zenweilow/ip[master]","outputFolderName":"zenweilow_ip_master","sinceDate":"2026-01-09T00:00:00","untilDate":"2026-02-10T23:59:59"},{"location":{"location":"https://github.com/revaria/ip.git","repoName":"ip","organization":"revaria","domainName":"github"},"branch":"master","displayName":"revaria/ip[master]","outputFolderName":"revaria_ip_master","sinceDate":"2026-01-09T00:00:00","untilDate":"2026-02-10T23:59:59"},{"location":{"location":"https://github.com/Calvin-GH/ip.git","repoName":"ip","organization":"Calvin-GH","domainName":"github"},"branch":"master","displayName":"Calvin-GH/ip[master]","outputFolderName":"Calvin-GH_ip_master","sinceDate":"2026-01-09T00:00:00","untilDate":"2026-02-10T23:59:59"},{"location":{"location":"https://github.com/karthikkathiresh/ip.git","repoName":"ip","organization":"karthikkathiresh","domainName":"github"},"branch":"master","displayName":"karthikkathiresh/ip[master]","outputFolderName":"karthikkathiresh_ip_master","sinceDate":"2026-01-09T00:00:00","untilDate":"2026-02-10T23:59:59"},{"location":{"location":"https://github.com/denyh6/ip.git","repoName":"ip","organization":"denyh6","domainName":"github"},"branch":"master","displayName":"denyh6/ip[master]","outputFolderName":"denyh6_ip_master","sinceDate":"2026-01-09T00:00:00","untilDate":"2026-02-10T23:59:59"},{"location":{"location":"https://github.com/aaravvr/ip.git","repoName":"ip","organization":"aaravvr","domainName":"github"},"branch":"master","displayName":"aaravvr/ip[master]","outputFolderName":"aaravvr_ip_master","sinceDate":"2026-01-09T00:00:00","untilDate":"2026-02-10T23:59:59"},{"location":{"location":"https://github.com/dinvsh/ip.git","repoName":"ip","organization":"dinvsh","domainName":"github"},"branch":"master","displayName":"dinvsh/ip[master]","outputFolderName":"dinvsh_ip_master","sinceDate":"2026-01-09T00:00:00","untilDate":"2026-02-10T23:59:59"},{"location":{"location":"https://github.com/N-SANJAI/ip.git","repoName":"ip","organization":"N-SANJAI","domainName":"github"},"branch":"master","displayName":"N-SANJAI/ip[master]","outputFolderName":"N-SANJAI_ip_master","sinceDate":"2026-01-09T00:00:00","untilDate":"2026-02-10T23:59:59"},{"location":{"location":"https://github.com/joeLku1/ip.git","repoName":"ip","organization":"joeLku1","domainName":"github"},"branch":"master","displayName":"joeLku1/ip[master]","outputFolderName":"joeLku1_ip_master","sinceDate":"2026-01-09T00:00:00","untilDate":"2026-02-10T23:59:59"},{"location":{"location":"https://github.com/wongeeshawn/ip.git","repoName":"ip","organization":"wongeeshawn","domainName":"github"},"branch":"master","displayName":"wongeeshawn/ip[master]","outputFolderName":"wongeeshawn_ip_master","sinceDate":"2026-01-09T00:00:00","untilDate":"2026-02-10T23:59:59"},{"location":{"location":"https://github.com/nicholaslauhy/ip.git","repoName":"ip","organization":"nicholaslauhy","domainName":"github"},"branch":"master","displayName":"nicholaslauhy/ip[master]","outputFolderName":"nicholaslauhy_ip_master","sinceDate":"2026-01-09T00:00:00","untilDate":"2026-02-10T23:59:59"},{"location":{"location":"https://github.com/RANGANATHAN21/ip.git","repoName":"ip","organization":"RANGANATHAN21","domainName":"github"},"branch":"master","displayName":"RANGANATHAN21/ip[master]","outputFolderName":"RANGANATHAN21_ip_master","sinceDate":"2026-01-09T00:00:00","untilDate":"2026-02-10T23:59:59"},{"location":{"location":"https://github.com/natmloclam/ip.git","repoName":"ip","organization":"natmloclam","domainName":"github"},"branch":"master","displayName":"natmloclam/ip[master]","outputFolderName":"natmloclam_ip_master","sinceDate":"2026-01-09T00:00:00","untilDate":"2026-02-10T23:59:59"},{"location":{"location":"https://github.com/Ariff1422/ip.git","repoName":"ip","organization":"Ariff1422","domainName":"github"},"branch":"master","displayName":"Ariff1422/ip[master]","outputFolderName":"Ariff1422_ip_master","sinceDate":"2026-01-09T00:00:00","untilDate":"2026-02-10T23:59:59"},{"location":{"location":"https://github.com/yueyang1111/ip.git","repoName":"ip","organization":"yueyang1111","domainName":"github"},"branch":"master","displayName":"yueyang1111/ip[master]","outputFolderName":"yueyang1111_ip_master","sinceDate":"2026-01-09T00:00:00","untilDate":"2026-02-10T23:59:59"},{"location":{"location":"https://github.com/Nishuy52/ip.git","repoName":"ip","organization":"Nishuy52","domainName":"github"},"branch":"master","displayName":"Nishuy52/ip[master]","outputFolderName":"Nishuy52_ip_master","sinceDate":"2026-01-09T00:00:00","untilDate":"2026-02-10T23:59:59"},{"location":{"location":"https://github.com/yc-zzz/ip.git","repoName":"ip","organization":"yc-zzz","domainName":"github"},"branch":"master","displayName":"yc-zzz/ip[master]","outputFolderName":"yc-zzz_ip_master","sinceDate":"2026-01-09T00:00:00","untilDate":"2026-02-10T23:59:59"},{"location":{"location":"https://github.com/WenJunYu5984/ip.git","repoName":"ip","organization":"WenJunYu5984","domainName":"github"},"branch":"master","displayName":"WenJunYu5984/ip[master]","outputFolderName":"WenJunYu5984_ip_master","sinceDate":"2026-01-09T00:00:00","untilDate":"2026-02-10T23:59:59"},{"location":{"location":"https://github.com/EmDani3l/ip.git","repoName":"ip","organization":"EmDani3l","domainName":"github"},"branch":"master","displayName":"EmDani3l/ip[master]","outputFolderName":"EmDani3l_ip_master","sinceDate":"2026-01-09T00:00:00","untilDate":"2026-02-10T23:59:59"},{"location":{"location":"https://github.com/RishabhShenoy03/ip.git","repoName":"ip","organization":"RishabhShenoy03","domainName":"github"},"branch":"master","displayName":"RishabhShenoy03/ip[master]","outputFolderName":"RishabhShenoy03_ip_master","sinceDate":"2026-01-09T00:00:00","untilDate":"2026-02-10T23:59:59"},{"location":{"location":"https://github.com/SeanTLY23/ip.git","repoName":"ip","organization":"SeanTLY23","domainName":"github"},"branch":"master","displayName":"SeanTLY23/ip[master]","outputFolderName":"SeanTLY23_ip_master","sinceDate":"2026-01-09T00:00:00","untilDate":"2026-02-10T23:59:59"},{"location":{"location":"https://github.com/shuojiee/ip.git","repoName":"ip","organization":"shuojiee","domainName":"github"},"branch":"master","displayName":"shuojiee/ip[master]","outputFolderName":"shuojiee_ip_master","sinceDate":"2026-01-09T00:00:00","untilDate":"2026-02-10T23:59:59"},{"location":{"location":"https://github.com/Rosh2403/ip.git","repoName":"ip","organization":"Rosh2403","domainName":"github"},"branch":"master","displayName":"Rosh2403/ip[master]","outputFolderName":"Rosh2403_ip_master","sinceDate":"2026-01-09T00:00:00","untilDate":"2026-02-10T23:59:59"},{"location":{"location":"https://github.com/manudagur87/ip.git","repoName":"ip","organization":"manudagur87","domainName":"github"},"branch":"master","displayName":"manudagur87/ip[master]","outputFolderName":"manudagur87_ip_master","sinceDate":"2026-01-09T00:00:00","untilDate":"2026-02-10T23:59:59"},{"location":{"location":"https://github.com/jwelo/ip.git","repoName":"ip","organization":"jwelo","domainName":"github"},"branch":"master","displayName":"jwelo/ip[master]","outputFolderName":"jwelo_ip_master","sinceDate":"2026-01-09T00:00:00","untilDate":"2026-02-10T23:59:59"},{"location":{"location":"https://github.com/lauwn-mower/ip.git","repoName":"ip","organization":"lauwn-mower","domainName":"github"},"branch":"master","displayName":"lauwn-mower/ip[master]","outputFolderName":"lauwn-mower_ip_master","sinceDate":"2026-01-09T00:00:00","untilDate":"2026-02-10T23:59:59"},{"location":{"location":"https://github.com/yihernggggg/ip.git","repoName":"ip","organization":"yihernggggg","domainName":"github"},"branch":"master","displayName":"yihernggggg/ip[master]","outputFolderName":"yihernggggg_ip_master","sinceDate":"2026-01-09T00:00:00","untilDate":"2026-02-10T23:59:59"},{"location":{"location":"https://github.com/TrijalSrimal/ip.git","repoName":"ip","organization":"TrijalSrimal","domainName":"github"},"branch":"master","displayName":"TrijalSrimal/ip[master]","outputFolderName":"TrijalSrimal_ip_master","sinceDate":"2026-01-09T00:00:00","untilDate":"2026-02-10T23:59:59"},{"location":{"location":"https://github.com/Novgor0d/ip.git","repoName":"ip","organization":"Novgor0d","domainName":"github"},"branch":"master","displayName":"Novgor0d/ip[master]","outputFolderName":"Novgor0d_ip_master","sinceDate":"2026-01-09T00:00:00","untilDate":"2026-02-10T23:59:59"},{"location":{"location":"https://github.com/Nishchay2576/ip.git","repoName":"ip","organization":"Nishchay2576","domainName":"github"},"branch":"master","displayName":"Nishchay2576/ip[master]","outputFolderName":"Nishchay2576_ip_master","sinceDate":"2026-01-09T00:00:00","untilDate":"2026-02-10T23:59:59"},{"location":{"location":"https://github.com/puma-31/ip.git","repoName":"ip","organization":"puma-31","domainName":"github"},"branch":"master","displayName":"puma-31/ip[master]","outputFolderName":"puma-31_ip_master","sinceDate":"2026-01-09T00:00:00","untilDate":"2026-02-10T23:59:59"},{"location":{"location":"https://github.com/shrabasti-c/ip.git","repoName":"ip","organization":"shrabasti-c","domainName":"github"},"branch":"master","displayName":"shrabasti-c/ip[master]","outputFolderName":"shrabasti-c_ip_master","sinceDate":"2026-01-09T00:00:00","untilDate":"2026-02-10T23:59:59"},{"location":{"location":"https://github.com/aruyadav13/ip.git","repoName":"ip","organization":"aruyadav13","domainName":"github"},"branch":"master","displayName":"aruyadav13/ip[master]","outputFolderName":"aruyadav13_ip_master","sinceDate":"2026-01-09T00:00:00","untilDate":"2026-02-10T23:59:59"},{"location":{"location":"https://github.com/prerana-r11/ip.git","repoName":"ip","organization":"prerana-r11","domainName":"github"},"branch":"master","displayName":"prerana-r11/ip[master]","outputFolderName":"prerana-r11_ip_master","sinceDate":"2026-01-09T00:00:00","untilDate":"2026-02-10T23:59:59"},{"location":{"location":"https://github.com/GShubhan/ip.git","repoName":"ip","organization":"GShubhan","domainName":"github"},"branch":"master","displayName":"GShubhan/ip[master]","outputFolderName":"GShubhan_ip_master","sinceDate":"2026-01-09T00:00:00","untilDate":"2026-02-10T23:59:59"},{"location":{"location":"https://github.com/Michael-coding06/ip.git","repoName":"ip","organization":"Michael-coding06","domainName":"github"},"branch":"master","displayName":"Michael-coding06/ip[master]","outputFolderName":"Michael-coding06_ip_master","sinceDate":"2026-01-09T00:00:00","untilDate":"2026-02-10T23:59:59"},{"location":{"location":"https://github.com/ShamitGupta/ip.git","repoName":"ip","organization":"ShamitGupta","domainName":"github"},"branch":"master","displayName":"ShamitGupta/ip[master]","outputFolderName":"ShamitGupta_ip_master","sinceDate":"2026-01-09T00:00:00","untilDate":"2026-02-10T23:59:59"},{"location":{"location":"https://github.com/AaravBaori/ip.git","repoName":"ip","organization":"AaravBaori","domainName":"github"},"branch":"master","displayName":"AaravBaori/ip[master]","outputFolderName":"AaravBaori_ip_master","sinceDate":"2026-01-09T00:00:00","untilDate":"2026-02-10T23:59:59"},{"location":{"location":"https://github.com/SIONMATHEW/ip.git","repoName":"ip","organization":"SIONMATHEW","domainName":"github"},"branch":"master","displayName":"SIONMATHEW/ip[master]","outputFolderName":"SIONMATHEW_ip_master","sinceDate":"2026-01-09T00:00:00","untilDate":"2026-02-10T23:59:59"},{"location":{"location":"https://github.com/SmeetRonak/ip.git","repoName":"ip","organization":"SmeetRonak","domainName":"github"},"branch":"master","displayName":"SmeetRonak/ip[master]","outputFolderName":"SmeetRonak_ip_master","sinceDate":"2026-01-09T00:00:00","untilDate":"2026-02-10T23:59:59"},{"location":{"location":"https://github.com/Anormalm/ip.git","repoName":"ip","organization":"Anormalm","domainName":"github"},"branch":"master","displayName":"Anormalm/ip[master]","outputFolderName":"Anormalm_ip_master","sinceDate":"2026-01-09T00:00:00","untilDate":"2026-02-10T23:59:59"},{"location":{"location":"https://github.com/gzc-ceg/ip.git","repoName":"ip","organization":"gzc-ceg","domainName":"github"},"branch":"master","displayName":"gzc-ceg/ip[master]","outputFolderName":"gzc-ceg_ip_master","sinceDate":"2026-01-09T00:00:00","untilDate":"2026-02-10T23:59:59"},{"location":{"location":"https://github.com/Overture-2021/ip.git","repoName":"ip","organization":"Overture-2021","domainName":"github"},"branch":"master","displayName":"Overture-2021/ip[master]","outputFolderName":"Overture-2021_ip_master","sinceDate":"2026-01-09T00:00:00","untilDate":"2026-02-10T23:59:59"},{"location":{"location":"https://github.com/hykzr/ip.git","repoName":"ip","organization":"hykzr","domainName":"github"},"branch":"master","displayName":"hykzr/ip[master]","outputFolderName":"hykzr_ip_master","sinceDate":"2026-01-09T00:00:00","untilDate":"2026-02-10T23:59:59"},{"location":{"location":"https://github.com/E1484104/ip.git","repoName":"ip","organization":"E1484104","domainName":"github"},"branch":"master","displayName":"E1484104/ip[master]","outputFolderName":"E1484104_ip_master","sinceDate":"2026-01-09T00:00:00","untilDate":"2026-02-10T23:59:59"},{"location":{"location":"https://github.com/nicoleroot/ip.git","repoName":"ip","organization":"nicoleroot","domainName":"github"},"branch":"master","displayName":"nicoleroot/ip[master]","outputFolderName":"nicoleroot_ip_master","sinceDate":"2026-01-09T00:00:00","untilDate":"2026-02-10T23:59:59"},{"location":{"location":"https://github.com/Hongyu1231/ip.git","repoName":"ip","organization":"Hongyu1231","domainName":"github"},"branch":"master","displayName":"Hongyu1231/ip[master]","outputFolderName":"Hongyu1231_ip_master","sinceDate":"2026-01-09T00:00:00","untilDate":"2026-02-10T23:59:59"},{"location":{"location":"https://github.com/jainamashah/ip.git","repoName":"ip","organization":"jainamashah","domainName":"github"},"branch":"master","displayName":"jainamashah/ip[master]","outputFolderName":"jainamashah_ip_master","sinceDate":"2026-01-09T00:00:00","untilDate":"2026-02-10T23:59:59"},{"location":{"location":"https://github.com/BogdanDobrynin/ip.git","repoName":"ip","organization":"BogdanDobrynin","domainName":"github"},"branch":"master","displayName":"BogdanDobrynin/ip[master]","outputFolderName":"BogdanDobrynin_ip_master","sinceDate":"2026-01-09T00:00:00","untilDate":"2026-02-10T23:59:59"},{"location":{"location":"https://github.com/Yaqi66/ip.git","repoName":"ip","organization":"Yaqi66","domainName":"github"},"branch":"master","displayName":"Yaqi66/ip[master]","outputFolderName":"Yaqi66_ip_master","sinceDate":"2026-01-09T00:00:00","untilDate":"2026-02-10T23:59:59"},{"location":{"location":"https://github.com/yqzzy/ip.git","repoName":"ip","organization":"yqzzy","domainName":"github"},"branch":"master","displayName":"yqzzy/ip[master]","outputFolderName":"yqzzy_ip_master","sinceDate":"2026-01-09T00:00:00","untilDate":"2026-02-10T23:59:59"},{"location":{"location":"https://github.com/infinitymehs/ip.git","repoName":"ip","organization":"infinitymehs","domainName":"github"},"branch":"master","displayName":"infinitymehs/ip[master]","outputFolderName":"infinitymehs_ip_master","sinceDate":"2026-01-09T00:00:00","untilDate":"2026-02-10T23:59:59"},{"location":{"location":"https://github.com/keagedw/ip.git","repoName":"ip","organization":"keagedw","domainName":"github"},"branch":"master","displayName":"keagedw/ip[master]","outputFolderName":"keagedw_ip_master","sinceDate":"2026-01-09T00:00:00","untilDate":"2026-02-10T23:59:59"},{"location":{"location":"https://github.com/Advait-B/ip.git","repoName":"ip","organization":"Advait-B","domainName":"github"},"branch":"master","displayName":"Advait-B/ip[master]","outputFolderName":"Advait-B_ip_master","sinceDate":"2026-01-09T00:00:00","untilDate":"2026-02-10T23:59:59"},{"location":{"location":"https://github.com/eugenia-cnl-lee/ip.git","repoName":"ip","organization":"eugenia-cnl-lee","domainName":"github"},"branch":"master","displayName":"eugenia-cnl-lee/ip[master]","outputFolderName":"eugenia-cnl-lee_ip_master","sinceDate":"2026-01-09T00:00:00","untilDate":"2026-02-10T23:59:59"},{"location":{"location":"https://github.com/violetsunshades/ip.git","repoName":"ip","organization":"violetsunshades","domainName":"github"},"branch":"master","displayName":"violetsunshades/ip[master]","outputFolderName":"violetsunshades_ip_master","sinceDate":"2026-01-09T00:00:00","untilDate":"2026-02-10T23:59:59"},{"location":{"location":"https://github.com/fromtyn/ip.git","repoName":"ip","organization":"fromtyn","domainName":"github"},"branch":"master","displayName":"fromtyn/ip[master]","outputFolderName":"fromtyn_ip_master","sinceDate":"2026-01-09T00:00:00","untilDate":"2026-02-10T23:59:59"},{"location":{"location":"https://github.com/XiaoGeNekidora/ip.git","repoName":"ip","organization":"XiaoGeNekidora","domainName":"github"},"branch":"master","displayName":"XiaoGeNekidora/ip[master]","outputFolderName":"XiaoGeNekidora_ip_master","sinceDate":"2026-01-09T00:00:00","untilDate":"2026-02-10T23:59:59"},{"location":{"location":"https://github.com/RayminQAQ/ip.git","repoName":"ip","organization":"RayminQAQ","domainName":"github"},"branch":"master","displayName":"RayminQAQ/ip[master]","outputFolderName":"RayminQAQ_ip_master","sinceDate":"2026-01-09T00:00:00","untilDate":"2026-02-10T23:59:59"},{"location":{"location":"https://github.com/Aurosky/ip.git","repoName":"ip","organization":"Aurosky","domainName":"github"},"branch":"master","displayName":"Aurosky/ip[master]","outputFolderName":"Aurosky_ip_master","sinceDate":"2026-01-09T00:00:00","untilDate":"2026-02-10T23:59:59"},{"location":{"location":"https://github.com/cigaho/ip.git","repoName":"ip","organization":"cigaho","domainName":"github"},"branch":"master","displayName":"cigaho/ip[master]","outputFolderName":"cigaho_ip_master","sinceDate":"2026-01-09T00:00:00","untilDate":"2026-02-10T23:59:59"},{"location":{"location":"https://github.com/RayanInCode/ip.git","repoName":"ip","organization":"RayanInCode","domainName":"github"},"branch":"master","displayName":"RayanInCode/ip[master]","outputFolderName":"RayanInCode_ip_master","sinceDate":"2026-01-09T00:00:00","untilDate":"2026-02-10T23:59:59"},{"location":{"location":"https://github.com/Alex-Chen-666/ip.git","repoName":"ip","organization":"Alex-Chen-666","domainName":"github"},"branch":"master","displayName":"Alex-Chen-666/ip[master]","outputFolderName":"Alex-Chen-666_ip_master","sinceDate":"2026-01-09T00:00:00","untilDate":"2026-02-10T23:59:59"},{"location":{"location":"https://github.com/fuocchu/ip.git","repoName":"ip","organization":"fuocchu","domainName":"github"},"branch":"master","displayName":"fuocchu/ip[master]","outputFolderName":"fuocchu_ip_master","sinceDate":"2026-01-09T00:00:00","untilDate":"2026-02-10T23:59:59"},{"location":{"location":"https://github.com/Michael-wzl/ip.git","repoName":"ip","organization":"Michael-wzl","domainName":"github"},"branch":"master","displayName":"Michael-wzl/ip[master]","outputFolderName":"Michael-wzl_ip_master","sinceDate":"2026-01-09T00:00:00","untilDate":"2026-02-10T23:59:59"},{"location":{"location":"https://github.com/jainsaksham2006/ip.git","repoName":"ip","organization":"jainsaksham2006","domainName":"github"},"branch":"master","displayName":"jainsaksham2006/ip[master]","outputFolderName":"jainsaksham2006_ip_master","sinceDate":"2026-01-09T00:00:00","untilDate":"2026-02-10T23:59:59"},{"location":{"location":"https://github.com/Yonish18/ip.git","repoName":"ip","organization":"Yonish18","domainName":"github"},"branch":"master","displayName":"Yonish18/ip[master]","outputFolderName":"Yonish18_ip_master","sinceDate":"2026-01-09T00:00:00","untilDate":"2026-02-10T23:59:59"},{"location":{"location":"https://github.com/seeml-mo/ip.git","repoName":"ip","organization":"seeml-mo","domainName":"github"},"branch":"master","displayName":"seeml-mo/ip[master]","outputFolderName":"seeml-mo_ip_master","sinceDate":"2026-01-09T00:00:00","untilDate":"2026-02-10T23:59:59"},{"location":{"location":"https://github.com/YWY2002/ip.git","repoName":"ip","organization":"YWY2002","domainName":"github"},"branch":"master","displayName":"YWY2002/ip[master]","outputFolderName":"YWY2002_ip_master","sinceDate":"2026-01-09T00:00:00","untilDate":"2026-02-10T23:59:59"},{"location":{"location":"https://github.com/Bunnyhunch2024/ip.git","repoName":"ip","organization":"Bunnyhunch2024","domainName":"github"},"branch":"master","displayName":"Bunnyhunch2024/ip[master]","outputFolderName":"Bunnyhunch2024_ip_master","sinceDate":"2026-01-09T00:00:00","untilDate":"2026-02-10T23:59:59"},{"location":{"location":"https://github.com/KanakornMek/ip.git","repoName":"ip","organization":"KanakornMek","domainName":"github"},"branch":"master","displayName":"KanakornMek/ip[master]","outputFolderName":"KanakornMek_ip_master","sinceDate":"2026-01-09T00:00:00","untilDate":"2026-02-10T23:59:59"},{"location":{"location":"https://github.com/vionyp/ip.git","repoName":"ip","organization":"vionyp","domainName":"github"},"branch":"master","displayName":"vionyp/ip[master]","outputFolderName":"vionyp_ip_master","sinceDate":"2026-01-09T00:00:00","untilDate":"2026-02-10T23:59:59"},{"location":{"location":"https://github.com/Simplificatedd/ip.git","repoName":"ip","organization":"Simplificatedd","domainName":"github"},"branch":"master","displayName":"Simplificatedd/ip[master]","outputFolderName":"Simplificatedd_ip_master","sinceDate":"2026-01-09T00:00:00","untilDate":"2026-02-10T23:59:59"}],"errorSet":[],"sinceDate":"2026-01-09T00:00:00","untilDate":"2026-02-10T23:59:59","isSinceDateProvided":true,"isUntilDateProvided":false,"supportedDomainUrlMap":{"NOT_RECOGNIZED":{"BRANCH":"","REPO_URL":"UNSUPPORTED","BASE_URL":"UNSUPPORTED","HISTORY_PATH":"","COMMIT_PATH":"","BLAME_PATH":""},"github":{"BRANCH":"tree/$BRANCH","REPO_URL":"https://github.com/$ORGANIZATION/$REPO_NAME/","BASE_URL":"https://github.com/","HISTORY_PATH":"commits/$BRANCH/$FILE_PATH","COMMIT_PATH":"commit/$COMMIT_HASH","BLAME_PATH":"blame/$BRANCH/$FILE_PATH"}},"isAuthorshipAnalyzed":false,"repoBlurbs":{"blurbMap":{}},"authorBlurbs":{"blurbMap":{}},"chartBlurbs":{"blurbMap":{}},"isPortfolio":false}
