[{"path":"README.md","fileType":"md","lines":[{"lineNumber":1,"author":{"gitId":"Elegazia"},"content":"# Nyeash project template","lastModifiedDate":"2026-01-30T16:06:02","isFullCredit":false},{"lineNumber":2,"author":{"gitId":"-"},"content":"","lastModifiedDate":"2020-05-25T00:03:55","isFullCredit":false},{"lineNumber":3,"author":{"gitId":"-"},"content":"This is a project template for a greenfield Java project. It\u0027s named after the Java mascot _Duke_. Given below are instructions on how to use it.","lastModifiedDate":"2020-05-25T00:03:55","isFullCredit":false},{"lineNumber":4,"author":{"gitId":"-"},"content":"","lastModifiedDate":"2020-05-25T00:03:55","isFullCredit":false},{"lineNumber":5,"author":{"gitId":"-"},"content":"## Setting up in Intellij","lastModifiedDate":"2020-05-25T00:03:55","isFullCredit":false},{"lineNumber":6,"author":{"gitId":"-"},"content":"","lastModifiedDate":"2020-05-25T00:03:55","isFullCredit":false},{"lineNumber":7,"author":{"gitId":"-"},"content":"Prerequisites: JDK 17, update Intellij to the most recent version.","lastModifiedDate":"2024-07-11T16:50:14","isFullCredit":false},{"lineNumber":8,"author":{"gitId":"-"},"content":"","lastModifiedDate":"2020-05-25T00:03:55","isFullCredit":false},{"lineNumber":9,"author":{"gitId":"-"},"content":"1. Open Intellij (if you are not in the welcome screen, click `File` \u003e `Close Project` to close the existing project first)","lastModifiedDate":"2021-01-17T12:25:53","isFullCredit":false},{"lineNumber":10,"author":{"gitId":"-"},"content":"1. Open the project into Intellij as follows:","lastModifiedDate":"2021-01-17T12:25:53","isFullCredit":false},{"lineNumber":11,"author":{"gitId":"-"},"content":"   1. Click `Open`.","lastModifiedDate":"2021-01-17T12:25:53","isFullCredit":false},{"lineNumber":12,"author":{"gitId":"-"},"content":"   1. Select the project directory, and click `OK`.","lastModifiedDate":"2021-01-17T12:25:53","isFullCredit":false},{"lineNumber":13,"author":{"gitId":"-"},"content":"   1. If there are any further prompts, accept the defaults.","lastModifiedDate":"2020-05-25T00:03:55","isFullCredit":false},{"lineNumber":14,"author":{"gitId":"-"},"content":"1. Configure the project to use **JDK 17** (not other versions) as explained in [here](https://www.jetbrains.com/help/idea/sdk.html#set-up-jdk).\u003cbr\u003e","lastModifiedDate":"2024-07-11T16:50:14","isFullCredit":false},{"lineNumber":15,"author":{"gitId":"-"},"content":"   In the same dialog, set the **Project language level** field to the `SDK default` option.","lastModifiedDate":"2021-07-29T20:29:39","isFullCredit":false},{"lineNumber":16,"author":{"gitId":"Elegazia"},"content":"1. After that, locate the `src/main/java/Nyeash.java` file, right-click it, and choose `Run Nyeash.main()` (if the code editor is showing compile errors, try restarting the IDE). If the setup is correct, you should see something like the below as the output:","lastModifiedDate":"2026-01-30T16:06:02","isFullCredit":false},{"lineNumber":17,"author":{"gitId":"-"},"content":"   ```","lastModifiedDate":"2020-05-25T00:03:55","isFullCredit":false},{"lineNumber":18,"author":{"gitId":"-"},"content":"   Hello from","lastModifiedDate":"2020-05-25T00:03:55","isFullCredit":false},{"lineNumber":19,"author":{"gitId":"-"},"content":"    ____        _        ","lastModifiedDate":"2020-05-25T00:03:55","isFullCredit":false},{"lineNumber":20,"author":{"gitId":"-"},"content":"   |  _ \\ _   _| | _____ ","lastModifiedDate":"2020-05-25T00:03:55","isFullCredit":false},{"lineNumber":21,"author":{"gitId":"-"},"content":"   | | | | | | | |/ / _ \\","lastModifiedDate":"2020-05-25T00:03:55","isFullCredit":false},{"lineNumber":22,"author":{"gitId":"-"},"content":"   | |_| | |_| |   \u003c  __/","lastModifiedDate":"2020-05-25T00:03:55","isFullCredit":false},{"lineNumber":23,"author":{"gitId":"-"},"content":"   |____/ \\__,_|_|\\_\\___|","lastModifiedDate":"2020-05-25T00:03:55","isFullCredit":false},{"lineNumber":24,"author":{"gitId":"-"},"content":"   ```","lastModifiedDate":"2020-05-25T00:03:55","isFullCredit":false},{"lineNumber":25,"author":{"gitId":"-"},"content":"","lastModifiedDate":"2025-01-04T21:44:28","isFullCredit":false},{"lineNumber":26,"author":{"gitId":"-"},"content":"**Warning:** Keep the `src\\main\\java` folder as the root folder for Java files (i.e., don\u0027t rename those folders or move Java files to another folder outside of this folder path), as this is the default location some tools (e.g., Gradle) expect to find Java files.","lastModifiedDate":"2025-01-04T21:44:28","isFullCredit":false}],"authorContributionMap":{"Elegazia":2,"-":24}},{"path":"docs/README.md","fileType":"md","lines":[{"lineNumber":1,"author":{"gitId":"Elegazia"},"content":"# Nyeash User Guide","lastModifiedDate":"2026-01-30T16:06:02","isFullCredit":false},{"lineNumber":2,"author":{"gitId":"-"},"content":"","lastModifiedDate":"2019-07-29T17:14:46","isFullCredit":false},{"lineNumber":3,"author":{"gitId":"-"},"content":"// Update the title above to match the actual product name","lastModifiedDate":"2024-01-07T18:33:52","isFullCredit":false},{"lineNumber":4,"author":{"gitId":"-"},"content":"","lastModifiedDate":"2019-07-29T17:14:46","isFullCredit":false},{"lineNumber":5,"author":{"gitId":"-"},"content":"// Product screenshot goes here","lastModifiedDate":"2024-01-07T18:33:52","isFullCredit":false},{"lineNumber":6,"author":{"gitId":"-"},"content":"","lastModifiedDate":"2021-07-17T16:49:07","isFullCredit":false},{"lineNumber":7,"author":{"gitId":"-"},"content":"// Product intro goes here","lastModifiedDate":"2024-01-07T18:33:52","isFullCredit":false},{"lineNumber":8,"author":{"gitId":"-"},"content":"","lastModifiedDate":"2021-07-17T16:49:07","isFullCredit":false},{"lineNumber":9,"author":{"gitId":"-"},"content":"## Adding deadlines","lastModifiedDate":"2024-01-07T18:33:52","isFullCredit":false},{"lineNumber":10,"author":{"gitId":"-"},"content":"","lastModifiedDate":"2021-07-17T16:49:07","isFullCredit":false},{"lineNumber":11,"author":{"gitId":"-"},"content":"// Describe the action and its outcome.","lastModifiedDate":"2024-01-07T18:33:52","isFullCredit":false},{"lineNumber":12,"author":{"gitId":"-"},"content":"","lastModifiedDate":"2019-07-29T17:14:46","isFullCredit":false},{"lineNumber":13,"author":{"gitId":"-"},"content":"// Give examples of usage","lastModifiedDate":"2024-01-07T18:33:52","isFullCredit":false},{"lineNumber":14,"author":{"gitId":"-"},"content":"","lastModifiedDate":"2019-07-29T17:14:46","isFullCredit":false},{"lineNumber":15,"author":{"gitId":"-"},"content":"Example: `keyword (optional arguments)`","lastModifiedDate":"2024-01-07T18:33:52","isFullCredit":false},{"lineNumber":16,"author":{"gitId":"-"},"content":"","lastModifiedDate":"2019-07-29T17:14:46","isFullCredit":false},{"lineNumber":17,"author":{"gitId":"-"},"content":"// A description of the expected outcome goes here","lastModifiedDate":"2024-01-07T18:33:52","isFullCredit":false},{"lineNumber":18,"author":{"gitId":"-"},"content":"","lastModifiedDate":"2019-07-29T17:14:46","isFullCredit":false},{"lineNumber":19,"author":{"gitId":"-"},"content":"```","lastModifiedDate":"2024-01-07T18:33:52","isFullCredit":false},{"lineNumber":20,"author":{"gitId":"-"},"content":"expected output","lastModifiedDate":"2024-01-07T18:33:52","isFullCredit":false},{"lineNumber":21,"author":{"gitId":"-"},"content":"```","lastModifiedDate":"2024-01-07T18:33:52","isFullCredit":false},{"lineNumber":22,"author":{"gitId":"-"},"content":"","lastModifiedDate":"2019-07-29T17:14:46","isFullCredit":false},{"lineNumber":23,"author":{"gitId":"-"},"content":"## Feature ABC","lastModifiedDate":"2024-01-07T18:33:52","isFullCredit":false},{"lineNumber":24,"author":{"gitId":"-"},"content":"","lastModifiedDate":"2019-07-29T17:14:46","isFullCredit":false},{"lineNumber":25,"author":{"gitId":"-"},"content":"// Feature details","lastModifiedDate":"2024-01-07T18:33:52","isFullCredit":false},{"lineNumber":26,"author":{"gitId":"-"},"content":"","lastModifiedDate":"2019-07-29T17:14:46","isFullCredit":false},{"lineNumber":27,"author":{"gitId":"-"},"content":"","lastModifiedDate":"2021-07-17T16:49:07","isFullCredit":false},{"lineNumber":28,"author":{"gitId":"-"},"content":"## Feature XYZ","lastModifiedDate":"2024-01-07T18:33:52","isFullCredit":false},{"lineNumber":29,"author":{"gitId":"-"},"content":"","lastModifiedDate":"2024-01-07T18:33:52","isFullCredit":false},{"lineNumber":30,"author":{"gitId":"-"},"content":"// Feature details","lastModifiedDate":"2024-01-07T18:33:52","isFullCredit":false}],"authorContributionMap":{"Elegazia":1,"-":29}},{"path":"src/main/java/Nyeash.java","fileType":"java","lines":[{"lineNumber":1,"author":{"gitId":"Elegazia"},"content":"import java.util.Scanner;","lastModifiedDate":"2026-01-30T16:34:22","isFullCredit":false},{"lineNumber":2,"author":{"gitId":"Elegazia"},"content":"","lastModifiedDate":"2026-01-30T16:34:22","isFullCredit":false},{"lineNumber":3,"author":{"gitId":"Elegazia"},"content":"public class Nyeash {","lastModifiedDate":"2026-01-30T16:06:02","isFullCredit":false},{"lineNumber":4,"author":{"gitId":"Elegazia"},"content":"    private static final String LINE \u003d \"_\".repeat(60);","lastModifiedDate":"2026-01-30T16:34:22","isFullCredit":false},{"lineNumber":5,"author":{"gitId":"Elegazia"},"content":"","lastModifiedDate":"2026-01-30T16:34:22","isFullCredit":false},{"lineNumber":6,"author":{"gitId":"Elegazia"},"content":"    private static void printBox(String message) {","lastModifiedDate":"2026-01-30T16:34:22","isFullCredit":false},{"lineNumber":7,"author":{"gitId":"Elegazia"},"content":"        System.out.println(LINE);","lastModifiedDate":"2026-01-30T16:34:22","isFullCredit":false},{"lineNumber":8,"author":{"gitId":"Elegazia"},"content":"        System.out.println(message);","lastModifiedDate":"2026-01-30T16:50:15","isFullCredit":false},{"lineNumber":9,"author":{"gitId":"Elegazia"},"content":"        System.out.println(LINE);","lastModifiedDate":"2026-01-30T16:34:22","isFullCredit":false},{"lineNumber":10,"author":{"gitId":"Elegazia"},"content":"    }","lastModifiedDate":"2026-01-30T16:34:22","isFullCredit":false},{"lineNumber":11,"author":{"gitId":"Elegazia"},"content":"","lastModifiedDate":"2026-01-30T16:34:22","isFullCredit":false},{"lineNumber":12,"author":{"gitId":"Elegazia"},"content":"    // Task class","lastModifiedDate":"2026-01-30T17:58:51","isFullCredit":false},{"lineNumber":13,"author":{"gitId":"Elegazia"},"content":"    public static class Task {","lastModifiedDate":"2026-01-30T17:58:51","isFullCredit":false},{"lineNumber":14,"author":{"gitId":"Elegazia"},"content":"        protected String description;","lastModifiedDate":"2026-01-30T17:58:51","isFullCredit":false},{"lineNumber":15,"author":{"gitId":"Elegazia"},"content":"        protected boolean isDone;","lastModifiedDate":"2026-01-30T17:58:51","isFullCredit":false},{"lineNumber":16,"author":{"gitId":"Elegazia"},"content":"","lastModifiedDate":"2026-01-30T17:58:51","isFullCredit":false},{"lineNumber":17,"author":{"gitId":"Elegazia"},"content":"        public Task(String description) {","lastModifiedDate":"2026-01-30T17:58:51","isFullCredit":false},{"lineNumber":18,"author":{"gitId":"Elegazia"},"content":"            this.description \u003d description;","lastModifiedDate":"2026-01-30T17:58:51","isFullCredit":false},{"lineNumber":19,"author":{"gitId":"Elegazia"},"content":"            this.isDone \u003d false;","lastModifiedDate":"2026-01-30T17:58:51","isFullCredit":false},{"lineNumber":20,"author":{"gitId":"Elegazia"},"content":"        }","lastModifiedDate":"2026-01-30T17:58:51","isFullCredit":false},{"lineNumber":21,"author":{"gitId":"Elegazia"},"content":"","lastModifiedDate":"2026-01-30T17:58:51","isFullCredit":false},{"lineNumber":22,"author":{"gitId":"Elegazia"},"content":"        public String getStatusIcon() {","lastModifiedDate":"2026-01-30T17:58:51","isFullCredit":false},{"lineNumber":23,"author":{"gitId":"Elegazia"},"content":"            return (isDone ? \"X\" : \" \"); // mark done task with X","lastModifiedDate":"2026-01-30T17:58:51","isFullCredit":false},{"lineNumber":24,"author":{"gitId":"Elegazia"},"content":"        }","lastModifiedDate":"2026-01-30T17:58:51","isFullCredit":false},{"lineNumber":25,"author":{"gitId":"Elegazia"},"content":"","lastModifiedDate":"2026-01-30T17:58:51","isFullCredit":false},{"lineNumber":26,"author":{"gitId":"Elegazia"},"content":"        public void markAsDone() {","lastModifiedDate":"2026-01-30T17:58:51","isFullCredit":false},{"lineNumber":27,"author":{"gitId":"Elegazia"},"content":"            this.isDone \u003d true;","lastModifiedDate":"2026-01-30T17:58:51","isFullCredit":false},{"lineNumber":28,"author":{"gitId":"Elegazia"},"content":"        }","lastModifiedDate":"2026-01-30T17:58:51","isFullCredit":false},{"lineNumber":29,"author":{"gitId":"Elegazia"},"content":"","lastModifiedDate":"2026-01-30T17:58:51","isFullCredit":false},{"lineNumber":30,"author":{"gitId":"Elegazia"},"content":"        public void markAsNotDone() {","lastModifiedDate":"2026-01-30T17:58:51","isFullCredit":false},{"lineNumber":31,"author":{"gitId":"Elegazia"},"content":"            this.isDone \u003d false;","lastModifiedDate":"2026-01-30T17:58:51","isFullCredit":false},{"lineNumber":32,"author":{"gitId":"Elegazia"},"content":"        }","lastModifiedDate":"2026-01-30T17:58:51","isFullCredit":false},{"lineNumber":33,"author":{"gitId":"Elegazia"},"content":"","lastModifiedDate":"2026-01-30T17:58:51","isFullCredit":false},{"lineNumber":34,"author":{"gitId":"Elegazia"},"content":"        @Override","lastModifiedDate":"2026-01-30T17:58:51","isFullCredit":false},{"lineNumber":35,"author":{"gitId":"Elegazia"},"content":"        public String toString() {","lastModifiedDate":"2026-01-30T17:58:51","isFullCredit":false},{"lineNumber":36,"author":{"gitId":"Elegazia"},"content":"            return \"[\" + getStatusIcon() + \"] \" + description;","lastModifiedDate":"2026-01-30T17:58:51","isFullCredit":false},{"lineNumber":37,"author":{"gitId":"Elegazia"},"content":"        }","lastModifiedDate":"2026-01-30T17:58:51","isFullCredit":false},{"lineNumber":38,"author":{"gitId":"Elegazia"},"content":"    }","lastModifiedDate":"2026-01-30T17:58:51","isFullCredit":false},{"lineNumber":39,"author":{"gitId":"Elegazia"},"content":"","lastModifiedDate":"2026-01-30T17:58:51","isFullCredit":false},{"lineNumber":40,"author":{"gitId":"Elegazia"},"content":"    private static boolean isInteger(String s) {","lastModifiedDate":"2026-01-30T17:58:51","isFullCredit":false},{"lineNumber":41,"author":{"gitId":"Elegazia"},"content":"        if (s \u003d\u003d null || s.isEmpty()) return false;","lastModifiedDate":"2026-01-30T17:58:51","isFullCredit":false},{"lineNumber":42,"author":{"gitId":"Elegazia"},"content":"        for (int i \u003d 0; i \u003c s.length(); i++) {","lastModifiedDate":"2026-01-30T17:58:51","isFullCredit":false},{"lineNumber":43,"author":{"gitId":"Elegazia"},"content":"            if (!Character.isDigit(s.charAt(i))) return false;","lastModifiedDate":"2026-01-30T17:58:51","isFullCredit":false},{"lineNumber":44,"author":{"gitId":"Elegazia"},"content":"        }","lastModifiedDate":"2026-01-30T17:58:51","isFullCredit":false},{"lineNumber":45,"author":{"gitId":"Elegazia"},"content":"        return true;","lastModifiedDate":"2026-01-30T17:58:51","isFullCredit":false},{"lineNumber":46,"author":{"gitId":"Elegazia"},"content":"    }","lastModifiedDate":"2026-01-30T17:58:51","isFullCredit":false},{"lineNumber":47,"author":{"gitId":"Elegazia"},"content":"","lastModifiedDate":"2026-01-30T17:58:51","isFullCredit":false},{"lineNumber":48,"author":{"gitId":"Elegazia"},"content":"    public static void main(String[] args) {","lastModifiedDate":"2026-01-30T16:06:02","isFullCredit":false},{"lineNumber":49,"author":{"gitId":"Elegazia"},"content":"        String logo \u003d\"⠀⠀⣠⣴⣶⣿⣿⣿⣿⣿⣿⣿⣿⣿⣿⣿⣿⣿⣿⣿⣿⣿⣿⣿⣿⣿⣿⣿⣿⣿⣿⣿⣿⣿⣿⣿⣿⣿⣿⣿⣿⣿⣿⣿⣿⣷⣶⣄⡀⠀\\n\"","lastModifiedDate":"2026-01-30T16:06:02","isFullCredit":false},{"lineNumber":50,"author":{"gitId":"Elegazia"},"content":"                + \"⠀⣸⣿⣿⣿⣿⣿⣿⣿⣿⣿⣿⣿⣿⣿⣿⣿⣿⣿⣿⣿⣿⣿⣿⣿⣿⣿⣿⣿⣿⣿⣿⣿⣿⣿⣿⣿⣿⣿⣿⣿⣿⣿⣿⣿⣿⣿⣿⣿⡄\\n\"","lastModifiedDate":"2026-01-30T16:06:02","isFullCredit":false},{"lineNumber":51,"author":{"gitId":"Elegazia"},"content":"                + \"⣸⣿⣿⣿⣿⣿⣿⣿⣿⣿⣿⣿⣿⣿⣿⣿⣿⣿⣿⣿⣿⣿⣿⣿⣿⣿⣿⣿⣿⣿⣿⣿⣿⣿⣿⣿⣿⣿⣿⣿⣿⣿⣿⣿⣿⣿⣿⣿⣿⣷\\n\"","lastModifiedDate":"2026-01-30T16:06:02","isFullCredit":false},{"lineNumber":52,"author":{"gitId":"Elegazia"},"content":"                + \"⣿⣿⣿⣿⣿⣿⣿⣿⣿⣿⣿⣿⣿⣿⣿⣿⣿⣿⣿⣿⣿⣿⣿⣿⣿⣿⣿⣿⣿⣿⣿⣿⣿⣿⣿⣿⣿⣿⣿⣿⣿⣿⣿⣿⣿⣿⣿⣿⣿⣿\\n\"","lastModifiedDate":"2026-01-30T16:06:02","isFullCredit":false},{"lineNumber":53,"author":{"gitId":"Elegazia"},"content":"                + \"⣿⣿⣿⣿⣿⣿⣿⣿⣿⣿⣿⣿⣿⣿⣿⣿⣿⣿⣿⣿⣿⣿⣿⣿⣿⣿⣿⣿⣿⣿⣿⣿⣿⣿⣿⣿⣿⣿⣿⣿⣿⣿⣿⣿⣿⣿⣿⣿⣿⣿\\n\"","lastModifiedDate":"2026-01-30T16:06:02","isFullCredit":false},{"lineNumber":54,"author":{"gitId":"Elegazia"},"content":"                + \"⣿⣿⣿⣿⣿⣿⣿⣿⣿⣿⣿⣿⣿⣿⣿⣿⣿⣿⣿⣿⣿⣿⣿⣿⣿⣿⣿⣿⣿⣿⣿⣿⣿⣿⣿⣿⣿⣿⣿⣿⣿⣿⣿⣿⣿⣿⣿⣿⣿⣿\\n\"","lastModifiedDate":"2026-01-30T16:06:02","isFullCredit":false},{"lineNumber":55,"author":{"gitId":"Elegazia"},"content":"                + \"⣿⣿⣿⣿⣿⣿⣿⣿⣿⣿⣿⣿⣿⣿⣿⣿⣿⣿⣿⣿⣿⣿⣿⣿⠿⠿⠿⠿⠿⠿⢿⣿⣿⣿⣿⣿⣿⣿⣿⣿⣿⣿⣿⣿⣿⣿⣿⣿⣿⣿\\n\"","lastModifiedDate":"2026-01-30T16:06:02","isFullCredit":false},{"lineNumber":56,"author":{"gitId":"Elegazia"},"content":"                + \"⣿⣿⣿⣿⣿⣿⣿⣿⣿⣿⣿⣿⣿⣿⣿⣿⣿⣿⣿⣿⣿⣿⠟⣴⣿⣿⣿⣿⣿⣿⣶⣍⠻⣿⣿⣿⣿⣿⣿⣿⣿⣿⣿⣿⣿⣿⣿⣿⣿⣿\\n\"","lastModifiedDate":"2026-01-30T16:06:02","isFullCredit":false},{"lineNumber":57,"author":{"gitId":"Elegazia"},"content":"                + \"⣿⣿⣿⣿⣿⣿⣿⣿⣿⣿⣿⣿⣿⣿⣿⣿⣿⣿⣿⣿⡿⠃⠎⠋⠿⣿⣿⣿⣿⣿⣿⣿⠷⣌⠻⣿⣿⣿⣿⣿⣿⣿⣿⣿⣿⣿⣿⣿⣿⣿\\n\"","lastModifiedDate":"2026-01-30T16:06:02","isFullCredit":false},{"lineNumber":58,"author":{"gitId":"Elegazia"},"content":"                + \"⣿⣿⣿⣿⣿⣿⣿⣿⣿⣿⣿⣿⣿⣿⣿⣿⣿⣿⣿⠟⠰⠀⠀⢀⢀⣼⣿⣿⣿⣿⣿⣟⠀⠀⠑⠙⢿⣿⣿⣿⣿⣿⣿⣿⣿⣿⣿⣿⣿⣿\\n\"","lastModifiedDate":"2026-01-30T16:06:02","isFullCredit":false},{"lineNumber":59,"author":{"gitId":"Elegazia"},"content":"                + \"⣿⣿⣿⣿⣿⣿⣿⣿⣿⣿⣿⣿⣿⣿⣿⣿⣿⣿⣿⢡⣄⡀⠀⣨⣾⣿⣿⣿⣿⣿⣿⣿⣷⣐⢀⣸⣎⢻⣿⣿⣿⣿⣿⣿⣿⣿⣿⣿⣿⣿\\n\"","lastModifiedDate":"2026-01-30T16:06:02","isFullCredit":false},{"lineNumber":60,"author":{"gitId":"Elegazia"},"content":"                + \"⣿⣿⣿⣿⣿⣿⣿⣿⣿⣿⣿⣿⣿⣿⣿⣿⣿⣿⢋⣼⣿⣿⣾⣿⣿⣿⣿⣿⣿⣿⣿⣿⣿⣿⣿⣿⣿⣆⢻⣿⣿⣿⣿⣿⣿⣿⣿⣿⣿⣿\\n\"","lastModifiedDate":"2026-01-30T16:06:02","isFullCredit":false},{"lineNumber":61,"author":{"gitId":"Elegazia"},"content":"                + \"⣿⣿⣿⣿⣿⣿⣿⣿⣿⣿⣿⣿⣿⣿⣿⣿⡿⢡⣿⣿⣿⣿⣿⣿⣿⡿⣫⣬⢻⣿⣿⣿⣿⣿⣿⣿⣿⣿⣆⢻⣿⣿⣿⣿⣿⣿⣿⣿⣿⣿\\n\"","lastModifiedDate":"2026-01-30T16:06:02","isFullCredit":false},{"lineNumber":62,"author":{"gitId":"Elegazia"},"content":"                + \"⣿⣿⣿⣿⣿⣿⣿⣿⣿⣿⣿⣿⣿⣿⣿⢏⣴⣿⣿⣿⣿⣿⣿⣿⣿⠸⢿⣻⡆⠻⣿⣿⣿⣿⣿⣿⣿⣿⣿⣆⢻⣿⣿⣿⣿⣿⣿⣿⣿⣿\\n\"","lastModifiedDate":"2026-01-30T16:06:02","isFullCredit":false},{"lineNumber":63,"author":{"gitId":"Elegazia"},"content":"                + \"⣿⣿⣿⣿⣿⣿⣿⣿⣿⣿⣿⣿⣿⢟⣵⣿⣿⣿⣿⣿⣿⣿⣿⣿⣿⣿⣦⣥⣶⣿⣿⣿⣿⣿⣿⣿⣿⣿⣿⣿⣆⢻⣿⣿⣿⣿⣿⣿⣿⣿\\n\"","lastModifiedDate":"2026-01-30T16:06:02","isFullCredit":false},{"lineNumber":64,"author":{"gitId":"Elegazia"},"content":"                + \"⣿⣿⣿⣿⣿⣿⣿⣿⣿⣿⣿⡿⢣⣿⣿⣿⣿⣿⣿⣿⣿⣿⣿⡙⣿⣿⣿⣿⣿⣿⣿⠻⣿⣿⣿⣿⣿⣿⣿⣿⣿⣧⡻⣿⣿⣿⣿⣿⣿⣿\\n\"","lastModifiedDate":"2026-01-30T16:06:02","isFullCredit":false},{"lineNumber":65,"author":{"gitId":"Elegazia"},"content":"                + \"⣿⣿⣿⣿⣿⣿⣿⣿⣿⣿⢏⣴⣿⣿⣿⣿⣿⣿⣿⣿⣿⣿⣿⣷⡌⢙⣛⠛⢛⣛⢁⣼⣿⣿⣿⣿⣿⣿⣿⣿⣿⣿⣷⡘⣿⣿⣿⣿⣿⣿\\n\"","lastModifiedDate":"2026-01-30T16:06:02","isFullCredit":false},{"lineNumber":66,"author":{"gitId":"Elegazia"},"content":"                + \"⣿⣿⣿⣿⣿⣿⣿⣿⡿⢣⣾⣿⣿⣿⣿⣿⣿⣿⣿⣿⣿⣿⣿⣿⡇⣾⡿⣆⣻⣿⡘⣿⣿⣿⣿⣿⣿⣿⣿⣿⣿⣿⣿⣷⠙⣿⣿⣿⣿⣿\\n\"","lastModifiedDate":"2026-01-30T16:06:02","isFullCredit":false},{"lineNumber":67,"author":{"gitId":"Elegazia"},"content":"                + \"⣿⣿⣿⣿⣿⣿⣿⣿⢇⣿⣿⣿⣿⣿⣿⣿⣿⣿⣿⣿⣿⣿⣿⣿⣧⣜⠿⣿⣿⡿⢃⣿⣿⣿⣿⣿⣿⣿⣿⣿⣿⣿⣿⣿⣦⡹⣿⣿⣿⣿\\n\"","lastModifiedDate":"2026-01-30T16:06:02","isFullCredit":false},{"lineNumber":68,"author":{"gitId":"Elegazia"},"content":"                + \"⣿⣿⣿⣿⣿⣿⣿⡏⣼⣿⣿⣿⣿⣿⣿⣿⣿⣿⣿⣿⣿⣿⣿⣿⣿⣿⣿⣶⣶⣶⣿⣿⣿⣿⣿⣿⣿⣿⣿⣿⣿⣿⣿⣿⣿⣷⠸⣿⣿⣿\\n\"","lastModifiedDate":"2026-01-30T16:06:02","isFullCredit":false},{"lineNumber":69,"author":{"gitId":"Elegazia"},"content":"                + \"⣿⣿⣿⣿⣿⣿⡿⢸⣿⣿⣿⣿⣿⣿⣿⣿⣿⣿⣿⣿⣿⣿⣿⣿⣿⣿⣿⣿⣿⣿⣿⣿⣿⣿⣿⣿⣿⣿⣿⣿⣿⣿⣿⣿⣿⣿⣇⢻⣿⣿\\n\"","lastModifiedDate":"2026-01-30T16:06:02","isFullCredit":false},{"lineNumber":70,"author":{"gitId":"Elegazia"},"content":"                + \"⣿⣿⣿⣿⣿⣿⣃⣿⣿⣿⣿⣿⣿⣿⣿⣿⣿⣿⣿⣿⣿⣿⣿⣿⣿⣿⣿⣿⣿⣿⣿⣿⣿⣿⣿⣿⣿⣿⣿⣿⣿⣿⣿⣿⣿⣿⣿⡈⣿⣿\\n\"","lastModifiedDate":"2026-01-30T16:06:02","isFullCredit":false},{"lineNumber":71,"author":{"gitId":"Elegazia"},"content":"                + \"⢸⣿⣿⣿⣿⣿⣽⣿⣿⣿⣿⣿⣿⣿⣿⣿⣿⣿⢿⣿⡻⢿⣿⣿⣿⣿⣿⣿⣿⣿⣿⠟⠛⠻⣿⣿⣿⣿⣿⣿⣿⣿⣿⣿⣿⣿⣿⣷⢹⣿\\n\"","lastModifiedDate":"2026-01-30T16:06:02","isFullCredit":false},{"lineNumber":72,"author":{"gitId":"Elegazia"},"content":"                + \"⠘⢿⣿⣿⣿⣿⢾⣿⣿⣿⣿⣿⣿⣿⣿⣿⣿⣿⣶⣄⠁⢸⣿⣿⣿⣿⣿⣿⣿⣿⣿⣦⣶⣶⣿⣿⣿⣿⣿⣿⣿⣿⣿⣿⣿⣿⣿⣿⡇⠃\\n\"","lastModifiedDate":"2026-01-30T16:06:02","isFullCredit":false},{"lineNumber":73,"author":{"gitId":"Elegazia"},"content":"                + \"⠀⠀⠙⠿⠿⣿⡇⠹⣿⣿⣿⣿⣿⣿⣿⣿⣿⣿⣿⣿⡺⢻⣿⣿⣿⣿⣿⣿⣿⣿⣿⣿⣿⣿⣿⣿⣿⣿⣿⣿⣿⣿⣿⣿⣿⣿⠿⠛⠁⠀\\n\";","lastModifiedDate":"2026-01-30T16:06:02","isFullCredit":false},{"lineNumber":74,"author":{"gitId":"Elegazia"},"content":"","lastModifiedDate":"2026-01-30T16:06:02","isFullCredit":false},{"lineNumber":75,"author":{"gitId":"Elegazia"},"content":"        System.out.println(\"Hello from NYEASH!\\n\" + logo);","lastModifiedDate":"2026-01-30T16:06:02","isFullCredit":false},{"lineNumber":76,"author":{"gitId":"Elegazia"},"content":"        printBox(\"Hello! I\u0027m NYEASH!\\nI AM HUNGRY!!!!\");","lastModifiedDate":"2026-01-30T16:50:15","isFullCredit":false},{"lineNumber":77,"author":{"gitId":"Elegazia"},"content":"","lastModifiedDate":"2026-01-30T16:34:22","isFullCredit":false},{"lineNumber":78,"author":{"gitId":"Elegazia"},"content":"        Scanner sc \u003d new Scanner(System.in);","lastModifiedDate":"2026-01-30T16:34:22","isFullCredit":false},{"lineNumber":79,"author":{"gitId":"Elegazia"},"content":"","lastModifiedDate":"2026-01-30T16:34:22","isFullCredit":false},{"lineNumber":80,"author":{"gitId":"Elegazia"},"content":"        // \u003d\u003d\u003d\u003d\u003d Level 3 storage (max 100 tasks) \u003d\u003d\u003d\u003d\u003d","lastModifiedDate":"2026-01-30T17:58:51","isFullCredit":false},{"lineNumber":81,"author":{"gitId":"Elegazia"},"content":"        Task[] tasks \u003d new Task[100];","lastModifiedDate":"2026-01-30T17:58:51","isFullCredit":false},{"lineNumber":82,"author":{"gitId":"Elegazia"},"content":"        int taskCount \u003d 0;","lastModifiedDate":"2026-01-30T16:50:15","isFullCredit":false},{"lineNumber":83,"author":{"gitId":"Elegazia"},"content":"","lastModifiedDate":"2026-01-30T16:50:15","isFullCredit":false},{"lineNumber":84,"author":{"gitId":"Elegazia"},"content":"        while (true) {","lastModifiedDate":"2026-01-30T16:34:22","isFullCredit":false},{"lineNumber":85,"author":{"gitId":"Elegazia"},"content":"            String input \u003d sc.nextLine().trim();","lastModifiedDate":"2026-01-30T16:34:22","isFullCredit":false},{"lineNumber":86,"author":{"gitId":"Elegazia"},"content":"","lastModifiedDate":"2026-01-30T16:34:22","isFullCredit":false},{"lineNumber":87,"author":{"gitId":"Elegazia"},"content":"            if (input.equalsIgnoreCase(\"bye\")) {","lastModifiedDate":"2026-01-30T16:34:22","isFullCredit":false},{"lineNumber":88,"author":{"gitId":"Elegazia"},"content":"                printBox(\"Please bring me more food next time!\");","lastModifiedDate":"2026-01-30T16:34:22","isFullCredit":false},{"lineNumber":89,"author":{"gitId":"Elegazia"},"content":"                break;","lastModifiedDate":"2026-01-30T16:34:22","isFullCredit":false},{"lineNumber":90,"author":{"gitId":"Elegazia"},"content":"            }","lastModifiedDate":"2026-01-30T16:34:22","isFullCredit":false},{"lineNumber":91,"author":{"gitId":"Elegazia"},"content":"","lastModifiedDate":"2026-01-30T17:58:51","isFullCredit":false},{"lineNumber":92,"author":{"gitId":"Elegazia"},"content":"            if (input.equalsIgnoreCase(\"list\")) {","lastModifiedDate":"2026-01-30T16:50:15","isFullCredit":false},{"lineNumber":93,"author":{"gitId":"Elegazia"},"content":"                if (taskCount \u003d\u003d 0) {","lastModifiedDate":"2026-01-30T16:50:15","isFullCredit":false},{"lineNumber":94,"author":{"gitId":"Elegazia"},"content":"                    printBox(\"NO FOOD HERE... give me tasks.\");","lastModifiedDate":"2026-01-30T16:50:15","isFullCredit":false},{"lineNumber":95,"author":{"gitId":"Elegazia"},"content":"                } else {","lastModifiedDate":"2026-01-30T16:50:15","isFullCredit":false},{"lineNumber":96,"author":{"gitId":"Elegazia"},"content":"                    System.out.println(LINE);","lastModifiedDate":"2026-01-30T16:50:15","isFullCredit":false},{"lineNumber":97,"author":{"gitId":"Elegazia"},"content":"                    System.out.println(\"Here are the tasks in your list:\");","lastModifiedDate":"2026-01-30T17:58:51","isFullCredit":false},{"lineNumber":98,"author":{"gitId":"Elegazia"},"content":"                    for (int i \u003d 0; i \u003c taskCount; i++) {","lastModifiedDate":"2026-01-30T16:50:15","isFullCredit":false},{"lineNumber":99,"author":{"gitId":"Elegazia"},"content":"                        System.out.println((i + 1) + \".\" + tasks[i]); // tasks[i].toString()","lastModifiedDate":"2026-01-30T17:58:51","isFullCredit":false},{"lineNumber":100,"author":{"gitId":"Elegazia"},"content":"                    }","lastModifiedDate":"2026-01-30T16:50:15","isFullCredit":false},{"lineNumber":101,"author":{"gitId":"Elegazia"},"content":"                    System.out.println(LINE);","lastModifiedDate":"2026-01-30T16:50:15","isFullCredit":false},{"lineNumber":102,"author":{"gitId":"Elegazia"},"content":"                }","lastModifiedDate":"2026-01-30T16:50:15","isFullCredit":false},{"lineNumber":103,"author":{"gitId":"Elegazia"},"content":"                continue;","lastModifiedDate":"2026-01-30T16:50:15","isFullCredit":false},{"lineNumber":104,"author":{"gitId":"Elegazia"},"content":"            }","lastModifiedDate":"2026-01-30T16:50:15","isFullCredit":false},{"lineNumber":105,"author":{"gitId":"Elegazia"},"content":"","lastModifiedDate":"2026-01-30T16:34:22","isFullCredit":false},{"lineNumber":106,"author":{"gitId":"Elegazia"},"content":"            // mark N / unmark N","lastModifiedDate":"2026-01-30T17:58:51","isFullCredit":false},{"lineNumber":107,"author":{"gitId":"Elegazia"},"content":"            String[] parts \u003d input.split(\"\\\\s+\");","lastModifiedDate":"2026-01-30T17:58:51","isFullCredit":false},{"lineNumber":108,"author":{"gitId":"Elegazia"},"content":"            if (parts.length \u003d\u003d 2 \u0026\u0026 (parts[0].equalsIgnoreCase(\"mark\") || parts[0].equalsIgnoreCase(\"unmark\"))) {","lastModifiedDate":"2026-01-30T17:58:51","isFullCredit":false},{"lineNumber":109,"author":{"gitId":"Elegazia"},"content":"                if (!isInteger(parts[1])) {","lastModifiedDate":"2026-01-30T17:58:51","isFullCredit":false},{"lineNumber":110,"author":{"gitId":"Elegazia"},"content":"                    printBox(\"HUH? Give me a number. Example: mark 2\");","lastModifiedDate":"2026-01-30T17:58:51","isFullCredit":false},{"lineNumber":111,"author":{"gitId":"Elegazia"},"content":"                    continue;","lastModifiedDate":"2026-01-30T17:58:51","isFullCredit":false},{"lineNumber":112,"author":{"gitId":"Elegazia"},"content":"                }","lastModifiedDate":"2026-01-30T17:58:51","isFullCredit":false},{"lineNumber":113,"author":{"gitId":"Elegazia"},"content":"","lastModifiedDate":"2026-01-30T17:58:51","isFullCredit":false},{"lineNumber":114,"author":{"gitId":"Elegazia"},"content":"                int idx \u003d Integer.parseInt(parts[1]) - 1;","lastModifiedDate":"2026-01-30T17:58:51","isFullCredit":false},{"lineNumber":115,"author":{"gitId":"Elegazia"},"content":"                if (idx \u003c 0 || idx \u003e\u003d taskCount) {","lastModifiedDate":"2026-01-30T17:58:51","isFullCredit":false},{"lineNumber":116,"author":{"gitId":"Elegazia"},"content":"                    printBox(\"That task number doesn\u0027t exist. Try list first.\");","lastModifiedDate":"2026-01-30T17:58:51","isFullCredit":false},{"lineNumber":117,"author":{"gitId":"Elegazia"},"content":"                    continue;","lastModifiedDate":"2026-01-30T17:58:51","isFullCredit":false},{"lineNumber":118,"author":{"gitId":"Elegazia"},"content":"                }","lastModifiedDate":"2026-01-30T17:58:51","isFullCredit":false},{"lineNumber":119,"author":{"gitId":"Elegazia"},"content":"","lastModifiedDate":"2026-01-30T17:58:51","isFullCredit":false},{"lineNumber":120,"author":{"gitId":"Elegazia"},"content":"                if (parts[0].equalsIgnoreCase(\"mark\")) {","lastModifiedDate":"2026-01-30T17:58:51","isFullCredit":false},{"lineNumber":121,"author":{"gitId":"Elegazia"},"content":"                    tasks[idx].markAsDone();","lastModifiedDate":"2026-01-30T17:58:51","isFullCredit":false},{"lineNumber":122,"author":{"gitId":"Elegazia"},"content":"                    System.out.println(LINE);","lastModifiedDate":"2026-01-30T17:58:51","isFullCredit":false},{"lineNumber":123,"author":{"gitId":"Elegazia"},"content":"                    System.out.println(\"Good job on finishing this! NYEASH is very proud of you!\");","lastModifiedDate":"2026-01-30T17:58:51","isFullCredit":false},{"lineNumber":124,"author":{"gitId":"Elegazia"},"content":"                    System.out.println(\"  \" + tasks[idx]);","lastModifiedDate":"2026-01-30T17:58:51","isFullCredit":false},{"lineNumber":125,"author":{"gitId":"Elegazia"},"content":"                    System.out.println(LINE);","lastModifiedDate":"2026-01-30T17:58:51","isFullCredit":false},{"lineNumber":126,"author":{"gitId":"Elegazia"},"content":"                } else {","lastModifiedDate":"2026-01-30T17:58:51","isFullCredit":false},{"lineNumber":127,"author":{"gitId":"Elegazia"},"content":"                    tasks[idx].markAsNotDone();","lastModifiedDate":"2026-01-30T17:58:51","isFullCredit":false},{"lineNumber":128,"author":{"gitId":"Elegazia"},"content":"                    System.out.println(LINE);","lastModifiedDate":"2026-01-30T17:58:51","isFullCredit":false},{"lineNumber":129,"author":{"gitId":"Elegazia"},"content":"                    System.out.println(\"OK, NYEASH unmarked it. Better finish it cause this is above my paygrade!\");","lastModifiedDate":"2026-01-30T17:58:51","isFullCredit":false},{"lineNumber":130,"author":{"gitId":"Elegazia"},"content":"                    System.out.println(\"  \" + tasks[idx]);","lastModifiedDate":"2026-01-30T17:58:51","isFullCredit":false},{"lineNumber":131,"author":{"gitId":"Elegazia"},"content":"                    System.out.println(LINE);","lastModifiedDate":"2026-01-30T17:58:51","isFullCredit":false},{"lineNumber":132,"author":{"gitId":"Elegazia"},"content":"                }","lastModifiedDate":"2026-01-30T17:58:51","isFullCredit":false},{"lineNumber":133,"author":{"gitId":"Elegazia"},"content":"                continue;","lastModifiedDate":"2026-01-30T17:58:51","isFullCredit":false},{"lineNumber":134,"author":{"gitId":"Elegazia"},"content":"            }","lastModifiedDate":"2026-01-30T17:58:51","isFullCredit":false},{"lineNumber":135,"author":{"gitId":"Elegazia"},"content":"","lastModifiedDate":"2026-01-30T17:58:51","isFullCredit":false},{"lineNumber":136,"author":{"gitId":"Elegazia"},"content":"            // Add a new task (anything else)","lastModifiedDate":"2026-01-30T17:58:51","isFullCredit":false},{"lineNumber":137,"author":{"gitId":"Elegazia"},"content":"            if (taskCount \u003e\u003d 100) {","lastModifiedDate":"2026-01-30T16:50:15","isFullCredit":false},{"lineNumber":138,"author":{"gitId":"Elegazia"},"content":"                printBox(\"I\u0027M TOO FULL... (max 100 tasks)\");","lastModifiedDate":"2026-01-30T16:50:15","isFullCredit":false},{"lineNumber":139,"author":{"gitId":"Elegazia"},"content":"                continue;","lastModifiedDate":"2026-01-30T16:50:15","isFullCredit":false},{"lineNumber":140,"author":{"gitId":"Elegazia"},"content":"            }","lastModifiedDate":"2026-01-30T16:34:22","isFullCredit":false},{"lineNumber":141,"author":{"gitId":"Elegazia"},"content":"","lastModifiedDate":"2026-01-30T16:50:15","isFullCredit":false},{"lineNumber":142,"author":{"gitId":"Elegazia"},"content":"            tasks[taskCount] \u003d new Task(input);","lastModifiedDate":"2026-01-30T17:58:51","isFullCredit":false},{"lineNumber":143,"author":{"gitId":"Elegazia"},"content":"            taskCount++;","lastModifiedDate":"2026-01-30T16:50:15","isFullCredit":false},{"lineNumber":144,"author":{"gitId":"Elegazia"},"content":"","lastModifiedDate":"2026-01-30T16:50:15","isFullCredit":false},{"lineNumber":145,"author":{"gitId":"Elegazia"},"content":"            printBox(\"added: \" + input);","lastModifiedDate":"2026-01-30T16:50:15","isFullCredit":false},{"lineNumber":146,"author":{"gitId":"Elegazia"},"content":"        }","lastModifiedDate":"2026-01-30T16:50:15","isFullCredit":false},{"lineNumber":147,"author":{"gitId":"Elegazia"},"content":"","lastModifiedDate":"2026-01-30T16:50:15","isFullCredit":false},{"lineNumber":148,"author":{"gitId":"Elegazia"},"content":"        sc.close();","lastModifiedDate":"2026-01-30T16:50:15","isFullCredit":false},{"lineNumber":149,"author":{"gitId":"Elegazia"},"content":"    }","lastModifiedDate":"2026-01-30T16:06:02","isFullCredit":false},{"lineNumber":150,"author":{"gitId":"Elegazia"},"content":"}","lastModifiedDate":"2026-01-30T16:06:02","isFullCredit":false}],"authorContributionMap":{"Elegazia":150}},{"path":"text-ui-test/runtest.bat","fileType":"bat","lines":[{"lineNumber":1,"author":{"gitId":"-"},"content":"@ECHO OFF","lastModifiedDate":"2020-05-25T00:03:55","isFullCredit":false},{"lineNumber":2,"author":{"gitId":"-"},"content":"","lastModifiedDate":"2020-05-25T00:03:55","isFullCredit":false},{"lineNumber":3,"author":{"gitId":"-"},"content":"REM create bin directory if it doesn\u0027t exist","lastModifiedDate":"2020-05-25T00:03:55","isFullCredit":false},{"lineNumber":4,"author":{"gitId":"-"},"content":"if not exist ..\\bin mkdir ..\\bin","lastModifiedDate":"2020-05-25T00:03:55","isFullCredit":false},{"lineNumber":5,"author":{"gitId":"-"},"content":"","lastModifiedDate":"2020-05-25T00:03:55","isFullCredit":false},{"lineNumber":6,"author":{"gitId":"-"},"content":"REM delete output from previous run","lastModifiedDate":"2020-05-25T00:03:55","isFullCredit":false},{"lineNumber":7,"author":{"gitId":"-"},"content":"if exist ACTUAL.TXT del ACTUAL.TXT","lastModifiedDate":"2020-08-25T17:23:26","isFullCredit":false},{"lineNumber":8,"author":{"gitId":"-"},"content":"","lastModifiedDate":"2020-05-25T00:03:55","isFullCredit":false},{"lineNumber":9,"author":{"gitId":"-"},"content":"REM compile the code into the bin folder","lastModifiedDate":"2020-05-25T00:03:55","isFullCredit":false},{"lineNumber":10,"author":{"gitId":"-"},"content":"javac  -cp ..\\src\\main\\java -Xlint:none -d ..\\bin ..\\src\\main\\java\\*.java","lastModifiedDate":"2020-08-25T17:23:26","isFullCredit":false},{"lineNumber":11,"author":{"gitId":"-"},"content":"IF ERRORLEVEL 1 (","lastModifiedDate":"2020-05-25T00:03:55","isFullCredit":false},{"lineNumber":12,"author":{"gitId":"-"},"content":"    echo ********** BUILD FAILURE **********","lastModifiedDate":"2020-05-25T00:03:55","isFullCredit":false},{"lineNumber":13,"author":{"gitId":"-"},"content":"    exit /b 1","lastModifiedDate":"2020-05-25T00:03:55","isFullCredit":false},{"lineNumber":14,"author":{"gitId":"-"},"content":")","lastModifiedDate":"2020-05-25T00:03:55","isFullCredit":false},{"lineNumber":15,"author":{"gitId":"-"},"content":"REM no error here, errorlevel \u003d\u003d 0","lastModifiedDate":"2020-05-25T00:03:55","isFullCredit":false},{"lineNumber":16,"author":{"gitId":"-"},"content":"","lastModifiedDate":"2020-05-25T00:03:55","isFullCredit":false},{"lineNumber":17,"author":{"gitId":"-"},"content":"REM run the program, feed commands from input.txt file and redirect the output to the ACTUAL.TXT","lastModifiedDate":"2020-05-25T00:03:55","isFullCredit":false},{"lineNumber":18,"author":{"gitId":"Elegazia"},"content":"java -classpath ..\\bin Nyeash \u003c input.txt \u003e ACTUAL.TXT","lastModifiedDate":"2026-01-30T16:06:02","isFullCredit":false},{"lineNumber":19,"author":{"gitId":"-"},"content":"","lastModifiedDate":"2020-05-25T00:03:55","isFullCredit":false},{"lineNumber":20,"author":{"gitId":"-"},"content":"REM compare the output to the expected output","lastModifiedDate":"2020-05-25T00:03:55","isFullCredit":false},{"lineNumber":21,"author":{"gitId":"-"},"content":"FC ACTUAL.TXT EXPECTED.TXT","lastModifiedDate":"2020-05-25T00:03:55","isFullCredit":false}],"authorContributionMap":{"Elegazia":1,"-":20}}]
