[{"path":"docs/README.md","fileType":"md","lines":[{"lineNumber":1,"author":{"gitId":"fuocchu"},"content":"# TreeBuddy User Guide","lastModifiedDate":"2026-02-04T01:39:56","isFullCredit":false},{"lineNumber":2,"author":{"gitId":"-"},"content":"","lastModifiedDate":"2019-07-29T17:14:46","isFullCredit":false},{"lineNumber":3,"author":{"gitId":"fuocchu"},"content":"## ▶ Starting TreeBuddy","lastModifiedDate":"2026-02-04T15:30:27","isFullCredit":false},{"lineNumber":4,"author":{"gitId":"-"},"content":"","lastModifiedDate":"2019-07-29T17:14:46","isFullCredit":false},{"lineNumber":5,"author":{"gitId":"fuocchu"},"content":"Run `TreeBuddy.java` and you will see:","lastModifiedDate":"2026-02-04T15:30:27","isFullCredit":false},{"lineNumber":6,"author":{"gitId":"fuocchu"},"content":"```","lastModifiedDate":"2026-02-04T15:30:27","isFullCredit":false},{"lineNumber":7,"author":{"gitId":"fuocchu"},"content":"  _______              ____            _     _","lastModifiedDate":"2026-02-04T15:30:27","isFullCredit":false},{"lineNumber":8,"author":{"gitId":"fuocchu"},"content":" |__   __|            |  _ \\          | |   | |","lastModifiedDate":"2026-02-04T15:30:27","isFullCredit":false},{"lineNumber":9,"author":{"gitId":"fuocchu"},"content":"    | |_ __ ___  ___  | |_) |_   _  __| | __| |_   _","lastModifiedDate":"2026-02-04T15:30:27","isFullCredit":false},{"lineNumber":10,"author":{"gitId":"fuocchu"},"content":"    | | \u0027__/ _ \\/ _ \\ |  _ \u003c| | | |/ _` |/ _` | | | |","lastModifiedDate":"2026-02-04T15:30:27","isFullCredit":false},{"lineNumber":11,"author":{"gitId":"fuocchu"},"content":"    | | | |  __/  __/ | |_) | |_| | (_| | (_| | |_| |","lastModifiedDate":"2026-02-04T15:30:27","isFullCredit":false},{"lineNumber":12,"author":{"gitId":"fuocchu"},"content":"    |_|_|  \\___|\\___| |____/ \\__,_|\\__,_|\\__,_|\\__, |","lastModifiedDate":"2026-02-04T15:30:27","isFullCredit":false},{"lineNumber":13,"author":{"gitId":"fuocchu"},"content":"                                                __/ |","lastModifiedDate":"2026-02-04T15:30:27","isFullCredit":false},{"lineNumber":14,"author":{"gitId":"fuocchu"},"content":"                                               |___/","lastModifiedDate":"2026-02-04T15:30:27","isFullCredit":false},{"lineNumber":15,"author":{"gitId":"-"},"content":"","lastModifiedDate":"2019-07-29T17:14:46","isFullCredit":false},{"lineNumber":16,"author":{"gitId":"fuocchu"},"content":"Hello! I\u0027m TreeBuddy","lastModifiedDate":"2026-02-04T15:30:27","isFullCredit":false},{"lineNumber":17,"author":{"gitId":"fuocchu"},"content":"What can I do for you?","lastModifiedDate":"2026-02-04T15:30:27","isFullCredit":false},{"lineNumber":18,"author":{"gitId":"-"},"content":"","lastModifiedDate":"2019-07-29T17:14:46","isFullCredit":false},{"lineNumber":19,"author":{"gitId":"-"},"content":"```","lastModifiedDate":"2024-01-07T18:33:52","isFullCredit":false},{"lineNumber":20,"author":{"gitId":"fuocchu"},"content":"## ▶ Adding Task","lastModifiedDate":"2026-02-04T15:30:27","isFullCredit":false},{"lineNumber":21,"author":{"gitId":"fuocchu"},"content":"You can add a task by simply typing its description.","lastModifiedDate":"2026-02-04T15:30:27","isFullCredit":false},{"lineNumber":22,"author":{"gitId":"fuocchu"},"content":"Example: `cooking`","lastModifiedDate":"2026-02-04T15:30:27","isFullCredit":false},{"lineNumber":23,"author":{"gitId":"-"},"content":"```","lastModifiedDate":"2024-01-07T18:33:52","isFullCredit":false},{"lineNumber":24,"author":{"gitId":"fuocchu"},"content":"added: cooking","lastModifiedDate":"2026-02-04T15:30:27","isFullCredit":false},{"lineNumber":25,"author":{"gitId":"fuocchu"},"content":"```","lastModifiedDate":"2026-02-04T15:30:27","isFullCredit":false},{"lineNumber":26,"author":{"gitId":"fuocchu"},"content":"You can also add different types of tasks:","lastModifiedDate":"2026-02-04T15:30:27","isFullCredit":false},{"lineNumber":27,"author":{"gitId":"fuocchu"},"content":"## ▶ Adding a ToDo","lastModifiedDate":"2026-02-04T15:30:27","isFullCredit":false},{"lineNumber":28,"author":{"gitId":"fuocchu"},"content":"Add a todo task to your list.","lastModifiedDate":"2026-02-04T15:30:27","isFullCredit":false},{"lineNumber":29,"author":{"gitId":"fuocchu"},"content":"Example: `todo borrow book`","lastModifiedDate":"2026-02-04T15:30:27","isFullCredit":false},{"lineNumber":30,"author":{"gitId":"fuocchu"},"content":"```","lastModifiedDate":"2026-02-04T15:30:27","isFullCredit":false},{"lineNumber":31,"author":{"gitId":"fuocchu"},"content":"Got it. I\u0027ve added this task:","lastModifiedDate":"2026-02-04T15:30:27","isFullCredit":false},{"lineNumber":32,"author":{"gitId":"fuocchu"},"content":"[T][ ] borrow book","lastModifiedDate":"2026-02-04T15:30:27","isFullCredit":false},{"lineNumber":33,"author":{"gitId":"fuocchu"},"content":"Now you have 1 tasks in the list.","lastModifiedDate":"2026-02-04T15:30:27","isFullCredit":false},{"lineNumber":34,"author":{"gitId":"fuocchu"},"content":"```","lastModifiedDate":"2026-02-04T15:30:27","isFullCredit":false},{"lineNumber":35,"author":{"gitId":"fuocchu"},"content":"## ▶ Adding deadlines","lastModifiedDate":"2026-02-04T15:30:27","isFullCredit":false},{"lineNumber":36,"author":{"gitId":"fuocchu"},"content":"Add a task with a deadline.","lastModifiedDate":"2026-02-04T15:30:27","isFullCredit":false},{"lineNumber":37,"author":{"gitId":"fuocchu"},"content":"Example: `deadline return book /by sunday`","lastModifiedDate":"2026-02-04T15:30:27","isFullCredit":false},{"lineNumber":38,"author":{"gitId":"fuocchu"},"content":"```","lastModifiedDate":"2026-02-04T15:30:27","isFullCredit":false},{"lineNumber":39,"author":{"gitId":"fuocchu"},"content":"Got it. I\u0027ve added this task:","lastModifiedDate":"2026-02-04T15:30:27","isFullCredit":false},{"lineNumber":40,"author":{"gitId":"fuocchu"},"content":"[D][ ] return book (by: sunday)","lastModifiedDate":"2026-02-04T15:30:27","isFullCredit":false},{"lineNumber":41,"author":{"gitId":"fuocchu"},"content":"Now you have 2 tasks in the list.","lastModifiedDate":"2026-02-04T15:30:27","isFullCredit":false},{"lineNumber":42,"author":{"gitId":"fuocchu"},"content":"```","lastModifiedDate":"2026-02-04T15:30:27","isFullCredit":false},{"lineNumber":43,"author":{"gitId":"fuocchu"},"content":"## ▶ Showing List","lastModifiedDate":"2026-02-04T15:30:27","isFullCredit":false},{"lineNumber":44,"author":{"gitId":"fuocchu"},"content":"Display all tasks in your list.","lastModifiedDate":"2026-02-04T15:30:27","isFullCredit":false},{"lineNumber":45,"author":{"gitId":"fuocchu"},"content":"Example: `List`","lastModifiedDate":"2026-02-04T15:30:27","isFullCredit":false},{"lineNumber":46,"author":{"gitId":"fuocchu"},"content":"```","lastModifiedDate":"2026-02-04T15:30:27","isFullCredit":false},{"lineNumber":47,"author":{"gitId":"fuocchu"},"content":"Here are the tasks in your list:","lastModifiedDate":"2026-02-04T15:30:27","isFullCredit":false},{"lineNumber":48,"author":{"gitId":"fuocchu"},"content":"1.[ ] cooking","lastModifiedDate":"2026-02-04T15:30:27","isFullCredit":false},{"lineNumber":49,"author":{"gitId":"fuocchu"},"content":"2.[T][ ] borrow book","lastModifiedDate":"2026-02-04T15:30:27","isFullCredit":false},{"lineNumber":50,"author":{"gitId":"fuocchu"},"content":"3.[D][ ] return book (by: sunday)","lastModifiedDate":"2026-02-04T15:30:27","isFullCredit":false},{"lineNumber":51,"author":{"gitId":"fuocchu"},"content":"```","lastModifiedDate":"2026-02-04T15:30:27","isFullCredit":false},{"lineNumber":52,"author":{"gitId":"fuocchu"},"content":"## Mark/Unmark Task","lastModifiedDate":"2026-02-04T15:30:27","isFullCredit":false},{"lineNumber":53,"author":{"gitId":"fuocchu"},"content":"Mark a task as completed. Or mark a task as not done.","lastModifiedDate":"2026-02-04T15:30:27","isFullCredit":false},{"lineNumber":54,"author":{"gitId":"fuocchu"},"content":"Example: `mark 1`","lastModifiedDate":"2026-02-04T15:30:27","isFullCredit":false},{"lineNumber":55,"author":{"gitId":"fuocchu"},"content":"```","lastModifiedDate":"2026-02-04T15:30:27","isFullCredit":false},{"lineNumber":56,"author":{"gitId":"fuocchu"},"content":"Nice! I\u0027ve marked this task as done:","lastModifiedDate":"2026-02-04T15:30:27","isFullCredit":false},{"lineNumber":57,"author":{"gitId":"fuocchu"},"content":"  [X] cooking","lastModifiedDate":"2026-02-04T15:30:27","isFullCredit":false},{"lineNumber":58,"author":{"gitId":"fuocchu"},"content":"```","lastModifiedDate":"2026-02-04T15:30:27","isFullCredit":false},{"lineNumber":59,"author":{"gitId":"fuocchu"},"content":"Example: `unmark 1`","lastModifiedDate":"2026-02-04T15:30:27","isFullCredit":false},{"lineNumber":60,"author":{"gitId":"fuocchu"},"content":"```","lastModifiedDate":"2026-02-04T15:30:27","isFullCredit":false},{"lineNumber":61,"author":{"gitId":"fuocchu"},"content":"OK, I\u0027ve marked this task as not done yet:","lastModifiedDate":"2026-02-04T15:30:27","isFullCredit":false},{"lineNumber":62,"author":{"gitId":"fuocchu"},"content":"  [ ] cooking","lastModifiedDate":"2026-02-04T15:30:27","isFullCredit":false},{"lineNumber":63,"author":{"gitId":"fuocchu"},"content":"```","lastModifiedDate":"2026-02-04T15:30:27","isFullCredit":false},{"lineNumber":64,"author":{"gitId":"fuocchu"},"content":"## Adding Event","lastModifiedDate":"2026-02-04T15:30:27","isFullCredit":false},{"lineNumber":65,"author":{"gitId":"fuocchu"},"content":"Add an event with a start and end time.","lastModifiedDate":"2026-02-04T15:30:27","isFullCredit":false},{"lineNumber":66,"author":{"gitId":"fuocchu"},"content":"Example: `event project meeting /from Mon 2pm /to 4pm`","lastModifiedDate":"2026-02-04T15:30:27","isFullCredit":false},{"lineNumber":67,"author":{"gitId":"fuocchu"},"content":"```","lastModifiedDate":"2026-02-04T15:30:27","isFullCredit":false},{"lineNumber":68,"author":{"gitId":"fuocchu"},"content":"Got it. I\u0027ve added this task:","lastModifiedDate":"2026-02-04T15:30:27","isFullCredit":false},{"lineNumber":69,"author":{"gitId":"fuocchu"},"content":"  [E][ ] project meeting (from: Mon 2pm to: 4pm)","lastModifiedDate":"2026-02-04T15:30:27","isFullCredit":false},{"lineNumber":70,"author":{"gitId":"fuocchu"},"content":"Now you have 4 tasks in the list.","lastModifiedDate":"2026-02-04T15:30:27","isFullCredit":false},{"lineNumber":71,"author":{"gitId":"fuocchu"},"content":"```","lastModifiedDate":"2026-02-04T15:30:27","isFullCredit":false},{"lineNumber":72,"author":{"gitId":"fuocchu"},"content":"### Exiting TreeBuddy","lastModifiedDate":"2026-02-04T15:30:27","isFullCredit":false},{"lineNumber":73,"author":{"gitId":"fuocchu"},"content":"Exit the application.","lastModifiedDate":"2026-02-04T15:30:27","isFullCredit":false},{"lineNumber":74,"author":{"gitId":"-"},"content":"","lastModifiedDate":"2019-07-29T17:14:46","isFullCredit":false},{"lineNumber":75,"author":{"gitId":"fuocchu"},"content":"Example: `bye`","lastModifiedDate":"2026-02-04T15:30:27","isFullCredit":false},{"lineNumber":76,"author":{"gitId":"fuocchu"},"content":"```","lastModifiedDate":"2026-02-04T15:30:27","isFullCredit":false},{"lineNumber":77,"author":{"gitId":"fuocchu"},"content":"Bye. Hope to see you again soon!","lastModifiedDate":"2026-02-04T15:30:27","isFullCredit":false},{"lineNumber":78,"author":{"gitId":"fuocchu"},"content":"```","lastModifiedDate":"2026-02-04T15:30:27","isFullCredit":false}],"authorContributionMap":{"fuocchu":71,"-":7}},{"path":"src/main/java/Deadline.java","fileType":"java","lines":[{"lineNumber":1,"author":{"gitId":"fuocchu"},"content":"public class Deadline extends Task {","lastModifiedDate":"2026-02-04T02:38:48","isFullCredit":false},{"lineNumber":2,"author":{"gitId":"fuocchu"},"content":"    private String by;","lastModifiedDate":"2026-02-04T02:38:48","isFullCredit":false},{"lineNumber":3,"author":{"gitId":"fuocchu"},"content":"","lastModifiedDate":"2026-02-04T02:38:48","isFullCredit":false},{"lineNumber":4,"author":{"gitId":"fuocchu"},"content":"    public Deadline(String description, String by) {","lastModifiedDate":"2026-02-04T02:38:48","isFullCredit":false},{"lineNumber":5,"author":{"gitId":"fuocchu"},"content":"        super(description);","lastModifiedDate":"2026-02-04T02:38:48","isFullCredit":false},{"lineNumber":6,"author":{"gitId":"fuocchu"},"content":"        this.by \u003d by;","lastModifiedDate":"2026-02-04T02:38:48","isFullCredit":false},{"lineNumber":7,"author":{"gitId":"fuocchu"},"content":"    }","lastModifiedDate":"2026-02-04T02:38:48","isFullCredit":false},{"lineNumber":8,"author":{"gitId":"fuocchu"},"content":"","lastModifiedDate":"2026-02-04T02:38:48","isFullCredit":false},{"lineNumber":9,"author":{"gitId":"fuocchu"},"content":"    @Override","lastModifiedDate":"2026-02-04T02:38:48","isFullCredit":false},{"lineNumber":10,"author":{"gitId":"fuocchu"},"content":"    public String toString() {","lastModifiedDate":"2026-02-04T02:38:48","isFullCredit":false},{"lineNumber":11,"author":{"gitId":"fuocchu"},"content":"        return \"[D]\" + super.toString() + \" (by: \" + by + \")\";","lastModifiedDate":"2026-02-04T02:38:48","isFullCredit":false},{"lineNumber":12,"author":{"gitId":"fuocchu"},"content":"    }","lastModifiedDate":"2026-02-04T02:38:48","isFullCredit":false},{"lineNumber":13,"author":{"gitId":"fuocchu"},"content":"}","lastModifiedDate":"2026-02-04T02:38:48","isFullCredit":false}],"authorContributionMap":{"fuocchu":13}},{"path":"src/main/java/Event.java","fileType":"java","lines":[{"lineNumber":1,"author":{"gitId":"fuocchu"},"content":"public class Event extends Task {","lastModifiedDate":"2026-02-04T02:38:48","isFullCredit":false},{"lineNumber":2,"author":{"gitId":"fuocchu"},"content":"    private String from;","lastModifiedDate":"2026-02-04T02:38:48","isFullCredit":false},{"lineNumber":3,"author":{"gitId":"fuocchu"},"content":"    private String to;","lastModifiedDate":"2026-02-04T02:38:48","isFullCredit":false},{"lineNumber":4,"author":{"gitId":"fuocchu"},"content":"","lastModifiedDate":"2026-02-04T02:38:48","isFullCredit":false},{"lineNumber":5,"author":{"gitId":"fuocchu"},"content":"    public Event(String description, String from, String to) {","lastModifiedDate":"2026-02-04T02:38:48","isFullCredit":false},{"lineNumber":6,"author":{"gitId":"fuocchu"},"content":"        super(description);","lastModifiedDate":"2026-02-04T02:38:48","isFullCredit":false},{"lineNumber":7,"author":{"gitId":"fuocchu"},"content":"        this.from \u003d from;","lastModifiedDate":"2026-02-04T02:38:48","isFullCredit":false},{"lineNumber":8,"author":{"gitId":"fuocchu"},"content":"        this.to \u003d to;","lastModifiedDate":"2026-02-04T02:38:48","isFullCredit":false},{"lineNumber":9,"author":{"gitId":"fuocchu"},"content":"    }","lastModifiedDate":"2026-02-04T02:38:48","isFullCredit":false},{"lineNumber":10,"author":{"gitId":"fuocchu"},"content":"","lastModifiedDate":"2026-02-04T02:38:48","isFullCredit":false},{"lineNumber":11,"author":{"gitId":"fuocchu"},"content":"    @Override","lastModifiedDate":"2026-02-04T02:38:48","isFullCredit":false},{"lineNumber":12,"author":{"gitId":"fuocchu"},"content":"    public String toString() {","lastModifiedDate":"2026-02-04T02:38:48","isFullCredit":false},{"lineNumber":13,"author":{"gitId":"fuocchu"},"content":"        return \"[E]\" + super.toString() + \" (from: \" + from + \" to: \" + to + \")\";","lastModifiedDate":"2026-02-04T02:38:48","isFullCredit":false},{"lineNumber":14,"author":{"gitId":"fuocchu"},"content":"    }","lastModifiedDate":"2026-02-04T02:38:48","isFullCredit":false},{"lineNumber":15,"author":{"gitId":"fuocchu"},"content":"}","lastModifiedDate":"2026-02-04T02:38:48","isFullCredit":false}],"authorContributionMap":{"fuocchu":15}},{"path":"src/main/java/Logo.java","fileType":"java","lines":[{"lineNumber":1,"author":{"gitId":"fuocchu"},"content":"public class Logo {","lastModifiedDate":"2026-02-04T15:30:27","isFullCredit":false},{"lineNumber":2,"author":{"gitId":"fuocchu"},"content":"","lastModifiedDate":"2026-02-04T15:30:27","isFullCredit":false},{"lineNumber":3,"author":{"gitId":"fuocchu"},"content":"    public static void printLogo() {","lastModifiedDate":"2026-02-04T15:30:27","isFullCredit":false},{"lineNumber":4,"author":{"gitId":"fuocchu"},"content":"        String logo \u003d","lastModifiedDate":"2026-02-04T15:30:27","isFullCredit":false},{"lineNumber":5,"author":{"gitId":"fuocchu"},"content":"                \"  _______              ____            _     _\\n\"","lastModifiedDate":"2026-02-04T15:30:27","isFullCredit":false},{"lineNumber":6,"author":{"gitId":"fuocchu"},"content":"                        + \" |__   __|            |  _ \\\\          | |   | |\\n\"","lastModifiedDate":"2026-02-04T15:30:27","isFullCredit":false},{"lineNumber":7,"author":{"gitId":"fuocchu"},"content":"                        + \"    | |_ __ ___  ___  | |_) |_   _  __| | __| |_   _\\n\"","lastModifiedDate":"2026-02-04T15:30:27","isFullCredit":false},{"lineNumber":8,"author":{"gitId":"fuocchu"},"content":"                        + \"    | | \u0027__/ _ \\\\/ _ \\\\ |  _ \u003c| | | |/ _` |/ _` | | | |\\n\"","lastModifiedDate":"2026-02-04T15:30:27","isFullCredit":false},{"lineNumber":9,"author":{"gitId":"fuocchu"},"content":"                        + \"    | | | |  __/  __/ | |_) | |_| | (_| | (_| | |_| |\\n\"","lastModifiedDate":"2026-02-04T15:30:27","isFullCredit":false},{"lineNumber":10,"author":{"gitId":"fuocchu"},"content":"                        + \"    |_|_|  \\\\___|\\\\___| |____/ \\\\__,_|\\\\__,_|\\\\__,_|\\\\__, |\\n\"","lastModifiedDate":"2026-02-04T15:30:27","isFullCredit":false},{"lineNumber":11,"author":{"gitId":"fuocchu"},"content":"                        + \"                                                __/ |\\n\"","lastModifiedDate":"2026-02-04T15:30:27","isFullCredit":false},{"lineNumber":12,"author":{"gitId":"fuocchu"},"content":"                        + \"                                               |___/\\n\";","lastModifiedDate":"2026-02-04T15:30:27","isFullCredit":false},{"lineNumber":13,"author":{"gitId":"fuocchu"},"content":"","lastModifiedDate":"2026-02-04T15:30:27","isFullCredit":false},{"lineNumber":14,"author":{"gitId":"fuocchu"},"content":"        System.out.println(logo);","lastModifiedDate":"2026-02-04T15:30:27","isFullCredit":false},{"lineNumber":15,"author":{"gitId":"fuocchu"},"content":"    }","lastModifiedDate":"2026-02-04T15:30:27","isFullCredit":false},{"lineNumber":16,"author":{"gitId":"fuocchu"},"content":"}","lastModifiedDate":"2026-02-04T15:30:27","isFullCredit":false}],"authorContributionMap":{"fuocchu":16}},{"path":"src/main/java/Task.java","fileType":"java","lines":[{"lineNumber":1,"author":{"gitId":"fuocchu"},"content":"public class Task {","lastModifiedDate":"2026-02-04T02:10:08","isFullCredit":false},{"lineNumber":2,"author":{"gitId":"fuocchu"},"content":"    private String description;","lastModifiedDate":"2026-02-04T02:10:08","isFullCredit":false},{"lineNumber":3,"author":{"gitId":"fuocchu"},"content":"    private boolean isDone;","lastModifiedDate":"2026-02-04T02:10:08","isFullCredit":false},{"lineNumber":4,"author":{"gitId":"fuocchu"},"content":"","lastModifiedDate":"2026-02-04T02:10:08","isFullCredit":false},{"lineNumber":5,"author":{"gitId":"fuocchu"},"content":"    public Task(String description) {","lastModifiedDate":"2026-02-04T02:10:08","isFullCredit":false},{"lineNumber":6,"author":{"gitId":"fuocchu"},"content":"        this.description \u003d description;","lastModifiedDate":"2026-02-04T02:10:08","isFullCredit":false},{"lineNumber":7,"author":{"gitId":"fuocchu"},"content":"        this.isDone \u003d false;","lastModifiedDate":"2026-02-04T02:10:08","isFullCredit":false},{"lineNumber":8,"author":{"gitId":"fuocchu"},"content":"    }","lastModifiedDate":"2026-02-04T02:10:08","isFullCredit":false},{"lineNumber":9,"author":{"gitId":"fuocchu"},"content":"","lastModifiedDate":"2026-02-04T02:10:08","isFullCredit":false},{"lineNumber":10,"author":{"gitId":"fuocchu"},"content":"    public void markAsDone() {","lastModifiedDate":"2026-02-04T02:10:08","isFullCredit":false},{"lineNumber":11,"author":{"gitId":"fuocchu"},"content":"        this.isDone \u003d true;","lastModifiedDate":"2026-02-04T02:10:08","isFullCredit":false},{"lineNumber":12,"author":{"gitId":"fuocchu"},"content":"    }","lastModifiedDate":"2026-02-04T02:10:08","isFullCredit":false},{"lineNumber":13,"author":{"gitId":"fuocchu"},"content":"","lastModifiedDate":"2026-02-04T02:10:08","isFullCredit":false},{"lineNumber":14,"author":{"gitId":"fuocchu"},"content":"    public void unmark() {","lastModifiedDate":"2026-02-04T02:10:08","isFullCredit":false},{"lineNumber":15,"author":{"gitId":"fuocchu"},"content":"        this.isDone \u003d false;","lastModifiedDate":"2026-02-04T02:10:08","isFullCredit":false},{"lineNumber":16,"author":{"gitId":"fuocchu"},"content":"    }","lastModifiedDate":"2026-02-04T02:10:08","isFullCredit":false},{"lineNumber":17,"author":{"gitId":"fuocchu"},"content":"","lastModifiedDate":"2026-02-04T02:10:08","isFullCredit":false},{"lineNumber":18,"author":{"gitId":"fuocchu"},"content":"    public String getStatusIcon() {","lastModifiedDate":"2026-02-04T02:10:08","isFullCredit":false},{"lineNumber":19,"author":{"gitId":"fuocchu"},"content":"        return isDone ? \"X\" : \" \";","lastModifiedDate":"2026-02-04T02:10:08","isFullCredit":false},{"lineNumber":20,"author":{"gitId":"fuocchu"},"content":"    }","lastModifiedDate":"2026-02-04T02:10:08","isFullCredit":false},{"lineNumber":21,"author":{"gitId":"fuocchu"},"content":"","lastModifiedDate":"2026-02-04T02:10:08","isFullCredit":false},{"lineNumber":22,"author":{"gitId":"fuocchu"},"content":"    public String getDescription() {","lastModifiedDate":"2026-02-04T02:10:08","isFullCredit":false},{"lineNumber":23,"author":{"gitId":"fuocchu"},"content":"        return description;","lastModifiedDate":"2026-02-04T02:10:08","isFullCredit":false},{"lineNumber":24,"author":{"gitId":"fuocchu"},"content":"    }","lastModifiedDate":"2026-02-04T02:10:08","isFullCredit":false},{"lineNumber":25,"author":{"gitId":"fuocchu"},"content":"","lastModifiedDate":"2026-02-04T02:10:08","isFullCredit":false},{"lineNumber":26,"author":{"gitId":"fuocchu"},"content":"    @Override","lastModifiedDate":"2026-02-04T02:10:08","isFullCredit":false},{"lineNumber":27,"author":{"gitId":"fuocchu"},"content":"    public String toString() {","lastModifiedDate":"2026-02-04T02:10:08","isFullCredit":false},{"lineNumber":28,"author":{"gitId":"fuocchu"},"content":"        return \"[\" + getStatusIcon() + \"] \" + description;","lastModifiedDate":"2026-02-04T02:10:08","isFullCredit":false},{"lineNumber":29,"author":{"gitId":"fuocchu"},"content":"    }","lastModifiedDate":"2026-02-04T02:10:08","isFullCredit":false},{"lineNumber":30,"author":{"gitId":"fuocchu"},"content":"}","lastModifiedDate":"2026-02-04T02:10:08","isFullCredit":false}],"authorContributionMap":{"fuocchu":30}},{"path":"src/main/java/ToDo.java","fileType":"java","lines":[{"lineNumber":1,"author":{"gitId":"fuocchu"},"content":"public class ToDo extends Task {","lastModifiedDate":"2026-02-04T02:38:48","isFullCredit":false},{"lineNumber":2,"author":{"gitId":"fuocchu"},"content":"    public ToDo(String description) {","lastModifiedDate":"2026-02-04T02:38:48","isFullCredit":false},{"lineNumber":3,"author":{"gitId":"fuocchu"},"content":"        super(description);","lastModifiedDate":"2026-02-04T02:38:48","isFullCredit":false},{"lineNumber":4,"author":{"gitId":"fuocchu"},"content":"    }","lastModifiedDate":"2026-02-04T02:38:48","isFullCredit":false},{"lineNumber":5,"author":{"gitId":"fuocchu"},"content":"","lastModifiedDate":"2026-02-04T02:38:48","isFullCredit":false},{"lineNumber":6,"author":{"gitId":"fuocchu"},"content":"    @Override","lastModifiedDate":"2026-02-04T02:38:48","isFullCredit":false},{"lineNumber":7,"author":{"gitId":"fuocchu"},"content":"    public String toString() {","lastModifiedDate":"2026-02-04T02:38:48","isFullCredit":false},{"lineNumber":8,"author":{"gitId":"fuocchu"},"content":"        return \"[T]\" + super.toString();","lastModifiedDate":"2026-02-04T02:38:48","isFullCredit":false},{"lineNumber":9,"author":{"gitId":"fuocchu"},"content":"    }","lastModifiedDate":"2026-02-04T02:38:48","isFullCredit":false},{"lineNumber":10,"author":{"gitId":"fuocchu"},"content":"}","lastModifiedDate":"2026-02-04T02:38:48","isFullCredit":false}],"authorContributionMap":{"fuocchu":10}},{"path":"src/main/java/TreeBuddy.java","fileType":"java","lines":[{"lineNumber":1,"author":{"gitId":"fuocchu"},"content":"import java.util.ArrayList;","lastModifiedDate":"2026-02-04T02:03:43","isFullCredit":false},{"lineNumber":2,"author":{"gitId":"fuocchu"},"content":"import java.util.Scanner;","lastModifiedDate":"2026-02-04T02:00:19","isFullCredit":false},{"lineNumber":3,"author":{"gitId":"fuocchu"},"content":"","lastModifiedDate":"2026-02-04T02:00:19","isFullCredit":false},{"lineNumber":4,"author":{"gitId":"fuocchu"},"content":"public class TreeBuddy {","lastModifiedDate":"2026-02-04T01:39:56","isFullCredit":false},{"lineNumber":5,"author":{"gitId":"fuocchu"},"content":"    public static void main(String[] args) {","lastModifiedDate":"2026-02-04T01:39:56","isFullCredit":false},{"lineNumber":6,"author":{"gitId":"fuocchu"},"content":"        Scanner scanner \u003d new Scanner(System.in);","lastModifiedDate":"2026-02-04T03:11:27","isFullCredit":false},{"lineNumber":7,"author":{"gitId":"fuocchu"},"content":"        ArrayList\u003cTask\u003e tasks \u003d new ArrayList\u003c\u003e();","lastModifiedDate":"2026-02-04T02:10:08","isFullCredit":false},{"lineNumber":8,"author":{"gitId":"fuocchu"},"content":"        Logo.printLogo();","lastModifiedDate":"2026-02-04T15:30:27","isFullCredit":false},{"lineNumber":9,"author":{"gitId":"fuocchu"},"content":"        System.out.println(\"Hello! I\u0027m TreeBuddy\");","lastModifiedDate":"2026-02-04T01:39:56","isFullCredit":false},{"lineNumber":10,"author":{"gitId":"fuocchu"},"content":"        System.out.println(\"What can I do for you?\");","lastModifiedDate":"2026-02-04T01:39:56","isFullCredit":false},{"lineNumber":11,"author":{"gitId":"fuocchu"},"content":"","lastModifiedDate":"2026-02-04T02:00:19","isFullCredit":false},{"lineNumber":12,"author":{"gitId":"fuocchu"},"content":"        boolean exit \u003d false;","lastModifiedDate":"2026-02-04T02:00:19","isFullCredit":false},{"lineNumber":13,"author":{"gitId":"fuocchu"},"content":"        while (!exit) {","lastModifiedDate":"2026-02-04T02:00:19","isFullCredit":false},{"lineNumber":14,"author":{"gitId":"fuocchu"},"content":"            String input \u003d scanner.nextLine().trim();","lastModifiedDate":"2026-02-04T03:11:27","isFullCredit":false},{"lineNumber":15,"author":{"gitId":"fuocchu"},"content":"","lastModifiedDate":"2026-02-04T02:03:43","isFullCredit":false},{"lineNumber":16,"author":{"gitId":"fuocchu"},"content":"            if (input.equals(\"bye\")) {","lastModifiedDate":"2026-02-04T02:00:19","isFullCredit":false},{"lineNumber":17,"author":{"gitId":"fuocchu"},"content":"                exit \u003d true;","lastModifiedDate":"2026-02-04T02:00:19","isFullCredit":false},{"lineNumber":18,"author":{"gitId":"fuocchu"},"content":"            } else if (input.equals(\"list\")) {","lastModifiedDate":"2026-02-04T02:03:43","isFullCredit":false},{"lineNumber":19,"author":{"gitId":"fuocchu"},"content":"                if (tasks.isEmpty()) {","lastModifiedDate":"2026-02-04T02:03:43","isFullCredit":false},{"lineNumber":20,"author":{"gitId":"fuocchu"},"content":"                    System.out.println(\"Your list is empty.\");","lastModifiedDate":"2026-02-04T02:03:43","isFullCredit":false},{"lineNumber":21,"author":{"gitId":"fuocchu"},"content":"                } else {","lastModifiedDate":"2026-02-04T02:03:43","isFullCredit":false},{"lineNumber":22,"author":{"gitId":"fuocchu"},"content":"                    System.out.println(\"Here are the tasks in your list:\");","lastModifiedDate":"2026-02-04T02:10:08","isFullCredit":false},{"lineNumber":23,"author":{"gitId":"fuocchu"},"content":"                    for (int i \u003d 0; i \u003c tasks.size(); i++) {","lastModifiedDate":"2026-02-04T02:03:43","isFullCredit":false},{"lineNumber":24,"author":{"gitId":"fuocchu"},"content":"                        System.out.println((i + 1) + \".\" + tasks.get(i));","lastModifiedDate":"2026-02-04T02:03:43","isFullCredit":false},{"lineNumber":25,"author":{"gitId":"fuocchu"},"content":"                    }","lastModifiedDate":"2026-02-04T02:03:43","isFullCredit":false},{"lineNumber":26,"author":{"gitId":"fuocchu"},"content":"                }","lastModifiedDate":"2026-02-04T02:03:43","isFullCredit":false},{"lineNumber":27,"author":{"gitId":"fuocchu"},"content":"            } else if (input.startsWith(\"mark \")) {","lastModifiedDate":"2026-02-04T02:10:08","isFullCredit":false},{"lineNumber":28,"author":{"gitId":"fuocchu"},"content":"                try {","lastModifiedDate":"2026-02-04T02:10:08","isFullCredit":false},{"lineNumber":29,"author":{"gitId":"fuocchu"},"content":"                    int index \u003d Integer.parseInt(input.split(\" \")[1]) - 1;","lastModifiedDate":"2026-02-04T02:10:08","isFullCredit":false},{"lineNumber":30,"author":{"gitId":"fuocchu"},"content":"                    if (index \u003e\u003d 0 \u0026\u0026 index \u003c tasks.size()) {","lastModifiedDate":"2026-02-04T02:10:08","isFullCredit":false},{"lineNumber":31,"author":{"gitId":"fuocchu"},"content":"                        tasks.get(index).markAsDone();","lastModifiedDate":"2026-02-04T02:10:08","isFullCredit":false},{"lineNumber":32,"author":{"gitId":"fuocchu"},"content":"                        System.out.println(\"Nice! I\u0027ve marked this task as done:\");","lastModifiedDate":"2026-02-04T02:10:08","isFullCredit":false},{"lineNumber":33,"author":{"gitId":"fuocchu"},"content":"                        System.out.println(\"  \" + tasks.get(index));","lastModifiedDate":"2026-02-04T02:10:08","isFullCredit":false},{"lineNumber":34,"author":{"gitId":"fuocchu"},"content":"                    } else {","lastModifiedDate":"2026-02-04T02:00:19","isFullCredit":false},{"lineNumber":35,"author":{"gitId":"fuocchu"},"content":"                        System.out.println(\"Invalid task number.\");","lastModifiedDate":"2026-02-04T02:10:08","isFullCredit":false},{"lineNumber":36,"author":{"gitId":"fuocchu"},"content":"                    }","lastModifiedDate":"2026-02-04T02:10:08","isFullCredit":false},{"lineNumber":37,"author":{"gitId":"fuocchu"},"content":"                } catch (Exception e) {","lastModifiedDate":"2026-02-04T02:10:08","isFullCredit":false},{"lineNumber":38,"author":{"gitId":"fuocchu"},"content":"                    System.out.println(\"Invalid command format. Use: mark \u003ctask_number\u003e\");","lastModifiedDate":"2026-02-04T02:10:08","isFullCredit":false},{"lineNumber":39,"author":{"gitId":"fuocchu"},"content":"                }","lastModifiedDate":"2026-02-04T02:10:08","isFullCredit":false},{"lineNumber":40,"author":{"gitId":"fuocchu"},"content":"            } else if (input.startsWith(\"unmark \")) {","lastModifiedDate":"2026-02-04T02:10:08","isFullCredit":false},{"lineNumber":41,"author":{"gitId":"fuocchu"},"content":"                try {","lastModifiedDate":"2026-02-04T02:10:08","isFullCredit":false},{"lineNumber":42,"author":{"gitId":"fuocchu"},"content":"                    int index \u003d Integer.parseInt(input.split(\" \")[1]) - 1;","lastModifiedDate":"2026-02-04T02:10:08","isFullCredit":false},{"lineNumber":43,"author":{"gitId":"fuocchu"},"content":"                    if (index \u003e\u003d 0 \u0026\u0026 index \u003c tasks.size()) {","lastModifiedDate":"2026-02-04T02:10:08","isFullCredit":false},{"lineNumber":44,"author":{"gitId":"fuocchu"},"content":"                        tasks.get(index).unmark();","lastModifiedDate":"2026-02-04T02:10:08","isFullCredit":false},{"lineNumber":45,"author":{"gitId":"fuocchu"},"content":"                        System.out.println(\"OK, I\u0027ve marked this task as not done yet:\");","lastModifiedDate":"2026-02-04T02:10:08","isFullCredit":false},{"lineNumber":46,"author":{"gitId":"fuocchu"},"content":"                        System.out.println(\"  \" + tasks.get(index));","lastModifiedDate":"2026-02-04T02:10:08","isFullCredit":false},{"lineNumber":47,"author":{"gitId":"fuocchu"},"content":"                    } else {","lastModifiedDate":"2026-02-04T02:10:08","isFullCredit":false},{"lineNumber":48,"author":{"gitId":"fuocchu"},"content":"                        System.out.println(\"Invalid task number.\");","lastModifiedDate":"2026-02-04T02:10:08","isFullCredit":false},{"lineNumber":49,"author":{"gitId":"fuocchu"},"content":"                    }","lastModifiedDate":"2026-02-04T02:10:08","isFullCredit":false},{"lineNumber":50,"author":{"gitId":"fuocchu"},"content":"                } catch (Exception e) {","lastModifiedDate":"2026-02-04T02:10:08","isFullCredit":false},{"lineNumber":51,"author":{"gitId":"fuocchu"},"content":"                    System.out.println(\"Invalid command format. Use: unmark \u003ctask_number\u003e\");","lastModifiedDate":"2026-02-04T02:10:08","isFullCredit":false},{"lineNumber":52,"author":{"gitId":"fuocchu"},"content":"                }","lastModifiedDate":"2026-02-04T02:10:08","isFullCredit":false},{"lineNumber":53,"author":{"gitId":"fuocchu"},"content":"","lastModifiedDate":"2026-02-04T02:38:48","isFullCredit":false},{"lineNumber":54,"author":{"gitId":"fuocchu"},"content":"            } else if (input.startsWith(\"todo \")) {","lastModifiedDate":"2026-02-04T02:38:48","isFullCredit":false},{"lineNumber":55,"author":{"gitId":"fuocchu"},"content":"                String desc \u003d input.substring(5).trim();","lastModifiedDate":"2026-02-04T02:38:48","isFullCredit":false},{"lineNumber":56,"author":{"gitId":"fuocchu"},"content":"                Task t \u003d new ToDo(desc);","lastModifiedDate":"2026-02-04T02:38:48","isFullCredit":false},{"lineNumber":57,"author":{"gitId":"fuocchu"},"content":"                tasks.add(t);","lastModifiedDate":"2026-02-04T02:38:48","isFullCredit":false},{"lineNumber":58,"author":{"gitId":"fuocchu"},"content":"                System.out.println(\"Got it. I\u0027ve added this task:\");","lastModifiedDate":"2026-02-04T02:38:48","isFullCredit":false},{"lineNumber":59,"author":{"gitId":"fuocchu"},"content":"                System.out.println(\"  \" + t);","lastModifiedDate":"2026-02-04T02:38:48","isFullCredit":false},{"lineNumber":60,"author":{"gitId":"fuocchu"},"content":"                System.out.println(\"Now you have \" + tasks.size() + \" tasks in the list.\");","lastModifiedDate":"2026-02-04T02:38:48","isFullCredit":false},{"lineNumber":61,"author":{"gitId":"fuocchu"},"content":"","lastModifiedDate":"2026-02-04T02:38:48","isFullCredit":false},{"lineNumber":62,"author":{"gitId":"fuocchu"},"content":"            } else if (input.startsWith(\"deadline \")) {","lastModifiedDate":"2026-02-04T02:38:48","isFullCredit":false},{"lineNumber":63,"author":{"gitId":"fuocchu"},"content":"                String[] parts \u003d input.substring(9).split(\"/by\", 2);","lastModifiedDate":"2026-02-04T02:38:48","isFullCredit":false},{"lineNumber":64,"author":{"gitId":"fuocchu"},"content":"                if (parts.length \u003c 2) {","lastModifiedDate":"2026-02-04T02:38:48","isFullCredit":false},{"lineNumber":65,"author":{"gitId":"fuocchu"},"content":"                    System.out.println(\"Please specify /by for deadline.\");","lastModifiedDate":"2026-02-04T02:38:48","isFullCredit":false},{"lineNumber":66,"author":{"gitId":"fuocchu"},"content":"                } else {","lastModifiedDate":"2026-02-04T02:38:48","isFullCredit":false},{"lineNumber":67,"author":{"gitId":"fuocchu"},"content":"                    Task t \u003d new Deadline(parts[0].trim(), parts[1].trim());","lastModifiedDate":"2026-02-04T02:38:48","isFullCredit":false},{"lineNumber":68,"author":{"gitId":"fuocchu"},"content":"                    tasks.add(t);","lastModifiedDate":"2026-02-04T02:38:48","isFullCredit":false},{"lineNumber":69,"author":{"gitId":"fuocchu"},"content":"                    System.out.println(\"Got it. I\u0027ve added this task:\");","lastModifiedDate":"2026-02-04T02:38:48","isFullCredit":false},{"lineNumber":70,"author":{"gitId":"fuocchu"},"content":"                    System.out.println(\"  \" + t);","lastModifiedDate":"2026-02-04T02:38:48","isFullCredit":false},{"lineNumber":71,"author":{"gitId":"fuocchu"},"content":"                    System.out.println(\"Now you have \" + tasks.size() + \" tasks in the list.\");","lastModifiedDate":"2026-02-04T02:38:48","isFullCredit":false},{"lineNumber":72,"author":{"gitId":"fuocchu"},"content":"                }","lastModifiedDate":"2026-02-04T02:38:48","isFullCredit":false},{"lineNumber":73,"author":{"gitId":"fuocchu"},"content":"","lastModifiedDate":"2026-02-04T02:38:48","isFullCredit":false},{"lineNumber":74,"author":{"gitId":"fuocchu"},"content":"            } else if (input.startsWith(\"event \")) {","lastModifiedDate":"2026-02-04T02:38:48","isFullCredit":false},{"lineNumber":75,"author":{"gitId":"fuocchu"},"content":"                String[] partsFrom \u003d input.substring(6).split(\"/from\", 2);","lastModifiedDate":"2026-02-04T02:38:48","isFullCredit":false},{"lineNumber":76,"author":{"gitId":"fuocchu"},"content":"                if (partsFrom.length \u003c 2) {","lastModifiedDate":"2026-02-04T02:38:48","isFullCredit":false},{"lineNumber":77,"author":{"gitId":"fuocchu"},"content":"                    System.out.println(\"Please specify /from and /to for event.\");","lastModifiedDate":"2026-02-04T02:38:48","isFullCredit":false},{"lineNumber":78,"author":{"gitId":"fuocchu"},"content":"                } else {","lastModifiedDate":"2026-02-04T02:38:48","isFullCredit":false},{"lineNumber":79,"author":{"gitId":"fuocchu"},"content":"                    String desc \u003d partsFrom[0].trim();","lastModifiedDate":"2026-02-04T02:38:48","isFullCredit":false},{"lineNumber":80,"author":{"gitId":"fuocchu"},"content":"                    String[] partsTo \u003d partsFrom[1].split(\"/to\", 2);","lastModifiedDate":"2026-02-04T02:38:48","isFullCredit":false},{"lineNumber":81,"author":{"gitId":"fuocchu"},"content":"                    if (partsTo.length \u003c 2) {","lastModifiedDate":"2026-02-04T02:38:48","isFullCredit":false},{"lineNumber":82,"author":{"gitId":"fuocchu"},"content":"                        System.out.println(\"Please specify /to for event.\");","lastModifiedDate":"2026-02-04T02:38:48","isFullCredit":false},{"lineNumber":83,"author":{"gitId":"fuocchu"},"content":"                    } else {","lastModifiedDate":"2026-02-04T02:38:48","isFullCredit":false},{"lineNumber":84,"author":{"gitId":"fuocchu"},"content":"                        Task t \u003d new Event(desc, partsTo[0].trim(), partsTo[1].trim());","lastModifiedDate":"2026-02-04T02:38:48","isFullCredit":false},{"lineNumber":85,"author":{"gitId":"fuocchu"},"content":"                        tasks.add(t);","lastModifiedDate":"2026-02-04T02:38:48","isFullCredit":false},{"lineNumber":86,"author":{"gitId":"fuocchu"},"content":"                        System.out.println(\"Got it. I\u0027ve added this task:\");","lastModifiedDate":"2026-02-04T02:38:48","isFullCredit":false},{"lineNumber":87,"author":{"gitId":"fuocchu"},"content":"                        System.out.println(\"  \" + t);","lastModifiedDate":"2026-02-04T02:38:48","isFullCredit":false},{"lineNumber":88,"author":{"gitId":"fuocchu"},"content":"                        System.out.println(\"Now you have \" + tasks.size() + \" tasks in the list.\");","lastModifiedDate":"2026-02-04T02:38:48","isFullCredit":false},{"lineNumber":89,"author":{"gitId":"fuocchu"},"content":"                    }","lastModifiedDate":"2026-02-04T02:38:48","isFullCredit":false},{"lineNumber":90,"author":{"gitId":"fuocchu"},"content":"                }","lastModifiedDate":"2026-02-04T02:38:48","isFullCredit":false},{"lineNumber":91,"author":{"gitId":"fuocchu"},"content":"","lastModifiedDate":"2026-02-04T02:38:48","isFullCredit":false},{"lineNumber":92,"author":{"gitId":"fuocchu"},"content":"            } else {","lastModifiedDate":"2026-02-04T02:10:08","isFullCredit":false},{"lineNumber":93,"author":{"gitId":"fuocchu"},"content":"                tasks.add(new Task(input));","lastModifiedDate":"2026-02-04T02:10:08","isFullCredit":false},{"lineNumber":94,"author":{"gitId":"fuocchu"},"content":"                System.out.println(\"added: \" + input);","lastModifiedDate":"2026-02-04T02:03:43","isFullCredit":false},{"lineNumber":95,"author":{"gitId":"fuocchu"},"content":"            }","lastModifiedDate":"2026-02-04T02:00:19","isFullCredit":false},{"lineNumber":96,"author":{"gitId":"fuocchu"},"content":"        }","lastModifiedDate":"2026-02-04T02:00:19","isFullCredit":false},{"lineNumber":97,"author":{"gitId":"fuocchu"},"content":"        System.out.println(\"Bye. Hope to see you again soon!\");","lastModifiedDate":"2026-02-04T01:39:56","isFullCredit":false},{"lineNumber":98,"author":{"gitId":"fuocchu"},"content":"    }","lastModifiedDate":"2026-02-04T01:39:56","isFullCredit":false},{"lineNumber":99,"author":{"gitId":"fuocchu"},"content":"}","lastModifiedDate":"2026-02-04T01:39:56","isFullCredit":false}],"authorContributionMap":{"fuocchu":99}},{"path":"text-ui-test/input.txt","fileType":"txt","lines":[{"lineNumber":1,"author":{"gitId":"fuocchu"},"content":"cooking","lastModifiedDate":"2026-02-04T02:38:48","isFullCredit":false},{"lineNumber":2,"author":{"gitId":"fuocchu"},"content":"list","lastModifiedDate":"2026-02-04T02:38:48","isFullCredit":false},{"lineNumber":3,"author":{"gitId":"fuocchu"},"content":"reading","lastModifiedDate":"2026-02-04T02:38:48","isFullCredit":false},{"lineNumber":4,"author":{"gitId":"fuocchu"},"content":"mark 1","lastModifiedDate":"2026-02-04T02:38:48","isFullCredit":false},{"lineNumber":5,"author":{"gitId":"fuocchu"},"content":"list","lastModifiedDate":"2026-02-04T02:38:48","isFullCredit":false},{"lineNumber":6,"author":{"gitId":"fuocchu"},"content":"mark 2","lastModifiedDate":"2026-02-04T02:38:48","isFullCredit":false},{"lineNumber":7,"author":{"gitId":"fuocchu"},"content":"list","lastModifiedDate":"2026-02-04T02:38:48","isFullCredit":false},{"lineNumber":8,"author":{"gitId":"fuocchu"},"content":"mark 3","lastModifiedDate":"2026-02-04T02:38:48","isFullCredit":false},{"lineNumber":9,"author":{"gitId":"fuocchu"},"content":"list","lastModifiedDate":"2026-02-04T02:38:48","isFullCredit":false},{"lineNumber":10,"author":{"gitId":"fuocchu"},"content":"unmark 2","lastModifiedDate":"2026-02-04T02:38:48","isFullCredit":false},{"lineNumber":11,"author":{"gitId":"fuocchu"},"content":"todo borrow book","lastModifiedDate":"2026-02-04T02:38:48","isFullCredit":false},{"lineNumber":12,"author":{"gitId":"fuocchu"},"content":"mark 3","lastModifiedDate":"2026-02-04T02:38:48","isFullCredit":false},{"lineNumber":13,"author":{"gitId":"fuocchu"},"content":"list","lastModifiedDate":"2026-02-04T02:38:48","isFullCredit":false},{"lineNumber":14,"author":{"gitId":"fuocchu"},"content":"deadline return book \\by sunday","lastModifiedDate":"2026-02-04T02:38:48","isFullCredit":false},{"lineNumber":15,"author":{"gitId":"fuocchu"},"content":"deafline return book /by sunday","lastModifiedDate":"2026-02-04T02:38:48","isFullCredit":false},{"lineNumber":16,"author":{"gitId":"fuocchu"},"content":"list","lastModifiedDate":"2026-02-04T02:38:48","isFullCredit":false},{"lineNumber":17,"author":{"gitId":"fuocchu"},"content":"event project meeting /from Mon 2pm /to 4pm","lastModifiedDate":"2026-02-04T02:38:48","isFullCredit":false},{"lineNumber":18,"author":{"gitId":"fuocchu"},"content":"list","lastModifiedDate":"2026-02-04T02:38:48","isFullCredit":false},{"lineNumber":19,"author":{"gitId":"fuocchu"},"content":"bye","lastModifiedDate":"2026-02-04T02:38:48","isFullCredit":false}],"authorContributionMap":{"fuocchu":19}},{"path":"text-ui-test/runtest.bat","fileType":"bat","lines":[{"lineNumber":1,"author":{"gitId":"-"},"content":"@ECHO OFF","lastModifiedDate":"2020-05-25T00:03:55","isFullCredit":false},{"lineNumber":2,"author":{"gitId":"fuocchu"},"content":"REM This commit combines Level-4 and A-TextUITesting because I accidentally committed them together. The purpose of this commit is only to distinguish these two increments for clarity.","lastModifiedDate":"2026-02-04T02:55:00","isFullCredit":false},{"lineNumber":3,"author":{"gitId":"-"},"content":"REM create bin directory if it doesn\u0027t exist","lastModifiedDate":"2020-05-25T00:03:55","isFullCredit":false},{"lineNumber":4,"author":{"gitId":"-"},"content":"if not exist ..\\bin mkdir ..\\bin","lastModifiedDate":"2020-05-25T00:03:55","isFullCredit":false},{"lineNumber":5,"author":{"gitId":"-"},"content":"","lastModifiedDate":"2020-05-25T00:03:55","isFullCredit":false},{"lineNumber":6,"author":{"gitId":"-"},"content":"REM delete output from previous run","lastModifiedDate":"2020-05-25T00:03:55","isFullCredit":false},{"lineNumber":7,"author":{"gitId":"-"},"content":"if exist ACTUAL.TXT del ACTUAL.TXT","lastModifiedDate":"2020-08-25T17:23:26","isFullCredit":false},{"lineNumber":8,"author":{"gitId":"-"},"content":"","lastModifiedDate":"2020-05-25T00:03:55","isFullCredit":false},{"lineNumber":9,"author":{"gitId":"-"},"content":"REM compile the code into the bin folder","lastModifiedDate":"2020-05-25T00:03:55","isFullCredit":false},{"lineNumber":10,"author":{"gitId":"-"},"content":"javac  -cp ..\\src\\main\\java -Xlint:none -d ..\\bin ..\\src\\main\\java\\*.java","lastModifiedDate":"2020-08-25T17:23:26","isFullCredit":false},{"lineNumber":11,"author":{"gitId":"-"},"content":"IF ERRORLEVEL 1 (","lastModifiedDate":"2020-05-25T00:03:55","isFullCredit":false},{"lineNumber":12,"author":{"gitId":"-"},"content":"    echo ********** BUILD FAILURE **********","lastModifiedDate":"2020-05-25T00:03:55","isFullCredit":false},{"lineNumber":13,"author":{"gitId":"-"},"content":"    exit /b 1","lastModifiedDate":"2020-05-25T00:03:55","isFullCredit":false},{"lineNumber":14,"author":{"gitId":"-"},"content":")","lastModifiedDate":"2020-05-25T00:03:55","isFullCredit":false},{"lineNumber":15,"author":{"gitId":"-"},"content":"REM no error here, errorlevel \u003d\u003d 0","lastModifiedDate":"2020-05-25T00:03:55","isFullCredit":false},{"lineNumber":16,"author":{"gitId":"-"},"content":"","lastModifiedDate":"2020-05-25T00:03:55","isFullCredit":false},{"lineNumber":17,"author":{"gitId":"-"},"content":"REM run the program, feed commands from input.txt file and redirect the output to the ACTUAL.TXT","lastModifiedDate":"2020-05-25T00:03:55","isFullCredit":false},{"lineNumber":18,"author":{"gitId":"fuocchu"},"content":"java -classpath ..\\bin TreeBuddy \u003c input.txt \u003e ACTUAL.TXT","lastModifiedDate":"2026-02-04T02:38:48","isFullCredit":false},{"lineNumber":19,"author":{"gitId":"-"},"content":"","lastModifiedDate":"2020-05-25T00:03:55","isFullCredit":false},{"lineNumber":20,"author":{"gitId":"-"},"content":"REM compare the output to the expected output","lastModifiedDate":"2020-05-25T00:03:55","isFullCredit":false},{"lineNumber":21,"author":{"gitId":"-"},"content":"FC ACTUAL.TXT EXPECTED.TXT","lastModifiedDate":"2020-05-25T00:03:55","isFullCredit":false}],"authorContributionMap":{"fuocchu":2,"-":19}}]
