{"authorDailyContributionsMap":{"fuocchu":[{"date":"2026-02-04T00:00:00","commitResults":[{"hash":"7c0d7f31bb2cbfa6391889f06c29656f38a926ee","isMergeCommit":false,"messageTitle":"Level-0: Implement skeleton chatbot with greeting and exit (fixed readme)","messageBody":"","tags":["Level-0"],"fileTypesAndContributionMap":{"java":{"insertions":7,"deletions":10},"md":{"insertions":1,"deletions":1}}},{"hash":"94bd16c87dcba931393b2594bb800c70ae6b5e1a","isMergeCommit":false,"messageTitle":"Level-1: Echo user input","messageBody":"","tags":["Level-1"],"fileTypesAndContributionMap":{"java":{"insertions":13,"deletions":0}}},{"hash":"7c4ab74f067320fdda9aaecf699c55a1ea648210","isMergeCommit":false,"messageTitle":"Level-2: Add, List","messageBody":"","tags":["Level-2"],"fileTypesAndContributionMap":{"java":{"insertions":14,"deletions":2}}},{"hash":"fe53721404ab24b80d29221d2acbbd66d259a126","isMergeCommit":false,"messageTitle":"Level-3: Mark As Done","messageBody":"","tags":["Level-3"],"fileTypesAndContributionMap":{"java":{"insertions":60,"deletions":3}}},{"hash":"ac09f8e88834fc0dedd526d9980b92e821d551a7","isMergeCommit":false,"messageTitle":"Level 4: Add ToDo, Deadline, Event tasks","messageBody":"","tags":["Level-4"],"fileTypesAndContributionMap":{"txt":{"insertions":19,"deletions":0},"java":{"insertions":77,"deletions":0},"bat":{"insertions":1,"deletions":1}}},{"hash":"6fd5e694a9cc8caebfb6749defc67b3ffb806a52","isMergeCommit":false,"messageTitle":"A-TextUiTesting","messageBody":"","tags":["A-TextUiTesting"],"fileTypesAndContributionMap":{"bat":{"insertions":2,"deletions":2}}},{"hash":"66b88f198b7a045025800776e53ec9ac8b8f26e0","isMergeCommit":false,"messageTitle":"A-CodingStandard","messageBody":"","tags":["A-CodingStandard"],"fileTypesAndContributionMap":{"java":{"insertions":2,"deletions":2}}}]}]},"authorFileTypeContributionMap":{"fuocchu":{"java":166,"md":1,"fxml":0,"sh":0,"bat":2,"gradle":0,"txt":19}},"authorContributionVariance":{"fuocchu":1679.4431},"authorDisplayNameMap":{"fuocchu":"CS2113-T09-3 CHU ..HUOC"}}
