[{"path":"src/main/java/SixSeven.java","fileType":"java","lines":[{"lineNumber":1,"author":{"gitId":"YeoSiZhao"},"content":"import java.util.Scanner;","lastModifiedDate":"2026-01-24T21:32:26","isFullCredit":false},{"lineNumber":2,"author":{"gitId":"YeoSiZhao"},"content":"","lastModifiedDate":"2026-01-24T21:32:26","isFullCredit":false},{"lineNumber":3,"author":{"gitId":"YeoSiZhao"},"content":"import errors.EmptyException;","lastModifiedDate":"2026-02-07T23:26:23","isFullCredit":false},{"lineNumber":4,"author":{"gitId":"YeoSiZhao"},"content":"import errors.InvalidFormatException;","lastModifiedDate":"2026-02-07T23:26:23","isFullCredit":false},{"lineNumber":5,"author":{"gitId":"YeoSiZhao"},"content":"import errors.SixSevenException;","lastModifiedDate":"2026-02-07T23:26:23","isFullCredit":false},{"lineNumber":6,"author":{"gitId":"YeoSiZhao"},"content":"import errors.UnknownCommandException;","lastModifiedDate":"2026-02-07T23:26:23","isFullCredit":false},{"lineNumber":7,"author":{"gitId":"YeoSiZhao"},"content":"import task.Deadline;","lastModifiedDate":"2026-02-07T23:26:23","isFullCredit":false},{"lineNumber":8,"author":{"gitId":"YeoSiZhao"},"content":"import task.Event;","lastModifiedDate":"2026-02-07T23:26:23","isFullCredit":false},{"lineNumber":9,"author":{"gitId":"YeoSiZhao"},"content":"import task.Task;","lastModifiedDate":"2026-02-07T23:26:23","isFullCredit":false},{"lineNumber":10,"author":{"gitId":"YeoSiZhao"},"content":"import task.Todo;","lastModifiedDate":"2026-02-07T23:26:23","isFullCredit":false},{"lineNumber":11,"author":{"gitId":"YeoSiZhao"},"content":"","lastModifiedDate":"2026-02-07T23:26:23","isFullCredit":false},{"lineNumber":12,"author":{"gitId":"YeoSiZhao"},"content":"public class SixSeven {","lastModifiedDate":"2026-01-20T22:11:07","isFullCredit":false},{"lineNumber":13,"author":{"gitId":"YeoSiZhao"},"content":"","lastModifiedDate":"2026-01-24T22:18:11","isFullCredit":false},{"lineNumber":14,"author":{"gitId":"YeoSiZhao"},"content":"    public static final int MAX_TASK \u003d 100;","lastModifiedDate":"2026-02-01T15:08:22","isFullCredit":false},{"lineNumber":15,"author":{"gitId":"YeoSiZhao"},"content":"    public static final String BOT_NAME \u003d \"SixSeven\";","lastModifiedDate":"2026-02-07T22:11:54","isFullCredit":false},{"lineNumber":16,"author":{"gitId":"YeoSiZhao"},"content":"    private static final Task[] tasks \u003d new Task[MAX_TASK];","lastModifiedDate":"2026-02-01T15:08:22","isFullCredit":false},{"lineNumber":17,"author":{"gitId":"YeoSiZhao"},"content":"    private static int taskCount \u003d 0;","lastModifiedDate":"2026-01-24T23:28:32","isFullCredit":false},{"lineNumber":18,"author":{"gitId":"YeoSiZhao"},"content":"","lastModifiedDate":"2026-01-24T22:18:11","isFullCredit":false},{"lineNumber":19,"author":{"gitId":"YeoSiZhao"},"content":"    public static void main(String[] args) {","lastModifiedDate":"2026-01-20T22:11:07","isFullCredit":false},{"lineNumber":20,"author":{"gitId":"YeoSiZhao"},"content":"        System.out.println(\"Hello! I\u0027m \" + BOT_NAME);","lastModifiedDate":"2026-02-07T22:11:54","isFullCredit":false},{"lineNumber":21,"author":{"gitId":"YeoSiZhao"},"content":"        System.out.println(\"What can I do for you?\");","lastModifiedDate":"2026-01-20T22:11:07","isFullCredit":false},{"lineNumber":22,"author":{"gitId":"YeoSiZhao"},"content":"","lastModifiedDate":"2026-01-24T21:32:26","isFullCredit":false},{"lineNumber":23,"author":{"gitId":"YeoSiZhao"},"content":"        Scanner scanner \u003d new Scanner(System.in);","lastModifiedDate":"2026-01-24T23:28:32","isFullCredit":false},{"lineNumber":24,"author":{"gitId":"YeoSiZhao"},"content":"        while (true) {","lastModifiedDate":"2026-01-24T21:58:01","isFullCredit":false},{"lineNumber":25,"author":{"gitId":"YeoSiZhao"},"content":"            try {","lastModifiedDate":"2026-02-07T23:15:11","isFullCredit":false},{"lineNumber":26,"author":{"gitId":"YeoSiZhao"},"content":"                String line;","lastModifiedDate":"2026-01-24T21:32:26","isFullCredit":false},{"lineNumber":27,"author":{"gitId":"YeoSiZhao"},"content":"                line \u003d scanner.nextLine();","lastModifiedDate":"2026-01-24T23:28:32","isFullCredit":false},{"lineNumber":28,"author":{"gitId":"YeoSiZhao"},"content":"","lastModifiedDate":"2026-01-24T23:28:32","isFullCredit":false},{"lineNumber":29,"author":{"gitId":"YeoSiZhao"},"content":"                String[] input \u003d line.split(\" \", 2);","lastModifiedDate":"2026-02-01T12:48:44","isFullCredit":false},{"lineNumber":30,"author":{"gitId":"YeoSiZhao"},"content":"                String command \u003d input[0];","lastModifiedDate":"2026-02-01T12:48:44","isFullCredit":false},{"lineNumber":31,"author":{"gitId":"YeoSiZhao"},"content":"                String description \u003d input.length \u003e 1 ? input[1] : \"\";","lastModifiedDate":"2026-02-01T12:48:44","isFullCredit":false},{"lineNumber":32,"author":{"gitId":"YeoSiZhao"},"content":"                checkErrors(command, description);","lastModifiedDate":"2026-02-07T23:15:11","isFullCredit":false},{"lineNumber":33,"author":{"gitId":"YeoSiZhao"},"content":"","lastModifiedDate":"2026-01-24T23:28:32","isFullCredit":false},{"lineNumber":34,"author":{"gitId":"YeoSiZhao"},"content":"                switch (command) {","lastModifiedDate":"2026-02-01T12:48:44","isFullCredit":false},{"lineNumber":35,"author":{"gitId":"YeoSiZhao"},"content":"                case \"bye\":","lastModifiedDate":"2026-01-24T23:28:32","isFullCredit":false},{"lineNumber":36,"author":{"gitId":"YeoSiZhao"},"content":"                    System.out.println(\"Bye. Hope to see you again soon!\");","lastModifiedDate":"2026-01-20T22:11:07","isFullCredit":false},{"lineNumber":37,"author":{"gitId":"YeoSiZhao"},"content":"                    scanner.close();","lastModifiedDate":"2026-01-24T23:28:32","isFullCredit":false},{"lineNumber":38,"author":{"gitId":"YeoSiZhao"},"content":"                    return;","lastModifiedDate":"2026-01-24T23:28:32","isFullCredit":false},{"lineNumber":39,"author":{"gitId":"YeoSiZhao"},"content":"                case \"todo\":","lastModifiedDate":"2026-02-01T12:48:44","isFullCredit":false},{"lineNumber":40,"author":{"gitId":"YeoSiZhao"},"content":"                    tasks[taskCount] \u003d new Todo(description);","lastModifiedDate":"2026-02-01T12:48:44","isFullCredit":false},{"lineNumber":41,"author":{"gitId":"YeoSiZhao"},"content":"                    printDescription();","lastModifiedDate":"2026-02-01T12:48:44","isFullCredit":false},{"lineNumber":42,"author":{"gitId":"YeoSiZhao"},"content":"                    break;","lastModifiedDate":"2026-02-01T12:48:44","isFullCredit":false},{"lineNumber":43,"author":{"gitId":"YeoSiZhao"},"content":"                case \"deadline\":","lastModifiedDate":"2026-02-01T12:48:44","isFullCredit":false},{"lineNumber":44,"author":{"gitId":"YeoSiZhao"},"content":"                    int byIdx \u003d description.indexOf(\"/by\");","lastModifiedDate":"2026-02-01T12:48:44","isFullCredit":false},{"lineNumber":45,"author":{"gitId":"YeoSiZhao"},"content":"","lastModifiedDate":"2026-02-01T12:48:44","isFullCredit":false},{"lineNumber":46,"author":{"gitId":"YeoSiZhao"},"content":"                    String by \u003d description.substring(byIdx + 4).trim();","lastModifiedDate":"2026-02-01T12:48:44","isFullCredit":false},{"lineNumber":47,"author":{"gitId":"YeoSiZhao"},"content":"                    String deadlineDescription \u003d description.substring(0, byIdx);","lastModifiedDate":"2026-02-01T12:48:44","isFullCredit":false},{"lineNumber":48,"author":{"gitId":"YeoSiZhao"},"content":"","lastModifiedDate":"2026-02-01T12:48:44","isFullCredit":false},{"lineNumber":49,"author":{"gitId":"YeoSiZhao"},"content":"                    tasks[taskCount] \u003d new Deadline(deadlineDescription, by);","lastModifiedDate":"2026-02-01T12:48:44","isFullCredit":false},{"lineNumber":50,"author":{"gitId":"YeoSiZhao"},"content":"                    printDescription();","lastModifiedDate":"2026-02-01T12:48:44","isFullCredit":false},{"lineNumber":51,"author":{"gitId":"YeoSiZhao"},"content":"                    break;","lastModifiedDate":"2026-02-01T12:48:44","isFullCredit":false},{"lineNumber":52,"author":{"gitId":"YeoSiZhao"},"content":"                case \"event\":","lastModifiedDate":"2026-02-01T12:48:44","isFullCredit":false},{"lineNumber":53,"author":{"gitId":"YeoSiZhao"},"content":"                    int fromIdx \u003d description.indexOf(\"/from\");","lastModifiedDate":"2026-02-01T12:48:44","isFullCredit":false},{"lineNumber":54,"author":{"gitId":"YeoSiZhao"},"content":"                    int toIdx \u003d description.indexOf(\"/to\");","lastModifiedDate":"2026-02-01T12:48:44","isFullCredit":false},{"lineNumber":55,"author":{"gitId":"YeoSiZhao"},"content":"","lastModifiedDate":"2026-02-01T12:48:44","isFullCredit":false},{"lineNumber":56,"author":{"gitId":"YeoSiZhao"},"content":"                    String eventDescription \u003d description.substring(0, fromIdx).trim();","lastModifiedDate":"2026-02-01T12:48:44","isFullCredit":false},{"lineNumber":57,"author":{"gitId":"YeoSiZhao"},"content":"                    String from \u003d description.substring(fromIdx + 6, toIdx).trim();","lastModifiedDate":"2026-02-01T12:48:44","isFullCredit":false},{"lineNumber":58,"author":{"gitId":"YeoSiZhao"},"content":"                    String to \u003d description.substring(toIdx + 4).trim();","lastModifiedDate":"2026-02-01T12:48:44","isFullCredit":false},{"lineNumber":59,"author":{"gitId":"YeoSiZhao"},"content":"","lastModifiedDate":"2026-02-01T12:48:44","isFullCredit":false},{"lineNumber":60,"author":{"gitId":"YeoSiZhao"},"content":"                    tasks[taskCount] \u003d new Event(eventDescription, from, to);","lastModifiedDate":"2026-02-01T12:48:44","isFullCredit":false},{"lineNumber":61,"author":{"gitId":"YeoSiZhao"},"content":"                    printDescription();","lastModifiedDate":"2026-02-01T12:48:44","isFullCredit":false},{"lineNumber":62,"author":{"gitId":"YeoSiZhao"},"content":"                    break;","lastModifiedDate":"2026-02-01T12:48:44","isFullCredit":false},{"lineNumber":63,"author":{"gitId":"YeoSiZhao"},"content":"                case \"list\":","lastModifiedDate":"2026-01-24T23:28:32","isFullCredit":false},{"lineNumber":64,"author":{"gitId":"YeoSiZhao"},"content":"                    listTask();","lastModifiedDate":"2026-01-24T23:28:32","isFullCredit":false},{"lineNumber":65,"author":{"gitId":"YeoSiZhao"},"content":"                    break;","lastModifiedDate":"2026-01-24T23:28:32","isFullCredit":false},{"lineNumber":66,"author":{"gitId":"YeoSiZhao"},"content":"                case \"mark\":","lastModifiedDate":"2026-01-24T23:28:32","isFullCredit":false},{"lineNumber":67,"author":{"gitId":"YeoSiZhao"},"content":"                    markTask(input[1]);","lastModifiedDate":"2026-01-24T23:28:32","isFullCredit":false},{"lineNumber":68,"author":{"gitId":"YeoSiZhao"},"content":"                    break;","lastModifiedDate":"2026-01-24T23:28:32","isFullCredit":false},{"lineNumber":69,"author":{"gitId":"YeoSiZhao"},"content":"                case \"unmark\":","lastModifiedDate":"2026-01-24T23:28:32","isFullCredit":false},{"lineNumber":70,"author":{"gitId":"YeoSiZhao"},"content":"                    unmarkTask(input[1]);","lastModifiedDate":"2026-01-24T23:28:32","isFullCredit":false},{"lineNumber":71,"author":{"gitId":"YeoSiZhao"},"content":"                    break;","lastModifiedDate":"2026-01-24T23:28:32","isFullCredit":false},{"lineNumber":72,"author":{"gitId":"YeoSiZhao"},"content":"                default:","lastModifiedDate":"2026-01-24T23:28:32","isFullCredit":false},{"lineNumber":73,"author":{"gitId":"YeoSiZhao"},"content":"                    throw new UnknownCommandException(\"What do you mean!!!! \u003e:(\");","lastModifiedDate":"2026-02-07T23:15:11","isFullCredit":false},{"lineNumber":74,"author":{"gitId":"YeoSiZhao"},"content":"                }","lastModifiedDate":"2026-02-07T23:15:11","isFullCredit":false},{"lineNumber":75,"author":{"gitId":"YeoSiZhao"},"content":"            } catch (SixSevenException e) {","lastModifiedDate":"2026-02-07T23:15:11","isFullCredit":false},{"lineNumber":76,"author":{"gitId":"YeoSiZhao"},"content":"                System.out.println(e.getMessage());","lastModifiedDate":"2026-02-07T23:15:11","isFullCredit":false},{"lineNumber":77,"author":{"gitId":"YeoSiZhao"},"content":"            }","lastModifiedDate":"2026-02-07T23:15:11","isFullCredit":false},{"lineNumber":78,"author":{"gitId":"YeoSiZhao"},"content":"        }","lastModifiedDate":"2026-02-07T23:15:11","isFullCredit":false},{"lineNumber":79,"author":{"gitId":"YeoSiZhao"},"content":"    }","lastModifiedDate":"2026-02-07T23:15:11","isFullCredit":false},{"lineNumber":80,"author":{"gitId":"YeoSiZhao"},"content":"","lastModifiedDate":"2026-02-07T23:15:11","isFullCredit":false},{"lineNumber":81,"author":{"gitId":"YeoSiZhao"},"content":"    private static void checkErrors(String command, String description) throws SixSevenException {","lastModifiedDate":"2026-02-07T23:15:11","isFullCredit":false},{"lineNumber":82,"author":{"gitId":"YeoSiZhao"},"content":"        // Commands that require a description","lastModifiedDate":"2026-02-07T23:15:11","isFullCredit":false},{"lineNumber":83,"author":{"gitId":"YeoSiZhao"},"content":"        if ((command.equals(\"todo\") || command.equals(\"deadline\") || command.equals(\"event\")) \u0026\u0026 description.isBlank()) {","lastModifiedDate":"2026-02-07T23:15:11","isFullCredit":false},{"lineNumber":84,"author":{"gitId":"YeoSiZhao"},"content":"            throw new EmptyException(\"Description cannot be blank!\");","lastModifiedDate":"2026-02-07T23:15:11","isFullCredit":false},{"lineNumber":85,"author":{"gitId":"YeoSiZhao"},"content":"        }","lastModifiedDate":"2026-02-07T23:15:11","isFullCredit":false},{"lineNumber":86,"author":{"gitId":"YeoSiZhao"},"content":"","lastModifiedDate":"2026-02-07T23:15:11","isFullCredit":false},{"lineNumber":87,"author":{"gitId":"YeoSiZhao"},"content":"        // deadline must contain /by","lastModifiedDate":"2026-02-07T23:15:11","isFullCredit":false},{"lineNumber":88,"author":{"gitId":"YeoSiZhao"},"content":"        if (command.equals(\"deadline\") \u0026\u0026 !description.contains(\"/by\")) {","lastModifiedDate":"2026-02-07T23:15:11","isFullCredit":false},{"lineNumber":89,"author":{"gitId":"YeoSiZhao"},"content":"            throw new InvalidFormatException(\"Deadline must consist of /by\");","lastModifiedDate":"2026-02-07T23:15:11","isFullCredit":false},{"lineNumber":90,"author":{"gitId":"YeoSiZhao"},"content":"        }","lastModifiedDate":"2026-02-07T23:15:11","isFullCredit":false},{"lineNumber":91,"author":{"gitId":"YeoSiZhao"},"content":"","lastModifiedDate":"2026-02-07T23:15:11","isFullCredit":false},{"lineNumber":92,"author":{"gitId":"YeoSiZhao"},"content":"        // event must contain both /from and /to","lastModifiedDate":"2026-02-07T23:15:11","isFullCredit":false},{"lineNumber":93,"author":{"gitId":"YeoSiZhao"},"content":"        if (command.equals(\"event\") \u0026\u0026 (!description.contains(\"/from\") || !description.contains(\"/to\"))) {","lastModifiedDate":"2026-02-07T23:15:11","isFullCredit":false},{"lineNumber":94,"author":{"gitId":"YeoSiZhao"},"content":"            throw new InvalidFormatException(\"Event must consist of /from and /to\");","lastModifiedDate":"2026-02-07T23:15:11","isFullCredit":false},{"lineNumber":95,"author":{"gitId":"YeoSiZhao"},"content":"        }","lastModifiedDate":"2026-02-07T23:15:11","isFullCredit":false},{"lineNumber":96,"author":{"gitId":"YeoSiZhao"},"content":"","lastModifiedDate":"2026-02-07T23:15:11","isFullCredit":false},{"lineNumber":97,"author":{"gitId":"YeoSiZhao"},"content":"        if (command.equals(\"mark\") || command.equals(\"unmark\")) {","lastModifiedDate":"2026-02-07T23:15:11","isFullCredit":false},{"lineNumber":98,"author":{"gitId":"YeoSiZhao"},"content":"            int taskIdx;","lastModifiedDate":"2026-02-07T23:15:11","isFullCredit":false},{"lineNumber":99,"author":{"gitId":"YeoSiZhao"},"content":"","lastModifiedDate":"2026-02-07T23:15:11","isFullCredit":false},{"lineNumber":100,"author":{"gitId":"YeoSiZhao"},"content":"            try {","lastModifiedDate":"2026-02-07T23:15:11","isFullCredit":false},{"lineNumber":101,"author":{"gitId":"YeoSiZhao"},"content":"                taskIdx \u003d Integer.parseInt(description);","lastModifiedDate":"2026-02-07T23:15:11","isFullCredit":false},{"lineNumber":102,"author":{"gitId":"YeoSiZhao"},"content":"            } catch (NumberFormatException e) {","lastModifiedDate":"2026-02-07T23:15:11","isFullCredit":false},{"lineNumber":103,"author":{"gitId":"YeoSiZhao"},"content":"                throw new InvalidFormatException(\"Mark and unmark must be followed by a number.\");","lastModifiedDate":"2026-02-07T23:15:11","isFullCredit":false},{"lineNumber":104,"author":{"gitId":"YeoSiZhao"},"content":"            }","lastModifiedDate":"2026-02-07T23:15:11","isFullCredit":false},{"lineNumber":105,"author":{"gitId":"YeoSiZhao"},"content":"","lastModifiedDate":"2026-02-07T23:15:11","isFullCredit":false},{"lineNumber":106,"author":{"gitId":"YeoSiZhao"},"content":"            if (taskIdx \u003c 1 || taskIdx \u003e taskCount) {","lastModifiedDate":"2026-02-07T23:15:11","isFullCredit":false},{"lineNumber":107,"author":{"gitId":"YeoSiZhao"},"content":"                throw new InvalidFormatException(\"Task number is out of range.\");","lastModifiedDate":"2026-02-07T23:15:11","isFullCredit":false},{"lineNumber":108,"author":{"gitId":"YeoSiZhao"},"content":"            }","lastModifiedDate":"2026-02-07T23:15:11","isFullCredit":false},{"lineNumber":109,"author":{"gitId":"YeoSiZhao"},"content":"","lastModifiedDate":"2026-02-07T23:15:11","isFullCredit":false},{"lineNumber":110,"author":{"gitId":"YeoSiZhao"},"content":"            int internalIdx \u003d taskIdx - 1;","lastModifiedDate":"2026-02-07T23:15:11","isFullCredit":false},{"lineNumber":111,"author":{"gitId":"YeoSiZhao"},"content":"","lastModifiedDate":"2026-02-07T23:15:11","isFullCredit":false},{"lineNumber":112,"author":{"gitId":"YeoSiZhao"},"content":"            if (command.equals(\"unmark\") \u0026\u0026 !tasks[internalIdx].getIsDone()) {","lastModifiedDate":"2026-02-07T23:15:11","isFullCredit":false},{"lineNumber":113,"author":{"gitId":"YeoSiZhao"},"content":"                throw new InvalidFormatException(\"Task \" + description + \" is not done yet.\");","lastModifiedDate":"2026-02-07T23:15:11","isFullCredit":false},{"lineNumber":114,"author":{"gitId":"YeoSiZhao"},"content":"            }","lastModifiedDate":"2026-02-07T23:15:11","isFullCredit":false},{"lineNumber":115,"author":{"gitId":"YeoSiZhao"},"content":"            if (command.equals(\"mark\") \u0026\u0026 tasks[internalIdx].getIsDone()) {","lastModifiedDate":"2026-02-07T23:15:11","isFullCredit":false},{"lineNumber":116,"author":{"gitId":"YeoSiZhao"},"content":"                throw new InvalidFormatException(\"Task \" + description + \" is already done.\");","lastModifiedDate":"2026-02-07T23:15:11","isFullCredit":false},{"lineNumber":117,"author":{"gitId":"YeoSiZhao"},"content":"            }","lastModifiedDate":"2026-01-24T22:18:11","isFullCredit":false},{"lineNumber":118,"author":{"gitId":"YeoSiZhao"},"content":"        }","lastModifiedDate":"2026-01-20T22:11:07","isFullCredit":false},{"lineNumber":119,"author":{"gitId":"YeoSiZhao"},"content":"    }","lastModifiedDate":"2026-01-24T22:18:11","isFullCredit":false},{"lineNumber":120,"author":{"gitId":"YeoSiZhao"},"content":"","lastModifiedDate":"2026-01-24T22:18:11","isFullCredit":false},{"lineNumber":121,"author":{"gitId":"YeoSiZhao"},"content":"","lastModifiedDate":"2026-01-24T22:18:11","isFullCredit":false},{"lineNumber":122,"author":{"gitId":"YeoSiZhao"},"content":"    public static void listTask() {","lastModifiedDate":"2026-01-24T23:28:32","isFullCredit":false},{"lineNumber":123,"author":{"gitId":"YeoSiZhao"},"content":"        if (taskCount \u003d\u003d 0) {","lastModifiedDate":"2026-01-24T23:28:32","isFullCredit":false},{"lineNumber":124,"author":{"gitId":"YeoSiZhao"},"content":"            System.out.println(\"No task available\");","lastModifiedDate":"2026-01-24T23:28:32","isFullCredit":false},{"lineNumber":125,"author":{"gitId":"YeoSiZhao"},"content":"        } else {","lastModifiedDate":"2026-01-24T22:18:11","isFullCredit":false},{"lineNumber":126,"author":{"gitId":"YeoSiZhao"},"content":"            System.out.println(\"Here are the tasks in your list:\");","lastModifiedDate":"2026-02-01T12:48:44","isFullCredit":false},{"lineNumber":127,"author":{"gitId":"YeoSiZhao"},"content":"            for (int i \u003d 0; i \u003c taskCount; i++) {","lastModifiedDate":"2026-01-24T23:28:32","isFullCredit":false},{"lineNumber":128,"author":{"gitId":"YeoSiZhao"},"content":"                System.out.println(i + 1 + \".\" + tasks[i]);","lastModifiedDate":"2026-02-01T12:48:44","isFullCredit":false},{"lineNumber":129,"author":{"gitId":"YeoSiZhao"},"content":"            }","lastModifiedDate":"2026-01-24T23:28:32","isFullCredit":false},{"lineNumber":130,"author":{"gitId":"YeoSiZhao"},"content":"        }","lastModifiedDate":"2026-01-24T23:28:32","isFullCredit":false},{"lineNumber":131,"author":{"gitId":"YeoSiZhao"},"content":"    }","lastModifiedDate":"2026-01-24T21:32:26","isFullCredit":false},{"lineNumber":132,"author":{"gitId":"YeoSiZhao"},"content":"","lastModifiedDate":"2026-02-07T22:11:54","isFullCredit":false},{"lineNumber":133,"author":{"gitId":"YeoSiZhao"},"content":"    public static void markTask(String input) {","lastModifiedDate":"2026-01-24T23:28:32","isFullCredit":false},{"lineNumber":134,"author":{"gitId":"YeoSiZhao"},"content":"        int numberToMark \u003d Integer.parseInt(input) - 1;","lastModifiedDate":"2026-01-24T23:28:32","isFullCredit":false},{"lineNumber":135,"author":{"gitId":"YeoSiZhao"},"content":"        tasks[numberToMark].setIsDone();","lastModifiedDate":"2026-01-24T23:28:32","isFullCredit":false},{"lineNumber":136,"author":{"gitId":"YeoSiZhao"},"content":"        System.out.println(\"Nice! I\u0027ve marked this task as done:\");","lastModifiedDate":"2026-01-24T23:28:32","isFullCredit":false},{"lineNumber":137,"author":{"gitId":"YeoSiZhao"},"content":"        System.out.println(\"[\" + tasks[numberToMark].markString() + \"] \" + tasks[numberToMark].getDescription());","lastModifiedDate":"2026-02-07T22:11:54","isFullCredit":false},{"lineNumber":138,"author":{"gitId":"YeoSiZhao"},"content":"    }","lastModifiedDate":"2026-01-24T21:32:26","isFullCredit":false},{"lineNumber":139,"author":{"gitId":"YeoSiZhao"},"content":"","lastModifiedDate":"2026-02-07T22:11:54","isFullCredit":false},{"lineNumber":140,"author":{"gitId":"YeoSiZhao"},"content":"    public static void unmarkTask(String input) {","lastModifiedDate":"2026-01-24T23:28:32","isFullCredit":false},{"lineNumber":141,"author":{"gitId":"YeoSiZhao"},"content":"        int numberToUnmark \u003d Integer.parseInt(input) - 1;","lastModifiedDate":"2026-01-24T23:28:32","isFullCredit":false},{"lineNumber":142,"author":{"gitId":"YeoSiZhao"},"content":"        tasks[numberToUnmark].setIsNotDone();","lastModifiedDate":"2026-01-24T23:28:32","isFullCredit":false},{"lineNumber":143,"author":{"gitId":"YeoSiZhao"},"content":"        System.out.println(\"OK, I\u0027ve marked this task as not done yet:\");","lastModifiedDate":"2026-01-24T23:28:32","isFullCredit":false},{"lineNumber":144,"author":{"gitId":"YeoSiZhao"},"content":"        System.out.println(\"[\" + tasks[numberToUnmark].markString() + \"] \" + tasks[numberToUnmark].getDescription());","lastModifiedDate":"2026-02-07T22:11:54","isFullCredit":false},{"lineNumber":145,"author":{"gitId":"YeoSiZhao"},"content":"    }","lastModifiedDate":"2026-02-01T12:48:44","isFullCredit":false},{"lineNumber":146,"author":{"gitId":"YeoSiZhao"},"content":"","lastModifiedDate":"2026-02-01T12:48:44","isFullCredit":false},{"lineNumber":147,"author":{"gitId":"YeoSiZhao"},"content":"    public static void printDescription() {","lastModifiedDate":"2026-02-01T12:48:44","isFullCredit":false},{"lineNumber":148,"author":{"gitId":"YeoSiZhao"},"content":"        System.out.println(\"Got it. I\u0027ve added this task:\");","lastModifiedDate":"2026-02-01T12:48:44","isFullCredit":false},{"lineNumber":149,"author":{"gitId":"YeoSiZhao"},"content":"        System.out.println(\" \" + tasks[taskCount]);","lastModifiedDate":"2026-02-01T12:48:44","isFullCredit":false},{"lineNumber":150,"author":{"gitId":"YeoSiZhao"},"content":"        taskCount++;","lastModifiedDate":"2026-02-01T12:48:44","isFullCredit":false},{"lineNumber":151,"author":{"gitId":"YeoSiZhao"},"content":"        String strTask;","lastModifiedDate":"2026-02-01T12:48:44","isFullCredit":false},{"lineNumber":152,"author":{"gitId":"YeoSiZhao"},"content":"        if (taskCount \u003d\u003d 1) {","lastModifiedDate":"2026-02-01T12:48:44","isFullCredit":false},{"lineNumber":153,"author":{"gitId":"YeoSiZhao"},"content":"            strTask \u003d \"task\";","lastModifiedDate":"2026-02-01T12:48:44","isFullCredit":false},{"lineNumber":154,"author":{"gitId":"YeoSiZhao"},"content":"        } else {","lastModifiedDate":"2026-02-07T22:11:54","isFullCredit":false},{"lineNumber":155,"author":{"gitId":"YeoSiZhao"},"content":"            strTask \u003d \"tasks\";","lastModifiedDate":"2026-02-01T12:48:44","isFullCredit":false},{"lineNumber":156,"author":{"gitId":"YeoSiZhao"},"content":"        }","lastModifiedDate":"2026-02-01T12:48:44","isFullCredit":false},{"lineNumber":157,"author":{"gitId":"YeoSiZhao"},"content":"        System.out.println(\"Now you have \" + taskCount + \" \" + strTask + \" in the list.\");","lastModifiedDate":"2026-02-01T12:48:44","isFullCredit":false},{"lineNumber":158,"author":{"gitId":"YeoSiZhao"},"content":"    }","lastModifiedDate":"2026-01-20T22:11:07","isFullCredit":false},{"lineNumber":159,"author":{"gitId":"YeoSiZhao"},"content":"}","lastModifiedDate":"2026-01-24T21:58:01","isFullCredit":false},{"lineNumber":160,"author":{"gitId":"YeoSiZhao"},"content":"","lastModifiedDate":"2026-01-20T22:11:07","isFullCredit":false}],"authorContributionMap":{"YeoSiZhao":160}},{"path":"src/main/java/errors/EmptyException.java","fileType":"java","lines":[{"lineNumber":1,"author":{"gitId":"YeoSiZhao"},"content":"package errors;","lastModifiedDate":"2026-02-07T23:26:23","isFullCredit":false},{"lineNumber":2,"author":{"gitId":"YeoSiZhao"},"content":"","lastModifiedDate":"2026-02-07T23:26:23","isFullCredit":false},{"lineNumber":3,"author":{"gitId":"YeoSiZhao"},"content":"public class EmptyException extends SixSevenException {","lastModifiedDate":"2026-02-07T23:15:11","isFullCredit":false},{"lineNumber":4,"author":{"gitId":"YeoSiZhao"},"content":"    public EmptyException(String message) {","lastModifiedDate":"2026-02-07T23:15:11","isFullCredit":false},{"lineNumber":5,"author":{"gitId":"YeoSiZhao"},"content":"        super(message);","lastModifiedDate":"2026-02-07T23:15:11","isFullCredit":false},{"lineNumber":6,"author":{"gitId":"YeoSiZhao"},"content":"    }","lastModifiedDate":"2026-02-07T23:15:11","isFullCredit":false},{"lineNumber":7,"author":{"gitId":"YeoSiZhao"},"content":"}","lastModifiedDate":"2026-02-07T23:15:11","isFullCredit":false}],"authorContributionMap":{"YeoSiZhao":7}},{"path":"src/main/java/errors/InvalidFormatException.java","fileType":"java","lines":[{"lineNumber":1,"author":{"gitId":"YeoSiZhao"},"content":"package errors;","lastModifiedDate":"2026-02-07T23:26:23","isFullCredit":false},{"lineNumber":2,"author":{"gitId":"YeoSiZhao"},"content":"","lastModifiedDate":"2026-02-07T23:26:23","isFullCredit":false},{"lineNumber":3,"author":{"gitId":"YeoSiZhao"},"content":"public class InvalidFormatException extends SixSevenException {","lastModifiedDate":"2026-02-07T23:15:11","isFullCredit":false},{"lineNumber":4,"author":{"gitId":"YeoSiZhao"},"content":"    public InvalidFormatException(String message) {","lastModifiedDate":"2026-02-07T23:15:11","isFullCredit":false},{"lineNumber":5,"author":{"gitId":"YeoSiZhao"},"content":"        super(message);","lastModifiedDate":"2026-02-07T23:15:11","isFullCredit":false},{"lineNumber":6,"author":{"gitId":"YeoSiZhao"},"content":"    }","lastModifiedDate":"2026-02-07T23:15:11","isFullCredit":false},{"lineNumber":7,"author":{"gitId":"YeoSiZhao"},"content":"}","lastModifiedDate":"2026-02-07T23:15:11","isFullCredit":false}],"authorContributionMap":{"YeoSiZhao":7}},{"path":"src/main/java/errors/SixSevenException.java","fileType":"java","lines":[{"lineNumber":1,"author":{"gitId":"YeoSiZhao"},"content":"package errors;","lastModifiedDate":"2026-02-07T23:26:23","isFullCredit":false},{"lineNumber":2,"author":{"gitId":"YeoSiZhao"},"content":"","lastModifiedDate":"2026-02-07T23:26:23","isFullCredit":false},{"lineNumber":3,"author":{"gitId":"YeoSiZhao"},"content":"public class SixSevenException extends Exception {","lastModifiedDate":"2026-02-07T23:15:11","isFullCredit":false},{"lineNumber":4,"author":{"gitId":"YeoSiZhao"},"content":"    public SixSevenException(String message) {","lastModifiedDate":"2026-02-07T23:15:11","isFullCredit":false},{"lineNumber":5,"author":{"gitId":"YeoSiZhao"},"content":"        super(message);","lastModifiedDate":"2026-02-07T23:15:11","isFullCredit":false},{"lineNumber":6,"author":{"gitId":"YeoSiZhao"},"content":"    }","lastModifiedDate":"2026-02-07T23:15:11","isFullCredit":false},{"lineNumber":7,"author":{"gitId":"YeoSiZhao"},"content":"}","lastModifiedDate":"2026-02-07T23:15:11","isFullCredit":false}],"authorContributionMap":{"YeoSiZhao":7}},{"path":"src/main/java/errors/UnknownCommandException.java","fileType":"java","lines":[{"lineNumber":1,"author":{"gitId":"YeoSiZhao"},"content":"package errors;","lastModifiedDate":"2026-02-07T23:26:23","isFullCredit":false},{"lineNumber":2,"author":{"gitId":"YeoSiZhao"},"content":"","lastModifiedDate":"2026-02-07T23:26:23","isFullCredit":false},{"lineNumber":3,"author":{"gitId":"YeoSiZhao"},"content":"public class UnknownCommandException extends SixSevenException {","lastModifiedDate":"2026-02-07T23:15:11","isFullCredit":false},{"lineNumber":4,"author":{"gitId":"YeoSiZhao"},"content":"    public UnknownCommandException(String message) {","lastModifiedDate":"2026-02-07T23:15:11","isFullCredit":false},{"lineNumber":5,"author":{"gitId":"YeoSiZhao"},"content":"        super(message);","lastModifiedDate":"2026-02-07T23:15:11","isFullCredit":false},{"lineNumber":6,"author":{"gitId":"YeoSiZhao"},"content":"    }","lastModifiedDate":"2026-02-07T23:15:11","isFullCredit":false},{"lineNumber":7,"author":{"gitId":"YeoSiZhao"},"content":"}","lastModifiedDate":"2026-02-07T23:15:11","isFullCredit":false}],"authorContributionMap":{"YeoSiZhao":7}},{"path":"src/main/java/task/Deadline.java","fileType":"java","lines":[{"lineNumber":1,"author":{"gitId":"YeoSiZhao"},"content":"package task;","lastModifiedDate":"2026-02-07T23:26:23","isFullCredit":false},{"lineNumber":2,"author":{"gitId":"YeoSiZhao"},"content":"","lastModifiedDate":"2026-02-07T23:26:23","isFullCredit":false},{"lineNumber":3,"author":{"gitId":"YeoSiZhao"},"content":"public class Deadline extends Task {","lastModifiedDate":"2026-02-01T12:48:44","isFullCredit":false},{"lineNumber":4,"author":{"gitId":"YeoSiZhao"},"content":"","lastModifiedDate":"2026-02-01T12:48:44","isFullCredit":false},{"lineNumber":5,"author":{"gitId":"YeoSiZhao"},"content":"    private String by;","lastModifiedDate":"2026-02-01T12:48:44","isFullCredit":false},{"lineNumber":6,"author":{"gitId":"YeoSiZhao"},"content":"    public Deadline(String deadlineDescription, String by) {","lastModifiedDate":"2026-02-01T12:48:44","isFullCredit":false},{"lineNumber":7,"author":{"gitId":"YeoSiZhao"},"content":"        super(deadlineDescription);","lastModifiedDate":"2026-02-01T12:48:44","isFullCredit":false},{"lineNumber":8,"author":{"gitId":"YeoSiZhao"},"content":"        this.by \u003d by;","lastModifiedDate":"2026-02-01T12:48:44","isFullCredit":false},{"lineNumber":9,"author":{"gitId":"YeoSiZhao"},"content":"    }","lastModifiedDate":"2026-02-01T12:48:44","isFullCredit":false},{"lineNumber":10,"author":{"gitId":"YeoSiZhao"},"content":"","lastModifiedDate":"2026-02-01T12:48:44","isFullCredit":false},{"lineNumber":11,"author":{"gitId":"YeoSiZhao"},"content":"    @Override","lastModifiedDate":"2026-02-01T12:48:44","isFullCredit":false},{"lineNumber":12,"author":{"gitId":"YeoSiZhao"},"content":"    public String toString() {","lastModifiedDate":"2026-02-01T12:48:44","isFullCredit":false},{"lineNumber":13,"author":{"gitId":"YeoSiZhao"},"content":"        return String.format(\"[D][%s] %s(by: %s)\", markString(), description, by);","lastModifiedDate":"2026-02-07T22:11:54","isFullCredit":false},{"lineNumber":14,"author":{"gitId":"YeoSiZhao"},"content":"    }","lastModifiedDate":"2026-02-01T12:48:44","isFullCredit":false},{"lineNumber":15,"author":{"gitId":"YeoSiZhao"},"content":"}","lastModifiedDate":"2026-02-01T12:48:44","isFullCredit":false}],"authorContributionMap":{"YeoSiZhao":15}},{"path":"src/main/java/task/Event.java","fileType":"java","lines":[{"lineNumber":1,"author":{"gitId":"YeoSiZhao"},"content":"package task;","lastModifiedDate":"2026-02-07T23:26:23","isFullCredit":false},{"lineNumber":2,"author":{"gitId":"YeoSiZhao"},"content":"","lastModifiedDate":"2026-02-07T23:26:23","isFullCredit":false},{"lineNumber":3,"author":{"gitId":"YeoSiZhao"},"content":"public class Event extends Task {","lastModifiedDate":"2026-02-01T12:48:44","isFullCredit":false},{"lineNumber":4,"author":{"gitId":"YeoSiZhao"},"content":"","lastModifiedDate":"2026-02-01T12:48:44","isFullCredit":false},{"lineNumber":5,"author":{"gitId":"YeoSiZhao"},"content":"    private String from;","lastModifiedDate":"2026-02-01T12:48:44","isFullCredit":false},{"lineNumber":6,"author":{"gitId":"YeoSiZhao"},"content":"    private String to;","lastModifiedDate":"2026-02-01T12:48:44","isFullCredit":false},{"lineNumber":7,"author":{"gitId":"YeoSiZhao"},"content":"","lastModifiedDate":"2026-02-01T12:48:44","isFullCredit":false},{"lineNumber":8,"author":{"gitId":"YeoSiZhao"},"content":"    public Event(String eventDescription, String from, String to) {","lastModifiedDate":"2026-02-01T12:48:44","isFullCredit":false},{"lineNumber":9,"author":{"gitId":"YeoSiZhao"},"content":"        super(eventDescription);","lastModifiedDate":"2026-02-01T12:48:44","isFullCredit":false},{"lineNumber":10,"author":{"gitId":"YeoSiZhao"},"content":"        this.from \u003d from;","lastModifiedDate":"2026-02-01T12:48:44","isFullCredit":false},{"lineNumber":11,"author":{"gitId":"YeoSiZhao"},"content":"        this.to \u003d to;","lastModifiedDate":"2026-02-01T12:48:44","isFullCredit":false},{"lineNumber":12,"author":{"gitId":"YeoSiZhao"},"content":"","lastModifiedDate":"2026-02-01T12:48:44","isFullCredit":false},{"lineNumber":13,"author":{"gitId":"YeoSiZhao"},"content":"    }","lastModifiedDate":"2026-02-01T12:48:44","isFullCredit":false},{"lineNumber":14,"author":{"gitId":"YeoSiZhao"},"content":"","lastModifiedDate":"2026-02-01T12:48:44","isFullCredit":false},{"lineNumber":15,"author":{"gitId":"YeoSiZhao"},"content":"    @Override","lastModifiedDate":"2026-02-01T12:48:44","isFullCredit":false},{"lineNumber":16,"author":{"gitId":"YeoSiZhao"},"content":"    public String toString() {","lastModifiedDate":"2026-02-01T12:48:44","isFullCredit":false},{"lineNumber":17,"author":{"gitId":"YeoSiZhao"},"content":"        return String.format(\"[E][%s] %s (from: %s to %s)\", markString(), description, from, to);","lastModifiedDate":"2026-02-07T22:11:54","isFullCredit":false},{"lineNumber":18,"author":{"gitId":"YeoSiZhao"},"content":"    }","lastModifiedDate":"2026-02-01T12:48:44","isFullCredit":false},{"lineNumber":19,"author":{"gitId":"YeoSiZhao"},"content":"}","lastModifiedDate":"2026-02-01T12:48:44","isFullCredit":false}],"authorContributionMap":{"YeoSiZhao":19}},{"path":"src/main/java/task/Task.java","fileType":"java","lines":[{"lineNumber":1,"author":{"gitId":"YeoSiZhao"},"content":"package task;","lastModifiedDate":"2026-02-07T23:26:23","isFullCredit":false},{"lineNumber":2,"author":{"gitId":"YeoSiZhao"},"content":"","lastModifiedDate":"2026-02-07T23:26:23","isFullCredit":false},{"lineNumber":3,"author":{"gitId":"YeoSiZhao"},"content":"public class Task {","lastModifiedDate":"2026-01-24T23:28:32","isFullCredit":false},{"lineNumber":4,"author":{"gitId":"YeoSiZhao"},"content":"    protected String description;","lastModifiedDate":"2026-01-24T23:28:32","isFullCredit":false},{"lineNumber":5,"author":{"gitId":"YeoSiZhao"},"content":"    protected boolean isDone;","lastModifiedDate":"2026-01-24T23:28:32","isFullCredit":false},{"lineNumber":6,"author":{"gitId":"YeoSiZhao"},"content":"","lastModifiedDate":"2026-01-24T23:28:32","isFullCredit":false},{"lineNumber":7,"author":{"gitId":"YeoSiZhao"},"content":"    public Task(String description) {","lastModifiedDate":"2026-01-24T23:28:32","isFullCredit":false},{"lineNumber":8,"author":{"gitId":"YeoSiZhao"},"content":"        this.description \u003d description;","lastModifiedDate":"2026-01-24T23:28:32","isFullCredit":false},{"lineNumber":9,"author":{"gitId":"YeoSiZhao"},"content":"        this.isDone \u003d false;","lastModifiedDate":"2026-01-24T23:28:32","isFullCredit":false},{"lineNumber":10,"author":{"gitId":"YeoSiZhao"},"content":"    }","lastModifiedDate":"2026-01-24T23:28:32","isFullCredit":false},{"lineNumber":11,"author":{"gitId":"YeoSiZhao"},"content":"","lastModifiedDate":"2026-01-24T23:28:32","isFullCredit":false},{"lineNumber":12,"author":{"gitId":"YeoSiZhao"},"content":"    public String markString() {","lastModifiedDate":"2026-02-07T22:11:54","isFullCredit":false},{"lineNumber":13,"author":{"gitId":"YeoSiZhao"},"content":"        return (isDone ? \"X\" : \" \"); // mark done task with X","lastModifiedDate":"2026-01-24T23:28:32","isFullCredit":false},{"lineNumber":14,"author":{"gitId":"YeoSiZhao"},"content":"    }","lastModifiedDate":"2026-01-24T23:28:32","isFullCredit":false},{"lineNumber":15,"author":{"gitId":"YeoSiZhao"},"content":"    public String getDescription() {","lastModifiedDate":"2026-01-24T23:28:32","isFullCredit":false},{"lineNumber":16,"author":{"gitId":"YeoSiZhao"},"content":"        return description;","lastModifiedDate":"2026-01-26T00:14:55","isFullCredit":false},{"lineNumber":17,"author":{"gitId":"YeoSiZhao"},"content":"    }","lastModifiedDate":"2026-01-24T23:28:32","isFullCredit":false},{"lineNumber":18,"author":{"gitId":"YeoSiZhao"},"content":"    public void setIsDone() {","lastModifiedDate":"2026-01-24T23:28:32","isFullCredit":false},{"lineNumber":19,"author":{"gitId":"YeoSiZhao"},"content":"        isDone \u003d true;","lastModifiedDate":"2026-01-26T00:14:55","isFullCredit":false},{"lineNumber":20,"author":{"gitId":"YeoSiZhao"},"content":"    }","lastModifiedDate":"2026-01-24T23:28:32","isFullCredit":false},{"lineNumber":21,"author":{"gitId":"YeoSiZhao"},"content":"    public boolean getIsDone(){","lastModifiedDate":"2026-02-07T23:15:11","isFullCredit":false},{"lineNumber":22,"author":{"gitId":"YeoSiZhao"},"content":"        return isDone;","lastModifiedDate":"2026-02-07T23:15:11","isFullCredit":false},{"lineNumber":23,"author":{"gitId":"YeoSiZhao"},"content":"    }","lastModifiedDate":"2026-02-07T23:15:11","isFullCredit":false},{"lineNumber":24,"author":{"gitId":"YeoSiZhao"},"content":"    public void setIsNotDone() {","lastModifiedDate":"2026-01-24T23:28:32","isFullCredit":false},{"lineNumber":25,"author":{"gitId":"YeoSiZhao"},"content":"        isDone \u003d false;","lastModifiedDate":"2026-01-26T00:14:55","isFullCredit":false},{"lineNumber":26,"author":{"gitId":"YeoSiZhao"},"content":"    }","lastModifiedDate":"2026-01-24T23:28:32","isFullCredit":false},{"lineNumber":27,"author":{"gitId":"YeoSiZhao"},"content":"","lastModifiedDate":"2026-02-01T12:48:44","isFullCredit":false},{"lineNumber":28,"author":{"gitId":"YeoSiZhao"},"content":"    @Override","lastModifiedDate":"2026-02-01T12:48:44","isFullCredit":false},{"lineNumber":29,"author":{"gitId":"YeoSiZhao"},"content":"    public String toString() {","lastModifiedDate":"2026-02-01T12:48:44","isFullCredit":false},{"lineNumber":30,"author":{"gitId":"YeoSiZhao"},"content":"        return String.format(\"[T][%s] %s\", markString(), description);","lastModifiedDate":"2026-02-07T22:11:54","isFullCredit":false},{"lineNumber":31,"author":{"gitId":"YeoSiZhao"},"content":"    }","lastModifiedDate":"2026-02-01T12:48:44","isFullCredit":false},{"lineNumber":32,"author":{"gitId":"YeoSiZhao"},"content":"}","lastModifiedDate":"2026-01-24T23:28:32","isFullCredit":false},{"lineNumber":33,"author":{"gitId":"YeoSiZhao"},"content":"","lastModifiedDate":"2026-01-24T23:28:32","isFullCredit":false},{"lineNumber":34,"author":{"gitId":"YeoSiZhao"},"content":"","lastModifiedDate":"2026-01-24T23:28:32","isFullCredit":false}],"authorContributionMap":{"YeoSiZhao":34}},{"path":"src/main/java/task/Todo.java","fileType":"java","lines":[{"lineNumber":1,"author":{"gitId":"YeoSiZhao"},"content":"package task;","lastModifiedDate":"2026-02-07T23:26:23","isFullCredit":false},{"lineNumber":2,"author":{"gitId":"YeoSiZhao"},"content":"","lastModifiedDate":"2026-02-07T23:26:23","isFullCredit":false},{"lineNumber":3,"author":{"gitId":"YeoSiZhao"},"content":"public class Todo extends Task {","lastModifiedDate":"2026-02-01T12:48:44","isFullCredit":false},{"lineNumber":4,"author":{"gitId":"YeoSiZhao"},"content":"","lastModifiedDate":"2026-02-01T12:48:44","isFullCredit":false},{"lineNumber":5,"author":{"gitId":"YeoSiZhao"},"content":"    public Todo(String description) {","lastModifiedDate":"2026-02-01T12:48:44","isFullCredit":false},{"lineNumber":6,"author":{"gitId":"YeoSiZhao"},"content":"        super(description);","lastModifiedDate":"2026-02-01T12:48:44","isFullCredit":false},{"lineNumber":7,"author":{"gitId":"YeoSiZhao"},"content":"    }","lastModifiedDate":"2026-02-01T12:48:44","isFullCredit":false},{"lineNumber":8,"author":{"gitId":"YeoSiZhao"},"content":"}","lastModifiedDate":"2026-02-01T12:48:44","isFullCredit":false}],"authorContributionMap":{"YeoSiZhao":8}}]
