[{"path":"src/main/java/Deadline.java","fileType":"java","lines":[{"lineNumber":1,"author":{"gitId":"YeoSiZhao"},"content":"public class Deadline extends Task{","lastModifiedDate":"2026-02-01T12:48:44","isFullCredit":false},{"lineNumber":2,"author":{"gitId":"YeoSiZhao"},"content":"","lastModifiedDate":"2026-02-01T12:48:44","isFullCredit":false},{"lineNumber":3,"author":{"gitId":"YeoSiZhao"},"content":"    private String by;","lastModifiedDate":"2026-02-01T12:48:44","isFullCredit":false},{"lineNumber":4,"author":{"gitId":"YeoSiZhao"},"content":"    public Deadline(String deadlineDescription, String by) {","lastModifiedDate":"2026-02-01T12:48:44","isFullCredit":false},{"lineNumber":5,"author":{"gitId":"YeoSiZhao"},"content":"        super(deadlineDescription);","lastModifiedDate":"2026-02-01T12:48:44","isFullCredit":false},{"lineNumber":6,"author":{"gitId":"YeoSiZhao"},"content":"        this.by \u003d by;","lastModifiedDate":"2026-02-01T12:48:44","isFullCredit":false},{"lineNumber":7,"author":{"gitId":"YeoSiZhao"},"content":"    }","lastModifiedDate":"2026-02-01T12:48:44","isFullCredit":false},{"lineNumber":8,"author":{"gitId":"YeoSiZhao"},"content":"","lastModifiedDate":"2026-02-01T12:48:44","isFullCredit":false},{"lineNumber":9,"author":{"gitId":"YeoSiZhao"},"content":"    @Override","lastModifiedDate":"2026-02-01T12:48:44","isFullCredit":false},{"lineNumber":10,"author":{"gitId":"YeoSiZhao"},"content":"    public String toString() {","lastModifiedDate":"2026-02-01T12:48:44","isFullCredit":false},{"lineNumber":11,"author":{"gitId":"YeoSiZhao"},"content":"        return String.format(\"[D][%s] %s(by: %s)\", getIsDone(), description, by);","lastModifiedDate":"2026-02-01T13:38:00","isFullCredit":false},{"lineNumber":12,"author":{"gitId":"YeoSiZhao"},"content":"    }","lastModifiedDate":"2026-02-01T12:48:44","isFullCredit":false},{"lineNumber":13,"author":{"gitId":"YeoSiZhao"},"content":"}","lastModifiedDate":"2026-02-01T12:48:44","isFullCredit":false}],"authorContributionMap":{"YeoSiZhao":13}},{"path":"src/main/java/Event.java","fileType":"java","lines":[{"lineNumber":1,"author":{"gitId":"YeoSiZhao"},"content":"public class Event extends Task{","lastModifiedDate":"2026-02-01T12:48:44","isFullCredit":false},{"lineNumber":2,"author":{"gitId":"YeoSiZhao"},"content":"","lastModifiedDate":"2026-02-01T12:48:44","isFullCredit":false},{"lineNumber":3,"author":{"gitId":"YeoSiZhao"},"content":"    private String from;","lastModifiedDate":"2026-02-01T12:48:44","isFullCredit":false},{"lineNumber":4,"author":{"gitId":"YeoSiZhao"},"content":"    private String to;","lastModifiedDate":"2026-02-01T12:48:44","isFullCredit":false},{"lineNumber":5,"author":{"gitId":"YeoSiZhao"},"content":"","lastModifiedDate":"2026-02-01T12:48:44","isFullCredit":false},{"lineNumber":6,"author":{"gitId":"YeoSiZhao"},"content":"    public Event(String eventDescription, String from, String to) {","lastModifiedDate":"2026-02-01T12:48:44","isFullCredit":false},{"lineNumber":7,"author":{"gitId":"YeoSiZhao"},"content":"        super(eventDescription);","lastModifiedDate":"2026-02-01T12:48:44","isFullCredit":false},{"lineNumber":8,"author":{"gitId":"YeoSiZhao"},"content":"        this.from \u003d from;","lastModifiedDate":"2026-02-01T12:48:44","isFullCredit":false},{"lineNumber":9,"author":{"gitId":"YeoSiZhao"},"content":"        this.to \u003d to;","lastModifiedDate":"2026-02-01T12:48:44","isFullCredit":false},{"lineNumber":10,"author":{"gitId":"YeoSiZhao"},"content":"","lastModifiedDate":"2026-02-01T12:48:44","isFullCredit":false},{"lineNumber":11,"author":{"gitId":"YeoSiZhao"},"content":"    }","lastModifiedDate":"2026-02-01T12:48:44","isFullCredit":false},{"lineNumber":12,"author":{"gitId":"YeoSiZhao"},"content":"","lastModifiedDate":"2026-02-01T12:48:44","isFullCredit":false},{"lineNumber":13,"author":{"gitId":"YeoSiZhao"},"content":"    @Override","lastModifiedDate":"2026-02-01T12:48:44","isFullCredit":false},{"lineNumber":14,"author":{"gitId":"YeoSiZhao"},"content":"    public String toString() {","lastModifiedDate":"2026-02-01T12:48:44","isFullCredit":false},{"lineNumber":15,"author":{"gitId":"YeoSiZhao"},"content":"        return String.format(\"[E][%s] %s (from: %s to %s)\", getIsDone(), description, from, to);","lastModifiedDate":"2026-02-01T13:38:00","isFullCredit":false},{"lineNumber":16,"author":{"gitId":"YeoSiZhao"},"content":"    }","lastModifiedDate":"2026-02-01T12:48:44","isFullCredit":false},{"lineNumber":17,"author":{"gitId":"YeoSiZhao"},"content":"}","lastModifiedDate":"2026-02-01T12:48:44","isFullCredit":false}],"authorContributionMap":{"YeoSiZhao":17}},{"path":"src/main/java/SixSeven.java","fileType":"java","lines":[{"lineNumber":1,"author":{"gitId":"YeoSiZhao"},"content":"import java.util.Scanner;","lastModifiedDate":"2026-01-24T21:32:26","isFullCredit":false},{"lineNumber":2,"author":{"gitId":"YeoSiZhao"},"content":"","lastModifiedDate":"2026-01-24T21:32:26","isFullCredit":false},{"lineNumber":3,"author":{"gitId":"YeoSiZhao"},"content":"public class SixSeven {","lastModifiedDate":"2026-01-20T22:11:07","isFullCredit":false},{"lineNumber":4,"author":{"gitId":"YeoSiZhao"},"content":"","lastModifiedDate":"2026-01-24T22:18:11","isFullCredit":false},{"lineNumber":5,"author":{"gitId":"YeoSiZhao"},"content":"    public static final int MAX_TASK \u003d 100;","lastModifiedDate":"2026-02-01T15:08:22","isFullCredit":false},{"lineNumber":6,"author":{"gitId":"YeoSiZhao"},"content":"    private static final Task[] tasks \u003d new Task[MAX_TASK];","lastModifiedDate":"2026-02-01T15:08:22","isFullCredit":false},{"lineNumber":7,"author":{"gitId":"YeoSiZhao"},"content":"    private static int taskCount \u003d 0;","lastModifiedDate":"2026-01-24T23:28:32","isFullCredit":false},{"lineNumber":8,"author":{"gitId":"YeoSiZhao"},"content":"","lastModifiedDate":"2026-01-24T22:18:11","isFullCredit":false},{"lineNumber":9,"author":{"gitId":"YeoSiZhao"},"content":"    public static void main(String[] args) {","lastModifiedDate":"2026-01-20T22:11:07","isFullCredit":false},{"lineNumber":10,"author":{"gitId":"YeoSiZhao"},"content":"        String name \u003d \"SixSeven\";","lastModifiedDate":"2026-01-20T22:11:07","isFullCredit":false},{"lineNumber":11,"author":{"gitId":"YeoSiZhao"},"content":"        System.out.println(\"Hello! I\u0027m \" + name);","lastModifiedDate":"2026-01-20T22:11:07","isFullCredit":false},{"lineNumber":12,"author":{"gitId":"YeoSiZhao"},"content":"        System.out.println(\"What can I do for you?\");","lastModifiedDate":"2026-01-20T22:11:07","isFullCredit":false},{"lineNumber":13,"author":{"gitId":"YeoSiZhao"},"content":"","lastModifiedDate":"2026-01-24T21:32:26","isFullCredit":false},{"lineNumber":14,"author":{"gitId":"YeoSiZhao"},"content":"        Scanner scanner \u003d new Scanner(System.in);","lastModifiedDate":"2026-01-24T23:28:32","isFullCredit":false},{"lineNumber":15,"author":{"gitId":"YeoSiZhao"},"content":"        while (true) {","lastModifiedDate":"2026-01-24T21:58:01","isFullCredit":false},{"lineNumber":16,"author":{"gitId":"YeoSiZhao"},"content":"            String line;","lastModifiedDate":"2026-01-24T21:32:26","isFullCredit":false},{"lineNumber":17,"author":{"gitId":"YeoSiZhao"},"content":"            line \u003d scanner.nextLine();","lastModifiedDate":"2026-01-24T23:28:32","isFullCredit":false},{"lineNumber":18,"author":{"gitId":"YeoSiZhao"},"content":"","lastModifiedDate":"2026-01-24T23:28:32","isFullCredit":false},{"lineNumber":19,"author":{"gitId":"YeoSiZhao"},"content":"            String[] input \u003d line.split(\" \",2);","lastModifiedDate":"2026-02-01T12:48:44","isFullCredit":false},{"lineNumber":20,"author":{"gitId":"YeoSiZhao"},"content":"            String command \u003d input[0];","lastModifiedDate":"2026-02-01T12:48:44","isFullCredit":false},{"lineNumber":21,"author":{"gitId":"YeoSiZhao"},"content":"            String description \u003d input.length \u003e 1 ? input[1] : \"\";","lastModifiedDate":"2026-02-01T12:48:44","isFullCredit":false},{"lineNumber":22,"author":{"gitId":"YeoSiZhao"},"content":"","lastModifiedDate":"2026-01-24T23:28:32","isFullCredit":false},{"lineNumber":23,"author":{"gitId":"YeoSiZhao"},"content":"            switch (command) {","lastModifiedDate":"2026-02-01T12:48:44","isFullCredit":false},{"lineNumber":24,"author":{"gitId":"YeoSiZhao"},"content":"            case \"bye\":","lastModifiedDate":"2026-01-24T23:28:32","isFullCredit":false},{"lineNumber":25,"author":{"gitId":"YeoSiZhao"},"content":"                System.out.println(\"Bye. Hope to see you again soon!\");","lastModifiedDate":"2026-01-20T22:11:07","isFullCredit":false},{"lineNumber":26,"author":{"gitId":"YeoSiZhao"},"content":"                scanner.close();","lastModifiedDate":"2026-01-24T23:28:32","isFullCredit":false},{"lineNumber":27,"author":{"gitId":"YeoSiZhao"},"content":"                return;","lastModifiedDate":"2026-01-24T23:28:32","isFullCredit":false},{"lineNumber":28,"author":{"gitId":"YeoSiZhao"},"content":"            case \"todo\":","lastModifiedDate":"2026-02-01T12:48:44","isFullCredit":false},{"lineNumber":29,"author":{"gitId":"YeoSiZhao"},"content":"                tasks[taskCount] \u003d new Todo(description);","lastModifiedDate":"2026-02-01T12:48:44","isFullCredit":false},{"lineNumber":30,"author":{"gitId":"YeoSiZhao"},"content":"                printDescription();","lastModifiedDate":"2026-02-01T12:48:44","isFullCredit":false},{"lineNumber":31,"author":{"gitId":"YeoSiZhao"},"content":"                break;","lastModifiedDate":"2026-02-01T12:48:44","isFullCredit":false},{"lineNumber":32,"author":{"gitId":"YeoSiZhao"},"content":"            case \"deadline\":","lastModifiedDate":"2026-02-01T12:48:44","isFullCredit":false},{"lineNumber":33,"author":{"gitId":"YeoSiZhao"},"content":"                int byIdx \u003d description.indexOf(\"/by\");","lastModifiedDate":"2026-02-01T12:48:44","isFullCredit":false},{"lineNumber":34,"author":{"gitId":"YeoSiZhao"},"content":"","lastModifiedDate":"2026-02-01T12:48:44","isFullCredit":false},{"lineNumber":35,"author":{"gitId":"YeoSiZhao"},"content":"                String by \u003d description.substring(byIdx+4).trim();","lastModifiedDate":"2026-02-01T12:48:44","isFullCredit":false},{"lineNumber":36,"author":{"gitId":"YeoSiZhao"},"content":"                String deadlineDescription \u003d description.substring(0,byIdx);","lastModifiedDate":"2026-02-01T12:48:44","isFullCredit":false},{"lineNumber":37,"author":{"gitId":"YeoSiZhao"},"content":"","lastModifiedDate":"2026-02-01T12:48:44","isFullCredit":false},{"lineNumber":38,"author":{"gitId":"YeoSiZhao"},"content":"                tasks[taskCount] \u003d new Deadline(deadlineDescription,by);","lastModifiedDate":"2026-02-01T12:48:44","isFullCredit":false},{"lineNumber":39,"author":{"gitId":"YeoSiZhao"},"content":"                printDescription();","lastModifiedDate":"2026-02-01T12:48:44","isFullCredit":false},{"lineNumber":40,"author":{"gitId":"YeoSiZhao"},"content":"","lastModifiedDate":"2026-02-01T12:48:44","isFullCredit":false},{"lineNumber":41,"author":{"gitId":"YeoSiZhao"},"content":"                break;","lastModifiedDate":"2026-02-01T12:48:44","isFullCredit":false},{"lineNumber":42,"author":{"gitId":"YeoSiZhao"},"content":"            case \"event\":","lastModifiedDate":"2026-02-01T12:48:44","isFullCredit":false},{"lineNumber":43,"author":{"gitId":"YeoSiZhao"},"content":"                int fromIdx \u003d description.indexOf(\"/from\");","lastModifiedDate":"2026-02-01T12:48:44","isFullCredit":false},{"lineNumber":44,"author":{"gitId":"YeoSiZhao"},"content":"                int toIdx \u003d description.indexOf(\"/to\");","lastModifiedDate":"2026-02-01T12:48:44","isFullCredit":false},{"lineNumber":45,"author":{"gitId":"YeoSiZhao"},"content":"","lastModifiedDate":"2026-02-01T12:48:44","isFullCredit":false},{"lineNumber":46,"author":{"gitId":"YeoSiZhao"},"content":"                String eventDescription \u003d description.substring(0,fromIdx).trim();","lastModifiedDate":"2026-02-01T12:48:44","isFullCredit":false},{"lineNumber":47,"author":{"gitId":"YeoSiZhao"},"content":"                String from \u003d description.substring(fromIdx+6,toIdx).trim();","lastModifiedDate":"2026-02-01T12:48:44","isFullCredit":false},{"lineNumber":48,"author":{"gitId":"YeoSiZhao"},"content":"                String to \u003d description.substring(toIdx+4).trim();","lastModifiedDate":"2026-02-01T12:48:44","isFullCredit":false},{"lineNumber":49,"author":{"gitId":"YeoSiZhao"},"content":"","lastModifiedDate":"2026-02-01T12:48:44","isFullCredit":false},{"lineNumber":50,"author":{"gitId":"YeoSiZhao"},"content":"                tasks[taskCount] \u003d new Event(eventDescription,from,to);","lastModifiedDate":"2026-02-01T12:48:44","isFullCredit":false},{"lineNumber":51,"author":{"gitId":"YeoSiZhao"},"content":"                printDescription();","lastModifiedDate":"2026-02-01T12:48:44","isFullCredit":false},{"lineNumber":52,"author":{"gitId":"YeoSiZhao"},"content":"                break;","lastModifiedDate":"2026-02-01T12:48:44","isFullCredit":false},{"lineNumber":53,"author":{"gitId":"YeoSiZhao"},"content":"            case \"list\":","lastModifiedDate":"2026-01-24T23:28:32","isFullCredit":false},{"lineNumber":54,"author":{"gitId":"YeoSiZhao"},"content":"                listTask();","lastModifiedDate":"2026-01-24T23:28:32","isFullCredit":false},{"lineNumber":55,"author":{"gitId":"YeoSiZhao"},"content":"                break;","lastModifiedDate":"2026-01-24T23:28:32","isFullCredit":false},{"lineNumber":56,"author":{"gitId":"YeoSiZhao"},"content":"            case \"mark\":","lastModifiedDate":"2026-01-24T23:28:32","isFullCredit":false},{"lineNumber":57,"author":{"gitId":"YeoSiZhao"},"content":"                markTask(input[1]);","lastModifiedDate":"2026-01-24T23:28:32","isFullCredit":false},{"lineNumber":58,"author":{"gitId":"YeoSiZhao"},"content":"                break;","lastModifiedDate":"2026-01-24T23:28:32","isFullCredit":false},{"lineNumber":59,"author":{"gitId":"YeoSiZhao"},"content":"            case \"unmark\":","lastModifiedDate":"2026-01-24T23:28:32","isFullCredit":false},{"lineNumber":60,"author":{"gitId":"YeoSiZhao"},"content":"                unmarkTask(input[1]);","lastModifiedDate":"2026-01-24T23:28:32","isFullCredit":false},{"lineNumber":61,"author":{"gitId":"YeoSiZhao"},"content":"                break;","lastModifiedDate":"2026-01-24T23:28:32","isFullCredit":false},{"lineNumber":62,"author":{"gitId":"YeoSiZhao"},"content":"            default:","lastModifiedDate":"2026-01-24T23:28:32","isFullCredit":false},{"lineNumber":63,"author":{"gitId":"YeoSiZhao"},"content":"                System.out.println(\"Please input correct message type\");","lastModifiedDate":"2026-02-01T12:48:44","isFullCredit":false},{"lineNumber":64,"author":{"gitId":"YeoSiZhao"},"content":"                break;","lastModifiedDate":"2026-01-24T21:58:01","isFullCredit":false},{"lineNumber":65,"author":{"gitId":"YeoSiZhao"},"content":"            }","lastModifiedDate":"2026-01-24T22:18:11","isFullCredit":false},{"lineNumber":66,"author":{"gitId":"YeoSiZhao"},"content":"        }","lastModifiedDate":"2026-01-20T22:11:07","isFullCredit":false},{"lineNumber":67,"author":{"gitId":"YeoSiZhao"},"content":"    }","lastModifiedDate":"2026-01-24T22:18:11","isFullCredit":false},{"lineNumber":68,"author":{"gitId":"YeoSiZhao"},"content":"","lastModifiedDate":"2026-01-24T22:18:11","isFullCredit":false},{"lineNumber":69,"author":{"gitId":"YeoSiZhao"},"content":"","lastModifiedDate":"2026-01-24T22:18:11","isFullCredit":false},{"lineNumber":70,"author":{"gitId":"YeoSiZhao"},"content":"    public static void listTask() {","lastModifiedDate":"2026-01-24T23:28:32","isFullCredit":false},{"lineNumber":71,"author":{"gitId":"YeoSiZhao"},"content":"        if (taskCount \u003d\u003d 0) {","lastModifiedDate":"2026-01-24T23:28:32","isFullCredit":false},{"lineNumber":72,"author":{"gitId":"YeoSiZhao"},"content":"            System.out.println(\"No task available\");","lastModifiedDate":"2026-01-24T23:28:32","isFullCredit":false},{"lineNumber":73,"author":{"gitId":"YeoSiZhao"},"content":"        } else {","lastModifiedDate":"2026-01-24T22:18:11","isFullCredit":false},{"lineNumber":74,"author":{"gitId":"YeoSiZhao"},"content":"            System.out.println(\"Here are the tasks in your list:\");","lastModifiedDate":"2026-02-01T12:48:44","isFullCredit":false},{"lineNumber":75,"author":{"gitId":"YeoSiZhao"},"content":"            for (int i \u003d 0; i \u003c taskCount; i++) {","lastModifiedDate":"2026-01-24T23:28:32","isFullCredit":false},{"lineNumber":76,"author":{"gitId":"YeoSiZhao"},"content":"                System.out.println(i+1 + \".\" + tasks[i]);","lastModifiedDate":"2026-02-01T12:48:44","isFullCredit":false},{"lineNumber":77,"author":{"gitId":"YeoSiZhao"},"content":"            }","lastModifiedDate":"2026-01-24T23:28:32","isFullCredit":false},{"lineNumber":78,"author":{"gitId":"YeoSiZhao"},"content":"        }","lastModifiedDate":"2026-01-24T23:28:32","isFullCredit":false},{"lineNumber":79,"author":{"gitId":"YeoSiZhao"},"content":"    }","lastModifiedDate":"2026-01-24T21:32:26","isFullCredit":false},{"lineNumber":80,"author":{"gitId":"YeoSiZhao"},"content":"    public static void markTask(String input) {","lastModifiedDate":"2026-01-24T23:28:32","isFullCredit":false},{"lineNumber":81,"author":{"gitId":"YeoSiZhao"},"content":"        int numberToMark \u003d Integer.parseInt(input)-1;","lastModifiedDate":"2026-01-24T23:28:32","isFullCredit":false},{"lineNumber":82,"author":{"gitId":"YeoSiZhao"},"content":"        tasks[numberToMark].setIsDone();","lastModifiedDate":"2026-01-24T23:28:32","isFullCredit":false},{"lineNumber":83,"author":{"gitId":"YeoSiZhao"},"content":"        System.out.println(\"Nice! I\u0027ve marked this task as done:\");","lastModifiedDate":"2026-01-24T23:28:32","isFullCredit":false},{"lineNumber":84,"author":{"gitId":"YeoSiZhao"},"content":"        System.out.println(\"[\" + tasks[numberToMark].getIsDone() + \"] \" + tasks[numberToMark].getDescription());","lastModifiedDate":"2026-02-01T12:48:44","isFullCredit":false},{"lineNumber":85,"author":{"gitId":"YeoSiZhao"},"content":"    }","lastModifiedDate":"2026-01-24T21:32:26","isFullCredit":false},{"lineNumber":86,"author":{"gitId":"YeoSiZhao"},"content":"    public static void unmarkTask(String input) {","lastModifiedDate":"2026-01-24T23:28:32","isFullCredit":false},{"lineNumber":87,"author":{"gitId":"YeoSiZhao"},"content":"        int numberToUnmark \u003d Integer.parseInt(input)-1;","lastModifiedDate":"2026-01-24T23:28:32","isFullCredit":false},{"lineNumber":88,"author":{"gitId":"YeoSiZhao"},"content":"        tasks[numberToUnmark].setIsNotDone();","lastModifiedDate":"2026-01-24T23:28:32","isFullCredit":false},{"lineNumber":89,"author":{"gitId":"YeoSiZhao"},"content":"        System.out.println(\"OK, I\u0027ve marked this task as not done yet:\");","lastModifiedDate":"2026-01-24T23:28:32","isFullCredit":false},{"lineNumber":90,"author":{"gitId":"YeoSiZhao"},"content":"        System.out.println(\"[\" + tasks[numberToUnmark].getIsDone() + \"] \" + tasks[numberToUnmark].getDescription());","lastModifiedDate":"2026-02-01T12:48:44","isFullCredit":false},{"lineNumber":91,"author":{"gitId":"YeoSiZhao"},"content":"    }","lastModifiedDate":"2026-02-01T12:48:44","isFullCredit":false},{"lineNumber":92,"author":{"gitId":"YeoSiZhao"},"content":"","lastModifiedDate":"2026-02-01T12:48:44","isFullCredit":false},{"lineNumber":93,"author":{"gitId":"YeoSiZhao"},"content":"    public static void printDescription() {","lastModifiedDate":"2026-02-01T12:48:44","isFullCredit":false},{"lineNumber":94,"author":{"gitId":"YeoSiZhao"},"content":"        System.out.println(\"Got it. I\u0027ve added this task:\");","lastModifiedDate":"2026-02-01T12:48:44","isFullCredit":false},{"lineNumber":95,"author":{"gitId":"YeoSiZhao"},"content":"        System.out.println(\" \" + tasks[taskCount]);","lastModifiedDate":"2026-02-01T12:48:44","isFullCredit":false},{"lineNumber":96,"author":{"gitId":"YeoSiZhao"},"content":"        taskCount++;","lastModifiedDate":"2026-02-01T12:48:44","isFullCredit":false},{"lineNumber":97,"author":{"gitId":"YeoSiZhao"},"content":"        String strTask;","lastModifiedDate":"2026-02-01T12:48:44","isFullCredit":false},{"lineNumber":98,"author":{"gitId":"YeoSiZhao"},"content":"        if (taskCount \u003d\u003d 1) {","lastModifiedDate":"2026-02-01T12:48:44","isFullCredit":false},{"lineNumber":99,"author":{"gitId":"YeoSiZhao"},"content":"            strTask \u003d \"task\";","lastModifiedDate":"2026-02-01T12:48:44","isFullCredit":false},{"lineNumber":100,"author":{"gitId":"YeoSiZhao"},"content":"        }","lastModifiedDate":"2026-02-01T12:48:44","isFullCredit":false},{"lineNumber":101,"author":{"gitId":"YeoSiZhao"},"content":"        else {","lastModifiedDate":"2026-02-01T12:48:44","isFullCredit":false},{"lineNumber":102,"author":{"gitId":"YeoSiZhao"},"content":"            strTask \u003d \"tasks\";","lastModifiedDate":"2026-02-01T12:48:44","isFullCredit":false},{"lineNumber":103,"author":{"gitId":"YeoSiZhao"},"content":"        }","lastModifiedDate":"2026-02-01T12:48:44","isFullCredit":false},{"lineNumber":104,"author":{"gitId":"YeoSiZhao"},"content":"        System.out.println(\"Now you have \" + taskCount + \" \" + strTask + \" in the list.\");","lastModifiedDate":"2026-02-01T12:48:44","isFullCredit":false},{"lineNumber":105,"author":{"gitId":"YeoSiZhao"},"content":"    }","lastModifiedDate":"2026-01-20T22:11:07","isFullCredit":false},{"lineNumber":106,"author":{"gitId":"YeoSiZhao"},"content":"}","lastModifiedDate":"2026-01-24T21:58:01","isFullCredit":false},{"lineNumber":107,"author":{"gitId":"YeoSiZhao"},"content":"","lastModifiedDate":"2026-01-20T22:11:07","isFullCredit":false}],"authorContributionMap":{"YeoSiZhao":107}},{"path":"src/main/java/Task.java","fileType":"java","lines":[{"lineNumber":1,"author":{"gitId":"YeoSiZhao"},"content":"public class Task {","lastModifiedDate":"2026-01-24T23:28:32","isFullCredit":false},{"lineNumber":2,"author":{"gitId":"YeoSiZhao"},"content":"    protected String description;","lastModifiedDate":"2026-01-24T23:28:32","isFullCredit":false},{"lineNumber":3,"author":{"gitId":"YeoSiZhao"},"content":"    protected boolean isDone;","lastModifiedDate":"2026-01-24T23:28:32","isFullCredit":false},{"lineNumber":4,"author":{"gitId":"YeoSiZhao"},"content":"","lastModifiedDate":"2026-01-24T23:28:32","isFullCredit":false},{"lineNumber":5,"author":{"gitId":"YeoSiZhao"},"content":"    public Task(String description) {","lastModifiedDate":"2026-01-24T23:28:32","isFullCredit":false},{"lineNumber":6,"author":{"gitId":"YeoSiZhao"},"content":"        this.description \u003d description;","lastModifiedDate":"2026-01-24T23:28:32","isFullCredit":false},{"lineNumber":7,"author":{"gitId":"YeoSiZhao"},"content":"        this.isDone \u003d false;","lastModifiedDate":"2026-01-24T23:28:32","isFullCredit":false},{"lineNumber":8,"author":{"gitId":"YeoSiZhao"},"content":"    }","lastModifiedDate":"2026-01-24T23:28:32","isFullCredit":false},{"lineNumber":9,"author":{"gitId":"YeoSiZhao"},"content":"","lastModifiedDate":"2026-01-24T23:28:32","isFullCredit":false},{"lineNumber":10,"author":{"gitId":"YeoSiZhao"},"content":"    public String getIsDone() {","lastModifiedDate":"2026-02-01T12:48:44","isFullCredit":false},{"lineNumber":11,"author":{"gitId":"YeoSiZhao"},"content":"        return (isDone ? \"X\" : \" \"); // mark done task with X","lastModifiedDate":"2026-01-24T23:28:32","isFullCredit":false},{"lineNumber":12,"author":{"gitId":"YeoSiZhao"},"content":"    }","lastModifiedDate":"2026-01-24T23:28:32","isFullCredit":false},{"lineNumber":13,"author":{"gitId":"YeoSiZhao"},"content":"    public String getDescription() {","lastModifiedDate":"2026-01-24T23:28:32","isFullCredit":false},{"lineNumber":14,"author":{"gitId":"YeoSiZhao"},"content":"        return description;","lastModifiedDate":"2026-01-26T00:14:55","isFullCredit":false},{"lineNumber":15,"author":{"gitId":"YeoSiZhao"},"content":"    }","lastModifiedDate":"2026-01-24T23:28:32","isFullCredit":false},{"lineNumber":16,"author":{"gitId":"YeoSiZhao"},"content":"    public void setIsDone() {","lastModifiedDate":"2026-01-24T23:28:32","isFullCredit":false},{"lineNumber":17,"author":{"gitId":"YeoSiZhao"},"content":"        isDone \u003d true;","lastModifiedDate":"2026-01-26T00:14:55","isFullCredit":false},{"lineNumber":18,"author":{"gitId":"YeoSiZhao"},"content":"    }","lastModifiedDate":"2026-01-24T23:28:32","isFullCredit":false},{"lineNumber":19,"author":{"gitId":"YeoSiZhao"},"content":"    public void setIsNotDone() {","lastModifiedDate":"2026-01-24T23:28:32","isFullCredit":false},{"lineNumber":20,"author":{"gitId":"YeoSiZhao"},"content":"        isDone \u003d false;","lastModifiedDate":"2026-01-26T00:14:55","isFullCredit":false},{"lineNumber":21,"author":{"gitId":"YeoSiZhao"},"content":"    }","lastModifiedDate":"2026-01-24T23:28:32","isFullCredit":false},{"lineNumber":22,"author":{"gitId":"YeoSiZhao"},"content":"","lastModifiedDate":"2026-02-01T12:48:44","isFullCredit":false},{"lineNumber":23,"author":{"gitId":"YeoSiZhao"},"content":"    @Override","lastModifiedDate":"2026-02-01T12:48:44","isFullCredit":false},{"lineNumber":24,"author":{"gitId":"YeoSiZhao"},"content":"    public String toString() {","lastModifiedDate":"2026-02-01T12:48:44","isFullCredit":false},{"lineNumber":25,"author":{"gitId":"YeoSiZhao"},"content":"        return String.format(\"[T][%s] %s\", getIsDone(), description);","lastModifiedDate":"2026-02-01T13:38:00","isFullCredit":false},{"lineNumber":26,"author":{"gitId":"YeoSiZhao"},"content":"    }","lastModifiedDate":"2026-02-01T12:48:44","isFullCredit":false},{"lineNumber":27,"author":{"gitId":"YeoSiZhao"},"content":"}","lastModifiedDate":"2026-01-24T23:28:32","isFullCredit":false},{"lineNumber":28,"author":{"gitId":"YeoSiZhao"},"content":"","lastModifiedDate":"2026-01-24T23:28:32","isFullCredit":false},{"lineNumber":29,"author":{"gitId":"YeoSiZhao"},"content":"","lastModifiedDate":"2026-01-24T23:28:32","isFullCredit":false}],"authorContributionMap":{"YeoSiZhao":29}},{"path":"src/main/java/Todo.java","fileType":"java","lines":[{"lineNumber":1,"author":{"gitId":"YeoSiZhao"},"content":"public class Todo extends Task {","lastModifiedDate":"2026-02-01T12:48:44","isFullCredit":false},{"lineNumber":2,"author":{"gitId":"YeoSiZhao"},"content":"","lastModifiedDate":"2026-02-01T12:48:44","isFullCredit":false},{"lineNumber":3,"author":{"gitId":"YeoSiZhao"},"content":"    public Todo(String description) {","lastModifiedDate":"2026-02-01T12:48:44","isFullCredit":false},{"lineNumber":4,"author":{"gitId":"YeoSiZhao"},"content":"        super(description);","lastModifiedDate":"2026-02-01T12:48:44","isFullCredit":false},{"lineNumber":5,"author":{"gitId":"YeoSiZhao"},"content":"    }","lastModifiedDate":"2026-02-01T12:48:44","isFullCredit":false},{"lineNumber":6,"author":{"gitId":"YeoSiZhao"},"content":"}","lastModifiedDate":"2026-02-01T12:48:44","isFullCredit":false}],"authorContributionMap":{"YeoSiZhao":6}}]
