{"authorDailyContributionsMap":{"YeoSiZhao":[{"date":"2026-01-20T00:00:00","commitResults":[{"hash":"32ce5cd68d2296266070bde15fdbf9bc348af179","isMergeCommit":false,"messageTitle":"Gave Chatbot new name + greetings","messageBody":"","tags":["Level-0"],"fileTypesAndContributionMap":{"java":{"insertions":9,"deletions":10}}}]},{"date":"2026-01-24T00:00:00","commitResults":[{"hash":"46657e209bc9192500342b2b1d5dacc9d121e5a0","isMergeCommit":false,"messageTitle":"Added echos commands entered by the user","messageBody":"","fileTypesAndContributionMap":{"java":{"insertions":12,"deletions":1}}},{"hash":"b62c137ae6eab96cf5abc6ddee24b8c138d29a55","isMergeCommit":false,"messageTitle":"Added forever while loop","messageBody":"","tags":["Level-1"],"fileTypesAndContributionMap":{"java":{"insertions":11,"deletions":8}}},{"hash":"0651894dce8a89dcb587bde95f8a005ee76984e8","isMergeCommit":false,"messageTitle":"Implemented add, list with error handling","messageBody":"","tags":["Level-2"],"fileTypesAndContributionMap":{"java":{"insertions":31,"deletions":2}}},{"hash":"9a6bb9be1b5d7a6afffa4c39f1d833e9dade02fd","isMergeCommit":false,"messageTitle":"Added Task class, mark/unmark and improved list()","messageBody":"","tags":["Level-3","A-CodingStandard"],"fileTypesAndContributionMap":{"java":{"insertions":70,"deletions":20}}}]},{"date":"2026-01-26T00:00:00","commitResults":[{"hash":"c6dfc099f49ac61143b3ae3cab0676214a5b6a3a","isMergeCommit":false,"messageTitle":"Standardised Task Class function variables","messageBody":"","fileTypesAndContributionMap":{"java":{"insertions":3,"deletions":3}}}]},{"date":"2026-02-01T00:00:00","commitResults":[{"hash":"2c19af2561c911975d3301df69d708a40f0cf810","isMergeCommit":false,"messageTitle":"Implemented ToDo, Deadlines and Events","messageBody":"","fileTypesAndContributionMap":{"java":{"insertions":123,"deletions":21}}},{"hash":"176e63986cb0e9c0a9ef5a8a86e9c82e8ba09da2","isMergeCommit":false,"messageTitle":"Removed commented lines","messageBody":"","fileTypesAndContributionMap":{"java":{"insertions":0,"deletions":13}}},{"hash":"7fe426b17aa1d9f948a9655beabbf777ec0637f3","isMergeCommit":false,"messageTitle":"Removed getType(), hardcode type","messageBody":"","fileTypesAndContributionMap":{"java":{"insertions":3,"deletions":23}}},{"hash":"5bc29baae105c532e6c5e48a7f71b106b475eb48","isMergeCommit":false,"messageTitle":"Refactor: MAX_TASK variable","messageBody":"","tags":["Level-4"],"fileTypesAndContributionMap":{"java":{"insertions":2,"deletions":1}}}]},{"date":"2026-02-07T00:00:00","commitResults":[{"hash":"1782f59fed31d9502530ed5d4d7d018a1b12ed78","isMergeCommit":false,"messageTitle":"Refactor code based on PR comments","messageBody":"","fileTypesAndContributionMap":{"java":{"insertions":22,"deletions":21}}},{"hash":"5b15bd3c92d1f7e1ab887c04b92373802ddb11c7","isMergeCommit":false,"messageTitle":"Add error handling","messageBody":"","fileTypesAndContributionMap":{"java":{"insertions":115,"deletions":49}}},{"hash":"79365760386bfa7173b04a914baf4fdefd7063da","isMergeCommit":true,"messageTitle":"Merge branch \u0027branch-Level-5\u0027","messageBody":"","fileTypesAndContributionMap":{}},{"hash":"346345f5a0c2da02f7d47b71b047f5c5327f6a80","isMergeCommit":false,"messageTitle":"Created packages and refractor code","messageBody":"","tags":["Level-5"],"fileTypesAndContributionMap":{"java":{"insertions":27,"deletions":2}}}]}]},"authorFileTypeContributionMap":{"YeoSiZhao":{"java":264,"md":0,"fxml":0,"sh":0,"bat":0,"gradle":0,"txt":0}},"authorContributionVariance":{"YeoSiZhao":3421.1292},"authorDisplayNameMap":{"YeoSiZhao":"CS2113-W09-2 YEO ..ZHAO"}}
