{"authorDailyContributionsMap":{"Unicornyingg":[{"date":"2026-01-28T00:00:00","commitResults":[{"hash":"4c12f3efc06ed96ca88f6bee216bc4055d26be33","isMergeCommit":false,"messageTitle":"Changed Duke to John and updated skeletal code","messageBody":"","fileTypesAndContributionMap":{"java":{"insertions":10,"deletions":0}}},{"hash":"4968486bb97b3223a56cf52adad1d4174faaf8ff","isMergeCommit":false,"messageTitle":"Changed Duke to John","messageBody":"","tags":["level0"],"fileTypesAndContributionMap":{"java":{"insertions":0,"deletions":10}}}]},{"date":"2026-01-29T00:00:00","commitResults":[{"hash":"3b18d997baac09f6306159f7899046de3829ea3f","isMergeCommit":false,"messageTitle":"Level 1 ECHO","messageBody":"","tags":["level1"],"fileTypesAndContributionMap":{"java":{"insertions":18,"deletions":1}}},{"hash":"c03b9b0e9c1fc1afd8ff680df5d494cfe34361f5","isMergeCommit":false,"messageTitle":"Level 2 Add, List","messageBody":"","tags":["level2"],"fileTypesAndContributionMap":{"java":{"insertions":17,"deletions":4}}},{"hash":"554128bedd9888dce8936ef4ecb457e8454d8e0d","isMergeCommit":false,"messageTitle":"Level 3 Mark as Done","messageBody":"","tags":["level3"],"fileTypesAndContributionMap":{"java":{"insertions":4,"deletions":2}}}]},{"date":"2026-02-05T00:00:00","commitResults":[{"hash":"06634d4c27edfb320896428e2b3c003170a6ea2c","isMergeCommit":false,"messageTitle":"completed level 4","messageBody":"","tags":["level4","A-CodingStandard","A-CodeQuality"],"fileTypesAndContributionMap":{"java":{"insertions":98,"deletions":8}}}]},{"date":"2026-02-12T00:00:00","commitResults":[{"hash":"d9afe4d930a8b21df9002613241ce1d1131b7d67","isMergeCommit":false,"messageTitle":"implemented error handling","messageBody":"","tags":["A-Execptions"],"fileTypesAndContributionMap":{"java":{"insertions":89,"deletions":35}}}]}]},"authorFileTypeContributionMap":{"Unicornyingg":{"java":186,"md":0,"fxml":0,"sh":0,"bat":0,"gradle":0,"txt":0}},"authorContributionVariance":{"Unicornyingg":760.7053},"authorDisplayNameMap":{"Unicornyingg":"CS2113-F09-2 MELV.. HAO"}}
