{"authorDailyContributionsMap":{"Ariff1422":[{"date":"2026-01-25T00:00:00","commitResults":[{"hash":"7afcb0be7fa345e3d9f40a8f27947fd5e9818590","isMergeCommit":false,"messageTitle":"Week 0: Initial Skeletal Structure of the Chatbot","messageBody":"","fileTypesAndContributionMap":{"java":{"insertions":18,"deletions":10}}},{"hash":"2e9f809ac1bce88007bf945e1198b2c6f60e0875","isMergeCommit":false,"messageTitle":"Week 0: Added printLine function for ease of coding in the future","messageBody":"","tags":["Level-0"],"fileTypesAndContributionMap":{"java":{"insertions":7,"deletions":5}}}]},{"date":"2026-01-29T00:00:00","commitResults":[{"hash":"f0c1787e7a9be46e928d668c7abdbbb72cbb496d","isMergeCommit":false,"messageTitle":"Level 1: Added echoing and colour modification for the user input","messageBody":"","tags":["Level-1"],"fileTypesAndContributionMap":{"java":{"insertions":26,"deletions":1}}},{"hash":"e59e8785a524dc84b35c88ae9da9139af7b1ea6b","isMergeCommit":false,"messageTitle":"Added the list function where it keeps track of the tasks at hand and return the list once prompted","messageBody":"","tags":["Level-2"],"fileTypesAndContributionMap":{"java":{"insertions":18,"deletions":3}}}]},{"date":"2026-01-30T00:00:00","commitResults":[{"hash":"888a2ed96e23008c0dc5e9c7daee2e53295b3924","isMergeCommit":false,"messageTitle":"Level 3: Added the marking/unmarking tasks and also created a Task class for easier and cleaner handling of code","messageBody":"","tags":["Level-3"],"fileTypesAndContributionMap":{"java":{"insertions":59,"deletions":9}}}]},{"date":"2026-02-04T00:00:00","commitResults":[{"hash":"7dd716dc8c76689fcb43435cb9794a0ada92482a","isMergeCommit":false,"messageTitle":"Format Vox.java","messageBody":"","tags":["A-CodingStandard"],"fileTypesAndContributionMap":{"java":{"insertions":19,"deletions":3}}}]}]},"authorFileTypeContributionMap":{"Ariff1422":{"java":126,"md":0,"fxml":0,"sh":0,"bat":0,"gradle":0,"txt":0}},"authorContributionVariance":{"Ariff1422":290.3155},"authorDisplayNameMap":{"Ariff1422":"CS2113-T11-1 ARIF..SAIN"}}
