{"authorDailyContributionsMap":{"Ariff1422":[{"date":"2026-01-25T00:00:00","commitResults":[{"hash":"7afcb0be7fa345e3d9f40a8f27947fd5e9818590","isMergeCommit":false,"messageTitle":"Week 0: Initial Skeletal Structure of the Chatbot","messageBody":"","fileTypesAndContributionMap":{"java":{"insertions":18,"deletions":10}}},{"hash":"2e9f809ac1bce88007bf945e1198b2c6f60e0875","isMergeCommit":false,"messageTitle":"Week 0: Added printLine function for ease of coding in the future","messageBody":"","tags":["Level-0"],"fileTypesAndContributionMap":{"java":{"insertions":7,"deletions":5}}}]},{"date":"2026-01-29T00:00:00","commitResults":[{"hash":"f0c1787e7a9be46e928d668c7abdbbb72cbb496d","isMergeCommit":false,"messageTitle":"Level 1: Added echoing and colour modification for the user input","messageBody":"","tags":["Level-1"],"fileTypesAndContributionMap":{"java":{"insertions":26,"deletions":1}}},{"hash":"e59e8785a524dc84b35c88ae9da9139af7b1ea6b","isMergeCommit":false,"messageTitle":"Added the list function where it keeps track of the tasks at hand and return the list once prompted","messageBody":"","tags":["Level-2"],"fileTypesAndContributionMap":{"java":{"insertions":18,"deletions":3}}}]},{"date":"2026-01-30T00:00:00","commitResults":[{"hash":"888a2ed96e23008c0dc5e9c7daee2e53295b3924","isMergeCommit":false,"messageTitle":"Level 3: Added the marking/unmarking tasks and also created a Task class for easier and cleaner handling of code","messageBody":"","tags":["Level-3"],"fileTypesAndContributionMap":{"java":{"insertions":59,"deletions":9}}}]},{"date":"2026-02-04T00:00:00","commitResults":[{"hash":"7dd716dc8c76689fcb43435cb9794a0ada92482a","isMergeCommit":false,"messageTitle":"Format Vox.java","messageBody":"","tags":["A-CodingStandard"],"fileTypesAndContributionMap":{"java":{"insertions":19,"deletions":3}}}]},{"date":"2026-02-05T00:00:00","commitResults":[{"hash":"7c382f1dfa8dc6e03fb159d640b314747e2577ff","isMergeCommit":false,"messageTitle":"Add Todo and Deadline","messageBody":"","fileTypesAndContributionMap":{"java":{"insertions":46,"deletions":5}}},{"hash":"04cf0d7c3ab9263da6efc6b287140a4de2dcf5ae","isMergeCommit":false,"messageTitle":"Added Event","messageBody":"","tags":["Level-4"],"fileTypesAndContributionMap":{"java":{"insertions":30,"deletions":1}}}]},{"date":"2026-02-06T00:00:00","commitResults":[{"hash":"b76851e5fce3a3a767d9b74415405b5f1ec6aa2b","isMergeCommit":false,"messageTitle":"Added UI testing","messageBody":"","tags":["A-TextUiTesting"],"fileTypesAndContributionMap":{"txt":{"insertions":8,"deletions":0},"bat":{"insertions":1,"deletions":1},"sh":{"insertions":1,"deletions":1}}},{"hash":"b88fd871ccd5af88ab34ac8cc7ba9a293d660458","isMergeCommit":false,"messageTitle":"Refactored code to remove duplicate lines and improved Code Quality","messageBody":"","tags":["A-CodeQuality"],"fileTypesAndContributionMap":{"java":{"insertions":153,"deletions":85}}}]},{"date":"2026-02-11T00:00:00","commitResults":[{"hash":"e9240fbcc86bcf4163b5fb55e359088f99dfcb5c","isMergeCommit":false,"messageTitle":"Added Exception in Branch","messageBody":"","fileTypesAndContributionMap":{"java":{"insertions":92,"deletions":53}}},{"hash":"93426634e6d1c57a0cbe5a962571f0cf88704357","isMergeCommit":true,"messageTitle":"Merge branch \u0027branch-Level-5\u0027","messageBody":"","tags":["Level-5"],"fileTypesAndContributionMap":{}}]}]},"authorFileTypeContributionMap":{"Ariff1422":{"java":303,"md":0,"fxml":0,"sh":1,"bat":1,"gradle":0,"txt":8}},"authorContributionVariance":{"Ariff1422":2548.3118},"authorDisplayNameMap":{"Ariff1422":"CS2113-T11-1 ARIF..SAIN"}}
