[{"path":"src/main/java/Chat.java","fileType":"java","lines":[{"lineNumber":1,"author":{"gitId":"yqzzy"},"content":"import java.util.ArrayList;","lastModifiedDate":"2026-01-30T19:32:53","isFullCredit":false},{"lineNumber":2,"author":{"gitId":"yqzzy"},"content":"import java.util.Scanner;","lastModifiedDate":"2026-01-30T18:14:53","isFullCredit":false},{"lineNumber":3,"author":{"gitId":"yqzzy"},"content":"","lastModifiedDate":"2026-01-30T18:14:53","isFullCredit":false},{"lineNumber":4,"author":{"gitId":"yqzzy"},"content":"public class Chat {","lastModifiedDate":"2026-01-29T11:14:36","isFullCredit":false},{"lineNumber":5,"author":{"gitId":"yqzzy"},"content":"    public static void main(String[] args) {","lastModifiedDate":"2026-01-29T11:14:36","isFullCredit":false},{"lineNumber":6,"author":{"gitId":"yqzzy"},"content":"        String logo \u003d \" CCCCC  H   H   AAAA   TTTTT\\n\" +","lastModifiedDate":"2026-01-29T11:14:36","isFullCredit":false},{"lineNumber":7,"author":{"gitId":"yqzzy"},"content":"                \"C       H   H  A    A    T  \\n\" +","lastModifiedDate":"2026-01-29T11:14:36","isFullCredit":false},{"lineNumber":8,"author":{"gitId":"yqzzy"},"content":"                \"C       HHHHH  AAAAAA    T  \\n\" +","lastModifiedDate":"2026-01-29T11:14:36","isFullCredit":false},{"lineNumber":9,"author":{"gitId":"yqzzy"},"content":"                \"C       H   H  A    A    T  \\n\" +","lastModifiedDate":"2026-01-29T11:14:36","isFullCredit":false},{"lineNumber":10,"author":{"gitId":"yqzzy"},"content":"                \" CCCCC  H   H  A    A    T  \";","lastModifiedDate":"2026-01-29T11:14:36","isFullCredit":false},{"lineNumber":11,"author":{"gitId":"yqzzy"},"content":"        System.out.println(\"Hello I\u0027m \\n\" + logo);","lastModifiedDate":"2026-01-29T11:14:36","isFullCredit":false},{"lineNumber":12,"author":{"gitId":"yqzzy"},"content":"        System.out.println(\"What can I do for you?\\n\");","lastModifiedDate":"2026-01-29T11:14:36","isFullCredit":false},{"lineNumber":13,"author":{"gitId":"yqzzy"},"content":"\u003c\u003c\u003c\u003c\u003c\u003c\u003c HEAD","lastModifiedDate":"2026-01-30T20:22:08","isFullCredit":false},{"lineNumber":14,"author":{"gitId":"yqzzy"},"content":"        ArrayList\u003cTask\u003e toDoList \u003d new ArrayList\u003cTask\u003e();","lastModifiedDate":"2026-01-30T19:32:53","isFullCredit":false},{"lineNumber":15,"author":{"gitId":"yqzzy"},"content":"        int size \u003d 0;","lastModifiedDate":"2026-01-30T19:32:53","isFullCredit":false},{"lineNumber":16,"author":{"gitId":"yqzzy"},"content":"\u003d\u003d\u003d\u003d\u003d\u003d\u003d","lastModifiedDate":"2026-01-30T20:22:08","isFullCredit":false},{"lineNumber":17,"author":{"gitId":"yqzzy"},"content":"        ArrayList\u003cString\u003e toDoList \u003d new ArrayList\u003cString\u003e();","lastModifiedDate":"2026-01-30T19:32:53","isFullCredit":false},{"lineNumber":18,"author":{"gitId":"yqzzy"},"content":"\u003e\u003e\u003e\u003e\u003e\u003e\u003e 69c778e6c52ffc5df1773b8b5413ea9960ef0d4a","lastModifiedDate":"2026-01-30T20:22:08","isFullCredit":false},{"lineNumber":19,"author":{"gitId":"yqzzy"},"content":"        String input;","lastModifiedDate":"2026-01-30T18:14:53","isFullCredit":false},{"lineNumber":20,"author":{"gitId":"yqzzy"},"content":"        Scanner in \u003d new Scanner(System.in);","lastModifiedDate":"2026-01-30T18:14:53","isFullCredit":false},{"lineNumber":21,"author":{"gitId":"yqzzy"},"content":"        while (true) {","lastModifiedDate":"2026-01-30T19:32:53","isFullCredit":false},{"lineNumber":22,"author":{"gitId":"yqzzy"},"content":"            input \u003d  in.nextLine();","lastModifiedDate":"2026-01-30T18:14:53","isFullCredit":false},{"lineNumber":23,"author":{"gitId":"yqzzy"},"content":"            if (input.equals(\"bye\")) {","lastModifiedDate":"2026-01-30T19:32:53","isFullCredit":false},{"lineNumber":24,"author":{"gitId":"yqzzy"},"content":"                System.out.println(\"Bye. Hope to see you again soon!\\n\");","lastModifiedDate":"2026-01-29T11:14:36","isFullCredit":false},{"lineNumber":25,"author":{"gitId":"yqzzy"},"content":"                break;","lastModifiedDate":"2026-01-30T19:32:53","isFullCredit":false},{"lineNumber":26,"author":{"gitId":"yqzzy"},"content":"            }","lastModifiedDate":"2026-01-30T19:32:53","isFullCredit":false},{"lineNumber":27,"author":{"gitId":"yqzzy"},"content":"            else if (input.equals(\"list\")) {","lastModifiedDate":"2026-01-30T19:32:53","isFullCredit":false},{"lineNumber":28,"author":{"gitId":"yqzzy"},"content":"                for (int i \u003d 0; i \u003c toDoList.size(); i++) {","lastModifiedDate":"2026-01-30T19:32:53","isFullCredit":false},{"lineNumber":29,"author":{"gitId":"yqzzy"},"content":"\u003c\u003c\u003c\u003c\u003c\u003c\u003c HEAD","lastModifiedDate":"2026-01-30T20:22:08","isFullCredit":false},{"lineNumber":30,"author":{"gitId":"yqzzy"},"content":"                    System.out.println(Integer.toString(i+1) + \". [\" + toDoList.get(i).getStatusIcon() + \"] \" + toDoList.get(i).description);","lastModifiedDate":"2026-01-30T19:32:53","isFullCredit":false},{"lineNumber":31,"author":{"gitId":"yqzzy"},"content":"                }","lastModifiedDate":"2026-01-30T19:32:53","isFullCredit":false},{"lineNumber":32,"author":{"gitId":"yqzzy"},"content":"            }","lastModifiedDate":"2026-01-30T19:32:53","isFullCredit":false},{"lineNumber":33,"author":{"gitId":"yqzzy"},"content":"            else if (input.contains(\"unmark \")) {","lastModifiedDate":"2026-01-30T19:32:53","isFullCredit":false},{"lineNumber":34,"author":{"gitId":"yqzzy"},"content":"                String taskDesc \u003d input.substring(input.indexOf(\"unmark\") + 7);","lastModifiedDate":"2026-01-30T19:32:53","isFullCredit":false},{"lineNumber":35,"author":{"gitId":"yqzzy"},"content":"                for (Task currTask : toDoList) {","lastModifiedDate":"2026-01-30T19:32:53","isFullCredit":false},{"lineNumber":36,"author":{"gitId":"yqzzy"},"content":"                    if (currTask.description.equals(taskDesc)) {","lastModifiedDate":"2026-01-30T19:32:53","isFullCredit":false},{"lineNumber":37,"author":{"gitId":"yqzzy"},"content":"                        currTask.markTask(false);","lastModifiedDate":"2026-01-30T19:32:53","isFullCredit":false},{"lineNumber":38,"author":{"gitId":"yqzzy"},"content":"                        System.out.println(\"Not nice, I\u0027ve unmarked this task: \");","lastModifiedDate":"2026-01-30T19:32:53","isFullCredit":false},{"lineNumber":39,"author":{"gitId":"yqzzy"},"content":"                        System.out.println(\"[ ] \" + currTask.description);","lastModifiedDate":"2026-01-30T19:32:53","isFullCredit":false},{"lineNumber":40,"author":{"gitId":"yqzzy"},"content":"                        break;","lastModifiedDate":"2026-01-30T19:32:53","isFullCredit":false},{"lineNumber":41,"author":{"gitId":"yqzzy"},"content":"                    }","lastModifiedDate":"2026-01-30T19:32:53","isFullCredit":false},{"lineNumber":42,"author":{"gitId":"yqzzy"},"content":"                }","lastModifiedDate":"2026-01-30T19:32:53","isFullCredit":false},{"lineNumber":43,"author":{"gitId":"yqzzy"},"content":"            }","lastModifiedDate":"2026-01-30T19:32:53","isFullCredit":false},{"lineNumber":44,"author":{"gitId":"yqzzy"},"content":"            else if (input.contains(\"mark \")) {","lastModifiedDate":"2026-01-30T19:32:53","isFullCredit":false},{"lineNumber":45,"author":{"gitId":"yqzzy"},"content":"                String taskDesc \u003d input.substring(input.indexOf(\"mark\")+5);","lastModifiedDate":"2026-01-30T19:32:53","isFullCredit":false},{"lineNumber":46,"author":{"gitId":"yqzzy"},"content":"                for (Task currTask : toDoList) {","lastModifiedDate":"2026-01-30T19:32:53","isFullCredit":false},{"lineNumber":47,"author":{"gitId":"yqzzy"},"content":"                    if (currTask.description.equals(taskDesc)) {","lastModifiedDate":"2026-01-30T19:32:53","isFullCredit":false},{"lineNumber":48,"author":{"gitId":"yqzzy"},"content":"                        currTask.markTask(true);","lastModifiedDate":"2026-01-30T19:32:53","isFullCredit":false},{"lineNumber":49,"author":{"gitId":"yqzzy"},"content":"                        System.out.println(\"Nice, I\u0027ve marked this task done: \");","lastModifiedDate":"2026-01-30T19:32:53","isFullCredit":false},{"lineNumber":50,"author":{"gitId":"yqzzy"},"content":"                        System.out.println(\"[X] \" + currTask.description);","lastModifiedDate":"2026-01-30T19:32:53","isFullCredit":false},{"lineNumber":51,"author":{"gitId":"yqzzy"},"content":"                        break;","lastModifiedDate":"2026-01-30T19:32:53","isFullCredit":false},{"lineNumber":52,"author":{"gitId":"yqzzy"},"content":"                    }","lastModifiedDate":"2026-01-30T19:32:53","isFullCredit":false},{"lineNumber":53,"author":{"gitId":"yqzzy"},"content":"                }","lastModifiedDate":"2026-01-30T19:32:53","isFullCredit":false},{"lineNumber":54,"author":{"gitId":"yqzzy"},"content":"            }","lastModifiedDate":"2026-01-30T19:32:53","isFullCredit":false},{"lineNumber":55,"author":{"gitId":"yqzzy"},"content":"            else {","lastModifiedDate":"2026-01-30T19:32:53","isFullCredit":false},{"lineNumber":56,"author":{"gitId":"yqzzy"},"content":"                Task newTask \u003d new Task(input);","lastModifiedDate":"2026-01-30T19:32:53","isFullCredit":false},{"lineNumber":57,"author":{"gitId":"yqzzy"},"content":"                toDoList.add(newTask);","lastModifiedDate":"2026-01-30T19:32:53","isFullCredit":false},{"lineNumber":58,"author":{"gitId":"yqzzy"},"content":"                size ++;","lastModifiedDate":"2026-01-30T19:32:53","isFullCredit":false},{"lineNumber":59,"author":{"gitId":"yqzzy"},"content":"\u003d\u003d\u003d\u003d\u003d\u003d\u003d","lastModifiedDate":"2026-01-30T20:22:08","isFullCredit":false},{"lineNumber":60,"author":{"gitId":"yqzzy"},"content":"                    System.out.println(Integer.toString(i+1) + \". \" + toDoList.get(i));","lastModifiedDate":"2026-01-30T19:32:53","isFullCredit":false},{"lineNumber":61,"author":{"gitId":"yqzzy"},"content":"                }","lastModifiedDate":"2026-01-30T19:32:53","isFullCredit":false},{"lineNumber":62,"author":{"gitId":"yqzzy"},"content":"            }","lastModifiedDate":"2026-01-30T19:32:53","isFullCredit":false},{"lineNumber":63,"author":{"gitId":"yqzzy"},"content":"            else {","lastModifiedDate":"2026-01-30T19:32:53","isFullCredit":false},{"lineNumber":64,"author":{"gitId":"yqzzy"},"content":"                toDoList.add(input);","lastModifiedDate":"2026-01-30T19:32:53","isFullCredit":false},{"lineNumber":65,"author":{"gitId":"yqzzy"},"content":"\u003e\u003e\u003e\u003e\u003e\u003e\u003e 69c778e6c52ffc5df1773b8b5413ea9960ef0d4a","lastModifiedDate":"2026-01-30T20:22:08","isFullCredit":false},{"lineNumber":66,"author":{"gitId":"yqzzy"},"content":"                System.out.println(\"Added: \" + input);","lastModifiedDate":"2026-01-30T19:32:53","isFullCredit":false},{"lineNumber":67,"author":{"gitId":"yqzzy"},"content":"            }","lastModifiedDate":"2026-01-30T19:32:53","isFullCredit":false},{"lineNumber":68,"author":{"gitId":"yqzzy"},"content":"            System.out.println(\"----------------------------------------\");","lastModifiedDate":"2026-01-30T19:32:53","isFullCredit":false},{"lineNumber":69,"author":{"gitId":"yqzzy"},"content":"        }","lastModifiedDate":"2026-01-30T19:32:53","isFullCredit":false},{"lineNumber":70,"author":{"gitId":"yqzzy"},"content":"    }","lastModifiedDate":"2026-01-29T11:14:36","isFullCredit":false},{"lineNumber":71,"author":{"gitId":"yqzzy"},"content":"}","lastModifiedDate":"2026-01-29T11:14:36","isFullCredit":false}],"authorContributionMap":{"yqzzy":71}},{"path":"src/main/java/Task.java","fileType":"java","lines":[{"lineNumber":1,"author":{"gitId":"yqzzy"},"content":"public class Task {","lastModifiedDate":"2026-01-30T19:32:53","isFullCredit":false},{"lineNumber":2,"author":{"gitId":"yqzzy"},"content":"    protected String description;","lastModifiedDate":"2026-01-30T19:32:53","isFullCredit":false},{"lineNumber":3,"author":{"gitId":"yqzzy"},"content":"    protected boolean isDone;","lastModifiedDate":"2026-01-30T19:32:53","isFullCredit":false},{"lineNumber":4,"author":{"gitId":"yqzzy"},"content":"","lastModifiedDate":"2026-01-30T19:32:53","isFullCredit":false},{"lineNumber":5,"author":{"gitId":"yqzzy"},"content":"    public Task(String description) {","lastModifiedDate":"2026-01-30T19:32:53","isFullCredit":false},{"lineNumber":6,"author":{"gitId":"yqzzy"},"content":"        this.description \u003d description;","lastModifiedDate":"2026-01-30T19:32:53","isFullCredit":false},{"lineNumber":7,"author":{"gitId":"yqzzy"},"content":"        this.isDone \u003d false;","lastModifiedDate":"2026-01-30T19:32:53","isFullCredit":false},{"lineNumber":8,"author":{"gitId":"yqzzy"},"content":"    }","lastModifiedDate":"2026-01-30T19:32:53","isFullCredit":false},{"lineNumber":9,"author":{"gitId":"yqzzy"},"content":"","lastModifiedDate":"2026-01-30T19:32:53","isFullCredit":false},{"lineNumber":10,"author":{"gitId":"yqzzy"},"content":"    public String getStatusIcon() {","lastModifiedDate":"2026-01-30T19:32:53","isFullCredit":false},{"lineNumber":11,"author":{"gitId":"yqzzy"},"content":"        return (isDone ? \"X\" : \" \"); // mark done task with X","lastModifiedDate":"2026-01-30T19:32:53","isFullCredit":false},{"lineNumber":12,"author":{"gitId":"yqzzy"},"content":"    }","lastModifiedDate":"2026-01-30T19:32:53","isFullCredit":false},{"lineNumber":13,"author":{"gitId":"yqzzy"},"content":"","lastModifiedDate":"2026-01-30T19:32:53","isFullCredit":false},{"lineNumber":14,"author":{"gitId":"yqzzy"},"content":"    public void markTask(boolean isDone) {","lastModifiedDate":"2026-01-30T19:32:53","isFullCredit":false},{"lineNumber":15,"author":{"gitId":"yqzzy"},"content":"        this.isDone \u003d isDone;","lastModifiedDate":"2026-01-30T19:32:53","isFullCredit":false},{"lineNumber":16,"author":{"gitId":"yqzzy"},"content":"    }","lastModifiedDate":"2026-01-30T19:32:53","isFullCredit":false},{"lineNumber":17,"author":{"gitId":"yqzzy"},"content":"    //...","lastModifiedDate":"2026-01-30T19:32:53","isFullCredit":false},{"lineNumber":18,"author":{"gitId":"yqzzy"},"content":"}","lastModifiedDate":"2026-01-30T19:32:53","isFullCredit":false}],"authorContributionMap":{"yqzzy":18}}]
