{"authorDailyContributionsMap":{"KanakornMek":[{"date":"2026-01-25T00:00:00","commitResults":[{"hash":"0a7ee7845ae953d1c4d73080d544c30b3d1a6982","isMergeCommit":false,"messageTitle":"Level-0: rename chatbot and greet/exit message","messageBody":"","fileTypesAndContributionMap":{"java":{"insertions":23,"deletions":10}}}]},{"date":"2026-01-27T00:00:00","commitResults":[{"hash":"22f431adf7df57ff8bbbc1a51d7467b46c606fe1","isMergeCommit":false,"messageTitle":"Level-1: Implement echo and bye command","messageBody":"","fileTypesAndContributionMap":{"java":{"insertions":32,"deletions":11}}}]},{"date":"2026-01-28T00:00:00","commitResults":[{"hash":"923a0abdfaf2155eaeaf3048b2a49f0d7ab69173","isMergeCommit":false,"messageTitle":"Level-2: Implement add/list inputted text items","messageBody":"","fileTypesAndContributionMap":{"java":{"insertions":33,"deletions":10}}},{"hash":"f9f0913b7d64c56459b5180f8a881e1edc0ce6e3","isMergeCommit":false,"messageTitle":"Level-3: Add MarkAsDone feature and restructure DIVIDER format","messageBody":"","fileTypesAndContributionMap":{"java":{"insertions":68,"deletions":17}}}]}]},"authorFileTypeContributionMap":{"KanakornMek":{"java":118,"md":0,"fxml":0,"sh":0,"bat":0,"gradle":0,"txt":0}},"authorContributionVariance":{"KanakornMek":862.06006},"authorDisplayNameMap":{"KanakornMek":"CS2113-W11-3 SUK-..KORN"}}
