[{"path":"README.md","fileType":"md","lines":[{"lineNumber":1,"author":{"gitId":"Notchennie1"},"content":"# Mitch project template","lastModifiedDate":"2026-01-23T07:11:16","isFullCredit":false},{"lineNumber":2,"author":{"gitId":"-"},"content":"","lastModifiedDate":"2020-05-25T00:03:55","isFullCredit":false},{"lineNumber":3,"author":{"gitId":"Notchennie1"},"content":"This is a project template for a greenfield Java project. It\u0027s named after the Java mascot _Mitch_. Given below are instructions on how to use it.","lastModifiedDate":"2026-01-23T07:11:16","isFullCredit":false},{"lineNumber":4,"author":{"gitId":"-"},"content":"","lastModifiedDate":"2020-05-25T00:03:55","isFullCredit":false},{"lineNumber":5,"author":{"gitId":"-"},"content":"## Setting up in Intellij","lastModifiedDate":"2020-05-25T00:03:55","isFullCredit":false},{"lineNumber":6,"author":{"gitId":"-"},"content":"","lastModifiedDate":"2020-05-25T00:03:55","isFullCredit":false},{"lineNumber":7,"author":{"gitId":"-"},"content":"Prerequisites: JDK 17, update Intellij to the most recent version.","lastModifiedDate":"2024-07-11T16:50:14","isFullCredit":false},{"lineNumber":8,"author":{"gitId":"-"},"content":"","lastModifiedDate":"2020-05-25T00:03:55","isFullCredit":false},{"lineNumber":9,"author":{"gitId":"-"},"content":"1. Open Intellij (if you are not in the welcome screen, click `File` \u003e `Close Project` to close the existing project first)","lastModifiedDate":"2021-01-17T12:25:53","isFullCredit":false},{"lineNumber":10,"author":{"gitId":"-"},"content":"1. Open the project into Intellij as follows:","lastModifiedDate":"2021-01-17T12:25:53","isFullCredit":false},{"lineNumber":11,"author":{"gitId":"-"},"content":"   1. Click `Open`.","lastModifiedDate":"2021-01-17T12:25:53","isFullCredit":false},{"lineNumber":12,"author":{"gitId":"-"},"content":"   1. Select the project directory, and click `OK`.","lastModifiedDate":"2021-01-17T12:25:53","isFullCredit":false},{"lineNumber":13,"author":{"gitId":"-"},"content":"   1. If there are any further prompts, accept the defaults.","lastModifiedDate":"2020-05-25T00:03:55","isFullCredit":false},{"lineNumber":14,"author":{"gitId":"-"},"content":"1. Configure the project to use **JDK 17** (not other versions) as explained in [here](https://www.jetbrains.com/help/idea/sdk.html#set-up-jdk).\u003cbr\u003e","lastModifiedDate":"2024-07-11T16:50:14","isFullCredit":false},{"lineNumber":15,"author":{"gitId":"-"},"content":"   In the same dialog, set the **Project language level** field to the `SDK default` option.","lastModifiedDate":"2021-07-29T20:29:39","isFullCredit":false},{"lineNumber":16,"author":{"gitId":"Notchennie1"},"content":"1. After that, locate the `src/main/java/Mitch.java` file, right-click it, and choose `Run Mitch.main()` (if the code editor is showing compile errors, try restarting the IDE). If the setup is correct, you should see something like the below as the output:","lastModifiedDate":"2026-01-23T07:11:16","isFullCredit":false},{"lineNumber":17,"author":{"gitId":"-"},"content":"   ```","lastModifiedDate":"2020-05-25T00:03:55","isFullCredit":false},{"lineNumber":18,"author":{"gitId":"Notchennie1"},"content":"   ____________________________________________________________","lastModifiedDate":"2026-01-23T07:19:05","isFullCredit":false},{"lineNumber":19,"author":{"gitId":"Notchennie1"},"content":"   Hello! I\u0027m Mitch","lastModifiedDate":"2026-01-23T07:19:05","isFullCredit":false},{"lineNumber":20,"author":{"gitId":"Notchennie1"},"content":"   What can I do for you?","lastModifiedDate":"2026-01-23T07:19:05","isFullCredit":false},{"lineNumber":21,"author":{"gitId":"Notchennie1"},"content":"   ____________________________________________________________","lastModifiedDate":"2026-01-23T07:19:05","isFullCredit":false},{"lineNumber":22,"author":{"gitId":"Notchennie1"},"content":"   Bye. Hope to see you again soon!","lastModifiedDate":"2026-01-23T07:19:05","isFullCredit":false},{"lineNumber":23,"author":{"gitId":"Notchennie1"},"content":"   ____________________________________________________________","lastModifiedDate":"2026-01-23T07:19:05","isFullCredit":false},{"lineNumber":24,"author":{"gitId":"Notchennie1"},"content":"","lastModifiedDate":"2026-01-23T07:19:05","isFullCredit":false},{"lineNumber":25,"author":{"gitId":"-"},"content":"   ```","lastModifiedDate":"2020-05-25T00:03:55","isFullCredit":false},{"lineNumber":26,"author":{"gitId":"-"},"content":"","lastModifiedDate":"2025-01-04T21:44:28","isFullCredit":false},{"lineNumber":27,"author":{"gitId":"-"},"content":"**Warning:** Keep the `src\\main\\java` folder as the root folder for Java files (i.e., don\u0027t rename those folders or move Java files to another folder outside of this folder path), as this is the default location some tools (e.g., Gradle) expect to find Java files.","lastModifiedDate":"2025-01-04T21:44:28","isFullCredit":false}],"authorContributionMap":{"-":17,"Notchennie1":10}},{"path":"src/main/java/Deadlines.java","fileType":"java","lines":[{"lineNumber":1,"author":{"gitId":"Notchennie1"},"content":"public class Deadlines extends Task{","lastModifiedDate":"2026-02-04T03:33:53","isFullCredit":false},{"lineNumber":2,"author":{"gitId":"Notchennie1"},"content":"    protected String endDate;","lastModifiedDate":"2026-02-04T03:33:53","isFullCredit":false},{"lineNumber":3,"author":{"gitId":"Notchennie1"},"content":"","lastModifiedDate":"2026-02-04T03:33:53","isFullCredit":false},{"lineNumber":4,"author":{"gitId":"Notchennie1"},"content":"    public Deadlines(String descriptionAndDeadline){","lastModifiedDate":"2026-02-04T03:33:53","isFullCredit":false},{"lineNumber":5,"author":{"gitId":"Notchennie1"},"content":"        super(descriptionAndDeadline.split(\"/by\")[0].trim());","lastModifiedDate":"2026-02-04T03:33:53","isFullCredit":false},{"lineNumber":6,"author":{"gitId":"Notchennie1"},"content":"        endDate \u003d descriptionAndDeadline.split(\"/by\")[1].trim();","lastModifiedDate":"2026-02-04T03:33:53","isFullCredit":false},{"lineNumber":7,"author":{"gitId":"Notchennie1"},"content":"    }","lastModifiedDate":"2026-02-04T03:33:53","isFullCredit":false},{"lineNumber":8,"author":{"gitId":"Notchennie1"},"content":"","lastModifiedDate":"2026-02-04T03:33:53","isFullCredit":false},{"lineNumber":9,"author":{"gitId":"Notchennie1"},"content":"    @Override","lastModifiedDate":"2026-02-04T03:33:53","isFullCredit":false},{"lineNumber":10,"author":{"gitId":"Notchennie1"},"content":"    public String toString() {","lastModifiedDate":"2026-02-04T03:33:53","isFullCredit":false},{"lineNumber":11,"author":{"gitId":"Notchennie1"},"content":"        return \"[D]\" + super.toString() + \" (by: \" + endDate + \")\";","lastModifiedDate":"2026-02-04T03:33:53","isFullCredit":false},{"lineNumber":12,"author":{"gitId":"Notchennie1"},"content":"    }","lastModifiedDate":"2026-02-04T03:33:53","isFullCredit":false},{"lineNumber":13,"author":{"gitId":"Notchennie1"},"content":"}","lastModifiedDate":"2026-02-04T03:33:53","isFullCredit":false}],"authorContributionMap":{"Notchennie1":13}},{"path":"src/main/java/Events.java","fileType":"java","lines":[{"lineNumber":1,"author":{"gitId":"Notchennie1"},"content":"public class Events extends Task{","lastModifiedDate":"2026-02-04T03:33:53","isFullCredit":false},{"lineNumber":2,"author":{"gitId":"Notchennie1"},"content":"    protected String startDate;","lastModifiedDate":"2026-02-04T03:33:53","isFullCredit":false},{"lineNumber":3,"author":{"gitId":"Notchennie1"},"content":"    protected String endDate;","lastModifiedDate":"2026-02-04T03:33:53","isFullCredit":false},{"lineNumber":4,"author":{"gitId":"Notchennie1"},"content":"","lastModifiedDate":"2026-02-04T03:33:53","isFullCredit":false},{"lineNumber":5,"author":{"gitId":"Notchennie1"},"content":"    public Events(String descriptionStartEnd){","lastModifiedDate":"2026-02-04T03:33:53","isFullCredit":false},{"lineNumber":6,"author":{"gitId":"Notchennie1"},"content":"        super(descriptionStartEnd.split(\"/from\")[0].trim());","lastModifiedDate":"2026-02-04T03:33:53","isFullCredit":false},{"lineNumber":7,"author":{"gitId":"Notchennie1"},"content":"        startDate \u003d descriptionStartEnd.split(\"/from\")[1].split(\"/to\")[0].trim();","lastModifiedDate":"2026-02-04T03:33:53","isFullCredit":false},{"lineNumber":8,"author":{"gitId":"Notchennie1"},"content":"        endDate \u003d descriptionStartEnd.split(\"/from\")[1].split(\"/to\")[1].trim();","lastModifiedDate":"2026-02-04T03:33:53","isFullCredit":false},{"lineNumber":9,"author":{"gitId":"Notchennie1"},"content":"    }","lastModifiedDate":"2026-02-04T03:33:53","isFullCredit":false},{"lineNumber":10,"author":{"gitId":"Notchennie1"},"content":"","lastModifiedDate":"2026-02-04T03:33:53","isFullCredit":false},{"lineNumber":11,"author":{"gitId":"Notchennie1"},"content":"    @Override","lastModifiedDate":"2026-02-04T03:33:53","isFullCredit":false},{"lineNumber":12,"author":{"gitId":"Notchennie1"},"content":"    public String toString() {","lastModifiedDate":"2026-02-04T03:33:53","isFullCredit":false},{"lineNumber":13,"author":{"gitId":"Notchennie1"},"content":"        return \"[E]\" + super.toString() + \" (from: \" + startDate + \" to: \" + endDate + \")\";","lastModifiedDate":"2026-02-04T03:33:53","isFullCredit":false},{"lineNumber":14,"author":{"gitId":"Notchennie1"},"content":"    }","lastModifiedDate":"2026-02-04T03:33:53","isFullCredit":false},{"lineNumber":15,"author":{"gitId":"Notchennie1"},"content":"}","lastModifiedDate":"2026-02-04T03:33:53","isFullCredit":false}],"authorContributionMap":{"Notchennie1":15}},{"path":"src/main/java/Mitch.java","fileType":"java","lines":[{"lineNumber":1,"author":{"gitId":"Notchennie1"},"content":"import java.util.Scanner;","lastModifiedDate":"2026-01-28T17:43:41","isFullCredit":false},{"lineNumber":2,"author":{"gitId":"Notchennie1"},"content":"","lastModifiedDate":"2026-01-28T17:43:41","isFullCredit":false},{"lineNumber":3,"author":{"gitId":"Notchennie1"},"content":"public class Mitch {","lastModifiedDate":"2026-01-23T07:11:16","isFullCredit":false},{"lineNumber":4,"author":{"gitId":"Notchennie1"},"content":"    private static final String LINE \u003d \"____________________________________________________________\";","lastModifiedDate":"2026-01-23T07:11:16","isFullCredit":false},{"lineNumber":5,"author":{"gitId":"Notchennie1"},"content":"    private static final int MAX_TASKS \u003d 100;","lastModifiedDate":"2026-01-29T18:07:04","isFullCredit":false},{"lineNumber":6,"author":{"gitId":"Notchennie1"},"content":"","lastModifiedDate":"2026-01-23T07:11:16","isFullCredit":false},{"lineNumber":7,"author":{"gitId":"Notchennie1"},"content":"    public static void main(String[] args) {","lastModifiedDate":"2026-01-23T07:11:16","isFullCredit":false},{"lineNumber":8,"author":{"gitId":"Notchennie1"},"content":"        System.out.println(LINE);","lastModifiedDate":"2026-01-29T20:40:43","isFullCredit":false},{"lineNumber":9,"author":{"gitId":"Notchennie1"},"content":"        System.out.println(\"Hello, I\u0027m Mitch\");","lastModifiedDate":"2026-01-29T20:40:43","isFullCredit":false},{"lineNumber":10,"author":{"gitId":"Notchennie1"},"content":"        System.out.println(\"What can I do for you\");","lastModifiedDate":"2026-01-29T20:40:43","isFullCredit":false},{"lineNumber":11,"author":{"gitId":"Notchennie1"},"content":"        System.out.println(LINE);","lastModifiedDate":"2026-01-29T20:40:43","isFullCredit":false},{"lineNumber":12,"author":{"gitId":"Notchennie1"},"content":"","lastModifiedDate":"2026-01-29T20:40:43","isFullCredit":false},{"lineNumber":13,"author":{"gitId":"Notchennie1"},"content":"        Scanner scanner \u003d new Scanner(System.in); //changed sc to scanner","lastModifiedDate":"2026-01-29T20:40:43","isFullCredit":false},{"lineNumber":14,"author":{"gitId":"Notchennie1"},"content":"","lastModifiedDate":"2026-01-28T18:15:31","isFullCredit":false},{"lineNumber":15,"author":{"gitId":"Notchennie1"},"content":"        Task[] tasks \u003d new Task[MAX_TASKS];","lastModifiedDate":"2026-01-29T18:07:04","isFullCredit":false},{"lineNumber":16,"author":{"gitId":"Notchennie1"},"content":"        int taskCount \u003d 0;","lastModifiedDate":"2026-01-29T20:40:43","isFullCredit":false},{"lineNumber":17,"author":{"gitId":"Notchennie1"},"content":"","lastModifiedDate":"2026-01-28T18:15:31","isFullCredit":false},{"lineNumber":18,"author":{"gitId":"Notchennie1"},"content":"        while (scanner.hasNextLine()) {","lastModifiedDate":"2026-01-29T20:40:43","isFullCredit":false},{"lineNumber":19,"author":{"gitId":"Notchennie1"},"content":"            String input \u003d scanner.nextLine().trim();","lastModifiedDate":"2026-01-29T20:40:43","isFullCredit":false},{"lineNumber":20,"author":{"gitId":"Notchennie1"},"content":"","lastModifiedDate":"2026-01-29T18:07:04","isFullCredit":false},{"lineNumber":21,"author":{"gitId":"Notchennie1"},"content":"            if (input.equals(\"bye\")) {","lastModifiedDate":"2026-01-29T20:40:43","isFullCredit":false},{"lineNumber":22,"author":{"gitId":"Notchennie1"},"content":"                System.out.println(LINE);","lastModifiedDate":"2026-01-29T20:40:43","isFullCredit":false},{"lineNumber":23,"author":{"gitId":"Notchennie1"},"content":"                System.out.println(\"Bye. Hope to see you again!\");","lastModifiedDate":"2026-01-29T20:40:43","isFullCredit":false},{"lineNumber":24,"author":{"gitId":"Notchennie1"},"content":"                System.out.println(LINE);","lastModifiedDate":"2026-01-29T20:40:43","isFullCredit":false},{"lineNumber":25,"author":{"gitId":"Notchennie1"},"content":"                break;","lastModifiedDate":"2026-01-28T17:43:41","isFullCredit":false},{"lineNumber":26,"author":{"gitId":"Notchennie1"},"content":"            }","lastModifiedDate":"2026-01-28T17:43:41","isFullCredit":false},{"lineNumber":27,"author":{"gitId":"Notchennie1"},"content":"","lastModifiedDate":"2026-01-29T18:07:04","isFullCredit":false},{"lineNumber":28,"author":{"gitId":"Notchennie1"},"content":"            if (input.equals(\"list\")) {","lastModifiedDate":"2026-01-29T20:40:43","isFullCredit":false},{"lineNumber":29,"author":{"gitId":"Notchennie1"},"content":"                System.out.println(LINE);","lastModifiedDate":"2026-01-28T18:15:31","isFullCredit":false},{"lineNumber":30,"author":{"gitId":"Notchennie1"},"content":"                for (int i \u003d 0; i \u003c taskCount; i++) {","lastModifiedDate":"2026-01-29T20:40:43","isFullCredit":false},{"lineNumber":31,"author":{"gitId":"Notchennie1"},"content":"                    System.out.println((i + 1) + \". \" + tasks[i]);","lastModifiedDate":"2026-01-29T18:07:04","isFullCredit":false},{"lineNumber":32,"author":{"gitId":"Notchennie1"},"content":"                }","lastModifiedDate":"2026-01-28T18:28:27","isFullCredit":false},{"lineNumber":33,"author":{"gitId":"Notchennie1"},"content":"                System.out.println(LINE);","lastModifiedDate":"2026-01-28T18:28:27","isFullCredit":false},{"lineNumber":34,"author":{"gitId":"Notchennie1"},"content":"                continue;","lastModifiedDate":"2026-01-28T18:28:27","isFullCredit":false},{"lineNumber":35,"author":{"gitId":"Notchennie1"},"content":"            }","lastModifiedDate":"2026-01-28T18:15:31","isFullCredit":false},{"lineNumber":36,"author":{"gitId":"Notchennie1"},"content":"","lastModifiedDate":"2026-01-28T18:28:27","isFullCredit":false},{"lineNumber":37,"author":{"gitId":"Notchennie1"},"content":"            if (input.startsWith(\"mark \")) {","lastModifiedDate":"2026-01-29T20:40:43","isFullCredit":false},{"lineNumber":38,"author":{"gitId":"Notchennie1"},"content":"                int index \u003d Integer.parseInt(input.substring(5).trim()) - 1;","lastModifiedDate":"2026-01-29T20:40:43","isFullCredit":false},{"lineNumber":39,"author":{"gitId":"Notchennie1"},"content":"                tasks[index].markDone();","lastModifiedDate":"2026-01-29T18:07:04","isFullCredit":false},{"lineNumber":40,"author":{"gitId":"Notchennie1"},"content":"","lastModifiedDate":"2026-01-29T20:40:43","isFullCredit":false},{"lineNumber":41,"author":{"gitId":"Notchennie1"},"content":"                System.out.println(LINE);","lastModifiedDate":"2026-01-28T18:28:27","isFullCredit":false},{"lineNumber":42,"author":{"gitId":"Notchennie1"},"content":"                System.out.println(\"Nice! I\u0027ve marked this task as done:\");","lastModifiedDate":"2026-01-28T18:28:27","isFullCredit":false},{"lineNumber":43,"author":{"gitId":"Notchennie1"},"content":"                System.out.println(tasks[index]);","lastModifiedDate":"2026-01-29T18:07:04","isFullCredit":false},{"lineNumber":44,"author":{"gitId":"Notchennie1"},"content":"                System.out.println(LINE);","lastModifiedDate":"2026-01-28T18:28:27","isFullCredit":false},{"lineNumber":45,"author":{"gitId":"Notchennie1"},"content":"                continue;","lastModifiedDate":"2026-01-28T18:28:27","isFullCredit":false},{"lineNumber":46,"author":{"gitId":"Notchennie1"},"content":"            }","lastModifiedDate":"2026-01-28T18:28:27","isFullCredit":false},{"lineNumber":47,"author":{"gitId":"Notchennie1"},"content":"","lastModifiedDate":"2026-01-28T18:28:27","isFullCredit":false},{"lineNumber":48,"author":{"gitId":"Notchennie1"},"content":"            if (input.startsWith(\"unmark \")) {","lastModifiedDate":"2026-01-29T20:40:43","isFullCredit":false},{"lineNumber":49,"author":{"gitId":"Notchennie1"},"content":"                int index \u003d Integer.parseInt(input.substring(7).trim()) - 1;","lastModifiedDate":"2026-01-29T20:40:43","isFullCredit":false},{"lineNumber":50,"author":{"gitId":"Notchennie1"},"content":"                tasks[index].unmarkDone();","lastModifiedDate":"2026-01-29T18:07:04","isFullCredit":false},{"lineNumber":51,"author":{"gitId":"Notchennie1"},"content":"","lastModifiedDate":"2026-01-29T20:40:43","isFullCredit":false},{"lineNumber":52,"author":{"gitId":"Notchennie1"},"content":"                System.out.println(LINE);","lastModifiedDate":"2026-01-28T18:28:27","isFullCredit":false},{"lineNumber":53,"author":{"gitId":"Notchennie1"},"content":"                System.out.println(\"OK, I\u0027ve marked this task as not done yet:\");","lastModifiedDate":"2026-01-28T18:28:27","isFullCredit":false},{"lineNumber":54,"author":{"gitId":"Notchennie1"},"content":"                System.out.println(tasks[index]);","lastModifiedDate":"2026-01-29T18:07:04","isFullCredit":false},{"lineNumber":55,"author":{"gitId":"Notchennie1"},"content":"                System.out.println(LINE);","lastModifiedDate":"2026-01-28T18:15:31","isFullCredit":false},{"lineNumber":56,"author":{"gitId":"Notchennie1"},"content":"                continue;","lastModifiedDate":"2026-01-28T18:15:31","isFullCredit":false},{"lineNumber":57,"author":{"gitId":"Notchennie1"},"content":"            }","lastModifiedDate":"2026-01-28T17:43:41","isFullCredit":false},{"lineNumber":58,"author":{"gitId":"Notchennie1"},"content":"","lastModifiedDate":"2026-01-28T18:15:31","isFullCredit":false},{"lineNumber":59,"author":{"gitId":"Notchennie1"},"content":"            if (input.startsWith(\"todo \")) {","lastModifiedDate":"2026-02-04T03:33:53","isFullCredit":false},{"lineNumber":60,"author":{"gitId":"Notchennie1"},"content":"                tasks[taskCount] \u003d new ToDo(input);","lastModifiedDate":"2026-02-04T03:33:53","isFullCredit":false},{"lineNumber":61,"author":{"gitId":"Notchennie1"},"content":"                taskCount++;","lastModifiedDate":"2026-01-29T20:40:43","isFullCredit":false},{"lineNumber":62,"author":{"gitId":"Notchennie1"},"content":"                System.out.println(LINE);","lastModifiedDate":"2026-02-04T03:33:53","isFullCredit":false},{"lineNumber":63,"author":{"gitId":"Notchennie1"},"content":"                System.out.println(\"Got it. I\u0027ve added this task:\");","lastModifiedDate":"2026-02-04T03:33:53","isFullCredit":false},{"lineNumber":64,"author":{"gitId":"Notchennie1"},"content":"                System.out.println(tasks[taskCount - 1]);","lastModifiedDate":"2026-02-04T03:33:53","isFullCredit":false},{"lineNumber":65,"author":{"gitId":"Notchennie1"},"content":"                System.out.println(\"Now you have \" + taskCount + \" tasks in the list.\");","lastModifiedDate":"2026-02-04T03:33:53","isFullCredit":false},{"lineNumber":66,"author":{"gitId":"Notchennie1"},"content":"                System.out.println(LINE);","lastModifiedDate":"2026-02-04T03:33:53","isFullCredit":false},{"lineNumber":67,"author":{"gitId":"Notchennie1"},"content":"            }","lastModifiedDate":"2026-02-04T03:33:53","isFullCredit":false},{"lineNumber":68,"author":{"gitId":"Notchennie1"},"content":"","lastModifiedDate":"2026-02-04T03:33:53","isFullCredit":false},{"lineNumber":69,"author":{"gitId":"Notchennie1"},"content":"            if (input.startsWith(\"deadline \")) {","lastModifiedDate":"2026-02-04T03:33:53","isFullCredit":false},{"lineNumber":70,"author":{"gitId":"Notchennie1"},"content":"                tasks[taskCount] \u003d new Deadlines(input);","lastModifiedDate":"2026-02-04T03:33:53","isFullCredit":false},{"lineNumber":71,"author":{"gitId":"Notchennie1"},"content":"                taskCount++;","lastModifiedDate":"2026-02-04T03:33:53","isFullCredit":false},{"lineNumber":72,"author":{"gitId":"Notchennie1"},"content":"                System.out.println(LINE);","lastModifiedDate":"2026-02-04T03:33:53","isFullCredit":false},{"lineNumber":73,"author":{"gitId":"Notchennie1"},"content":"                System.out.println(\"Got it. I\u0027ve added this task:\");","lastModifiedDate":"2026-02-04T03:33:53","isFullCredit":false},{"lineNumber":74,"author":{"gitId":"Notchennie1"},"content":"                System.out.println(tasks[taskCount - 1]);","lastModifiedDate":"2026-02-04T03:33:53","isFullCredit":false},{"lineNumber":75,"author":{"gitId":"Notchennie1"},"content":"                System.out.println(\"Now you have \" + taskCount + \" tasks in the list.\");","lastModifiedDate":"2026-02-04T03:33:53","isFullCredit":false},{"lineNumber":76,"author":{"gitId":"Notchennie1"},"content":"                System.out.println(LINE);","lastModifiedDate":"2026-02-04T03:33:53","isFullCredit":false},{"lineNumber":77,"author":{"gitId":"Notchennie1"},"content":"            }","lastModifiedDate":"2026-02-04T03:33:53","isFullCredit":false},{"lineNumber":78,"author":{"gitId":"Notchennie1"},"content":"","lastModifiedDate":"2026-01-28T18:15:31","isFullCredit":false},{"lineNumber":79,"author":{"gitId":"Notchennie1"},"content":"            if (input.startsWith(\"event \")) {","lastModifiedDate":"2026-02-04T03:33:53","isFullCredit":false},{"lineNumber":80,"author":{"gitId":"Notchennie1"},"content":"                tasks[taskCount] \u003d new Events(input);","lastModifiedDate":"2026-02-04T03:33:53","isFullCredit":false},{"lineNumber":81,"author":{"gitId":"Notchennie1"},"content":"                taskCount++;","lastModifiedDate":"2026-02-04T03:33:53","isFullCredit":false},{"lineNumber":82,"author":{"gitId":"Notchennie1"},"content":"                System.out.println(LINE);","lastModifiedDate":"2026-01-29T20:40:43","isFullCredit":false},{"lineNumber":83,"author":{"gitId":"Notchennie1"},"content":"                System.out.println(\"Got it. I\u0027ve added this task:\");","lastModifiedDate":"2026-02-04T03:33:53","isFullCredit":false},{"lineNumber":84,"author":{"gitId":"Notchennie1"},"content":"                System.out.println(tasks[taskCount - 1]);","lastModifiedDate":"2026-02-04T03:33:53","isFullCredit":false},{"lineNumber":85,"author":{"gitId":"Notchennie1"},"content":"                System.out.println(\"Now you have \" + taskCount + \" tasks in the list.\");","lastModifiedDate":"2026-02-04T03:33:53","isFullCredit":false},{"lineNumber":86,"author":{"gitId":"Notchennie1"},"content":"                System.out.println(LINE);","lastModifiedDate":"2026-01-29T20:40:43","isFullCredit":false},{"lineNumber":87,"author":{"gitId":"Notchennie1"},"content":"            }","lastModifiedDate":"2026-01-28T17:43:41","isFullCredit":false},{"lineNumber":88,"author":{"gitId":"Notchennie1"},"content":"","lastModifiedDate":"2026-01-28T17:43:41","isFullCredit":false},{"lineNumber":89,"author":{"gitId":"Notchennie1"},"content":"        }","lastModifiedDate":"2026-02-04T03:33:53","isFullCredit":false},{"lineNumber":90,"author":{"gitId":"Notchennie1"},"content":"        scanner.close();","lastModifiedDate":"2026-01-29T20:40:43","isFullCredit":false},{"lineNumber":91,"author":{"gitId":"Notchennie1"},"content":"    }","lastModifiedDate":"2026-01-23T07:11:16","isFullCredit":false},{"lineNumber":92,"author":{"gitId":"Notchennie1"},"content":"}","lastModifiedDate":"2026-01-23T07:11:16","isFullCredit":false}],"authorContributionMap":{"Notchennie1":92}},{"path":"src/main/java/Task.java","fileType":"java","lines":[{"lineNumber":1,"author":{"gitId":"Notchennie1"},"content":"public class Task {","lastModifiedDate":"2026-01-29T18:07:04","isFullCredit":false},{"lineNumber":2,"author":{"gitId":"Notchennie1"},"content":"    protected final String description;","lastModifiedDate":"2026-02-04T03:33:53","isFullCredit":false},{"lineNumber":3,"author":{"gitId":"Notchennie1"},"content":"    protected boolean isDone;","lastModifiedDate":"2026-02-04T03:33:53","isFullCredit":false},{"lineNumber":4,"author":{"gitId":"Notchennie1"},"content":"","lastModifiedDate":"2026-01-29T18:07:04","isFullCredit":false},{"lineNumber":5,"author":{"gitId":"Notchennie1"},"content":"    public Task(String description) {","lastModifiedDate":"2026-01-29T18:07:04","isFullCredit":false},{"lineNumber":6,"author":{"gitId":"Notchennie1"},"content":"        this.description \u003d description;","lastModifiedDate":"2026-01-29T18:07:04","isFullCredit":false},{"lineNumber":7,"author":{"gitId":"Notchennie1"},"content":"        this.isDone \u003d false;","lastModifiedDate":"2026-01-29T18:07:04","isFullCredit":false},{"lineNumber":8,"author":{"gitId":"Notchennie1"},"content":"    }","lastModifiedDate":"2026-01-29T18:07:04","isFullCredit":false},{"lineNumber":9,"author":{"gitId":"Notchennie1"},"content":"","lastModifiedDate":"2026-01-29T18:07:04","isFullCredit":false},{"lineNumber":10,"author":{"gitId":"Notchennie1"},"content":"    public void markDone() {","lastModifiedDate":"2026-01-29T18:07:04","isFullCredit":false},{"lineNumber":11,"author":{"gitId":"Notchennie1"},"content":"        isDone \u003d true;","lastModifiedDate":"2026-01-29T18:07:04","isFullCredit":false},{"lineNumber":12,"author":{"gitId":"Notchennie1"},"content":"    }","lastModifiedDate":"2026-01-29T18:07:04","isFullCredit":false},{"lineNumber":13,"author":{"gitId":"Notchennie1"},"content":"","lastModifiedDate":"2026-01-29T18:07:04","isFullCredit":false},{"lineNumber":14,"author":{"gitId":"Notchennie1"},"content":"    public void unmarkDone() {","lastModifiedDate":"2026-01-29T18:07:04","isFullCredit":false},{"lineNumber":15,"author":{"gitId":"Notchennie1"},"content":"        isDone \u003d false;","lastModifiedDate":"2026-01-29T18:07:04","isFullCredit":false},{"lineNumber":16,"author":{"gitId":"Notchennie1"},"content":"    }","lastModifiedDate":"2026-01-29T18:07:04","isFullCredit":false},{"lineNumber":17,"author":{"gitId":"Notchennie1"},"content":"","lastModifiedDate":"2026-01-29T18:07:04","isFullCredit":false},{"lineNumber":18,"author":{"gitId":"Notchennie1"},"content":"    public boolean isDone() {","lastModifiedDate":"2026-01-29T18:07:04","isFullCredit":false},{"lineNumber":19,"author":{"gitId":"Notchennie1"},"content":"        return isDone;","lastModifiedDate":"2026-01-29T18:07:04","isFullCredit":false},{"lineNumber":20,"author":{"gitId":"Notchennie1"},"content":"    }","lastModifiedDate":"2026-01-29T18:07:04","isFullCredit":false},{"lineNumber":21,"author":{"gitId":"Notchennie1"},"content":"","lastModifiedDate":"2026-01-29T18:07:04","isFullCredit":false},{"lineNumber":22,"author":{"gitId":"Notchennie1"},"content":"    public String getDescription() {","lastModifiedDate":"2026-01-29T18:07:04","isFullCredit":false},{"lineNumber":23,"author":{"gitId":"Notchennie1"},"content":"        return description;","lastModifiedDate":"2026-01-29T18:07:04","isFullCredit":false},{"lineNumber":24,"author":{"gitId":"Notchennie1"},"content":"    }","lastModifiedDate":"2026-01-29T18:07:04","isFullCredit":false},{"lineNumber":25,"author":{"gitId":"Notchennie1"},"content":"","lastModifiedDate":"2026-01-29T18:07:04","isFullCredit":false},{"lineNumber":26,"author":{"gitId":"Notchennie1"},"content":"    @Override","lastModifiedDate":"2026-01-29T18:07:04","isFullCredit":false},{"lineNumber":27,"author":{"gitId":"Notchennie1"},"content":"    public String toString() {","lastModifiedDate":"2026-01-29T18:07:04","isFullCredit":false},{"lineNumber":28,"author":{"gitId":"Notchennie1"},"content":"        int firstIndex \u003d description.indexOf(\" \");","lastModifiedDate":"2026-02-04T03:33:53","isFullCredit":false},{"lineNumber":29,"author":{"gitId":"Notchennie1"},"content":"        String newDescription \u003d description.substring(firstIndex+1);","lastModifiedDate":"2026-02-04T03:33:53","isFullCredit":false},{"lineNumber":30,"author":{"gitId":"Notchennie1"},"content":"        return \"[\" + (isDone ? \"X\" : \" \") + \"] \" + newDescription;","lastModifiedDate":"2026-02-04T03:33:53","isFullCredit":false},{"lineNumber":31,"author":{"gitId":"Notchennie1"},"content":"    }","lastModifiedDate":"2026-01-29T18:07:04","isFullCredit":false},{"lineNumber":32,"author":{"gitId":"Notchennie1"},"content":"}","lastModifiedDate":"2026-01-29T18:07:04","isFullCredit":false}],"authorContributionMap":{"Notchennie1":32}},{"path":"src/main/java/ToDo.java","fileType":"java","lines":[{"lineNumber":1,"author":{"gitId":"Notchennie1"},"content":"public class ToDo extends Task{","lastModifiedDate":"2026-02-04T03:33:53","isFullCredit":false},{"lineNumber":2,"author":{"gitId":"Notchennie1"},"content":"    public ToDo(String description){","lastModifiedDate":"2026-02-04T03:33:53","isFullCredit":false},{"lineNumber":3,"author":{"gitId":"Notchennie1"},"content":"        super(description);","lastModifiedDate":"2026-02-04T03:33:53","isFullCredit":false},{"lineNumber":4,"author":{"gitId":"Notchennie1"},"content":"    }","lastModifiedDate":"2026-02-04T03:33:53","isFullCredit":false},{"lineNumber":5,"author":{"gitId":"Notchennie1"},"content":"","lastModifiedDate":"2026-02-04T03:33:53","isFullCredit":false},{"lineNumber":6,"author":{"gitId":"Notchennie1"},"content":"    @Override","lastModifiedDate":"2026-02-04T03:33:53","isFullCredit":false},{"lineNumber":7,"author":{"gitId":"Notchennie1"},"content":"    public String toString() {","lastModifiedDate":"2026-02-04T03:33:53","isFullCredit":false},{"lineNumber":8,"author":{"gitId":"Notchennie1"},"content":"        return \"[T]\" + super.toString();","lastModifiedDate":"2026-02-04T03:33:53","isFullCredit":false},{"lineNumber":9,"author":{"gitId":"Notchennie1"},"content":"    }","lastModifiedDate":"2026-02-04T03:33:53","isFullCredit":false},{"lineNumber":10,"author":{"gitId":"Notchennie1"},"content":"}","lastModifiedDate":"2026-02-04T03:33:53","isFullCredit":false}],"authorContributionMap":{"Notchennie1":10}}]
