{"authorDailyContributionsMap":{"Notchennie1":[{"date":"2026-01-23T00:00:00","commitResults":[{"hash":"4967f6b7407e588125cb29f2ecaa14119fc7e54d","isMergeCommit":false,"messageTitle":"Level-0: rename, greet, exit","messageBody":"","tags":["Level-0"],"fileTypesAndContributionMap":{"java":{"insertions":11,"deletions":10},"md":{"insertions":3,"deletions":3}}},{"hash":"43f28e8bd5db0d165448ea9471051e4a46135ca6","isMergeCommit":false,"messageTitle":"Update README","messageBody":"","fileTypesAndContributionMap":{"md":{"insertions":7,"deletions":6}}}]},{"date":"2026-01-28T00:00:00","commitResults":[{"hash":"63503739781730e297f2ed2eeb24f52ec9a1aaaa","isMergeCommit":false,"messageTitle":"Level-1","messageBody":"","tags":["Level-1"],"fileTypesAndContributionMap":{"java":{"insertions":18,"deletions":5}}},{"hash":"c11cb164b42ca4c984e814de2b4547ca7a8605ba","isMergeCommit":false,"messageTitle":"Level-2","messageBody":"","tags":["Level-2"],"fileTypesAndContributionMap":{"java":{"insertions":20,"deletions":4}}},{"hash":"70c65f0e50f4c5c5537b83bef38dc30d99d3481c","isMergeCommit":false,"messageTitle":"Level-3","messageBody":"","fileTypesAndContributionMap":{"java":{"insertions":23,"deletions":1}}}]},{"date":"2026-01-29T00:00:00","commitResults":[{"hash":"8fb08bfe222f174ff5260096591ec3ed059bd020","isMergeCommit":false,"messageTitle":"Level-3","messageBody":"","tags":["Level-3"],"fileTypesAndContributionMap":{"java":{"insertions":53,"deletions":26}}},{"hash":"fe4eb4dd1076158cd5545db149895942c4743ec9","isMergeCommit":false,"messageTitle":"A-CodingStandard","messageBody":"","tags":["A-CodingStandard"],"fileTypesAndContributionMap":{"java":{"insertions":27,"deletions":17}}}]},{"date":"2026-02-04T00:00:00","commitResults":[{"hash":"ad2dec77f413f191b90004b2491e53447d4fab18","isMergeCommit":false,"messageTitle":"Level-4","messageBody":"","tags":["Level-4"],"fileTypesAndContributionMap":{"java":{"insertions":73,"deletions":8}}}]},{"date":"2026-02-10T00:00:00","commitResults":[{"hash":"8caa9f73e0a99613d5300681fb16769f9e6906ca","isMergeCommit":false,"messageTitle":"Level-4","messageBody":"","fileTypesAndContributionMap":{"java":{"insertions":0,"deletions":1}}},{"hash":"eea243eb7a771966c3c98a037f5af1e2797e05a8","isMergeCommit":false,"messageTitle":"A-CodeQuality","messageBody":"","tags":["A-CodeQuality"],"fileTypesAndContributionMap":{"java":{"insertions":0,"deletions":1}}}]}]},"authorFileTypeContributionMap":{"Notchennie1":{"java":162,"md":10,"fxml":0,"sh":0,"bat":0,"gradle":0,"txt":0}},"authorContributionVariance":{"Notchennie1":766.3602},"authorDisplayNameMap":{"Notchennie1":"CS2113-W11-2 YEO ..XIAN"}}
