[{"path":"src/main/java/dude/Dude.java","fileType":"java","lines":[{"lineNumber":1,"author":{"gitId":"SeanTLY23"},"content":"package dude;","lastModifiedDate":"2026-02-11T05:19:05","isFullCredit":false},{"lineNumber":2,"author":{"gitId":"SeanTLY23"},"content":"","lastModifiedDate":"2026-02-11T05:19:05","isFullCredit":false},{"lineNumber":3,"author":{"gitId":"SeanTLY23"},"content":"import dude.task.Deadline;","lastModifiedDate":"2026-02-11T05:19:05","isFullCredit":false},{"lineNumber":4,"author":{"gitId":"SeanTLY23"},"content":"import dude.task.Event;","lastModifiedDate":"2026-02-11T05:19:05","isFullCredit":false},{"lineNumber":5,"author":{"gitId":"SeanTLY23"},"content":"import dude.task.Task;","lastModifiedDate":"2026-02-11T05:19:05","isFullCredit":false},{"lineNumber":6,"author":{"gitId":"SeanTLY23"},"content":"import dude.task.Todo;","lastModifiedDate":"2026-02-11T05:19:05","isFullCredit":false},{"lineNumber":7,"author":{"gitId":"SeanTLY23"},"content":"","lastModifiedDate":"2026-02-11T05:19:05","isFullCredit":false},{"lineNumber":8,"author":{"gitId":"SeanTLY23"},"content":"import java.util.Scanner;","lastModifiedDate":"2026-01-30T05:30:28","isFullCredit":false},{"lineNumber":9,"author":{"gitId":"SeanTLY23"},"content":"","lastModifiedDate":"2026-01-30T05:30:28","isFullCredit":false},{"lineNumber":10,"author":{"gitId":"SeanTLY23"},"content":"/**","lastModifiedDate":"2026-01-30T13:31:01","isFullCredit":false},{"lineNumber":11,"author":{"gitId":"SeanTLY23"},"content":" * Main class for the Dude chatbot.","lastModifiedDate":"2026-01-30T13:31:01","isFullCredit":false},{"lineNumber":12,"author":{"gitId":"SeanTLY23"},"content":" * Handles task management including adding, listing, and marking tasks.","lastModifiedDate":"2026-01-30T13:31:01","isFullCredit":false},{"lineNumber":13,"author":{"gitId":"SeanTLY23"},"content":" */","lastModifiedDate":"2026-01-30T13:31:01","isFullCredit":false},{"lineNumber":14,"author":{"gitId":"SeanTLY23"},"content":"public class Dude {","lastModifiedDate":"2026-01-30T05:08:08","isFullCredit":false},{"lineNumber":15,"author":{"gitId":"SeanTLY23"},"content":"    public static final int MAX_TASKS \u003d 100;","lastModifiedDate":"2026-02-04T08:20:41","isFullCredit":false},{"lineNumber":16,"author":{"gitId":"SeanTLY23"},"content":"    private static Task[] taskList \u003d new Task[MAX_TASKS];","lastModifiedDate":"2026-02-04T08:20:41","isFullCredit":false},{"lineNumber":17,"author":{"gitId":"SeanTLY23"},"content":"    private static int taskCount \u003d 0;","lastModifiedDate":"2026-01-30T08:26:37","isFullCredit":false},{"lineNumber":18,"author":{"gitId":"SeanTLY23"},"content":"","lastModifiedDate":"2026-01-30T13:31:01","isFullCredit":false},{"lineNumber":19,"author":{"gitId":"SeanTLY23"},"content":"    public static void main(String[] args) {","lastModifiedDate":"2026-02-04T08:20:41","isFullCredit":false},{"lineNumber":20,"author":{"gitId":"SeanTLY23"},"content":"        printGreeting();","lastModifiedDate":"2026-02-04T08:20:41","isFullCredit":false},{"lineNumber":21,"author":{"gitId":"SeanTLY23"},"content":"        respondToMessage();","lastModifiedDate":"2026-02-04T08:20:41","isFullCredit":false},{"lineNumber":22,"author":{"gitId":"SeanTLY23"},"content":"    }","lastModifiedDate":"2026-02-04T08:20:41","isFullCredit":false},{"lineNumber":23,"author":{"gitId":"SeanTLY23"},"content":"","lastModifiedDate":"2026-02-04T08:20:41","isFullCredit":false},{"lineNumber":24,"author":{"gitId":"SeanTLY23"},"content":"    /**","lastModifiedDate":"2026-02-04T08:20:41","isFullCredit":false},{"lineNumber":25,"author":{"gitId":"SeanTLY23"},"content":"     * Processes user input in a loop until the \u0027bye\u0027 command is received.","lastModifiedDate":"2026-02-04T08:20:41","isFullCredit":false},{"lineNumber":26,"author":{"gitId":"SeanTLY23"},"content":"     */","lastModifiedDate":"2026-02-04T08:20:41","isFullCredit":false},{"lineNumber":27,"author":{"gitId":"SeanTLY23"},"content":"    public static void respondToMessage() {","lastModifiedDate":"2026-02-04T08:20:41","isFullCredit":false},{"lineNumber":28,"author":{"gitId":"SeanTLY23"},"content":"        Scanner in \u003d new Scanner(System.in);","lastModifiedDate":"2026-02-04T08:20:41","isFullCredit":false},{"lineNumber":29,"author":{"gitId":"SeanTLY23"},"content":"        boolean isRunning \u003d true;","lastModifiedDate":"2026-02-04T08:20:41","isFullCredit":false},{"lineNumber":30,"author":{"gitId":"SeanTLY23"},"content":"        while (isRunning) {","lastModifiedDate":"2026-02-04T08:20:41","isFullCredit":false},{"lineNumber":31,"author":{"gitId":"SeanTLY23"},"content":"            String line \u003d in.nextLine();","lastModifiedDate":"2026-02-04T08:20:41","isFullCredit":false},{"lineNumber":32,"author":{"gitId":"SeanTLY23"},"content":"            if (line.equalsIgnoreCase(\"bye\")) {","lastModifiedDate":"2026-02-04T08:20:41","isFullCredit":false},{"lineNumber":33,"author":{"gitId":"SeanTLY23"},"content":"                isRunning \u003d false;","lastModifiedDate":"2026-02-04T08:20:41","isFullCredit":false},{"lineNumber":34,"author":{"gitId":"SeanTLY23"},"content":"            } else {","lastModifiedDate":"2026-02-10T23:40:06","isFullCredit":false},{"lineNumber":35,"author":{"gitId":"SeanTLY23"},"content":"                handleLineCommand(line);","lastModifiedDate":"2026-02-10T23:40:06","isFullCredit":false},{"lineNumber":36,"author":{"gitId":"SeanTLY23"},"content":"            }","lastModifiedDate":"2026-02-10T23:40:06","isFullCredit":false},{"lineNumber":37,"author":{"gitId":"SeanTLY23"},"content":"        }","lastModifiedDate":"2026-02-04T08:20:41","isFullCredit":false},{"lineNumber":38,"author":{"gitId":"SeanTLY23"},"content":"        exitMessage();","lastModifiedDate":"2026-02-04T08:20:41","isFullCredit":false},{"lineNumber":39,"author":{"gitId":"SeanTLY23"},"content":"    }","lastModifiedDate":"2026-02-04T08:20:41","isFullCredit":false},{"lineNumber":40,"author":{"gitId":"SeanTLY23"},"content":"","lastModifiedDate":"2026-02-04T08:20:41","isFullCredit":false},{"lineNumber":41,"author":{"gitId":"SeanTLY23"},"content":"    /**","lastModifiedDate":"2026-02-04T08:20:41","isFullCredit":false},{"lineNumber":42,"author":{"gitId":"SeanTLY23"},"content":"     * Processes the command and handles errors, such as exceeding the 100-task limit.","lastModifiedDate":"2026-02-10T23:40:06","isFullCredit":false},{"lineNumber":43,"author":{"gitId":"SeanTLY23"},"content":"     *","lastModifiedDate":"2026-02-10T23:40:06","isFullCredit":false},{"lineNumber":44,"author":{"gitId":"SeanTLY23"},"content":"     * @param line The user input to be executed.","lastModifiedDate":"2026-02-10T23:40:06","isFullCredit":false},{"lineNumber":45,"author":{"gitId":"SeanTLY23"},"content":"     */","lastModifiedDate":"2026-02-10T23:40:06","isFullCredit":false},{"lineNumber":46,"author":{"gitId":"SeanTLY23"},"content":"    private static void handleLineCommand(String line) {","lastModifiedDate":"2026-02-10T23:40:06","isFullCredit":false},{"lineNumber":47,"author":{"gitId":"SeanTLY23"},"content":"        try {","lastModifiedDate":"2026-02-10T23:40:06","isFullCredit":false},{"lineNumber":48,"author":{"gitId":"SeanTLY23"},"content":"            processMessage(line);","lastModifiedDate":"2026-02-10T23:40:06","isFullCredit":false},{"lineNumber":49,"author":{"gitId":"SeanTLY23"},"content":"        } catch (DudeException e) {","lastModifiedDate":"2026-02-10T23:40:06","isFullCredit":false},{"lineNumber":50,"author":{"gitId":"SeanTLY23"},"content":"            printHorizontalLine();","lastModifiedDate":"2026-02-10T23:40:06","isFullCredit":false},{"lineNumber":51,"author":{"gitId":"SeanTLY23"},"content":"            System.out.println(e.getMessage());","lastModifiedDate":"2026-02-10T23:40:06","isFullCredit":false},{"lineNumber":52,"author":{"gitId":"SeanTLY23"},"content":"            printHorizontalLine();","lastModifiedDate":"2026-02-10T23:40:06","isFullCredit":false},{"lineNumber":53,"author":{"gitId":"SeanTLY23"},"content":"        }","lastModifiedDate":"2026-02-10T23:40:06","isFullCredit":false},{"lineNumber":54,"author":{"gitId":"SeanTLY23"},"content":"    }","lastModifiedDate":"2026-02-10T23:40:06","isFullCredit":false},{"lineNumber":55,"author":{"gitId":"SeanTLY23"},"content":"","lastModifiedDate":"2026-02-10T23:40:06","isFullCredit":false},{"lineNumber":56,"author":{"gitId":"SeanTLY23"},"content":"    /**","lastModifiedDate":"2026-02-10T23:40:06","isFullCredit":false},{"lineNumber":57,"author":{"gitId":"SeanTLY23"},"content":"     * Manages command flow by handling terminal actions and coordinates the addition of new tasks","lastModifiedDate":"2026-02-11T04:05:43","isFullCredit":false},{"lineNumber":58,"author":{"gitId":"SeanTLY23"},"content":"     *","lastModifiedDate":"2026-02-04T08:20:41","isFullCredit":false},{"lineNumber":59,"author":{"gitId":"SeanTLY23"},"content":"     * @param line The raw string input from the user.","lastModifiedDate":"2026-02-04T08:20:41","isFullCredit":false},{"lineNumber":60,"author":{"gitId":"SeanTLY23"},"content":"     * @throws DudeException If the command is invalid or the task limit is reached.","lastModifiedDate":"2026-02-11T04:05:43","isFullCredit":false},{"lineNumber":61,"author":{"gitId":"SeanTLY23"},"content":"     */","lastModifiedDate":"2026-02-04T08:20:41","isFullCredit":false},{"lineNumber":62,"author":{"gitId":"SeanTLY23"},"content":"    private static void processMessage(String line) throws DudeException {","lastModifiedDate":"2026-02-10T23:40:06","isFullCredit":false},{"lineNumber":63,"author":{"gitId":"SeanTLY23"},"content":"        if (isTerminalCommand(line)) return;","lastModifiedDate":"2026-02-11T04:05:43","isFullCredit":false},{"lineNumber":64,"author":{"gitId":"SeanTLY23"},"content":"        taskExceeded();","lastModifiedDate":"2026-02-10T23:40:06","isFullCredit":false},{"lineNumber":65,"author":{"gitId":"SeanTLY23"},"content":"        addTaskByType(line);","lastModifiedDate":"2026-02-04T08:20:41","isFullCredit":false},{"lineNumber":66,"author":{"gitId":"SeanTLY23"},"content":"        taskCreatedMessage();","lastModifiedDate":"2026-02-04T08:20:41","isFullCredit":false},{"lineNumber":67,"author":{"gitId":"SeanTLY23"},"content":"    }","lastModifiedDate":"2026-02-04T08:20:41","isFullCredit":false},{"lineNumber":68,"author":{"gitId":"SeanTLY23"},"content":"","lastModifiedDate":"2026-02-11T04:05:43","isFullCredit":false},{"lineNumber":69,"author":{"gitId":"SeanTLY23"},"content":"    /**","lastModifiedDate":"2026-02-11T04:05:43","isFullCredit":false},{"lineNumber":70,"author":{"gitId":"SeanTLY23"},"content":"     * Validates the command syntax and executes non-task actions like list or mark.","lastModifiedDate":"2026-02-11T04:05:43","isFullCredit":false},{"lineNumber":71,"author":{"gitId":"SeanTLY23"},"content":"     *","lastModifiedDate":"2026-02-11T04:05:43","isFullCredit":false},{"lineNumber":72,"author":{"gitId":"SeanTLY23"},"content":"     * @param line The raw user input string.","lastModifiedDate":"2026-02-11T04:05:43","isFullCredit":false},{"lineNumber":73,"author":{"gitId":"SeanTLY23"},"content":"     * @return true if the command was a non-task action (terminal);","lastModifiedDate":"2026-02-11T04:05:43","isFullCredit":false},{"lineNumber":74,"author":{"gitId":"SeanTLY23"},"content":"     * false if it is a valid task that needs to be added to the list.","lastModifiedDate":"2026-02-11T04:05:43","isFullCredit":false},{"lineNumber":75,"author":{"gitId":"SeanTLY23"},"content":"     * @throws DudeException If the input is empty, the command is unknown,","lastModifiedDate":"2026-02-11T04:05:43","isFullCredit":false},{"lineNumber":76,"author":{"gitId":"SeanTLY23"},"content":"     *                       or specific keywords (like /by) are missing.","lastModifiedDate":"2026-02-11T04:05:43","isFullCredit":false},{"lineNumber":77,"author":{"gitId":"SeanTLY23"},"content":"     */","lastModifiedDate":"2026-02-11T04:05:43","isFullCredit":false},{"lineNumber":78,"author":{"gitId":"SeanTLY23"},"content":"    private static boolean isTerminalCommand(String line) throws DudeException {","lastModifiedDate":"2026-02-11T04:05:43","isFullCredit":false},{"lineNumber":79,"author":{"gitId":"SeanTLY23"},"content":"        String filteredMessage \u003d line.trim();","lastModifiedDate":"2026-02-11T04:05:43","isFullCredit":false},{"lineNumber":80,"author":{"gitId":"SeanTLY23"},"content":"        if (filteredMessage.isEmpty()) {","lastModifiedDate":"2026-02-11T04:05:43","isFullCredit":false},{"lineNumber":81,"author":{"gitId":"SeanTLY23"},"content":"            throw new DudeException(\"your message cannot be empty.\");","lastModifiedDate":"2026-02-11T04:05:43","isFullCredit":false},{"lineNumber":82,"author":{"gitId":"SeanTLY23"},"content":"        }","lastModifiedDate":"2026-02-11T04:05:43","isFullCredit":false},{"lineNumber":83,"author":{"gitId":"SeanTLY23"},"content":"        String command \u003d getTaskType(line).toLowerCase();","lastModifiedDate":"2026-02-11T04:05:43","isFullCredit":false},{"lineNumber":84,"author":{"gitId":"SeanTLY23"},"content":"        switch (command) {","lastModifiedDate":"2026-02-11T04:05:43","isFullCredit":false},{"lineNumber":85,"author":{"gitId":"SeanTLY23"},"content":"        case \"list\":","lastModifiedDate":"2026-02-11T04:05:43","isFullCredit":false},{"lineNumber":86,"author":{"gitId":"SeanTLY23"},"content":"            listTasks();","lastModifiedDate":"2026-02-11T04:05:43","isFullCredit":false},{"lineNumber":87,"author":{"gitId":"SeanTLY23"},"content":"            return true;","lastModifiedDate":"2026-02-11T04:05:43","isFullCredit":false},{"lineNumber":88,"author":{"gitId":"SeanTLY23"},"content":"        case \"unmark\":","lastModifiedDate":"2026-02-11T04:05:43","isFullCredit":false},{"lineNumber":89,"author":{"gitId":"SeanTLY23"},"content":"            handleMarking(line, false);","lastModifiedDate":"2026-02-11T04:05:43","isFullCredit":false},{"lineNumber":90,"author":{"gitId":"SeanTLY23"},"content":"            return true;","lastModifiedDate":"2026-02-11T04:05:43","isFullCredit":false},{"lineNumber":91,"author":{"gitId":"SeanTLY23"},"content":"        case \"mark\":","lastModifiedDate":"2026-02-11T04:05:43","isFullCredit":false},{"lineNumber":92,"author":{"gitId":"SeanTLY23"},"content":"            handleMarking(line, true);","lastModifiedDate":"2026-02-11T04:05:43","isFullCredit":false},{"lineNumber":93,"author":{"gitId":"SeanTLY23"},"content":"            return true;","lastModifiedDate":"2026-02-11T04:05:43","isFullCredit":false},{"lineNumber":94,"author":{"gitId":"SeanTLY23"},"content":"        case \"deadline\":","lastModifiedDate":"2026-02-11T04:05:43","isFullCredit":false},{"lineNumber":95,"author":{"gitId":"SeanTLY23"},"content":"            if (!filteredMessage.contains(\"/by\")) {","lastModifiedDate":"2026-02-11T04:05:43","isFullCredit":false},{"lineNumber":96,"author":{"gitId":"SeanTLY23"},"content":"                throw new DudeException(\"deadline task must have a /by.\");","lastModifiedDate":"2026-02-11T04:05:43","isFullCredit":false},{"lineNumber":97,"author":{"gitId":"SeanTLY23"},"content":"            }","lastModifiedDate":"2026-02-11T04:05:43","isFullCredit":false},{"lineNumber":98,"author":{"gitId":"SeanTLY23"},"content":"            break;","lastModifiedDate":"2026-02-11T04:05:43","isFullCredit":false},{"lineNumber":99,"author":{"gitId":"SeanTLY23"},"content":"        case \"event\":","lastModifiedDate":"2026-02-11T04:05:43","isFullCredit":false},{"lineNumber":100,"author":{"gitId":"SeanTLY23"},"content":"            if (!filteredMessage.contains(\"/from\") || !filteredMessage.contains(\"/to\")) {","lastModifiedDate":"2026-02-11T04:05:43","isFullCredit":false},{"lineNumber":101,"author":{"gitId":"SeanTLY23"},"content":"                throw new DudeException(\"event task must have a /from and a /to.\");","lastModifiedDate":"2026-02-11T04:05:43","isFullCredit":false},{"lineNumber":102,"author":{"gitId":"SeanTLY23"},"content":"            }","lastModifiedDate":"2026-02-11T04:05:43","isFullCredit":false},{"lineNumber":103,"author":{"gitId":"SeanTLY23"},"content":"            break;","lastModifiedDate":"2026-02-11T04:05:43","isFullCredit":false},{"lineNumber":104,"author":{"gitId":"SeanTLY23"},"content":"        case \"todo\":","lastModifiedDate":"2026-02-11T04:05:43","isFullCredit":false},{"lineNumber":105,"author":{"gitId":"SeanTLY23"},"content":"            if (!filteredMessage.contains(\" \")) {","lastModifiedDate":"2026-02-11T04:05:43","isFullCredit":false},{"lineNumber":106,"author":{"gitId":"SeanTLY23"},"content":"                throw new DudeException(\"your todo task cannot be empty.\");","lastModifiedDate":"2026-02-11T04:05:43","isFullCredit":false},{"lineNumber":107,"author":{"gitId":"SeanTLY23"},"content":"            }","lastModifiedDate":"2026-02-11T04:05:43","isFullCredit":false},{"lineNumber":108,"author":{"gitId":"SeanTLY23"},"content":"            break;","lastModifiedDate":"2026-02-11T04:05:43","isFullCredit":false},{"lineNumber":109,"author":{"gitId":"SeanTLY23"},"content":"        default:","lastModifiedDate":"2026-02-11T04:05:43","isFullCredit":false},{"lineNumber":110,"author":{"gitId":"SeanTLY23"},"content":"            throw new DudeException(\"only the following commands are valid: list,mark,unmark,deadline,event or todo.\");","lastModifiedDate":"2026-02-11T04:05:43","isFullCredit":false},{"lineNumber":111,"author":{"gitId":"SeanTLY23"},"content":"        }","lastModifiedDate":"2026-02-11T04:05:43","isFullCredit":false},{"lineNumber":112,"author":{"gitId":"SeanTLY23"},"content":"        return false;","lastModifiedDate":"2026-02-11T04:05:43","isFullCredit":false},{"lineNumber":113,"author":{"gitId":"SeanTLY23"},"content":"    }","lastModifiedDate":"2026-02-04T08:20:41","isFullCredit":false},{"lineNumber":114,"author":{"gitId":"SeanTLY23"},"content":"","lastModifiedDate":"2026-02-04T08:20:41","isFullCredit":false},{"lineNumber":115,"author":{"gitId":"SeanTLY23"},"content":"    /**","lastModifiedDate":"2026-02-10T23:40:06","isFullCredit":false},{"lineNumber":116,"author":{"gitId":"SeanTLY23"},"content":"     * Ensures the task list does not exceed the maximum capacity of MAX_TASKS.","lastModifiedDate":"2026-02-10T23:40:06","isFullCredit":false},{"lineNumber":117,"author":{"gitId":"SeanTLY23"},"content":"     *","lastModifiedDate":"2026-02-10T23:40:06","isFullCredit":false},{"lineNumber":118,"author":{"gitId":"SeanTLY23"},"content":"     * @throws DudeException If the task count has reached MAX_TASKS.","lastModifiedDate":"2026-02-10T23:40:06","isFullCredit":false},{"lineNumber":119,"author":{"gitId":"SeanTLY23"},"content":"     */","lastModifiedDate":"2026-02-10T23:40:06","isFullCredit":false},{"lineNumber":120,"author":{"gitId":"SeanTLY23"},"content":"    private static void taskExceeded() throws DudeException {","lastModifiedDate":"2026-02-10T23:40:06","isFullCredit":false},{"lineNumber":121,"author":{"gitId":"SeanTLY23"},"content":"        if (taskCount \u003e\u003d MAX_TASKS) {","lastModifiedDate":"2026-02-10T23:40:06","isFullCredit":false},{"lineNumber":122,"author":{"gitId":"SeanTLY23"},"content":"            throw new DudeException(\"this list is already full.\");","lastModifiedDate":"2026-02-10T23:40:06","isFullCredit":false},{"lineNumber":123,"author":{"gitId":"SeanTLY23"},"content":"        }","lastModifiedDate":"2026-02-10T23:40:06","isFullCredit":false},{"lineNumber":124,"author":{"gitId":"SeanTLY23"},"content":"    }","lastModifiedDate":"2026-02-10T23:40:06","isFullCredit":false},{"lineNumber":125,"author":{"gitId":"SeanTLY23"},"content":"","lastModifiedDate":"2026-02-10T23:40:06","isFullCredit":false},{"lineNumber":126,"author":{"gitId":"SeanTLY23"},"content":"    /**","lastModifiedDate":"2026-02-04T08:20:41","isFullCredit":false},{"lineNumber":127,"author":{"gitId":"SeanTLY23"},"content":"     * Updates the completion status of a task and provides feedback to the user.","lastModifiedDate":"2026-02-04T08:20:41","isFullCredit":false},{"lineNumber":128,"author":{"gitId":"SeanTLY23"},"content":"     *","lastModifiedDate":"2026-02-04T08:20:41","isFullCredit":false},{"lineNumber":129,"author":{"gitId":"SeanTLY23"},"content":"     * @param line   The raw user input containing the task index.","lastModifiedDate":"2026-02-04T08:20:41","isFullCredit":false},{"lineNumber":130,"author":{"gitId":"SeanTLY23"},"content":"     * @param isDone The new status to set (true for marked, false for unmarked).","lastModifiedDate":"2026-02-04T08:20:41","isFullCredit":false},{"lineNumber":131,"author":{"gitId":"SeanTLY23"},"content":"     * @throws DudeException If the task number is out of the valid range of the current list.","lastModifiedDate":"2026-02-11T04:35:58","isFullCredit":false},{"lineNumber":132,"author":{"gitId":"SeanTLY23"},"content":"     */","lastModifiedDate":"2026-02-04T08:20:41","isFullCredit":false},{"lineNumber":133,"author":{"gitId":"SeanTLY23"},"content":"    private static void handleMarking(String line, boolean isDone) throws DudeException {","lastModifiedDate":"2026-02-11T04:35:58","isFullCredit":false},{"lineNumber":134,"author":{"gitId":"SeanTLY23"},"content":"        int index \u003d getTaskNumber(line) - 1;","lastModifiedDate":"2026-02-04T08:20:41","isFullCredit":false},{"lineNumber":135,"author":{"gitId":"SeanTLY23"},"content":"        if (index \u003e\u003d taskCount || index \u003c 0) {","lastModifiedDate":"2026-02-11T04:35:58","isFullCredit":false},{"lineNumber":136,"author":{"gitId":"SeanTLY23"},"content":"            throw new DudeException(\"this task number is not valid\");","lastModifiedDate":"2026-02-11T04:35:58","isFullCredit":false},{"lineNumber":137,"author":{"gitId":"SeanTLY23"},"content":"        }","lastModifiedDate":"2026-02-11T04:35:58","isFullCredit":false},{"lineNumber":138,"author":{"gitId":"SeanTLY23"},"content":"        taskList[index].setDone(isDone);","lastModifiedDate":"2026-02-04T08:20:41","isFullCredit":false},{"lineNumber":139,"author":{"gitId":"SeanTLY23"},"content":"        String feedback \u003d isDone","lastModifiedDate":"2026-02-04T08:20:41","isFullCredit":false},{"lineNumber":140,"author":{"gitId":"SeanTLY23"},"content":"                ? \"Dude OKAY. I\u0027ve marked this task as done:\\n \"","lastModifiedDate":"2026-02-04T08:20:41","isFullCredit":false},{"lineNumber":141,"author":{"gitId":"SeanTLY23"},"content":"                : \"Dude really? I\u0027ve marked this task as not done yet:\\n\";","lastModifiedDate":"2026-02-04T08:20:41","isFullCredit":false},{"lineNumber":142,"author":{"gitId":"SeanTLY23"},"content":"        printHorizontalLine();","lastModifiedDate":"2026-02-04T08:20:41","isFullCredit":false},{"lineNumber":143,"author":{"gitId":"SeanTLY23"},"content":"        System.out.println(feedback + taskList[index]);","lastModifiedDate":"2026-02-04T08:20:41","isFullCredit":false},{"lineNumber":144,"author":{"gitId":"SeanTLY23"},"content":"        printHorizontalLine();","lastModifiedDate":"2026-02-04T08:20:41","isFullCredit":false},{"lineNumber":145,"author":{"gitId":"SeanTLY23"},"content":"    }","lastModifiedDate":"2026-02-04T08:20:41","isFullCredit":false},{"lineNumber":146,"author":{"gitId":"SeanTLY23"},"content":"","lastModifiedDate":"2026-02-04T08:20:41","isFullCredit":false},{"lineNumber":147,"author":{"gitId":"SeanTLY23"},"content":"    /**","lastModifiedDate":"2026-02-04T08:20:41","isFullCredit":false},{"lineNumber":148,"author":{"gitId":"SeanTLY23"},"content":"     * Prints a confirmation message after a task is successfully added to the list.","lastModifiedDate":"2026-02-04T08:20:41","isFullCredit":false},{"lineNumber":149,"author":{"gitId":"SeanTLY23"},"content":"     */","lastModifiedDate":"2026-02-04T08:20:41","isFullCredit":false},{"lineNumber":150,"author":{"gitId":"SeanTLY23"},"content":"    private static void taskCreatedMessage() {","lastModifiedDate":"2026-02-04T08:20:41","isFullCredit":false},{"lineNumber":151,"author":{"gitId":"SeanTLY23"},"content":"        printHorizontalLine();","lastModifiedDate":"2026-02-04T08:20:41","isFullCredit":false},{"lineNumber":152,"author":{"gitId":"SeanTLY23"},"content":"        System.out.println(","lastModifiedDate":"2026-02-04T08:20:41","isFullCredit":false},{"lineNumber":153,"author":{"gitId":"SeanTLY23"},"content":"                \"Dude I got it. I\u0027ve added this task:\\n\" + taskList[taskCount - 1] + \"\\nNow you have \"","lastModifiedDate":"2026-02-04T08:20:41","isFullCredit":false},{"lineNumber":154,"author":{"gitId":"SeanTLY23"},"content":"                        + taskCount + \" tasks in the list.\");","lastModifiedDate":"2026-02-04T08:20:41","isFullCredit":false},{"lineNumber":155,"author":{"gitId":"SeanTLY23"},"content":"        printHorizontalLine();","lastModifiedDate":"2026-02-04T08:20:41","isFullCredit":false},{"lineNumber":156,"author":{"gitId":"SeanTLY23"},"content":"    }","lastModifiedDate":"2026-02-04T08:20:41","isFullCredit":false},{"lineNumber":157,"author":{"gitId":"SeanTLY23"},"content":"","lastModifiedDate":"2026-02-04T08:20:41","isFullCredit":false},{"lineNumber":158,"author":{"gitId":"SeanTLY23"},"content":"    /**","lastModifiedDate":"2026-02-04T08:20:41","isFullCredit":false},{"lineNumber":159,"author":{"gitId":"SeanTLY23"},"content":"     * Validates and adds the corresponding task type to the task list.","lastModifiedDate":"2026-02-11T04:05:43","isFullCredit":false},{"lineNumber":160,"author":{"gitId":"SeanTLY23"},"content":"     *","lastModifiedDate":"2026-02-04T08:20:41","isFullCredit":false},{"lineNumber":161,"author":{"gitId":"SeanTLY23"},"content":"     * @param line The raw user input containing the task type and details.","lastModifiedDate":"2026-02-04T08:20:41","isFullCredit":false},{"lineNumber":162,"author":{"gitId":"SeanTLY23"},"content":"     * @throws DudeException If any required part of the task is missing.","lastModifiedDate":"2026-02-11T04:05:43","isFullCredit":false},{"lineNumber":163,"author":{"gitId":"SeanTLY23"},"content":"     */","lastModifiedDate":"2026-02-04T08:20:41","isFullCredit":false},{"lineNumber":164,"author":{"gitId":"SeanTLY23"},"content":"    private static void addTaskByType(String line) throws DudeException {","lastModifiedDate":"2026-02-11T04:05:43","isFullCredit":false},{"lineNumber":165,"author":{"gitId":"SeanTLY23"},"content":"        switch (getTaskType(line).toLowerCase()) {","lastModifiedDate":"2026-02-11T04:05:43","isFullCredit":false},{"lineNumber":166,"author":{"gitId":"SeanTLY23"},"content":"        case \"todo\":","lastModifiedDate":"2026-02-04T08:20:41","isFullCredit":false},{"lineNumber":167,"author":{"gitId":"SeanTLY23"},"content":"            taskList[taskCount] \u003d new Todo(getTaskDescription(line));","lastModifiedDate":"2026-02-04T08:20:41","isFullCredit":false},{"lineNumber":168,"author":{"gitId":"SeanTLY23"},"content":"            break;","lastModifiedDate":"2026-02-04T08:20:41","isFullCredit":false},{"lineNumber":169,"author":{"gitId":"SeanTLY23"},"content":"        case \"deadline\":","lastModifiedDate":"2026-02-04T08:20:41","isFullCredit":false},{"lineNumber":170,"author":{"gitId":"SeanTLY23"},"content":"            if (getTaskDescription(line).isEmpty()) {","lastModifiedDate":"2026-02-11T04:05:43","isFullCredit":false},{"lineNumber":171,"author":{"gitId":"SeanTLY23"},"content":"                throw new DudeException(\"your deadline task cannot be empty\");","lastModifiedDate":"2026-02-11T04:05:43","isFullCredit":false},{"lineNumber":172,"author":{"gitId":"SeanTLY23"},"content":"            }","lastModifiedDate":"2026-02-11T04:05:43","isFullCredit":false},{"lineNumber":173,"author":{"gitId":"SeanTLY23"},"content":"            if (getDeadlineDate(line).isEmpty()) {","lastModifiedDate":"2026-02-11T04:05:43","isFullCredit":false},{"lineNumber":174,"author":{"gitId":"SeanTLY23"},"content":"                throw new DudeException(\"your deadline /by cannot be empty\");","lastModifiedDate":"2026-02-11T04:05:43","isFullCredit":false},{"lineNumber":175,"author":{"gitId":"SeanTLY23"},"content":"            }","lastModifiedDate":"2026-02-11T04:05:43","isFullCredit":false},{"lineNumber":176,"author":{"gitId":"SeanTLY23"},"content":"            taskList[taskCount] \u003d new Deadline(getTaskDescription(line), getDeadlineDate(line));","lastModifiedDate":"2026-02-04T08:20:41","isFullCredit":false},{"lineNumber":177,"author":{"gitId":"SeanTLY23"},"content":"            break;","lastModifiedDate":"2026-02-04T08:20:41","isFullCredit":false},{"lineNumber":178,"author":{"gitId":"SeanTLY23"},"content":"        case \"event\":","lastModifiedDate":"2026-02-04T08:20:41","isFullCredit":false},{"lineNumber":179,"author":{"gitId":"SeanTLY23"},"content":"            if (getTaskDescription(line).isEmpty()) {","lastModifiedDate":"2026-02-11T04:05:43","isFullCredit":false},{"lineNumber":180,"author":{"gitId":"SeanTLY23"},"content":"                throw new DudeException(\"your event task cannot be empty\");","lastModifiedDate":"2026-02-11T04:05:43","isFullCredit":false},{"lineNumber":181,"author":{"gitId":"SeanTLY23"},"content":"            }","lastModifiedDate":"2026-02-11T04:05:43","isFullCredit":false},{"lineNumber":182,"author":{"gitId":"SeanTLY23"},"content":"            if (getEventFromTime(line).isEmpty() || getEventToTime(line).isEmpty()) {","lastModifiedDate":"2026-02-11T04:05:43","isFullCredit":false},{"lineNumber":183,"author":{"gitId":"SeanTLY23"},"content":"                throw new DudeException(\"your event /from or /to cannot be empty\");","lastModifiedDate":"2026-02-11T04:05:43","isFullCredit":false},{"lineNumber":184,"author":{"gitId":"SeanTLY23"},"content":"            }","lastModifiedDate":"2026-02-11T04:05:43","isFullCredit":false},{"lineNumber":185,"author":{"gitId":"SeanTLY23"},"content":"            if (getEventToTime(line).contains(\"/from\")) {","lastModifiedDate":"2026-02-11T04:35:58","isFullCredit":false},{"lineNumber":186,"author":{"gitId":"SeanTLY23"},"content":"                throw new DudeException(\"your /from must be before /to\");","lastModifiedDate":"2026-02-11T04:35:58","isFullCredit":false},{"lineNumber":187,"author":{"gitId":"SeanTLY23"},"content":"            }","lastModifiedDate":"2026-02-11T04:35:58","isFullCredit":false},{"lineNumber":188,"author":{"gitId":"SeanTLY23"},"content":"            taskList[taskCount] \u003d","lastModifiedDate":"2026-02-04T08:20:41","isFullCredit":false},{"lineNumber":189,"author":{"gitId":"SeanTLY23"},"content":"                    new Event(getTaskDescription(line), getEventFromTime(line), getEventToTime(line));","lastModifiedDate":"2026-02-04T08:20:41","isFullCredit":false},{"lineNumber":190,"author":{"gitId":"SeanTLY23"},"content":"            break;","lastModifiedDate":"2026-02-04T08:20:41","isFullCredit":false},{"lineNumber":191,"author":{"gitId":"SeanTLY23"},"content":"        default:","lastModifiedDate":"2026-02-04T08:20:41","isFullCredit":false},{"lineNumber":192,"author":{"gitId":"SeanTLY23"},"content":"            break;","lastModifiedDate":"2026-02-04T08:20:41","isFullCredit":false},{"lineNumber":193,"author":{"gitId":"SeanTLY23"},"content":"        }","lastModifiedDate":"2026-02-04T08:20:41","isFullCredit":false},{"lineNumber":194,"author":{"gitId":"SeanTLY23"},"content":"        taskCount +\u003d 1;","lastModifiedDate":"2026-02-04T08:20:41","isFullCredit":false},{"lineNumber":195,"author":{"gitId":"SeanTLY23"},"content":"    }","lastModifiedDate":"2026-02-04T08:20:41","isFullCredit":false},{"lineNumber":196,"author":{"gitId":"SeanTLY23"},"content":"","lastModifiedDate":"2026-02-04T08:20:41","isFullCredit":false},{"lineNumber":197,"author":{"gitId":"SeanTLY23"},"content":"    /**","lastModifiedDate":"2026-02-04T08:20:41","isFullCredit":false},{"lineNumber":198,"author":{"gitId":"SeanTLY23"},"content":"     * Prints the closing message when the user exits the chatbot.","lastModifiedDate":"2026-02-04T08:20:41","isFullCredit":false},{"lineNumber":199,"author":{"gitId":"SeanTLY23"},"content":"     */","lastModifiedDate":"2026-02-04T08:20:41","isFullCredit":false},{"lineNumber":200,"author":{"gitId":"SeanTLY23"},"content":"    private static void exitMessage() {","lastModifiedDate":"2026-02-04T08:20:41","isFullCredit":false},{"lineNumber":201,"author":{"gitId":"SeanTLY23"},"content":"        System.out.println(\"Dude that\u0027s it? Okay Bye. See you again soon I hope.\");","lastModifiedDate":"2026-02-04T08:20:41","isFullCredit":false},{"lineNumber":202,"author":{"gitId":"SeanTLY23"},"content":"        printHorizontalLine();","lastModifiedDate":"2026-02-04T08:20:41","isFullCredit":false},{"lineNumber":203,"author":{"gitId":"SeanTLY23"},"content":"    }","lastModifiedDate":"2026-02-04T08:20:41","isFullCredit":false},{"lineNumber":204,"author":{"gitId":"SeanTLY23"},"content":"","lastModifiedDate":"2026-02-04T08:20:41","isFullCredit":false},{"lineNumber":205,"author":{"gitId":"SeanTLY23"},"content":"    /**","lastModifiedDate":"2026-02-04T08:20:41","isFullCredit":false},{"lineNumber":206,"author":{"gitId":"SeanTLY23"},"content":"     * Iterates through the task list and prints each task with its index number.","lastModifiedDate":"2026-02-04T08:20:41","isFullCredit":false},{"lineNumber":207,"author":{"gitId":"SeanTLY23"},"content":"     */","lastModifiedDate":"2026-02-04T08:20:41","isFullCredit":false},{"lineNumber":208,"author":{"gitId":"SeanTLY23"},"content":"    private static void listTasks() {","lastModifiedDate":"2026-02-04T08:20:41","isFullCredit":false},{"lineNumber":209,"author":{"gitId":"SeanTLY23"},"content":"        printHorizontalLine();","lastModifiedDate":"2026-02-04T08:20:41","isFullCredit":false},{"lineNumber":210,"author":{"gitId":"SeanTLY23"},"content":"        System.out.println(\"Here are the tasks in your list:\");","lastModifiedDate":"2026-02-04T08:20:41","isFullCredit":false},{"lineNumber":211,"author":{"gitId":"SeanTLY23"},"content":"        for (int i \u003d 0; i \u003c taskCount; i++) {","lastModifiedDate":"2026-02-04T08:20:41","isFullCredit":false},{"lineNumber":212,"author":{"gitId":"SeanTLY23"},"content":"            System.out.println((i + 1) + \".\" + taskList[i]);","lastModifiedDate":"2026-02-04T08:20:41","isFullCredit":false},{"lineNumber":213,"author":{"gitId":"SeanTLY23"},"content":"        }","lastModifiedDate":"2026-02-04T08:20:41","isFullCredit":false},{"lineNumber":214,"author":{"gitId":"SeanTLY23"},"content":"        printHorizontalLine();","lastModifiedDate":"2026-02-04T08:20:41","isFullCredit":false},{"lineNumber":215,"author":{"gitId":"SeanTLY23"},"content":"    }","lastModifiedDate":"2026-02-04T08:20:41","isFullCredit":false},{"lineNumber":216,"author":{"gitId":"SeanTLY23"},"content":"","lastModifiedDate":"2026-02-04T08:20:41","isFullCredit":false},{"lineNumber":217,"author":{"gitId":"SeanTLY23"},"content":"    /**","lastModifiedDate":"2026-02-04T08:20:41","isFullCredit":false},{"lineNumber":218,"author":{"gitId":"SeanTLY23"},"content":"     * Displays initial welcome message.","lastModifiedDate":"2026-02-04T08:20:41","isFullCredit":false},{"lineNumber":219,"author":{"gitId":"SeanTLY23"},"content":"     */","lastModifiedDate":"2026-02-04T08:20:41","isFullCredit":false},{"lineNumber":220,"author":{"gitId":"SeanTLY23"},"content":"    private static void printGreeting() {","lastModifiedDate":"2026-02-04T08:20:41","isFullCredit":false},{"lineNumber":221,"author":{"gitId":"SeanTLY23"},"content":"        String logo \u003d","lastModifiedDate":"2026-02-04T08:20:41","isFullCredit":false},{"lineNumber":222,"author":{"gitId":"SeanTLY23"},"content":"                \"\"\"","lastModifiedDate":"2026-02-10T23:40:06","isFullCredit":false},{"lineNumber":223,"author":{"gitId":"SeanTLY23"},"content":"                         ____        _____","lastModifiedDate":"2026-02-10T23:40:06","isFullCredit":false},{"lineNumber":224,"author":{"gitId":"SeanTLY23"},"content":"                        |  _ \\\\ _   _|  _ \\\\   ___","lastModifiedDate":"2026-02-10T23:40:06","isFullCredit":false},{"lineNumber":225,"author":{"gitId":"SeanTLY23"},"content":"                        | | | | | | | | | |/  _ \\\\","lastModifiedDate":"2026-02-10T23:40:06","isFullCredit":false},{"lineNumber":226,"author":{"gitId":"SeanTLY23"},"content":"                        | |_| | |_| | |_| |\\\\  __/","lastModifiedDate":"2026-02-10T23:40:06","isFullCredit":false},{"lineNumber":227,"author":{"gitId":"SeanTLY23"},"content":"                        |____/ \\\\__,_|____/  \\\\___|","lastModifiedDate":"2026-02-10T23:40:06","isFullCredit":false},{"lineNumber":228,"author":{"gitId":"SeanTLY23"},"content":"                        \"\"\";","lastModifiedDate":"2026-02-10T23:40:06","isFullCredit":false},{"lineNumber":229,"author":{"gitId":"SeanTLY23"},"content":"        printHorizontalLine();","lastModifiedDate":"2026-02-04T08:20:41","isFullCredit":false},{"lineNumber":230,"author":{"gitId":"SeanTLY23"},"content":"        System.out.println(logo + \"Hello! I\u0027m Dude\\nWhat can I do for you?\");","lastModifiedDate":"2026-02-04T08:20:41","isFullCredit":false},{"lineNumber":231,"author":{"gitId":"SeanTLY23"},"content":"        printHorizontalLine();","lastModifiedDate":"2026-02-04T08:20:41","isFullCredit":false},{"lineNumber":232,"author":{"gitId":"SeanTLY23"},"content":"    }","lastModifiedDate":"2026-02-04T08:20:41","isFullCredit":false},{"lineNumber":233,"author":{"gitId":"SeanTLY23"},"content":"","lastModifiedDate":"2026-02-04T08:20:41","isFullCredit":false},{"lineNumber":234,"author":{"gitId":"SeanTLY23"},"content":"    /**","lastModifiedDate":"2026-01-30T13:31:01","isFullCredit":false},{"lineNumber":235,"author":{"gitId":"SeanTLY23"},"content":"     * Prints a horizontal separator line to the console.","lastModifiedDate":"2026-01-30T13:31:01","isFullCredit":false},{"lineNumber":236,"author":{"gitId":"SeanTLY23"},"content":"     */","lastModifiedDate":"2026-01-30T13:31:01","isFullCredit":false},{"lineNumber":237,"author":{"gitId":"SeanTLY23"},"content":"    public static void printHorizontalLine() {","lastModifiedDate":"2026-01-30T05:08:08","isFullCredit":false},{"lineNumber":238,"author":{"gitId":"SeanTLY23"},"content":"        System.out.println(\"____________________________________\");","lastModifiedDate":"2026-01-30T05:08:08","isFullCredit":false},{"lineNumber":239,"author":{"gitId":"SeanTLY23"},"content":"    }","lastModifiedDate":"2026-01-30T05:08:08","isFullCredit":false},{"lineNumber":240,"author":{"gitId":"SeanTLY23"},"content":"","lastModifiedDate":"2026-01-30T13:31:01","isFullCredit":false},{"lineNumber":241,"author":{"gitId":"SeanTLY23"},"content":"    /**","lastModifiedDate":"2026-01-30T13:31:01","isFullCredit":false},{"lineNumber":242,"author":{"gitId":"SeanTLY23"},"content":"     * Extracts the task index number from a command string.","lastModifiedDate":"2026-01-30T13:31:01","isFullCredit":false},{"lineNumber":243,"author":{"gitId":"SeanTLY23"},"content":"     *","lastModifiedDate":"2026-01-30T13:31:01","isFullCredit":false},{"lineNumber":244,"author":{"gitId":"SeanTLY23"},"content":"     * @param message The raw user input.","lastModifiedDate":"2026-01-30T13:31:01","isFullCredit":false},{"lineNumber":245,"author":{"gitId":"SeanTLY23"},"content":"     * @return The integer task number.","lastModifiedDate":"2026-01-30T13:31:01","isFullCredit":false},{"lineNumber":246,"author":{"gitId":"SeanTLY23"},"content":"     * @throws DudeException If no number is provided or if the input cannot be parsed as an integer.","lastModifiedDate":"2026-02-11T04:35:58","isFullCredit":false},{"lineNumber":247,"author":{"gitId":"SeanTLY23"},"content":"     */","lastModifiedDate":"2026-01-30T13:31:01","isFullCredit":false},{"lineNumber":248,"author":{"gitId":"SeanTLY23"},"content":"    public static int getTaskNumber(String message) throws DudeException {","lastModifiedDate":"2026-02-11T04:35:58","isFullCredit":false},{"lineNumber":249,"author":{"gitId":"SeanTLY23"},"content":"        String[] messageParts \u003d message.split(\" \", 2);","lastModifiedDate":"2026-02-10T23:40:06","isFullCredit":false},{"lineNumber":250,"author":{"gitId":"SeanTLY23"},"content":"        if (messageParts.length \u003c 2 || messageParts[1].trim().isEmpty()) {","lastModifiedDate":"2026-02-11T04:35:58","isFullCredit":false},{"lineNumber":251,"author":{"gitId":"SeanTLY23"},"content":"            throw new DudeException(\"I need a task number to work with.\");","lastModifiedDate":"2026-02-11T04:35:58","isFullCredit":false},{"lineNumber":252,"author":{"gitId":"SeanTLY23"},"content":"        }","lastModifiedDate":"2026-02-11T04:35:58","isFullCredit":false},{"lineNumber":253,"author":{"gitId":"SeanTLY23"},"content":"        try {","lastModifiedDate":"2026-02-11T04:35:58","isFullCredit":false},{"lineNumber":254,"author":{"gitId":"SeanTLY23"},"content":"            return Integer.parseInt(messageParts[1].trim());","lastModifiedDate":"2026-02-11T04:35:58","isFullCredit":false},{"lineNumber":255,"author":{"gitId":"SeanTLY23"},"content":"        } catch (NumberFormatException e) {","lastModifiedDate":"2026-02-11T04:35:58","isFullCredit":false},{"lineNumber":256,"author":{"gitId":"SeanTLY23"},"content":"            throw new DudeException(\"That\u0027s not a number.\");","lastModifiedDate":"2026-02-11T04:35:58","isFullCredit":false},{"lineNumber":257,"author":{"gitId":"SeanTLY23"},"content":"        }","lastModifiedDate":"2026-02-11T04:35:58","isFullCredit":false},{"lineNumber":258,"author":{"gitId":"SeanTLY23"},"content":"    }","lastModifiedDate":"2026-01-30T09:18:58","isFullCredit":false},{"lineNumber":259,"author":{"gitId":"SeanTLY23"},"content":"","lastModifiedDate":"2026-01-30T05:08:08","isFullCredit":false},{"lineNumber":260,"author":{"gitId":"SeanTLY23"},"content":"    /**","lastModifiedDate":"2026-02-04T07:09:23","isFullCredit":false},{"lineNumber":261,"author":{"gitId":"SeanTLY23"},"content":"     * Extracts the first word from the message to determine the command task type.","lastModifiedDate":"2026-02-04T07:09:23","isFullCredit":false},{"lineNumber":262,"author":{"gitId":"SeanTLY23"},"content":"     */","lastModifiedDate":"2026-02-04T07:09:23","isFullCredit":false},{"lineNumber":263,"author":{"gitId":"SeanTLY23"},"content":"    public static String getTaskType(String message) {","lastModifiedDate":"2026-02-04T07:09:23","isFullCredit":false},{"lineNumber":264,"author":{"gitId":"SeanTLY23"},"content":"        String[] commandParts \u003d message.split(\" \", 2);","lastModifiedDate":"2026-02-04T07:09:23","isFullCredit":false},{"lineNumber":265,"author":{"gitId":"SeanTLY23"},"content":"        return commandParts[0];","lastModifiedDate":"2026-02-04T07:09:23","isFullCredit":false},{"lineNumber":266,"author":{"gitId":"SeanTLY23"},"content":"    }","lastModifiedDate":"2026-02-04T07:09:23","isFullCredit":false},{"lineNumber":267,"author":{"gitId":"SeanTLY23"},"content":"","lastModifiedDate":"2026-02-04T07:09:23","isFullCredit":false},{"lineNumber":268,"author":{"gitId":"SeanTLY23"},"content":"    /**","lastModifiedDate":"2026-02-04T07:09:23","isFullCredit":false},{"lineNumber":269,"author":{"gitId":"SeanTLY23"},"content":"     * Extracts the description by splitting at the first slash (/).","lastModifiedDate":"2026-02-04T07:09:23","isFullCredit":false},{"lineNumber":270,"author":{"gitId":"SeanTLY23"},"content":"     */","lastModifiedDate":"2026-02-04T07:09:23","isFullCredit":false},{"lineNumber":271,"author":{"gitId":"SeanTLY23"},"content":"    public static String getTaskDescription(String message) {","lastModifiedDate":"2026-02-04T07:09:23","isFullCredit":false},{"lineNumber":272,"author":{"gitId":"SeanTLY23"},"content":"        String type \u003d getTaskType(message);","lastModifiedDate":"2026-02-04T07:09:23","isFullCredit":false},{"lineNumber":273,"author":{"gitId":"SeanTLY23"},"content":"        String details \u003d message.replaceFirst(type, \"\").trim();","lastModifiedDate":"2026-02-04T07:09:23","isFullCredit":false},{"lineNumber":274,"author":{"gitId":"SeanTLY23"},"content":"        String[] parts \u003d details.split(\"/\", 2);","lastModifiedDate":"2026-02-04T07:09:23","isFullCredit":false},{"lineNumber":275,"author":{"gitId":"SeanTLY23"},"content":"        return parts[0].trim();","lastModifiedDate":"2026-02-04T07:09:23","isFullCredit":false},{"lineNumber":276,"author":{"gitId":"SeanTLY23"},"content":"    }","lastModifiedDate":"2026-02-04T07:09:23","isFullCredit":false},{"lineNumber":277,"author":{"gitId":"SeanTLY23"},"content":"","lastModifiedDate":"2026-02-04T07:09:23","isFullCredit":false},{"lineNumber":278,"author":{"gitId":"SeanTLY23"},"content":"    /**","lastModifiedDate":"2026-02-04T07:09:23","isFullCredit":false},{"lineNumber":279,"author":{"gitId":"SeanTLY23"},"content":"     * Extracts the date/time for a deadline task by splitting at \"/by\".","lastModifiedDate":"2026-02-04T07:09:23","isFullCredit":false},{"lineNumber":280,"author":{"gitId":"SeanTLY23"},"content":"     */","lastModifiedDate":"2026-02-04T07:09:23","isFullCredit":false},{"lineNumber":281,"author":{"gitId":"SeanTLY23"},"content":"    public static String getDeadlineDate(String message) {","lastModifiedDate":"2026-02-04T07:09:23","isFullCredit":false},{"lineNumber":282,"author":{"gitId":"SeanTLY23"},"content":"        String[] parts \u003d message.split(\"/by\", 2);","lastModifiedDate":"2026-02-04T07:09:23","isFullCredit":false},{"lineNumber":283,"author":{"gitId":"SeanTLY23"},"content":"        return parts[1].trim();","lastModifiedDate":"2026-02-04T07:09:23","isFullCredit":false},{"lineNumber":284,"author":{"gitId":"SeanTLY23"},"content":"    }","lastModifiedDate":"2026-02-04T07:09:23","isFullCredit":false},{"lineNumber":285,"author":{"gitId":"SeanTLY23"},"content":"","lastModifiedDate":"2026-02-04T07:09:23","isFullCredit":false},{"lineNumber":286,"author":{"gitId":"SeanTLY23"},"content":"    /**","lastModifiedDate":"2026-02-04T07:09:23","isFullCredit":false},{"lineNumber":287,"author":{"gitId":"SeanTLY23"},"content":"     * Extracts the \"from\" time for an event task by splitting between \"/from\" and \"/to\".","lastModifiedDate":"2026-02-04T07:09:23","isFullCredit":false},{"lineNumber":288,"author":{"gitId":"SeanTLY23"},"content":"     */","lastModifiedDate":"2026-02-04T07:09:23","isFullCredit":false},{"lineNumber":289,"author":{"gitId":"SeanTLY23"},"content":"    public static String getEventFromTime(String message) {","lastModifiedDate":"2026-02-04T07:09:23","isFullCredit":false},{"lineNumber":290,"author":{"gitId":"SeanTLY23"},"content":"        String afterFrom \u003d message.split(\"/from\", 2)[1];","lastModifiedDate":"2026-02-04T07:09:23","isFullCredit":false},{"lineNumber":291,"author":{"gitId":"SeanTLY23"},"content":"        String[] timeParts \u003d afterFrom.split(\"/to\", 2);","lastModifiedDate":"2026-02-04T07:09:23","isFullCredit":false},{"lineNumber":292,"author":{"gitId":"SeanTLY23"},"content":"        return timeParts[0].trim();","lastModifiedDate":"2026-02-04T07:09:23","isFullCredit":false},{"lineNumber":293,"author":{"gitId":"SeanTLY23"},"content":"    }","lastModifiedDate":"2026-02-04T07:09:23","isFullCredit":false},{"lineNumber":294,"author":{"gitId":"SeanTLY23"},"content":"","lastModifiedDate":"2026-02-04T07:09:23","isFullCredit":false},{"lineNumber":295,"author":{"gitId":"SeanTLY23"},"content":"    /**","lastModifiedDate":"2026-02-04T07:09:23","isFullCredit":false},{"lineNumber":296,"author":{"gitId":"SeanTLY23"},"content":"     * Extracts the \"to\" time for an event task by taking everything after \"/to\".","lastModifiedDate":"2026-02-04T07:09:23","isFullCredit":false},{"lineNumber":297,"author":{"gitId":"SeanTLY23"},"content":"     */","lastModifiedDate":"2026-02-04T07:09:23","isFullCredit":false},{"lineNumber":298,"author":{"gitId":"SeanTLY23"},"content":"    public static String getEventToTime(String message) {","lastModifiedDate":"2026-02-04T07:09:23","isFullCredit":false},{"lineNumber":299,"author":{"gitId":"SeanTLY23"},"content":"        String[] parts \u003d message.split(\"/to\", 2);","lastModifiedDate":"2026-02-04T07:09:23","isFullCredit":false},{"lineNumber":300,"author":{"gitId":"SeanTLY23"},"content":"        return parts[1].trim();","lastModifiedDate":"2026-02-04T07:09:23","isFullCredit":false},{"lineNumber":301,"author":{"gitId":"SeanTLY23"},"content":"    }","lastModifiedDate":"2026-02-04T07:09:23","isFullCredit":false},{"lineNumber":302,"author":{"gitId":"SeanTLY23"},"content":"}","lastModifiedDate":"2026-01-30T05:08:08","isFullCredit":false}],"authorContributionMap":{"SeanTLY23":302}},{"path":"src/main/java/dude/DudeException.java","fileType":"java","lines":[{"lineNumber":1,"author":{"gitId":"SeanTLY23"},"content":"package dude;","lastModifiedDate":"2026-02-11T05:19:05","isFullCredit":false},{"lineNumber":2,"author":{"gitId":"SeanTLY23"},"content":"","lastModifiedDate":"2026-02-11T05:19:05","isFullCredit":false},{"lineNumber":3,"author":{"gitId":"SeanTLY23"},"content":"public class DudeException extends Exception{","lastModifiedDate":"2026-02-10T23:40:06","isFullCredit":false},{"lineNumber":4,"author":{"gitId":"SeanTLY23"},"content":"    public DudeException(String message)","lastModifiedDate":"2026-02-10T23:40:06","isFullCredit":false},{"lineNumber":5,"author":{"gitId":"SeanTLY23"},"content":"    {","lastModifiedDate":"2026-02-10T23:40:06","isFullCredit":false},{"lineNumber":6,"author":{"gitId":"SeanTLY23"},"content":"        super(\"Dude, \" + message);","lastModifiedDate":"2026-02-10T23:40:06","isFullCredit":false},{"lineNumber":7,"author":{"gitId":"SeanTLY23"},"content":"    }","lastModifiedDate":"2026-02-10T23:40:06","isFullCredit":false},{"lineNumber":8,"author":{"gitId":"SeanTLY23"},"content":"}","lastModifiedDate":"2026-02-10T23:40:06","isFullCredit":false}],"authorContributionMap":{"SeanTLY23":8}},{"path":"src/main/java/dude/task/Deadline.java","fileType":"java","lines":[{"lineNumber":1,"author":{"gitId":"SeanTLY23"},"content":"package dude.task;","lastModifiedDate":"2026-02-11T05:19:05","isFullCredit":false},{"lineNumber":2,"author":{"gitId":"SeanTLY23"},"content":"","lastModifiedDate":"2026-02-11T05:19:05","isFullCredit":false},{"lineNumber":3,"author":{"gitId":"SeanTLY23"},"content":"/**","lastModifiedDate":"2026-02-04T07:09:23","isFullCredit":false},{"lineNumber":4,"author":{"gitId":"SeanTLY23"},"content":" * Represents a task that needs to be done before a specific deadline.","lastModifiedDate":"2026-02-04T07:09:23","isFullCredit":false},{"lineNumber":5,"author":{"gitId":"SeanTLY23"},"content":" */","lastModifiedDate":"2026-02-04T07:09:23","isFullCredit":false},{"lineNumber":6,"author":{"gitId":"SeanTLY23"},"content":"public class Deadline extends Task {","lastModifiedDate":"2026-02-04T07:09:23","isFullCredit":false},{"lineNumber":7,"author":{"gitId":"SeanTLY23"},"content":"    protected String by;","lastModifiedDate":"2026-02-04T07:09:23","isFullCredit":false},{"lineNumber":8,"author":{"gitId":"SeanTLY23"},"content":"","lastModifiedDate":"2026-02-04T07:09:23","isFullCredit":false},{"lineNumber":9,"author":{"gitId":"SeanTLY23"},"content":"    /**","lastModifiedDate":"2026-02-04T07:09:23","isFullCredit":false},{"lineNumber":10,"author":{"gitId":"SeanTLY23"},"content":"     * Initializes a new Deadline task with the given description.","lastModifiedDate":"2026-02-04T07:09:23","isFullCredit":false},{"lineNumber":11,"author":{"gitId":"SeanTLY23"},"content":"     *","lastModifiedDate":"2026-02-04T07:09:23","isFullCredit":false},{"lineNumber":12,"author":{"gitId":"SeanTLY23"},"content":"     * @param description The text describing the task.","lastModifiedDate":"2026-02-04T07:09:23","isFullCredit":false},{"lineNumber":13,"author":{"gitId":"SeanTLY23"},"content":"     * @param by The deadline date or time.","lastModifiedDate":"2026-02-04T07:09:23","isFullCredit":false},{"lineNumber":14,"author":{"gitId":"SeanTLY23"},"content":"     */","lastModifiedDate":"2026-02-04T07:09:23","isFullCredit":false},{"lineNumber":15,"author":{"gitId":"SeanTLY23"},"content":"    public Deadline(String description, String by) {","lastModifiedDate":"2026-02-04T07:09:23","isFullCredit":false},{"lineNumber":16,"author":{"gitId":"SeanTLY23"},"content":"        super(description);","lastModifiedDate":"2026-02-04T07:09:23","isFullCredit":false},{"lineNumber":17,"author":{"gitId":"SeanTLY23"},"content":"        this.by \u003d by;","lastModifiedDate":"2026-02-04T07:09:23","isFullCredit":false},{"lineNumber":18,"author":{"gitId":"SeanTLY23"},"content":"    }","lastModifiedDate":"2026-02-04T07:09:23","isFullCredit":false},{"lineNumber":19,"author":{"gitId":"SeanTLY23"},"content":"    @Override","lastModifiedDate":"2026-02-04T07:09:23","isFullCredit":false},{"lineNumber":20,"author":{"gitId":"SeanTLY23"},"content":"    public String toString() {","lastModifiedDate":"2026-02-04T07:09:23","isFullCredit":false},{"lineNumber":21,"author":{"gitId":"SeanTLY23"},"content":"        return \"[D]\" + super.toString() + \" (by: \" + by + \")\";","lastModifiedDate":"2026-02-04T07:09:23","isFullCredit":false},{"lineNumber":22,"author":{"gitId":"SeanTLY23"},"content":"    }","lastModifiedDate":"2026-02-04T07:09:23","isFullCredit":false},{"lineNumber":23,"author":{"gitId":"SeanTLY23"},"content":"}","lastModifiedDate":"2026-02-04T07:09:23","isFullCredit":false}],"authorContributionMap":{"SeanTLY23":23}},{"path":"src/main/java/dude/task/Event.java","fileType":"java","lines":[{"lineNumber":1,"author":{"gitId":"SeanTLY23"},"content":"package dude.task;","lastModifiedDate":"2026-02-11T05:19:05","isFullCredit":false},{"lineNumber":2,"author":{"gitId":"SeanTLY23"},"content":"","lastModifiedDate":"2026-02-11T05:19:05","isFullCredit":false},{"lineNumber":3,"author":{"gitId":"SeanTLY23"},"content":"/**","lastModifiedDate":"2026-02-04T07:09:23","isFullCredit":false},{"lineNumber":4,"author":{"gitId":"SeanTLY23"},"content":" * Represents a task that starts and ends at specific times.","lastModifiedDate":"2026-02-04T07:09:23","isFullCredit":false},{"lineNumber":5,"author":{"gitId":"SeanTLY23"},"content":" */","lastModifiedDate":"2026-02-04T07:09:23","isFullCredit":false},{"lineNumber":6,"author":{"gitId":"SeanTLY23"},"content":"public class Event extends Task {","lastModifiedDate":"2026-02-04T07:09:23","isFullCredit":false},{"lineNumber":7,"author":{"gitId":"SeanTLY23"},"content":"    protected String from;","lastModifiedDate":"2026-02-04T07:09:23","isFullCredit":false},{"lineNumber":8,"author":{"gitId":"SeanTLY23"},"content":"    protected String to;","lastModifiedDate":"2026-02-04T07:09:23","isFullCredit":false},{"lineNumber":9,"author":{"gitId":"SeanTLY23"},"content":"","lastModifiedDate":"2026-02-04T07:09:23","isFullCredit":false},{"lineNumber":10,"author":{"gitId":"SeanTLY23"},"content":"    /**","lastModifiedDate":"2026-02-04T07:09:23","isFullCredit":false},{"lineNumber":11,"author":{"gitId":"SeanTLY23"},"content":"     * Initializes a new Event task with the given description.","lastModifiedDate":"2026-02-04T07:09:23","isFullCredit":false},{"lineNumber":12,"author":{"gitId":"SeanTLY23"},"content":"     *","lastModifiedDate":"2026-02-04T07:09:23","isFullCredit":false},{"lineNumber":13,"author":{"gitId":"SeanTLY23"},"content":"     * @param task The text describing the event.","lastModifiedDate":"2026-02-04T07:09:23","isFullCredit":false},{"lineNumber":14,"author":{"gitId":"SeanTLY23"},"content":"     * @param from The start time/date.","lastModifiedDate":"2026-02-04T07:09:23","isFullCredit":false},{"lineNumber":15,"author":{"gitId":"SeanTLY23"},"content":"     * @param to The end time/date.","lastModifiedDate":"2026-02-04T07:09:23","isFullCredit":false},{"lineNumber":16,"author":{"gitId":"SeanTLY23"},"content":"     */","lastModifiedDate":"2026-02-04T07:09:23","isFullCredit":false},{"lineNumber":17,"author":{"gitId":"SeanTLY23"},"content":"    public Event(String task, String from, String to) {","lastModifiedDate":"2026-02-04T07:09:23","isFullCredit":false},{"lineNumber":18,"author":{"gitId":"SeanTLY23"},"content":"        super(task);","lastModifiedDate":"2026-02-04T07:09:23","isFullCredit":false},{"lineNumber":19,"author":{"gitId":"SeanTLY23"},"content":"        this.from \u003d from;","lastModifiedDate":"2026-02-04T07:09:23","isFullCredit":false},{"lineNumber":20,"author":{"gitId":"SeanTLY23"},"content":"        this.to \u003d to;","lastModifiedDate":"2026-02-04T07:09:23","isFullCredit":false},{"lineNumber":21,"author":{"gitId":"SeanTLY23"},"content":"    }","lastModifiedDate":"2026-02-04T07:09:23","isFullCredit":false},{"lineNumber":22,"author":{"gitId":"SeanTLY23"},"content":"    @Override","lastModifiedDate":"2026-02-04T07:09:23","isFullCredit":false},{"lineNumber":23,"author":{"gitId":"SeanTLY23"},"content":"    public String toString() {","lastModifiedDate":"2026-02-04T07:09:23","isFullCredit":false},{"lineNumber":24,"author":{"gitId":"SeanTLY23"},"content":"        return \"[E]\" + super.toString() + \" (from: \" + from + \" to: \" + to + \")\";","lastModifiedDate":"2026-02-04T07:09:23","isFullCredit":false},{"lineNumber":25,"author":{"gitId":"SeanTLY23"},"content":"    }","lastModifiedDate":"2026-02-04T07:09:23","isFullCredit":false},{"lineNumber":26,"author":{"gitId":"SeanTLY23"},"content":"}","lastModifiedDate":"2026-02-04T07:09:23","isFullCredit":false}],"authorContributionMap":{"SeanTLY23":26}},{"path":"src/main/java/dude/task/Task.java","fileType":"java","lines":[{"lineNumber":1,"author":{"gitId":"SeanTLY23"},"content":"package dude.task;","lastModifiedDate":"2026-02-11T05:19:05","isFullCredit":false},{"lineNumber":2,"author":{"gitId":"SeanTLY23"},"content":"","lastModifiedDate":"2026-02-11T05:19:05","isFullCredit":false},{"lineNumber":3,"author":{"gitId":"SeanTLY23"},"content":"/**","lastModifiedDate":"2026-01-30T13:31:01","isFullCredit":false},{"lineNumber":4,"author":{"gitId":"SeanTLY23"},"content":" * Represents a task with a task name and completion status.","lastModifiedDate":"2026-01-30T13:31:01","isFullCredit":false},{"lineNumber":5,"author":{"gitId":"SeanTLY23"},"content":" */","lastModifiedDate":"2026-01-30T13:31:01","isFullCredit":false},{"lineNumber":6,"author":{"gitId":"SeanTLY23"},"content":"public abstract class Task {","lastModifiedDate":"2026-02-11T04:05:43","isFullCredit":false},{"lineNumber":7,"author":{"gitId":"SeanTLY23"},"content":"    private String taskName;","lastModifiedDate":"2026-01-30T13:31:01","isFullCredit":false},{"lineNumber":8,"author":{"gitId":"SeanTLY23"},"content":"    private boolean isDone;","lastModifiedDate":"2026-01-30T09:18:58","isFullCredit":false},{"lineNumber":9,"author":{"gitId":"SeanTLY23"},"content":"","lastModifiedDate":"2026-01-30T09:18:58","isFullCredit":false},{"lineNumber":10,"author":{"gitId":"SeanTLY23"},"content":"    /**","lastModifiedDate":"2026-01-30T13:31:01","isFullCredit":false},{"lineNumber":11,"author":{"gitId":"SeanTLY23"},"content":"     * Initializes a new Task with the given description.","lastModifiedDate":"2026-01-30T13:31:01","isFullCredit":false},{"lineNumber":12,"author":{"gitId":"SeanTLY23"},"content":"     *","lastModifiedDate":"2026-01-30T13:31:01","isFullCredit":false},{"lineNumber":13,"author":{"gitId":"SeanTLY23"},"content":"     * @param task The text describing the task.","lastModifiedDate":"2026-02-04T05:07:54","isFullCredit":false},{"lineNumber":14,"author":{"gitId":"SeanTLY23"},"content":"     */","lastModifiedDate":"2026-01-30T13:31:01","isFullCredit":false},{"lineNumber":15,"author":{"gitId":"SeanTLY23"},"content":"    public Task(String task) {","lastModifiedDate":"2026-01-30T09:18:58","isFullCredit":false},{"lineNumber":16,"author":{"gitId":"SeanTLY23"},"content":"        this.taskName \u003d task;","lastModifiedDate":"2026-01-30T13:31:01","isFullCredit":false},{"lineNumber":17,"author":{"gitId":"SeanTLY23"},"content":"        isDone \u003d false;","lastModifiedDate":"2026-01-30T13:31:01","isFullCredit":false},{"lineNumber":18,"author":{"gitId":"SeanTLY23"},"content":"    }","lastModifiedDate":"2026-01-30T09:18:58","isFullCredit":false},{"lineNumber":19,"author":{"gitId":"SeanTLY23"},"content":"","lastModifiedDate":"2026-01-30T09:18:58","isFullCredit":false},{"lineNumber":20,"author":{"gitId":"SeanTLY23"},"content":"    public String getTaskName() {","lastModifiedDate":"2026-01-30T13:31:01","isFullCredit":false},{"lineNumber":21,"author":{"gitId":"SeanTLY23"},"content":"        return taskName;","lastModifiedDate":"2026-01-30T13:31:01","isFullCredit":false},{"lineNumber":22,"author":{"gitId":"SeanTLY23"},"content":"    }","lastModifiedDate":"2026-01-30T09:18:58","isFullCredit":false},{"lineNumber":23,"author":{"gitId":"SeanTLY23"},"content":"","lastModifiedDate":"2026-01-30T09:18:58","isFullCredit":false},{"lineNumber":24,"author":{"gitId":"SeanTLY23"},"content":"    public boolean isDone() {","lastModifiedDate":"2026-01-30T13:31:01","isFullCredit":false},{"lineNumber":25,"author":{"gitId":"SeanTLY23"},"content":"        return isDone;","lastModifiedDate":"2026-01-30T09:18:58","isFullCredit":false},{"lineNumber":26,"author":{"gitId":"SeanTLY23"},"content":"    }","lastModifiedDate":"2026-01-30T09:18:58","isFullCredit":false},{"lineNumber":27,"author":{"gitId":"SeanTLY23"},"content":"","lastModifiedDate":"2026-01-30T09:18:58","isFullCredit":false},{"lineNumber":28,"author":{"gitId":"SeanTLY23"},"content":"    public void setDone(boolean isDone) {","lastModifiedDate":"2026-01-30T13:31:01","isFullCredit":false},{"lineNumber":29,"author":{"gitId":"SeanTLY23"},"content":"        this.isDone \u003d isDone;","lastModifiedDate":"2026-01-30T09:18:58","isFullCredit":false},{"lineNumber":30,"author":{"gitId":"SeanTLY23"},"content":"    }","lastModifiedDate":"2026-01-30T09:18:58","isFullCredit":false},{"lineNumber":31,"author":{"gitId":"SeanTLY23"},"content":"","lastModifiedDate":"2026-01-30T09:18:58","isFullCredit":false},{"lineNumber":32,"author":{"gitId":"SeanTLY23"},"content":"    /**","lastModifiedDate":"2026-02-04T07:09:23","isFullCredit":false},{"lineNumber":33,"author":{"gitId":"SeanTLY23"},"content":"     * Returns a visual icon representing completion.","lastModifiedDate":"2026-02-04T07:09:23","isFullCredit":false},{"lineNumber":34,"author":{"gitId":"SeanTLY23"},"content":"     * @return \"X\" if done, else a blank space.","lastModifiedDate":"2026-02-04T07:09:23","isFullCredit":false},{"lineNumber":35,"author":{"gitId":"SeanTLY23"},"content":"     */","lastModifiedDate":"2026-02-04T07:09:23","isFullCredit":false},{"lineNumber":36,"author":{"gitId":"SeanTLY23"},"content":"    public String getStatusIcon() {","lastModifiedDate":"2026-01-30T09:18:58","isFullCredit":false},{"lineNumber":37,"author":{"gitId":"SeanTLY23"},"content":"        return (isDone ? \"X\" : \" \");","lastModifiedDate":"2026-01-30T09:18:58","isFullCredit":false},{"lineNumber":38,"author":{"gitId":"SeanTLY23"},"content":"    }","lastModifiedDate":"2026-01-30T09:18:58","isFullCredit":false},{"lineNumber":39,"author":{"gitId":"SeanTLY23"},"content":"","lastModifiedDate":"2026-02-04T05:07:54","isFullCredit":false},{"lineNumber":40,"author":{"gitId":"SeanTLY23"},"content":"    @Override","lastModifiedDate":"2026-02-04T05:07:54","isFullCredit":false},{"lineNumber":41,"author":{"gitId":"SeanTLY23"},"content":"    public String toString() {","lastModifiedDate":"2026-02-04T05:07:54","isFullCredit":false},{"lineNumber":42,"author":{"gitId":"SeanTLY23"},"content":"        return \"[\" + getStatusIcon() + \"] \" + getTaskName();","lastModifiedDate":"2026-02-04T05:07:54","isFullCredit":false},{"lineNumber":43,"author":{"gitId":"SeanTLY23"},"content":"    }","lastModifiedDate":"2026-02-04T05:07:54","isFullCredit":false},{"lineNumber":44,"author":{"gitId":"SeanTLY23"},"content":"","lastModifiedDate":"2026-02-04T05:07:54","isFullCredit":false},{"lineNumber":45,"author":{"gitId":"SeanTLY23"},"content":"","lastModifiedDate":"2026-02-04T05:07:54","isFullCredit":false},{"lineNumber":46,"author":{"gitId":"SeanTLY23"},"content":"}","lastModifiedDate":"2026-01-30T09:18:58","isFullCredit":false}],"authorContributionMap":{"SeanTLY23":46}},{"path":"src/main/java/dude/task/Todo.java","fileType":"java","lines":[{"lineNumber":1,"author":{"gitId":"SeanTLY23"},"content":"package dude.task;","lastModifiedDate":"2026-02-11T05:19:05","isFullCredit":false},{"lineNumber":2,"author":{"gitId":"SeanTLY23"},"content":"","lastModifiedDate":"2026-02-11T05:19:05","isFullCredit":false},{"lineNumber":3,"author":{"gitId":"SeanTLY23"},"content":"/**","lastModifiedDate":"2026-02-04T07:09:23","isFullCredit":false},{"lineNumber":4,"author":{"gitId":"SeanTLY23"},"content":" * Represents a simple task without any date/time attached.","lastModifiedDate":"2026-02-04T07:09:23","isFullCredit":false},{"lineNumber":5,"author":{"gitId":"SeanTLY23"},"content":" */","lastModifiedDate":"2026-02-04T07:09:23","isFullCredit":false},{"lineNumber":6,"author":{"gitId":"SeanTLY23"},"content":"public class Todo extends Task {","lastModifiedDate":"2026-02-04T07:09:23","isFullCredit":false},{"lineNumber":7,"author":{"gitId":"SeanTLY23"},"content":"","lastModifiedDate":"2026-02-04T07:09:23","isFullCredit":false},{"lineNumber":8,"author":{"gitId":"SeanTLY23"},"content":"    /**","lastModifiedDate":"2026-02-04T07:09:23","isFullCredit":false},{"lineNumber":9,"author":{"gitId":"SeanTLY23"},"content":"     * Initializes a new Task with the given description.","lastModifiedDate":"2026-02-04T07:09:23","isFullCredit":false},{"lineNumber":10,"author":{"gitId":"SeanTLY23"},"content":"     *","lastModifiedDate":"2026-02-04T07:09:23","isFullCredit":false},{"lineNumber":11,"author":{"gitId":"SeanTLY23"},"content":"     * @param task The text describing the task.","lastModifiedDate":"2026-02-04T07:09:23","isFullCredit":false},{"lineNumber":12,"author":{"gitId":"SeanTLY23"},"content":"     */","lastModifiedDate":"2026-02-04T07:09:23","isFullCredit":false},{"lineNumber":13,"author":{"gitId":"SeanTLY23"},"content":"    public Todo(String task) {","lastModifiedDate":"2026-02-04T07:09:23","isFullCredit":false},{"lineNumber":14,"author":{"gitId":"SeanTLY23"},"content":"        super(task);","lastModifiedDate":"2026-02-04T07:09:23","isFullCredit":false},{"lineNumber":15,"author":{"gitId":"SeanTLY23"},"content":"    }","lastModifiedDate":"2026-02-04T07:09:23","isFullCredit":false},{"lineNumber":16,"author":{"gitId":"SeanTLY23"},"content":"","lastModifiedDate":"2026-02-04T07:09:23","isFullCredit":false},{"lineNumber":17,"author":{"gitId":"SeanTLY23"},"content":"    @Override","lastModifiedDate":"2026-02-04T07:09:23","isFullCredit":false},{"lineNumber":18,"author":{"gitId":"SeanTLY23"},"content":"    public String toString() {","lastModifiedDate":"2026-02-04T07:09:23","isFullCredit":false},{"lineNumber":19,"author":{"gitId":"SeanTLY23"},"content":"        return \"[T]\" + super.toString();","lastModifiedDate":"2026-02-04T07:09:23","isFullCredit":false},{"lineNumber":20,"author":{"gitId":"SeanTLY23"},"content":"    }","lastModifiedDate":"2026-02-04T07:09:23","isFullCredit":false},{"lineNumber":21,"author":{"gitId":"SeanTLY23"},"content":"","lastModifiedDate":"2026-02-04T07:09:23","isFullCredit":false},{"lineNumber":22,"author":{"gitId":"SeanTLY23"},"content":"}","lastModifiedDate":"2026-02-04T07:09:23","isFullCredit":false}],"authorContributionMap":{"SeanTLY23":22}},{"path":"text-ui-test/input.txt","fileType":"txt","lines":[{"lineNumber":1,"author":{"gitId":"SeanTLY23"},"content":"todo read book","lastModifiedDate":"2026-02-11T04:43:56","isFullCredit":false},{"lineNumber":2,"author":{"gitId":"SeanTLY23"},"content":"deadline submit report /by Monday 5pm","lastModifiedDate":"2026-02-11T04:43:56","isFullCredit":false},{"lineNumber":3,"author":{"gitId":"SeanTLY23"},"content":"event project meeting /from Mon 2pm /to 4pm","lastModifiedDate":"2026-02-04T07:49:44","isFullCredit":false},{"lineNumber":4,"author":{"gitId":"SeanTLY23"},"content":"list","lastModifiedDate":"2026-02-04T07:49:44","isFullCredit":false},{"lineNumber":5,"author":{"gitId":"SeanTLY23"},"content":"mark 1","lastModifiedDate":"2026-02-11T04:43:56","isFullCredit":false},{"lineNumber":6,"author":{"gitId":"SeanTLY23"},"content":"unmark 1","lastModifiedDate":"2026-02-11T04:43:56","isFullCredit":false},{"lineNumber":7,"author":{"gitId":"SeanTLY23"},"content":"todo","lastModifiedDate":"2026-02-11T04:43:56","isFullCredit":false},{"lineNumber":8,"author":{"gitId":"SeanTLY23"},"content":"deadline return book","lastModifiedDate":"2026-02-11T04:43:56","isFullCredit":false},{"lineNumber":9,"author":{"gitId":"SeanTLY23"},"content":"deadline /by tomorrow","lastModifiedDate":"2026-02-11T04:43:56","isFullCredit":false},{"lineNumber":10,"author":{"gitId":"SeanTLY23"},"content":"deadline return book /by","lastModifiedDate":"2026-02-11T04:43:56","isFullCredit":false},{"lineNumber":11,"author":{"gitId":"SeanTLY23"},"content":"event concert /from 7pm","lastModifiedDate":"2026-02-11T04:43:56","isFullCredit":false},{"lineNumber":12,"author":{"gitId":"SeanTLY23"},"content":"event concert /to 9pm /from 7pm","lastModifiedDate":"2026-02-11T04:43:56","isFullCredit":false},{"lineNumber":13,"author":{"gitId":"SeanTLY23"},"content":"blah blah","lastModifiedDate":"2026-02-11T04:43:56","isFullCredit":false},{"lineNumber":14,"author":{"gitId":"SeanTLY23"},"content":"mark 99","lastModifiedDate":"2026-02-11T04:43:56","isFullCredit":false},{"lineNumber":15,"author":{"gitId":"SeanTLY23"},"content":"mark abc","lastModifiedDate":"2026-02-11T04:43:56","isFullCredit":false},{"lineNumber":16,"author":{"gitId":"SeanTLY23"},"content":"mark","lastModifiedDate":"2026-02-11T04:43:56","isFullCredit":false},{"lineNumber":17,"author":{"gitId":"SeanTLY23"},"content":"TODO read","lastModifiedDate":"2026-02-11T04:43:56","isFullCredit":false},{"lineNumber":18,"author":{"gitId":"SeanTLY23"},"content":"","lastModifiedDate":"2026-02-11T04:43:56","isFullCredit":false},{"lineNumber":19,"author":{"gitId":"SeanTLY23"},"content":"todo todo homework","lastModifiedDate":"2026-02-11T04:43:56","isFullCredit":false},{"lineNumber":20,"author":{"gitId":"SeanTLY23"},"content":"bye","lastModifiedDate":"2026-02-04T07:49:44","isFullCredit":false}],"authorContributionMap":{"SeanTLY23":20}},{"path":"text-ui-test/runtest.bat","fileType":"bat","lines":[{"lineNumber":1,"author":{"gitId":"-"},"content":"@ECHO OFF","lastModifiedDate":"2020-05-25T00:03:55","isFullCredit":false},{"lineNumber":2,"author":{"gitId":"-"},"content":"","lastModifiedDate":"2020-05-25T00:03:55","isFullCredit":false},{"lineNumber":3,"author":{"gitId":"-"},"content":"REM create bin directory if it doesn\u0027t exist","lastModifiedDate":"2020-05-25T00:03:55","isFullCredit":false},{"lineNumber":4,"author":{"gitId":"-"},"content":"if not exist ..\\bin mkdir ..\\bin","lastModifiedDate":"2020-05-25T00:03:55","isFullCredit":false},{"lineNumber":5,"author":{"gitId":"-"},"content":"","lastModifiedDate":"2020-05-25T00:03:55","isFullCredit":false},{"lineNumber":6,"author":{"gitId":"-"},"content":"REM delete output from previous run","lastModifiedDate":"2020-05-25T00:03:55","isFullCredit":false},{"lineNumber":7,"author":{"gitId":"-"},"content":"if exist ACTUAL.TXT del ACTUAL.TXT","lastModifiedDate":"2020-08-25T17:23:26","isFullCredit":false},{"lineNumber":8,"author":{"gitId":"-"},"content":"","lastModifiedDate":"2020-05-25T00:03:55","isFullCredit":false},{"lineNumber":9,"author":{"gitId":"-"},"content":"REM compile the code into the bin folder","lastModifiedDate":"2020-05-25T00:03:55","isFullCredit":false},{"lineNumber":10,"author":{"gitId":"SeanTLY23"},"content":"javac  -cp ..\\src\\main\\java -Xlint:none -d ..\\bin ..\\src\\main\\java\\dude\\*.java","lastModifiedDate":"2026-02-11T05:19:05","isFullCredit":false},{"lineNumber":11,"author":{"gitId":"-"},"content":"IF ERRORLEVEL 1 (","lastModifiedDate":"2020-05-25T00:03:55","isFullCredit":false},{"lineNumber":12,"author":{"gitId":"-"},"content":"    echo ********** BUILD FAILURE **********","lastModifiedDate":"2020-05-25T00:03:55","isFullCredit":false},{"lineNumber":13,"author":{"gitId":"-"},"content":"    exit /b 1","lastModifiedDate":"2020-05-25T00:03:55","isFullCredit":false},{"lineNumber":14,"author":{"gitId":"-"},"content":")","lastModifiedDate":"2020-05-25T00:03:55","isFullCredit":false},{"lineNumber":15,"author":{"gitId":"-"},"content":"REM no error here, errorlevel \u003d\u003d 0","lastModifiedDate":"2020-05-25T00:03:55","isFullCredit":false},{"lineNumber":16,"author":{"gitId":"-"},"content":"","lastModifiedDate":"2020-05-25T00:03:55","isFullCredit":false},{"lineNumber":17,"author":{"gitId":"-"},"content":"REM run the program, feed commands from input.txt file and redirect the output to the ACTUAL.TXT","lastModifiedDate":"2020-05-25T00:03:55","isFullCredit":false},{"lineNumber":18,"author":{"gitId":"SeanTLY23"},"content":"java -classpath ..\\bin dude.Dude \u003c input.txt \u003e ACTUAL.TXT","lastModifiedDate":"2026-02-11T05:19:05","isFullCredit":false},{"lineNumber":19,"author":{"gitId":"-"},"content":"","lastModifiedDate":"2020-05-25T00:03:55","isFullCredit":false},{"lineNumber":20,"author":{"gitId":"-"},"content":"REM compare the output to the expected output","lastModifiedDate":"2020-05-25T00:03:55","isFullCredit":false},{"lineNumber":21,"author":{"gitId":"-"},"content":"FC ACTUAL.TXT EXPECTED.TXT","lastModifiedDate":"2020-05-25T00:03:55","isFullCredit":false}],"authorContributionMap":{"SeanTLY23":2,"-":19}},{"path":"text-ui-test/runtest.sh","fileType":"sh","lines":[{"lineNumber":1,"author":{"gitId":"-"},"content":"#!/usr/bin/env bash","lastModifiedDate":"2020-05-25T00:03:55","isFullCredit":false},{"lineNumber":2,"author":{"gitId":"-"},"content":"","lastModifiedDate":"2020-05-25T00:03:55","isFullCredit":false},{"lineNumber":3,"author":{"gitId":"-"},"content":"# create bin directory if it doesn\u0027t exist","lastModifiedDate":"2020-05-25T00:03:55","isFullCredit":false},{"lineNumber":4,"author":{"gitId":"-"},"content":"if [ ! -d \"../bin\" ]","lastModifiedDate":"2020-05-25T00:03:55","isFullCredit":false},{"lineNumber":5,"author":{"gitId":"-"},"content":"then","lastModifiedDate":"2020-05-25T00:03:55","isFullCredit":false},{"lineNumber":6,"author":{"gitId":"-"},"content":"    mkdir ../bin","lastModifiedDate":"2020-05-25T00:03:55","isFullCredit":false},{"lineNumber":7,"author":{"gitId":"-"},"content":"fi","lastModifiedDate":"2020-05-25T00:03:55","isFullCredit":false},{"lineNumber":8,"author":{"gitId":"-"},"content":"","lastModifiedDate":"2020-05-25T00:03:55","isFullCredit":false},{"lineNumber":9,"author":{"gitId":"-"},"content":"# delete output from previous run","lastModifiedDate":"2020-05-25T00:03:55","isFullCredit":false},{"lineNumber":10,"author":{"gitId":"-"},"content":"if [ -e \"./ACTUAL.TXT\" ]","lastModifiedDate":"2020-05-25T00:03:55","isFullCredit":false},{"lineNumber":11,"author":{"gitId":"-"},"content":"then","lastModifiedDate":"2020-05-25T00:03:55","isFullCredit":false},{"lineNumber":12,"author":{"gitId":"-"},"content":"    rm ACTUAL.TXT","lastModifiedDate":"2020-05-25T00:03:55","isFullCredit":false},{"lineNumber":13,"author":{"gitId":"-"},"content":"fi","lastModifiedDate":"2020-05-25T00:03:55","isFullCredit":false},{"lineNumber":14,"author":{"gitId":"-"},"content":"","lastModifiedDate":"2020-05-25T00:03:55","isFullCredit":false},{"lineNumber":15,"author":{"gitId":"-"},"content":"# compile the code into the bin folder, terminates if error occurred","lastModifiedDate":"2020-05-25T00:03:55","isFullCredit":false},{"lineNumber":16,"author":{"gitId":"-"},"content":"if ! javac -cp ../src/main/java -Xlint:none -d ../bin ../src/main/java/*.java","lastModifiedDate":"2020-08-25T17:23:26","isFullCredit":false},{"lineNumber":17,"author":{"gitId":"-"},"content":"then","lastModifiedDate":"2020-05-25T00:03:55","isFullCredit":false},{"lineNumber":18,"author":{"gitId":"-"},"content":"    echo \"********** BUILD FAILURE **********\"","lastModifiedDate":"2020-05-25T00:03:55","isFullCredit":false},{"lineNumber":19,"author":{"gitId":"-"},"content":"    exit 1","lastModifiedDate":"2020-05-25T00:03:55","isFullCredit":false},{"lineNumber":20,"author":{"gitId":"-"},"content":"fi","lastModifiedDate":"2020-05-25T00:03:55","isFullCredit":false},{"lineNumber":21,"author":{"gitId":"-"},"content":"","lastModifiedDate":"2020-05-25T00:03:55","isFullCredit":false},{"lineNumber":22,"author":{"gitId":"-"},"content":"# run the program, feed commands from input.txt file and redirect the output to the ACTUAL.TXT","lastModifiedDate":"2020-05-25T00:03:55","isFullCredit":false},{"lineNumber":23,"author":{"gitId":"SeanTLY23"},"content":"java -classpath ../bin Dude \u003c input.txt \u003e ACTUAL.TXT","lastModifiedDate":"2026-02-04T07:49:44","isFullCredit":false},{"lineNumber":24,"author":{"gitId":"-"},"content":"","lastModifiedDate":"2020-05-25T00:03:55","isFullCredit":false},{"lineNumber":25,"author":{"gitId":"-"},"content":"# convert to UNIX format","lastModifiedDate":"2020-05-25T00:03:55","isFullCredit":false},{"lineNumber":26,"author":{"gitId":"-"},"content":"cp EXPECTED.TXT EXPECTED-UNIX.TXT","lastModifiedDate":"2020-05-25T00:03:55","isFullCredit":false},{"lineNumber":27,"author":{"gitId":"-"},"content":"dos2unix ACTUAL.TXT EXPECTED-UNIX.TXT","lastModifiedDate":"2020-05-25T00:03:55","isFullCredit":false},{"lineNumber":28,"author":{"gitId":"-"},"content":"","lastModifiedDate":"2020-05-25T00:03:55","isFullCredit":false},{"lineNumber":29,"author":{"gitId":"-"},"content":"# compare the output to the expected output","lastModifiedDate":"2020-05-25T00:03:55","isFullCredit":false},{"lineNumber":30,"author":{"gitId":"-"},"content":"diff ACTUAL.TXT EXPECTED-UNIX.TXT","lastModifiedDate":"2020-05-25T00:03:55","isFullCredit":false},{"lineNumber":31,"author":{"gitId":"-"},"content":"if [ $? -eq 0 ]","lastModifiedDate":"2020-05-25T00:03:55","isFullCredit":false},{"lineNumber":32,"author":{"gitId":"-"},"content":"then","lastModifiedDate":"2020-05-25T00:03:55","isFullCredit":false},{"lineNumber":33,"author":{"gitId":"-"},"content":"    echo \"Test result: PASSED\"","lastModifiedDate":"2020-05-25T00:03:55","isFullCredit":false},{"lineNumber":34,"author":{"gitId":"-"},"content":"    exit 0","lastModifiedDate":"2020-05-25T00:03:55","isFullCredit":false},{"lineNumber":35,"author":{"gitId":"-"},"content":"else","lastModifiedDate":"2020-05-25T00:03:55","isFullCredit":false},{"lineNumber":36,"author":{"gitId":"-"},"content":"    echo \"Test result: FAILED\"","lastModifiedDate":"2020-05-25T00:03:55","isFullCredit":false},{"lineNumber":37,"author":{"gitId":"-"},"content":"    exit 1","lastModifiedDate":"2020-05-25T00:03:55","isFullCredit":false},{"lineNumber":38,"author":{"gitId":"-"},"content":"fi","lastModifiedDate":"2020-05-25T00:03:55","isFullCredit":false}],"authorContributionMap":{"SeanTLY23":1,"-":37}}]
