[{"path":"src/main/java/Task.java","fileType":"java","lines":[{"lineNumber":1,"author":{"gitId":"5iu5"},"content":"public class Task{","lastModifiedDate":"2026-01-28T01:13:09","isFullCredit":false},{"lineNumber":2,"author":{"gitId":"5iu5"},"content":"    protected String description;","lastModifiedDate":"2026-01-28T01:13:09","isFullCredit":false},{"lineNumber":3,"author":{"gitId":"5iu5"},"content":"    protected boolean isDone;","lastModifiedDate":"2026-01-28T01:13:09","isFullCredit":false},{"lineNumber":4,"author":{"gitId":"5iu5"},"content":"","lastModifiedDate":"2026-01-28T01:13:09","isFullCredit":false},{"lineNumber":5,"author":{"gitId":"5iu5"},"content":"    public Task(String description){","lastModifiedDate":"2026-01-28T01:13:09","isFullCredit":false},{"lineNumber":6,"author":{"gitId":"5iu5"},"content":"        this.description \u003d description;","lastModifiedDate":"2026-01-28T01:13:09","isFullCredit":false},{"lineNumber":7,"author":{"gitId":"5iu5"},"content":"        this.isDone \u003d false;","lastModifiedDate":"2026-01-28T01:13:09","isFullCredit":false},{"lineNumber":8,"author":{"gitId":"5iu5"},"content":"    }","lastModifiedDate":"2026-01-28T01:13:09","isFullCredit":false},{"lineNumber":9,"author":{"gitId":"5iu5"},"content":"","lastModifiedDate":"2026-01-29T22:32:55","isFullCredit":false},{"lineNumber":10,"author":{"gitId":"5iu5"},"content":"    public String getStatusIcon(){","lastModifiedDate":"2026-01-28T01:13:09","isFullCredit":false},{"lineNumber":11,"author":{"gitId":"5iu5"},"content":"        return isDone ? \"X\" : \" \";","lastModifiedDate":"2026-01-28T01:13:09","isFullCredit":false},{"lineNumber":12,"author":{"gitId":"5iu5"},"content":"    }","lastModifiedDate":"2026-01-28T01:13:09","isFullCredit":false},{"lineNumber":13,"author":{"gitId":"5iu5"},"content":"","lastModifiedDate":"2026-01-29T22:32:55","isFullCredit":false},{"lineNumber":14,"author":{"gitId":"5iu5"},"content":"    public String getDescription(){","lastModifiedDate":"2026-01-29T22:32:55","isFullCredit":false},{"lineNumber":15,"author":{"gitId":"5iu5"},"content":"        return this.description;","lastModifiedDate":"2026-01-29T22:32:55","isFullCredit":false},{"lineNumber":16,"author":{"gitId":"5iu5"},"content":"    }","lastModifiedDate":"2026-01-29T22:32:55","isFullCredit":false},{"lineNumber":17,"author":{"gitId":"5iu5"},"content":"","lastModifiedDate":"2026-01-29T22:32:55","isFullCredit":false},{"lineNumber":18,"author":{"gitId":"5iu5"},"content":"    public void markDone(){","lastModifiedDate":"2026-01-28T01:13:09","isFullCredit":false},{"lineNumber":19,"author":{"gitId":"5iu5"},"content":"        isDone \u003d true;","lastModifiedDate":"2026-01-28T01:13:09","isFullCredit":false},{"lineNumber":20,"author":{"gitId":"5iu5"},"content":"    }","lastModifiedDate":"2026-01-28T01:13:09","isFullCredit":false},{"lineNumber":21,"author":{"gitId":"5iu5"},"content":"","lastModifiedDate":"2026-01-29T22:32:55","isFullCredit":false},{"lineNumber":22,"author":{"gitId":"5iu5"},"content":"    public void unmark(){","lastModifiedDate":"2026-01-28T01:13:09","isFullCredit":false},{"lineNumber":23,"author":{"gitId":"5iu5"},"content":"        isDone \u003d false;","lastModifiedDate":"2026-01-28T01:13:09","isFullCredit":false},{"lineNumber":24,"author":{"gitId":"5iu5"},"content":"    }","lastModifiedDate":"2026-01-28T01:13:09","isFullCredit":false},{"lineNumber":25,"author":{"gitId":"5iu5"},"content":"}","lastModifiedDate":"2026-01-28T01:13:09","isFullCredit":false}],"authorContributionMap":{"5iu5":25}},{"path":"src/main/java/Yola.java","fileType":"java","lines":[{"lineNumber":1,"author":{"gitId":"5iu5"},"content":"import java.util.Scanner;","lastModifiedDate":"2026-01-27T13:19:03","isFullCredit":false},{"lineNumber":2,"author":{"gitId":"5iu5"},"content":"","lastModifiedDate":"2026-01-27T13:19:03","isFullCredit":false},{"lineNumber":3,"author":{"gitId":"5iu5"},"content":"public class Yola {","lastModifiedDate":"2026-01-25T01:53:00","isFullCredit":false},{"lineNumber":4,"author":{"gitId":"5iu5"},"content":"","lastModifiedDate":"2026-01-28T01:13:09","isFullCredit":false},{"lineNumber":5,"author":{"gitId":"5iu5"},"content":"","lastModifiedDate":"2026-01-28T01:13:09","isFullCredit":false},{"lineNumber":6,"author":{"gitId":"5iu5"},"content":"    public static void main(String[] args) {","lastModifiedDate":"2026-01-25T01:53:00","isFullCredit":false},{"lineNumber":7,"author":{"gitId":"5iu5"},"content":"","lastModifiedDate":"2026-01-25T01:53:00","isFullCredit":false},{"lineNumber":8,"author":{"gitId":"5iu5"},"content":"        String logo \u003d    \" __   __      _       \\n\"","lastModifiedDate":"2026-01-25T01:53:00","isFullCredit":false},{"lineNumber":9,"author":{"gitId":"5iu5"},"content":"                        + \" \\\\ \\\\ / /___  | | __ _ \\n\"","lastModifiedDate":"2026-01-25T01:53:00","isFullCredit":false},{"lineNumber":10,"author":{"gitId":"5iu5"},"content":"                        + \"  \\\\ V // _ \\\\ | |/ _` |\\n\"","lastModifiedDate":"2026-01-25T01:53:00","isFullCredit":false},{"lineNumber":11,"author":{"gitId":"5iu5"},"content":"                        + \"   | || (_) || | (_| |\\n\"","lastModifiedDate":"2026-01-25T01:53:00","isFullCredit":false},{"lineNumber":12,"author":{"gitId":"5iu5"},"content":"                        + \"   |_| \\\\___/ |_|\\\\__,_|\\n\";","lastModifiedDate":"2026-01-25T01:53:00","isFullCredit":false},{"lineNumber":13,"author":{"gitId":"5iu5"},"content":"","lastModifiedDate":"2026-01-25T01:53:00","isFullCredit":false},{"lineNumber":14,"author":{"gitId":"5iu5"},"content":"        System.out.println(\"Hello from\\n\" + logo);","lastModifiedDate":"2026-01-25T01:53:00","isFullCredit":false},{"lineNumber":15,"author":{"gitId":"5iu5"},"content":"        System.out.println(\"    ____________________________________________________________\");","lastModifiedDate":"2026-01-25T01:53:00","isFullCredit":false},{"lineNumber":16,"author":{"gitId":"5iu5"},"content":"        System.out.println(\"    Hello! I\u0027m Yola\");","lastModifiedDate":"2026-01-25T01:53:00","isFullCredit":false},{"lineNumber":17,"author":{"gitId":"5iu5"},"content":"        System.out.println(\"    What can I do for you?\");","lastModifiedDate":"2026-01-25T01:53:00","isFullCredit":false},{"lineNumber":18,"author":{"gitId":"5iu5"},"content":"        System.out.println(\"    ____________________________________________________________\");","lastModifiedDate":"2026-01-27T13:19:03","isFullCredit":false},{"lineNumber":19,"author":{"gitId":"5iu5"},"content":"","lastModifiedDate":"2026-01-27T13:19:03","isFullCredit":false},{"lineNumber":20,"author":{"gitId":"5iu5"},"content":"        String line;","lastModifiedDate":"2026-01-27T13:19:03","isFullCredit":false},{"lineNumber":21,"author":{"gitId":"5iu5"},"content":"        Scanner in \u003d new Scanner(System.in);","lastModifiedDate":"2026-01-27T13:19:03","isFullCredit":false},{"lineNumber":22,"author":{"gitId":"5iu5"},"content":"        Task[] taskList \u003d new Task[100];","lastModifiedDate":"2026-01-28T01:13:09","isFullCredit":false},{"lineNumber":23,"author":{"gitId":"5iu5"},"content":"        int size \u003d 0;","lastModifiedDate":"2026-01-28T01:13:09","isFullCredit":false},{"lineNumber":24,"author":{"gitId":"5iu5"},"content":"","lastModifiedDate":"2026-01-27T13:19:03","isFullCredit":false},{"lineNumber":25,"author":{"gitId":"5iu5"},"content":"        while(true){","lastModifiedDate":"2026-01-27T13:19:03","isFullCredit":false},{"lineNumber":26,"author":{"gitId":"5iu5"},"content":"            line \u003d in.nextLine();","lastModifiedDate":"2026-01-27T13:19:03","isFullCredit":false},{"lineNumber":27,"author":{"gitId":"5iu5"},"content":"            String[] words \u003d line.strip().split(\"\\\\s+\");","lastModifiedDate":"2026-01-28T01:13:09","isFullCredit":false},{"lineNumber":28,"author":{"gitId":"5iu5"},"content":"            if (line.equals(\"bye\")){","lastModifiedDate":"2026-01-27T13:19:03","isFullCredit":false},{"lineNumber":29,"author":{"gitId":"5iu5"},"content":"                break;","lastModifiedDate":"2026-01-27T13:19:03","isFullCredit":false},{"lineNumber":30,"author":{"gitId":"5iu5"},"content":"            }","lastModifiedDate":"2026-01-27T13:19:03","isFullCredit":false},{"lineNumber":31,"author":{"gitId":"5iu5"},"content":"            if (line.equals(\"list\")){","lastModifiedDate":"2026-01-28T00:03:09","isFullCredit":false},{"lineNumber":32,"author":{"gitId":"5iu5"},"content":"                System.out.println(\"    ____________________________________________________________\");","lastModifiedDate":"2026-01-27T13:19:03","isFullCredit":false},{"lineNumber":33,"author":{"gitId":"5iu5"},"content":"                System.out.println(\"    Here are the tasks in your list:\");","lastModifiedDate":"2026-01-28T01:13:09","isFullCredit":false},{"lineNumber":34,"author":{"gitId":"5iu5"},"content":"                for (int i \u003d 0; i \u003c size; i +\u003d 1){","lastModifiedDate":"2026-01-28T01:13:09","isFullCredit":false},{"lineNumber":35,"author":{"gitId":"5iu5"},"content":"                    System.out.println(\"    \" + (i+1)+ \".[\"+ taskList[i].getStatusIcon() + \"] \" + taskList[i].description);","lastModifiedDate":"2026-01-28T01:13:09","isFullCredit":false},{"lineNumber":36,"author":{"gitId":"5iu5"},"content":"                }","lastModifiedDate":"2026-01-28T01:13:09","isFullCredit":false},{"lineNumber":37,"author":{"gitId":"5iu5"},"content":"                System.out.println(\"    ____________________________________________________________\");","lastModifiedDate":"2026-01-28T01:13:09","isFullCredit":false},{"lineNumber":38,"author":{"gitId":"5iu5"},"content":"            }","lastModifiedDate":"2026-01-28T01:13:09","isFullCredit":false},{"lineNumber":39,"author":{"gitId":"5iu5"},"content":"            else if((words[0].equals(\"mark\") || words[0].equals(\"unmark\")) \u0026\u0026 words.length \u003d\u003d 2){","lastModifiedDate":"2026-01-28T01:13:09","isFullCredit":false},{"lineNumber":40,"author":{"gitId":"5iu5"},"content":"                //Check if it is a mark/unmark command","lastModifiedDate":"2026-01-28T01:13:09","isFullCredit":false},{"lineNumber":41,"author":{"gitId":"5iu5"},"content":"                try {","lastModifiedDate":"2026-01-28T01:13:09","isFullCredit":false},{"lineNumber":42,"author":{"gitId":"5iu5"},"content":"                     int taskNum \u003d Integer.parseInt(words[1]);","lastModifiedDate":"2026-01-28T01:13:09","isFullCredit":false},{"lineNumber":43,"author":{"gitId":"5iu5"},"content":"","lastModifiedDate":"2026-01-29T22:32:55","isFullCredit":false},{"lineNumber":44,"author":{"gitId":"5iu5"},"content":"                     if (taskNum \u003c 1 || taskNum \u003e size) {","lastModifiedDate":"2026-01-28T01:13:09","isFullCredit":false},{"lineNumber":45,"author":{"gitId":"5iu5"},"content":"                         System.out.println(\"invalid task number\");","lastModifiedDate":"2026-01-28T01:13:09","isFullCredit":false},{"lineNumber":46,"author":{"gitId":"5iu5"},"content":"                         continue;","lastModifiedDate":"2026-01-28T01:13:09","isFullCredit":false},{"lineNumber":47,"author":{"gitId":"5iu5"},"content":"                     }","lastModifiedDate":"2026-01-28T01:13:09","isFullCredit":false},{"lineNumber":48,"author":{"gitId":"5iu5"},"content":"","lastModifiedDate":"2026-01-29T22:32:55","isFullCredit":false},{"lineNumber":49,"author":{"gitId":"5iu5"},"content":"                    Task t \u003d taskList[taskNum-1];","lastModifiedDate":"2026-01-28T01:13:09","isFullCredit":false},{"lineNumber":50,"author":{"gitId":"5iu5"},"content":"                    System.out.println(\"    ____________________________________________________________\");","lastModifiedDate":"2026-01-28T01:13:09","isFullCredit":false},{"lineNumber":51,"author":{"gitId":"5iu5"},"content":"","lastModifiedDate":"2026-01-28T01:13:09","isFullCredit":false},{"lineNumber":52,"author":{"gitId":"5iu5"},"content":"                    if (words[0].equals(\"mark\")){","lastModifiedDate":"2026-01-28T01:13:09","isFullCredit":false},{"lineNumber":53,"author":{"gitId":"5iu5"},"content":"                         //mark task","lastModifiedDate":"2026-01-28T01:13:09","isFullCredit":false},{"lineNumber":54,"author":{"gitId":"5iu5"},"content":"                         t.markDone();","lastModifiedDate":"2026-01-28T01:13:09","isFullCredit":false},{"lineNumber":55,"author":{"gitId":"5iu5"},"content":"                         System.out.println(\"    Nice! I\u0027ve marked this task as done:\");","lastModifiedDate":"2026-01-28T01:13:09","isFullCredit":false},{"lineNumber":56,"author":{"gitId":"5iu5"},"content":"                    }","lastModifiedDate":"2026-01-28T00:03:09","isFullCredit":false},{"lineNumber":57,"author":{"gitId":"5iu5"},"content":"                     else {","lastModifiedDate":"2026-01-28T01:13:09","isFullCredit":false},{"lineNumber":58,"author":{"gitId":"5iu5"},"content":"                         //unmark task","lastModifiedDate":"2026-01-28T01:13:09","isFullCredit":false},{"lineNumber":59,"author":{"gitId":"5iu5"},"content":"                         t.unmark();","lastModifiedDate":"2026-01-28T01:13:09","isFullCredit":false},{"lineNumber":60,"author":{"gitId":"5iu5"},"content":"                         System.out.println(\"        OK, I\u0027ve marked this task as not done yet:\");","lastModifiedDate":"2026-01-28T01:13:09","isFullCredit":false},{"lineNumber":61,"author":{"gitId":"5iu5"},"content":"                     }","lastModifiedDate":"2026-01-28T01:13:09","isFullCredit":false},{"lineNumber":62,"author":{"gitId":"5iu5"},"content":"","lastModifiedDate":"2026-01-29T22:32:55","isFullCredit":false},{"lineNumber":63,"author":{"gitId":"5iu5"},"content":"                     System.out.println(\"      \" + \"[\" + t.getStatusIcon() + \"] \" + t.getDescription());","lastModifiedDate":"2026-01-29T22:32:55","isFullCredit":false},{"lineNumber":64,"author":{"gitId":"5iu5"},"content":"                     System.out.println(\"    ____________________________________________________________\");","lastModifiedDate":"2026-01-28T00:03:09","isFullCredit":false},{"lineNumber":65,"author":{"gitId":"5iu5"},"content":"","lastModifiedDate":"2026-01-28T01:13:09","isFullCredit":false},{"lineNumber":66,"author":{"gitId":"5iu5"},"content":"                }catch (NumberFormatException e) {","lastModifiedDate":"2026-01-28T01:13:09","isFullCredit":false},{"lineNumber":67,"author":{"gitId":"5iu5"},"content":"                    System.out.println(\"Please enter a valid task number.\");","lastModifiedDate":"2026-01-28T01:13:09","isFullCredit":false},{"lineNumber":68,"author":{"gitId":"5iu5"},"content":"                }","lastModifiedDate":"2026-01-28T01:13:09","isFullCredit":false},{"lineNumber":69,"author":{"gitId":"5iu5"},"content":"            }","lastModifiedDate":"2026-01-28T00:03:09","isFullCredit":false},{"lineNumber":70,"author":{"gitId":"5iu5"},"content":"            else{","lastModifiedDate":"2026-01-28T00:03:09","isFullCredit":false},{"lineNumber":71,"author":{"gitId":"5iu5"},"content":"                Task t \u003d new Task(line);","lastModifiedDate":"2026-01-28T01:13:09","isFullCredit":false},{"lineNumber":72,"author":{"gitId":"5iu5"},"content":"                taskList[size] \u003d t;","lastModifiedDate":"2026-01-28T01:13:09","isFullCredit":false},{"lineNumber":73,"author":{"gitId":"5iu5"},"content":"                size +\u003d 1;","lastModifiedDate":"2026-01-28T01:13:09","isFullCredit":false},{"lineNumber":74,"author":{"gitId":"5iu5"},"content":"                System.out.println(\"    ____________________________________________________________\");","lastModifiedDate":"2026-01-27T13:19:03","isFullCredit":false},{"lineNumber":75,"author":{"gitId":"5iu5"},"content":"                System.out.println(\"     added: \" + line);","lastModifiedDate":"2026-01-28T00:03:09","isFullCredit":false},{"lineNumber":76,"author":{"gitId":"5iu5"},"content":"                System.out.println(\"    ____________________________________________________________\");","lastModifiedDate":"2026-01-28T00:03:09","isFullCredit":false},{"lineNumber":77,"author":{"gitId":"5iu5"},"content":"            }","lastModifiedDate":"2026-01-28T00:03:09","isFullCredit":false},{"lineNumber":78,"author":{"gitId":"5iu5"},"content":"        }","lastModifiedDate":"2026-01-27T13:19:03","isFullCredit":false},{"lineNumber":79,"author":{"gitId":"5iu5"},"content":"        System.out.println(\"    ____________________________________________________________\");","lastModifiedDate":"2026-01-25T01:53:00","isFullCredit":false},{"lineNumber":80,"author":{"gitId":"5iu5"},"content":"        System.out.println(\"    Bye. Hope to see you again soon!\");","lastModifiedDate":"2026-01-25T01:53:00","isFullCredit":false},{"lineNumber":81,"author":{"gitId":"5iu5"},"content":"        System.out.println(\"    ____________________________________________________________\");","lastModifiedDate":"2026-01-25T01:53:00","isFullCredit":false},{"lineNumber":82,"author":{"gitId":"5iu5"},"content":"    }","lastModifiedDate":"2026-01-25T01:53:00","isFullCredit":false},{"lineNumber":83,"author":{"gitId":"5iu5"},"content":"}","lastModifiedDate":"2026-01-25T01:53:00","isFullCredit":false}],"authorContributionMap":{"5iu5":83}}]
