{"authorDailyContributionsMap":{"5iu5":[{"date":"2026-01-25T00:00:00","commitResults":[{"hash":"0e9c26070a07906884f143d590531a39414f2f1c","isMergeCommit":false,"messageTitle":"Rename chatbot and add greeting messages","messageBody":"","tags":["level-0"],"fileTypesAndContributionMap":{"java":{"insertions":18,"deletions":10}}}]},{"date":"2026-01-27T00:00:00","commitResults":[{"hash":"65b6efb49afc838ab5f69535e9c36421751f50e8","isMergeCommit":false,"messageTitle":"Add echo functionality to chatbot","messageBody":"chatbot echoes user\u0027s messages until user types \u0027bye\u0027\n","tags":["level-1"],"fileTypesAndContributionMap":{"java":{"insertions":27,"deletions":6}}}]},{"date":"2026-01-28T00:00:00","commitResults":[{"hash":"e22c4cba10227f1c2cb2ebb7791b704f25dadf45","isMergeCommit":false,"messageTitle":"Implement Add and List feature for chatbot","messageBody":"Add ability to store whatever text is entered by user, and display them\nback when requested.\n","tags":["level-2"],"fileTypesAndContributionMap":{"java":{"insertions":16,"deletions":4}}},{"hash":"e6b6c8d26c28143029ec06e671ecce17a891296e","isMergeCommit":false,"messageTitle":"Add Mark as Done functionality","messageBody":"Add the ability to mark tasks as done, as well as unmarking tasks.\n","tags":["level-3","A-Classes"],"fileTypesAndContributionMap":{"java":{"insertions":61,"deletions":6}}}]},{"date":"2026-01-29T00:00:00","commitResults":[{"hash":"3ac5a29fb66b0a65b0009a7e075b2123a2f9abcc","isMergeCommit":false,"messageTitle":"Modify code to follow coding standard","messageBody":"","tags":["A-CodingStandard"],"fileTypesAndContributionMap":{"java":{"insertions":12,"deletions":10}}}]},{"date":"2026-02-04T00:00:00","commitResults":[{"hash":"bab78ec7bd83b7205ff68318f970c6e10d216502","isMergeCommit":false,"messageTitle":"Refactor Yola.java and Task.java","messageBody":"- Consolidate commands (\"list\", \"mark\" and \"unmark\") using a switch\nstatement.\n- Move repeated code into helper methods to improve clarity.\n","tags":["A-CodeQuality"],"fileTypesAndContributionMap":{"java":{"insertions":88,"deletions":58}}},{"hash":"eae7a1c2ae22f8bce9070e2530b5a3f7ff0e397f","isMergeCommit":false,"messageTitle":"Add 3 new classes: \"ToDos\", \"Deadlines\" and \"Events\"","messageBody":"-Create these new classes so that the chatbot supports tracking of these\ntasks\n-Implemented toString method among all classes, allowing these classes to override the toString method in their parent class, Task.\n","tags":["Level-4"],"fileTypesAndContributionMap":{"java":{"insertions":91,"deletions":11}}}]},{"date":"2026-02-12T00:00:00","commitResults":[{"hash":"a44b8e796e83930ca01c87fdc81f28f54ef41018","isMergeCommit":false,"messageTitle":"Add handling of invalid user inputs - Handle missing description for Todo by displaying an error message - Handle invalid command from user by displaying an error message","messageBody":"","fileTypesAndContributionMap":{"java":{"insertions":9,"deletions":7}}},{"hash":"dbf14f475a7495dc9bed1f966e62dda7d5d7b24f","isMergeCommit":false,"messageTitle":"Refactor code and Add exception handling for Mark and Unmark commands","messageBody":"- Extract printing of divider into a method for easier usage\n- Add exception handling for mark/unmark commands ensure that the task\n  number given by user is a number and is within the list of tasks.\n  Otherwise, display an error message to user.\n","fileTypesAndContributionMap":{"java":{"insertions":78,"deletions":58}}}]},{"date":"2026-02-13T00:00:00","commitResults":[{"hash":"30f8965576ee0a7853981f23528af85703bcbdbe","isMergeCommit":false,"messageTitle":"Add Exception handling for Deadline and refactor code","messageBody":"- Extract code for retrieving task description and task deadline\n  strings into a method in Yola.java\n- getDescription and getDeadline in Deadline.java handles missing or invalid inputs\n  parsed by users, and throws an exception\n\ntask description\n","fileTypesAndContributionMap":{"java":{"insertions":51,"deletions":6}}},{"hash":"902f1b04ad325e008bc1dd61eb1940fbb7860101","isMergeCommit":true,"messageTitle":"Merge branch \u0027branch-Level-5\u0027","messageBody":"","tags":["Level-5","A-Exceptions"],"fileTypesAndContributionMap":{}}]}]},"authorFileTypeContributionMap":{"5iu5":{"java":285,"md":0,"fxml":0,"sh":0,"bat":0,"gradle":0,"txt":0}},"authorContributionVariance":{"5iu5":2412.8545},"authorDisplayNameMap":{"5iu5":"CS2113-F09-4 TEO ..SIUS"}}
