[{"path":"README.md","fileType":"md","lines":[{"lineNumber":1,"author":{"gitId":"-"},"content":"# Duke project template","lastModifiedDate":"2020-05-25T00:03:55","isFullCredit":false},{"lineNumber":2,"author":{"gitId":"Overture-2021"},"content":"This is the Independent Project component for CS2113 Software Engineering \u0026 OOP at the National University of Sinagpore.","lastModifiedDate":"2026-01-27T21:24:44","isFullCredit":false},{"lineNumber":3,"author":{"gitId":"-"},"content":"","lastModifiedDate":"2020-05-25T00:03:55","isFullCredit":false},{"lineNumber":4,"author":{"gitId":"-"},"content":"This is a project template for a greenfield Java project. It\u0027s named after the Java mascot _Duke_. Given below are instructions on how to use it.","lastModifiedDate":"2020-05-25T00:03:55","isFullCredit":false},{"lineNumber":5,"author":{"gitId":"-"},"content":"","lastModifiedDate":"2020-05-25T00:03:55","isFullCredit":false},{"lineNumber":6,"author":{"gitId":"-"},"content":"## Setting up in Intellij","lastModifiedDate":"2020-05-25T00:03:55","isFullCredit":false},{"lineNumber":7,"author":{"gitId":"-"},"content":"","lastModifiedDate":"2020-05-25T00:03:55","isFullCredit":false},{"lineNumber":8,"author":{"gitId":"-"},"content":"Prerequisites: JDK 17, update Intellij to the most recent version.","lastModifiedDate":"2024-07-11T16:50:14","isFullCredit":false},{"lineNumber":9,"author":{"gitId":"-"},"content":"","lastModifiedDate":"2020-05-25T00:03:55","isFullCredit":false},{"lineNumber":10,"author":{"gitId":"-"},"content":"1. Open Intellij (if you are not in the welcome screen, click `File` \u003e `Close Project` to close the existing project first)","lastModifiedDate":"2021-01-17T12:25:53","isFullCredit":false},{"lineNumber":11,"author":{"gitId":"-"},"content":"1. Open the project into Intellij as follows:","lastModifiedDate":"2021-01-17T12:25:53","isFullCredit":false},{"lineNumber":12,"author":{"gitId":"-"},"content":"   1. Click `Open`.","lastModifiedDate":"2021-01-17T12:25:53","isFullCredit":false},{"lineNumber":13,"author":{"gitId":"-"},"content":"   1. Select the project directory, and click `OK`.","lastModifiedDate":"2021-01-17T12:25:53","isFullCredit":false},{"lineNumber":14,"author":{"gitId":"-"},"content":"   1. If there are any further prompts, accept the defaults.","lastModifiedDate":"2020-05-25T00:03:55","isFullCredit":false},{"lineNumber":15,"author":{"gitId":"-"},"content":"1. Configure the project to use **JDK 17** (not other versions) as explained in [here](https://www.jetbrains.com/help/idea/sdk.html#set-up-jdk).\u003cbr\u003e","lastModifiedDate":"2024-07-11T16:50:14","isFullCredit":false},{"lineNumber":16,"author":{"gitId":"-"},"content":"   In the same dialog, set the **Project language level** field to the `SDK default` option.","lastModifiedDate":"2021-07-29T20:29:39","isFullCredit":false},{"lineNumber":17,"author":{"gitId":"-"},"content":"1. After that, locate the `src/main/java/Duke.java` file, right-click it, and choose `Run Duke.main()` (if the code editor is showing compile errors, try restarting the IDE). If the setup is correct, you should see something like the below as the output:","lastModifiedDate":"2025-01-04T21:45:23","isFullCredit":false},{"lineNumber":18,"author":{"gitId":"-"},"content":"   ```","lastModifiedDate":"2020-05-25T00:03:55","isFullCredit":false},{"lineNumber":19,"author":{"gitId":"-"},"content":"   Hello from","lastModifiedDate":"2020-05-25T00:03:55","isFullCredit":false},{"lineNumber":20,"author":{"gitId":"-"},"content":"    ____        _        ","lastModifiedDate":"2020-05-25T00:03:55","isFullCredit":false},{"lineNumber":21,"author":{"gitId":"-"},"content":"   |  _ \\ _   _| | _____ ","lastModifiedDate":"2020-05-25T00:03:55","isFullCredit":false},{"lineNumber":22,"author":{"gitId":"-"},"content":"   | | | | | | | |/ / _ \\","lastModifiedDate":"2020-05-25T00:03:55","isFullCredit":false},{"lineNumber":23,"author":{"gitId":"-"},"content":"   | |_| | |_| |   \u003c  __/","lastModifiedDate":"2020-05-25T00:03:55","isFullCredit":false},{"lineNumber":24,"author":{"gitId":"-"},"content":"   |____/ \\__,_|_|\\_\\___|","lastModifiedDate":"2020-05-25T00:03:55","isFullCredit":false},{"lineNumber":25,"author":{"gitId":"-"},"content":"   ```","lastModifiedDate":"2020-05-25T00:03:55","isFullCredit":false},{"lineNumber":26,"author":{"gitId":"-"},"content":"","lastModifiedDate":"2025-01-04T21:44:28","isFullCredit":false},{"lineNumber":27,"author":{"gitId":"-"},"content":"**Warning:** Keep the `src\\main\\java` folder as the root folder for Java files (i.e., don\u0027t rename those folders or move Java files to another folder outside of this folder path), as this is the default location some tools (e.g., Gradle) expect to find Java files.","lastModifiedDate":"2025-01-04T21:44:28","isFullCredit":false}],"authorContributionMap":{"Overture-2021":1,"-":26}},{"path":"docs/README.md","fileType":"md","lines":[{"lineNumber":1,"author":{"gitId":"Overture-2021"},"content":"# Kanade User Guide","lastModifiedDate":"2026-01-21T16:35:56","isFullCredit":false},{"lineNumber":2,"author":{"gitId":"-"},"content":"","lastModifiedDate":"2019-07-29T17:14:46","isFullCredit":false},{"lineNumber":3,"author":{"gitId":"-"},"content":"// Update the title above to match the actual product name","lastModifiedDate":"2024-01-07T18:33:52","isFullCredit":false},{"lineNumber":4,"author":{"gitId":"-"},"content":"","lastModifiedDate":"2019-07-29T17:14:46","isFullCredit":false},{"lineNumber":5,"author":{"gitId":"-"},"content":"// Product screenshot goes here","lastModifiedDate":"2024-01-07T18:33:52","isFullCredit":false},{"lineNumber":6,"author":{"gitId":"-"},"content":"","lastModifiedDate":"2021-07-17T16:49:07","isFullCredit":false},{"lineNumber":7,"author":{"gitId":"-"},"content":"// Product intro goes here","lastModifiedDate":"2024-01-07T18:33:52","isFullCredit":false},{"lineNumber":8,"author":{"gitId":"-"},"content":"","lastModifiedDate":"2021-07-17T16:49:07","isFullCredit":false},{"lineNumber":9,"author":{"gitId":"-"},"content":"## Adding deadlines","lastModifiedDate":"2024-01-07T18:33:52","isFullCredit":false},{"lineNumber":10,"author":{"gitId":"-"},"content":"","lastModifiedDate":"2021-07-17T16:49:07","isFullCredit":false},{"lineNumber":11,"author":{"gitId":"-"},"content":"// Describe the action and its outcome.","lastModifiedDate":"2024-01-07T18:33:52","isFullCredit":false},{"lineNumber":12,"author":{"gitId":"-"},"content":"","lastModifiedDate":"2019-07-29T17:14:46","isFullCredit":false},{"lineNumber":13,"author":{"gitId":"-"},"content":"// Give examples of usage","lastModifiedDate":"2024-01-07T18:33:52","isFullCredit":false},{"lineNumber":14,"author":{"gitId":"-"},"content":"","lastModifiedDate":"2019-07-29T17:14:46","isFullCredit":false},{"lineNumber":15,"author":{"gitId":"-"},"content":"Example: `keyword (optional arguments)`","lastModifiedDate":"2024-01-07T18:33:52","isFullCredit":false},{"lineNumber":16,"author":{"gitId":"-"},"content":"","lastModifiedDate":"2019-07-29T17:14:46","isFullCredit":false},{"lineNumber":17,"author":{"gitId":"-"},"content":"// A description of the expected outcome goes here","lastModifiedDate":"2024-01-07T18:33:52","isFullCredit":false},{"lineNumber":18,"author":{"gitId":"-"},"content":"","lastModifiedDate":"2019-07-29T17:14:46","isFullCredit":false},{"lineNumber":19,"author":{"gitId":"-"},"content":"```","lastModifiedDate":"2024-01-07T18:33:52","isFullCredit":false},{"lineNumber":20,"author":{"gitId":"-"},"content":"expected output","lastModifiedDate":"2024-01-07T18:33:52","isFullCredit":false},{"lineNumber":21,"author":{"gitId":"-"},"content":"```","lastModifiedDate":"2024-01-07T18:33:52","isFullCredit":false},{"lineNumber":22,"author":{"gitId":"-"},"content":"","lastModifiedDate":"2019-07-29T17:14:46","isFullCredit":false},{"lineNumber":23,"author":{"gitId":"-"},"content":"## Feature ABC","lastModifiedDate":"2024-01-07T18:33:52","isFullCredit":false},{"lineNumber":24,"author":{"gitId":"-"},"content":"","lastModifiedDate":"2019-07-29T17:14:46","isFullCredit":false},{"lineNumber":25,"author":{"gitId":"-"},"content":"// Feature details","lastModifiedDate":"2024-01-07T18:33:52","isFullCredit":false},{"lineNumber":26,"author":{"gitId":"-"},"content":"","lastModifiedDate":"2019-07-29T17:14:46","isFullCredit":false},{"lineNumber":27,"author":{"gitId":"-"},"content":"","lastModifiedDate":"2021-07-17T16:49:07","isFullCredit":false},{"lineNumber":28,"author":{"gitId":"-"},"content":"## Feature XYZ","lastModifiedDate":"2024-01-07T18:33:52","isFullCredit":false},{"lineNumber":29,"author":{"gitId":"-"},"content":"","lastModifiedDate":"2024-01-07T18:33:52","isFullCredit":false},{"lineNumber":30,"author":{"gitId":"-"},"content":"// Feature details","lastModifiedDate":"2024-01-07T18:33:52","isFullCredit":false}],"authorContributionMap":{"Overture-2021":1,"-":29}},{"path":"src/main/java/Deadline.java","fileType":"java","lines":[{"lineNumber":1,"author":{"gitId":"Overture-2021"},"content":"public class Deadline extends Task {","lastModifiedDate":"2026-01-31T17:18:25","isFullCredit":false},{"lineNumber":2,"author":{"gitId":"Overture-2021"},"content":"    String by;","lastModifiedDate":"2026-01-31T17:18:25","isFullCredit":false},{"lineNumber":3,"author":{"gitId":"Overture-2021"},"content":"","lastModifiedDate":"2026-02-01T20:39:42","isFullCredit":false},{"lineNumber":4,"author":{"gitId":"Overture-2021"},"content":"    public Deadline(String ln) {","lastModifiedDate":"2026-01-31T17:18:25","isFullCredit":false},{"lineNumber":5,"author":{"gitId":"Overture-2021"},"content":"        super(\"\", \"D\");","lastModifiedDate":"2026-01-31T17:18:25","isFullCredit":false},{"lineNumber":6,"author":{"gitId":"Overture-2021"},"content":"","lastModifiedDate":"2026-01-31T17:18:25","isFullCredit":false},{"lineNumber":7,"author":{"gitId":"Overture-2021"},"content":"        int indexOfBy \u003d ln.indexOf(\"/by\");","lastModifiedDate":"2026-01-31T17:18:25","isFullCredit":false},{"lineNumber":8,"author":{"gitId":"Overture-2021"},"content":"        String desc \u003d ln.substring(9, indexOfBy);","lastModifiedDate":"2026-01-31T17:18:25","isFullCredit":false},{"lineNumber":9,"author":{"gitId":"Overture-2021"},"content":"","lastModifiedDate":"2026-01-31T17:18:25","isFullCredit":false},{"lineNumber":10,"author":{"gitId":"Overture-2021"},"content":"        description \u003d desc;","lastModifiedDate":"2026-01-31T17:18:25","isFullCredit":false},{"lineNumber":11,"author":{"gitId":"Overture-2021"},"content":"        by \u003d ln.substring(indexOfBy + 4);","lastModifiedDate":"2026-01-31T17:18:25","isFullCredit":false},{"lineNumber":12,"author":{"gitId":"Overture-2021"},"content":"","lastModifiedDate":"2026-01-31T17:18:25","isFullCredit":false},{"lineNumber":13,"author":{"gitId":"Overture-2021"},"content":"        System.out.println(\"_________________________\");","lastModifiedDate":"2026-01-31T17:18:25","isFullCredit":false},{"lineNumber":14,"author":{"gitId":"Overture-2021"},"content":"        System.out.println(\"Got it. I\u0027ve added this task: \" + this);","lastModifiedDate":"2026-01-31T17:18:25","isFullCredit":false},{"lineNumber":15,"author":{"gitId":"Overture-2021"},"content":"        Integer numT \u003d Kanade.numTask + 1;","lastModifiedDate":"2026-01-31T17:18:25","isFullCredit":false},{"lineNumber":16,"author":{"gitId":"Overture-2021"},"content":"        System.out.println(\"Now you have \" + numT.toString() + \" task(s) in the list\");","lastModifiedDate":"2026-01-31T17:18:25","isFullCredit":false},{"lineNumber":17,"author":{"gitId":"Overture-2021"},"content":"        System.out.println(\"_________________________\");","lastModifiedDate":"2026-01-31T17:18:25","isFullCredit":false},{"lineNumber":18,"author":{"gitId":"Overture-2021"},"content":"    }","lastModifiedDate":"2026-01-31T17:18:25","isFullCredit":false},{"lineNumber":19,"author":{"gitId":"Overture-2021"},"content":"","lastModifiedDate":"2026-02-01T20:39:42","isFullCredit":false},{"lineNumber":20,"author":{"gitId":"Overture-2021"},"content":"    @Override","lastModifiedDate":"2026-01-31T17:18:25","isFullCredit":false},{"lineNumber":21,"author":{"gitId":"Overture-2021"},"content":"    public String toString() {","lastModifiedDate":"2026-01-31T17:18:25","isFullCredit":false},{"lineNumber":22,"author":{"gitId":"Overture-2021"},"content":"        return super.toString() + \"(by: \" + by + \")\";","lastModifiedDate":"2026-01-31T17:18:25","isFullCredit":false},{"lineNumber":23,"author":{"gitId":"Overture-2021"},"content":"    }","lastModifiedDate":"2026-01-31T17:18:25","isFullCredit":false},{"lineNumber":24,"author":{"gitId":"Overture-2021"},"content":"}","lastModifiedDate":"2026-01-31T17:18:25","isFullCredit":false}],"authorContributionMap":{"Overture-2021":24}},{"path":"src/main/java/Event.java","fileType":"java","lines":[{"lineNumber":1,"author":{"gitId":"Overture-2021"},"content":"public class Event extends Task {","lastModifiedDate":"2026-01-31T17:18:25","isFullCredit":false},{"lineNumber":2,"author":{"gitId":"Overture-2021"},"content":"    String from;","lastModifiedDate":"2026-01-31T17:18:25","isFullCredit":false},{"lineNumber":3,"author":{"gitId":"Overture-2021"},"content":"    String to;","lastModifiedDate":"2026-01-31T17:18:25","isFullCredit":false},{"lineNumber":4,"author":{"gitId":"Overture-2021"},"content":"","lastModifiedDate":"2026-02-01T20:39:42","isFullCredit":false},{"lineNumber":5,"author":{"gitId":"Overture-2021"},"content":"    public Event(String ln) {","lastModifiedDate":"2026-01-31T17:18:25","isFullCredit":false},{"lineNumber":6,"author":{"gitId":"Overture-2021"},"content":"        super(\"\", \"E\");","lastModifiedDate":"2026-01-31T17:18:25","isFullCredit":false},{"lineNumber":7,"author":{"gitId":"Overture-2021"},"content":"        int indexOfFrom \u003d ln.indexOf(\"/from\");","lastModifiedDate":"2026-01-31T17:18:25","isFullCredit":false},{"lineNumber":8,"author":{"gitId":"Overture-2021"},"content":"        int indexOfTo \u003d ln.indexOf(\"/to\");","lastModifiedDate":"2026-01-31T17:18:25","isFullCredit":false},{"lineNumber":9,"author":{"gitId":"Overture-2021"},"content":"        description \u003d ln.substring(6, indexOfFrom);","lastModifiedDate":"2026-01-31T17:18:25","isFullCredit":false},{"lineNumber":10,"author":{"gitId":"Overture-2021"},"content":"        from \u003d ln.substring(indexOfFrom + 5, indexOfTo);","lastModifiedDate":"2026-01-31T17:18:25","isFullCredit":false},{"lineNumber":11,"author":{"gitId":"Overture-2021"},"content":"        to \u003d ln.substring(indexOfTo + 3);","lastModifiedDate":"2026-01-31T17:18:25","isFullCredit":false},{"lineNumber":12,"author":{"gitId":"Overture-2021"},"content":"","lastModifiedDate":"2026-01-31T17:18:25","isFullCredit":false},{"lineNumber":13,"author":{"gitId":"Overture-2021"},"content":"        System.out.println(\"_________________________\");","lastModifiedDate":"2026-01-31T17:18:25","isFullCredit":false},{"lineNumber":14,"author":{"gitId":"Overture-2021"},"content":"        System.out.println(\"Got it. I\u0027ve added this task:\" + this);","lastModifiedDate":"2026-01-31T17:18:25","isFullCredit":false},{"lineNumber":15,"author":{"gitId":"Overture-2021"},"content":"        Integer numT \u003d Kanade.numTask + 1;","lastModifiedDate":"2026-01-31T17:18:25","isFullCredit":false},{"lineNumber":16,"author":{"gitId":"Overture-2021"},"content":"        System.out.println(\"Now you have \" + numT.toString() + \" task(s) in the list\");","lastModifiedDate":"2026-01-31T17:18:25","isFullCredit":false},{"lineNumber":17,"author":{"gitId":"Overture-2021"},"content":"        System.out.println(\"_________________________\");","lastModifiedDate":"2026-01-31T17:18:25","isFullCredit":false},{"lineNumber":18,"author":{"gitId":"Overture-2021"},"content":"    }","lastModifiedDate":"2026-01-31T17:18:25","isFullCredit":false},{"lineNumber":19,"author":{"gitId":"Overture-2021"},"content":"","lastModifiedDate":"2026-01-31T17:18:25","isFullCredit":false},{"lineNumber":20,"author":{"gitId":"Overture-2021"},"content":"    @Override","lastModifiedDate":"2026-01-31T17:18:25","isFullCredit":false},{"lineNumber":21,"author":{"gitId":"Overture-2021"},"content":"    public String toString() {","lastModifiedDate":"2026-01-31T17:18:25","isFullCredit":false},{"lineNumber":22,"author":{"gitId":"Overture-2021"},"content":"        return super.toString() + \"(from:\" + from + \"to: \" + to + \")\";","lastModifiedDate":"2026-01-31T17:18:25","isFullCredit":false},{"lineNumber":23,"author":{"gitId":"Overture-2021"},"content":"    }","lastModifiedDate":"2026-01-31T17:18:25","isFullCredit":false},{"lineNumber":24,"author":{"gitId":"Overture-2021"},"content":"","lastModifiedDate":"2026-01-31T17:18:25","isFullCredit":false},{"lineNumber":25,"author":{"gitId":"Overture-2021"},"content":"","lastModifiedDate":"2026-01-31T17:18:25","isFullCredit":false},{"lineNumber":26,"author":{"gitId":"Overture-2021"},"content":"}","lastModifiedDate":"2026-01-31T17:18:25","isFullCredit":false}],"authorContributionMap":{"Overture-2021":26}},{"path":"src/main/java/Kanade.java","fileType":"java","lines":[{"lineNumber":1,"author":{"gitId":"Overture-2021"},"content":"import java.util.Scanner;","lastModifiedDate":"2026-01-26T17:08:15","isFullCredit":false},{"lineNumber":2,"author":{"gitId":"Overture-2021"},"content":"","lastModifiedDate":"2026-01-26T17:08:15","isFullCredit":false},{"lineNumber":3,"author":{"gitId":"Overture-2021"},"content":"public class Kanade {","lastModifiedDate":"2026-01-21T16:40:27","isFullCredit":false},{"lineNumber":4,"author":{"gitId":"Overture-2021"},"content":"    Scanner sc \u003d new Scanner(System.in);","lastModifiedDate":"2026-01-26T17:08:15","isFullCredit":false},{"lineNumber":5,"author":{"gitId":"Overture-2021"},"content":"    private Task[] Tasks \u003d new Task[100];","lastModifiedDate":"2026-01-26T21:42:25","isFullCredit":false},{"lineNumber":6,"author":{"gitId":"Overture-2021"},"content":"    protected static Integer numTask;","lastModifiedDate":"2026-01-31T17:18:25","isFullCredit":false},{"lineNumber":7,"author":{"gitId":"Overture-2021"},"content":"","lastModifiedDate":"2026-01-27T21:24:44","isFullCredit":false},{"lineNumber":8,"author":{"gitId":"Overture-2021"},"content":"    public Kanade() {","lastModifiedDate":"2026-01-26T17:08:15","isFullCredit":false},{"lineNumber":9,"author":{"gitId":"Overture-2021"},"content":"        String logo \u003d \" _  __                     _      \\n\"","lastModifiedDate":"2026-01-21T16:35:56","isFullCredit":false},{"lineNumber":10,"author":{"gitId":"Overture-2021"},"content":"                + \"| |/ /                    | |     \\n\"","lastModifiedDate":"2026-01-21T16:35:56","isFullCredit":false},{"lineNumber":11,"author":{"gitId":"Overture-2021"},"content":"                + \"| \u0027 /  __ _ _ __   __ _  __| | ___ \\n\"","lastModifiedDate":"2026-01-21T16:35:56","isFullCredit":false},{"lineNumber":12,"author":{"gitId":"Overture-2021"},"content":"                + \"|  \u003c  / _` | \u0027_ \\\\ / _` |/ _` |/ _ \\\\\\n\"","lastModifiedDate":"2026-01-21T16:35:56","isFullCredit":false},{"lineNumber":13,"author":{"gitId":"Overture-2021"},"content":"                + \"| . \\\\| (_| | | | | (_| | (_| |  __/\\n\"","lastModifiedDate":"2026-01-21T16:35:56","isFullCredit":false},{"lineNumber":14,"author":{"gitId":"Overture-2021"},"content":"                + \"|_|\\\\_\\\\\\\\__,_|_| |_|\\\\__,_|\\\\__,_|\\\\___|❤\\n\";","lastModifiedDate":"2026-01-27T21:24:44","isFullCredit":false},{"lineNumber":15,"author":{"gitId":"Overture-2021"},"content":"","lastModifiedDate":"2026-01-26T17:08:15","isFullCredit":false},{"lineNumber":16,"author":{"gitId":"Overture-2021"},"content":"        System.out.println(\"Initiating...\\n\" + logo);","lastModifiedDate":"2026-01-21T16:35:56","isFullCredit":false},{"lineNumber":17,"author":{"gitId":"Overture-2021"},"content":"        this.PrintMsg(\"Ciallo～(∠・ω\u003c )⌒★)! I\u0027m Kanade!\\n こんにちは！私の名前は奏（かなで）です！よろしくお願いします！\");","lastModifiedDate":"2026-01-27T21:24:44","isFullCredit":false},{"lineNumber":18,"author":{"gitId":"Overture-2021"},"content":"        numTask \u003d 0;","lastModifiedDate":"2026-01-26T21:42:25","isFullCredit":false},{"lineNumber":19,"author":{"gitId":"Overture-2021"},"content":"    }","lastModifiedDate":"2026-01-26T17:08:15","isFullCredit":false},{"lineNumber":20,"author":{"gitId":"Overture-2021"},"content":"","lastModifiedDate":"2026-01-26T17:08:15","isFullCredit":false},{"lineNumber":21,"author":{"gitId":"Overture-2021"},"content":"    public void Chat() {","lastModifiedDate":"2026-01-31T17:18:25","isFullCredit":false},{"lineNumber":22,"author":{"gitId":"Overture-2021"},"content":"        String ln \u003d \"\";","lastModifiedDate":"2026-01-26T17:08:15","isFullCredit":false},{"lineNumber":23,"author":{"gitId":"Overture-2021"},"content":"        Integer target;","lastModifiedDate":"2026-01-27T21:24:44","isFullCredit":false},{"lineNumber":24,"author":{"gitId":"Overture-2021"},"content":"        while (true) {","lastModifiedDate":"2026-01-26T21:42:25","isFullCredit":false},{"lineNumber":25,"author":{"gitId":"Overture-2021"},"content":"            ln \u003d sc.nextLine();","lastModifiedDate":"2026-01-26T17:08:15","isFullCredit":false},{"lineNumber":26,"author":{"gitId":"Overture-2021"},"content":"            String[] words \u003d ln.split(\" \");","lastModifiedDate":"2026-01-31T17:18:25","isFullCredit":false},{"lineNumber":27,"author":{"gitId":"Overture-2021"},"content":"            if (ln.equals(\"bye\")) {","lastModifiedDate":"2026-01-26T17:08:15","isFullCredit":false},{"lineNumber":28,"author":{"gitId":"Overture-2021"},"content":"                PrintMsg(\"Bye. Hope to see you again soon!\\nまたね！\");","lastModifiedDate":"2026-01-27T21:24:44","isFullCredit":false},{"lineNumber":29,"author":{"gitId":"Overture-2021"},"content":"                break;","lastModifiedDate":"2026-01-26T17:08:15","isFullCredit":false},{"lineNumber":30,"author":{"gitId":"Overture-2021"},"content":"            } else if (ln.equals(\"list\")) {","lastModifiedDate":"2026-01-27T21:24:44","isFullCredit":false},{"lineNumber":31,"author":{"gitId":"Overture-2021"},"content":"                PrintTasks();","lastModifiedDate":"2026-01-26T21:42:25","isFullCredit":false},{"lineNumber":32,"author":{"gitId":"Overture-2021"},"content":"            } else if (words[0].equals(\"unmark\")) {","lastModifiedDate":"2026-01-31T17:18:25","isFullCredit":false},{"lineNumber":33,"author":{"gitId":"Overture-2021"},"content":"                target \u003d Integer.parseInt(ln.replace(\"unmark \", \"\"));","lastModifiedDate":"2026-01-27T21:24:44","isFullCredit":false},{"lineNumber":34,"author":{"gitId":"Overture-2021"},"content":"                Tasks[target].setStatus(false);","lastModifiedDate":"2026-01-27T21:24:44","isFullCredit":false},{"lineNumber":35,"author":{"gitId":"Overture-2021"},"content":"            } else if (words[0].equals(\"mark\")) {","lastModifiedDate":"2026-01-31T17:18:25","isFullCredit":false},{"lineNumber":36,"author":{"gitId":"Overture-2021"},"content":"                target \u003d Integer.parseInt(ln.replace(\"mark \", \"\"));","lastModifiedDate":"2026-01-27T21:24:44","isFullCredit":false},{"lineNumber":37,"author":{"gitId":"Overture-2021"},"content":"                Tasks[target].setStatus(true);","lastModifiedDate":"2026-01-27T21:24:44","isFullCredit":false},{"lineNumber":38,"author":{"gitId":"Overture-2021"},"content":"            } else if (words[0].equals(\"todo\")) {","lastModifiedDate":"2026-01-31T17:18:25","isFullCredit":false},{"lineNumber":39,"author":{"gitId":"Overture-2021"},"content":"                Tasks[numTask] \u003d new Todo(ln);","lastModifiedDate":"2026-01-31T17:18:25","isFullCredit":false},{"lineNumber":40,"author":{"gitId":"Overture-2021"},"content":"                numTask +\u003d 1;","lastModifiedDate":"2026-01-31T17:18:25","isFullCredit":false},{"lineNumber":41,"author":{"gitId":"Overture-2021"},"content":"            } else if (words[0].equals(\"deadline\")) {","lastModifiedDate":"2026-01-31T17:18:25","isFullCredit":false},{"lineNumber":42,"author":{"gitId":"Overture-2021"},"content":"                Tasks[numTask] \u003d new Deadline(ln);","lastModifiedDate":"2026-01-31T17:18:25","isFullCredit":false},{"lineNumber":43,"author":{"gitId":"Overture-2021"},"content":"                numTask +\u003d 1;","lastModifiedDate":"2026-01-31T17:18:25","isFullCredit":false},{"lineNumber":44,"author":{"gitId":"Overture-2021"},"content":"            } else if (words[0].equals(\"event\")) {","lastModifiedDate":"2026-01-31T17:18:25","isFullCredit":false},{"lineNumber":45,"author":{"gitId":"Overture-2021"},"content":"                Tasks[numTask] \u003d new Event(ln);","lastModifiedDate":"2026-01-31T17:18:25","isFullCredit":false},{"lineNumber":46,"author":{"gitId":"Overture-2021"},"content":"                numTask +\u003d 1;","lastModifiedDate":"2026-01-31T17:18:25","isFullCredit":false},{"lineNumber":47,"author":{"gitId":"Overture-2021"},"content":"            } else {","lastModifiedDate":"2026-02-01T20:39:42","isFullCredit":false},{"lineNumber":48,"author":{"gitId":"Overture-2021"},"content":"                Tasks[numTask] \u003d new Task(ln);","lastModifiedDate":"2026-01-26T21:42:25","isFullCredit":false},{"lineNumber":49,"author":{"gitId":"Overture-2021"},"content":"                numTask +\u003d 1;","lastModifiedDate":"2026-01-26T21:42:25","isFullCredit":false},{"lineNumber":50,"author":{"gitId":"Overture-2021"},"content":"                PrintMsg(\"added: \" + ln);","lastModifiedDate":"2026-01-26T21:42:25","isFullCredit":false},{"lineNumber":51,"author":{"gitId":"Overture-2021"},"content":"            }","lastModifiedDate":"2026-01-26T21:42:25","isFullCredit":false},{"lineNumber":52,"author":{"gitId":"Overture-2021"},"content":"","lastModifiedDate":"2026-01-26T21:42:25","isFullCredit":false},{"lineNumber":53,"author":{"gitId":"Overture-2021"},"content":"        }","lastModifiedDate":"2026-01-26T21:42:25","isFullCredit":false},{"lineNumber":54,"author":{"gitId":"Overture-2021"},"content":"    }","lastModifiedDate":"2026-01-26T17:08:15","isFullCredit":false},{"lineNumber":55,"author":{"gitId":"Overture-2021"},"content":"","lastModifiedDate":"2026-01-26T21:42:25","isFullCredit":false},{"lineNumber":56,"author":{"gitId":"Overture-2021"},"content":"    public void PrintTasks() {","lastModifiedDate":"2026-01-26T21:42:25","isFullCredit":false},{"lineNumber":57,"author":{"gitId":"Overture-2021"},"content":"        System.out.println(\"_________________________\");","lastModifiedDate":"2026-01-26T21:42:25","isFullCredit":false},{"lineNumber":58,"author":{"gitId":"Overture-2021"},"content":"        Integer i \u003d 0;","lastModifiedDate":"2026-01-26T21:42:25","isFullCredit":false},{"lineNumber":59,"author":{"gitId":"Overture-2021"},"content":"        for (i \u003d 0; i \u003c numTask; i +\u003d 1) {","lastModifiedDate":"2026-01-26T21:42:25","isFullCredit":false},{"lineNumber":60,"author":{"gitId":"Overture-2021"},"content":"            System.out.println(i.toString() + \".\" + Tasks[i].toString());","lastModifiedDate":"2026-01-31T17:18:25","isFullCredit":false},{"lineNumber":61,"author":{"gitId":"Overture-2021"},"content":"        }","lastModifiedDate":"2026-01-26T21:42:25","isFullCredit":false},{"lineNumber":62,"author":{"gitId":"Overture-2021"},"content":"        System.out.println(\"_________________________\");","lastModifiedDate":"2026-01-26T21:42:25","isFullCredit":false},{"lineNumber":63,"author":{"gitId":"Overture-2021"},"content":"    }","lastModifiedDate":"2026-01-26T17:08:15","isFullCredit":false},{"lineNumber":64,"author":{"gitId":"Overture-2021"},"content":"","lastModifiedDate":"2026-01-26T17:08:15","isFullCredit":false},{"lineNumber":65,"author":{"gitId":"Overture-2021"},"content":"    public static void PrintMsg(String input) {","lastModifiedDate":"2026-01-31T17:18:25","isFullCredit":false},{"lineNumber":66,"author":{"gitId":"Overture-2021"},"content":"        System.out.println(\"_________________________\");","lastModifiedDate":"2026-01-26T17:08:15","isFullCredit":false},{"lineNumber":67,"author":{"gitId":"Overture-2021"},"content":"        System.out.println(input);","lastModifiedDate":"2026-01-26T17:08:15","isFullCredit":false},{"lineNumber":68,"author":{"gitId":"Overture-2021"},"content":"        System.out.println(\"_________________________\");","lastModifiedDate":"2026-01-26T17:08:15","isFullCredit":false},{"lineNumber":69,"author":{"gitId":"Overture-2021"},"content":"    }","lastModifiedDate":"2026-01-26T17:08:15","isFullCredit":false},{"lineNumber":70,"author":{"gitId":"Overture-2021"},"content":"","lastModifiedDate":"2026-01-27T21:24:44","isFullCredit":false},{"lineNumber":71,"author":{"gitId":"Overture-2021"},"content":"    public static void main(String[] args) {","lastModifiedDate":"2026-01-26T17:08:15","isFullCredit":false},{"lineNumber":72,"author":{"gitId":"Overture-2021"},"content":"        Kanade k423 \u003d new Kanade();","lastModifiedDate":"2026-01-26T17:08:15","isFullCredit":false},{"lineNumber":73,"author":{"gitId":"Overture-2021"},"content":"","lastModifiedDate":"2026-01-27T21:24:44","isFullCredit":false},{"lineNumber":74,"author":{"gitId":"Overture-2021"},"content":"        k423.Chat();","lastModifiedDate":"2026-01-31T17:18:25","isFullCredit":false},{"lineNumber":75,"author":{"gitId":"Overture-2021"},"content":"","lastModifiedDate":"2026-01-26T17:08:15","isFullCredit":false},{"lineNumber":76,"author":{"gitId":"-"},"content":"    }","lastModifiedDate":"2019-07-29T17:14:46","isFullCredit":false},{"lineNumber":77,"author":{"gitId":"-"},"content":"}","lastModifiedDate":"2019-07-29T17:14:46","isFullCredit":false},{"lineNumber":78,"author":{"gitId":"Overture-2021"},"content":"","lastModifiedDate":"2026-01-21T16:35:56","isFullCredit":false},{"lineNumber":79,"author":{"gitId":"Overture-2021"},"content":"","lastModifiedDate":"2026-01-21T16:35:56","isFullCredit":false}],"authorContributionMap":{"Overture-2021":77,"-":2}},{"path":"src/main/java/Line.java","fileType":"java","lines":[{"lineNumber":1,"author":{"gitId":"Overture-2021"},"content":"public class Line {","lastModifiedDate":"2026-01-31T17:18:25","isFullCredit":false},{"lineNumber":2,"author":{"gitId":"Overture-2021"},"content":"","lastModifiedDate":"2026-01-31T17:18:25","isFullCredit":false},{"lineNumber":3,"author":{"gitId":"Overture-2021"},"content":"    private String action;","lastModifiedDate":"2026-01-31T17:18:25","isFullCredit":false},{"lineNumber":4,"author":{"gitId":"Overture-2021"},"content":"","lastModifiedDate":"2026-01-31T17:18:25","isFullCredit":false},{"lineNumber":5,"author":{"gitId":"Overture-2021"},"content":"","lastModifiedDate":"2026-01-31T17:18:25","isFullCredit":false},{"lineNumber":6,"author":{"gitId":"Overture-2021"},"content":"    public Line(String line){","lastModifiedDate":"2026-01-31T17:18:25","isFullCredit":false},{"lineNumber":7,"author":{"gitId":"Overture-2021"},"content":"","lastModifiedDate":"2026-01-31T17:18:25","isFullCredit":false},{"lineNumber":8,"author":{"gitId":"Overture-2021"},"content":"    }","lastModifiedDate":"2026-01-31T17:18:25","isFullCredit":false},{"lineNumber":9,"author":{"gitId":"Overture-2021"},"content":"}","lastModifiedDate":"2026-01-31T17:18:25","isFullCredit":false}],"authorContributionMap":{"Overture-2021":9}},{"path":"src/main/java/Task.java","fileType":"java","lines":[{"lineNumber":1,"author":{"gitId":"Overture-2021"},"content":"public class Task {","lastModifiedDate":"2026-01-26T21:42:25","isFullCredit":false},{"lineNumber":2,"author":{"gitId":"Overture-2021"},"content":"    protected String description;","lastModifiedDate":"2026-01-26T21:42:25","isFullCredit":false},{"lineNumber":3,"author":{"gitId":"Overture-2021"},"content":"    protected String type;","lastModifiedDate":"2026-01-31T17:18:25","isFullCredit":false},{"lineNumber":4,"author":{"gitId":"Overture-2021"},"content":"    protected boolean isDone;","lastModifiedDate":"2026-01-26T21:42:25","isFullCredit":false},{"lineNumber":5,"author":{"gitId":"Overture-2021"},"content":"","lastModifiedDate":"2026-01-26T21:42:25","isFullCredit":false},{"lineNumber":6,"author":{"gitId":"Overture-2021"},"content":"    public Task() {","lastModifiedDate":"2026-01-31T17:18:25","isFullCredit":false},{"lineNumber":7,"author":{"gitId":"Overture-2021"},"content":"        description \u003d \"\";","lastModifiedDate":"2026-01-31T17:18:25","isFullCredit":false},{"lineNumber":8,"author":{"gitId":"Overture-2021"},"content":"    }","lastModifiedDate":"2026-01-31T17:18:25","isFullCredit":false},{"lineNumber":9,"author":{"gitId":"Overture-2021"},"content":"","lastModifiedDate":"2026-01-31T17:18:25","isFullCredit":false},{"lineNumber":10,"author":{"gitId":"Overture-2021"},"content":"    public Task(String description) {","lastModifiedDate":"2026-01-26T21:42:25","isFullCredit":false},{"lineNumber":11,"author":{"gitId":"Overture-2021"},"content":"        this.description \u003d description;","lastModifiedDate":"2026-01-26T21:42:25","isFullCredit":false},{"lineNumber":12,"author":{"gitId":"Overture-2021"},"content":"        this.isDone \u003d false;","lastModifiedDate":"2026-01-26T21:42:25","isFullCredit":false},{"lineNumber":13,"author":{"gitId":"Overture-2021"},"content":"        type \u003d \" \";","lastModifiedDate":"2026-01-31T17:18:25","isFullCredit":false},{"lineNumber":14,"author":{"gitId":"Overture-2021"},"content":"    }","lastModifiedDate":"2026-01-31T17:18:25","isFullCredit":false},{"lineNumber":15,"author":{"gitId":"Overture-2021"},"content":"","lastModifiedDate":"2026-02-01T20:39:42","isFullCredit":false},{"lineNumber":16,"author":{"gitId":"Overture-2021"},"content":"    public Task(String description, String type) {","lastModifiedDate":"2026-01-31T17:18:25","isFullCredit":false},{"lineNumber":17,"author":{"gitId":"Overture-2021"},"content":"        this.description \u003d description;","lastModifiedDate":"2026-01-31T17:18:25","isFullCredit":false},{"lineNumber":18,"author":{"gitId":"Overture-2021"},"content":"        this.isDone \u003d false;","lastModifiedDate":"2026-01-31T17:18:25","isFullCredit":false},{"lineNumber":19,"author":{"gitId":"Overture-2021"},"content":"        this.type \u003d type;","lastModifiedDate":"2026-01-31T17:18:25","isFullCredit":false},{"lineNumber":20,"author":{"gitId":"Overture-2021"},"content":"    }","lastModifiedDate":"2026-01-26T21:42:25","isFullCredit":false},{"lineNumber":21,"author":{"gitId":"Overture-2021"},"content":"","lastModifiedDate":"2026-01-26T21:42:25","isFullCredit":false},{"lineNumber":22,"author":{"gitId":"Overture-2021"},"content":"    public void setStatus(boolean newStatus) {","lastModifiedDate":"2026-01-27T21:24:44","isFullCredit":false},{"lineNumber":23,"author":{"gitId":"Overture-2021"},"content":"","lastModifiedDate":"2026-01-31T17:18:25","isFullCredit":false},{"lineNumber":24,"author":{"gitId":"Overture-2021"},"content":"        System.out.println(\"_________________________\");","lastModifiedDate":"2026-01-27T21:24:44","isFullCredit":false},{"lineNumber":25,"author":{"gitId":"Overture-2021"},"content":"        if (newStatus) {","lastModifiedDate":"2026-01-27T21:24:44","isFullCredit":false},{"lineNumber":26,"author":{"gitId":"Overture-2021"},"content":"            this.isDone \u003d true;","lastModifiedDate":"2026-01-27T21:24:44","isFullCredit":false},{"lineNumber":27,"author":{"gitId":"Overture-2021"},"content":"            System.out.println(\"Nice! I\u0027ve marked this task as done\");","lastModifiedDate":"2026-01-27T21:24:44","isFullCredit":false},{"lineNumber":28,"author":{"gitId":"Overture-2021"},"content":"            System.out.println(\"[\" + type + \"]\" + \"[X] \" + description);","lastModifiedDate":"2026-01-31T17:18:25","isFullCredit":false},{"lineNumber":29,"author":{"gitId":"Overture-2021"},"content":"        } else {","lastModifiedDate":"2026-01-27T21:24:44","isFullCredit":false},{"lineNumber":30,"author":{"gitId":"Overture-2021"},"content":"            this.isDone \u003d false;","lastModifiedDate":"2026-01-27T21:24:44","isFullCredit":false},{"lineNumber":31,"author":{"gitId":"Overture-2021"},"content":"            System.out.println(\"OK, I\u0027ve marked this task as not done yet:\");","lastModifiedDate":"2026-01-27T21:24:44","isFullCredit":false},{"lineNumber":32,"author":{"gitId":"Overture-2021"},"content":"            System.out.println(\"[\" + type + \"]\" + \"[ ] \" + description);","lastModifiedDate":"2026-01-31T17:18:25","isFullCredit":false},{"lineNumber":33,"author":{"gitId":"Overture-2021"},"content":"        }","lastModifiedDate":"2026-01-27T21:24:44","isFullCredit":false},{"lineNumber":34,"author":{"gitId":"Overture-2021"},"content":"        System.out.println(\"_________________________\");","lastModifiedDate":"2026-01-27T21:24:44","isFullCredit":false},{"lineNumber":35,"author":{"gitId":"Overture-2021"},"content":"    }","lastModifiedDate":"2026-01-27T21:24:44","isFullCredit":false},{"lineNumber":36,"author":{"gitId":"Overture-2021"},"content":"","lastModifiedDate":"2026-01-26T21:42:25","isFullCredit":false},{"lineNumber":37,"author":{"gitId":"Overture-2021"},"content":"    @Override","lastModifiedDate":"2026-01-31T17:18:25","isFullCredit":false},{"lineNumber":38,"author":{"gitId":"Overture-2021"},"content":"    public String toString() {","lastModifiedDate":"2026-01-31T17:18:25","isFullCredit":false},{"lineNumber":39,"author":{"gitId":"Overture-2021"},"content":"        return \"[\" + type + \"][\" + getStatusIcon() + \"] \" + description;","lastModifiedDate":"2026-01-31T17:18:25","isFullCredit":false},{"lineNumber":40,"author":{"gitId":"Overture-2021"},"content":"    }","lastModifiedDate":"2026-01-31T17:18:25","isFullCredit":false},{"lineNumber":41,"author":{"gitId":"Overture-2021"},"content":"","lastModifiedDate":"2026-01-31T17:18:25","isFullCredit":false},{"lineNumber":42,"author":{"gitId":"Overture-2021"},"content":"    public String getStatusIcon() {","lastModifiedDate":"2026-01-26T21:42:25","isFullCredit":false},{"lineNumber":43,"author":{"gitId":"Overture-2021"},"content":"        return (isDone ? \"X\" : \" \"); // mark done task with ss","lastModifiedDate":"2026-01-27T21:24:44","isFullCredit":false},{"lineNumber":44,"author":{"gitId":"Overture-2021"},"content":"    }","lastModifiedDate":"2026-01-26T21:42:25","isFullCredit":false},{"lineNumber":45,"author":{"gitId":"Overture-2021"},"content":"","lastModifiedDate":"2026-01-26T21:42:25","isFullCredit":false},{"lineNumber":46,"author":{"gitId":"Overture-2021"},"content":"}","lastModifiedDate":"2026-01-26T21:42:25","isFullCredit":false}],"authorContributionMap":{"Overture-2021":46}},{"path":"src/main/java/TaskTypes.java","fileType":"java","lines":[{"lineNumber":1,"author":{"gitId":"Overture-2021"},"content":"public enum TaskTypes {","lastModifiedDate":"2026-01-31T17:18:25","isFullCredit":false},{"lineNumber":2,"author":{"gitId":"Overture-2021"},"content":"    TODO, DEADLINE, EVENT","lastModifiedDate":"2026-01-31T17:18:25","isFullCredit":false},{"lineNumber":3,"author":{"gitId":"Overture-2021"},"content":"}","lastModifiedDate":"2026-01-31T17:18:25","isFullCredit":false}],"authorContributionMap":{"Overture-2021":3}},{"path":"src/main/java/Todo.java","fileType":"java","lines":[{"lineNumber":1,"author":{"gitId":"Overture-2021"},"content":"public class Todo extends Task {","lastModifiedDate":"2026-01-31T17:18:25","isFullCredit":false},{"lineNumber":2,"author":{"gitId":"Overture-2021"},"content":"    public Todo(String ln) {","lastModifiedDate":"2026-01-31T17:18:25","isFullCredit":false},{"lineNumber":3,"author":{"gitId":"Overture-2021"},"content":"        super(\"\", \"T\");","lastModifiedDate":"2026-01-31T17:18:25","isFullCredit":false},{"lineNumber":4,"author":{"gitId":"Overture-2021"},"content":"        this.description \u003d ln.substring(5);","lastModifiedDate":"2026-01-31T17:18:25","isFullCredit":false},{"lineNumber":5,"author":{"gitId":"Overture-2021"},"content":"        System.out.println(\"_________________________\");","lastModifiedDate":"2026-01-31T17:18:25","isFullCredit":false},{"lineNumber":6,"author":{"gitId":"Overture-2021"},"content":"        System.out.println(\"Got it. I\u0027ve added this task:\" + this);","lastModifiedDate":"2026-01-31T17:18:25","isFullCredit":false},{"lineNumber":7,"author":{"gitId":"Overture-2021"},"content":"        Integer numT \u003d Kanade.numTask + 1;","lastModifiedDate":"2026-01-31T17:18:25","isFullCredit":false},{"lineNumber":8,"author":{"gitId":"Overture-2021"},"content":"        System.out.println(\"Now you have \" + numT.toString() + \" task(s) in the list\");","lastModifiedDate":"2026-01-31T17:18:25","isFullCredit":false},{"lineNumber":9,"author":{"gitId":"Overture-2021"},"content":"        System.out.println(\"_________________________\");","lastModifiedDate":"2026-01-31T17:18:25","isFullCredit":false},{"lineNumber":10,"author":{"gitId":"Overture-2021"},"content":"    }","lastModifiedDate":"2026-01-31T17:18:25","isFullCredit":false},{"lineNumber":11,"author":{"gitId":"Overture-2021"},"content":"}","lastModifiedDate":"2026-01-31T17:18:25","isFullCredit":false}],"authorContributionMap":{"Overture-2021":11}},{"path":"text-ui-test/runtest.bat","fileType":"bat","lines":[{"lineNumber":1,"author":{"gitId":"-"},"content":"@ECHO OFF","lastModifiedDate":"2020-05-25T00:03:55","isFullCredit":false},{"lineNumber":2,"author":{"gitId":"-"},"content":"","lastModifiedDate":"2020-05-25T00:03:55","isFullCredit":false},{"lineNumber":3,"author":{"gitId":"-"},"content":"REM create bin directory if it doesn\u0027t exist","lastModifiedDate":"2020-05-25T00:03:55","isFullCredit":false},{"lineNumber":4,"author":{"gitId":"-"},"content":"if not exist ..\\bin mkdir ..\\bin","lastModifiedDate":"2020-05-25T00:03:55","isFullCredit":false},{"lineNumber":5,"author":{"gitId":"-"},"content":"","lastModifiedDate":"2020-05-25T00:03:55","isFullCredit":false},{"lineNumber":6,"author":{"gitId":"-"},"content":"REM delete output from previous run","lastModifiedDate":"2020-05-25T00:03:55","isFullCredit":false},{"lineNumber":7,"author":{"gitId":"-"},"content":"if exist ACTUAL.TXT del ACTUAL.TXT","lastModifiedDate":"2020-08-25T17:23:26","isFullCredit":false},{"lineNumber":8,"author":{"gitId":"-"},"content":"","lastModifiedDate":"2020-05-25T00:03:55","isFullCredit":false},{"lineNumber":9,"author":{"gitId":"-"},"content":"REM compile the code into the bin folder","lastModifiedDate":"2020-05-25T00:03:55","isFullCredit":false},{"lineNumber":10,"author":{"gitId":"-"},"content":"javac  -cp ..\\src\\main\\java -Xlint:none -d ..\\bin ..\\src\\main\\java\\*.java","lastModifiedDate":"2020-08-25T17:23:26","isFullCredit":false},{"lineNumber":11,"author":{"gitId":"-"},"content":"IF ERRORLEVEL 1 (","lastModifiedDate":"2020-05-25T00:03:55","isFullCredit":false},{"lineNumber":12,"author":{"gitId":"-"},"content":"    echo ********** BUILD FAILURE **********","lastModifiedDate":"2020-05-25T00:03:55","isFullCredit":false},{"lineNumber":13,"author":{"gitId":"-"},"content":"    exit /b 1","lastModifiedDate":"2020-05-25T00:03:55","isFullCredit":false},{"lineNumber":14,"author":{"gitId":"-"},"content":")","lastModifiedDate":"2020-05-25T00:03:55","isFullCredit":false},{"lineNumber":15,"author":{"gitId":"-"},"content":"REM no error here, errorlevel \u003d\u003d 0","lastModifiedDate":"2020-05-25T00:03:55","isFullCredit":false},{"lineNumber":16,"author":{"gitId":"-"},"content":"","lastModifiedDate":"2020-05-25T00:03:55","isFullCredit":false},{"lineNumber":17,"author":{"gitId":"-"},"content":"REM run the program, feed commands from input.txt file and redirect the output to the ACTUAL.TXT","lastModifiedDate":"2020-05-25T00:03:55","isFullCredit":false},{"lineNumber":18,"author":{"gitId":"Overture-2021"},"content":"java -classpath ..\\bin Kanade \u003c input.txt \u003e ACTUAL.TXT","lastModifiedDate":"2026-01-21T16:35:56","isFullCredit":false},{"lineNumber":19,"author":{"gitId":"-"},"content":"","lastModifiedDate":"2020-05-25T00:03:55","isFullCredit":false},{"lineNumber":20,"author":{"gitId":"-"},"content":"REM compare the output to the expected output","lastModifiedDate":"2020-05-25T00:03:55","isFullCredit":false},{"lineNumber":21,"author":{"gitId":"-"},"content":"FC ACTUAL.TXT EXPECTED.TXT","lastModifiedDate":"2020-05-25T00:03:55","isFullCredit":false}],"authorContributionMap":{"Overture-2021":1,"-":20}}]
