[{"path":"src/main/java/AuntieGreeting.java","fileType":"java","lines":[{"lineNumber":1,"author":{"gitId":"lauwn-mower"},"content":"import java.util.Scanner;","lastModifiedDate":"2026-01-28T00:34:52","isFullCredit":false},{"lineNumber":2,"author":{"gitId":"lauwn-mower"},"content":"","lastModifiedDate":"2026-01-28T00:34:52","isFullCredit":false},{"lineNumber":3,"author":{"gitId":"lauwn-mower"},"content":"public class AuntieGreeting {","lastModifiedDate":"2026-01-28T00:34:52","isFullCredit":false},{"lineNumber":4,"author":{"gitId":"lauwn-mower"},"content":"","lastModifiedDate":"2026-01-28T00:34:52","isFullCredit":false},{"lineNumber":5,"author":{"gitId":"lauwn-mower"},"content":"    // This method prints the Chatbot\u0027s self-introduction and purpose","lastModifiedDate":"2026-01-28T00:34:52","isFullCredit":false},{"lineNumber":6,"author":{"gitId":"lauwn-mower"},"content":"    public static void greetUser(){","lastModifiedDate":"2026-01-28T00:34:52","isFullCredit":false},{"lineNumber":7,"author":{"gitId":"lauwn-mower"},"content":"","lastModifiedDate":"2026-01-28T00:34:52","isFullCredit":false},{"lineNumber":8,"author":{"gitId":"lauwn-mower"},"content":"        String logo \u003d \t      \"                      _   _      \\n\"","lastModifiedDate":"2026-01-28T00:34:52","isFullCredit":false},{"lineNumber":9,"author":{"gitId":"lauwn-mower"},"content":"                + \"     /\\\\              | | (_)     \\n\"","lastModifiedDate":"2026-01-28T00:34:52","isFullCredit":false},{"lineNumber":10,"author":{"gitId":"lauwn-mower"},"content":"                + \"    /  \\\\  _   _ _ __ | |_ _  ___ \\n\"","lastModifiedDate":"2026-01-28T00:34:52","isFullCredit":false},{"lineNumber":11,"author":{"gitId":"lauwn-mower"},"content":"                + \"   / /\\\\ \\\\| | | | \u0027_ \\\\| __| |/ _ \\\\\\n\"","lastModifiedDate":"2026-01-28T00:34:52","isFullCredit":false},{"lineNumber":12,"author":{"gitId":"lauwn-mower"},"content":"                + \"  / ____ \\\\ |_| | | | | |_| |  __/\\n\"","lastModifiedDate":"2026-01-28T00:34:52","isFullCredit":false},{"lineNumber":13,"author":{"gitId":"lauwn-mower"},"content":"                + \" /_/    \\\\_\\\\____|_| |_|\\\\__|_|\\\\___|\\n\";","lastModifiedDate":"2026-01-28T00:34:52","isFullCredit":false},{"lineNumber":14,"author":{"gitId":"lauwn-mower"},"content":"","lastModifiedDate":"2026-01-28T00:34:52","isFullCredit":false},{"lineNumber":15,"author":{"gitId":"lauwn-mower"},"content":"        System.out.println(\"Hallo! Can call me:\");","lastModifiedDate":"2026-01-28T00:52:52","isFullCredit":false},{"lineNumber":16,"author":{"gitId":"lauwn-mower"},"content":"        System.out.println(logo);","lastModifiedDate":"2026-01-28T00:34:52","isFullCredit":false},{"lineNumber":17,"author":{"gitId":"lauwn-mower"},"content":"","lastModifiedDate":"2026-01-28T00:34:52","isFullCredit":false},{"lineNumber":18,"author":{"gitId":"lauwn-mower"},"content":"        System.out.println(\"Your life so rabak, Auntie help you keep track ok.\");","lastModifiedDate":"2026-01-28T00:34:52","isFullCredit":false},{"lineNumber":19,"author":{"gitId":"lauwn-mower"},"content":"        System.out.println(\" \");","lastModifiedDate":"2026-01-28T00:34:52","isFullCredit":false},{"lineNumber":20,"author":{"gitId":"lauwn-mower"},"content":"    }","lastModifiedDate":"2026-01-28T00:34:52","isFullCredit":false},{"lineNumber":21,"author":{"gitId":"lauwn-mower"},"content":"","lastModifiedDate":"2026-01-28T00:34:52","isFullCredit":false},{"lineNumber":22,"author":{"gitId":"lauwn-mower"},"content":"    // This method personalises how the Chatbot will address the user, in line with the Chatbot\u0027s personality","lastModifiedDate":"2026-01-28T00:34:52","isFullCredit":false},{"lineNumber":23,"author":{"gitId":"lauwn-mower"},"content":"    public static void setUserNickname(){","lastModifiedDate":"2026-01-28T00:34:52","isFullCredit":false},{"lineNumber":24,"author":{"gitId":"lauwn-mower"},"content":"        // Prompt user to select their gender","lastModifiedDate":"2026-01-28T00:52:52","isFullCredit":false},{"lineNumber":25,"author":{"gitId":"lauwn-mower"},"content":"        System.out.println(\"Actually, you what gender ah?\");","lastModifiedDate":"2026-01-28T00:34:52","isFullCredit":false},{"lineNumber":26,"author":{"gitId":"lauwn-mower"},"content":"        System.out.println(\"  \u003e Enter your gender: (Male) / (Female)\");","lastModifiedDate":"2026-01-28T00:34:52","isFullCredit":false},{"lineNumber":27,"author":{"gitId":"lauwn-mower"},"content":"","lastModifiedDate":"2026-01-28T00:34:52","isFullCredit":false},{"lineNumber":28,"author":{"gitId":"lauwn-mower"},"content":"        // Scan in user input","lastModifiedDate":"2026-01-28T00:52:52","isFullCredit":false},{"lineNumber":29,"author":{"gitId":"lauwn-mower"},"content":"        Scanner input \u003d new Scanner(System.in);","lastModifiedDate":"2026-01-28T00:34:52","isFullCredit":false},{"lineNumber":30,"author":{"gitId":"lauwn-mower"},"content":"        String user_gender;","lastModifiedDate":"2026-01-28T00:34:52","isFullCredit":false},{"lineNumber":31,"author":{"gitId":"lauwn-mower"},"content":"        user_gender \u003d input.nextLine().toUpperCase();","lastModifiedDate":"2026-01-28T00:34:52","isFullCredit":false},{"lineNumber":32,"author":{"gitId":"lauwn-mower"},"content":"        String user_nickname;","lastModifiedDate":"2026-01-28T00:34:52","isFullCredit":false},{"lineNumber":33,"author":{"gitId":"lauwn-mower"},"content":"","lastModifiedDate":"2026-01-28T00:34:52","isFullCredit":false},{"lineNumber":34,"author":{"gitId":"lauwn-mower"},"content":"        // Based on option chosen by user, Chatbot will address user accordingly","lastModifiedDate":"2026-01-28T00:52:52","isFullCredit":false},{"lineNumber":35,"author":{"gitId":"lauwn-mower"},"content":"        if (user_gender.equals(\"MALE\")){","lastModifiedDate":"2026-01-28T00:34:52","isFullCredit":false},{"lineNumber":36,"author":{"gitId":"lauwn-mower"},"content":"            user_nickname \u003d \"Ah Boy\";","lastModifiedDate":"2026-01-28T00:34:52","isFullCredit":false},{"lineNumber":37,"author":{"gitId":"lauwn-mower"},"content":"        } else if (user_gender.equals(\"FEMALE\")) {","lastModifiedDate":"2026-01-28T00:34:52","isFullCredit":false},{"lineNumber":38,"author":{"gitId":"lauwn-mower"},"content":"            user_nickname \u003d \"Ah Girl\";","lastModifiedDate":"2026-01-28T00:34:52","isFullCredit":false},{"lineNumber":39,"author":{"gitId":"lauwn-mower"},"content":"        } else {","lastModifiedDate":"2026-01-28T00:34:52","isFullCredit":false},{"lineNumber":40,"author":{"gitId":"lauwn-mower"},"content":"            user_nickname \u003d \"Ah Boy\";","lastModifiedDate":"2026-01-28T00:34:52","isFullCredit":false},{"lineNumber":41,"author":{"gitId":"lauwn-mower"},"content":"            System.out.println(\"Aiyo you type wrong issit. Nevermind ah I just call you Ah Boy.\");","lastModifiedDate":"2026-01-28T00:34:52","isFullCredit":false},{"lineNumber":42,"author":{"gitId":"lauwn-mower"},"content":"        }","lastModifiedDate":"2026-01-28T00:34:52","isFullCredit":false},{"lineNumber":43,"author":{"gitId":"lauwn-mower"},"content":"","lastModifiedDate":"2026-01-28T00:34:52","isFullCredit":false},{"lineNumber":44,"author":{"gitId":"lauwn-mower"},"content":"        System.out.println(\"Ok! I call you \" + user_nickname + \" hor.\");","lastModifiedDate":"2026-01-28T00:34:52","isFullCredit":false},{"lineNumber":45,"author":{"gitId":"lauwn-mower"},"content":"    }","lastModifiedDate":"2026-01-28T00:34:52","isFullCredit":false},{"lineNumber":46,"author":{"gitId":"lauwn-mower"},"content":"","lastModifiedDate":"2026-01-28T00:34:52","isFullCredit":false},{"lineNumber":47,"author":{"gitId":"lauwn-mower"},"content":"    public static void main(String[] args){","lastModifiedDate":"2026-01-28T00:34:52","isFullCredit":false},{"lineNumber":48,"author":{"gitId":"lauwn-mower"},"content":"        greetUser();","lastModifiedDate":"2026-01-28T00:34:52","isFullCredit":false},{"lineNumber":49,"author":{"gitId":"lauwn-mower"},"content":"        setUserNickname();","lastModifiedDate":"2026-01-28T00:34:52","isFullCredit":false},{"lineNumber":50,"author":{"gitId":"lauwn-mower"},"content":"","lastModifiedDate":"2026-01-28T00:34:52","isFullCredit":false},{"lineNumber":51,"author":{"gitId":"lauwn-mower"},"content":"        // Prompt user for input commands and task details","lastModifiedDate":"2026-01-28T00:34:52","isFullCredit":false},{"lineNumber":52,"author":{"gitId":"lauwn-mower"},"content":"        System.out.println(\"Quick, what you want do?\");","lastModifiedDate":"2026-01-28T00:34:52","isFullCredit":false},{"lineNumber":53,"author":{"gitId":"lauwn-mower"},"content":"    }","lastModifiedDate":"2026-01-28T00:34:52","isFullCredit":false},{"lineNumber":54,"author":{"gitId":"lauwn-mower"},"content":"}","lastModifiedDate":"2026-01-28T00:34:52","isFullCredit":false}],"authorContributionMap":{"lauwn-mower":54}},{"path":"src/main/java/AuntieTasker.java","fileType":"java","lines":[{"lineNumber":1,"author":{"gitId":"lauwn-mower"},"content":"// This class is a task manager to manage the Task class and its subclasses","lastModifiedDate":"2026-02-04T17:30:18","isFullCredit":false},{"lineNumber":2,"author":{"gitId":"lauwn-mower"},"content":"","lastModifiedDate":"2026-02-04T17:30:18","isFullCredit":false},{"lineNumber":3,"author":{"gitId":"lauwn-mower"},"content":"import java.util.Scanner;","lastModifiedDate":"2026-01-28T00:52:52","isFullCredit":false},{"lineNumber":4,"author":{"gitId":"lauwn-mower"},"content":"import static java.lang.Integer.parseInt;","lastModifiedDate":"2026-02-04T17:30:18","isFullCredit":false},{"lineNumber":5,"author":{"gitId":"lauwn-mower"},"content":"","lastModifiedDate":"2026-02-04T17:30:18","isFullCredit":false},{"lineNumber":6,"author":{"gitId":"lauwn-mower"},"content":"/* Class Usage details","lastModifiedDate":"2026-02-04T17:30:18","isFullCredit":false},{"lineNumber":7,"author":{"gitId":"lauwn-mower"},"content":" * co-use with Task class","lastModifiedDate":"2026-02-04T17:30:18","isFullCredit":false},{"lineNumber":8,"author":{"gitId":"lauwn-mower"},"content":" * AuntieTasker.echo() (remove from main()), Scan for inputs","lastModifiedDate":"2026-02-04T17:30:18","isFullCredit":false},{"lineNumber":9,"author":{"gitId":"lauwn-mower"},"content":" * This class is a TaskManager that continuously scans for user inputs, decodes those inputs and carries out commands respectively","lastModifiedDate":"2026-02-04T17:30:18","isFullCredit":false},{"lineNumber":10,"author":{"gitId":"lauwn-mower"},"content":" */","lastModifiedDate":"2026-02-04T17:30:18","isFullCredit":false},{"lineNumber":11,"author":{"gitId":"lauwn-mower"},"content":"","lastModifiedDate":"2026-02-04T17:30:18","isFullCredit":false},{"lineNumber":12,"author":{"gitId":"lauwn-mower"},"content":"public class AuntieTasker {","lastModifiedDate":"2026-01-28T00:52:52","isFullCredit":false},{"lineNumber":13,"author":{"gitId":"lauwn-mower"},"content":"","lastModifiedDate":"2026-01-28T00:52:52","isFullCredit":false},{"lineNumber":14,"author":{"gitId":"lauwn-mower"},"content":"    // Task Class members to track all tasks","lastModifiedDate":"2026-02-04T17:30:18","isFullCredit":false},{"lineNumber":15,"author":{"gitId":"lauwn-mower"},"content":"    public static final int sizeOfTaskList \u003d 100;","lastModifiedDate":"2026-02-04T17:30:18","isFullCredit":false},{"lineNumber":16,"author":{"gitId":"lauwn-mower"},"content":"    public static Task[] taskList \u003d new Task[sizeOfTaskList];","lastModifiedDate":"2026-02-04T17:30:18","isFullCredit":false},{"lineNumber":17,"author":{"gitId":"lauwn-mower"},"content":"    public static int taskCount \u003d 0;","lastModifiedDate":"2026-01-28T01:22:22","isFullCredit":false},{"lineNumber":18,"author":{"gitId":"lauwn-mower"},"content":"","lastModifiedDate":"2026-01-28T00:52:52","isFullCredit":false},{"lineNumber":19,"author":{"gitId":"lauwn-mower"},"content":"    // Flag to exit program","lastModifiedDate":"2026-02-04T17:30:18","isFullCredit":false},{"lineNumber":20,"author":{"gitId":"lauwn-mower"},"content":"    public static boolean exitProgram \u003d false;","lastModifiedDate":"2026-02-04T17:30:18","isFullCredit":false},{"lineNumber":21,"author":{"gitId":"lauwn-mower"},"content":"","lastModifiedDate":"2026-02-04T17:30:18","isFullCredit":false},{"lineNumber":22,"author":{"gitId":"lauwn-mower"},"content":"    // This method scans for user inputs and echoes back","lastModifiedDate":"2026-02-04T17:30:18","isFullCredit":false},{"lineNumber":23,"author":{"gitId":"lauwn-mower"},"content":"    public static void echo(){","lastModifiedDate":"2026-02-04T17:30:18","isFullCredit":false},{"lineNumber":24,"author":{"gitId":"lauwn-mower"},"content":"        String userInput;","lastModifiedDate":"2026-02-04T17:30:18","isFullCredit":false},{"lineNumber":25,"author":{"gitId":"lauwn-mower"},"content":"        Scanner input \u003d new Scanner(System.in);","lastModifiedDate":"2026-01-28T01:22:22","isFullCredit":false},{"lineNumber":26,"author":{"gitId":"lauwn-mower"},"content":"        userInput \u003d input.nextLine();","lastModifiedDate":"2026-02-04T17:30:18","isFullCredit":false},{"lineNumber":27,"author":{"gitId":"lauwn-mower"},"content":"","lastModifiedDate":"2026-01-28T01:22:22","isFullCredit":false},{"lineNumber":28,"author":{"gitId":"lauwn-mower"},"content":"        while (!userInput.equals(\"bye\")){","lastModifiedDate":"2026-02-04T17:30:18","isFullCredit":false},{"lineNumber":29,"author":{"gitId":"lauwn-mower"},"content":"            // Bot continues to take in inputs and echo if input!\u003d\"bye\"","lastModifiedDate":"2026-02-04T17:30:18","isFullCredit":false},{"lineNumber":30,"author":{"gitId":"lauwn-mower"},"content":"            System.out.println(userInput);","lastModifiedDate":"2026-02-04T17:30:18","isFullCredit":false},{"lineNumber":31,"author":{"gitId":"lauwn-mower"},"content":"            userInput \u003d input.nextLine();","lastModifiedDate":"2026-02-04T17:30:18","isFullCredit":false},{"lineNumber":32,"author":{"gitId":"lauwn-mower"},"content":"        }","lastModifiedDate":"2026-02-04T17:30:18","isFullCredit":false},{"lineNumber":33,"author":{"gitId":"lauwn-mower"},"content":"        System.out.println(\"U finally done ah? Ok stop bothering me, shooshoo.\");","lastModifiedDate":"2026-02-04T17:30:18","isFullCredit":false},{"lineNumber":34,"author":{"gitId":"lauwn-mower"},"content":"    }","lastModifiedDate":"2026-02-04T17:30:18","isFullCredit":false},{"lineNumber":35,"author":{"gitId":"lauwn-mower"},"content":"","lastModifiedDate":"2026-01-28T00:52:52","isFullCredit":false},{"lineNumber":36,"author":{"gitId":"lauwn-mower"},"content":"    public static void addedTaskConfirmation(int taskNum){","lastModifiedDate":"2026-02-05T12:08:20","isFullCredit":false},{"lineNumber":37,"author":{"gitId":"lauwn-mower"},"content":"        System.out.println(\"Ok, added liao:\");","lastModifiedDate":"2026-02-05T12:08:20","isFullCredit":false},{"lineNumber":38,"author":{"gitId":"lauwn-mower"},"content":"        System.out.println(taskList[taskNum].toStringListFormat());","lastModifiedDate":"2026-02-05T12:08:20","isFullCredit":false},{"lineNumber":39,"author":{"gitId":"lauwn-mower"},"content":"    }","lastModifiedDate":"2026-01-28T01:22:22","isFullCredit":false},{"lineNumber":40,"author":{"gitId":"lauwn-mower"},"content":"","lastModifiedDate":"2026-01-28T01:22:22","isFullCredit":false},{"lineNumber":41,"author":{"gitId":"lauwn-mower"},"content":"    // This method goes through all the tasks in taskList and prints them out with isDone status","lastModifiedDate":"2026-02-04T17:30:18","isFullCredit":false},{"lineNumber":42,"author":{"gitId":"lauwn-mower"},"content":"    public static void printList(){","lastModifiedDate":"2026-02-04T17:30:18","isFullCredit":false},{"lineNumber":43,"author":{"gitId":"lauwn-mower"},"content":"        System.out.println(\"Aiyooo, look at all these tasks. Better get ur bum moving.\");","lastModifiedDate":"2026-01-28T01:22:22","isFullCredit":false},{"lineNumber":44,"author":{"gitId":"lauwn-mower"},"content":"        for (int i \u003d 0; i \u003c taskCount; i +\u003d 1){","lastModifiedDate":"2026-01-28T01:22:22","isFullCredit":false},{"lineNumber":45,"author":{"gitId":"lauwn-mower"},"content":"            System.out.println( (i+1) + \". \" + taskList[i].toStringListFormat());","lastModifiedDate":"2026-02-05T12:08:20","isFullCredit":false},{"lineNumber":46,"author":{"gitId":"lauwn-mower"},"content":"        }","lastModifiedDate":"2026-01-28T01:22:22","isFullCredit":false},{"lineNumber":47,"author":{"gitId":"lauwn-mower"},"content":"    }","lastModifiedDate":"2026-01-28T01:22:22","isFullCredit":false},{"lineNumber":48,"author":{"gitId":"lauwn-mower"},"content":"","lastModifiedDate":"2026-02-04T17:30:18","isFullCredit":false},{"lineNumber":49,"author":{"gitId":"lauwn-mower"},"content":"","lastModifiedDate":"2026-02-04T17:30:18","isFullCredit":false},{"lineNumber":50,"author":{"gitId":"lauwn-mower"},"content":"    // This method identifies what to do based on userInput","lastModifiedDate":"2026-02-04T17:30:18","isFullCredit":false},{"lineNumber":51,"author":{"gitId":"lauwn-mower"},"content":"    public static void decodeCommand(String userInput){","lastModifiedDate":"2026-02-05T12:08:20","isFullCredit":false},{"lineNumber":52,"author":{"gitId":"lauwn-mower"},"content":"","lastModifiedDate":"2026-02-04T17:30:18","isFullCredit":false},{"lineNumber":53,"author":{"gitId":"lauwn-mower"},"content":"        // First analyse the firstWord to check if list/bye or Task+details","lastModifiedDate":"2026-02-05T12:08:20","isFullCredit":false},{"lineNumber":54,"author":{"gitId":"lauwn-mower"},"content":"        String[] splitInput \u003d userInput.split(\" \", 2);","lastModifiedDate":"2026-02-04T17:30:18","isFullCredit":false},{"lineNumber":55,"author":{"gitId":"lauwn-mower"},"content":"        String firstWord \u003d splitInput[0];","lastModifiedDate":"2026-02-04T17:30:18","isFullCredit":false},{"lineNumber":56,"author":{"gitId":"lauwn-mower"},"content":"","lastModifiedDate":"2026-02-04T17:30:18","isFullCredit":false},{"lineNumber":57,"author":{"gitId":"lauwn-mower"},"content":"        switch (firstWord) {","lastModifiedDate":"2026-02-04T17:30:18","isFullCredit":false},{"lineNumber":58,"author":{"gitId":"lauwn-mower"},"content":"","lastModifiedDate":"2026-02-04T17:30:18","isFullCredit":false},{"lineNumber":59,"author":{"gitId":"lauwn-mower"},"content":"        // Print list of tasks","lastModifiedDate":"2026-02-04T17:30:18","isFullCredit":false},{"lineNumber":60,"author":{"gitId":"lauwn-mower"},"content":"        case \"list\": {","lastModifiedDate":"2026-02-04T17:30:18","isFullCredit":false},{"lineNumber":61,"author":{"gitId":"lauwn-mower"},"content":"            printList();","lastModifiedDate":"2026-02-04T17:30:18","isFullCredit":false},{"lineNumber":62,"author":{"gitId":"lauwn-mower"},"content":"            break;","lastModifiedDate":"2026-02-04T17:30:18","isFullCredit":false},{"lineNumber":63,"author":{"gitId":"lauwn-mower"},"content":"        }","lastModifiedDate":"2026-01-28T01:22:22","isFullCredit":false},{"lineNumber":64,"author":{"gitId":"lauwn-mower"},"content":"","lastModifiedDate":"2026-02-04T17:30:18","isFullCredit":false},{"lineNumber":65,"author":{"gitId":"lauwn-mower"},"content":"        // Exit program","lastModifiedDate":"2026-02-04T17:30:18","isFullCredit":false},{"lineNumber":66,"author":{"gitId":"lauwn-mower"},"content":"        case \"bye\": {","lastModifiedDate":"2026-02-04T17:30:18","isFullCredit":false},{"lineNumber":67,"author":{"gitId":"lauwn-mower"},"content":"            System.out.println(\"U finally done ah? Ok stop bothering me now. Shooshoo.\");","lastModifiedDate":"2026-02-04T17:30:18","isFullCredit":false},{"lineNumber":68,"author":{"gitId":"lauwn-mower"},"content":"            exitProgram \u003d true;","lastModifiedDate":"2026-02-04T17:30:18","isFullCredit":false},{"lineNumber":69,"author":{"gitId":"lauwn-mower"},"content":"            break;","lastModifiedDate":"2026-02-04T17:30:18","isFullCredit":false},{"lineNumber":70,"author":{"gitId":"lauwn-mower"},"content":"        }","lastModifiedDate":"2026-01-28T01:22:22","isFullCredit":false},{"lineNumber":71,"author":{"gitId":"lauwn-mower"},"content":"","lastModifiedDate":"2026-01-28T01:22:22","isFullCredit":false},{"lineNumber":72,"author":{"gitId":"lauwn-mower"},"content":"        // Set specified task to isDone\u003dtrue","lastModifiedDate":"2026-02-04T17:30:18","isFullCredit":false},{"lineNumber":73,"author":{"gitId":"lauwn-mower"},"content":"        case \"mark\": {","lastModifiedDate":"2026-02-04T17:30:18","isFullCredit":false},{"lineNumber":74,"author":{"gitId":"lauwn-mower"},"content":"            int taskNumber \u003d parseInt(splitInput[1]) - 1; // Array starts at 0 but user reads from 1","lastModifiedDate":"2026-02-04T17:30:18","isFullCredit":false},{"lineNumber":75,"author":{"gitId":"lauwn-mower"},"content":"            taskList[taskNumber].setDone(true);","lastModifiedDate":"2026-02-04T17:30:18","isFullCredit":false},{"lineNumber":76,"author":{"gitId":"lauwn-mower"},"content":"            System.out.println(\"Wah u finally stopped lazing around. Good good\");","lastModifiedDate":"2026-02-04T17:30:18","isFullCredit":false},{"lineNumber":77,"author":{"gitId":"lauwn-mower"},"content":"            System.out.println(taskList[taskNumber].toStringTaskIcons() + taskList[taskNumber].description);","lastModifiedDate":"2026-02-05T12:08:20","isFullCredit":false},{"lineNumber":78,"author":{"gitId":"lauwn-mower"},"content":"            break;","lastModifiedDate":"2026-02-04T17:30:18","isFullCredit":false},{"lineNumber":79,"author":{"gitId":"lauwn-mower"},"content":"        }","lastModifiedDate":"2026-02-04T17:30:18","isFullCredit":false},{"lineNumber":80,"author":{"gitId":"lauwn-mower"},"content":"","lastModifiedDate":"2026-01-28T00:52:52","isFullCredit":false},{"lineNumber":81,"author":{"gitId":"lauwn-mower"},"content":"        // Set specified task to isDone\u003dfalse","lastModifiedDate":"2026-02-04T17:30:18","isFullCredit":false},{"lineNumber":82,"author":{"gitId":"lauwn-mower"},"content":"        case \"unmark\": {","lastModifiedDate":"2026-02-04T17:30:18","isFullCredit":false},{"lineNumber":83,"author":{"gitId":"lauwn-mower"},"content":"            int taskNumber \u003d parseInt(splitInput[1]) - 1; // Array starts at 0 but user reads from 1","lastModifiedDate":"2026-02-04T17:30:18","isFullCredit":false},{"lineNumber":84,"author":{"gitId":"lauwn-mower"},"content":"            taskList[taskNumber].setDone(false);","lastModifiedDate":"2026-02-04T17:30:18","isFullCredit":false},{"lineNumber":85,"author":{"gitId":"lauwn-mower"},"content":"            System.out.println(\"U lie to me issit? Want cheat horrr. U better watch out\");","lastModifiedDate":"2026-02-04T17:30:18","isFullCredit":false},{"lineNumber":86,"author":{"gitId":"lauwn-mower"},"content":"            System.out.println(taskList[taskNumber].toStringTaskIcons() + taskList[taskNumber].description);","lastModifiedDate":"2026-02-05T12:08:20","isFullCredit":false},{"lineNumber":87,"author":{"gitId":"lauwn-mower"},"content":"            break;","lastModifiedDate":"2026-02-05T12:08:20","isFullCredit":false},{"lineNumber":88,"author":{"gitId":"lauwn-mower"},"content":"        }","lastModifiedDate":"2026-02-05T12:08:20","isFullCredit":false},{"lineNumber":89,"author":{"gitId":"lauwn-mower"},"content":"","lastModifiedDate":"2026-02-05T12:08:20","isFullCredit":false},{"lineNumber":90,"author":{"gitId":"lauwn-mower"},"content":"        /*","lastModifiedDate":"2026-02-05T12:08:20","isFullCredit":false},{"lineNumber":91,"author":{"gitId":"lauwn-mower"},"content":"         * Tasks classified into Todo, Deadline, Event","lastModifiedDate":"2026-02-05T12:08:20","isFullCredit":false},{"lineNumber":92,"author":{"gitId":"lauwn-mower"},"content":"         * If new task added: Construct and add to taskList by type","lastModifiedDate":"2026-02-05T12:08:20","isFullCredit":false},{"lineNumber":93,"author":{"gitId":"lauwn-mower"},"content":"         * Confirm with user that the task has been added","lastModifiedDate":"2026-02-05T12:08:20","isFullCredit":false},{"lineNumber":94,"author":{"gitId":"lauwn-mower"},"content":"         * Increment taskCount","lastModifiedDate":"2026-02-05T12:08:20","isFullCredit":false},{"lineNumber":95,"author":{"gitId":"lauwn-mower"},"content":"         */","lastModifiedDate":"2026-02-05T12:08:20","isFullCredit":false},{"lineNumber":96,"author":{"gitId":"lauwn-mower"},"content":"        case \"todo\": {","lastModifiedDate":"2026-02-05T12:08:20","isFullCredit":false},{"lineNumber":97,"author":{"gitId":"lauwn-mower"},"content":"","lastModifiedDate":"2026-02-05T12:08:20","isFullCredit":false},{"lineNumber":98,"author":{"gitId":"lauwn-mower"},"content":"            // Add new task to taskList","lastModifiedDate":"2026-02-05T12:08:20","isFullCredit":false},{"lineNumber":99,"author":{"gitId":"lauwn-mower"},"content":"            String taskDesc \u003d splitInput[1];","lastModifiedDate":"2026-02-05T12:08:20","isFullCredit":false},{"lineNumber":100,"author":{"gitId":"lauwn-mower"},"content":"            taskList[taskCount] \u003d new Todo(taskDesc);","lastModifiedDate":"2026-02-05T12:08:20","isFullCredit":false},{"lineNumber":101,"author":{"gitId":"lauwn-mower"},"content":"            addedTaskConfirmation(taskCount);","lastModifiedDate":"2026-02-05T12:08:20","isFullCredit":false},{"lineNumber":102,"author":{"gitId":"lauwn-mower"},"content":"            taskCount +\u003d 1;","lastModifiedDate":"2026-02-05T12:08:20","isFullCredit":false},{"lineNumber":103,"author":{"gitId":"lauwn-mower"},"content":"            break;","lastModifiedDate":"2026-02-05T12:08:20","isFullCredit":false},{"lineNumber":104,"author":{"gitId":"lauwn-mower"},"content":"        }","lastModifiedDate":"2026-02-05T12:08:20","isFullCredit":false},{"lineNumber":105,"author":{"gitId":"lauwn-mower"},"content":"","lastModifiedDate":"2026-02-05T12:08:20","isFullCredit":false},{"lineNumber":106,"author":{"gitId":"lauwn-mower"},"content":"        case \"deadline\": {","lastModifiedDate":"2026-02-05T12:08:20","isFullCredit":false},{"lineNumber":107,"author":{"gitId":"lauwn-mower"},"content":"            // Split userInput line by its description and deadline, then construct Deadline","lastModifiedDate":"2026-02-05T12:08:20","isFullCredit":false},{"lineNumber":108,"author":{"gitId":"lauwn-mower"},"content":"            String[] splitComponents \u003d splitInput[1].split(\"/\", 2);","lastModifiedDate":"2026-02-05T12:08:20","isFullCredit":false},{"lineNumber":109,"author":{"gitId":"lauwn-mower"},"content":"            String taskDesc \u003d splitComponents[0];","lastModifiedDate":"2026-02-05T12:08:20","isFullCredit":false},{"lineNumber":110,"author":{"gitId":"lauwn-mower"},"content":"            String dateBy \u003d splitComponents[1];","lastModifiedDate":"2026-02-05T12:08:20","isFullCredit":false},{"lineNumber":111,"author":{"gitId":"lauwn-mower"},"content":"","lastModifiedDate":"2026-02-05T12:08:20","isFullCredit":false},{"lineNumber":112,"author":{"gitId":"lauwn-mower"},"content":"            // Add new task to taskList","lastModifiedDate":"2026-02-05T12:08:20","isFullCredit":false},{"lineNumber":113,"author":{"gitId":"lauwn-mower"},"content":"            taskList[taskCount] \u003d new Deadline(taskDesc, dateBy);","lastModifiedDate":"2026-02-05T12:08:20","isFullCredit":false},{"lineNumber":114,"author":{"gitId":"lauwn-mower"},"content":"            addedTaskConfirmation(taskCount);","lastModifiedDate":"2026-02-05T12:08:20","isFullCredit":false},{"lineNumber":115,"author":{"gitId":"lauwn-mower"},"content":"            taskCount +\u003d 1;","lastModifiedDate":"2026-02-05T12:08:20","isFullCredit":false},{"lineNumber":116,"author":{"gitId":"lauwn-mower"},"content":"            break;","lastModifiedDate":"2026-02-04T17:30:18","isFullCredit":false},{"lineNumber":117,"author":{"gitId":"lauwn-mower"},"content":"        }","lastModifiedDate":"2026-01-28T00:52:52","isFullCredit":false},{"lineNumber":118,"author":{"gitId":"lauwn-mower"},"content":"","lastModifiedDate":"2026-01-28T00:52:52","isFullCredit":false},{"lineNumber":119,"author":{"gitId":"lauwn-mower"},"content":"        case \"event\": {","lastModifiedDate":"2026-02-05T12:08:20","isFullCredit":false},{"lineNumber":120,"author":{"gitId":"lauwn-mower"},"content":"            // Split userInput line by its description and deadline, then construct Deadline","lastModifiedDate":"2026-02-05T12:08:20","isFullCredit":false},{"lineNumber":121,"author":{"gitId":"lauwn-mower"},"content":"            String[] splitComponents \u003d splitInput[1].split(\"/\", 3);","lastModifiedDate":"2026-02-05T12:08:20","isFullCredit":false},{"lineNumber":122,"author":{"gitId":"lauwn-mower"},"content":"            String taskDesc \u003d splitComponents[0];","lastModifiedDate":"2026-02-05T12:08:20","isFullCredit":false},{"lineNumber":123,"author":{"gitId":"lauwn-mower"},"content":"            String dateFrom \u003d splitComponents[1];","lastModifiedDate":"2026-02-05T12:08:20","isFullCredit":false},{"lineNumber":124,"author":{"gitId":"lauwn-mower"},"content":"            String dateTo \u003d splitComponents[2];","lastModifiedDate":"2026-02-05T12:08:20","isFullCredit":false},{"lineNumber":125,"author":{"gitId":"lauwn-mower"},"content":"","lastModifiedDate":"2026-02-05T12:08:20","isFullCredit":false},{"lineNumber":126,"author":{"gitId":"lauwn-mower"},"content":"            // Add task to taskList","lastModifiedDate":"2026-02-05T12:08:20","isFullCredit":false},{"lineNumber":127,"author":{"gitId":"lauwn-mower"},"content":"            taskList[taskCount] \u003d new Event(taskDesc, dateFrom, dateTo);","lastModifiedDate":"2026-02-05T12:08:20","isFullCredit":false},{"lineNumber":128,"author":{"gitId":"lauwn-mower"},"content":"            addedTaskConfirmation(taskCount);","lastModifiedDate":"2026-02-05T12:08:20","isFullCredit":false},{"lineNumber":129,"author":{"gitId":"lauwn-mower"},"content":"            taskCount +\u003d 1;","lastModifiedDate":"2026-02-05T12:08:20","isFullCredit":false},{"lineNumber":130,"author":{"gitId":"lauwn-mower"},"content":"            break;","lastModifiedDate":"2026-02-05T12:08:20","isFullCredit":false},{"lineNumber":131,"author":{"gitId":"lauwn-mower"},"content":"        }","lastModifiedDate":"2026-02-05T12:08:20","isFullCredit":false},{"lineNumber":132,"author":{"gitId":"lauwn-mower"},"content":"","lastModifiedDate":"2026-02-05T12:08:20","isFullCredit":false},{"lineNumber":133,"author":{"gitId":"lauwn-mower"},"content":"        // If not a command, clarify","lastModifiedDate":"2026-02-05T12:08:20","isFullCredit":false},{"lineNumber":134,"author":{"gitId":"lauwn-mower"},"content":"        default: {","lastModifiedDate":"2026-02-04T17:30:18","isFullCredit":false},{"lineNumber":135,"author":{"gitId":"lauwn-mower"},"content":"            System.out.println(\"I dun understand you. Follow format pls.\");","lastModifiedDate":"2026-02-05T12:08:20","isFullCredit":false},{"lineNumber":136,"author":{"gitId":"lauwn-mower"},"content":"            break;","lastModifiedDate":"2026-02-04T17:30:18","isFullCredit":false},{"lineNumber":137,"author":{"gitId":"lauwn-mower"},"content":"        }","lastModifiedDate":"2026-02-04T17:30:18","isFullCredit":false},{"lineNumber":138,"author":{"gitId":"lauwn-mower"},"content":"        }","lastModifiedDate":"2026-02-04T17:30:18","isFullCredit":false},{"lineNumber":139,"author":{"gitId":"lauwn-mower"},"content":"    }","lastModifiedDate":"2026-01-28T01:22:22","isFullCredit":false},{"lineNumber":140,"author":{"gitId":"lauwn-mower"},"content":"","lastModifiedDate":"2026-01-28T01:22:22","isFullCredit":false},{"lineNumber":141,"author":{"gitId":"lauwn-mower"},"content":"","lastModifiedDate":"2026-02-04T17:30:18","isFullCredit":false},{"lineNumber":142,"author":{"gitId":"lauwn-mower"},"content":"    public static void main(String[] args){","lastModifiedDate":"2026-01-28T01:22:22","isFullCredit":false},{"lineNumber":143,"author":{"gitId":"lauwn-mower"},"content":"        AuntieGreeting.greetUser();","lastModifiedDate":"2026-01-28T01:22:22","isFullCredit":false},{"lineNumber":144,"author":{"gitId":"lauwn-mower"},"content":"        AuntieGreeting.setUserNickname();","lastModifiedDate":"2026-02-04T17:30:18","isFullCredit":false},{"lineNumber":145,"author":{"gitId":"lauwn-mower"},"content":"","lastModifiedDate":"2026-01-28T01:22:22","isFullCredit":false},{"lineNumber":146,"author":{"gitId":"lauwn-mower"},"content":"        System.out.println(\"\\nQuick, what you want do?\");","lastModifiedDate":"2026-02-04T17:30:18","isFullCredit":false},{"lineNumber":147,"author":{"gitId":"lauwn-mower"},"content":"","lastModifiedDate":"2026-01-28T01:22:22","isFullCredit":false},{"lineNumber":148,"author":{"gitId":"lauwn-mower"},"content":"        Scanner newLine \u003d new Scanner(System.in);","lastModifiedDate":"2026-02-05T12:08:20","isFullCredit":false},{"lineNumber":149,"author":{"gitId":"lauwn-mower"},"content":"        while (!exitProgram){","lastModifiedDate":"2026-02-04T17:30:18","isFullCredit":false},{"lineNumber":150,"author":{"gitId":"lauwn-mower"},"content":"            String userInput \u003d newLine.nextLine();","lastModifiedDate":"2026-02-05T12:08:20","isFullCredit":false},{"lineNumber":151,"author":{"gitId":"lauwn-mower"},"content":"            decodeCommand(userInput);","lastModifiedDate":"2026-02-05T12:08:20","isFullCredit":false},{"lineNumber":152,"author":{"gitId":"lauwn-mower"},"content":"        }","lastModifiedDate":"2026-02-04T17:30:18","isFullCredit":false},{"lineNumber":153,"author":{"gitId":"lauwn-mower"},"content":"    }","lastModifiedDate":"2026-01-28T00:52:52","isFullCredit":false},{"lineNumber":154,"author":{"gitId":"lauwn-mower"},"content":"}","lastModifiedDate":"2026-01-28T00:52:52","isFullCredit":false}],"authorContributionMap":{"lauwn-mower":154}},{"path":"src/main/java/Deadline.java","fileType":"java","lines":[{"lineNumber":1,"author":{"gitId":"lauwn-mower"},"content":"public class Deadline extends Task{","lastModifiedDate":"2026-02-05T12:08:20","isFullCredit":false},{"lineNumber":2,"author":{"gitId":"lauwn-mower"},"content":"","lastModifiedDate":"2026-02-05T12:08:20","isFullCredit":false},{"lineNumber":3,"author":{"gitId":"lauwn-mower"},"content":"    protected String by;","lastModifiedDate":"2026-02-05T12:08:20","isFullCredit":false},{"lineNumber":4,"author":{"gitId":"lauwn-mower"},"content":"","lastModifiedDate":"2026-02-05T12:08:20","isFullCredit":false},{"lineNumber":5,"author":{"gitId":"lauwn-mower"},"content":"    public Deadline(String description, String dateBy){","lastModifiedDate":"2026-02-05T12:08:20","isFullCredit":false},{"lineNumber":6,"author":{"gitId":"lauwn-mower"},"content":"        super(description);","lastModifiedDate":"2026-02-05T12:08:20","isFullCredit":false},{"lineNumber":7,"author":{"gitId":"lauwn-mower"},"content":"        this.by \u003d dateBy;","lastModifiedDate":"2026-02-05T12:08:20","isFullCredit":false},{"lineNumber":8,"author":{"gitId":"lauwn-mower"},"content":"        this.type \u003d \"D\";","lastModifiedDate":"2026-02-05T12:08:20","isFullCredit":false},{"lineNumber":9,"author":{"gitId":"lauwn-mower"},"content":"    }","lastModifiedDate":"2026-02-05T12:08:20","isFullCredit":false},{"lineNumber":10,"author":{"gitId":"lauwn-mower"},"content":"","lastModifiedDate":"2026-02-05T12:08:20","isFullCredit":false},{"lineNumber":11,"author":{"gitId":"lauwn-mower"},"content":"    @Override","lastModifiedDate":"2026-02-05T12:08:20","isFullCredit":false},{"lineNumber":12,"author":{"gitId":"lauwn-mower"},"content":"    public String toStringListFormat(){","lastModifiedDate":"2026-02-05T12:08:20","isFullCredit":false},{"lineNumber":13,"author":{"gitId":"lauwn-mower"},"content":"        return toStringTaskIcons() + this.description + \" (by: \" + this.by + \")\";","lastModifiedDate":"2026-02-05T12:08:20","isFullCredit":false},{"lineNumber":14,"author":{"gitId":"lauwn-mower"},"content":"    }","lastModifiedDate":"2026-02-05T12:08:20","isFullCredit":false},{"lineNumber":15,"author":{"gitId":"lauwn-mower"},"content":"}","lastModifiedDate":"2026-02-05T12:08:20","isFullCredit":false}],"authorContributionMap":{"lauwn-mower":15}},{"path":"src/main/java/Event.java","fileType":"java","lines":[{"lineNumber":1,"author":{"gitId":"lauwn-mower"},"content":"public class Event extends Task {","lastModifiedDate":"2026-02-05T12:08:20","isFullCredit":false},{"lineNumber":2,"author":{"gitId":"lauwn-mower"},"content":"","lastModifiedDate":"2026-02-05T12:08:20","isFullCredit":false},{"lineNumber":3,"author":{"gitId":"lauwn-mower"},"content":"    protected String from;","lastModifiedDate":"2026-02-05T12:08:20","isFullCredit":false},{"lineNumber":4,"author":{"gitId":"lauwn-mower"},"content":"    protected String to;","lastModifiedDate":"2026-02-05T12:08:20","isFullCredit":false},{"lineNumber":5,"author":{"gitId":"lauwn-mower"},"content":"","lastModifiedDate":"2026-02-05T12:08:20","isFullCredit":false},{"lineNumber":6,"author":{"gitId":"lauwn-mower"},"content":"    public Event(String description, String from, String to){","lastModifiedDate":"2026-02-05T12:08:20","isFullCredit":false},{"lineNumber":7,"author":{"gitId":"lauwn-mower"},"content":"        super(description);","lastModifiedDate":"2026-02-05T12:08:20","isFullCredit":false},{"lineNumber":8,"author":{"gitId":"lauwn-mower"},"content":"        this.type \u003d \"E\";","lastModifiedDate":"2026-02-05T12:08:20","isFullCredit":false},{"lineNumber":9,"author":{"gitId":"lauwn-mower"},"content":"        this.from \u003d from;","lastModifiedDate":"2026-02-05T12:08:20","isFullCredit":false},{"lineNumber":10,"author":{"gitId":"lauwn-mower"},"content":"        this.to \u003d to;","lastModifiedDate":"2026-02-05T12:08:20","isFullCredit":false},{"lineNumber":11,"author":{"gitId":"lauwn-mower"},"content":"    }","lastModifiedDate":"2026-02-05T12:08:20","isFullCredit":false},{"lineNumber":12,"author":{"gitId":"lauwn-mower"},"content":"","lastModifiedDate":"2026-02-05T12:08:20","isFullCredit":false},{"lineNumber":13,"author":{"gitId":"lauwn-mower"},"content":"    @Override","lastModifiedDate":"2026-02-05T12:08:20","isFullCredit":false},{"lineNumber":14,"author":{"gitId":"lauwn-mower"},"content":"    public String toStringListFormat(){","lastModifiedDate":"2026-02-05T12:08:20","isFullCredit":false},{"lineNumber":15,"author":{"gitId":"lauwn-mower"},"content":"        return toStringTaskIcons() + this.description","lastModifiedDate":"2026-02-05T12:08:20","isFullCredit":false},{"lineNumber":16,"author":{"gitId":"lauwn-mower"},"content":"                + \"(from: \" + this.from","lastModifiedDate":"2026-02-05T12:08:20","isFullCredit":false},{"lineNumber":17,"author":{"gitId":"lauwn-mower"},"content":"                + \" to: \" + this.to + \")\";","lastModifiedDate":"2026-02-05T12:08:20","isFullCredit":false},{"lineNumber":18,"author":{"gitId":"lauwn-mower"},"content":"    }","lastModifiedDate":"2026-02-05T12:08:20","isFullCredit":false},{"lineNumber":19,"author":{"gitId":"lauwn-mower"},"content":"}","lastModifiedDate":"2026-02-05T12:08:20","isFullCredit":false}],"authorContributionMap":{"lauwn-mower":19}},{"path":"src/main/java/Task.java","fileType":"java","lines":[{"lineNumber":1,"author":{"gitId":"lauwn-mower"},"content":"public class Task {","lastModifiedDate":"2026-02-04T17:30:18","isFullCredit":false},{"lineNumber":2,"author":{"gitId":"lauwn-mower"},"content":"","lastModifiedDate":"2026-02-04T17:30:18","isFullCredit":false},{"lineNumber":3,"author":{"gitId":"lauwn-mower"},"content":"    // Task object comprises its description and isDone status","lastModifiedDate":"2026-02-04T17:30:18","isFullCredit":false},{"lineNumber":4,"author":{"gitId":"lauwn-mower"},"content":"    protected String description;","lastModifiedDate":"2026-02-04T17:30:18","isFullCredit":false},{"lineNumber":5,"author":{"gitId":"lauwn-mower"},"content":"    protected boolean isDone;","lastModifiedDate":"2026-02-04T17:30:18","isFullCredit":false},{"lineNumber":6,"author":{"gitId":"lauwn-mower"},"content":"    protected String type;","lastModifiedDate":"2026-02-05T12:08:20","isFullCredit":false},{"lineNumber":7,"author":{"gitId":"lauwn-mower"},"content":"","lastModifiedDate":"2026-02-04T17:30:18","isFullCredit":false},{"lineNumber":8,"author":{"gitId":"lauwn-mower"},"content":"    public Task(String description){","lastModifiedDate":"2026-02-04T17:30:18","isFullCredit":false},{"lineNumber":9,"author":{"gitId":"lauwn-mower"},"content":"        this.description \u003d description;","lastModifiedDate":"2026-02-04T17:30:18","isFullCredit":false},{"lineNumber":10,"author":{"gitId":"lauwn-mower"},"content":"        this.isDone \u003d false;","lastModifiedDate":"2026-02-04T17:30:18","isFullCredit":false},{"lineNumber":11,"author":{"gitId":"lauwn-mower"},"content":"    }","lastModifiedDate":"2026-02-04T17:30:18","isFullCredit":false},{"lineNumber":12,"author":{"gitId":"lauwn-mower"},"content":"","lastModifiedDate":"2026-02-04T17:30:18","isFullCredit":false},{"lineNumber":13,"author":{"gitId":"lauwn-mower"},"content":"    public boolean isDone() {","lastModifiedDate":"2026-02-04T17:30:18","isFullCredit":false},{"lineNumber":14,"author":{"gitId":"lauwn-mower"},"content":"        return isDone;","lastModifiedDate":"2026-02-04T17:30:18","isFullCredit":false},{"lineNumber":15,"author":{"gitId":"lauwn-mower"},"content":"    }","lastModifiedDate":"2026-02-04T17:30:18","isFullCredit":false},{"lineNumber":16,"author":{"gitId":"lauwn-mower"},"content":"","lastModifiedDate":"2026-02-04T17:30:18","isFullCredit":false},{"lineNumber":17,"author":{"gitId":"lauwn-mower"},"content":"    public void setDone(boolean doneStatus){","lastModifiedDate":"2026-02-04T17:30:18","isFullCredit":false},{"lineNumber":18,"author":{"gitId":"lauwn-mower"},"content":"        isDone \u003d doneStatus;","lastModifiedDate":"2026-02-04T17:30:18","isFullCredit":false},{"lineNumber":19,"author":{"gitId":"lauwn-mower"},"content":"    }","lastModifiedDate":"2026-02-04T17:30:18","isFullCredit":false},{"lineNumber":20,"author":{"gitId":"lauwn-mower"},"content":"","lastModifiedDate":"2026-02-04T17:30:18","isFullCredit":false},{"lineNumber":21,"author":{"gitId":"lauwn-mower"},"content":"    public String getStatusIcon(){","lastModifiedDate":"2026-02-04T17:30:18","isFullCredit":false},{"lineNumber":22,"author":{"gitId":"lauwn-mower"},"content":"        return (isDone() ? \"X\" : \" \");","lastModifiedDate":"2026-02-04T17:30:18","isFullCredit":false},{"lineNumber":23,"author":{"gitId":"lauwn-mower"},"content":"    }","lastModifiedDate":"2026-02-04T17:30:18","isFullCredit":false},{"lineNumber":24,"author":{"gitId":"lauwn-mower"},"content":"","lastModifiedDate":"2026-02-04T17:30:18","isFullCredit":false},{"lineNumber":25,"author":{"gitId":"lauwn-mower"},"content":"    public String toStringTaskIcons(){","lastModifiedDate":"2026-02-05T12:08:20","isFullCredit":false},{"lineNumber":26,"author":{"gitId":"lauwn-mower"},"content":"        return \"[\" + this.type + \"][\" + getStatusIcon() + \"] \";","lastModifiedDate":"2026-02-05T12:08:20","isFullCredit":false},{"lineNumber":27,"author":{"gitId":"lauwn-mower"},"content":"    }","lastModifiedDate":"2026-02-04T17:30:18","isFullCredit":false},{"lineNumber":28,"author":{"gitId":"lauwn-mower"},"content":"","lastModifiedDate":"2026-02-04T17:30:18","isFullCredit":false},{"lineNumber":29,"author":{"gitId":"lauwn-mower"},"content":"    public String toStringListFormat(){","lastModifiedDate":"2026-02-05T12:08:20","isFullCredit":false},{"lineNumber":30,"author":{"gitId":"lauwn-mower"},"content":"        return toStringTaskIcons() + this.description;","lastModifiedDate":"2026-02-05T12:08:20","isFullCredit":false},{"lineNumber":31,"author":{"gitId":"lauwn-mower"},"content":"    }","lastModifiedDate":"2026-02-05T12:08:20","isFullCredit":false},{"lineNumber":32,"author":{"gitId":"lauwn-mower"},"content":"","lastModifiedDate":"2026-02-05T12:08:20","isFullCredit":false},{"lineNumber":33,"author":{"gitId":"lauwn-mower"},"content":"    public void setType(String type) {","lastModifiedDate":"2026-02-05T12:08:20","isFullCredit":false},{"lineNumber":34,"author":{"gitId":"lauwn-mower"},"content":"        this.type \u003d type;","lastModifiedDate":"2026-02-05T12:08:20","isFullCredit":false},{"lineNumber":35,"author":{"gitId":"lauwn-mower"},"content":"    }","lastModifiedDate":"2026-02-05T12:08:20","isFullCredit":false},{"lineNumber":36,"author":{"gitId":"lauwn-mower"},"content":"}","lastModifiedDate":"2026-02-04T17:30:18","isFullCredit":false}],"authorContributionMap":{"lauwn-mower":36}},{"path":"src/main/java/Todo.java","fileType":"java","lines":[{"lineNumber":1,"author":{"gitId":"lauwn-mower"},"content":"// A Task without any date / time attached to it","lastModifiedDate":"2026-02-05T12:08:20","isFullCredit":false},{"lineNumber":2,"author":{"gitId":"lauwn-mower"},"content":"public class Todo extends Task {","lastModifiedDate":"2026-02-05T12:08:20","isFullCredit":false},{"lineNumber":3,"author":{"gitId":"lauwn-mower"},"content":"","lastModifiedDate":"2026-02-05T12:08:20","isFullCredit":false},{"lineNumber":4,"author":{"gitId":"lauwn-mower"},"content":"    public Todo(String description){","lastModifiedDate":"2026-02-05T12:08:20","isFullCredit":false},{"lineNumber":5,"author":{"gitId":"lauwn-mower"},"content":"        super(description);","lastModifiedDate":"2026-02-05T12:08:20","isFullCredit":false},{"lineNumber":6,"author":{"gitId":"lauwn-mower"},"content":"        this.type \u003d \"T\";","lastModifiedDate":"2026-02-05T12:08:20","isFullCredit":false},{"lineNumber":7,"author":{"gitId":"lauwn-mower"},"content":"    }","lastModifiedDate":"2026-02-05T12:08:20","isFullCredit":false},{"lineNumber":8,"author":{"gitId":"lauwn-mower"},"content":"}","lastModifiedDate":"2026-02-05T12:08:20","isFullCredit":false}],"authorContributionMap":{"lauwn-mower":8}}]
