{"authorDailyContributionsMap":{"lauwn-mower":[{"date":"2026-01-28T00:00:00","commitResults":[{"hash":"1501fc2505d20514dcdc450ff6e9b3db2b40f6ef","isMergeCommit":false,"messageTitle":"feat: Renamed chatbot and implemented new greeting","messageBody":"","fileTypesAndContributionMap":{"java":{"insertions":52,"deletions":0}}},{"hash":"c23229f49c5edf821aa5c4e70a3450d62d51dad0","isMergeCommit":false,"messageTitle":"feat: Implemented Echo function for Bot","messageBody":"","fileTypesAndContributionMap":{"java":{"insertions":28,"deletions":1}}},{"hash":"5c6b7185211b026410cb0ea75dfdf3f3af712b4f","isMergeCommit":false,"messageTitle":"feat: Implemented Add, List function for Bot","messageBody":"","fileTypesAndContributionMap":{"java":{"insertions":41,"deletions":6}}}]},{"date":"2026-02-04T00:00:00","commitResults":[{"hash":"426ca966cfd689f915fa99bc189c0149a5e5c556","isMergeCommit":false,"messageTitle":"feat: Added \"mark/unmark\" function and made code more OOP with Task class and its class manager AuntieTasker","messageBody":"","fileTypesAndContributionMap":{"java":{"insertions":115,"deletions":34}}}]}]},"authorFileTypeContributionMap":{"lauwn-mower":{"java":195,"md":0,"fxml":0,"sh":0,"bat":0,"gradle":0,"txt":0}},"authorContributionVariance":{"lauwn-mower":1323.8217},"authorDisplayNameMap":{"lauwn-mower":"CS2113-W11-4 LAU ..I NA"}}
