{"authorDailyContributionsMap":{"brianerino":[{"date":"2026-01-21T00:00:00","commitResults":[{"hash":"bd6955d9579edef5f0be689f2ebff58438f8b241","isMergeCommit":false,"messageTitle":"Level-0: Rename chatbot to Swaz and add greeting","messageBody":"","fileTypesAndContributionMap":{"java":{"insertions":7,"deletions":10}}}]},{"date":"2026-01-28T00:00:00","commitResults":[{"hash":"d012c0a83ae4cfc09afc4d410254a849044caea3","isMergeCommit":false,"messageTitle":"Level-1: Echo input and exit on bye","messageBody":"","fileTypesAndContributionMap":{"java":{"insertions":22,"deletions":1}}},{"hash":"a6098f23aea9046962bf4e0cc689629fcadc27c8","isMergeCommit":false,"messageTitle":"Level-2: Add tasks and list them","messageBody":"","fileTypesAndContributionMap":{"java":{"insertions":24,"deletions":2}}},{"hash":"27a4dad6b66585aca253e39e13517cd9a43b1140","isMergeCommit":false,"messageTitle":"Level-3: Add Task class and mark/unmark functionality","messageBody":"","fileTypesAndContributionMap":{"java":{"insertions":75,"deletions":5}}}]}]},"authorFileTypeContributionMap":{"brianerino":{"java":120,"md":0,"fxml":0,"sh":0,"bat":0,"gradle":0,"txt":0}},"authorContributionVariance":{"brianerino":793.20996},"authorDisplayNameMap":{"brianerino":"CS2113-F14-3 LEE ..RIAN"}}
