[{"path":"docs/README.md","fileType":"md","lines":[{"lineNumber":1,"author":{"gitId":"kohtzerui"},"content":"# Nimbus User Guide","lastModifiedDate":"2026-01-29T09:48:59","isFullCredit":false},{"lineNumber":2,"author":{"gitId":"-"},"content":"","lastModifiedDate":"2019-07-29T17:14:46","isFullCredit":false},{"lineNumber":3,"author":{"gitId":"kohtzerui"},"content":"Nimbus is a personal assistant chat bot that helps you keep track of tasks.","lastModifiedDate":"2026-01-29T09:48:59","isFullCredit":false},{"lineNumber":4,"author":{"gitId":"-"},"content":"","lastModifiedDate":"2019-07-29T17:14:46","isFullCredit":false},{"lineNumber":5,"author":{"gitId":"kohtzerui"},"content":"## Features","lastModifiedDate":"2026-01-29T09:48:59","isFullCredit":false},{"lineNumber":6,"author":{"gitId":"-"},"content":"","lastModifiedDate":"2021-07-17T16:49:07","isFullCredit":false},{"lineNumber":7,"author":{"gitId":"kohtzerui"},"content":"### Echo","lastModifiedDate":"2026-01-29T09:48:59","isFullCredit":false},{"lineNumber":8,"author":{"gitId":"kohtzerui"},"content":"Nimbus repeats what you say (Level-1).","lastModifiedDate":"2026-01-29T09:48:59","isFullCredit":false},{"lineNumber":9,"author":{"gitId":"-"},"content":"","lastModifiedDate":"2021-07-17T16:49:07","isFullCredit":false},{"lineNumber":10,"author":{"gitId":"kohtzerui"},"content":"### Task List","lastModifiedDate":"2026-01-29T09:48:59","isFullCredit":false},{"lineNumber":11,"author":{"gitId":"kohtzerui"},"content":"Nimbus stores your tasks and allows you to list them (Level-2).","lastModifiedDate":"2026-01-29T09:48:59","isFullCredit":false},{"lineNumber":12,"author":{"gitId":"-"},"content":"","lastModifiedDate":"2019-07-29T17:14:46","isFullCredit":false},{"lineNumber":13,"author":{"gitId":"kohtzerui"},"content":"#### Adding a Task","lastModifiedDate":"2026-01-29T09:48:59","isFullCredit":false},{"lineNumber":14,"author":{"gitId":"kohtzerui"},"content":"Simply type the task description to add it to your list.","lastModifiedDate":"2026-01-29T09:48:59","isFullCredit":false},{"lineNumber":15,"author":{"gitId":"kohtzerui"},"content":"Example:","lastModifiedDate":"2026-01-29T09:48:59","isFullCredit":false},{"lineNumber":16,"author":{"gitId":"-"},"content":"```","lastModifiedDate":"2024-01-07T18:33:52","isFullCredit":false},{"lineNumber":17,"author":{"gitId":"kohtzerui"},"content":"read book","lastModifiedDate":"2026-01-29T09:48:59","isFullCredit":false},{"lineNumber":18,"author":{"gitId":"kohtzerui"},"content":"```","lastModifiedDate":"2026-01-29T09:48:59","isFullCredit":false},{"lineNumber":19,"author":{"gitId":"kohtzerui"},"content":"Expected Output:","lastModifiedDate":"2026-01-29T09:48:59","isFullCredit":false},{"lineNumber":20,"author":{"gitId":"kohtzerui"},"content":"```","lastModifiedDate":"2026-01-29T09:48:59","isFullCredit":false},{"lineNumber":21,"author":{"gitId":"kohtzerui"},"content":" added: read book","lastModifiedDate":"2026-01-29T09:48:59","isFullCredit":false},{"lineNumber":22,"author":{"gitId":"-"},"content":"```","lastModifiedDate":"2024-01-07T18:33:52","isFullCredit":false},{"lineNumber":23,"author":{"gitId":"-"},"content":"","lastModifiedDate":"2019-07-29T17:14:46","isFullCredit":false},{"lineNumber":24,"author":{"gitId":"kohtzerui"},"content":"#### Listing Tasks","lastModifiedDate":"2026-01-29T09:48:59","isFullCredit":false},{"lineNumber":25,"author":{"gitId":"kohtzerui"},"content":"Use the `list` command to see all your stored tasks.","lastModifiedDate":"2026-01-29T09:48:59","isFullCredit":false},{"lineNumber":26,"author":{"gitId":"kohtzerui"},"content":"Example:","lastModifiedDate":"2026-01-29T09:48:59","isFullCredit":false},{"lineNumber":27,"author":{"gitId":"kohtzerui"},"content":"```","lastModifiedDate":"2026-01-29T09:48:59","isFullCredit":false},{"lineNumber":28,"author":{"gitId":"kohtzerui"},"content":"list","lastModifiedDate":"2026-01-29T09:48:59","isFullCredit":false},{"lineNumber":29,"author":{"gitId":"kohtzerui"},"content":"```","lastModifiedDate":"2026-01-29T09:48:59","isFullCredit":false},{"lineNumber":30,"author":{"gitId":"kohtzerui"},"content":"Expected Output:","lastModifiedDate":"2026-01-29T09:48:59","isFullCredit":false},{"lineNumber":31,"author":{"gitId":"kohtzerui"},"content":"```","lastModifiedDate":"2026-01-29T09:48:59","isFullCredit":false},{"lineNumber":32,"author":{"gitId":"kohtzerui"},"content":" 1. read book","lastModifiedDate":"2026-01-29T09:48:59","isFullCredit":false},{"lineNumber":33,"author":{"gitId":"kohtzerui"},"content":" 2. return book","lastModifiedDate":"2026-01-29T09:48:59","isFullCredit":false},{"lineNumber":34,"author":{"gitId":"kohtzerui"},"content":"```","lastModifiedDate":"2026-01-29T09:48:59","isFullCredit":false},{"lineNumber":35,"author":{"gitId":"-"},"content":"","lastModifiedDate":"2021-07-17T16:49:07","isFullCredit":false},{"lineNumber":36,"author":{"gitId":"kohtzerui"},"content":"## Usage","lastModifiedDate":"2026-01-29T09:48:59","isFullCredit":false},{"lineNumber":37,"author":{"gitId":"-"},"content":"","lastModifiedDate":"2024-01-07T18:33:52","isFullCredit":false},{"lineNumber":38,"author":{"gitId":"kohtzerui"},"content":"1. Compile: `javac -d bin src/main/java/Nimbus.java`","lastModifiedDate":"2026-01-29T09:48:59","isFullCredit":false},{"lineNumber":39,"author":{"gitId":"kohtzerui"},"content":"2. Run: `java -cp bin Nimbus`","lastModifiedDate":"2026-01-29T09:48:59","isFullCredit":false},{"lineNumber":40,"author":{"gitId":"kohtzerui"},"content":"3. Enter commands as described in Features.","lastModifiedDate":"2026-01-29T09:48:59","isFullCredit":false},{"lineNumber":41,"author":{"gitId":"kohtzerui"},"content":"4. Type `bye` to exit.","lastModifiedDate":"2026-01-29T09:48:59","isFullCredit":false}],"authorContributionMap":{"kohtzerui":31,"-":10}},{"path":"src/main/java/Deadline.java","fileType":"java","lines":[{"lineNumber":1,"author":{"gitId":"kohtzerui"},"content":"public class Deadline extends Task {","lastModifiedDate":"2026-02-05T15:48:50","isFullCredit":false},{"lineNumber":2,"author":{"gitId":"kohtzerui"},"content":"","lastModifiedDate":"2026-02-05T15:48:50","isFullCredit":false},{"lineNumber":3,"author":{"gitId":"kohtzerui"},"content":"    protected String by;","lastModifiedDate":"2026-02-05T15:48:50","isFullCredit":false},{"lineNumber":4,"author":{"gitId":"kohtzerui"},"content":"","lastModifiedDate":"2026-02-05T15:48:50","isFullCredit":false},{"lineNumber":5,"author":{"gitId":"kohtzerui"},"content":"    public Deadline(String description, String by) {","lastModifiedDate":"2026-02-05T15:48:50","isFullCredit":false},{"lineNumber":6,"author":{"gitId":"kohtzerui"},"content":"        super(description);","lastModifiedDate":"2026-02-05T15:48:50","isFullCredit":false},{"lineNumber":7,"author":{"gitId":"kohtzerui"},"content":"        this.by \u003d by;","lastModifiedDate":"2026-02-05T15:48:50","isFullCredit":false},{"lineNumber":8,"author":{"gitId":"kohtzerui"},"content":"    }","lastModifiedDate":"2026-02-05T15:48:50","isFullCredit":false},{"lineNumber":9,"author":{"gitId":"kohtzerui"},"content":"","lastModifiedDate":"2026-02-05T15:48:50","isFullCredit":false},{"lineNumber":10,"author":{"gitId":"kohtzerui"},"content":"    @Override","lastModifiedDate":"2026-02-05T15:48:50","isFullCredit":false},{"lineNumber":11,"author":{"gitId":"kohtzerui"},"content":"    public String toString() {","lastModifiedDate":"2026-02-05T15:48:50","isFullCredit":false},{"lineNumber":12,"author":{"gitId":"kohtzerui"},"content":"        return \"[D]\" + super.toString() + \" (by: \" + by + \")\";","lastModifiedDate":"2026-02-05T15:48:50","isFullCredit":false},{"lineNumber":13,"author":{"gitId":"kohtzerui"},"content":"    }","lastModifiedDate":"2026-02-05T15:48:50","isFullCredit":false},{"lineNumber":14,"author":{"gitId":"kohtzerui"},"content":"}","lastModifiedDate":"2026-02-05T15:48:50","isFullCredit":false}],"authorContributionMap":{"kohtzerui":14}},{"path":"src/main/java/Event.java","fileType":"java","lines":[{"lineNumber":1,"author":{"gitId":"kohtzerui"},"content":"public class Event extends Task {","lastModifiedDate":"2026-02-05T15:48:50","isFullCredit":false},{"lineNumber":2,"author":{"gitId":"kohtzerui"},"content":"","lastModifiedDate":"2026-02-05T15:48:50","isFullCredit":false},{"lineNumber":3,"author":{"gitId":"kohtzerui"},"content":"    protected String from;","lastModifiedDate":"2026-02-05T15:48:50","isFullCredit":false},{"lineNumber":4,"author":{"gitId":"kohtzerui"},"content":"    protected String to;","lastModifiedDate":"2026-02-05T15:48:50","isFullCredit":false},{"lineNumber":5,"author":{"gitId":"kohtzerui"},"content":"","lastModifiedDate":"2026-02-05T15:48:50","isFullCredit":false},{"lineNumber":6,"author":{"gitId":"kohtzerui"},"content":"    public Event(String description, String from, String to) {","lastModifiedDate":"2026-02-05T15:48:50","isFullCredit":false},{"lineNumber":7,"author":{"gitId":"kohtzerui"},"content":"        super(description);","lastModifiedDate":"2026-02-05T15:48:50","isFullCredit":false},{"lineNumber":8,"author":{"gitId":"kohtzerui"},"content":"        this.from \u003d from;","lastModifiedDate":"2026-02-05T15:48:50","isFullCredit":false},{"lineNumber":9,"author":{"gitId":"kohtzerui"},"content":"        this.to \u003d to;","lastModifiedDate":"2026-02-05T15:48:50","isFullCredit":false},{"lineNumber":10,"author":{"gitId":"kohtzerui"},"content":"    }","lastModifiedDate":"2026-02-05T15:48:50","isFullCredit":false},{"lineNumber":11,"author":{"gitId":"kohtzerui"},"content":"","lastModifiedDate":"2026-02-05T15:48:50","isFullCredit":false},{"lineNumber":12,"author":{"gitId":"kohtzerui"},"content":"    @Override","lastModifiedDate":"2026-02-05T15:48:50","isFullCredit":false},{"lineNumber":13,"author":{"gitId":"kohtzerui"},"content":"    public String toString() {","lastModifiedDate":"2026-02-05T15:48:50","isFullCredit":false},{"lineNumber":14,"author":{"gitId":"kohtzerui"},"content":"        return \"[E]\" + super.toString() + \" (from: \" + from + \" to: \" + to + \")\";","lastModifiedDate":"2026-02-05T15:48:50","isFullCredit":false},{"lineNumber":15,"author":{"gitId":"kohtzerui"},"content":"    }","lastModifiedDate":"2026-02-05T15:48:50","isFullCredit":false},{"lineNumber":16,"author":{"gitId":"kohtzerui"},"content":"}","lastModifiedDate":"2026-02-05T15:48:50","isFullCredit":false}],"authorContributionMap":{"kohtzerui":16}},{"path":"src/main/java/Nimbus.java","fileType":"java","lines":[{"lineNumber":1,"author":{"gitId":"kohtzerui"},"content":"import java.util.Scanner;","lastModifiedDate":"2026-02-04T09:38:16","isFullCredit":false},{"lineNumber":2,"author":{"gitId":"kohtzerui"},"content":"","lastModifiedDate":"2026-02-04T09:38:16","isFullCredit":false},{"lineNumber":3,"author":{"gitId":"kohtzerui"},"content":"public class Nimbus {","lastModifiedDate":"2026-01-28T23:02:58","isFullCredit":false},{"lineNumber":4,"author":{"gitId":"kohtzerui"},"content":"    private static final String HORIZONTAL_LINE \u003d \"____________________________________________________________\";","lastModifiedDate":"2026-02-04T09:38:16","isFullCredit":false},{"lineNumber":5,"author":{"gitId":"kohtzerui"},"content":"","lastModifiedDate":"2026-02-04T09:38:16","isFullCredit":false},{"lineNumber":6,"author":{"gitId":"kohtzerui"},"content":"    private static final int MAX_TASKS \u003d 100;","lastModifiedDate":"2026-02-05T16:03:00","isFullCredit":false},{"lineNumber":7,"author":{"gitId":"kohtzerui"},"content":"    private static Task[] tasks \u003d new Task[MAX_TASKS];","lastModifiedDate":"2026-02-05T16:03:00","isFullCredit":false},{"lineNumber":8,"author":{"gitId":"kohtzerui"},"content":"    private static int taskCount \u003d 0;","lastModifiedDate":"2026-02-05T16:03:00","isFullCredit":false},{"lineNumber":9,"author":{"gitId":"kohtzerui"},"content":"","lastModifiedDate":"2026-02-04T09:38:16","isFullCredit":false},{"lineNumber":10,"author":{"gitId":"kohtzerui"},"content":"    public static void main(String[] args) {","lastModifiedDate":"2026-02-05T16:03:00","isFullCredit":false},{"lineNumber":11,"author":{"gitId":"kohtzerui"},"content":"        printWelcome();","lastModifiedDate":"2026-02-05T16:03:00","isFullCredit":false},{"lineNumber":12,"author":{"gitId":"kohtzerui"},"content":"        Scanner scanner \u003d new Scanner(System.in);","lastModifiedDate":"2026-02-04T09:38:16","isFullCredit":false},{"lineNumber":13,"author":{"gitId":"kohtzerui"},"content":"        runCommandLoop(scanner);","lastModifiedDate":"2026-02-05T16:03:00","isFullCredit":false},{"lineNumber":14,"author":{"gitId":"kohtzerui"},"content":"        scanner.close();","lastModifiedDate":"2026-02-05T16:03:00","isFullCredit":false},{"lineNumber":15,"author":{"gitId":"kohtzerui"},"content":"    }","lastModifiedDate":"2026-02-05T16:03:00","isFullCredit":false},{"lineNumber":16,"author":{"gitId":"kohtzerui"},"content":"","lastModifiedDate":"2026-02-04T09:19:13","isFullCredit":false},{"lineNumber":17,"author":{"gitId":"kohtzerui"},"content":"    private static void runCommandLoop(Scanner scanner) {","lastModifiedDate":"2026-02-05T16:03:00","isFullCredit":false},{"lineNumber":18,"author":{"gitId":"kohtzerui"},"content":"        while (true) {","lastModifiedDate":"2026-02-04T09:19:13","isFullCredit":false},{"lineNumber":19,"author":{"gitId":"kohtzerui"},"content":"            String input \u003d scanner.nextLine();","lastModifiedDate":"2026-02-04T09:19:13","isFullCredit":false},{"lineNumber":20,"author":{"gitId":"kohtzerui"},"content":"            System.out.println(HORIZONTAL_LINE);","lastModifiedDate":"2026-02-04T09:38:16","isFullCredit":false},{"lineNumber":21,"author":{"gitId":"kohtzerui"},"content":"","lastModifiedDate":"2026-02-04T09:19:13","isFullCredit":false},{"lineNumber":22,"author":{"gitId":"kohtzerui"},"content":"            if (input.equals(\"bye\")) {","lastModifiedDate":"2026-02-04T09:19:13","isFullCredit":false},{"lineNumber":23,"author":{"gitId":"kohtzerui"},"content":"                printGoodbye();","lastModifiedDate":"2026-02-05T16:03:00","isFullCredit":false},{"lineNumber":24,"author":{"gitId":"kohtzerui"},"content":"                break;","lastModifiedDate":"2026-02-04T09:19:13","isFullCredit":false},{"lineNumber":25,"author":{"gitId":"kohtzerui"},"content":"            } else if (input.equals(\"list\")) {","lastModifiedDate":"2026-02-04T09:19:32","isFullCredit":false},{"lineNumber":26,"author":{"gitId":"kohtzerui"},"content":"                printList();","lastModifiedDate":"2026-02-05T16:03:00","isFullCredit":false},{"lineNumber":27,"author":{"gitId":"kohtzerui"},"content":"            } else if (input.startsWith(\"mark \")) {","lastModifiedDate":"2026-02-05T16:03:00","isFullCredit":false},{"lineNumber":28,"author":{"gitId":"kohtzerui"},"content":"                markTask(input);","lastModifiedDate":"2026-02-05T16:03:00","isFullCredit":false},{"lineNumber":29,"author":{"gitId":"kohtzerui"},"content":"            } else if (input.startsWith(\"unmark \")) {","lastModifiedDate":"2026-02-05T16:03:00","isFullCredit":false},{"lineNumber":30,"author":{"gitId":"kohtzerui"},"content":"                unmarkTask(input);","lastModifiedDate":"2026-02-05T16:03:00","isFullCredit":false},{"lineNumber":31,"author":{"gitId":"kohtzerui"},"content":"            } else if (input.startsWith(\"todo \")) {","lastModifiedDate":"2026-02-05T16:03:00","isFullCredit":false},{"lineNumber":32,"author":{"gitId":"kohtzerui"},"content":"                addTodo(input);","lastModifiedDate":"2026-02-05T16:03:00","isFullCredit":false},{"lineNumber":33,"author":{"gitId":"kohtzerui"},"content":"            } else if (input.startsWith(\"deadline \")) {","lastModifiedDate":"2026-02-05T16:03:00","isFullCredit":false},{"lineNumber":34,"author":{"gitId":"kohtzerui"},"content":"                addDeadline(input);","lastModifiedDate":"2026-02-05T16:03:00","isFullCredit":false},{"lineNumber":35,"author":{"gitId":"kohtzerui"},"content":"            } else if (input.startsWith(\"event \")) {","lastModifiedDate":"2026-02-05T16:03:00","isFullCredit":false},{"lineNumber":36,"author":{"gitId":"kohtzerui"},"content":"                addEvent(input);","lastModifiedDate":"2026-02-05T16:03:00","isFullCredit":false},{"lineNumber":37,"author":{"gitId":"kohtzerui"},"content":"            } else {","lastModifiedDate":"2026-02-05T16:03:00","isFullCredit":false},{"lineNumber":38,"author":{"gitId":"kohtzerui"},"content":"                System.out.println(\" Unknown command.\");","lastModifiedDate":"2026-02-05T16:03:00","isFullCredit":false},{"lineNumber":39,"author":{"gitId":"kohtzerui"},"content":"                System.out.println(HORIZONTAL_LINE);","lastModifiedDate":"2026-02-05T16:03:00","isFullCredit":false},{"lineNumber":40,"author":{"gitId":"kohtzerui"},"content":"            }","lastModifiedDate":"2026-02-05T16:03:00","isFullCredit":false},{"lineNumber":41,"author":{"gitId":"kohtzerui"},"content":"        }","lastModifiedDate":"2026-02-05T16:03:00","isFullCredit":false},{"lineNumber":42,"author":{"gitId":"kohtzerui"},"content":"    }","lastModifiedDate":"2026-02-05T16:03:00","isFullCredit":false},{"lineNumber":43,"author":{"gitId":"kohtzerui"},"content":"","lastModifiedDate":"2026-02-05T16:03:00","isFullCredit":false},{"lineNumber":44,"author":{"gitId":"kohtzerui"},"content":"    private static void printWelcome() {","lastModifiedDate":"2026-02-05T16:03:00","isFullCredit":false},{"lineNumber":45,"author":{"gitId":"kohtzerui"},"content":"        System.out.println(HORIZONTAL_LINE);","lastModifiedDate":"2026-02-05T16:03:00","isFullCredit":false},{"lineNumber":46,"author":{"gitId":"kohtzerui"},"content":"        System.out.println(\" Hello! I\u0027m Nimbus\");","lastModifiedDate":"2026-02-05T16:03:00","isFullCredit":false},{"lineNumber":47,"author":{"gitId":"kohtzerui"},"content":"        System.out.println(\" What can I do for you?\");","lastModifiedDate":"2026-02-05T16:03:00","isFullCredit":false},{"lineNumber":48,"author":{"gitId":"kohtzerui"},"content":"        System.out.println(HORIZONTAL_LINE);","lastModifiedDate":"2026-02-05T16:03:00","isFullCredit":false},{"lineNumber":49,"author":{"gitId":"kohtzerui"},"content":"    }","lastModifiedDate":"2026-02-05T16:03:00","isFullCredit":false},{"lineNumber":50,"author":{"gitId":"kohtzerui"},"content":"","lastModifiedDate":"2026-02-05T16:03:00","isFullCredit":false},{"lineNumber":51,"author":{"gitId":"kohtzerui"},"content":"    private static void printGoodbye() {","lastModifiedDate":"2026-02-05T16:03:00","isFullCredit":false},{"lineNumber":52,"author":{"gitId":"kohtzerui"},"content":"        System.out.println(\" Bye. Hope to see you again soon!\");","lastModifiedDate":"2026-02-05T16:03:00","isFullCredit":false},{"lineNumber":53,"author":{"gitId":"kohtzerui"},"content":"        System.out.println(HORIZONTAL_LINE);","lastModifiedDate":"2026-02-05T16:03:00","isFullCredit":false},{"lineNumber":54,"author":{"gitId":"kohtzerui"},"content":"    }","lastModifiedDate":"2026-02-05T16:03:00","isFullCredit":false},{"lineNumber":55,"author":{"gitId":"kohtzerui"},"content":"","lastModifiedDate":"2026-02-05T16:03:00","isFullCredit":false},{"lineNumber":56,"author":{"gitId":"kohtzerui"},"content":"    private static void printList() {","lastModifiedDate":"2026-02-05T16:03:00","isFullCredit":false},{"lineNumber":57,"author":{"gitId":"kohtzerui"},"content":"        System.out.println(\" Here are the tasks in your list:\");","lastModifiedDate":"2026-02-04T09:30:53","isFullCredit":false},{"lineNumber":58,"author":{"gitId":"kohtzerui"},"content":"        for (int i \u003d 0; i \u003c taskCount; i++) {","lastModifiedDate":"2026-02-04T09:19:32","isFullCredit":false},{"lineNumber":59,"author":{"gitId":"kohtzerui"},"content":"            System.out.println(\" \" + (i + 1) + \".\" + tasks[i]);","lastModifiedDate":"2026-02-04T09:19:32","isFullCredit":false},{"lineNumber":60,"author":{"gitId":"kohtzerui"},"content":"        }","lastModifiedDate":"2026-02-04T09:19:13","isFullCredit":false},{"lineNumber":61,"author":{"gitId":"kohtzerui"},"content":"        System.out.println(HORIZONTAL_LINE);","lastModifiedDate":"2026-02-04T09:38:16","isFullCredit":false},{"lineNumber":62,"author":{"gitId":"kohtzerui"},"content":"    }","lastModifiedDate":"2026-02-05T16:03:00","isFullCredit":false},{"lineNumber":63,"author":{"gitId":"kohtzerui"},"content":"","lastModifiedDate":"2026-02-05T16:03:00","isFullCredit":false},{"lineNumber":64,"author":{"gitId":"kohtzerui"},"content":"    private static void markTask(String input) {","lastModifiedDate":"2026-02-05T16:03:00","isFullCredit":false},{"lineNumber":65,"author":{"gitId":"kohtzerui"},"content":"        try {","lastModifiedDate":"2026-02-05T16:03:00","isFullCredit":false},{"lineNumber":66,"author":{"gitId":"kohtzerui"},"content":"            int index \u003d Integer.parseInt(input.substring(5)) - 1;","lastModifiedDate":"2026-02-04T09:30:53","isFullCredit":false},{"lineNumber":67,"author":{"gitId":"kohtzerui"},"content":"            tasks[index].markAsDone();","lastModifiedDate":"2026-02-04T09:30:53","isFullCredit":false},{"lineNumber":68,"author":{"gitId":"kohtzerui"},"content":"            System.out.println(\" Nice! I\u0027ve marked this task as done:\");","lastModifiedDate":"2026-02-04T09:30:53","isFullCredit":false},{"lineNumber":69,"author":{"gitId":"kohtzerui"},"content":"            System.out.println(\"   \" + tasks[index]);","lastModifiedDate":"2026-02-04T09:30:53","isFullCredit":false},{"lineNumber":70,"author":{"gitId":"kohtzerui"},"content":"        } catch (IndexOutOfBoundsException | NumberFormatException e) {","lastModifiedDate":"2026-02-05T16:03:00","isFullCredit":false},{"lineNumber":71,"author":{"gitId":"kohtzerui"},"content":"            System.out.println(\" Invalid task number.\");","lastModifiedDate":"2026-02-05T16:03:00","isFullCredit":false},{"lineNumber":72,"author":{"gitId":"kohtzerui"},"content":"        }","lastModifiedDate":"2026-02-05T16:03:00","isFullCredit":false},{"lineNumber":73,"author":{"gitId":"kohtzerui"},"content":"        System.out.println(HORIZONTAL_LINE);","lastModifiedDate":"2026-02-04T09:38:16","isFullCredit":false},{"lineNumber":74,"author":{"gitId":"kohtzerui"},"content":"    }","lastModifiedDate":"2026-02-05T16:03:00","isFullCredit":false},{"lineNumber":75,"author":{"gitId":"kohtzerui"},"content":"","lastModifiedDate":"2026-02-05T16:03:00","isFullCredit":false},{"lineNumber":76,"author":{"gitId":"kohtzerui"},"content":"    private static void unmarkTask(String input) {","lastModifiedDate":"2026-02-05T16:03:00","isFullCredit":false},{"lineNumber":77,"author":{"gitId":"kohtzerui"},"content":"        try {","lastModifiedDate":"2026-02-05T16:03:00","isFullCredit":false},{"lineNumber":78,"author":{"gitId":"kohtzerui"},"content":"            int index \u003d Integer.parseInt(input.substring(7)) - 1;","lastModifiedDate":"2026-02-04T09:30:53","isFullCredit":false},{"lineNumber":79,"author":{"gitId":"kohtzerui"},"content":"            tasks[index].markAsUndone();","lastModifiedDate":"2026-02-04T09:30:53","isFullCredit":false},{"lineNumber":80,"author":{"gitId":"kohtzerui"},"content":"            System.out.println(\" OK, I\u0027ve marked this task as not done yet:\");","lastModifiedDate":"2026-02-04T09:30:53","isFullCredit":false},{"lineNumber":81,"author":{"gitId":"kohtzerui"},"content":"            System.out.println(\"   \" + tasks[index]);","lastModifiedDate":"2026-02-04T09:30:53","isFullCredit":false},{"lineNumber":82,"author":{"gitId":"kohtzerui"},"content":"        } catch (IndexOutOfBoundsException | NumberFormatException e) {","lastModifiedDate":"2026-02-05T16:03:00","isFullCredit":false},{"lineNumber":83,"author":{"gitId":"kohtzerui"},"content":"            System.out.println(\" Invalid task number.\");","lastModifiedDate":"2026-02-05T16:03:00","isFullCredit":false},{"lineNumber":84,"author":{"gitId":"kohtzerui"},"content":"        }","lastModifiedDate":"2026-02-05T16:03:00","isFullCredit":false},{"lineNumber":85,"author":{"gitId":"kohtzerui"},"content":"        System.out.println(HORIZONTAL_LINE);","lastModifiedDate":"2026-02-04T09:38:16","isFullCredit":false},{"lineNumber":86,"author":{"gitId":"kohtzerui"},"content":"    }","lastModifiedDate":"2026-02-05T16:03:00","isFullCredit":false},{"lineNumber":87,"author":{"gitId":"kohtzerui"},"content":"","lastModifiedDate":"2026-02-05T16:03:00","isFullCredit":false},{"lineNumber":88,"author":{"gitId":"kohtzerui"},"content":"    private static void addTodo(String input) {","lastModifiedDate":"2026-02-05T16:03:00","isFullCredit":false},{"lineNumber":89,"author":{"gitId":"kohtzerui"},"content":"        String description \u003d input.substring(5).trim();","lastModifiedDate":"2026-02-05T16:03:00","isFullCredit":false},{"lineNumber":90,"author":{"gitId":"kohtzerui"},"content":"        if (description.isEmpty()) {","lastModifiedDate":"2026-02-05T16:03:00","isFullCredit":false},{"lineNumber":91,"author":{"gitId":"kohtzerui"},"content":"            System.out.println(\" Description cannot be empty.\");","lastModifiedDate":"2026-02-05T16:03:00","isFullCredit":false},{"lineNumber":92,"author":{"gitId":"kohtzerui"},"content":"            System.out.println(HORIZONTAL_LINE);","lastModifiedDate":"2026-02-05T16:03:00","isFullCredit":false},{"lineNumber":93,"author":{"gitId":"kohtzerui"},"content":"            return;","lastModifiedDate":"2026-02-05T16:03:00","isFullCredit":false},{"lineNumber":94,"author":{"gitId":"kohtzerui"},"content":"        }","lastModifiedDate":"2026-02-05T16:03:00","isFullCredit":false},{"lineNumber":95,"author":{"gitId":"kohtzerui"},"content":"        tasks[taskCount] \u003d new Todo(description);","lastModifiedDate":"2026-02-05T15:48:50","isFullCredit":false},{"lineNumber":96,"author":{"gitId":"kohtzerui"},"content":"        taskCount++;","lastModifiedDate":"2026-02-04T09:19:32","isFullCredit":false},{"lineNumber":97,"author":{"gitId":"kohtzerui"},"content":"        printTaskAdded(tasks[taskCount - 1]);","lastModifiedDate":"2026-02-05T16:03:00","isFullCredit":false},{"lineNumber":98,"author":{"gitId":"kohtzerui"},"content":"    }","lastModifiedDate":"2026-02-05T16:03:00","isFullCredit":false},{"lineNumber":99,"author":{"gitId":"kohtzerui"},"content":"","lastModifiedDate":"2026-02-05T16:03:00","isFullCredit":false},{"lineNumber":100,"author":{"gitId":"kohtzerui"},"content":"    private static void addDeadline(String input) {","lastModifiedDate":"2026-02-05T16:03:00","isFullCredit":false},{"lineNumber":101,"author":{"gitId":"kohtzerui"},"content":"        int byIndex \u003d input.indexOf(\"/by\");","lastModifiedDate":"2026-02-05T15:48:50","isFullCredit":false},{"lineNumber":102,"author":{"gitId":"kohtzerui"},"content":"        if (byIndex \u003d\u003d -1) {","lastModifiedDate":"2026-02-05T16:03:00","isFullCredit":false},{"lineNumber":103,"author":{"gitId":"kohtzerui"},"content":"            System.out.println(\" Please specify /by [date/time].\");","lastModifiedDate":"2026-02-05T16:03:00","isFullCredit":false},{"lineNumber":104,"author":{"gitId":"kohtzerui"},"content":"            System.out.println(HORIZONTAL_LINE);","lastModifiedDate":"2026-02-05T16:03:00","isFullCredit":false},{"lineNumber":105,"author":{"gitId":"kohtzerui"},"content":"            return;","lastModifiedDate":"2026-02-05T16:03:00","isFullCredit":false},{"lineNumber":106,"author":{"gitId":"kohtzerui"},"content":"        }","lastModifiedDate":"2026-02-05T16:03:00","isFullCredit":false},{"lineNumber":107,"author":{"gitId":"kohtzerui"},"content":"        String description \u003d input.substring(9, byIndex).trim();","lastModifiedDate":"2026-02-05T15:48:50","isFullCredit":false},{"lineNumber":108,"author":{"gitId":"kohtzerui"},"content":"        String by \u003d input.substring(byIndex + 3).trim();","lastModifiedDate":"2026-02-05T15:48:50","isFullCredit":false},{"lineNumber":109,"author":{"gitId":"kohtzerui"},"content":"        tasks[taskCount] \u003d new Deadline(description, by);","lastModifiedDate":"2026-02-05T15:48:50","isFullCredit":false},{"lineNumber":110,"author":{"gitId":"kohtzerui"},"content":"        taskCount++;","lastModifiedDate":"2026-02-05T15:48:50","isFullCredit":false},{"lineNumber":111,"author":{"gitId":"kohtzerui"},"content":"        printTaskAdded(tasks[taskCount - 1]);","lastModifiedDate":"2026-02-05T16:03:00","isFullCredit":false},{"lineNumber":112,"author":{"gitId":"kohtzerui"},"content":"    }","lastModifiedDate":"2026-02-05T16:03:00","isFullCredit":false},{"lineNumber":113,"author":{"gitId":"kohtzerui"},"content":"","lastModifiedDate":"2026-02-05T16:03:00","isFullCredit":false},{"lineNumber":114,"author":{"gitId":"kohtzerui"},"content":"    private static void addEvent(String input) {","lastModifiedDate":"2026-02-05T16:03:00","isFullCredit":false},{"lineNumber":115,"author":{"gitId":"kohtzerui"},"content":"        int fromIndex \u003d input.indexOf(\"/from\");","lastModifiedDate":"2026-02-05T15:48:50","isFullCredit":false},{"lineNumber":116,"author":{"gitId":"kohtzerui"},"content":"        int toIndex \u003d input.indexOf(\"/to\");","lastModifiedDate":"2026-02-05T15:48:50","isFullCredit":false},{"lineNumber":117,"author":{"gitId":"kohtzerui"},"content":"        if (fromIndex \u003d\u003d -1 || toIndex \u003d\u003d -1) {","lastModifiedDate":"2026-02-05T16:03:00","isFullCredit":false},{"lineNumber":118,"author":{"gitId":"kohtzerui"},"content":"            System.out.println(\" Please specify /from [start] and /to [end].\");","lastModifiedDate":"2026-02-05T16:03:00","isFullCredit":false},{"lineNumber":119,"author":{"gitId":"kohtzerui"},"content":"            System.out.println(HORIZONTAL_LINE);","lastModifiedDate":"2026-02-05T16:03:00","isFullCredit":false},{"lineNumber":120,"author":{"gitId":"kohtzerui"},"content":"            return;","lastModifiedDate":"2026-02-05T16:03:00","isFullCredit":false},{"lineNumber":121,"author":{"gitId":"kohtzerui"},"content":"        }","lastModifiedDate":"2026-02-05T16:03:00","isFullCredit":false},{"lineNumber":122,"author":{"gitId":"kohtzerui"},"content":"        String description \u003d input.substring(6, fromIndex).trim();","lastModifiedDate":"2026-02-05T15:48:50","isFullCredit":false},{"lineNumber":123,"author":{"gitId":"kohtzerui"},"content":"        String from \u003d input.substring(fromIndex + 5, toIndex).trim();","lastModifiedDate":"2026-02-05T15:48:50","isFullCredit":false},{"lineNumber":124,"author":{"gitId":"kohtzerui"},"content":"        String to \u003d input.substring(toIndex + 3).trim();","lastModifiedDate":"2026-02-05T15:48:50","isFullCredit":false},{"lineNumber":125,"author":{"gitId":"kohtzerui"},"content":"        tasks[taskCount] \u003d new Event(description, from, to);","lastModifiedDate":"2026-02-05T15:48:50","isFullCredit":false},{"lineNumber":126,"author":{"gitId":"kohtzerui"},"content":"        taskCount++;","lastModifiedDate":"2026-02-05T15:48:50","isFullCredit":false},{"lineNumber":127,"author":{"gitId":"kohtzerui"},"content":"        printTaskAdded(tasks[taskCount - 1]);","lastModifiedDate":"2026-02-05T16:03:00","isFullCredit":false},{"lineNumber":128,"author":{"gitId":"kohtzerui"},"content":"    }","lastModifiedDate":"2026-02-05T16:03:00","isFullCredit":false},{"lineNumber":129,"author":{"gitId":"kohtzerui"},"content":"","lastModifiedDate":"2026-02-05T16:03:00","isFullCredit":false},{"lineNumber":130,"author":{"gitId":"kohtzerui"},"content":"    private static void printTaskAdded(Task task) {","lastModifiedDate":"2026-02-05T16:03:00","isFullCredit":false},{"lineNumber":131,"author":{"gitId":"kohtzerui"},"content":"        System.out.println(\" Got it. I\u0027ve added this task:\");","lastModifiedDate":"2026-02-05T15:48:50","isFullCredit":false},{"lineNumber":132,"author":{"gitId":"kohtzerui"},"content":"        System.out.println(\"   \" + task);","lastModifiedDate":"2026-02-05T16:03:00","isFullCredit":false},{"lineNumber":133,"author":{"gitId":"kohtzerui"},"content":"        System.out.println(\" Now you have \" + taskCount + \" tasks in the list.\");","lastModifiedDate":"2026-02-05T15:48:50","isFullCredit":false},{"lineNumber":134,"author":{"gitId":"kohtzerui"},"content":"        System.out.println(HORIZONTAL_LINE);","lastModifiedDate":"2026-02-04T09:38:16","isFullCredit":false},{"lineNumber":135,"author":{"gitId":"kohtzerui"},"content":"    }","lastModifiedDate":"2026-02-04T09:19:32","isFullCredit":false},{"lineNumber":136,"author":{"gitId":"kohtzerui"},"content":"}","lastModifiedDate":"2026-02-04T09:19:13","isFullCredit":false}],"authorContributionMap":{"kohtzerui":136}},{"path":"src/main/java/Task.java","fileType":"java","lines":[{"lineNumber":1,"author":{"gitId":"kohtzerui"},"content":"public class Task {","lastModifiedDate":"2026-02-04T09:30:53","isFullCredit":false},{"lineNumber":2,"author":{"gitId":"kohtzerui"},"content":"    protected String description;","lastModifiedDate":"2026-02-04T09:30:53","isFullCredit":false},{"lineNumber":3,"author":{"gitId":"kohtzerui"},"content":"    protected boolean isDone;","lastModifiedDate":"2026-02-04T09:30:53","isFullCredit":false},{"lineNumber":4,"author":{"gitId":"kohtzerui"},"content":"","lastModifiedDate":"2026-02-04T09:30:53","isFullCredit":false},{"lineNumber":5,"author":{"gitId":"kohtzerui"},"content":"    public Task(String description) {","lastModifiedDate":"2026-02-04T09:30:53","isFullCredit":false},{"lineNumber":6,"author":{"gitId":"kohtzerui"},"content":"        this.description \u003d description;","lastModifiedDate":"2026-02-04T09:30:53","isFullCredit":false},{"lineNumber":7,"author":{"gitId":"kohtzerui"},"content":"        this.isDone \u003d false;","lastModifiedDate":"2026-02-04T09:30:53","isFullCredit":false},{"lineNumber":8,"author":{"gitId":"kohtzerui"},"content":"    }","lastModifiedDate":"2026-02-04T09:30:53","isFullCredit":false},{"lineNumber":9,"author":{"gitId":"kohtzerui"},"content":"","lastModifiedDate":"2026-02-04T09:30:53","isFullCredit":false},{"lineNumber":10,"author":{"gitId":"kohtzerui"},"content":"    public String getStatusIcon() {","lastModifiedDate":"2026-02-04T09:30:53","isFullCredit":false},{"lineNumber":11,"author":{"gitId":"kohtzerui"},"content":"        return (isDone ? \"X\" : \" \"); // mark done task with X","lastModifiedDate":"2026-02-04T09:30:53","isFullCredit":false},{"lineNumber":12,"author":{"gitId":"kohtzerui"},"content":"    }","lastModifiedDate":"2026-02-04T09:30:53","isFullCredit":false},{"lineNumber":13,"author":{"gitId":"kohtzerui"},"content":"","lastModifiedDate":"2026-02-04T09:30:53","isFullCredit":false},{"lineNumber":14,"author":{"gitId":"kohtzerui"},"content":"    public void markAsDone() {","lastModifiedDate":"2026-02-04T09:30:53","isFullCredit":false},{"lineNumber":15,"author":{"gitId":"kohtzerui"},"content":"        this.isDone \u003d true;","lastModifiedDate":"2026-02-04T09:30:53","isFullCredit":false},{"lineNumber":16,"author":{"gitId":"kohtzerui"},"content":"    }","lastModifiedDate":"2026-02-04T09:30:53","isFullCredit":false},{"lineNumber":17,"author":{"gitId":"kohtzerui"},"content":"","lastModifiedDate":"2026-02-04T09:30:53","isFullCredit":false},{"lineNumber":18,"author":{"gitId":"kohtzerui"},"content":"    public void markAsUndone() {","lastModifiedDate":"2026-02-04T09:30:53","isFullCredit":false},{"lineNumber":19,"author":{"gitId":"kohtzerui"},"content":"        this.isDone \u003d false;","lastModifiedDate":"2026-02-04T09:30:53","isFullCredit":false},{"lineNumber":20,"author":{"gitId":"kohtzerui"},"content":"    }","lastModifiedDate":"2026-02-04T09:30:53","isFullCredit":false},{"lineNumber":21,"author":{"gitId":"kohtzerui"},"content":"","lastModifiedDate":"2026-02-04T09:30:53","isFullCredit":false},{"lineNumber":22,"author":{"gitId":"kohtzerui"},"content":"    @Override","lastModifiedDate":"2026-02-04T09:30:53","isFullCredit":false},{"lineNumber":23,"author":{"gitId":"kohtzerui"},"content":"    public String toString() {","lastModifiedDate":"2026-02-04T09:30:53","isFullCredit":false},{"lineNumber":24,"author":{"gitId":"kohtzerui"},"content":"        return \"[\" + getStatusIcon() + \"] \" + description;","lastModifiedDate":"2026-02-04T09:30:53","isFullCredit":false},{"lineNumber":25,"author":{"gitId":"kohtzerui"},"content":"    }","lastModifiedDate":"2026-02-04T09:30:53","isFullCredit":false},{"lineNumber":26,"author":{"gitId":"kohtzerui"},"content":"}","lastModifiedDate":"2026-02-04T09:30:53","isFullCredit":false}],"authorContributionMap":{"kohtzerui":26}},{"path":"src/main/java/Todo.java","fileType":"java","lines":[{"lineNumber":1,"author":{"gitId":"kohtzerui"},"content":"public class Todo extends Task {","lastModifiedDate":"2026-02-05T15:48:50","isFullCredit":false},{"lineNumber":2,"author":{"gitId":"kohtzerui"},"content":"","lastModifiedDate":"2026-02-05T15:48:50","isFullCredit":false},{"lineNumber":3,"author":{"gitId":"kohtzerui"},"content":"    public Todo(String description) {","lastModifiedDate":"2026-02-05T15:48:50","isFullCredit":false},{"lineNumber":4,"author":{"gitId":"kohtzerui"},"content":"        super(description);","lastModifiedDate":"2026-02-05T15:48:50","isFullCredit":false},{"lineNumber":5,"author":{"gitId":"kohtzerui"},"content":"    }","lastModifiedDate":"2026-02-05T15:48:50","isFullCredit":false},{"lineNumber":6,"author":{"gitId":"kohtzerui"},"content":"","lastModifiedDate":"2026-02-05T15:48:50","isFullCredit":false},{"lineNumber":7,"author":{"gitId":"kohtzerui"},"content":"    @Override","lastModifiedDate":"2026-02-05T15:48:50","isFullCredit":false},{"lineNumber":8,"author":{"gitId":"kohtzerui"},"content":"    public String toString() {","lastModifiedDate":"2026-02-05T15:48:50","isFullCredit":false},{"lineNumber":9,"author":{"gitId":"kohtzerui"},"content":"        return \"[T]\" + super.toString();","lastModifiedDate":"2026-02-05T15:48:50","isFullCredit":false},{"lineNumber":10,"author":{"gitId":"kohtzerui"},"content":"    }","lastModifiedDate":"2026-02-05T15:48:50","isFullCredit":false},{"lineNumber":11,"author":{"gitId":"kohtzerui"},"content":"}","lastModifiedDate":"2026-02-05T15:48:50","isFullCredit":false}],"authorContributionMap":{"kohtzerui":11}}]
