{"authorDailyContributionsMap":{"kohtzerui":[{"date":"2026-01-28T00:00:00","commitResults":[{"hash":"8333b330c60d15bb645ccfc24c105369bb1c7480","isMergeCommit":false,"messageTitle":"Level-0: Rename Duke to Nimbus, implement greeting and exit","messageBody":"","fileTypesAndContributionMap":{"java":{"insertions":11,"deletions":10}}}]},{"date":"2026-01-29T00:00:00","commitResults":[{"hash":"4caf4a83a3b321f964eec5eca2042493353fb9da","isMergeCommit":false,"messageTitle":"Level-1: Echo","messageBody":"","fileTypesAndContributionMap":{"java":{"insertions":18,"deletions":2}}},{"hash":"f698ddbc7ee2ba686eeb65aec2889ebf8d51fc50","isMergeCommit":false,"messageTitle":"Level-2: Add, List","messageBody":"","fileTypesAndContributionMap":{"java":{"insertions":13,"deletions":3}}},{"hash":"618fe8c42b7a7c365a3ddefdae5ae0e8701fbfeb","isMergeCommit":false,"messageTitle":"Update docs/README.md with User Guide","messageBody":"","fileTypesAndContributionMap":{"md":{"insertions":31,"deletions":20}}}]},{"date":"2026-02-04T00:00:00","commitResults":[{"hash":"58c71b5bf8775ca6a2c24dad8bae093271a21c02","isMergeCommit":false,"messageTitle":"Level-0: Rename to Nimbus and Greet","messageBody":"","tags":["Level-0"],"fileTypesAndContributionMap":{"java":{"insertions":2,"deletions":28}}},{"hash":"150767aa601592b61c662a89cded3f8d39b53183","isMergeCommit":false,"messageTitle":"Level-1: Echo","messageBody":"","tags":["Level-1"],"fileTypesAndContributionMap":{"java":{"insertions":16,"deletions":2}}},{"hash":"d2d2bdb8ca4b392c7c80a47bff4144c0bce9d62f","isMergeCommit":false,"messageTitle":"Level-2: Add List functionality","messageBody":"","tags":["Level-2"],"fileTypesAndContributionMap":{"java":{"insertions":13,"deletions":3}}}]}]},"authorFileTypeContributionMap":{"kohtzerui":{"java":35,"md":31,"fxml":0,"sh":0,"bat":0,"gradle":0,"txt":0}},"authorContributionVariance":{"kohtzerui":407.78873},"authorDisplayNameMap":{"kohtzerui":"CS2113-W13-2 KOH .. RUI"}}
