{"authorDailyContributionsMap":{"yeejj":[{"date":"2026-02-02T00:00:00","commitResults":[{"hash":"5de776a0eb088b3983d16c7446de5f8bcf160e5a","isMergeCommit":false,"messageTitle":"Week3","messageBody":"","tags":["Level-3","Level-2","Level-1","A-CodingStandard"],"fileTypesAndContributionMap":{"java":{"insertions":97,"deletions":10}}}]}]},"authorFileTypeContributionMap":{"yeejj":{"java":97,"md":0,"fxml":0,"sh":0,"bat":0,"gradle":0,"txt":0}},"authorContributionVariance":{"yeejj":439.6416},"authorDisplayNameMap":{"yeejj":"CS2113-T09-4 YEE .. JIE"}}
