{"authorDailyContributionsMap":{"podledges":[{"date":"2026-01-26T00:00:00","commitResults":[{"hash":"ad09454a90e94fa55c925bf4018dca6d6e7105b3","isMergeCommit":false,"messageTitle":"renamed entry point function/project -\u003e podleGPT, added methods list() \u0026 added()","messageBody":"","tags":["Level-2","Level-1","Level-0"],"fileTypesAndContributionMap":{"java":{"insertions":99,"deletions":10}}},{"hash":"165b8289ab2984a3caeb730e10bd735edf020eed","isMergeCommit":false,"messageTitle":"mark \u0026 unmark implemented, new class TaskList \u0026 Tasks added","messageBody":"","fileTypesAndContributionMap":{"java":{"insertions":8,"deletions":0}}},{"hash":"6e6b701372a21b65acda15f07e6f3061df8d4afa","isMergeCommit":false,"messageTitle":"mark \u0026 unmark implemented, new class TaskList \u0026 Tasks added","messageBody":"","tags":["Level-3"],"fileTypesAndContributionMap":{"java":{"insertions":94,"deletions":30}}}]},{"date":"2026-02-01T00:00:00","commitResults":[{"hash":"91d823ed595e547abdd0cfdb27500ed7d189a0f6","isMergeCommit":false,"messageTitle":"+ Level 4","messageBody":"","tags":["Level-4"],"fileTypesAndContributionMap":{"txt":{"insertions":11,"deletions":0},"java":{"insertions":163,"deletions":64},"bat":{"insertions":2,"deletions":2}}}]}]},"authorFileTypeContributionMap":{"podledges":{"java":270,"md":0,"fxml":0,"sh":0,"bat":2,"gradle":0,"txt":11}},"authorContributionVariance":{"podledges":4455.193},"authorDisplayNameMap":{"podledges":"CS2113-W10-2 AYDE..TTEN"}}
