[{"path":"src/main/java/duke/BryanChatbot.java","fileType":"java","lines":[{"lineNumber":1,"author":{"gitId":"bryanyeo3125"},"content":"package duke;","lastModifiedDate":"2026-02-13T13:43:46","isFullCredit":false},{"lineNumber":2,"author":{"gitId":"bryanyeo3125"},"content":"","lastModifiedDate":"2026-02-13T13:43:46","isFullCredit":false},{"lineNumber":3,"author":{"gitId":"bryanyeo3125"},"content":"import java.util.Scanner;","lastModifiedDate":"2026-02-02T14:11:36","isFullCredit":false},{"lineNumber":4,"author":{"gitId":"bryanyeo3125"},"content":"","lastModifiedDate":"2026-02-02T14:11:36","isFullCredit":false},{"lineNumber":5,"author":{"gitId":"bryanyeo3125"},"content":"public class BryanChatbot {","lastModifiedDate":"2026-02-02T14:11:36","isFullCredit":false},{"lineNumber":6,"author":{"gitId":"bryanyeo3125"},"content":"","lastModifiedDate":"2026-02-02T14:11:36","isFullCredit":false},{"lineNumber":7,"author":{"gitId":"bryanyeo3125"},"content":"    private static final String LINE \u003d \"----------------------------------------\";","lastModifiedDate":"2026-02-02T14:11:36","isFullCredit":false},{"lineNumber":8,"author":{"gitId":"bryanyeo3125"},"content":"    private static final int MAX_TASKS \u003d 100;","lastModifiedDate":"2026-02-02T14:11:36","isFullCredit":false},{"lineNumber":9,"author":{"gitId":"bryanyeo3125"},"content":"","lastModifiedDate":"2026-02-02T14:11:36","isFullCredit":false},{"lineNumber":10,"author":{"gitId":"bryanyeo3125"},"content":"    private static final String COMMAND_BYE \u003d \"bye\";","lastModifiedDate":"2026-02-02T14:11:36","isFullCredit":false},{"lineNumber":11,"author":{"gitId":"bryanyeo3125"},"content":"    private static final String COMMAND_LIST \u003d \"list\";","lastModifiedDate":"2026-02-02T14:11:36","isFullCredit":false},{"lineNumber":12,"author":{"gitId":"bryanyeo3125"},"content":"    private static final String COMMAND_MARK \u003d \"mark\";","lastModifiedDate":"2026-02-02T14:11:36","isFullCredit":false},{"lineNumber":13,"author":{"gitId":"bryanyeo3125"},"content":"    private static final String COMMAND_UNMARK \u003d \"unmark\";","lastModifiedDate":"2026-02-02T14:11:36","isFullCredit":false},{"lineNumber":14,"author":{"gitId":"bryanyeo3125"},"content":"    private static final String COMMAND_TODO \u003d \"todo\";","lastModifiedDate":"2026-02-06T14:18:17","isFullCredit":false},{"lineNumber":15,"author":{"gitId":"bryanyeo3125"},"content":"    private static final String COMMAND_DEADLINE \u003d \"deadline\";","lastModifiedDate":"2026-02-06T14:18:17","isFullCredit":false},{"lineNumber":16,"author":{"gitId":"bryanyeo3125"},"content":"    private static final String COMMAND_EVENT \u003d \"event\";","lastModifiedDate":"2026-02-06T14:18:17","isFullCredit":false},{"lineNumber":17,"author":{"gitId":"bryanyeo3125"},"content":"","lastModifiedDate":"2026-02-02T14:11:36","isFullCredit":false},{"lineNumber":18,"author":{"gitId":"bryanyeo3125"},"content":"    private static final Task[] TASKS \u003d new Task[MAX_TASKS];","lastModifiedDate":"2026-02-06T14:18:17","isFullCredit":false},{"lineNumber":19,"author":{"gitId":"bryanyeo3125"},"content":"    private static int taskCount \u003d 0;","lastModifiedDate":"2026-02-02T14:11:36","isFullCredit":false},{"lineNumber":20,"author":{"gitId":"bryanyeo3125"},"content":"","lastModifiedDate":"2026-02-02T14:11:36","isFullCredit":false},{"lineNumber":21,"author":{"gitId":"bryanyeo3125"},"content":"    public static void main(String[] args) {","lastModifiedDate":"2026-02-02T14:11:36","isFullCredit":false},{"lineNumber":22,"author":{"gitId":"bryanyeo3125"},"content":"        Scanner scanner \u003d new Scanner(System.in);","lastModifiedDate":"2026-02-02T14:11:36","isFullCredit":false},{"lineNumber":23,"author":{"gitId":"bryanyeo3125"},"content":"","lastModifiedDate":"2026-02-02T14:11:36","isFullCredit":false},{"lineNumber":24,"author":{"gitId":"bryanyeo3125"},"content":"        printGreeting();","lastModifiedDate":"2026-02-02T14:11:36","isFullCredit":false},{"lineNumber":25,"author":{"gitId":"bryanyeo3125"},"content":"","lastModifiedDate":"2026-02-02T14:11:36","isFullCredit":false},{"lineNumber":26,"author":{"gitId":"bryanyeo3125"},"content":"        while (true) {","lastModifiedDate":"2026-02-02T14:11:36","isFullCredit":false},{"lineNumber":27,"author":{"gitId":"bryanyeo3125"},"content":"            String input \u003d scanner.nextLine().trim();","lastModifiedDate":"2026-02-13T13:37:52","isFullCredit":false},{"lineNumber":28,"author":{"gitId":"bryanyeo3125"},"content":"","lastModifiedDate":"2026-02-02T14:11:36","isFullCredit":false},{"lineNumber":29,"author":{"gitId":"bryanyeo3125"},"content":"            if (isBye(input)) {","lastModifiedDate":"2026-02-02T14:11:36","isFullCredit":false},{"lineNumber":30,"author":{"gitId":"bryanyeo3125"},"content":"                printGoodbye();","lastModifiedDate":"2026-02-02T14:11:36","isFullCredit":false},{"lineNumber":31,"author":{"gitId":"bryanyeo3125"},"content":"                break;","lastModifiedDate":"2026-02-02T14:11:36","isFullCredit":false},{"lineNumber":32,"author":{"gitId":"bryanyeo3125"},"content":"            }","lastModifiedDate":"2026-02-02T14:11:36","isFullCredit":false},{"lineNumber":33,"author":{"gitId":"bryanyeo3125"},"content":"","lastModifiedDate":"2026-02-02T14:11:36","isFullCredit":false},{"lineNumber":34,"author":{"gitId":"bryanyeo3125"},"content":"            try {","lastModifiedDate":"2026-02-13T13:37:52","isFullCredit":false},{"lineNumber":35,"author":{"gitId":"bryanyeo3125"},"content":"                handleCommand(input);","lastModifiedDate":"2026-02-02T14:11:36","isFullCredit":false},{"lineNumber":36,"author":{"gitId":"bryanyeo3125"},"content":"            } catch (ChatbotException e) {","lastModifiedDate":"2026-02-13T13:37:52","isFullCredit":false},{"lineNumber":37,"author":{"gitId":"bryanyeo3125"},"content":"                printError(e.getMessage());","lastModifiedDate":"2026-02-13T13:37:52","isFullCredit":false},{"lineNumber":38,"author":{"gitId":"bryanyeo3125"},"content":"            }","lastModifiedDate":"2026-02-13T13:37:52","isFullCredit":false},{"lineNumber":39,"author":{"gitId":"bryanyeo3125"},"content":"        }","lastModifiedDate":"2026-02-02T14:11:36","isFullCredit":false},{"lineNumber":40,"author":{"gitId":"bryanyeo3125"},"content":"","lastModifiedDate":"2026-02-02T14:11:36","isFullCredit":false},{"lineNumber":41,"author":{"gitId":"bryanyeo3125"},"content":"        scanner.close();","lastModifiedDate":"2026-02-02T14:11:36","isFullCredit":false},{"lineNumber":42,"author":{"gitId":"bryanyeo3125"},"content":"    }","lastModifiedDate":"2026-02-02T14:11:36","isFullCredit":false},{"lineNumber":43,"author":{"gitId":"bryanyeo3125"},"content":"","lastModifiedDate":"2026-02-02T14:11:36","isFullCredit":false},{"lineNumber":44,"author":{"gitId":"bryanyeo3125"},"content":"    private static void handleCommand(String input) throws ChatbotException {","lastModifiedDate":"2026-02-13T13:37:52","isFullCredit":false},{"lineNumber":45,"author":{"gitId":"bryanyeo3125"},"content":"        if (isList(input)) {","lastModifiedDate":"2026-02-02T14:11:36","isFullCredit":false},{"lineNumber":46,"author":{"gitId":"bryanyeo3125"},"content":"            printList();","lastModifiedDate":"2026-02-02T14:11:36","isFullCredit":false},{"lineNumber":47,"author":{"gitId":"bryanyeo3125"},"content":"            return;","lastModifiedDate":"2026-02-02T14:11:36","isFullCredit":false},{"lineNumber":48,"author":{"gitId":"bryanyeo3125"},"content":"        }","lastModifiedDate":"2026-02-02T14:11:36","isFullCredit":false},{"lineNumber":49,"author":{"gitId":"bryanyeo3125"},"content":"","lastModifiedDate":"2026-02-02T14:11:36","isFullCredit":false},{"lineNumber":50,"author":{"gitId":"bryanyeo3125"},"content":"        if (isMarkCommand(input)) {","lastModifiedDate":"2026-02-02T14:11:36","isFullCredit":false},{"lineNumber":51,"author":{"gitId":"bryanyeo3125"},"content":"            int index \u003d parseIndex(input);","lastModifiedDate":"2026-02-02T14:11:36","isFullCredit":false},{"lineNumber":52,"author":{"gitId":"bryanyeo3125"},"content":"            markTask(index);","lastModifiedDate":"2026-02-02T14:11:36","isFullCredit":false},{"lineNumber":53,"author":{"gitId":"bryanyeo3125"},"content":"            return;","lastModifiedDate":"2026-02-02T14:11:36","isFullCredit":false},{"lineNumber":54,"author":{"gitId":"bryanyeo3125"},"content":"        }","lastModifiedDate":"2026-02-02T14:11:36","isFullCredit":false},{"lineNumber":55,"author":{"gitId":"bryanyeo3125"},"content":"","lastModifiedDate":"2026-02-02T14:11:36","isFullCredit":false},{"lineNumber":56,"author":{"gitId":"bryanyeo3125"},"content":"        if (isUnmarkCommand(input)) {","lastModifiedDate":"2026-02-02T14:11:36","isFullCredit":false},{"lineNumber":57,"author":{"gitId":"bryanyeo3125"},"content":"            int index \u003d parseIndex(input);","lastModifiedDate":"2026-02-02T14:11:36","isFullCredit":false},{"lineNumber":58,"author":{"gitId":"bryanyeo3125"},"content":"            unmarkTask(index);","lastModifiedDate":"2026-02-02T14:11:36","isFullCredit":false},{"lineNumber":59,"author":{"gitId":"bryanyeo3125"},"content":"            return;","lastModifiedDate":"2026-02-02T14:11:36","isFullCredit":false},{"lineNumber":60,"author":{"gitId":"bryanyeo3125"},"content":"        }","lastModifiedDate":"2026-02-02T14:11:36","isFullCredit":false},{"lineNumber":61,"author":{"gitId":"bryanyeo3125"},"content":"","lastModifiedDate":"2026-02-02T14:11:36","isFullCredit":false},{"lineNumber":62,"author":{"gitId":"bryanyeo3125"},"content":"        if (isTodoCommand(input)) {","lastModifiedDate":"2026-02-06T14:18:17","isFullCredit":false},{"lineNumber":63,"author":{"gitId":"bryanyeo3125"},"content":"            addTodo(input);","lastModifiedDate":"2026-02-06T14:18:17","isFullCredit":false},{"lineNumber":64,"author":{"gitId":"bryanyeo3125"},"content":"            return;","lastModifiedDate":"2026-02-06T14:18:17","isFullCredit":false},{"lineNumber":65,"author":{"gitId":"bryanyeo3125"},"content":"        }","lastModifiedDate":"2026-02-06T14:18:17","isFullCredit":false},{"lineNumber":66,"author":{"gitId":"bryanyeo3125"},"content":"","lastModifiedDate":"2026-02-06T14:18:17","isFullCredit":false},{"lineNumber":67,"author":{"gitId":"bryanyeo3125"},"content":"        if (isDeadlineCommand(input)) {","lastModifiedDate":"2026-02-06T14:18:17","isFullCredit":false},{"lineNumber":68,"author":{"gitId":"bryanyeo3125"},"content":"            addDeadline(input);","lastModifiedDate":"2026-02-06T14:18:17","isFullCredit":false},{"lineNumber":69,"author":{"gitId":"bryanyeo3125"},"content":"            return;","lastModifiedDate":"2026-02-06T14:18:17","isFullCredit":false},{"lineNumber":70,"author":{"gitId":"bryanyeo3125"},"content":"        }","lastModifiedDate":"2026-02-06T14:18:17","isFullCredit":false},{"lineNumber":71,"author":{"gitId":"bryanyeo3125"},"content":"","lastModifiedDate":"2026-02-06T14:18:17","isFullCredit":false},{"lineNumber":72,"author":{"gitId":"bryanyeo3125"},"content":"        if (isEventCommand(input)) {","lastModifiedDate":"2026-02-06T14:18:17","isFullCredit":false},{"lineNumber":73,"author":{"gitId":"bryanyeo3125"},"content":"            addEvent(input);","lastModifiedDate":"2026-02-06T14:18:17","isFullCredit":false},{"lineNumber":74,"author":{"gitId":"bryanyeo3125"},"content":"            return;","lastModifiedDate":"2026-02-06T14:18:17","isFullCredit":false},{"lineNumber":75,"author":{"gitId":"bryanyeo3125"},"content":"        }","lastModifiedDate":"2026-02-06T14:18:17","isFullCredit":false},{"lineNumber":76,"author":{"gitId":"bryanyeo3125"},"content":"","lastModifiedDate":"2026-02-06T14:18:17","isFullCredit":false},{"lineNumber":77,"author":{"gitId":"bryanyeo3125"},"content":"        throw new ChatbotException(\"I don\u0027t understand that command yet.\");","lastModifiedDate":"2026-02-13T13:37:52","isFullCredit":false},{"lineNumber":78,"author":{"gitId":"bryanyeo3125"},"content":"    }","lastModifiedDate":"2026-02-02T14:11:36","isFullCredit":false},{"lineNumber":79,"author":{"gitId":"bryanyeo3125"},"content":"","lastModifiedDate":"2026-02-02T14:11:36","isFullCredit":false},{"lineNumber":80,"author":{"gitId":"bryanyeo3125"},"content":"    private static void printGreeting() {","lastModifiedDate":"2026-02-02T14:11:36","isFullCredit":false},{"lineNumber":81,"author":{"gitId":"bryanyeo3125"},"content":"        System.out.println(LINE);","lastModifiedDate":"2026-02-02T14:11:36","isFullCredit":false},{"lineNumber":82,"author":{"gitId":"bryanyeo3125"},"content":"        System.out.println(\"Hello! I am bryan_chatbot.\");","lastModifiedDate":"2026-02-02T14:11:36","isFullCredit":false},{"lineNumber":83,"author":{"gitId":"bryanyeo3125"},"content":"        System.out.println(\"What can I do for you?\");","lastModifiedDate":"2026-02-02T14:11:36","isFullCredit":false},{"lineNumber":84,"author":{"gitId":"bryanyeo3125"},"content":"        System.out.println(LINE);","lastModifiedDate":"2026-02-02T14:11:36","isFullCredit":false},{"lineNumber":85,"author":{"gitId":"bryanyeo3125"},"content":"    }","lastModifiedDate":"2026-02-02T14:11:36","isFullCredit":false},{"lineNumber":86,"author":{"gitId":"bryanyeo3125"},"content":"","lastModifiedDate":"2026-02-02T14:11:36","isFullCredit":false},{"lineNumber":87,"author":{"gitId":"bryanyeo3125"},"content":"    private static void printGoodbye() {","lastModifiedDate":"2026-02-02T14:11:36","isFullCredit":false},{"lineNumber":88,"author":{"gitId":"bryanyeo3125"},"content":"        System.out.println(LINE);","lastModifiedDate":"2026-02-02T14:11:36","isFullCredit":false},{"lineNumber":89,"author":{"gitId":"bryanyeo3125"},"content":"        System.out.println(\"Bye. Hope to see you again soon!\");","lastModifiedDate":"2026-02-02T14:11:36","isFullCredit":false},{"lineNumber":90,"author":{"gitId":"bryanyeo3125"},"content":"        System.out.println(LINE);","lastModifiedDate":"2026-02-02T14:11:36","isFullCredit":false},{"lineNumber":91,"author":{"gitId":"bryanyeo3125"},"content":"    }","lastModifiedDate":"2026-02-02T14:11:36","isFullCredit":false},{"lineNumber":92,"author":{"gitId":"bryanyeo3125"},"content":"","lastModifiedDate":"2026-02-02T14:11:36","isFullCredit":false},{"lineNumber":93,"author":{"gitId":"bryanyeo3125"},"content":"    private static void printError(String message) {","lastModifiedDate":"2026-02-13T13:37:52","isFullCredit":false},{"lineNumber":94,"author":{"gitId":"bryanyeo3125"},"content":"        System.out.println(LINE);","lastModifiedDate":"2026-02-13T13:37:52","isFullCredit":false},{"lineNumber":95,"author":{"gitId":"bryanyeo3125"},"content":"        System.out.println(message);","lastModifiedDate":"2026-02-13T13:37:52","isFullCredit":false},{"lineNumber":96,"author":{"gitId":"bryanyeo3125"},"content":"        System.out.println(LINE);","lastModifiedDate":"2026-02-13T13:37:52","isFullCredit":false},{"lineNumber":97,"author":{"gitId":"bryanyeo3125"},"content":"    }","lastModifiedDate":"2026-02-13T13:37:52","isFullCredit":false},{"lineNumber":98,"author":{"gitId":"bryanyeo3125"},"content":"","lastModifiedDate":"2026-02-13T13:37:52","isFullCredit":false},{"lineNumber":99,"author":{"gitId":"bryanyeo3125"},"content":"    private static boolean isBye(String input) {","lastModifiedDate":"2026-02-02T14:11:36","isFullCredit":false},{"lineNumber":100,"author":{"gitId":"bryanyeo3125"},"content":"        return input.equals(COMMAND_BYE);","lastModifiedDate":"2026-02-02T14:11:36","isFullCredit":false},{"lineNumber":101,"author":{"gitId":"bryanyeo3125"},"content":"    }","lastModifiedDate":"2026-02-02T14:11:36","isFullCredit":false},{"lineNumber":102,"author":{"gitId":"bryanyeo3125"},"content":"","lastModifiedDate":"2026-02-02T14:11:36","isFullCredit":false},{"lineNumber":103,"author":{"gitId":"bryanyeo3125"},"content":"    private static boolean isList(String input) {","lastModifiedDate":"2026-02-02T14:11:36","isFullCredit":false},{"lineNumber":104,"author":{"gitId":"bryanyeo3125"},"content":"        return input.equals(COMMAND_LIST);","lastModifiedDate":"2026-02-02T14:11:36","isFullCredit":false},{"lineNumber":105,"author":{"gitId":"bryanyeo3125"},"content":"    }","lastModifiedDate":"2026-02-02T14:11:36","isFullCredit":false},{"lineNumber":106,"author":{"gitId":"bryanyeo3125"},"content":"","lastModifiedDate":"2026-02-02T14:11:36","isFullCredit":false},{"lineNumber":107,"author":{"gitId":"bryanyeo3125"},"content":"    private static boolean isMarkCommand(String input) {","lastModifiedDate":"2026-02-02T14:11:36","isFullCredit":false},{"lineNumber":108,"author":{"gitId":"bryanyeo3125"},"content":"        return input.startsWith(COMMAND_MARK);","lastModifiedDate":"2026-02-13T13:37:52","isFullCredit":false},{"lineNumber":109,"author":{"gitId":"bryanyeo3125"},"content":"    }","lastModifiedDate":"2026-02-02T14:11:36","isFullCredit":false},{"lineNumber":110,"author":{"gitId":"bryanyeo3125"},"content":"","lastModifiedDate":"2026-02-02T14:11:36","isFullCredit":false},{"lineNumber":111,"author":{"gitId":"bryanyeo3125"},"content":"    private static boolean isUnmarkCommand(String input) {","lastModifiedDate":"2026-02-02T14:11:36","isFullCredit":false},{"lineNumber":112,"author":{"gitId":"bryanyeo3125"},"content":"        return input.startsWith(COMMAND_UNMARK);","lastModifiedDate":"2026-02-13T13:37:52","isFullCredit":false},{"lineNumber":113,"author":{"gitId":"bryanyeo3125"},"content":"    }","lastModifiedDate":"2026-02-02T14:11:36","isFullCredit":false},{"lineNumber":114,"author":{"gitId":"bryanyeo3125"},"content":"","lastModifiedDate":"2026-02-02T14:11:36","isFullCredit":false},{"lineNumber":115,"author":{"gitId":"bryanyeo3125"},"content":"    private static boolean isTodoCommand(String input) {","lastModifiedDate":"2026-02-06T14:18:17","isFullCredit":false},{"lineNumber":116,"author":{"gitId":"bryanyeo3125"},"content":"        return input.startsWith(COMMAND_TODO);","lastModifiedDate":"2026-02-13T13:37:52","isFullCredit":false},{"lineNumber":117,"author":{"gitId":"bryanyeo3125"},"content":"    }","lastModifiedDate":"2026-02-06T14:18:17","isFullCredit":false},{"lineNumber":118,"author":{"gitId":"bryanyeo3125"},"content":"","lastModifiedDate":"2026-02-06T14:18:17","isFullCredit":false},{"lineNumber":119,"author":{"gitId":"bryanyeo3125"},"content":"    private static boolean isDeadlineCommand(String input) {","lastModifiedDate":"2026-02-06T14:18:17","isFullCredit":false},{"lineNumber":120,"author":{"gitId":"bryanyeo3125"},"content":"        return input.startsWith(COMMAND_DEADLINE);","lastModifiedDate":"2026-02-13T13:37:52","isFullCredit":false},{"lineNumber":121,"author":{"gitId":"bryanyeo3125"},"content":"    }","lastModifiedDate":"2026-02-06T14:18:17","isFullCredit":false},{"lineNumber":122,"author":{"gitId":"bryanyeo3125"},"content":"","lastModifiedDate":"2026-02-06T14:18:17","isFullCredit":false},{"lineNumber":123,"author":{"gitId":"bryanyeo3125"},"content":"    private static boolean isEventCommand(String input) {","lastModifiedDate":"2026-02-06T14:18:17","isFullCredit":false},{"lineNumber":124,"author":{"gitId":"bryanyeo3125"},"content":"        return input.startsWith(COMMAND_EVENT);","lastModifiedDate":"2026-02-13T13:37:52","isFullCredit":false},{"lineNumber":125,"author":{"gitId":"bryanyeo3125"},"content":"    }","lastModifiedDate":"2026-02-06T14:18:17","isFullCredit":false},{"lineNumber":126,"author":{"gitId":"bryanyeo3125"},"content":"","lastModifiedDate":"2026-02-06T14:18:17","isFullCredit":false},{"lineNumber":127,"author":{"gitId":"bryanyeo3125"},"content":"    private static void addTodo(String input) throws ChatbotException {","lastModifiedDate":"2026-02-13T13:37:52","isFullCredit":false},{"lineNumber":128,"author":{"gitId":"bryanyeo3125"},"content":"        String description \u003d extractAfterKeyword(input, COMMAND_TODO);","lastModifiedDate":"2026-02-13T13:37:52","isFullCredit":false},{"lineNumber":129,"author":{"gitId":"bryanyeo3125"},"content":"        if (description.isEmpty()) {","lastModifiedDate":"2026-02-06T14:18:17","isFullCredit":false},{"lineNumber":130,"author":{"gitId":"bryanyeo3125"},"content":"            throw new ChatbotException(\"The description of a todo cannot be empty.\");","lastModifiedDate":"2026-02-13T13:37:52","isFullCredit":false},{"lineNumber":131,"author":{"gitId":"bryanyeo3125"},"content":"        }","lastModifiedDate":"2026-02-06T14:18:17","isFullCredit":false},{"lineNumber":132,"author":{"gitId":"bryanyeo3125"},"content":"","lastModifiedDate":"2026-02-06T14:18:17","isFullCredit":false},{"lineNumber":133,"author":{"gitId":"bryanyeo3125"},"content":"        addTask(new Todo(description));","lastModifiedDate":"2026-02-06T14:18:17","isFullCredit":false},{"lineNumber":134,"author":{"gitId":"bryanyeo3125"},"content":"    }","lastModifiedDate":"2026-02-06T14:18:17","isFullCredit":false},{"lineNumber":135,"author":{"gitId":"bryanyeo3125"},"content":"","lastModifiedDate":"2026-02-06T14:18:17","isFullCredit":false},{"lineNumber":136,"author":{"gitId":"bryanyeo3125"},"content":"    private static void addDeadline(String input) throws ChatbotException {","lastModifiedDate":"2026-02-13T13:37:52","isFullCredit":false},{"lineNumber":137,"author":{"gitId":"bryanyeo3125"},"content":"        String remainder \u003d extractAfterKeyword(input, COMMAND_DEADLINE);","lastModifiedDate":"2026-02-13T13:37:52","isFullCredit":false},{"lineNumber":138,"author":{"gitId":"bryanyeo3125"},"content":"        String[] parts \u003d remainder.split(\" /by \", 2);","lastModifiedDate":"2026-02-06T14:18:17","isFullCredit":false},{"lineNumber":139,"author":{"gitId":"bryanyeo3125"},"content":"","lastModifiedDate":"2026-02-06T14:18:17","isFullCredit":false},{"lineNumber":140,"author":{"gitId":"bryanyeo3125"},"content":"        if (parts.length \u003c 2) {","lastModifiedDate":"2026-02-06T14:18:17","isFullCredit":false},{"lineNumber":141,"author":{"gitId":"bryanyeo3125"},"content":"            throw new ChatbotException(\"Usage: deadline \u003cdescription\u003e /by \u003cwhen\u003e\");","lastModifiedDate":"2026-02-13T13:37:52","isFullCredit":false},{"lineNumber":142,"author":{"gitId":"bryanyeo3125"},"content":"        }","lastModifiedDate":"2026-02-06T14:18:17","isFullCredit":false},{"lineNumber":143,"author":{"gitId":"bryanyeo3125"},"content":"","lastModifiedDate":"2026-02-06T14:18:17","isFullCredit":false},{"lineNumber":144,"author":{"gitId":"bryanyeo3125"},"content":"        String description \u003d parts[0].trim();","lastModifiedDate":"2026-02-06T14:18:17","isFullCredit":false},{"lineNumber":145,"author":{"gitId":"bryanyeo3125"},"content":"        String by \u003d parts[1].trim();","lastModifiedDate":"2026-02-06T14:18:17","isFullCredit":false},{"lineNumber":146,"author":{"gitId":"bryanyeo3125"},"content":"","lastModifiedDate":"2026-02-06T14:18:17","isFullCredit":false},{"lineNumber":147,"author":{"gitId":"bryanyeo3125"},"content":"        if (description.isEmpty() || by.isEmpty()) {","lastModifiedDate":"2026-02-06T14:18:17","isFullCredit":false},{"lineNumber":148,"author":{"gitId":"bryanyeo3125"},"content":"            throw new ChatbotException(\"Usage: deadline \u003cdescription\u003e /by \u003cwhen\u003e\");","lastModifiedDate":"2026-02-13T13:37:52","isFullCredit":false},{"lineNumber":149,"author":{"gitId":"bryanyeo3125"},"content":"        }","lastModifiedDate":"2026-02-06T14:18:17","isFullCredit":false},{"lineNumber":150,"author":{"gitId":"bryanyeo3125"},"content":"","lastModifiedDate":"2026-02-06T14:18:17","isFullCredit":false},{"lineNumber":151,"author":{"gitId":"bryanyeo3125"},"content":"        addTask(new Deadline(description, by));","lastModifiedDate":"2026-02-06T14:18:17","isFullCredit":false},{"lineNumber":152,"author":{"gitId":"bryanyeo3125"},"content":"    }","lastModifiedDate":"2026-02-06T14:18:17","isFullCredit":false},{"lineNumber":153,"author":{"gitId":"bryanyeo3125"},"content":"","lastModifiedDate":"2026-02-06T14:18:17","isFullCredit":false},{"lineNumber":154,"author":{"gitId":"bryanyeo3125"},"content":"    private static void addEvent(String input) throws ChatbotException {","lastModifiedDate":"2026-02-13T13:37:52","isFullCredit":false},{"lineNumber":155,"author":{"gitId":"bryanyeo3125"},"content":"        String remainder \u003d extractAfterKeyword(input, COMMAND_EVENT);","lastModifiedDate":"2026-02-13T13:37:52","isFullCredit":false},{"lineNumber":156,"author":{"gitId":"bryanyeo3125"},"content":"","lastModifiedDate":"2026-02-06T14:18:17","isFullCredit":false},{"lineNumber":157,"author":{"gitId":"bryanyeo3125"},"content":"        String[] fromSplit \u003d remainder.split(\" /from \", 2);","lastModifiedDate":"2026-02-06T14:18:17","isFullCredit":false},{"lineNumber":158,"author":{"gitId":"bryanyeo3125"},"content":"        if (fromSplit.length \u003c 2) {","lastModifiedDate":"2026-02-06T14:18:17","isFullCredit":false},{"lineNumber":159,"author":{"gitId":"bryanyeo3125"},"content":"            throw new ChatbotException(\"Usage: event \u003cdescription\u003e /from \u003cstart\u003e /to \u003cend\u003e\");","lastModifiedDate":"2026-02-13T13:37:52","isFullCredit":false},{"lineNumber":160,"author":{"gitId":"bryanyeo3125"},"content":"        }","lastModifiedDate":"2026-02-06T14:18:17","isFullCredit":false},{"lineNumber":161,"author":{"gitId":"bryanyeo3125"},"content":"","lastModifiedDate":"2026-02-06T14:18:17","isFullCredit":false},{"lineNumber":162,"author":{"gitId":"bryanyeo3125"},"content":"        String description \u003d fromSplit[0].trim();","lastModifiedDate":"2026-02-06T14:18:17","isFullCredit":false},{"lineNumber":163,"author":{"gitId":"bryanyeo3125"},"content":"        String[] toSplit \u003d fromSplit[1].split(\" /to \", 2);","lastModifiedDate":"2026-02-06T14:18:17","isFullCredit":false},{"lineNumber":164,"author":{"gitId":"bryanyeo3125"},"content":"","lastModifiedDate":"2026-02-06T14:18:17","isFullCredit":false},{"lineNumber":165,"author":{"gitId":"bryanyeo3125"},"content":"        if (toSplit.length \u003c 2) {","lastModifiedDate":"2026-02-06T14:18:17","isFullCredit":false},{"lineNumber":166,"author":{"gitId":"bryanyeo3125"},"content":"            throw new ChatbotException(\"Usage: event \u003cdescription\u003e /from \u003cstart\u003e /to \u003cend\u003e\");","lastModifiedDate":"2026-02-13T13:37:52","isFullCredit":false},{"lineNumber":167,"author":{"gitId":"bryanyeo3125"},"content":"        }","lastModifiedDate":"2026-02-06T14:18:17","isFullCredit":false},{"lineNumber":168,"author":{"gitId":"bryanyeo3125"},"content":"","lastModifiedDate":"2026-02-06T14:18:17","isFullCredit":false},{"lineNumber":169,"author":{"gitId":"bryanyeo3125"},"content":"        String from \u003d toSplit[0].trim();","lastModifiedDate":"2026-02-06T14:18:17","isFullCredit":false},{"lineNumber":170,"author":{"gitId":"bryanyeo3125"},"content":"        String to \u003d toSplit[1].trim();","lastModifiedDate":"2026-02-06T14:18:17","isFullCredit":false},{"lineNumber":171,"author":{"gitId":"bryanyeo3125"},"content":"","lastModifiedDate":"2026-02-06T14:18:17","isFullCredit":false},{"lineNumber":172,"author":{"gitId":"bryanyeo3125"},"content":"        if (description.isEmpty() || from.isEmpty() || to.isEmpty()) {","lastModifiedDate":"2026-02-06T14:18:17","isFullCredit":false},{"lineNumber":173,"author":{"gitId":"bryanyeo3125"},"content":"            throw new ChatbotException(\"Usage: event \u003cdescription\u003e /from \u003cstart\u003e /to \u003cend\u003e\");","lastModifiedDate":"2026-02-13T13:37:52","isFullCredit":false},{"lineNumber":174,"author":{"gitId":"bryanyeo3125"},"content":"        }","lastModifiedDate":"2026-02-06T14:18:17","isFullCredit":false},{"lineNumber":175,"author":{"gitId":"bryanyeo3125"},"content":"","lastModifiedDate":"2026-02-06T14:18:17","isFullCredit":false},{"lineNumber":176,"author":{"gitId":"bryanyeo3125"},"content":"        addTask(new Event(description, from, to));","lastModifiedDate":"2026-02-06T14:18:17","isFullCredit":false},{"lineNumber":177,"author":{"gitId":"bryanyeo3125"},"content":"    }","lastModifiedDate":"2026-02-06T14:18:17","isFullCredit":false},{"lineNumber":178,"author":{"gitId":"bryanyeo3125"},"content":"","lastModifiedDate":"2026-02-06T14:18:17","isFullCredit":false},{"lineNumber":179,"author":{"gitId":"bryanyeo3125"},"content":"    private static void addTask(Task task) throws ChatbotException {","lastModifiedDate":"2026-02-13T13:37:52","isFullCredit":false},{"lineNumber":180,"author":{"gitId":"bryanyeo3125"},"content":"        if (taskCount \u003e\u003d MAX_TASKS) {","lastModifiedDate":"2026-02-02T14:11:36","isFullCredit":false},{"lineNumber":181,"author":{"gitId":"bryanyeo3125"},"content":"            throw new ChatbotException(\"duke.Task limit reached. Cannot add more tasks.\");","lastModifiedDate":"2026-02-13T13:43:46","isFullCredit":false},{"lineNumber":182,"author":{"gitId":"bryanyeo3125"},"content":"        }","lastModifiedDate":"2026-02-02T14:11:36","isFullCredit":false},{"lineNumber":183,"author":{"gitId":"bryanyeo3125"},"content":"","lastModifiedDate":"2026-02-02T14:11:36","isFullCredit":false},{"lineNumber":184,"author":{"gitId":"bryanyeo3125"},"content":"        TASKS[taskCount] \u003d task;","lastModifiedDate":"2026-02-02T14:11:36","isFullCredit":false},{"lineNumber":185,"author":{"gitId":"bryanyeo3125"},"content":"        taskCount++;","lastModifiedDate":"2026-02-02T14:11:36","isFullCredit":false},{"lineNumber":186,"author":{"gitId":"bryanyeo3125"},"content":"","lastModifiedDate":"2026-02-02T14:11:36","isFullCredit":false},{"lineNumber":187,"author":{"gitId":"bryanyeo3125"},"content":"        System.out.println(LINE);","lastModifiedDate":"2026-02-02T14:11:36","isFullCredit":false},{"lineNumber":188,"author":{"gitId":"bryanyeo3125"},"content":"        System.out.println(\"Got it. I\u0027ve added this task:\");","lastModifiedDate":"2026-02-06T14:18:17","isFullCredit":false},{"lineNumber":189,"author":{"gitId":"bryanyeo3125"},"content":"        System.out.println(\"  \" + task);","lastModifiedDate":"2026-02-06T14:18:17","isFullCredit":false},{"lineNumber":190,"author":{"gitId":"bryanyeo3125"},"content":"        System.out.println(\"Now you have \" + taskCount + \" tasks in the list.\");","lastModifiedDate":"2026-02-06T14:18:17","isFullCredit":false},{"lineNumber":191,"author":{"gitId":"bryanyeo3125"},"content":"        System.out.println(LINE);","lastModifiedDate":"2026-02-02T14:11:36","isFullCredit":false},{"lineNumber":192,"author":{"gitId":"bryanyeo3125"},"content":"    }","lastModifiedDate":"2026-02-02T14:11:36","isFullCredit":false},{"lineNumber":193,"author":{"gitId":"bryanyeo3125"},"content":"","lastModifiedDate":"2026-02-02T14:11:36","isFullCredit":false},{"lineNumber":194,"author":{"gitId":"bryanyeo3125"},"content":"    private static void printList() {","lastModifiedDate":"2026-02-02T14:11:36","isFullCredit":false},{"lineNumber":195,"author":{"gitId":"bryanyeo3125"},"content":"        System.out.println(LINE);","lastModifiedDate":"2026-02-02T14:11:36","isFullCredit":false},{"lineNumber":196,"author":{"gitId":"bryanyeo3125"},"content":"        System.out.println(\"Here are the tasks in your list:\");","lastModifiedDate":"2026-02-02T14:11:36","isFullCredit":false},{"lineNumber":197,"author":{"gitId":"bryanyeo3125"},"content":"","lastModifiedDate":"2026-02-02T14:11:36","isFullCredit":false},{"lineNumber":198,"author":{"gitId":"bryanyeo3125"},"content":"        for (int i \u003d 0; i \u003c taskCount; i++) {","lastModifiedDate":"2026-02-02T14:11:36","isFullCredit":false},{"lineNumber":199,"author":{"gitId":"bryanyeo3125"},"content":"            System.out.println((i + 1) + \".\" + TASKS[i]);","lastModifiedDate":"2026-02-06T14:18:17","isFullCredit":false},{"lineNumber":200,"author":{"gitId":"bryanyeo3125"},"content":"        }","lastModifiedDate":"2026-02-02T14:11:36","isFullCredit":false},{"lineNumber":201,"author":{"gitId":"bryanyeo3125"},"content":"","lastModifiedDate":"2026-02-02T14:11:36","isFullCredit":false},{"lineNumber":202,"author":{"gitId":"bryanyeo3125"},"content":"        System.out.println(LINE);","lastModifiedDate":"2026-02-02T14:11:36","isFullCredit":false},{"lineNumber":203,"author":{"gitId":"bryanyeo3125"},"content":"    }","lastModifiedDate":"2026-02-02T14:11:36","isFullCredit":false},{"lineNumber":204,"author":{"gitId":"bryanyeo3125"},"content":"","lastModifiedDate":"2026-02-02T14:11:36","isFullCredit":false},{"lineNumber":205,"author":{"gitId":"bryanyeo3125"},"content":"    private static void markTask(int index) {","lastModifiedDate":"2026-02-02T14:11:36","isFullCredit":false},{"lineNumber":206,"author":{"gitId":"bryanyeo3125"},"content":"        Task task \u003d TASKS[index];","lastModifiedDate":"2026-02-06T14:18:17","isFullCredit":false},{"lineNumber":207,"author":{"gitId":"bryanyeo3125"},"content":"        task.markDone();","lastModifiedDate":"2026-02-06T14:18:17","isFullCredit":false},{"lineNumber":208,"author":{"gitId":"bryanyeo3125"},"content":"","lastModifiedDate":"2026-02-02T14:11:36","isFullCredit":false},{"lineNumber":209,"author":{"gitId":"bryanyeo3125"},"content":"        System.out.println(LINE);","lastModifiedDate":"2026-02-02T14:11:36","isFullCredit":false},{"lineNumber":210,"author":{"gitId":"bryanyeo3125"},"content":"        System.out.println(\"Nice! I\u0027ve marked this task as done:\");","lastModifiedDate":"2026-02-02T14:11:36","isFullCredit":false},{"lineNumber":211,"author":{"gitId":"bryanyeo3125"},"content":"        System.out.println(\"  \" + task);","lastModifiedDate":"2026-02-06T14:18:17","isFullCredit":false},{"lineNumber":212,"author":{"gitId":"bryanyeo3125"},"content":"        System.out.println(LINE);","lastModifiedDate":"2026-02-02T14:11:36","isFullCredit":false},{"lineNumber":213,"author":{"gitId":"bryanyeo3125"},"content":"    }","lastModifiedDate":"2026-02-02T14:11:36","isFullCredit":false},{"lineNumber":214,"author":{"gitId":"bryanyeo3125"},"content":"","lastModifiedDate":"2026-02-02T14:11:36","isFullCredit":false},{"lineNumber":215,"author":{"gitId":"bryanyeo3125"},"content":"    private static void unmarkTask(int index) {","lastModifiedDate":"2026-02-02T14:11:36","isFullCredit":false},{"lineNumber":216,"author":{"gitId":"bryanyeo3125"},"content":"        Task task \u003d TASKS[index];","lastModifiedDate":"2026-02-06T14:18:17","isFullCredit":false},{"lineNumber":217,"author":{"gitId":"bryanyeo3125"},"content":"        task.markNotDone();","lastModifiedDate":"2026-02-06T14:18:17","isFullCredit":false},{"lineNumber":218,"author":{"gitId":"bryanyeo3125"},"content":"","lastModifiedDate":"2026-02-02T14:11:36","isFullCredit":false},{"lineNumber":219,"author":{"gitId":"bryanyeo3125"},"content":"        System.out.println(LINE);","lastModifiedDate":"2026-02-02T14:11:36","isFullCredit":false},{"lineNumber":220,"author":{"gitId":"bryanyeo3125"},"content":"        System.out.println(\"OK, I\u0027ve marked this task as not done yet:\");","lastModifiedDate":"2026-02-02T14:11:36","isFullCredit":false},{"lineNumber":221,"author":{"gitId":"bryanyeo3125"},"content":"        System.out.println(\"  \" + task);","lastModifiedDate":"2026-02-06T14:18:17","isFullCredit":false},{"lineNumber":222,"author":{"gitId":"bryanyeo3125"},"content":"        System.out.println(LINE);","lastModifiedDate":"2026-02-02T14:11:36","isFullCredit":false},{"lineNumber":223,"author":{"gitId":"bryanyeo3125"},"content":"    }","lastModifiedDate":"2026-02-02T14:11:36","isFullCredit":false},{"lineNumber":224,"author":{"gitId":"bryanyeo3125"},"content":"","lastModifiedDate":"2026-02-02T14:11:36","isFullCredit":false},{"lineNumber":225,"author":{"gitId":"bryanyeo3125"},"content":"    private static int parseIndex(String input) throws ChatbotException {","lastModifiedDate":"2026-02-13T13:37:52","isFullCredit":false},{"lineNumber":226,"author":{"gitId":"bryanyeo3125"},"content":"        String[] parts \u003d input.trim().split(\"\\\\s+\");","lastModifiedDate":"2026-02-13T13:37:52","isFullCredit":false},{"lineNumber":227,"author":{"gitId":"bryanyeo3125"},"content":"        if (parts.length \u003c 2) {","lastModifiedDate":"2026-02-13T13:37:52","isFullCredit":false},{"lineNumber":228,"author":{"gitId":"bryanyeo3125"},"content":"            throw new ChatbotException(\"Please specify a task number.\");","lastModifiedDate":"2026-02-13T13:37:52","isFullCredit":false},{"lineNumber":229,"author":{"gitId":"bryanyeo3125"},"content":"        }","lastModifiedDate":"2026-02-02T14:11:36","isFullCredit":false},{"lineNumber":230,"author":{"gitId":"bryanyeo3125"},"content":"","lastModifiedDate":"2026-02-02T14:11:36","isFullCredit":false},{"lineNumber":231,"author":{"gitId":"bryanyeo3125"},"content":"        int oneBasedIndex;","lastModifiedDate":"2026-02-13T13:37:52","isFullCredit":false},{"lineNumber":232,"author":{"gitId":"bryanyeo3125"},"content":"        try {","lastModifiedDate":"2026-02-13T13:37:52","isFullCredit":false},{"lineNumber":233,"author":{"gitId":"bryanyeo3125"},"content":"            oneBasedIndex \u003d Integer.parseInt(parts[1]);","lastModifiedDate":"2026-02-13T13:37:52","isFullCredit":false},{"lineNumber":234,"author":{"gitId":"bryanyeo3125"},"content":"        } catch (NumberFormatException e) {","lastModifiedDate":"2026-02-13T13:37:52","isFullCredit":false},{"lineNumber":235,"author":{"gitId":"bryanyeo3125"},"content":"            throw new ChatbotException(\"Please enter a valid task number.\");","lastModifiedDate":"2026-02-13T13:37:52","isFullCredit":false},{"lineNumber":236,"author":{"gitId":"bryanyeo3125"},"content":"        }","lastModifiedDate":"2026-02-02T14:11:36","isFullCredit":false},{"lineNumber":237,"author":{"gitId":"bryanyeo3125"},"content":"","lastModifiedDate":"2026-02-02T14:11:36","isFullCredit":false},{"lineNumber":238,"author":{"gitId":"bryanyeo3125"},"content":"        int index \u003d oneBasedIndex - 1;","lastModifiedDate":"2026-02-13T13:37:52","isFullCredit":false},{"lineNumber":239,"author":{"gitId":"bryanyeo3125"},"content":"        if (!isValidIndex(index)) {","lastModifiedDate":"2026-02-13T13:37:52","isFullCredit":false},{"lineNumber":240,"author":{"gitId":"bryanyeo3125"},"content":"            throw new ChatbotException(\"That task number is out of range.\");","lastModifiedDate":"2026-02-13T13:37:52","isFullCredit":false},{"lineNumber":241,"author":{"gitId":"bryanyeo3125"},"content":"        }","lastModifiedDate":"2026-02-02T14:11:36","isFullCredit":false},{"lineNumber":242,"author":{"gitId":"bryanyeo3125"},"content":"        return index;","lastModifiedDate":"2026-02-13T13:37:52","isFullCredit":false},{"lineNumber":243,"author":{"gitId":"bryanyeo3125"},"content":"    }","lastModifiedDate":"2026-02-02T14:11:36","isFullCredit":false},{"lineNumber":244,"author":{"gitId":"bryanyeo3125"},"content":"","lastModifiedDate":"2026-02-06T14:18:17","isFullCredit":false},{"lineNumber":245,"author":{"gitId":"bryanyeo3125"},"content":"    private static boolean isValidIndex(int index) {","lastModifiedDate":"2026-02-13T13:37:52","isFullCredit":false},{"lineNumber":246,"author":{"gitId":"bryanyeo3125"},"content":"        return index \u003e\u003d 0 \u0026\u0026 index \u003c taskCount;","lastModifiedDate":"2026-02-13T13:37:52","isFullCredit":false},{"lineNumber":247,"author":{"gitId":"bryanyeo3125"},"content":"    }","lastModifiedDate":"2026-02-06T14:18:17","isFullCredit":false},{"lineNumber":248,"author":{"gitId":"bryanyeo3125"},"content":"","lastModifiedDate":"2026-02-06T14:18:17","isFullCredit":false},{"lineNumber":249,"author":{"gitId":"bryanyeo3125"},"content":"    private static String extractAfterKeyword(String input, String keyword) {","lastModifiedDate":"2026-02-13T13:37:52","isFullCredit":false},{"lineNumber":250,"author":{"gitId":"bryanyeo3125"},"content":"        if (input.equals(keyword)) {","lastModifiedDate":"2026-02-13T13:37:52","isFullCredit":false},{"lineNumber":251,"author":{"gitId":"bryanyeo3125"},"content":"            return \"\";","lastModifiedDate":"2026-02-13T13:37:52","isFullCredit":false},{"lineNumber":252,"author":{"gitId":"bryanyeo3125"},"content":"        }","lastModifiedDate":"2026-02-13T13:37:52","isFullCredit":false},{"lineNumber":253,"author":{"gitId":"bryanyeo3125"},"content":"        String prefix \u003d keyword + \" \";","lastModifiedDate":"2026-02-13T13:37:52","isFullCredit":false},{"lineNumber":254,"author":{"gitId":"bryanyeo3125"},"content":"        if (input.startsWith(prefix)) {","lastModifiedDate":"2026-02-13T13:37:52","isFullCredit":false},{"lineNumber":255,"author":{"gitId":"bryanyeo3125"},"content":"            return input.substring(prefix.length()).trim();","lastModifiedDate":"2026-02-13T13:37:52","isFullCredit":false},{"lineNumber":256,"author":{"gitId":"bryanyeo3125"},"content":"        }","lastModifiedDate":"2026-02-13T13:37:52","isFullCredit":false},{"lineNumber":257,"author":{"gitId":"bryanyeo3125"},"content":"        return \"\";","lastModifiedDate":"2026-02-13T13:37:52","isFullCredit":false},{"lineNumber":258,"author":{"gitId":"bryanyeo3125"},"content":"    }","lastModifiedDate":"2026-02-06T14:18:17","isFullCredit":false},{"lineNumber":259,"author":{"gitId":"bryanyeo3125"},"content":"}","lastModifiedDate":"2026-02-06T14:18:17","isFullCredit":false},{"lineNumber":260,"author":{"gitId":"bryanyeo3125"},"content":"","lastModifiedDate":"2026-02-06T14:18:17","isFullCredit":false},{"lineNumber":261,"author":{"gitId":"bryanyeo3125"},"content":"/* ---------- A-Exceptions ---------- */","lastModifiedDate":"2026-02-13T13:37:52","isFullCredit":false},{"lineNumber":262,"author":{"gitId":"bryanyeo3125"},"content":"","lastModifiedDate":"2026-02-13T13:37:52","isFullCredit":false},{"lineNumber":263,"author":{"gitId":"bryanyeo3125"},"content":"class ChatbotException extends Exception {","lastModifiedDate":"2026-02-13T13:37:52","isFullCredit":false},{"lineNumber":264,"author":{"gitId":"bryanyeo3125"},"content":"    public ChatbotException(String message) {","lastModifiedDate":"2026-02-13T13:37:52","isFullCredit":false},{"lineNumber":265,"author":{"gitId":"bryanyeo3125"},"content":"        super(message);","lastModifiedDate":"2026-02-13T13:37:52","isFullCredit":false},{"lineNumber":266,"author":{"gitId":"bryanyeo3125"},"content":"    }","lastModifiedDate":"2026-02-06T14:18:17","isFullCredit":false},{"lineNumber":267,"author":{"gitId":"bryanyeo3125"},"content":"}","lastModifiedDate":"2026-02-06T14:18:17","isFullCredit":false},{"lineNumber":268,"author":{"gitId":"bryanyeo3125"},"content":"","lastModifiedDate":"2026-02-06T14:18:17","isFullCredit":false},{"lineNumber":269,"author":{"gitId":"bryanyeo3125"},"content":"/* ---------- A-Inheritance duke.Task Hierarchy ---------- */","lastModifiedDate":"2026-02-13T13:43:46","isFullCredit":false},{"lineNumber":270,"author":{"gitId":"bryanyeo3125"},"content":"","lastModifiedDate":"2026-02-06T14:18:17","isFullCredit":false},{"lineNumber":271,"author":{"gitId":"bryanyeo3125"},"content":"abstract class Task {","lastModifiedDate":"2026-02-06T14:18:17","isFullCredit":false},{"lineNumber":272,"author":{"gitId":"bryanyeo3125"},"content":"","lastModifiedDate":"2026-02-06T14:18:17","isFullCredit":false},{"lineNumber":273,"author":{"gitId":"bryanyeo3125"},"content":"    private final String description;","lastModifiedDate":"2026-02-06T14:18:17","isFullCredit":false},{"lineNumber":274,"author":{"gitId":"bryanyeo3125"},"content":"    private boolean isDone;","lastModifiedDate":"2026-02-06T14:18:17","isFullCredit":false},{"lineNumber":275,"author":{"gitId":"bryanyeo3125"},"content":"","lastModifiedDate":"2026-02-06T14:18:17","isFullCredit":false},{"lineNumber":276,"author":{"gitId":"bryanyeo3125"},"content":"    protected Task(String description) {","lastModifiedDate":"2026-02-06T14:18:17","isFullCredit":false},{"lineNumber":277,"author":{"gitId":"bryanyeo3125"},"content":"        this.description \u003d description;","lastModifiedDate":"2026-02-06T14:18:17","isFullCredit":false},{"lineNumber":278,"author":{"gitId":"bryanyeo3125"},"content":"        this.isDone \u003d false;","lastModifiedDate":"2026-02-06T14:18:17","isFullCredit":false},{"lineNumber":279,"author":{"gitId":"bryanyeo3125"},"content":"    }","lastModifiedDate":"2026-02-06T14:18:17","isFullCredit":false},{"lineNumber":280,"author":{"gitId":"bryanyeo3125"},"content":"","lastModifiedDate":"2026-02-06T14:18:17","isFullCredit":false},{"lineNumber":281,"author":{"gitId":"bryanyeo3125"},"content":"    public void markDone() {","lastModifiedDate":"2026-02-06T14:18:17","isFullCredit":false},{"lineNumber":282,"author":{"gitId":"bryanyeo3125"},"content":"        this.isDone \u003d true;","lastModifiedDate":"2026-02-06T14:18:17","isFullCredit":false},{"lineNumber":283,"author":{"gitId":"bryanyeo3125"},"content":"    }","lastModifiedDate":"2026-02-06T14:18:17","isFullCredit":false},{"lineNumber":284,"author":{"gitId":"bryanyeo3125"},"content":"","lastModifiedDate":"2026-02-06T14:18:17","isFullCredit":false},{"lineNumber":285,"author":{"gitId":"bryanyeo3125"},"content":"    public void markNotDone() {","lastModifiedDate":"2026-02-06T14:18:17","isFullCredit":false},{"lineNumber":286,"author":{"gitId":"bryanyeo3125"},"content":"        this.isDone \u003d false;","lastModifiedDate":"2026-02-06T14:18:17","isFullCredit":false},{"lineNumber":287,"author":{"gitId":"bryanyeo3125"},"content":"    }","lastModifiedDate":"2026-02-06T14:18:17","isFullCredit":false},{"lineNumber":288,"author":{"gitId":"bryanyeo3125"},"content":"","lastModifiedDate":"2026-02-06T14:18:17","isFullCredit":false},{"lineNumber":289,"author":{"gitId":"bryanyeo3125"},"content":"    protected String getStatusIcon() {","lastModifiedDate":"2026-02-06T14:18:17","isFullCredit":false},{"lineNumber":290,"author":{"gitId":"bryanyeo3125"},"content":"        return this.isDone ? \"X\" : \" \";","lastModifiedDate":"2026-02-06T14:18:17","isFullCredit":false},{"lineNumber":291,"author":{"gitId":"bryanyeo3125"},"content":"    }","lastModifiedDate":"2026-02-06T14:18:17","isFullCredit":false},{"lineNumber":292,"author":{"gitId":"bryanyeo3125"},"content":"","lastModifiedDate":"2026-02-06T14:18:17","isFullCredit":false},{"lineNumber":293,"author":{"gitId":"bryanyeo3125"},"content":"    protected String getDescription() {","lastModifiedDate":"2026-02-06T14:18:17","isFullCredit":false},{"lineNumber":294,"author":{"gitId":"bryanyeo3125"},"content":"        return this.description;","lastModifiedDate":"2026-02-06T14:18:17","isFullCredit":false},{"lineNumber":295,"author":{"gitId":"bryanyeo3125"},"content":"    }","lastModifiedDate":"2026-02-06T14:18:17","isFullCredit":false},{"lineNumber":296,"author":{"gitId":"bryanyeo3125"},"content":"","lastModifiedDate":"2026-02-06T14:18:17","isFullCredit":false},{"lineNumber":297,"author":{"gitId":"bryanyeo3125"},"content":"    protected abstract String getTypeIcon();","lastModifiedDate":"2026-02-06T14:18:17","isFullCredit":false},{"lineNumber":298,"author":{"gitId":"bryanyeo3125"},"content":"","lastModifiedDate":"2026-02-06T14:18:17","isFullCredit":false},{"lineNumber":299,"author":{"gitId":"bryanyeo3125"},"content":"    protected String getDetails() {","lastModifiedDate":"2026-02-06T14:18:17","isFullCredit":false},{"lineNumber":300,"author":{"gitId":"bryanyeo3125"},"content":"        return \"\";","lastModifiedDate":"2026-02-06T14:18:17","isFullCredit":false},{"lineNumber":301,"author":{"gitId":"bryanyeo3125"},"content":"    }","lastModifiedDate":"2026-02-06T14:18:17","isFullCredit":false},{"lineNumber":302,"author":{"gitId":"bryanyeo3125"},"content":"","lastModifiedDate":"2026-02-06T14:18:17","isFullCredit":false},{"lineNumber":303,"author":{"gitId":"bryanyeo3125"},"content":"    @Override","lastModifiedDate":"2026-02-06T14:18:17","isFullCredit":false},{"lineNumber":304,"author":{"gitId":"bryanyeo3125"},"content":"    public String toString() {","lastModifiedDate":"2026-02-06T14:18:17","isFullCredit":false},{"lineNumber":305,"author":{"gitId":"bryanyeo3125"},"content":"        return \"[\" + getTypeIcon() + \"][\" + getStatusIcon() + \"] \" + getDescription() + getDetails();","lastModifiedDate":"2026-02-06T14:18:17","isFullCredit":false},{"lineNumber":306,"author":{"gitId":"bryanyeo3125"},"content":"    }","lastModifiedDate":"2026-02-06T14:18:17","isFullCredit":false},{"lineNumber":307,"author":{"gitId":"bryanyeo3125"},"content":"}","lastModifiedDate":"2026-02-06T14:18:17","isFullCredit":false},{"lineNumber":308,"author":{"gitId":"bryanyeo3125"},"content":"","lastModifiedDate":"2026-02-06T14:18:17","isFullCredit":false},{"lineNumber":309,"author":{"gitId":"bryanyeo3125"},"content":"class Todo extends Task {","lastModifiedDate":"2026-02-06T14:18:17","isFullCredit":false},{"lineNumber":310,"author":{"gitId":"bryanyeo3125"},"content":"","lastModifiedDate":"2026-02-06T14:18:17","isFullCredit":false},{"lineNumber":311,"author":{"gitId":"bryanyeo3125"},"content":"    public Todo(String description) {","lastModifiedDate":"2026-02-06T14:18:17","isFullCredit":false},{"lineNumber":312,"author":{"gitId":"bryanyeo3125"},"content":"        super(description);","lastModifiedDate":"2026-02-06T14:18:17","isFullCredit":false},{"lineNumber":313,"author":{"gitId":"bryanyeo3125"},"content":"    }","lastModifiedDate":"2026-02-06T14:18:17","isFullCredit":false},{"lineNumber":314,"author":{"gitId":"bryanyeo3125"},"content":"","lastModifiedDate":"2026-02-06T14:18:17","isFullCredit":false},{"lineNumber":315,"author":{"gitId":"bryanyeo3125"},"content":"    @Override","lastModifiedDate":"2026-02-06T14:18:17","isFullCredit":false},{"lineNumber":316,"author":{"gitId":"bryanyeo3125"},"content":"    protected String getTypeIcon() {","lastModifiedDate":"2026-02-06T14:18:17","isFullCredit":false},{"lineNumber":317,"author":{"gitId":"bryanyeo3125"},"content":"        return \"T\";","lastModifiedDate":"2026-02-06T14:18:17","isFullCredit":false},{"lineNumber":318,"author":{"gitId":"bryanyeo3125"},"content":"    }","lastModifiedDate":"2026-02-06T14:18:17","isFullCredit":false},{"lineNumber":319,"author":{"gitId":"bryanyeo3125"},"content":"}","lastModifiedDate":"2026-02-06T14:18:17","isFullCredit":false},{"lineNumber":320,"author":{"gitId":"bryanyeo3125"},"content":"","lastModifiedDate":"2026-02-06T14:18:17","isFullCredit":false},{"lineNumber":321,"author":{"gitId":"bryanyeo3125"},"content":"class Deadline extends Task {","lastModifiedDate":"2026-02-06T14:18:17","isFullCredit":false},{"lineNumber":322,"author":{"gitId":"bryanyeo3125"},"content":"","lastModifiedDate":"2026-02-06T14:18:17","isFullCredit":false},{"lineNumber":323,"author":{"gitId":"bryanyeo3125"},"content":"    private final String by;","lastModifiedDate":"2026-02-06T14:18:17","isFullCredit":false},{"lineNumber":324,"author":{"gitId":"bryanyeo3125"},"content":"","lastModifiedDate":"2026-02-06T14:18:17","isFullCredit":false},{"lineNumber":325,"author":{"gitId":"bryanyeo3125"},"content":"    public Deadline(String description, String by) {","lastModifiedDate":"2026-02-06T14:18:17","isFullCredit":false},{"lineNumber":326,"author":{"gitId":"bryanyeo3125"},"content":"        super(description);","lastModifiedDate":"2026-02-06T14:18:17","isFullCredit":false},{"lineNumber":327,"author":{"gitId":"bryanyeo3125"},"content":"        this.by \u003d by;","lastModifiedDate":"2026-02-06T14:18:17","isFullCredit":false},{"lineNumber":328,"author":{"gitId":"bryanyeo3125"},"content":"    }","lastModifiedDate":"2026-02-06T14:18:17","isFullCredit":false},{"lineNumber":329,"author":{"gitId":"bryanyeo3125"},"content":"","lastModifiedDate":"2026-02-06T14:18:17","isFullCredit":false},{"lineNumber":330,"author":{"gitId":"bryanyeo3125"},"content":"    @Override","lastModifiedDate":"2026-02-06T14:18:17","isFullCredit":false},{"lineNumber":331,"author":{"gitId":"bryanyeo3125"},"content":"    protected String getTypeIcon() {","lastModifiedDate":"2026-02-06T14:18:17","isFullCredit":false},{"lineNumber":332,"author":{"gitId":"bryanyeo3125"},"content":"        return \"D\";","lastModifiedDate":"2026-02-06T14:18:17","isFullCredit":false},{"lineNumber":333,"author":{"gitId":"bryanyeo3125"},"content":"    }","lastModifiedDate":"2026-02-06T14:18:17","isFullCredit":false},{"lineNumber":334,"author":{"gitId":"bryanyeo3125"},"content":"","lastModifiedDate":"2026-02-06T14:18:17","isFullCredit":false},{"lineNumber":335,"author":{"gitId":"bryanyeo3125"},"content":"    @Override","lastModifiedDate":"2026-02-06T14:18:17","isFullCredit":false},{"lineNumber":336,"author":{"gitId":"bryanyeo3125"},"content":"    protected String getDetails() {","lastModifiedDate":"2026-02-06T14:18:17","isFullCredit":false},{"lineNumber":337,"author":{"gitId":"bryanyeo3125"},"content":"        return \" (by: \" + by + \")\";","lastModifiedDate":"2026-02-06T14:18:17","isFullCredit":false},{"lineNumber":338,"author":{"gitId":"bryanyeo3125"},"content":"    }","lastModifiedDate":"2026-02-06T14:18:17","isFullCredit":false},{"lineNumber":339,"author":{"gitId":"bryanyeo3125"},"content":"}","lastModifiedDate":"2026-02-06T14:18:17","isFullCredit":false},{"lineNumber":340,"author":{"gitId":"bryanyeo3125"},"content":"","lastModifiedDate":"2026-02-06T14:18:17","isFullCredit":false},{"lineNumber":341,"author":{"gitId":"bryanyeo3125"},"content":"class Event extends Task {","lastModifiedDate":"2026-02-06T14:18:17","isFullCredit":false},{"lineNumber":342,"author":{"gitId":"bryanyeo3125"},"content":"","lastModifiedDate":"2026-02-06T14:18:17","isFullCredit":false},{"lineNumber":343,"author":{"gitId":"bryanyeo3125"},"content":"    private final String from;","lastModifiedDate":"2026-02-06T14:18:17","isFullCredit":false},{"lineNumber":344,"author":{"gitId":"bryanyeo3125"},"content":"    private final String to;","lastModifiedDate":"2026-02-06T14:18:17","isFullCredit":false},{"lineNumber":345,"author":{"gitId":"bryanyeo3125"},"content":"","lastModifiedDate":"2026-02-06T14:18:17","isFullCredit":false},{"lineNumber":346,"author":{"gitId":"bryanyeo3125"},"content":"    public Event(String description, String from, String to) {","lastModifiedDate":"2026-02-06T14:18:17","isFullCredit":false},{"lineNumber":347,"author":{"gitId":"bryanyeo3125"},"content":"        super(description);","lastModifiedDate":"2026-02-06T14:18:17","isFullCredit":false},{"lineNumber":348,"author":{"gitId":"bryanyeo3125"},"content":"        this.from \u003d from;","lastModifiedDate":"2026-02-06T14:18:17","isFullCredit":false},{"lineNumber":349,"author":{"gitId":"bryanyeo3125"},"content":"        this.to \u003d to;","lastModifiedDate":"2026-02-06T14:18:17","isFullCredit":false},{"lineNumber":350,"author":{"gitId":"bryanyeo3125"},"content":"    }","lastModifiedDate":"2026-02-06T14:18:17","isFullCredit":false},{"lineNumber":351,"author":{"gitId":"bryanyeo3125"},"content":"","lastModifiedDate":"2026-02-06T14:18:17","isFullCredit":false},{"lineNumber":352,"author":{"gitId":"bryanyeo3125"},"content":"    @Override","lastModifiedDate":"2026-02-06T14:18:17","isFullCredit":false},{"lineNumber":353,"author":{"gitId":"bryanyeo3125"},"content":"    protected String getTypeIcon() {","lastModifiedDate":"2026-02-06T14:18:17","isFullCredit":false},{"lineNumber":354,"author":{"gitId":"bryanyeo3125"},"content":"        return \"E\";","lastModifiedDate":"2026-02-06T14:18:17","isFullCredit":false},{"lineNumber":355,"author":{"gitId":"bryanyeo3125"},"content":"    }","lastModifiedDate":"2026-02-06T14:18:17","isFullCredit":false},{"lineNumber":356,"author":{"gitId":"bryanyeo3125"},"content":"","lastModifiedDate":"2026-02-06T14:18:17","isFullCredit":false},{"lineNumber":357,"author":{"gitId":"bryanyeo3125"},"content":"    @Override","lastModifiedDate":"2026-02-06T14:18:17","isFullCredit":false},{"lineNumber":358,"author":{"gitId":"bryanyeo3125"},"content":"    protected String getDetails() {","lastModifiedDate":"2026-02-06T14:18:17","isFullCredit":false},{"lineNumber":359,"author":{"gitId":"bryanyeo3125"},"content":"        return \" (from: \" + from + \" to: \" + to + \")\";","lastModifiedDate":"2026-02-06T14:18:17","isFullCredit":false},{"lineNumber":360,"author":{"gitId":"bryanyeo3125"},"content":"    }","lastModifiedDate":"2026-02-06T14:18:17","isFullCredit":false},{"lineNumber":361,"author":{"gitId":"bryanyeo3125"},"content":"}","lastModifiedDate":"2026-02-02T14:11:36","isFullCredit":false}],"authorContributionMap":{"bryanyeo3125":361}}]
