[{"path":"src/main/java/ChadGPT.java","fileType":"java","lines":[{"lineNumber":1,"author":{"gitId":"bryanyeo3125"},"content":"import java.util.Scanner;","lastModifiedDate":"2026-02-02T13:42:19","isFullCredit":false},{"lineNumber":2,"author":{"gitId":"bryanyeo3125"},"content":"","lastModifiedDate":"2026-02-02T13:42:19","isFullCredit":false},{"lineNumber":3,"author":{"gitId":"bryanyeo3125"},"content":"public class ChadGPT {","lastModifiedDate":"2026-02-02T13:42:19","isFullCredit":false},{"lineNumber":4,"author":{"gitId":"bryanyeo3125"},"content":"","lastModifiedDate":"2026-02-02T13:42:19","isFullCredit":false},{"lineNumber":5,"author":{"gitId":"bryanyeo3125"},"content":"    private static final String LINE \u003d \"----------------------------------------\";","lastModifiedDate":"2026-02-02T13:42:19","isFullCredit":false},{"lineNumber":6,"author":{"gitId":"bryanyeo3125"},"content":"","lastModifiedDate":"2026-02-02T13:42:19","isFullCredit":false},{"lineNumber":7,"author":{"gitId":"bryanyeo3125"},"content":"    public static void main(String[] args) {","lastModifiedDate":"2026-02-02T13:42:19","isFullCredit":false},{"lineNumber":8,"author":{"gitId":"bryanyeo3125"},"content":"        Scanner scanner \u003d new Scanner(System.in);","lastModifiedDate":"2026-02-02T13:42:19","isFullCredit":false},{"lineNumber":9,"author":{"gitId":"bryanyeo3125"},"content":"","lastModifiedDate":"2026-02-02T13:42:19","isFullCredit":false},{"lineNumber":10,"author":{"gitId":"bryanyeo3125"},"content":"        printGreeting();","lastModifiedDate":"2026-02-02T13:42:19","isFullCredit":false},{"lineNumber":11,"author":{"gitId":"bryanyeo3125"},"content":"","lastModifiedDate":"2026-02-02T13:42:19","isFullCredit":false},{"lineNumber":12,"author":{"gitId":"bryanyeo3125"},"content":"        while (true) {","lastModifiedDate":"2026-02-02T13:42:19","isFullCredit":false},{"lineNumber":13,"author":{"gitId":"bryanyeo3125"},"content":"            String input \u003d scanner.nextLine();","lastModifiedDate":"2026-02-02T13:42:19","isFullCredit":false},{"lineNumber":14,"author":{"gitId":"bryanyeo3125"},"content":"","lastModifiedDate":"2026-02-02T13:42:19","isFullCredit":false},{"lineNumber":15,"author":{"gitId":"bryanyeo3125"},"content":"            if (isBye(input)) {","lastModifiedDate":"2026-02-02T13:42:19","isFullCredit":false},{"lineNumber":16,"author":{"gitId":"bryanyeo3125"},"content":"                printGoodbye();","lastModifiedDate":"2026-02-02T13:42:19","isFullCredit":false},{"lineNumber":17,"author":{"gitId":"bryanyeo3125"},"content":"                break;","lastModifiedDate":"2026-02-02T13:42:19","isFullCredit":false},{"lineNumber":18,"author":{"gitId":"bryanyeo3125"},"content":"            }","lastModifiedDate":"2026-02-02T13:42:19","isFullCredit":false},{"lineNumber":19,"author":{"gitId":"bryanyeo3125"},"content":"","lastModifiedDate":"2026-02-02T13:42:19","isFullCredit":false},{"lineNumber":20,"author":{"gitId":"bryanyeo3125"},"content":"            addList(input);","lastModifiedDate":"2026-02-02T13:42:19","isFullCredit":false},{"lineNumber":21,"author":{"gitId":"bryanyeo3125"},"content":"        }","lastModifiedDate":"2026-02-02T13:42:19","isFullCredit":false},{"lineNumber":22,"author":{"gitId":"bryanyeo3125"},"content":"","lastModifiedDate":"2026-02-02T13:42:19","isFullCredit":false},{"lineNumber":23,"author":{"gitId":"bryanyeo3125"},"content":"        scanner.close();","lastModifiedDate":"2026-02-02T13:42:19","isFullCredit":false},{"lineNumber":24,"author":{"gitId":"bryanyeo3125"},"content":"    }","lastModifiedDate":"2026-02-02T13:42:19","isFullCredit":false},{"lineNumber":25,"author":{"gitId":"bryanyeo3125"},"content":"","lastModifiedDate":"2026-02-02T13:42:19","isFullCredit":false},{"lineNumber":26,"author":{"gitId":"bryanyeo3125"},"content":"    // ---------- Helper methods ----------","lastModifiedDate":"2026-02-02T13:42:19","isFullCredit":false},{"lineNumber":27,"author":{"gitId":"bryanyeo3125"},"content":"","lastModifiedDate":"2026-02-02T13:42:19","isFullCredit":false},{"lineNumber":28,"author":{"gitId":"bryanyeo3125"},"content":"    private static void printGreeting() {","lastModifiedDate":"2026-02-02T13:42:19","isFullCredit":false},{"lineNumber":29,"author":{"gitId":"bryanyeo3125"},"content":"        System.out.println(LINE);","lastModifiedDate":"2026-02-02T13:42:19","isFullCredit":false},{"lineNumber":30,"author":{"gitId":"bryanyeo3125"},"content":"        System.out.println(\"Hello! I am ChadGPT.\");","lastModifiedDate":"2026-02-02T13:42:19","isFullCredit":false},{"lineNumber":31,"author":{"gitId":"bryanyeo3125"},"content":"        System.out.println(\"What can I do for you?\");","lastModifiedDate":"2026-02-02T13:42:19","isFullCredit":false},{"lineNumber":32,"author":{"gitId":"bryanyeo3125"},"content":"        System.out.println(LINE);","lastModifiedDate":"2026-02-02T13:42:19","isFullCredit":false},{"lineNumber":33,"author":{"gitId":"bryanyeo3125"},"content":"    }","lastModifiedDate":"2026-02-02T13:42:19","isFullCredit":false},{"lineNumber":34,"author":{"gitId":"bryanyeo3125"},"content":"","lastModifiedDate":"2026-02-02T13:42:19","isFullCredit":false},{"lineNumber":35,"author":{"gitId":"bryanyeo3125"},"content":"    private static boolean isBye(String input) {","lastModifiedDate":"2026-02-02T13:42:19","isFullCredit":false},{"lineNumber":36,"author":{"gitId":"bryanyeo3125"},"content":"        return input.equals(\"bye\");","lastModifiedDate":"2026-02-02T13:42:19","isFullCredit":false},{"lineNumber":37,"author":{"gitId":"bryanyeo3125"},"content":"    }","lastModifiedDate":"2026-02-02T13:42:19","isFullCredit":false},{"lineNumber":38,"author":{"gitId":"bryanyeo3125"},"content":"","lastModifiedDate":"2026-02-02T13:42:19","isFullCredit":false},{"lineNumber":39,"author":{"gitId":"bryanyeo3125"},"content":"    private static void addList(String input) {","lastModifiedDate":"2026-02-02T13:42:19","isFullCredit":false},{"lineNumber":40,"author":{"gitId":"bryanyeo3125"},"content":"        System.out.println(LINE);","lastModifiedDate":"2026-02-02T13:42:19","isFullCredit":false},{"lineNumber":41,"author":{"gitId":"bryanyeo3125"},"content":"        System.out.println(\"added: \");","lastModifiedDate":"2026-02-02T13:42:19","isFullCredit":false},{"lineNumber":42,"author":{"gitId":"bryanyeo3125"},"content":"        System.out.println(input);","lastModifiedDate":"2026-02-02T13:42:19","isFullCredit":false},{"lineNumber":43,"author":{"gitId":"bryanyeo3125"},"content":"        System.out.println(LINE);","lastModifiedDate":"2026-02-02T13:42:19","isFullCredit":false},{"lineNumber":44,"author":{"gitId":"bryanyeo3125"},"content":"    }","lastModifiedDate":"2026-02-02T13:42:19","isFullCredit":false},{"lineNumber":45,"author":{"gitId":"bryanyeo3125"},"content":"","lastModifiedDate":"2026-02-02T13:42:19","isFullCredit":false},{"lineNumber":46,"author":{"gitId":"bryanyeo3125"},"content":"    private static void printGoodbye() {","lastModifiedDate":"2026-02-02T13:42:19","isFullCredit":false},{"lineNumber":47,"author":{"gitId":"bryanyeo3125"},"content":"        System.out.println(LINE);","lastModifiedDate":"2026-02-02T13:42:19","isFullCredit":false},{"lineNumber":48,"author":{"gitId":"bryanyeo3125"},"content":"        System.out.println(\"Bye. Hope to see you again soon!\");","lastModifiedDate":"2026-02-02T13:42:19","isFullCredit":false},{"lineNumber":49,"author":{"gitId":"bryanyeo3125"},"content":"        System.out.println(LINE);","lastModifiedDate":"2026-02-02T13:42:19","isFullCredit":false},{"lineNumber":50,"author":{"gitId":"bryanyeo3125"},"content":"    }","lastModifiedDate":"2026-02-02T13:42:19","isFullCredit":false},{"lineNumber":51,"author":{"gitId":"bryanyeo3125"},"content":"}","lastModifiedDate":"2026-02-02T13:42:19","isFullCredit":false}],"authorContributionMap":{"bryanyeo3125":51}}]
