{"authorDailyContributionsMap":{"klementng":[{"date":"2026-01-17T00:00:00","commitResults":[{"hash":"a1392e46121f85e93536582bac9d2933ebcbde3d","isMergeCommit":false,"messageTitle":"level 0: implement and rename chatbot to pixie","messageBody":"","fileTypesAndContributionMap":{"java":{"insertions":7,"deletions":10}}}]},{"date":"2026-01-25T00:00:00","commitResults":[{"hash":"2e9314f343ffc0e631ec8f9eb4416179696d94a3","isMergeCommit":false,"messageTitle":"level 0: implement and rename chatbot to pixie","messageBody":"","tags":["Level-0"],"fileTypesAndContributionMap":{"java":{"insertions":7,"deletions":10}}},{"hash":"327cb0fd4168b76f227b6e6b50400eadf3ba413c","isMergeCommit":true,"messageTitle":"Merge branch \u0027master\u0027 of https://github.com/klementng/ip","messageBody":"","fileTypesAndContributionMap":{}}]},{"date":"2026-01-27T00:00:00","commitResults":[{"hash":"56db89708324eb9bea6707a7441b3f6541d12094","isMergeCommit":false,"messageTitle":"Level 1: Accepts user input from stdin and echo back commands sent","messageBody":"","tags":["Level-1"],"fileTypesAndContributionMap":{"java":{"insertions":15,"deletions":3}}},{"hash":"4e1da797b2adfde64f41a5b36ca972bb064d3fbc","isMergeCommit":false,"messageTitle":"level 2: improve command handling; adds support for \u0027list\u0027 command and the adding of task","messageBody":"","fileTypesAndContributionMap":{"java":{"insertions":18,"deletions":8}}},{"hash":"83457c30e88ed6cb7c463a4a5e34c62b8140ec3f","isMergeCommit":false,"messageTitle":"level 2: create TaskManager class with task addition and print functionality","messageBody":"","tags":["Level-2"],"fileTypesAndContributionMap":{"java":{"insertions":47,"deletions":0}}},{"hash":"9fb32f380b73a8d26c0452d54ec75050578b3792","isMergeCommit":false,"messageTitle":"level 3: Create task object","messageBody":"","fileTypesAndContributionMap":{"java":{"insertions":46,"deletions":0}}},{"hash":"d325178712189539901f50653e5f8925bc74d34a","isMergeCommit":false,"messageTitle":"level 3: implement mark/unmark support for tasks","messageBody":"","fileTypesAndContributionMap":{"java":{"insertions":56,"deletions":4}}},{"hash":"64e2221aff81ebc2efa7b4e036a0ae7dbc5f7383","isMergeCommit":false,"messageTitle":"level 3: add support for marking/unmark commands","messageBody":"","fileTypesAndContributionMap":{"java":{"insertions":46,"deletions":5}}}]},{"date":"2026-01-29T00:00:00","commitResults":[{"hash":"934a2f87596f3e58db9b37cc4bfac9ccdad8d73d","isMergeCommit":false,"messageTitle":"level 3 - fix: add missing @Override annotation","messageBody":"","fileTypesAndContributionMap":{"java":{"insertions":1,"deletions":0}}},{"hash":"69a0543a6ce390f1e31a51ef1da89d498e53acbd","isMergeCommit":false,"messageTitle":"level 3 - fix: correct task unmarking logic","messageBody":"","tags":["Level-3"],"fileTypesAndContributionMap":{"java":{"insertions":1,"deletions":1}}}]},{"date":"2026-02-03T00:00:00","commitResults":[{"hash":"5edc58c1cce136a443259f87e759a7a38e94cdde","isMergeCommit":false,"messageTitle":"level 4 - feat: implement todo task addition and enhance task management","messageBody":"","fileTypesAndContributionMap":{"java":{"insertions":74,"deletions":21}}},{"hash":"3a39392aed675c791ff66e313deb0e2976a3a837","isMergeCommit":false,"messageTitle":"level 4 - feat: add deadline implementation","messageBody":"","fileTypesAndContributionMap":{"java":{"insertions":50,"deletions":0}}}]},{"date":"2026-02-04T00:00:00","commitResults":[{"hash":"243c41171feece8c900d1257c6fa863d4fb3fd87","isMergeCommit":false,"messageTitle":"level 4 - feat: Implement Event","messageBody":"","tags":["Level-4","A-CodingStandard","A-CodeQuality"],"fileTypesAndContributionMap":{"java":{"insertions":59,"deletions":0}}}]}]},"authorFileTypeContributionMap":{"klementng":{"java":378,"md":0,"fxml":0,"sh":0,"bat":0,"gradle":0,"txt":0}},"authorContributionVariance":{"klementng":2879.2834},"authorDisplayNameMap":{"klementng":"CS2113-T09-3 NG Z..MENT"}}
