[{"path":"src/main/java/pippy/task/Deadline.java","fileType":"java","lines":[{"lineNumber":1,"author":{"gitId":"Nishuy52"},"content":"package pippy.task;","lastModifiedDate":"2026-02-11T15:06:01","isFullCredit":false},{"lineNumber":2,"author":{"gitId":"Nishuy52"},"content":"","lastModifiedDate":"2026-02-11T15:06:01","isFullCredit":false},{"lineNumber":3,"author":{"gitId":"Nishuy52"},"content":"public class Deadline extends Task {","lastModifiedDate":"2026-02-03T23:52:51","isFullCredit":false},{"lineNumber":4,"author":{"gitId":"Nishuy52"},"content":"","lastModifiedDate":"2026-02-03T23:52:51","isFullCredit":false},{"lineNumber":5,"author":{"gitId":"Nishuy52"},"content":"    protected String by;","lastModifiedDate":"2026-02-03T23:52:51","isFullCredit":false},{"lineNumber":6,"author":{"gitId":"Nishuy52"},"content":"","lastModifiedDate":"2026-02-03T23:52:51","isFullCredit":false},{"lineNumber":7,"author":{"gitId":"Nishuy52"},"content":"    public Deadline(String description, String by) {","lastModifiedDate":"2026-02-03T23:52:51","isFullCredit":false},{"lineNumber":8,"author":{"gitId":"Nishuy52"},"content":"        super(description);","lastModifiedDate":"2026-02-03T23:52:51","isFullCredit":false},{"lineNumber":9,"author":{"gitId":"Nishuy52"},"content":"        this.by \u003d by;","lastModifiedDate":"2026-02-03T23:52:51","isFullCredit":false},{"lineNumber":10,"author":{"gitId":"Nishuy52"},"content":"    }","lastModifiedDate":"2026-02-03T23:52:51","isFullCredit":false},{"lineNumber":11,"author":{"gitId":"Nishuy52"},"content":"","lastModifiedDate":"2026-02-03T23:52:51","isFullCredit":false},{"lineNumber":12,"author":{"gitId":"Nishuy52"},"content":"    @Override","lastModifiedDate":"2026-02-03T23:52:51","isFullCredit":false},{"lineNumber":13,"author":{"gitId":"Nishuy52"},"content":"    public String toString() {","lastModifiedDate":"2026-02-03T23:52:51","isFullCredit":false},{"lineNumber":14,"author":{"gitId":"Nishuy52"},"content":"        return \"[D]\" + super.toString() + \" (by: \" + by + \")\";","lastModifiedDate":"2026-02-03T23:52:51","isFullCredit":false},{"lineNumber":15,"author":{"gitId":"Nishuy52"},"content":"    }","lastModifiedDate":"2026-02-03T23:52:51","isFullCredit":false},{"lineNumber":16,"author":{"gitId":"Nishuy52"},"content":"}","lastModifiedDate":"2026-02-03T23:52:51","isFullCredit":false}],"authorContributionMap":{"Nishuy52":16}},{"path":"src/main/java/pippy/task/Event.java","fileType":"java","lines":[{"lineNumber":1,"author":{"gitId":"Nishuy52"},"content":"package pippy.task;","lastModifiedDate":"2026-02-11T15:06:01","isFullCredit":false},{"lineNumber":2,"author":{"gitId":"Nishuy52"},"content":"","lastModifiedDate":"2026-02-11T15:06:01","isFullCredit":false},{"lineNumber":3,"author":{"gitId":"Nishuy52"},"content":"public class Event extends Task {","lastModifiedDate":"2026-02-03T23:52:51","isFullCredit":false},{"lineNumber":4,"author":{"gitId":"Nishuy52"},"content":"","lastModifiedDate":"2026-02-03T23:52:51","isFullCredit":false},{"lineNumber":5,"author":{"gitId":"Nishuy52"},"content":"    protected String from;","lastModifiedDate":"2026-02-03T23:52:51","isFullCredit":false},{"lineNumber":6,"author":{"gitId":"Nishuy52"},"content":"    protected String to;","lastModifiedDate":"2026-02-03T23:52:51","isFullCredit":false},{"lineNumber":7,"author":{"gitId":"Nishuy52"},"content":"","lastModifiedDate":"2026-02-03T23:52:51","isFullCredit":false},{"lineNumber":8,"author":{"gitId":"Nishuy52"},"content":"    public Event(String description, String from, String to) {","lastModifiedDate":"2026-02-03T23:52:51","isFullCredit":false},{"lineNumber":9,"author":{"gitId":"Nishuy52"},"content":"        super(description);","lastModifiedDate":"2026-02-03T23:52:51","isFullCredit":false},{"lineNumber":10,"author":{"gitId":"Nishuy52"},"content":"        this.from \u003d from;","lastModifiedDate":"2026-02-03T23:52:51","isFullCredit":false},{"lineNumber":11,"author":{"gitId":"Nishuy52"},"content":"        this.to \u003d to;","lastModifiedDate":"2026-02-03T23:52:51","isFullCredit":false},{"lineNumber":12,"author":{"gitId":"Nishuy52"},"content":"    }","lastModifiedDate":"2026-02-03T23:52:51","isFullCredit":false},{"lineNumber":13,"author":{"gitId":"Nishuy52"},"content":"","lastModifiedDate":"2026-02-03T23:52:51","isFullCredit":false},{"lineNumber":14,"author":{"gitId":"Nishuy52"},"content":"    @Override","lastModifiedDate":"2026-02-03T23:52:51","isFullCredit":false},{"lineNumber":15,"author":{"gitId":"Nishuy52"},"content":"    public String toString() {","lastModifiedDate":"2026-02-03T23:52:51","isFullCredit":false},{"lineNumber":16,"author":{"gitId":"Nishuy52"},"content":"        return \"[E]\" + super.toString() + \" (from: \" + from + \" to: \" + to + \")\" ;","lastModifiedDate":"2026-02-04T00:30:43","isFullCredit":false},{"lineNumber":17,"author":{"gitId":"Nishuy52"},"content":"    }","lastModifiedDate":"2026-02-03T23:52:51","isFullCredit":false},{"lineNumber":18,"author":{"gitId":"Nishuy52"},"content":"}","lastModifiedDate":"2026-02-03T23:52:51","isFullCredit":false}],"authorContributionMap":{"Nishuy52":18}},{"path":"src/main/java/pippy/task/Task.java","fileType":"java","lines":[{"lineNumber":1,"author":{"gitId":"Nishuy52"},"content":"package pippy.task;","lastModifiedDate":"2026-02-11T15:06:01","isFullCredit":false},{"lineNumber":2,"author":{"gitId":"Nishuy52"},"content":"","lastModifiedDate":"2026-02-11T15:06:01","isFullCredit":false},{"lineNumber":3,"author":{"gitId":"Nishuy52"},"content":"public class Task {","lastModifiedDate":"2026-01-29T23:30:57","isFullCredit":false},{"lineNumber":4,"author":{"gitId":"Nishuy52"},"content":"    protected String description;","lastModifiedDate":"2026-01-29T23:30:57","isFullCredit":false},{"lineNumber":5,"author":{"gitId":"Nishuy52"},"content":"    protected boolean isDone;","lastModifiedDate":"2026-01-29T23:30:57","isFullCredit":false},{"lineNumber":6,"author":{"gitId":"Nishuy52"},"content":"","lastModifiedDate":"2026-01-29T23:30:57","isFullCredit":false},{"lineNumber":7,"author":{"gitId":"Nishuy52"},"content":"    public Task(String description) {","lastModifiedDate":"2026-01-29T23:30:57","isFullCredit":false},{"lineNumber":8,"author":{"gitId":"Nishuy52"},"content":"        this.description \u003d description;","lastModifiedDate":"2026-01-29T23:30:57","isFullCredit":false},{"lineNumber":9,"author":{"gitId":"Nishuy52"},"content":"        this.isDone \u003d false;","lastModifiedDate":"2026-01-29T23:30:57","isFullCredit":false},{"lineNumber":10,"author":{"gitId":"Nishuy52"},"content":"    }","lastModifiedDate":"2026-01-29T23:30:57","isFullCredit":false},{"lineNumber":11,"author":{"gitId":"Nishuy52"},"content":"","lastModifiedDate":"2026-01-29T23:30:57","isFullCredit":false},{"lineNumber":12,"author":{"gitId":"Nishuy52"},"content":"    public String getStatusIcon() {","lastModifiedDate":"2026-01-29T23:30:57","isFullCredit":false},{"lineNumber":13,"author":{"gitId":"Nishuy52"},"content":"        return (isDone ? \"X\" : \" \"); // mark done task with X","lastModifiedDate":"2026-01-29T23:30:57","isFullCredit":false},{"lineNumber":14,"author":{"gitId":"Nishuy52"},"content":"    }","lastModifiedDate":"2026-01-29T23:30:57","isFullCredit":false},{"lineNumber":15,"author":{"gitId":"Nishuy52"},"content":"","lastModifiedDate":"2026-01-29T23:30:57","isFullCredit":false},{"lineNumber":16,"author":{"gitId":"Nishuy52"},"content":"    public String getDescription() {","lastModifiedDate":"2026-01-29T23:30:57","isFullCredit":false},{"lineNumber":17,"author":{"gitId":"Nishuy52"},"content":"        return description;","lastModifiedDate":"2026-01-29T23:30:57","isFullCredit":false},{"lineNumber":18,"author":{"gitId":"Nishuy52"},"content":"    }","lastModifiedDate":"2026-01-29T23:30:57","isFullCredit":false},{"lineNumber":19,"author":{"gitId":"Nishuy52"},"content":"","lastModifiedDate":"2026-01-29T23:30:57","isFullCredit":false},{"lineNumber":20,"author":{"gitId":"Nishuy52"},"content":"    public void setDone() {","lastModifiedDate":"2026-01-29T23:30:57","isFullCredit":false},{"lineNumber":21,"author":{"gitId":"Nishuy52"},"content":"        this.isDone \u003d true;","lastModifiedDate":"2026-01-29T23:30:57","isFullCredit":false},{"lineNumber":22,"author":{"gitId":"Nishuy52"},"content":"    }","lastModifiedDate":"2026-01-29T23:30:57","isFullCredit":false},{"lineNumber":23,"author":{"gitId":"Nishuy52"},"content":"","lastModifiedDate":"2026-01-29T23:30:57","isFullCredit":false},{"lineNumber":24,"author":{"gitId":"Nishuy52"},"content":"    public void setUndone() {","lastModifiedDate":"2026-01-29T23:30:57","isFullCredit":false},{"lineNumber":25,"author":{"gitId":"Nishuy52"},"content":"        this.isDone \u003d false;","lastModifiedDate":"2026-01-29T23:30:57","isFullCredit":false},{"lineNumber":26,"author":{"gitId":"Nishuy52"},"content":"    }","lastModifiedDate":"2026-01-29T23:30:57","isFullCredit":false},{"lineNumber":27,"author":{"gitId":"Nishuy52"},"content":"","lastModifiedDate":"2026-02-03T23:52:51","isFullCredit":false},{"lineNumber":28,"author":{"gitId":"Nishuy52"},"content":"    @Override","lastModifiedDate":"2026-02-03T23:52:51","isFullCredit":false},{"lineNumber":29,"author":{"gitId":"Nishuy52"},"content":"    public String toString() {","lastModifiedDate":"2026-02-03T23:52:51","isFullCredit":false},{"lineNumber":30,"author":{"gitId":"Nishuy52"},"content":"        return \"[\" + this.getStatusIcon() + \"] \" + this.getDescription();","lastModifiedDate":"2026-02-03T23:52:51","isFullCredit":false},{"lineNumber":31,"author":{"gitId":"Nishuy52"},"content":"    }","lastModifiedDate":"2026-02-03T23:52:51","isFullCredit":false},{"lineNumber":32,"author":{"gitId":"Nishuy52"},"content":"}","lastModifiedDate":"2026-01-29T23:30:57","isFullCredit":false}],"authorContributionMap":{"Nishuy52":32}},{"path":"src/main/java/pippy/task/TaskList.java","fileType":"java","lines":[{"lineNumber":1,"author":{"gitId":"Nishuy52"},"content":"package pippy.task;","lastModifiedDate":"2026-02-11T15:06:01","isFullCredit":false},{"lineNumber":2,"author":{"gitId":"Nishuy52"},"content":"","lastModifiedDate":"2026-02-11T15:06:01","isFullCredit":false},{"lineNumber":3,"author":{"gitId":"Nishuy52"},"content":"public class TaskList {","lastModifiedDate":"2026-02-11T14:57:41","isFullCredit":false},{"lineNumber":4,"author":{"gitId":"Nishuy52"},"content":"    private final Task[] tasks;","lastModifiedDate":"2026-02-11T14:57:41","isFullCredit":false},{"lineNumber":5,"author":{"gitId":"Nishuy52"},"content":"    private int taskCount;","lastModifiedDate":"2026-02-11T14:57:41","isFullCredit":false},{"lineNumber":6,"author":{"gitId":"Nishuy52"},"content":"","lastModifiedDate":"2026-02-11T14:57:41","isFullCredit":false},{"lineNumber":7,"author":{"gitId":"Nishuy52"},"content":"    public TaskList(int maxSize) {","lastModifiedDate":"2026-02-11T14:57:41","isFullCredit":false},{"lineNumber":8,"author":{"gitId":"Nishuy52"},"content":"        this.tasks \u003d new Task[maxSize];","lastModifiedDate":"2026-02-11T14:57:41","isFullCredit":false},{"lineNumber":9,"author":{"gitId":"Nishuy52"},"content":"        this.taskCount \u003d 0;","lastModifiedDate":"2026-02-11T14:57:41","isFullCredit":false},{"lineNumber":10,"author":{"gitId":"Nishuy52"},"content":"    }","lastModifiedDate":"2026-02-11T14:57:41","isFullCredit":false},{"lineNumber":11,"author":{"gitId":"Nishuy52"},"content":"","lastModifiedDate":"2026-02-11T14:57:41","isFullCredit":false},{"lineNumber":12,"author":{"gitId":"Nishuy52"},"content":"    public void addTask(Task task) {","lastModifiedDate":"2026-02-11T14:57:41","isFullCredit":false},{"lineNumber":13,"author":{"gitId":"Nishuy52"},"content":"        tasks[taskCount] \u003d task;","lastModifiedDate":"2026-02-11T14:57:41","isFullCredit":false},{"lineNumber":14,"author":{"gitId":"Nishuy52"},"content":"        taskCount++;","lastModifiedDate":"2026-02-11T14:57:41","isFullCredit":false},{"lineNumber":15,"author":{"gitId":"Nishuy52"},"content":"    }","lastModifiedDate":"2026-02-11T14:57:41","isFullCredit":false},{"lineNumber":16,"author":{"gitId":"Nishuy52"},"content":"","lastModifiedDate":"2026-02-11T14:57:41","isFullCredit":false},{"lineNumber":17,"author":{"gitId":"Nishuy52"},"content":"    public Task getTask(int index) {","lastModifiedDate":"2026-02-11T14:57:41","isFullCredit":false},{"lineNumber":18,"author":{"gitId":"Nishuy52"},"content":"        return tasks[index];","lastModifiedDate":"2026-02-11T14:57:41","isFullCredit":false},{"lineNumber":19,"author":{"gitId":"Nishuy52"},"content":"    }","lastModifiedDate":"2026-02-11T14:57:41","isFullCredit":false},{"lineNumber":20,"author":{"gitId":"Nishuy52"},"content":"","lastModifiedDate":"2026-02-11T14:57:41","isFullCredit":false},{"lineNumber":21,"author":{"gitId":"Nishuy52"},"content":"    public int getTaskCount() {","lastModifiedDate":"2026-02-11T14:57:41","isFullCredit":false},{"lineNumber":22,"author":{"gitId":"Nishuy52"},"content":"        return taskCount;","lastModifiedDate":"2026-02-11T14:57:41","isFullCredit":false},{"lineNumber":23,"author":{"gitId":"Nishuy52"},"content":"    }","lastModifiedDate":"2026-02-11T14:57:41","isFullCredit":false},{"lineNumber":24,"author":{"gitId":"Nishuy52"},"content":"","lastModifiedDate":"2026-02-11T14:57:41","isFullCredit":false},{"lineNumber":25,"author":{"gitId":"Nishuy52"},"content":"    public Task[] getTasks() {","lastModifiedDate":"2026-02-11T14:57:41","isFullCredit":false},{"lineNumber":26,"author":{"gitId":"Nishuy52"},"content":"        return tasks;","lastModifiedDate":"2026-02-11T14:57:41","isFullCredit":false},{"lineNumber":27,"author":{"gitId":"Nishuy52"},"content":"    }","lastModifiedDate":"2026-02-11T14:57:41","isFullCredit":false},{"lineNumber":28,"author":{"gitId":"Nishuy52"},"content":"","lastModifiedDate":"2026-02-11T14:57:41","isFullCredit":false},{"lineNumber":29,"author":{"gitId":"Nishuy52"},"content":"    public boolean isValidIndex(int index) {","lastModifiedDate":"2026-02-11T14:57:41","isFullCredit":false},{"lineNumber":30,"author":{"gitId":"Nishuy52"},"content":"        return index \u003e\u003d 0 \u0026\u0026 index \u003c taskCount;","lastModifiedDate":"2026-02-11T14:57:41","isFullCredit":false},{"lineNumber":31,"author":{"gitId":"Nishuy52"},"content":"    }","lastModifiedDate":"2026-02-11T14:57:41","isFullCredit":false},{"lineNumber":32,"author":{"gitId":"Nishuy52"},"content":"","lastModifiedDate":"2026-02-11T14:57:41","isFullCredit":false},{"lineNumber":33,"author":{"gitId":"Nishuy52"},"content":"    public void markTaskAsDone(int index) {","lastModifiedDate":"2026-02-11T14:57:41","isFullCredit":false},{"lineNumber":34,"author":{"gitId":"Nishuy52"},"content":"        tasks[index].setDone();","lastModifiedDate":"2026-02-11T14:57:41","isFullCredit":false},{"lineNumber":35,"author":{"gitId":"Nishuy52"},"content":"    }","lastModifiedDate":"2026-02-11T14:57:41","isFullCredit":false},{"lineNumber":36,"author":{"gitId":"Nishuy52"},"content":"","lastModifiedDate":"2026-02-11T14:57:41","isFullCredit":false},{"lineNumber":37,"author":{"gitId":"Nishuy52"},"content":"    public void markTaskAsUndone(int index) {","lastModifiedDate":"2026-02-11T14:57:41","isFullCredit":false},{"lineNumber":38,"author":{"gitId":"Nishuy52"},"content":"        tasks[index].setUndone();","lastModifiedDate":"2026-02-11T14:57:41","isFullCredit":false},{"lineNumber":39,"author":{"gitId":"Nishuy52"},"content":"    }","lastModifiedDate":"2026-02-11T14:57:41","isFullCredit":false},{"lineNumber":40,"author":{"gitId":"Nishuy52"},"content":"}","lastModifiedDate":"2026-02-11T14:57:41","isFullCredit":false}],"authorContributionMap":{"Nishuy52":40}},{"path":"src/main/java/pippy/task/Todo.java","fileType":"java","lines":[{"lineNumber":1,"author":{"gitId":"Nishuy52"},"content":"package pippy.task;","lastModifiedDate":"2026-02-11T15:06:01","isFullCredit":false},{"lineNumber":2,"author":{"gitId":"Nishuy52"},"content":"","lastModifiedDate":"2026-02-11T15:06:01","isFullCredit":false},{"lineNumber":3,"author":{"gitId":"Nishuy52"},"content":"public class Todo extends Task{","lastModifiedDate":"2026-02-03T23:52:51","isFullCredit":false},{"lineNumber":4,"author":{"gitId":"Nishuy52"},"content":"    public Todo(String description) {","lastModifiedDate":"2026-02-03T23:52:51","isFullCredit":false},{"lineNumber":5,"author":{"gitId":"Nishuy52"},"content":"        super(description);","lastModifiedDate":"2026-02-03T23:52:51","isFullCredit":false},{"lineNumber":6,"author":{"gitId":"Nishuy52"},"content":"    }","lastModifiedDate":"2026-02-03T23:52:51","isFullCredit":false},{"lineNumber":7,"author":{"gitId":"Nishuy52"},"content":"    @Override","lastModifiedDate":"2026-02-03T23:52:51","isFullCredit":false},{"lineNumber":8,"author":{"gitId":"Nishuy52"},"content":"    public String toString() {","lastModifiedDate":"2026-02-03T23:52:51","isFullCredit":false},{"lineNumber":9,"author":{"gitId":"Nishuy52"},"content":"        return \"[T]\" + super.toString();","lastModifiedDate":"2026-02-03T23:52:51","isFullCredit":false},{"lineNumber":10,"author":{"gitId":"Nishuy52"},"content":"    }","lastModifiedDate":"2026-02-03T23:52:51","isFullCredit":false},{"lineNumber":11,"author":{"gitId":"Nishuy52"},"content":"}","lastModifiedDate":"2026-02-03T23:52:51","isFullCredit":false}],"authorContributionMap":{"Nishuy52":11}},{"path":"src/main/java/pippy/ui/Parser.java","fileType":"java","lines":[{"lineNumber":1,"author":{"gitId":"Nishuy52"},"content":"package pippy.ui;","lastModifiedDate":"2026-02-11T15:06:01","isFullCredit":false},{"lineNumber":2,"author":{"gitId":"Nishuy52"},"content":"","lastModifiedDate":"2026-02-11T15:06:01","isFullCredit":false},{"lineNumber":3,"author":{"gitId":"Nishuy52"},"content":"public class Parser {","lastModifiedDate":"2026-02-11T14:57:41","isFullCredit":false},{"lineNumber":4,"author":{"gitId":"Nishuy52"},"content":"","lastModifiedDate":"2026-02-11T14:57:41","isFullCredit":false},{"lineNumber":5,"author":{"gitId":"Nishuy52"},"content":"    public static String getCommand(String input) {","lastModifiedDate":"2026-02-11T14:57:41","isFullCredit":false},{"lineNumber":6,"author":{"gitId":"Nishuy52"},"content":"        return input.split(\" \")[0];","lastModifiedDate":"2026-02-11T14:57:41","isFullCredit":false},{"lineNumber":7,"author":{"gitId":"Nishuy52"},"content":"    }","lastModifiedDate":"2026-02-11T14:57:41","isFullCredit":false},{"lineNumber":8,"author":{"gitId":"Nishuy52"},"content":"","lastModifiedDate":"2026-02-11T14:57:41","isFullCredit":false},{"lineNumber":9,"author":{"gitId":"Nishuy52"},"content":"    public static String[] parseTodoCommand(String input) throws PippyException {","lastModifiedDate":"2026-02-11T14:57:41","isFullCredit":false},{"lineNumber":10,"author":{"gitId":"Nishuy52"},"content":"        String[] components \u003d input.split(\" \", 2);","lastModifiedDate":"2026-02-11T14:57:41","isFullCredit":false},{"lineNumber":11,"author":{"gitId":"Nishuy52"},"content":"        if (components.length \u003c 2 || components[1].trim().isEmpty()) {","lastModifiedDate":"2026-02-11T14:57:41","isFullCredit":false},{"lineNumber":12,"author":{"gitId":"Nishuy52"},"content":"            throw new PippyException(\"TODO_EMPTY\");","lastModifiedDate":"2026-02-11T14:57:41","isFullCredit":false},{"lineNumber":13,"author":{"gitId":"Nishuy52"},"content":"        }","lastModifiedDate":"2026-02-11T14:57:41","isFullCredit":false},{"lineNumber":14,"author":{"gitId":"Nishuy52"},"content":"        return new String[]{components[1]};","lastModifiedDate":"2026-02-11T14:57:41","isFullCredit":false},{"lineNumber":15,"author":{"gitId":"Nishuy52"},"content":"    }","lastModifiedDate":"2026-02-11T14:57:41","isFullCredit":false},{"lineNumber":16,"author":{"gitId":"Nishuy52"},"content":"","lastModifiedDate":"2026-02-11T14:57:41","isFullCredit":false},{"lineNumber":17,"author":{"gitId":"Nishuy52"},"content":"    public static String[] parseDeadlineCommand(String input) throws PippyException {","lastModifiedDate":"2026-02-11T14:57:41","isFullCredit":false},{"lineNumber":18,"author":{"gitId":"Nishuy52"},"content":"        String[] components \u003d input.split(\" \", 2);","lastModifiedDate":"2026-02-11T14:57:41","isFullCredit":false},{"lineNumber":19,"author":{"gitId":"Nishuy52"},"content":"        if (components.length \u003c 2) {","lastModifiedDate":"2026-02-11T14:57:41","isFullCredit":false},{"lineNumber":20,"author":{"gitId":"Nishuy52"},"content":"            throw new PippyException(\"DEADLINE_EMPTY\");","lastModifiedDate":"2026-02-11T14:57:41","isFullCredit":false},{"lineNumber":21,"author":{"gitId":"Nishuy52"},"content":"        }","lastModifiedDate":"2026-02-11T14:57:41","isFullCredit":false},{"lineNumber":22,"author":{"gitId":"Nishuy52"},"content":"        ","lastModifiedDate":"2026-02-11T14:57:41","isFullCredit":false},{"lineNumber":23,"author":{"gitId":"Nishuy52"},"content":"        String[] nameAndDeadline \u003d components[1].split(\" /by \", 2);","lastModifiedDate":"2026-02-11T14:57:41","isFullCredit":false},{"lineNumber":24,"author":{"gitId":"Nishuy52"},"content":"        if (nameAndDeadline.length \u003c 2) {","lastModifiedDate":"2026-02-11T14:57:41","isFullCredit":false},{"lineNumber":25,"author":{"gitId":"Nishuy52"},"content":"            throw new PippyException(\"DEADLINE_FORMAT\");","lastModifiedDate":"2026-02-11T14:57:41","isFullCredit":false},{"lineNumber":26,"author":{"gitId":"Nishuy52"},"content":"        }","lastModifiedDate":"2026-02-11T14:57:41","isFullCredit":false},{"lineNumber":27,"author":{"gitId":"Nishuy52"},"content":"        ","lastModifiedDate":"2026-02-11T14:57:41","isFullCredit":false},{"lineNumber":28,"author":{"gitId":"Nishuy52"},"content":"        return nameAndDeadline;","lastModifiedDate":"2026-02-11T14:57:41","isFullCredit":false},{"lineNumber":29,"author":{"gitId":"Nishuy52"},"content":"    }","lastModifiedDate":"2026-02-11T14:57:41","isFullCredit":false},{"lineNumber":30,"author":{"gitId":"Nishuy52"},"content":"","lastModifiedDate":"2026-02-11T14:57:41","isFullCredit":false},{"lineNumber":31,"author":{"gitId":"Nishuy52"},"content":"    public static String[] parseEventCommand(String input) throws PippyException {","lastModifiedDate":"2026-02-11T14:57:41","isFullCredit":false},{"lineNumber":32,"author":{"gitId":"Nishuy52"},"content":"        String[] components \u003d input.split(\" \", 2);","lastModifiedDate":"2026-02-11T14:57:41","isFullCredit":false},{"lineNumber":33,"author":{"gitId":"Nishuy52"},"content":"        if (components.length \u003c 2) {","lastModifiedDate":"2026-02-11T14:57:41","isFullCredit":false},{"lineNumber":34,"author":{"gitId":"Nishuy52"},"content":"            throw new PippyException(\"EVENT_EMPTY\");","lastModifiedDate":"2026-02-11T14:57:41","isFullCredit":false},{"lineNumber":35,"author":{"gitId":"Nishuy52"},"content":"        }","lastModifiedDate":"2026-02-11T14:57:41","isFullCredit":false},{"lineNumber":36,"author":{"gitId":"Nishuy52"},"content":"        ","lastModifiedDate":"2026-02-11T14:57:41","isFullCredit":false},{"lineNumber":37,"author":{"gitId":"Nishuy52"},"content":"        String[] nameAndTime \u003d components[1].split(\" /from \", 2);","lastModifiedDate":"2026-02-11T14:57:41","isFullCredit":false},{"lineNumber":38,"author":{"gitId":"Nishuy52"},"content":"        if (nameAndTime.length \u003c 2) {","lastModifiedDate":"2026-02-11T14:57:41","isFullCredit":false},{"lineNumber":39,"author":{"gitId":"Nishuy52"},"content":"            throw new PippyException(\"EVENT_FORMAT\");","lastModifiedDate":"2026-02-11T14:57:41","isFullCredit":false},{"lineNumber":40,"author":{"gitId":"Nishuy52"},"content":"        }","lastModifiedDate":"2026-02-11T14:57:41","isFullCredit":false},{"lineNumber":41,"author":{"gitId":"Nishuy52"},"content":"        ","lastModifiedDate":"2026-02-11T14:57:41","isFullCredit":false},{"lineNumber":42,"author":{"gitId":"Nishuy52"},"content":"        String[] timings \u003d nameAndTime[1].split(\" /to \", 2);","lastModifiedDate":"2026-02-11T14:57:41","isFullCredit":false},{"lineNumber":43,"author":{"gitId":"Nishuy52"},"content":"        if (timings.length \u003c 2) {","lastModifiedDate":"2026-02-11T14:57:41","isFullCredit":false},{"lineNumber":44,"author":{"gitId":"Nishuy52"},"content":"            throw new PippyException(\"EVENT_FORMAT\");","lastModifiedDate":"2026-02-11T14:57:41","isFullCredit":false},{"lineNumber":45,"author":{"gitId":"Nishuy52"},"content":"        }","lastModifiedDate":"2026-02-11T14:57:41","isFullCredit":false},{"lineNumber":46,"author":{"gitId":"Nishuy52"},"content":"        ","lastModifiedDate":"2026-02-11T14:57:41","isFullCredit":false},{"lineNumber":47,"author":{"gitId":"Nishuy52"},"content":"        return new String[]{nameAndTime[0], timings[0], timings[1]};","lastModifiedDate":"2026-02-11T14:57:41","isFullCredit":false},{"lineNumber":48,"author":{"gitId":"Nishuy52"},"content":"    }","lastModifiedDate":"2026-02-11T14:57:41","isFullCredit":false},{"lineNumber":49,"author":{"gitId":"Nishuy52"},"content":"","lastModifiedDate":"2026-02-11T14:57:41","isFullCredit":false},{"lineNumber":50,"author":{"gitId":"Nishuy52"},"content":"    public static int parseTaskIndex(String input) throws PippyException {","lastModifiedDate":"2026-02-11T14:57:41","isFullCredit":false},{"lineNumber":51,"author":{"gitId":"Nishuy52"},"content":"        String[] components \u003d input.split(\" \");","lastModifiedDate":"2026-02-11T14:57:41","isFullCredit":false},{"lineNumber":52,"author":{"gitId":"Nishuy52"},"content":"        if (components.length \u003c 2) {","lastModifiedDate":"2026-02-11T14:57:41","isFullCredit":false},{"lineNumber":53,"author":{"gitId":"Nishuy52"},"content":"            throw new PippyException(\"INDEX_MISSING\");","lastModifiedDate":"2026-02-11T14:57:41","isFullCredit":false},{"lineNumber":54,"author":{"gitId":"Nishuy52"},"content":"        }","lastModifiedDate":"2026-02-11T14:57:41","isFullCredit":false},{"lineNumber":55,"author":{"gitId":"Nishuy52"},"content":"        ","lastModifiedDate":"2026-02-11T14:57:41","isFullCredit":false},{"lineNumber":56,"author":{"gitId":"Nishuy52"},"content":"        String indexString \u003d components[1].trim();","lastModifiedDate":"2026-02-11T14:57:41","isFullCredit":false},{"lineNumber":57,"author":{"gitId":"Nishuy52"},"content":"        int index;","lastModifiedDate":"2026-02-11T14:57:41","isFullCredit":false},{"lineNumber":58,"author":{"gitId":"Nishuy52"},"content":"        ","lastModifiedDate":"2026-02-11T14:57:41","isFullCredit":false},{"lineNumber":59,"author":{"gitId":"Nishuy52"},"content":"        try {","lastModifiedDate":"2026-02-11T14:57:41","isFullCredit":false},{"lineNumber":60,"author":{"gitId":"Nishuy52"},"content":"            index \u003d Integer.parseInt(indexString) - 1;","lastModifiedDate":"2026-02-11T14:57:41","isFullCredit":false},{"lineNumber":61,"author":{"gitId":"Nishuy52"},"content":"        } catch (NumberFormatException e) {","lastModifiedDate":"2026-02-11T14:57:41","isFullCredit":false},{"lineNumber":62,"author":{"gitId":"Nishuy52"},"content":"            throw new PippyException(\"INDEX_NOT_NUMBER\");","lastModifiedDate":"2026-02-11T14:57:41","isFullCredit":false},{"lineNumber":63,"author":{"gitId":"Nishuy52"},"content":"        }","lastModifiedDate":"2026-02-11T14:57:41","isFullCredit":false},{"lineNumber":64,"author":{"gitId":"Nishuy52"},"content":"        ","lastModifiedDate":"2026-02-11T14:57:41","isFullCredit":false},{"lineNumber":65,"author":{"gitId":"Nishuy52"},"content":"        if (index \u003c 0) {","lastModifiedDate":"2026-02-11T14:57:41","isFullCredit":false},{"lineNumber":66,"author":{"gitId":"Nishuy52"},"content":"            throw new PippyException(\"INDEX_NEGATIVE\");","lastModifiedDate":"2026-02-11T14:57:41","isFullCredit":false},{"lineNumber":67,"author":{"gitId":"Nishuy52"},"content":"        }","lastModifiedDate":"2026-02-11T14:57:41","isFullCredit":false},{"lineNumber":68,"author":{"gitId":"Nishuy52"},"content":"        ","lastModifiedDate":"2026-02-11T14:57:41","isFullCredit":false},{"lineNumber":69,"author":{"gitId":"Nishuy52"},"content":"        return index;","lastModifiedDate":"2026-02-11T14:57:41","isFullCredit":false},{"lineNumber":70,"author":{"gitId":"Nishuy52"},"content":"    }","lastModifiedDate":"2026-02-11T14:57:41","isFullCredit":false},{"lineNumber":71,"author":{"gitId":"Nishuy52"},"content":"}","lastModifiedDate":"2026-02-11T14:57:41","isFullCredit":false}],"authorContributionMap":{"Nishuy52":71}},{"path":"src/main/java/pippy/ui/Pippy.java","fileType":"java","lines":[{"lineNumber":1,"author":{"gitId":"Nishuy52"},"content":"package pippy.ui;","lastModifiedDate":"2026-02-11T15:06:01","isFullCredit":false},{"lineNumber":2,"author":{"gitId":"Nishuy52"},"content":"","lastModifiedDate":"2026-02-11T15:06:01","isFullCredit":false},{"lineNumber":3,"author":{"gitId":"Nishuy52"},"content":"import pippy.task.*;","lastModifiedDate":"2026-02-11T15:06:01","isFullCredit":false},{"lineNumber":4,"author":{"gitId":"Nishuy52"},"content":"","lastModifiedDate":"2026-02-11T15:06:01","isFullCredit":false},{"lineNumber":5,"author":{"gitId":"Nishuy52"},"content":"import java.util.Scanner;","lastModifiedDate":"2026-01-29T23:30:57","isFullCredit":false},{"lineNumber":6,"author":{"gitId":"Nishuy52"},"content":"","lastModifiedDate":"2026-02-11T14:57:41","isFullCredit":false},{"lineNumber":7,"author":{"gitId":"Nishuy52"},"content":"public class Pippy {","lastModifiedDate":"2026-01-25T20:15:10","isFullCredit":false},{"lineNumber":8,"author":{"gitId":"Nishuy52"},"content":"    private static final int MAX_TASKS \u003d 100;","lastModifiedDate":"2026-02-11T14:57:41","isFullCredit":false},{"lineNumber":9,"author":{"gitId":"Nishuy52"},"content":"    ","lastModifiedDate":"2026-02-11T14:57:41","isFullCredit":false},{"lineNumber":10,"author":{"gitId":"Nishuy52"},"content":"    private final TaskList taskList;","lastModifiedDate":"2026-02-11T14:57:41","isFullCredit":false},{"lineNumber":11,"author":{"gitId":"Nishuy52"},"content":"    private final UI ui;","lastModifiedDate":"2026-02-11T14:57:41","isFullCredit":false},{"lineNumber":12,"author":{"gitId":"Nishuy52"},"content":"    private final Scanner scanner;","lastModifiedDate":"2026-02-11T14:57:41","isFullCredit":false},{"lineNumber":13,"author":{"gitId":"Nishuy52"},"content":"    private boolean isRunning;","lastModifiedDate":"2026-02-11T14:57:41","isFullCredit":false},{"lineNumber":14,"author":{"gitId":"Nishuy52"},"content":"","lastModifiedDate":"2026-02-11T14:57:41","isFullCredit":false},{"lineNumber":15,"author":{"gitId":"Nishuy52"},"content":"    public Pippy() {","lastModifiedDate":"2026-02-11T14:57:41","isFullCredit":false},{"lineNumber":16,"author":{"gitId":"Nishuy52"},"content":"        this.taskList \u003d new TaskList(MAX_TASKS);","lastModifiedDate":"2026-02-11T14:57:41","isFullCredit":false},{"lineNumber":17,"author":{"gitId":"Nishuy52"},"content":"        this.ui \u003d new UI();","lastModifiedDate":"2026-02-11T14:57:41","isFullCredit":false},{"lineNumber":18,"author":{"gitId":"Nishuy52"},"content":"        this.scanner \u003d new Scanner(System.in);","lastModifiedDate":"2026-02-11T14:57:41","isFullCredit":false},{"lineNumber":19,"author":{"gitId":"Nishuy52"},"content":"        this.isRunning \u003d false;","lastModifiedDate":"2026-02-11T14:57:41","isFullCredit":false},{"lineNumber":20,"author":{"gitId":"Nishuy52"},"content":"    }","lastModifiedDate":"2026-02-11T14:57:41","isFullCredit":false},{"lineNumber":21,"author":{"gitId":"Nishuy52"},"content":"","lastModifiedDate":"2026-02-11T14:57:41","isFullCredit":false},{"lineNumber":22,"author":{"gitId":"Nishuy52"},"content":"    public static void main(String[] args) {","lastModifiedDate":"2026-02-04T00:30:43","isFullCredit":false},{"lineNumber":23,"author":{"gitId":"Nishuy52"},"content":"        new Pippy().run();","lastModifiedDate":"2026-02-11T14:57:41","isFullCredit":false},{"lineNumber":24,"author":{"gitId":"Nishuy52"},"content":"    }","lastModifiedDate":"2026-02-11T14:57:41","isFullCredit":false},{"lineNumber":25,"author":{"gitId":"Nishuy52"},"content":"","lastModifiedDate":"2026-02-11T14:57:41","isFullCredit":false},{"lineNumber":26,"author":{"gitId":"Nishuy52"},"content":"    public void run() {","lastModifiedDate":"2026-02-11T14:57:41","isFullCredit":false},{"lineNumber":27,"author":{"gitId":"Nishuy52"},"content":"        ui.showWelcome();","lastModifiedDate":"2026-02-11T14:57:41","isFullCredit":false},{"lineNumber":28,"author":{"gitId":"Nishuy52"},"content":"        isRunning \u003d true;","lastModifiedDate":"2026-02-11T14:57:41","isFullCredit":false},{"lineNumber":29,"author":{"gitId":"Nishuy52"},"content":"        ","lastModifiedDate":"2026-02-11T14:57:41","isFullCredit":false},{"lineNumber":30,"author":{"gitId":"Nishuy52"},"content":"        while (isRunning) {","lastModifiedDate":"2026-02-11T14:57:41","isFullCredit":false},{"lineNumber":31,"author":{"gitId":"Nishuy52"},"content":"            ui.showLine();","lastModifiedDate":"2026-02-11T14:57:41","isFullCredit":false},{"lineNumber":32,"author":{"gitId":"Nishuy52"},"content":"            String input \u003d scanner.nextLine();","lastModifiedDate":"2026-02-11T14:57:41","isFullCredit":false},{"lineNumber":33,"author":{"gitId":"Nishuy52"},"content":"            processInput(input);","lastModifiedDate":"2026-02-11T14:57:41","isFullCredit":false},{"lineNumber":34,"author":{"gitId":"Nishuy52"},"content":"        }","lastModifiedDate":"2026-02-11T14:57:41","isFullCredit":false},{"lineNumber":35,"author":{"gitId":"Nishuy52"},"content":"    }","lastModifiedDate":"2026-02-11T14:57:41","isFullCredit":false},{"lineNumber":36,"author":{"gitId":"Nishuy52"},"content":"","lastModifiedDate":"2026-02-11T14:57:41","isFullCredit":false},{"lineNumber":37,"author":{"gitId":"Nishuy52"},"content":"    private void processInput(String input) {","lastModifiedDate":"2026-02-11T14:57:41","isFullCredit":false},{"lineNumber":38,"author":{"gitId":"Nishuy52"},"content":"        if (input.trim().isEmpty()) {","lastModifiedDate":"2026-02-11T14:57:41","isFullCredit":false},{"lineNumber":39,"author":{"gitId":"Nishuy52"},"content":"            return;","lastModifiedDate":"2026-02-11T14:57:41","isFullCredit":false},{"lineNumber":40,"author":{"gitId":"Nishuy52"},"content":"        }","lastModifiedDate":"2026-02-11T14:57:41","isFullCredit":false},{"lineNumber":41,"author":{"gitId":"Nishuy52"},"content":"        ","lastModifiedDate":"2026-02-11T14:57:41","isFullCredit":false},{"lineNumber":42,"author":{"gitId":"Nishuy52"},"content":"        if (input.equals(\"bye\")) {","lastModifiedDate":"2026-02-11T14:57:41","isFullCredit":false},{"lineNumber":43,"author":{"gitId":"Nishuy52"},"content":"            handleExit();","lastModifiedDate":"2026-02-11T14:57:41","isFullCredit":false},{"lineNumber":44,"author":{"gitId":"Nishuy52"},"content":"            return;","lastModifiedDate":"2026-01-29T23:30:57","isFullCredit":false},{"lineNumber":45,"author":{"gitId":"Nishuy52"},"content":"        }","lastModifiedDate":"2026-01-29T23:30:57","isFullCredit":false},{"lineNumber":46,"author":{"gitId":"Nishuy52"},"content":"        ","lastModifiedDate":"2026-02-11T14:57:41","isFullCredit":false},{"lineNumber":47,"author":{"gitId":"Nishuy52"},"content":"        try {","lastModifiedDate":"2026-01-29T23:30:57","isFullCredit":false},{"lineNumber":48,"author":{"gitId":"Nishuy52"},"content":"            executeCommand(input);","lastModifiedDate":"2026-02-11T14:57:41","isFullCredit":false},{"lineNumber":49,"author":{"gitId":"Nishuy52"},"content":"        } catch (PippyException e) {","lastModifiedDate":"2026-02-11T14:57:41","isFullCredit":false},{"lineNumber":50,"author":{"gitId":"Nishuy52"},"content":"            ui.showError(e.getMessage());","lastModifiedDate":"2026-02-11T14:57:41","isFullCredit":false},{"lineNumber":51,"author":{"gitId":"Nishuy52"},"content":"        }","lastModifiedDate":"2026-01-29T23:30:57","isFullCredit":false},{"lineNumber":52,"author":{"gitId":"Nishuy52"},"content":"    }","lastModifiedDate":"2026-01-29T23:30:57","isFullCredit":false},{"lineNumber":53,"author":{"gitId":"Nishuy52"},"content":"","lastModifiedDate":"2026-02-11T14:57:41","isFullCredit":false},{"lineNumber":54,"author":{"gitId":"Nishuy52"},"content":"    private void executeCommand(String input) throws PippyException {","lastModifiedDate":"2026-02-11T14:57:41","isFullCredit":false},{"lineNumber":55,"author":{"gitId":"Nishuy52"},"content":"        String command \u003d Parser.getCommand(input);","lastModifiedDate":"2026-02-11T14:57:41","isFullCredit":false},{"lineNumber":56,"author":{"gitId":"Nishuy52"},"content":"        ","lastModifiedDate":"2026-02-11T14:57:41","isFullCredit":false},{"lineNumber":57,"author":{"gitId":"Nishuy52"},"content":"        switch (command) {","lastModifiedDate":"2026-02-11T14:57:41","isFullCredit":false},{"lineNumber":58,"author":{"gitId":"Nishuy52"},"content":"            case \"list\" -\u003e handleList();","lastModifiedDate":"2026-02-11T14:57:41","isFullCredit":false},{"lineNumber":59,"author":{"gitId":"Nishuy52"},"content":"            case \"todo\" -\u003e handleTodo(input);","lastModifiedDate":"2026-02-11T14:57:41","isFullCredit":false},{"lineNumber":60,"author":{"gitId":"Nishuy52"},"content":"            case \"deadline\" -\u003e handleDeadline(input);","lastModifiedDate":"2026-02-11T14:57:41","isFullCredit":false},{"lineNumber":61,"author":{"gitId":"Nishuy52"},"content":"            case \"event\" -\u003e handleEvent(input);","lastModifiedDate":"2026-02-11T14:57:41","isFullCredit":false},{"lineNumber":62,"author":{"gitId":"Nishuy52"},"content":"            case \"mark\" -\u003e handleMark(input);","lastModifiedDate":"2026-02-11T14:57:41","isFullCredit":false},{"lineNumber":63,"author":{"gitId":"Nishuy52"},"content":"            case \"unmark\" -\u003e handleUnmark(input);","lastModifiedDate":"2026-02-11T14:57:41","isFullCredit":false},{"lineNumber":64,"author":{"gitId":"Nishuy52"},"content":"            default -\u003e {","lastModifiedDate":"2026-02-11T14:57:41","isFullCredit":false},{"lineNumber":65,"author":{"gitId":"Nishuy52"},"content":"                // Unknown commands are silently ignored in the original","lastModifiedDate":"2026-02-11T14:57:41","isFullCredit":false},{"lineNumber":66,"author":{"gitId":"Nishuy52"},"content":"            }","lastModifiedDate":"2026-01-29T23:30:57","isFullCredit":false},{"lineNumber":67,"author":{"gitId":"Nishuy52"},"content":"        }","lastModifiedDate":"2026-01-29T23:30:57","isFullCredit":false},{"lineNumber":68,"author":{"gitId":"Nishuy52"},"content":"    }","lastModifiedDate":"2026-01-29T23:30:57","isFullCredit":false},{"lineNumber":69,"author":{"gitId":"Nishuy52"},"content":"","lastModifiedDate":"2026-02-11T14:57:41","isFullCredit":false},{"lineNumber":70,"author":{"gitId":"Nishuy52"},"content":"    private void handleExit() {","lastModifiedDate":"2026-02-11T14:57:41","isFullCredit":false},{"lineNumber":71,"author":{"gitId":"Nishuy52"},"content":"        ui.showGoodbye();","lastModifiedDate":"2026-02-11T14:57:41","isFullCredit":false},{"lineNumber":72,"author":{"gitId":"Nishuy52"},"content":"        isRunning \u003d false;","lastModifiedDate":"2026-02-11T14:57:41","isFullCredit":false},{"lineNumber":73,"author":{"gitId":"Nishuy52"},"content":"    }","lastModifiedDate":"2026-02-11T14:57:41","isFullCredit":false},{"lineNumber":74,"author":{"gitId":"Nishuy52"},"content":"","lastModifiedDate":"2026-02-11T14:57:41","isFullCredit":false},{"lineNumber":75,"author":{"gitId":"Nishuy52"},"content":"    private void handleList() {","lastModifiedDate":"2026-02-11T14:57:41","isFullCredit":false},{"lineNumber":76,"author":{"gitId":"Nishuy52"},"content":"        ui.showTaskList(taskList.getTasks(), taskList.getTaskCount());","lastModifiedDate":"2026-02-11T14:57:41","isFullCredit":false},{"lineNumber":77,"author":{"gitId":"Nishuy52"},"content":"    }","lastModifiedDate":"2026-02-11T14:57:41","isFullCredit":false},{"lineNumber":78,"author":{"gitId":"Nishuy52"},"content":"","lastModifiedDate":"2026-02-11T14:57:41","isFullCredit":false},{"lineNumber":79,"author":{"gitId":"Nishuy52"},"content":"    private void handleTodo(String input) throws PippyException {","lastModifiedDate":"2026-02-11T14:57:41","isFullCredit":false},{"lineNumber":80,"author":{"gitId":"Nishuy52"},"content":"        String[] params \u003d Parser.parseTodoCommand(input);","lastModifiedDate":"2026-02-11T14:57:41","isFullCredit":false},{"lineNumber":81,"author":{"gitId":"Nishuy52"},"content":"        Task task \u003d new Todo(params[0]);","lastModifiedDate":"2026-02-11T14:57:41","isFullCredit":false},{"lineNumber":82,"author":{"gitId":"Nishuy52"},"content":"        taskList.addTask(task);","lastModifiedDate":"2026-02-11T14:57:41","isFullCredit":false},{"lineNumber":83,"author":{"gitId":"Nishuy52"},"content":"        ui.showTaskAdded(task, taskList.getTaskCount(), \"Todo\");","lastModifiedDate":"2026-02-11T15:13:04","isFullCredit":false},{"lineNumber":84,"author":{"gitId":"Nishuy52"},"content":"    }","lastModifiedDate":"2026-02-11T14:57:41","isFullCredit":false},{"lineNumber":85,"author":{"gitId":"Nishuy52"},"content":"","lastModifiedDate":"2026-02-11T14:57:41","isFullCredit":false},{"lineNumber":86,"author":{"gitId":"Nishuy52"},"content":"    private void handleDeadline(String input) throws PippyException {","lastModifiedDate":"2026-02-11T14:57:41","isFullCredit":false},{"lineNumber":87,"author":{"gitId":"Nishuy52"},"content":"        String[] params \u003d Parser.parseDeadlineCommand(input);","lastModifiedDate":"2026-02-11T14:57:41","isFullCredit":false},{"lineNumber":88,"author":{"gitId":"Nishuy52"},"content":"        Task task \u003d new Deadline(params[0], params[1]);","lastModifiedDate":"2026-02-11T14:57:41","isFullCredit":false},{"lineNumber":89,"author":{"gitId":"Nishuy52"},"content":"        taskList.addTask(task);","lastModifiedDate":"2026-02-11T14:57:41","isFullCredit":false},{"lineNumber":90,"author":{"gitId":"Nishuy52"},"content":"        ui.showTaskAdded(task, taskList.getTaskCount(), \"Deadline\");","lastModifiedDate":"2026-02-11T15:13:04","isFullCredit":false},{"lineNumber":91,"author":{"gitId":"Nishuy52"},"content":"    }","lastModifiedDate":"2026-02-11T14:57:41","isFullCredit":false},{"lineNumber":92,"author":{"gitId":"Nishuy52"},"content":"","lastModifiedDate":"2026-02-11T14:57:41","isFullCredit":false},{"lineNumber":93,"author":{"gitId":"Nishuy52"},"content":"    private void handleEvent(String input) throws PippyException {","lastModifiedDate":"2026-02-11T14:57:41","isFullCredit":false},{"lineNumber":94,"author":{"gitId":"Nishuy52"},"content":"        String[] params \u003d Parser.parseEventCommand(input);","lastModifiedDate":"2026-02-11T14:57:41","isFullCredit":false},{"lineNumber":95,"author":{"gitId":"Nishuy52"},"content":"        Task task \u003d new Event(params[0], params[1], params[2]);","lastModifiedDate":"2026-02-11T14:57:41","isFullCredit":false},{"lineNumber":96,"author":{"gitId":"Nishuy52"},"content":"        taskList.addTask(task);","lastModifiedDate":"2026-02-11T14:57:41","isFullCredit":false},{"lineNumber":97,"author":{"gitId":"Nishuy52"},"content":"        ui.showTaskAdded(task, taskList.getTaskCount(), \"Event\");","lastModifiedDate":"2026-02-11T15:13:04","isFullCredit":false},{"lineNumber":98,"author":{"gitId":"Nishuy52"},"content":"    }","lastModifiedDate":"2026-02-11T14:57:41","isFullCredit":false},{"lineNumber":99,"author":{"gitId":"Nishuy52"},"content":"","lastModifiedDate":"2026-02-11T14:57:41","isFullCredit":false},{"lineNumber":100,"author":{"gitId":"Nishuy52"},"content":"    private void handleMark(String input) throws PippyException {","lastModifiedDate":"2026-02-11T14:57:41","isFullCredit":false},{"lineNumber":101,"author":{"gitId":"Nishuy52"},"content":"        int index \u003d Parser.parseTaskIndex(input);","lastModifiedDate":"2026-02-11T14:57:41","isFullCredit":false},{"lineNumber":102,"author":{"gitId":"Nishuy52"},"content":"        ","lastModifiedDate":"2026-02-11T14:57:41","isFullCredit":false},{"lineNumber":103,"author":{"gitId":"Nishuy52"},"content":"        if (!taskList.isValidIndex(index)) {","lastModifiedDate":"2026-02-11T14:57:41","isFullCredit":false},{"lineNumber":104,"author":{"gitId":"Nishuy52"},"content":"            throw new PippyException(\"INDEX_TOO_LARGE\");","lastModifiedDate":"2026-02-11T14:57:41","isFullCredit":false},{"lineNumber":105,"author":{"gitId":"Nishuy52"},"content":"        }","lastModifiedDate":"2026-01-29T23:30:57","isFullCredit":false},{"lineNumber":106,"author":{"gitId":"Nishuy52"},"content":"        ","lastModifiedDate":"2026-02-11T14:57:41","isFullCredit":false},{"lineNumber":107,"author":{"gitId":"Nishuy52"},"content":"        taskList.markTaskAsDone(index);","lastModifiedDate":"2026-02-11T14:57:41","isFullCredit":false},{"lineNumber":108,"author":{"gitId":"Nishuy52"},"content":"        ui.showTaskMarked(taskList.getTask(index), true);","lastModifiedDate":"2026-02-11T14:57:41","isFullCredit":false},{"lineNumber":109,"author":{"gitId":"Nishuy52"},"content":"    }","lastModifiedDate":"2026-01-25T20:15:10","isFullCredit":false},{"lineNumber":110,"author":{"gitId":"Nishuy52"},"content":"","lastModifiedDate":"2026-02-11T14:57:41","isFullCredit":false},{"lineNumber":111,"author":{"gitId":"Nishuy52"},"content":"    private void handleUnmark(String input) throws PippyException {","lastModifiedDate":"2026-02-11T14:57:41","isFullCredit":false},{"lineNumber":112,"author":{"gitId":"Nishuy52"},"content":"        int index \u003d Parser.parseTaskIndex(input);","lastModifiedDate":"2026-02-11T14:57:41","isFullCredit":false},{"lineNumber":113,"author":{"gitId":"Nishuy52"},"content":"        ","lastModifiedDate":"2026-02-11T14:57:41","isFullCredit":false},{"lineNumber":114,"author":{"gitId":"Nishuy52"},"content":"        if (!taskList.isValidIndex(index)) {","lastModifiedDate":"2026-02-11T14:57:41","isFullCredit":false},{"lineNumber":115,"author":{"gitId":"Nishuy52"},"content":"            throw new PippyException(\"INDEX_TOO_LARGE\");","lastModifiedDate":"2026-02-11T14:57:41","isFullCredit":false},{"lineNumber":116,"author":{"gitId":"Nishuy52"},"content":"        }","lastModifiedDate":"2026-01-25T20:15:10","isFullCredit":false},{"lineNumber":117,"author":{"gitId":"Nishuy52"},"content":"        ","lastModifiedDate":"2026-01-29T23:30:57","isFullCredit":false},{"lineNumber":118,"author":{"gitId":"Nishuy52"},"content":"        taskList.markTaskAsUndone(index);","lastModifiedDate":"2026-02-11T14:57:41","isFullCredit":false},{"lineNumber":119,"author":{"gitId":"Nishuy52"},"content":"        ui.showTaskMarked(taskList.getTask(index), false);","lastModifiedDate":"2026-02-11T14:57:41","isFullCredit":false},{"lineNumber":120,"author":{"gitId":"Nishuy52"},"content":"    }","lastModifiedDate":"2026-02-11T14:57:41","isFullCredit":false},{"lineNumber":121,"author":{"gitId":"Nishuy52"},"content":"}","lastModifiedDate":"2026-01-29T23:30:57","isFullCredit":false}],"authorContributionMap":{"Nishuy52":121}},{"path":"src/main/java/pippy/ui/PippyException.java","fileType":"java","lines":[{"lineNumber":1,"author":{"gitId":"Nishuy52"},"content":"package pippy.ui;","lastModifiedDate":"2026-02-11T15:06:01","isFullCredit":false},{"lineNumber":2,"author":{"gitId":"Nishuy52"},"content":"","lastModifiedDate":"2026-02-11T15:06:01","isFullCredit":false},{"lineNumber":3,"author":{"gitId":"Nishuy52"},"content":"/**","lastModifiedDate":"2026-02-11T14:57:41","isFullCredit":false},{"lineNumber":4,"author":{"gitId":"Nishuy52"},"content":" * Exception class for pippy.ui.Pippy application errors.","lastModifiedDate":"2026-02-11T15:06:01","isFullCredit":false},{"lineNumber":5,"author":{"gitId":"Nishuy52"},"content":" */","lastModifiedDate":"2026-02-11T14:57:41","isFullCredit":false},{"lineNumber":6,"author":{"gitId":"Nishuy52"},"content":"public class PippyException extends Exception {","lastModifiedDate":"2026-02-11T14:57:41","isFullCredit":false},{"lineNumber":7,"author":{"gitId":"Nishuy52"},"content":"    public PippyException(String message) {","lastModifiedDate":"2026-02-11T14:57:41","isFullCredit":false},{"lineNumber":8,"author":{"gitId":"Nishuy52"},"content":"        super(message);","lastModifiedDate":"2026-02-11T14:57:41","isFullCredit":false},{"lineNumber":9,"author":{"gitId":"Nishuy52"},"content":"    }","lastModifiedDate":"2026-02-11T14:57:41","isFullCredit":false},{"lineNumber":10,"author":{"gitId":"Nishuy52"},"content":"}","lastModifiedDate":"2026-02-11T14:57:41","isFullCredit":false}],"authorContributionMap":{"Nishuy52":10}},{"path":"src/main/java/pippy/ui/UI.java","fileType":"java","lines":[{"lineNumber":1,"author":{"gitId":"Nishuy52"},"content":"package pippy.ui;","lastModifiedDate":"2026-02-11T15:06:01","isFullCredit":false},{"lineNumber":2,"author":{"gitId":"Nishuy52"},"content":"","lastModifiedDate":"2026-02-11T15:06:01","isFullCredit":false},{"lineNumber":3,"author":{"gitId":"Nishuy52"},"content":"import pippy.task.Task;","lastModifiedDate":"2026-02-11T15:06:01","isFullCredit":false},{"lineNumber":4,"author":{"gitId":"Nishuy52"},"content":"","lastModifiedDate":"2026-02-11T15:06:01","isFullCredit":false},{"lineNumber":5,"author":{"gitId":"Nishuy52"},"content":"public class UI {","lastModifiedDate":"2026-02-11T14:57:41","isFullCredit":false},{"lineNumber":6,"author":{"gitId":"Nishuy52"},"content":"    private static final String LOGO \u003d \" ____  _                   \\n\"","lastModifiedDate":"2026-02-11T14:57:41","isFullCredit":false},{"lineNumber":7,"author":{"gitId":"Nishuy52"},"content":"            + \"|  _ \\\\(_)_ __  _ __  _   _ \\n\"","lastModifiedDate":"2026-02-11T14:57:41","isFullCredit":false},{"lineNumber":8,"author":{"gitId":"Nishuy52"},"content":"            + \"| |_) | | \u0027_ \\\\| \u0027_ \\\\| | | |\\n\"","lastModifiedDate":"2026-02-11T14:57:41","isFullCredit":false},{"lineNumber":9,"author":{"gitId":"Nishuy52"},"content":"            + \"|  __/| | |_) | |_) | |_| |\\n\"","lastModifiedDate":"2026-02-11T14:57:41","isFullCredit":false},{"lineNumber":10,"author":{"gitId":"Nishuy52"},"content":"            + \"|_|   |_| .__/| .__/ \\\\__, |\\n\"","lastModifiedDate":"2026-02-11T14:57:41","isFullCredit":false},{"lineNumber":11,"author":{"gitId":"Nishuy52"},"content":"            + \"        |_|   |_|    |___/ \\n\";","lastModifiedDate":"2026-02-11T14:57:41","isFullCredit":false},{"lineNumber":12,"author":{"gitId":"Nishuy52"},"content":"","lastModifiedDate":"2026-02-11T14:57:41","isFullCredit":false},{"lineNumber":13,"author":{"gitId":"Nishuy52"},"content":"    private static final String GREETING \u003d \" Hello! I\u0027m Pippy\\n What can I do for you?\\n\";","lastModifiedDate":"2026-02-11T15:13:04","isFullCredit":false},{"lineNumber":14,"author":{"gitId":"Nishuy52"},"content":"    private static final String FAREWELL \u003d \" Bye. Hope to see you again soon!\\n\";","lastModifiedDate":"2026-02-11T14:57:41","isFullCredit":false},{"lineNumber":15,"author":{"gitId":"Nishuy52"},"content":"    private static final String LINE \u003d \"____________________________________________________________\\n\";","lastModifiedDate":"2026-02-11T14:57:41","isFullCredit":false},{"lineNumber":16,"author":{"gitId":"Nishuy52"},"content":"    ","lastModifiedDate":"2026-02-11T14:57:41","isFullCredit":false},{"lineNumber":17,"author":{"gitId":"Nishuy52"},"content":"    // Error messages","lastModifiedDate":"2026-02-11T14:57:41","isFullCredit":false},{"lineNumber":18,"author":{"gitId":"Nishuy52"},"content":"    private static final String ERROR_TODO_EMPTY \u003d \"Give your task a name, you lazy buffoon\\nFormat: todo [task]\";","lastModifiedDate":"2026-02-11T14:57:41","isFullCredit":false},{"lineNumber":19,"author":{"gitId":"Nishuy52"},"content":"    private static final String ERROR_DEADLINE_EMPTY \u003d \"Give your task a name, you lazy buffoon\\nFormat: deadline [taskname] /by [datetime]\";","lastModifiedDate":"2026-02-11T14:57:41","isFullCredit":false},{"lineNumber":20,"author":{"gitId":"Nishuy52"},"content":"    private static final String ERROR_DEADLINE_FORMAT \u003d \"There\u0027s a format for a reason smartass\\nFormat: deadline [taskname] /by [datetime]\";","lastModifiedDate":"2026-02-11T14:57:41","isFullCredit":false},{"lineNumber":21,"author":{"gitId":"Nishuy52"},"content":"    private static final String ERROR_EVENT_EMPTY \u003d \"Give your event a name, you lazy buffoon\\nFormat: event [event] /from [datetime] /to [datetime]\";","lastModifiedDate":"2026-02-11T14:57:41","isFullCredit":false},{"lineNumber":22,"author":{"gitId":"Nishuy52"},"content":"    private static final String ERROR_EVENT_FORMAT \u003d \"There\u0027s a format for a reason smartass\\nFormat: event [event] /from [datetime] /to [datetime]\";","lastModifiedDate":"2026-02-11T14:57:41","isFullCredit":false},{"lineNumber":23,"author":{"gitId":"Nishuy52"},"content":"    private static final String ERROR_INDEX_MISSING \u003d \"Invalid index, I need an index to refer to dumbass\";","lastModifiedDate":"2026-02-11T14:57:41","isFullCredit":false},{"lineNumber":24,"author":{"gitId":"Nishuy52"},"content":"    private static final String ERROR_INDEX_NOT_NUMBER \u003d \"Invalid index, Index must be a number you baboon\";","lastModifiedDate":"2026-02-11T14:57:41","isFullCredit":false},{"lineNumber":25,"author":{"gitId":"Nishuy52"},"content":"    private static final String ERROR_INDEX_NEGATIVE \u003d \"Invalid index, would you like to demonstrate what a negative index looks like? I didn\u0027t think so\";","lastModifiedDate":"2026-02-11T14:57:41","isFullCredit":false},{"lineNumber":26,"author":{"gitId":"Nishuy52"},"content":"    private static final String ERROR_INDEX_TOO_LARGE \u003d \"Invalid index, you do not have that many tasks you lazy monkey\";","lastModifiedDate":"2026-02-11T14:57:41","isFullCredit":false},{"lineNumber":27,"author":{"gitId":"Nishuy52"},"content":"","lastModifiedDate":"2026-02-11T14:57:41","isFullCredit":false},{"lineNumber":28,"author":{"gitId":"Nishuy52"},"content":"    // Tasklist Messages","lastModifiedDate":"2026-02-11T14:57:41","isFullCredit":false},{"lineNumber":29,"author":{"gitId":"Nishuy52"},"content":"    private static final String TASK_COUNT_MESSAGE \u003d \"You now have %d tasks in your list, unproductive waste of space\";","lastModifiedDate":"2026-02-11T14:57:41","isFullCredit":false},{"lineNumber":30,"author":{"gitId":"Nishuy52"},"content":"","lastModifiedDate":"2026-02-11T14:57:41","isFullCredit":false},{"lineNumber":31,"author":{"gitId":"Nishuy52"},"content":"    public void showWelcome() {","lastModifiedDate":"2026-02-11T14:57:41","isFullCredit":false},{"lineNumber":32,"author":{"gitId":"Nishuy52"},"content":"        System.out.println(LINE + LOGO + GREETING);","lastModifiedDate":"2026-02-11T14:57:41","isFullCredit":false},{"lineNumber":33,"author":{"gitId":"Nishuy52"},"content":"    }","lastModifiedDate":"2026-02-11T14:57:41","isFullCredit":false},{"lineNumber":34,"author":{"gitId":"Nishuy52"},"content":"","lastModifiedDate":"2026-02-11T14:57:41","isFullCredit":false},{"lineNumber":35,"author":{"gitId":"Nishuy52"},"content":"    public void showGoodbye() {","lastModifiedDate":"2026-02-11T14:57:41","isFullCredit":false},{"lineNumber":36,"author":{"gitId":"Nishuy52"},"content":"        System.out.println(FAREWELL);","lastModifiedDate":"2026-02-11T14:57:41","isFullCredit":false},{"lineNumber":37,"author":{"gitId":"Nishuy52"},"content":"        System.out.println(LINE);","lastModifiedDate":"2026-02-11T14:57:41","isFullCredit":false},{"lineNumber":38,"author":{"gitId":"Nishuy52"},"content":"    }","lastModifiedDate":"2026-02-11T14:57:41","isFullCredit":false},{"lineNumber":39,"author":{"gitId":"Nishuy52"},"content":"","lastModifiedDate":"2026-02-11T14:57:41","isFullCredit":false},{"lineNumber":40,"author":{"gitId":"Nishuy52"},"content":"    public void showLine() {","lastModifiedDate":"2026-02-11T14:57:41","isFullCredit":false},{"lineNumber":41,"author":{"gitId":"Nishuy52"},"content":"        System.out.println(LINE);","lastModifiedDate":"2026-02-11T14:57:41","isFullCredit":false},{"lineNumber":42,"author":{"gitId":"Nishuy52"},"content":"    }","lastModifiedDate":"2026-02-11T14:57:41","isFullCredit":false},{"lineNumber":43,"author":{"gitId":"Nishuy52"},"content":"","lastModifiedDate":"2026-02-11T14:57:41","isFullCredit":false},{"lineNumber":44,"author":{"gitId":"Nishuy52"},"content":"    public void showTaskAdded(Task task, int totalTasks, String taskType) {","lastModifiedDate":"2026-02-11T14:57:41","isFullCredit":false},{"lineNumber":45,"author":{"gitId":"Nishuy52"},"content":"        System.out.println(\"Added \" + taskType + \":\");","lastModifiedDate":"2026-02-11T14:57:41","isFullCredit":false},{"lineNumber":46,"author":{"gitId":"Nishuy52"},"content":"        System.out.println(\"   \" + task.toString());","lastModifiedDate":"2026-02-11T14:57:41","isFullCredit":false},{"lineNumber":47,"author":{"gitId":"Nishuy52"},"content":"        System.out.printf((TASK_COUNT_MESSAGE) + \"%n\", totalTasks);","lastModifiedDate":"2026-02-11T14:57:41","isFullCredit":false},{"lineNumber":48,"author":{"gitId":"Nishuy52"},"content":"    }","lastModifiedDate":"2026-02-11T14:57:41","isFullCredit":false},{"lineNumber":49,"author":{"gitId":"Nishuy52"},"content":"","lastModifiedDate":"2026-02-11T14:57:41","isFullCredit":false},{"lineNumber":50,"author":{"gitId":"Nishuy52"},"content":"    public void showTaskMarked(Task task, boolean isDone) {","lastModifiedDate":"2026-02-11T14:57:41","isFullCredit":false},{"lineNumber":51,"author":{"gitId":"Nishuy52"},"content":"        String status \u003d isDone ? \"Done\" : \"Undone\";","lastModifiedDate":"2026-02-11T14:57:41","isFullCredit":false},{"lineNumber":52,"author":{"gitId":"Nishuy52"},"content":"        System.out.println(\"Marked as \" + status + \": \" + task.toString());","lastModifiedDate":"2026-02-11T14:57:41","isFullCredit":false},{"lineNumber":53,"author":{"gitId":"Nishuy52"},"content":"    }","lastModifiedDate":"2026-02-11T14:57:41","isFullCredit":false},{"lineNumber":54,"author":{"gitId":"Nishuy52"},"content":"","lastModifiedDate":"2026-02-11T14:57:41","isFullCredit":false},{"lineNumber":55,"author":{"gitId":"Nishuy52"},"content":"    public void showError(String errorType) {","lastModifiedDate":"2026-02-11T14:57:41","isFullCredit":false},{"lineNumber":56,"author":{"gitId":"Nishuy52"},"content":"        String message \u003d switch (errorType) {","lastModifiedDate":"2026-02-11T14:57:41","isFullCredit":false},{"lineNumber":57,"author":{"gitId":"Nishuy52"},"content":"            case \"TODO_EMPTY\" -\u003e ERROR_TODO_EMPTY;","lastModifiedDate":"2026-02-11T14:57:41","isFullCredit":false},{"lineNumber":58,"author":{"gitId":"Nishuy52"},"content":"            case \"DEADLINE_EMPTY\" -\u003e ERROR_DEADLINE_EMPTY;","lastModifiedDate":"2026-02-11T14:57:41","isFullCredit":false},{"lineNumber":59,"author":{"gitId":"Nishuy52"},"content":"            case \"DEADLINE_FORMAT\" -\u003e ERROR_DEADLINE_FORMAT;","lastModifiedDate":"2026-02-11T14:57:41","isFullCredit":false},{"lineNumber":60,"author":{"gitId":"Nishuy52"},"content":"            case \"EVENT_EMPTY\" -\u003e ERROR_EVENT_EMPTY;","lastModifiedDate":"2026-02-11T14:57:41","isFullCredit":false},{"lineNumber":61,"author":{"gitId":"Nishuy52"},"content":"            case \"EVENT_FORMAT\" -\u003e ERROR_EVENT_FORMAT;","lastModifiedDate":"2026-02-11T14:57:41","isFullCredit":false},{"lineNumber":62,"author":{"gitId":"Nishuy52"},"content":"            case \"INDEX_MISSING\" -\u003e ERROR_INDEX_MISSING;","lastModifiedDate":"2026-02-11T14:57:41","isFullCredit":false},{"lineNumber":63,"author":{"gitId":"Nishuy52"},"content":"            case \"INDEX_NOT_NUMBER\" -\u003e ERROR_INDEX_NOT_NUMBER;","lastModifiedDate":"2026-02-11T14:57:41","isFullCredit":false},{"lineNumber":64,"author":{"gitId":"Nishuy52"},"content":"            case \"INDEX_NEGATIVE\" -\u003e ERROR_INDEX_NEGATIVE;","lastModifiedDate":"2026-02-11T14:57:41","isFullCredit":false},{"lineNumber":65,"author":{"gitId":"Nishuy52"},"content":"            case \"INDEX_TOO_LARGE\" -\u003e ERROR_INDEX_TOO_LARGE;","lastModifiedDate":"2026-02-11T14:57:41","isFullCredit":false},{"lineNumber":66,"author":{"gitId":"Nishuy52"},"content":"            default -\u003e errorType;","lastModifiedDate":"2026-02-11T14:57:41","isFullCredit":false},{"lineNumber":67,"author":{"gitId":"Nishuy52"},"content":"        };","lastModifiedDate":"2026-02-11T14:57:41","isFullCredit":false},{"lineNumber":68,"author":{"gitId":"Nishuy52"},"content":"        System.out.println(message);","lastModifiedDate":"2026-02-11T14:57:41","isFullCredit":false},{"lineNumber":69,"author":{"gitId":"Nishuy52"},"content":"    }","lastModifiedDate":"2026-02-11T14:57:41","isFullCredit":false},{"lineNumber":70,"author":{"gitId":"Nishuy52"},"content":"","lastModifiedDate":"2026-02-11T14:57:41","isFullCredit":false},{"lineNumber":71,"author":{"gitId":"Nishuy52"},"content":"    public void showTaskList(Task[] tasks, int count) {","lastModifiedDate":"2026-02-11T14:57:41","isFullCredit":false},{"lineNumber":72,"author":{"gitId":"Nishuy52"},"content":"        for (int i \u003d 0; i \u003c count; i++) {","lastModifiedDate":"2026-02-11T14:57:41","isFullCredit":false},{"lineNumber":73,"author":{"gitId":"Nishuy52"},"content":"            System.out.println((i + 1) + \".\" + tasks[i].toString());","lastModifiedDate":"2026-02-11T14:57:41","isFullCredit":false},{"lineNumber":74,"author":{"gitId":"Nishuy52"},"content":"        }","lastModifiedDate":"2026-02-11T14:57:41","isFullCredit":false},{"lineNumber":75,"author":{"gitId":"Nishuy52"},"content":"    }","lastModifiedDate":"2026-02-11T14:57:41","isFullCredit":false},{"lineNumber":76,"author":{"gitId":"Nishuy52"},"content":"}","lastModifiedDate":"2026-02-11T14:57:41","isFullCredit":false}],"authorContributionMap":{"Nishuy52":76}},{"path":"text-ui-test/input.txt","fileType":"txt","lines":[{"lineNumber":1,"author":{"gitId":"Nishuy52"},"content":"todo borrow book","lastModifiedDate":"2026-02-04T00:30:43","isFullCredit":false},{"lineNumber":2,"author":{"gitId":"Nishuy52"},"content":"deadline return book /by Sunday","lastModifiedDate":"2026-02-04T00:30:43","isFullCredit":false},{"lineNumber":3,"author":{"gitId":"Nishuy52"},"content":"event project meeting /from Mon 2pm /to 4pm","lastModifiedDate":"2026-02-04T00:30:43","isFullCredit":false},{"lineNumber":4,"author":{"gitId":"Nishuy52"},"content":"list","lastModifiedDate":"2026-02-04T00:30:43","isFullCredit":false},{"lineNumber":5,"author":{"gitId":"Nishuy52"},"content":"mark 1","lastModifiedDate":"2026-02-04T00:30:43","isFullCredit":false},{"lineNumber":6,"author":{"gitId":"Nishuy52"},"content":"mark 3","lastModifiedDate":"2026-02-04T00:30:43","isFullCredit":false},{"lineNumber":7,"author":{"gitId":"Nishuy52"},"content":"list","lastModifiedDate":"2026-02-04T00:30:43","isFullCredit":false},{"lineNumber":8,"author":{"gitId":"Nishuy52"},"content":"unmark 1","lastModifiedDate":"2026-02-04T00:30:43","isFullCredit":false},{"lineNumber":9,"author":{"gitId":"Nishuy52"},"content":"list","lastModifiedDate":"2026-02-04T00:30:43","isFullCredit":false},{"lineNumber":10,"author":{"gitId":"Nishuy52"},"content":"todo buy groceries","lastModifiedDate":"2026-02-04T00:30:43","isFullCredit":false},{"lineNumber":11,"author":{"gitId":"Nishuy52"},"content":"deadline submit report /by Friday 5pm","lastModifiedDate":"2026-02-04T00:30:43","isFullCredit":false},{"lineNumber":12,"author":{"gitId":"Nishuy52"},"content":"list","lastModifiedDate":"2026-02-04T00:30:43","isFullCredit":false},{"lineNumber":13,"author":{"gitId":"Nishuy52"},"content":"","lastModifiedDate":"2026-02-04T00:30:43","isFullCredit":false},{"lineNumber":14,"author":{"gitId":"Nishuy52"},"content":"todo","lastModifiedDate":"2026-02-04T00:30:43","isFullCredit":false},{"lineNumber":15,"author":{"gitId":"Nishuy52"},"content":"deadline","lastModifiedDate":"2026-02-04T00:30:43","isFullCredit":false},{"lineNumber":16,"author":{"gitId":"Nishuy52"},"content":"event","lastModifiedDate":"2026-02-04T00:30:43","isFullCredit":false},{"lineNumber":17,"author":{"gitId":"Nishuy52"},"content":"todo read book","lastModifiedDate":"2026-02-04T00:30:43","isFullCredit":false},{"lineNumber":18,"author":{"gitId":"Nishuy52"},"content":"deadline","lastModifiedDate":"2026-02-04T00:30:43","isFullCredit":false},{"lineNumber":19,"author":{"gitId":"Nishuy52"},"content":"deadline assignment","lastModifiedDate":"2026-02-04T00:30:43","isFullCredit":false},{"lineNumber":20,"author":{"gitId":"Nishuy52"},"content":"event party /from 8pm","lastModifiedDate":"2026-02-04T00:30:43","isFullCredit":false},{"lineNumber":21,"author":{"gitId":"Nishuy52"},"content":"list","lastModifiedDate":"2026-02-04T00:30:43","isFullCredit":false},{"lineNumber":22,"author":{"gitId":"Nishuy52"},"content":"mark","lastModifiedDate":"2026-02-04T00:30:43","isFullCredit":false},{"lineNumber":23,"author":{"gitId":"Nishuy52"},"content":"mark abc","lastModifiedDate":"2026-02-04T00:30:43","isFullCredit":false},{"lineNumber":24,"author":{"gitId":"Nishuy52"},"content":"mark -1","lastModifiedDate":"2026-02-04T00:30:43","isFullCredit":false},{"lineNumber":25,"author":{"gitId":"Nishuy52"},"content":"mark 99","lastModifiedDate":"2026-02-04T00:30:43","isFullCredit":false},{"lineNumber":26,"author":{"gitId":"Nishuy52"},"content":"mark 8","lastModifiedDate":"2026-02-04T00:30:43","isFullCredit":false},{"lineNumber":27,"author":{"gitId":"Nishuy52"},"content":"unmark","lastModifiedDate":"2026-02-04T00:30:43","isFullCredit":false},{"lineNumber":28,"author":{"gitId":"Nishuy52"},"content":"unmark 8","lastModifiedDate":"2026-02-04T00:30:43","isFullCredit":false},{"lineNumber":29,"author":{"gitId":"Nishuy52"},"content":"list","lastModifiedDate":"2026-02-04T00:30:43","isFullCredit":false},{"lineNumber":30,"author":{"gitId":"Nishuy52"},"content":"todo morning jog","lastModifiedDate":"2026-02-04T00:30:43","isFullCredit":false},{"lineNumber":31,"author":{"gitId":"Nishuy52"},"content":"todo read chapter 5","lastModifiedDate":"2026-02-04T00:30:43","isFullCredit":false},{"lineNumber":32,"author":{"gitId":"Nishuy52"},"content":"deadline eat potato /by Friday 11:59pm","lastModifiedDate":"2026-02-04T00:30:43","isFullCredit":false},{"lineNumber":33,"author":{"gitId":"Nishuy52"},"content":"deadline pay bills /by next Monday","lastModifiedDate":"2026-02-04T00:30:43","isFullCredit":false},{"lineNumber":34,"author":{"gitId":"Nishuy52"},"content":"event team meeting /from 2pm /to 3pm","lastModifiedDate":"2026-02-04T00:30:43","isFullCredit":false},{"lineNumber":35,"author":{"gitId":"Nishuy52"},"content":"event birthday party /from Sat 7pm /to 10pm","lastModifiedDate":"2026-02-04T00:30:43","isFullCredit":false},{"lineNumber":36,"author":{"gitId":"Nishuy52"},"content":"list","lastModifiedDate":"2026-02-04T00:30:43","isFullCredit":false},{"lineNumber":37,"author":{"gitId":"Nishuy52"},"content":"mark 9","lastModifiedDate":"2026-02-04T00:30:43","isFullCredit":false},{"lineNumber":38,"author":{"gitId":"Nishuy52"},"content":"mark 11","lastModifiedDate":"2026-02-04T00:30:43","isFullCredit":false},{"lineNumber":39,"author":{"gitId":"Nishuy52"},"content":"mark 13","lastModifiedDate":"2026-02-04T00:30:43","isFullCredit":false},{"lineNumber":40,"author":{"gitId":"Nishuy52"},"content":"list","lastModifiedDate":"2026-02-04T00:30:43","isFullCredit":false},{"lineNumber":41,"author":{"gitId":"Nishuy52"},"content":"unmark 11","lastModifiedDate":"2026-02-04T00:30:43","isFullCredit":false},{"lineNumber":42,"author":{"gitId":"Nishuy52"},"content":"list","lastModifiedDate":"2026-02-04T00:30:43","isFullCredit":false},{"lineNumber":43,"author":{"gitId":"Nishuy52"},"content":"bye","lastModifiedDate":"2026-02-04T00:30:43","isFullCredit":false}],"authorContributionMap":{"Nishuy52":43}},{"path":"text-ui-test/runtest.bat","fileType":"bat","lines":[{"lineNumber":1,"author":{"gitId":"-"},"content":"@ECHO OFF","lastModifiedDate":"2020-05-25T00:03:55","isFullCredit":false},{"lineNumber":2,"author":{"gitId":"-"},"content":"","lastModifiedDate":"2020-05-25T00:03:55","isFullCredit":false},{"lineNumber":3,"author":{"gitId":"-"},"content":"REM create bin directory if it doesn\u0027t exist","lastModifiedDate":"2020-05-25T00:03:55","isFullCredit":false},{"lineNumber":4,"author":{"gitId":"-"},"content":"if not exist ..\\bin mkdir ..\\bin","lastModifiedDate":"2020-05-25T00:03:55","isFullCredit":false},{"lineNumber":5,"author":{"gitId":"-"},"content":"","lastModifiedDate":"2020-05-25T00:03:55","isFullCredit":false},{"lineNumber":6,"author":{"gitId":"-"},"content":"REM delete output from previous run","lastModifiedDate":"2020-05-25T00:03:55","isFullCredit":false},{"lineNumber":7,"author":{"gitId":"-"},"content":"if exist ACTUAL.TXT del ACTUAL.TXT","lastModifiedDate":"2020-08-25T17:23:26","isFullCredit":false},{"lineNumber":8,"author":{"gitId":"-"},"content":"","lastModifiedDate":"2020-05-25T00:03:55","isFullCredit":false},{"lineNumber":9,"author":{"gitId":"-"},"content":"REM compile the code into the bin folder","lastModifiedDate":"2020-05-25T00:03:55","isFullCredit":false},{"lineNumber":10,"author":{"gitId":"Nishuy52"},"content":"javac  -cp ..\\src\\main\\java -Xlint:none -d ..\\bin ..\\src\\main\\java\\pippy\\task\\*.java ..\\src\\main\\java\\pippy\\ui\\*.java","lastModifiedDate":"2026-02-11T15:22:02","isFullCredit":false},{"lineNumber":11,"author":{"gitId":"-"},"content":"IF ERRORLEVEL 1 (","lastModifiedDate":"2020-05-25T00:03:55","isFullCredit":false},{"lineNumber":12,"author":{"gitId":"-"},"content":"    echo ********** BUILD FAILURE **********","lastModifiedDate":"2020-05-25T00:03:55","isFullCredit":false},{"lineNumber":13,"author":{"gitId":"-"},"content":"    exit /b 1","lastModifiedDate":"2020-05-25T00:03:55","isFullCredit":false},{"lineNumber":14,"author":{"gitId":"-"},"content":")","lastModifiedDate":"2020-05-25T00:03:55","isFullCredit":false},{"lineNumber":15,"author":{"gitId":"-"},"content":"REM no error here, errorlevel \u003d\u003d 0","lastModifiedDate":"2020-05-25T00:03:55","isFullCredit":false},{"lineNumber":16,"author":{"gitId":"-"},"content":"","lastModifiedDate":"2020-05-25T00:03:55","isFullCredit":false},{"lineNumber":17,"author":{"gitId":"-"},"content":"REM run the program, feed commands from input.txt file and redirect the output to the ACTUAL.TXT","lastModifiedDate":"2020-05-25T00:03:55","isFullCredit":false},{"lineNumber":18,"author":{"gitId":"Nishuy52"},"content":"java -classpath ..\\bin pippy.ui.Pippy \u003c input.txt \u003e ACTUAL.TXT","lastModifiedDate":"2026-02-11T15:22:02","isFullCredit":false},{"lineNumber":19,"author":{"gitId":"-"},"content":"","lastModifiedDate":"2020-05-25T00:03:55","isFullCredit":false},{"lineNumber":20,"author":{"gitId":"-"},"content":"REM compare the output to the expected output","lastModifiedDate":"2020-05-25T00:03:55","isFullCredit":false},{"lineNumber":21,"author":{"gitId":"-"},"content":"FC ACTUAL.TXT EXPECTED.TXT","lastModifiedDate":"2020-05-25T00:03:55","isFullCredit":false}],"authorContributionMap":{"Nishuy52":2,"-":19}},{"path":"text-ui-test/runtest.sh","fileType":"sh","lines":[{"lineNumber":1,"author":{"gitId":"-"},"content":"#!/usr/bin/env bash","lastModifiedDate":"2020-05-25T00:03:55","isFullCredit":false},{"lineNumber":2,"author":{"gitId":"-"},"content":"","lastModifiedDate":"2020-05-25T00:03:55","isFullCredit":false},{"lineNumber":3,"author":{"gitId":"-"},"content":"# create bin directory if it doesn\u0027t exist","lastModifiedDate":"2020-05-25T00:03:55","isFullCredit":false},{"lineNumber":4,"author":{"gitId":"-"},"content":"if [ ! -d \"../bin\" ]","lastModifiedDate":"2020-05-25T00:03:55","isFullCredit":false},{"lineNumber":5,"author":{"gitId":"-"},"content":"then","lastModifiedDate":"2020-05-25T00:03:55","isFullCredit":false},{"lineNumber":6,"author":{"gitId":"-"},"content":"    mkdir ../bin","lastModifiedDate":"2020-05-25T00:03:55","isFullCredit":false},{"lineNumber":7,"author":{"gitId":"-"},"content":"fi","lastModifiedDate":"2020-05-25T00:03:55","isFullCredit":false},{"lineNumber":8,"author":{"gitId":"-"},"content":"","lastModifiedDate":"2020-05-25T00:03:55","isFullCredit":false},{"lineNumber":9,"author":{"gitId":"-"},"content":"# delete output from previous run","lastModifiedDate":"2020-05-25T00:03:55","isFullCredit":false},{"lineNumber":10,"author":{"gitId":"-"},"content":"if [ -e \"./ACTUAL.TXT\" ]","lastModifiedDate":"2020-05-25T00:03:55","isFullCredit":false},{"lineNumber":11,"author":{"gitId":"-"},"content":"then","lastModifiedDate":"2020-05-25T00:03:55","isFullCredit":false},{"lineNumber":12,"author":{"gitId":"-"},"content":"    rm ACTUAL.TXT","lastModifiedDate":"2020-05-25T00:03:55","isFullCredit":false},{"lineNumber":13,"author":{"gitId":"-"},"content":"fi","lastModifiedDate":"2020-05-25T00:03:55","isFullCredit":false},{"lineNumber":14,"author":{"gitId":"-"},"content":"","lastModifiedDate":"2020-05-25T00:03:55","isFullCredit":false},{"lineNumber":15,"author":{"gitId":"-"},"content":"# compile the code into the bin folder, terminates if error occurred","lastModifiedDate":"2020-05-25T00:03:55","isFullCredit":false},{"lineNumber":16,"author":{"gitId":"Nishuy52"},"content":"if ! javac -cp ../src/main/java -Xlint:none -d ../bin ../src/main/java/pippy/task/*.java ../src/main/java/pippy/ui/*.java","lastModifiedDate":"2026-02-11T15:22:02","isFullCredit":false},{"lineNumber":17,"author":{"gitId":"-"},"content":"then","lastModifiedDate":"2020-05-25T00:03:55","isFullCredit":false},{"lineNumber":18,"author":{"gitId":"-"},"content":"    echo \"********** BUILD FAILURE **********\"","lastModifiedDate":"2020-05-25T00:03:55","isFullCredit":false},{"lineNumber":19,"author":{"gitId":"-"},"content":"    exit 1","lastModifiedDate":"2020-05-25T00:03:55","isFullCredit":false},{"lineNumber":20,"author":{"gitId":"-"},"content":"fi","lastModifiedDate":"2020-05-25T00:03:55","isFullCredit":false},{"lineNumber":21,"author":{"gitId":"-"},"content":"","lastModifiedDate":"2020-05-25T00:03:55","isFullCredit":false},{"lineNumber":22,"author":{"gitId":"-"},"content":"# run the program, feed commands from input.txt file and redirect the output to the ACTUAL.TXT","lastModifiedDate":"2020-05-25T00:03:55","isFullCredit":false},{"lineNumber":23,"author":{"gitId":"Nishuy52"},"content":"java -classpath ../bin pippy.ui.Pippy \u003c input.txt \u003e ACTUAL.TXT","lastModifiedDate":"2026-02-11T15:22:02","isFullCredit":false},{"lineNumber":24,"author":{"gitId":"-"},"content":"","lastModifiedDate":"2020-05-25T00:03:55","isFullCredit":false},{"lineNumber":25,"author":{"gitId":"-"},"content":"# convert to UNIX format","lastModifiedDate":"2020-05-25T00:03:55","isFullCredit":false},{"lineNumber":26,"author":{"gitId":"-"},"content":"cp EXPECTED.TXT EXPECTED-UNIX.TXT","lastModifiedDate":"2020-05-25T00:03:55","isFullCredit":false},{"lineNumber":27,"author":{"gitId":"-"},"content":"dos2unix ACTUAL.TXT EXPECTED-UNIX.TXT","lastModifiedDate":"2020-05-25T00:03:55","isFullCredit":false},{"lineNumber":28,"author":{"gitId":"-"},"content":"","lastModifiedDate":"2020-05-25T00:03:55","isFullCredit":false},{"lineNumber":29,"author":{"gitId":"-"},"content":"# compare the output to the expected output","lastModifiedDate":"2020-05-25T00:03:55","isFullCredit":false},{"lineNumber":30,"author":{"gitId":"-"},"content":"diff ACTUAL.TXT EXPECTED-UNIX.TXT","lastModifiedDate":"2020-05-25T00:03:55","isFullCredit":false},{"lineNumber":31,"author":{"gitId":"-"},"content":"if [ $? -eq 0 ]","lastModifiedDate":"2020-05-25T00:03:55","isFullCredit":false},{"lineNumber":32,"author":{"gitId":"-"},"content":"then","lastModifiedDate":"2020-05-25T00:03:55","isFullCredit":false},{"lineNumber":33,"author":{"gitId":"-"},"content":"    echo \"Test result: PASSED\"","lastModifiedDate":"2020-05-25T00:03:55","isFullCredit":false},{"lineNumber":34,"author":{"gitId":"-"},"content":"    exit 0","lastModifiedDate":"2020-05-25T00:03:55","isFullCredit":false},{"lineNumber":35,"author":{"gitId":"-"},"content":"else","lastModifiedDate":"2020-05-25T00:03:55","isFullCredit":false},{"lineNumber":36,"author":{"gitId":"-"},"content":"    echo \"Test result: FAILED\"","lastModifiedDate":"2020-05-25T00:03:55","isFullCredit":false},{"lineNumber":37,"author":{"gitId":"-"},"content":"    exit 1","lastModifiedDate":"2020-05-25T00:03:55","isFullCredit":false},{"lineNumber":38,"author":{"gitId":"-"},"content":"fi","lastModifiedDate":"2020-05-25T00:03:55","isFullCredit":false}],"authorContributionMap":{"Nishuy52":2,"-":36}}]
