[{"path":"src/main/java/Pico.java","fileType":"java","lines":[{"lineNumber":1,"author":{"gitId":"pranavjana"},"content":"import java.util.Scanner;","lastModifiedDate":"2026-02-05T16:57:18","isFullCredit":false},{"lineNumber":2,"author":{"gitId":"pranavjana"},"content":"","lastModifiedDate":"2026-02-05T16:57:18","isFullCredit":false},{"lineNumber":3,"author":{"gitId":"pranavjana"},"content":"public class Pico {","lastModifiedDate":"2026-02-05T16:30:04","isFullCredit":false},{"lineNumber":4,"author":{"gitId":"pranavjana"},"content":"    private static final String LINE \u003d \"____________________________________________________________\";","lastModifiedDate":"2026-02-05T17:15:47","isFullCredit":false},{"lineNumber":5,"author":{"gitId":"pranavjana"},"content":"    private static final String USER_PROMPT \u003d \"                              You: \";","lastModifiedDate":"2026-02-05T17:15:47","isFullCredit":false},{"lineNumber":6,"author":{"gitId":"pranavjana"},"content":"","lastModifiedDate":"2026-02-05T17:15:47","isFullCredit":false},{"lineNumber":7,"author":{"gitId":"pranavjana"},"content":"    public static void main(String[] args) {","lastModifiedDate":"2026-02-05T16:30:04","isFullCredit":false},{"lineNumber":8,"author":{"gitId":"pranavjana"},"content":"        TaskList taskList \u003d new TaskList();","lastModifiedDate":"2026-02-05T17:15:47","isFullCredit":false},{"lineNumber":9,"author":{"gitId":"pranavjana"},"content":"        Scanner scanner \u003d new Scanner(System.in);","lastModifiedDate":"2026-02-05T16:57:18","isFullCredit":false},{"lineNumber":10,"author":{"gitId":"pranavjana"},"content":"","lastModifiedDate":"2026-02-05T16:30:04","isFullCredit":false},{"lineNumber":11,"author":{"gitId":"pranavjana"},"content":"        printWelcome();","lastModifiedDate":"2026-02-05T17:15:47","isFullCredit":false},{"lineNumber":12,"author":{"gitId":"pranavjana"},"content":"","lastModifiedDate":"2026-02-05T17:15:47","isFullCredit":false},{"lineNumber":13,"author":{"gitId":"pranavjana"},"content":"        String input \u003d readInput(scanner);","lastModifiedDate":"2026-02-05T17:15:47","isFullCredit":false},{"lineNumber":14,"author":{"gitId":"pranavjana"},"content":"        while (!input.equals(\"bye\")) {","lastModifiedDate":"2026-02-05T17:15:47","isFullCredit":false},{"lineNumber":15,"author":{"gitId":"pranavjana"},"content":"            System.out.println(LINE);","lastModifiedDate":"2026-02-05T17:15:47","isFullCredit":false},{"lineNumber":16,"author":{"gitId":"pranavjana"},"content":"            handleCommand(input, taskList);","lastModifiedDate":"2026-02-05T17:15:47","isFullCredit":false},{"lineNumber":17,"author":{"gitId":"pranavjana"},"content":"            System.out.println(LINE);","lastModifiedDate":"2026-02-05T17:15:47","isFullCredit":false},{"lineNumber":18,"author":{"gitId":"pranavjana"},"content":"            input \u003d readInput(scanner);","lastModifiedDate":"2026-02-05T17:15:47","isFullCredit":false},{"lineNumber":19,"author":{"gitId":"pranavjana"},"content":"        }","lastModifiedDate":"2026-02-05T17:15:47","isFullCredit":false},{"lineNumber":20,"author":{"gitId":"pranavjana"},"content":"","lastModifiedDate":"2026-02-05T17:15:47","isFullCredit":false},{"lineNumber":21,"author":{"gitId":"pranavjana"},"content":"        printGoodbye();","lastModifiedDate":"2026-02-05T17:15:47","isFullCredit":false},{"lineNumber":22,"author":{"gitId":"pranavjana"},"content":"","lastModifiedDate":"2026-02-05T17:15:47","isFullCredit":false},{"lineNumber":23,"author":{"gitId":"pranavjana"},"content":"        scanner.close();","lastModifiedDate":"2026-02-05T17:15:47","isFullCredit":false},{"lineNumber":24,"author":{"gitId":"pranavjana"},"content":"    }","lastModifiedDate":"2026-02-05T17:15:47","isFullCredit":false},{"lineNumber":25,"author":{"gitId":"pranavjana"},"content":"","lastModifiedDate":"2026-02-05T17:15:47","isFullCredit":false},{"lineNumber":26,"author":{"gitId":"pranavjana"},"content":"    private static void printWelcome() {","lastModifiedDate":"2026-02-05T17:15:47","isFullCredit":false},{"lineNumber":27,"author":{"gitId":"pranavjana"},"content":"        System.out.println(LINE);","lastModifiedDate":"2026-02-05T17:15:47","isFullCredit":false},{"lineNumber":28,"author":{"gitId":"pranavjana"},"content":"        System.out.println(\" Greetings! I\u0027m Pico, your extraterrestrial bot!\");","lastModifiedDate":"2026-02-05T16:57:18","isFullCredit":false},{"lineNumber":29,"author":{"gitId":"pranavjana"},"content":"        System.out.println(\" What can I do for you, earthling?\");","lastModifiedDate":"2026-02-05T16:57:18","isFullCredit":false},{"lineNumber":30,"author":{"gitId":"pranavjana"},"content":"        System.out.println(LINE);","lastModifiedDate":"2026-02-05T17:15:47","isFullCredit":false},{"lineNumber":31,"author":{"gitId":"pranavjana"},"content":"    }","lastModifiedDate":"2026-02-05T17:15:47","isFullCredit":false},{"lineNumber":32,"author":{"gitId":"pranavjana"},"content":"","lastModifiedDate":"2026-02-05T16:30:04","isFullCredit":false},{"lineNumber":33,"author":{"gitId":"pranavjana"},"content":"    private static void printGoodbye() {","lastModifiedDate":"2026-02-05T17:15:47","isFullCredit":false},{"lineNumber":34,"author":{"gitId":"pranavjana"},"content":"        System.out.println(LINE);","lastModifiedDate":"2026-02-05T17:15:47","isFullCredit":false},{"lineNumber":35,"author":{"gitId":"pranavjana"},"content":"        System.out.println(\" Goodbye, earthling! Safe travels through the cosmos!\");","lastModifiedDate":"2026-02-05T17:15:47","isFullCredit":false},{"lineNumber":36,"author":{"gitId":"pranavjana"},"content":"        System.out.println(LINE);","lastModifiedDate":"2026-02-05T17:15:47","isFullCredit":false},{"lineNumber":37,"author":{"gitId":"pranavjana"},"content":"    }","lastModifiedDate":"2026-02-05T17:15:47","isFullCredit":false},{"lineNumber":38,"author":{"gitId":"pranavjana"},"content":"","lastModifiedDate":"2026-02-05T17:15:47","isFullCredit":false},{"lineNumber":39,"author":{"gitId":"pranavjana"},"content":"    private static String readInput(Scanner scanner) {","lastModifiedDate":"2026-02-05T17:15:47","isFullCredit":false},{"lineNumber":40,"author":{"gitId":"pranavjana"},"content":"        System.out.print(USER_PROMPT);","lastModifiedDate":"2026-02-05T17:15:47","isFullCredit":false},{"lineNumber":41,"author":{"gitId":"pranavjana"},"content":"        return scanner.nextLine();","lastModifiedDate":"2026-02-05T17:15:47","isFullCredit":false},{"lineNumber":42,"author":{"gitId":"pranavjana"},"content":"    }","lastModifiedDate":"2026-02-05T17:15:47","isFullCredit":false},{"lineNumber":43,"author":{"gitId":"pranavjana"},"content":"","lastModifiedDate":"2026-02-05T17:15:47","isFullCredit":false},{"lineNumber":44,"author":{"gitId":"pranavjana"},"content":"    private static void handleCommand(String input, TaskList taskList) {","lastModifiedDate":"2026-02-05T17:15:47","isFullCredit":false},{"lineNumber":45,"author":{"gitId":"pranavjana"},"content":"        if (input.equals(\"list\")) {","lastModifiedDate":"2026-02-05T17:01:09","isFullCredit":false},{"lineNumber":46,"author":{"gitId":"pranavjana"},"content":"            handleList(taskList);","lastModifiedDate":"2026-02-05T17:15:47","isFullCredit":false},{"lineNumber":47,"author":{"gitId":"pranavjana"},"content":"            return;","lastModifiedDate":"2026-02-05T17:15:47","isFullCredit":false},{"lineNumber":48,"author":{"gitId":"pranavjana"},"content":"        }","lastModifiedDate":"2026-02-05T17:15:47","isFullCredit":false},{"lineNumber":49,"author":{"gitId":"pranavjana"},"content":"","lastModifiedDate":"2026-02-05T17:15:47","isFullCredit":false},{"lineNumber":50,"author":{"gitId":"pranavjana"},"content":"        if (isCommandWord(input, \"mark\")) {","lastModifiedDate":"2026-02-05T17:15:47","isFullCredit":false},{"lineNumber":51,"author":{"gitId":"pranavjana"},"content":"            handleMark(input, taskList);","lastModifiedDate":"2026-02-05T17:15:47","isFullCredit":false},{"lineNumber":52,"author":{"gitId":"pranavjana"},"content":"            return;","lastModifiedDate":"2026-02-05T17:15:47","isFullCredit":false},{"lineNumber":53,"author":{"gitId":"pranavjana"},"content":"        }","lastModifiedDate":"2026-02-05T17:01:09","isFullCredit":false},{"lineNumber":54,"author":{"gitId":"pranavjana"},"content":"","lastModifiedDate":"2026-02-05T17:15:47","isFullCredit":false},{"lineNumber":55,"author":{"gitId":"pranavjana"},"content":"        if (isCommandWord(input, \"unmark\")) {","lastModifiedDate":"2026-02-05T17:15:47","isFullCredit":false},{"lineNumber":56,"author":{"gitId":"pranavjana"},"content":"            handleUnmark(input, taskList);","lastModifiedDate":"2026-02-05T17:15:47","isFullCredit":false},{"lineNumber":57,"author":{"gitId":"pranavjana"},"content":"            return;","lastModifiedDate":"2026-02-05T17:15:47","isFullCredit":false},{"lineNumber":58,"author":{"gitId":"pranavjana"},"content":"        }","lastModifiedDate":"2026-02-05T17:15:47","isFullCredit":false},{"lineNumber":59,"author":{"gitId":"pranavjana"},"content":"","lastModifiedDate":"2026-02-05T17:15:47","isFullCredit":false},{"lineNumber":60,"author":{"gitId":"pranavjana"},"content":"        if (taskList.addTask(input)) {","lastModifiedDate":"2026-02-05T17:15:47","isFullCredit":false},{"lineNumber":61,"author":{"gitId":"pranavjana"},"content":"            System.out.println(\" added: \" + input);","lastModifiedDate":"2026-02-05T17:01:09","isFullCredit":false},{"lineNumber":62,"author":{"gitId":"pranavjana"},"content":"        } else {","lastModifiedDate":"2026-02-05T17:01:09","isFullCredit":false},{"lineNumber":63,"author":{"gitId":"pranavjana"},"content":"            System.out.println(\" Sorry, I can only store up to 100 tasks.\");","lastModifiedDate":"2026-02-05T17:01:09","isFullCredit":false},{"lineNumber":64,"author":{"gitId":"pranavjana"},"content":"        }","lastModifiedDate":"2026-02-05T17:01:09","isFullCredit":false},{"lineNumber":65,"author":{"gitId":"pranavjana"},"content":"    }","lastModifiedDate":"2026-02-05T16:57:18","isFullCredit":false},{"lineNumber":66,"author":{"gitId":"pranavjana"},"content":"","lastModifiedDate":"2026-02-05T16:57:18","isFullCredit":false},{"lineNumber":67,"author":{"gitId":"pranavjana"},"content":"    private static void handleList(TaskList taskList) {","lastModifiedDate":"2026-02-05T17:15:47","isFullCredit":false},{"lineNumber":68,"author":{"gitId":"pranavjana"},"content":"        System.out.println(\" Here are the tasks in your list:\");","lastModifiedDate":"2026-02-05T17:15:47","isFullCredit":false},{"lineNumber":69,"author":{"gitId":"pranavjana"},"content":"        for (int i \u003d 1; i \u003c\u003d taskList.getTaskCount(); i++) {","lastModifiedDate":"2026-02-05T17:15:47","isFullCredit":false},{"lineNumber":70,"author":{"gitId":"pranavjana"},"content":"            System.out.println(\" \" + i + \". \" + taskList.getTaskByNumber(i));","lastModifiedDate":"2026-02-05T17:15:47","isFullCredit":false},{"lineNumber":71,"author":{"gitId":"pranavjana"},"content":"        }","lastModifiedDate":"2026-02-05T17:15:47","isFullCredit":false},{"lineNumber":72,"author":{"gitId":"pranavjana"},"content":"    }","lastModifiedDate":"2026-02-05T17:15:47","isFullCredit":false},{"lineNumber":73,"author":{"gitId":"pranavjana"},"content":"","lastModifiedDate":"2026-02-05T16:57:18","isFullCredit":false},{"lineNumber":74,"author":{"gitId":"pranavjana"},"content":"    private static void handleMark(String input, TaskList taskList) {","lastModifiedDate":"2026-02-05T17:15:47","isFullCredit":false},{"lineNumber":75,"author":{"gitId":"pranavjana"},"content":"        Integer taskNumber \u003d parseTaskNumber(input, \"mark\");","lastModifiedDate":"2026-02-05T17:15:47","isFullCredit":false},{"lineNumber":76,"author":{"gitId":"pranavjana"},"content":"        Task task \u003d taskNumber \u003d\u003d null ? null : taskList.markTask(taskNumber);","lastModifiedDate":"2026-02-05T17:15:47","isFullCredit":false},{"lineNumber":77,"author":{"gitId":"pranavjana"},"content":"        if (task \u003d\u003d null) {","lastModifiedDate":"2026-02-05T17:15:47","isFullCredit":false},{"lineNumber":78,"author":{"gitId":"pranavjana"},"content":"            System.out.println(\" Sorry, please provide a valid task number.\");","lastModifiedDate":"2026-02-05T17:15:47","isFullCredit":false},{"lineNumber":79,"author":{"gitId":"pranavjana"},"content":"            return;","lastModifiedDate":"2026-02-05T17:15:47","isFullCredit":false},{"lineNumber":80,"author":{"gitId":"pranavjana"},"content":"        }","lastModifiedDate":"2026-02-05T17:15:47","isFullCredit":false},{"lineNumber":81,"author":{"gitId":"pranavjana"},"content":"        System.out.println(\" Nice! I\u0027ve marked this task as done:\");","lastModifiedDate":"2026-02-05T17:15:47","isFullCredit":false},{"lineNumber":82,"author":{"gitId":"pranavjana"},"content":"        System.out.println(\"  \" + task);","lastModifiedDate":"2026-02-05T17:15:47","isFullCredit":false},{"lineNumber":83,"author":{"gitId":"pranavjana"},"content":"    }","lastModifiedDate":"2026-02-05T17:15:47","isFullCredit":false},{"lineNumber":84,"author":{"gitId":"pranavjana"},"content":"","lastModifiedDate":"2026-02-05T17:15:47","isFullCredit":false},{"lineNumber":85,"author":{"gitId":"pranavjana"},"content":"    private static void handleUnmark(String input, TaskList taskList) {","lastModifiedDate":"2026-02-05T17:15:47","isFullCredit":false},{"lineNumber":86,"author":{"gitId":"pranavjana"},"content":"        Integer taskNumber \u003d parseTaskNumber(input, \"unmark\");","lastModifiedDate":"2026-02-05T17:15:47","isFullCredit":false},{"lineNumber":87,"author":{"gitId":"pranavjana"},"content":"        Task task \u003d taskNumber \u003d\u003d null ? null : taskList.unmarkTask(taskNumber);","lastModifiedDate":"2026-02-05T17:15:47","isFullCredit":false},{"lineNumber":88,"author":{"gitId":"pranavjana"},"content":"        if (task \u003d\u003d null) {","lastModifiedDate":"2026-02-05T17:15:47","isFullCredit":false},{"lineNumber":89,"author":{"gitId":"pranavjana"},"content":"            System.out.println(\" Sorry, please provide a valid task number.\");","lastModifiedDate":"2026-02-05T17:15:47","isFullCredit":false},{"lineNumber":90,"author":{"gitId":"pranavjana"},"content":"            return;","lastModifiedDate":"2026-02-05T17:15:47","isFullCredit":false},{"lineNumber":91,"author":{"gitId":"pranavjana"},"content":"        }","lastModifiedDate":"2026-02-05T17:15:47","isFullCredit":false},{"lineNumber":92,"author":{"gitId":"pranavjana"},"content":"        System.out.println(\" OK, I\u0027ve marked this task as not done yet:\");","lastModifiedDate":"2026-02-05T17:15:47","isFullCredit":false},{"lineNumber":93,"author":{"gitId":"pranavjana"},"content":"        System.out.println(\"  \" + task);","lastModifiedDate":"2026-02-05T17:15:47","isFullCredit":false},{"lineNumber":94,"author":{"gitId":"pranavjana"},"content":"    }","lastModifiedDate":"2026-02-05T17:15:47","isFullCredit":false},{"lineNumber":95,"author":{"gitId":"pranavjana"},"content":"","lastModifiedDate":"2026-02-05T17:15:47","isFullCredit":false},{"lineNumber":96,"author":{"gitId":"pranavjana"},"content":"    private static boolean isCommandWord(String input, String commandWord) {","lastModifiedDate":"2026-02-05T17:15:47","isFullCredit":false},{"lineNumber":97,"author":{"gitId":"pranavjana"},"content":"        return input.equals(commandWord) || input.startsWith(commandWord + \" \");","lastModifiedDate":"2026-02-05T17:15:47","isFullCredit":false},{"lineNumber":98,"author":{"gitId":"pranavjana"},"content":"    }","lastModifiedDate":"2026-02-05T17:15:47","isFullCredit":false},{"lineNumber":99,"author":{"gitId":"pranavjana"},"content":"","lastModifiedDate":"2026-02-05T17:15:47","isFullCredit":false},{"lineNumber":100,"author":{"gitId":"pranavjana"},"content":"    private static Integer parseTaskNumber(String input, String commandWord) {","lastModifiedDate":"2026-02-05T17:15:47","isFullCredit":false},{"lineNumber":101,"author":{"gitId":"pranavjana"},"content":"        String commandArgs \u003d input.length() \u003e commandWord.length()","lastModifiedDate":"2026-02-05T17:15:47","isFullCredit":false},{"lineNumber":102,"author":{"gitId":"pranavjana"},"content":"                ? input.substring(commandWord.length()).trim()","lastModifiedDate":"2026-02-05T17:15:47","isFullCredit":false},{"lineNumber":103,"author":{"gitId":"pranavjana"},"content":"                : \"\";","lastModifiedDate":"2026-02-05T17:15:47","isFullCredit":false},{"lineNumber":104,"author":{"gitId":"pranavjana"},"content":"        if (commandArgs.isEmpty()) {","lastModifiedDate":"2026-02-05T17:15:47","isFullCredit":false},{"lineNumber":105,"author":{"gitId":"pranavjana"},"content":"            return null;","lastModifiedDate":"2026-02-05T17:15:47","isFullCredit":false},{"lineNumber":106,"author":{"gitId":"pranavjana"},"content":"        }","lastModifiedDate":"2026-02-05T17:15:47","isFullCredit":false},{"lineNumber":107,"author":{"gitId":"pranavjana"},"content":"","lastModifiedDate":"2026-02-05T17:15:47","isFullCredit":false},{"lineNumber":108,"author":{"gitId":"pranavjana"},"content":"        try {","lastModifiedDate":"2026-02-05T17:15:47","isFullCredit":false},{"lineNumber":109,"author":{"gitId":"pranavjana"},"content":"            return Integer.parseInt(commandArgs);","lastModifiedDate":"2026-02-05T17:15:47","isFullCredit":false},{"lineNumber":110,"author":{"gitId":"pranavjana"},"content":"        } catch (NumberFormatException e) {","lastModifiedDate":"2026-02-05T17:15:47","isFullCredit":false},{"lineNumber":111,"author":{"gitId":"pranavjana"},"content":"            return null;","lastModifiedDate":"2026-02-05T17:15:47","isFullCredit":false},{"lineNumber":112,"author":{"gitId":"pranavjana"},"content":"        }","lastModifiedDate":"2026-02-05T17:15:47","isFullCredit":false},{"lineNumber":113,"author":{"gitId":"pranavjana"},"content":"    }","lastModifiedDate":"2026-02-05T16:30:04","isFullCredit":false},{"lineNumber":114,"author":{"gitId":"pranavjana"},"content":"}","lastModifiedDate":"2026-02-05T16:30:04","isFullCredit":false}],"authorContributionMap":{"pranavjana":114}},{"path":"src/main/java/Task.java","fileType":"java","lines":[{"lineNumber":1,"author":{"gitId":"pranavjana"},"content":"public class Task {","lastModifiedDate":"2026-02-05T17:15:47","isFullCredit":false},{"lineNumber":2,"author":{"gitId":"pranavjana"},"content":"    private final String description;","lastModifiedDate":"2026-02-05T17:15:47","isFullCredit":false},{"lineNumber":3,"author":{"gitId":"pranavjana"},"content":"    private boolean isDone;","lastModifiedDate":"2026-02-05T17:15:47","isFullCredit":false},{"lineNumber":4,"author":{"gitId":"pranavjana"},"content":"","lastModifiedDate":"2026-02-05T17:15:47","isFullCredit":false},{"lineNumber":5,"author":{"gitId":"pranavjana"},"content":"    public Task(String description) {","lastModifiedDate":"2026-02-05T17:15:47","isFullCredit":false},{"lineNumber":6,"author":{"gitId":"pranavjana"},"content":"        this.description \u003d description;","lastModifiedDate":"2026-02-05T17:15:47","isFullCredit":false},{"lineNumber":7,"author":{"gitId":"pranavjana"},"content":"        this.isDone \u003d false;","lastModifiedDate":"2026-02-05T17:15:47","isFullCredit":false},{"lineNumber":8,"author":{"gitId":"pranavjana"},"content":"    }","lastModifiedDate":"2026-02-05T17:15:47","isFullCredit":false},{"lineNumber":9,"author":{"gitId":"pranavjana"},"content":"","lastModifiedDate":"2026-02-05T17:15:47","isFullCredit":false},{"lineNumber":10,"author":{"gitId":"pranavjana"},"content":"    public void markAsDone() {","lastModifiedDate":"2026-02-05T17:15:47","isFullCredit":false},{"lineNumber":11,"author":{"gitId":"pranavjana"},"content":"        this.isDone \u003d true;","lastModifiedDate":"2026-02-05T17:15:47","isFullCredit":false},{"lineNumber":12,"author":{"gitId":"pranavjana"},"content":"    }","lastModifiedDate":"2026-02-05T17:15:47","isFullCredit":false},{"lineNumber":13,"author":{"gitId":"pranavjana"},"content":"","lastModifiedDate":"2026-02-05T17:15:47","isFullCredit":false},{"lineNumber":14,"author":{"gitId":"pranavjana"},"content":"    public void markAsNotDone() {","lastModifiedDate":"2026-02-05T17:15:47","isFullCredit":false},{"lineNumber":15,"author":{"gitId":"pranavjana"},"content":"        this.isDone \u003d false;","lastModifiedDate":"2026-02-05T17:15:47","isFullCredit":false},{"lineNumber":16,"author":{"gitId":"pranavjana"},"content":"    }","lastModifiedDate":"2026-02-05T17:15:47","isFullCredit":false},{"lineNumber":17,"author":{"gitId":"pranavjana"},"content":"","lastModifiedDate":"2026-02-05T17:15:47","isFullCredit":false},{"lineNumber":18,"author":{"gitId":"pranavjana"},"content":"    @Override","lastModifiedDate":"2026-02-05T17:15:47","isFullCredit":false},{"lineNumber":19,"author":{"gitId":"pranavjana"},"content":"    public String toString() {","lastModifiedDate":"2026-02-05T17:15:47","isFullCredit":false},{"lineNumber":20,"author":{"gitId":"pranavjana"},"content":"        return (isDone ? \"[X] \" : \"[ ] \") + description;","lastModifiedDate":"2026-02-05T17:15:47","isFullCredit":false},{"lineNumber":21,"author":{"gitId":"pranavjana"},"content":"    }","lastModifiedDate":"2026-02-05T17:15:47","isFullCredit":false},{"lineNumber":22,"author":{"gitId":"pranavjana"},"content":"}","lastModifiedDate":"2026-02-05T17:15:47","isFullCredit":false}],"authorContributionMap":{"pranavjana":22}},{"path":"src/main/java/TaskList.java","fileType":"java","lines":[{"lineNumber":1,"author":{"gitId":"pranavjana"},"content":"public class TaskList {","lastModifiedDate":"2026-02-05T17:15:47","isFullCredit":false},{"lineNumber":2,"author":{"gitId":"pranavjana"},"content":"    private static final int MAX_TASKS \u003d 100;","lastModifiedDate":"2026-02-05T17:15:47","isFullCredit":false},{"lineNumber":3,"author":{"gitId":"pranavjana"},"content":"","lastModifiedDate":"2026-02-05T17:15:47","isFullCredit":false},{"lineNumber":4,"author":{"gitId":"pranavjana"},"content":"    private final Task[] tasks;","lastModifiedDate":"2026-02-05T17:15:47","isFullCredit":false},{"lineNumber":5,"author":{"gitId":"pranavjana"},"content":"    private int taskCount;","lastModifiedDate":"2026-02-05T17:15:47","isFullCredit":false},{"lineNumber":6,"author":{"gitId":"pranavjana"},"content":"","lastModifiedDate":"2026-02-05T17:15:47","isFullCredit":false},{"lineNumber":7,"author":{"gitId":"pranavjana"},"content":"    public TaskList() {","lastModifiedDate":"2026-02-05T17:15:47","isFullCredit":false},{"lineNumber":8,"author":{"gitId":"pranavjana"},"content":"        this.tasks \u003d new Task[MAX_TASKS];","lastModifiedDate":"2026-02-05T17:15:47","isFullCredit":false},{"lineNumber":9,"author":{"gitId":"pranavjana"},"content":"        this.taskCount \u003d 0;","lastModifiedDate":"2026-02-05T17:15:47","isFullCredit":false},{"lineNumber":10,"author":{"gitId":"pranavjana"},"content":"    }","lastModifiedDate":"2026-02-05T17:15:47","isFullCredit":false},{"lineNumber":11,"author":{"gitId":"pranavjana"},"content":"","lastModifiedDate":"2026-02-05T17:15:47","isFullCredit":false},{"lineNumber":12,"author":{"gitId":"pranavjana"},"content":"    public boolean addTask(String description) {","lastModifiedDate":"2026-02-05T17:15:47","isFullCredit":false},{"lineNumber":13,"author":{"gitId":"pranavjana"},"content":"        if (taskCount \u003e\u003d tasks.length) {","lastModifiedDate":"2026-02-05T17:15:47","isFullCredit":false},{"lineNumber":14,"author":{"gitId":"pranavjana"},"content":"            return false;","lastModifiedDate":"2026-02-05T17:15:47","isFullCredit":false},{"lineNumber":15,"author":{"gitId":"pranavjana"},"content":"        }","lastModifiedDate":"2026-02-05T17:15:47","isFullCredit":false},{"lineNumber":16,"author":{"gitId":"pranavjana"},"content":"        tasks[taskCount] \u003d new Task(description);","lastModifiedDate":"2026-02-05T17:15:47","isFullCredit":false},{"lineNumber":17,"author":{"gitId":"pranavjana"},"content":"        taskCount++;","lastModifiedDate":"2026-02-05T17:15:47","isFullCredit":false},{"lineNumber":18,"author":{"gitId":"pranavjana"},"content":"        return true;","lastModifiedDate":"2026-02-05T17:15:47","isFullCredit":false},{"lineNumber":19,"author":{"gitId":"pranavjana"},"content":"    }","lastModifiedDate":"2026-02-05T17:15:47","isFullCredit":false},{"lineNumber":20,"author":{"gitId":"pranavjana"},"content":"","lastModifiedDate":"2026-02-05T17:15:47","isFullCredit":false},{"lineNumber":21,"author":{"gitId":"pranavjana"},"content":"    public int getTaskCount() {","lastModifiedDate":"2026-02-05T17:15:47","isFullCredit":false},{"lineNumber":22,"author":{"gitId":"pranavjana"},"content":"        return taskCount;","lastModifiedDate":"2026-02-05T17:15:47","isFullCredit":false},{"lineNumber":23,"author":{"gitId":"pranavjana"},"content":"    }","lastModifiedDate":"2026-02-05T17:15:47","isFullCredit":false},{"lineNumber":24,"author":{"gitId":"pranavjana"},"content":"","lastModifiedDate":"2026-02-05T17:15:47","isFullCredit":false},{"lineNumber":25,"author":{"gitId":"pranavjana"},"content":"    public Task getTaskByNumber(int taskNumber) {","lastModifiedDate":"2026-02-05T17:15:47","isFullCredit":false},{"lineNumber":26,"author":{"gitId":"pranavjana"},"content":"        if (taskNumber \u003c 1 || taskNumber \u003e taskCount) {","lastModifiedDate":"2026-02-05T17:15:47","isFullCredit":false},{"lineNumber":27,"author":{"gitId":"pranavjana"},"content":"            return null;","lastModifiedDate":"2026-02-05T17:15:47","isFullCredit":false},{"lineNumber":28,"author":{"gitId":"pranavjana"},"content":"        }","lastModifiedDate":"2026-02-05T17:15:47","isFullCredit":false},{"lineNumber":29,"author":{"gitId":"pranavjana"},"content":"        return tasks[taskNumber - 1];","lastModifiedDate":"2026-02-05T17:15:47","isFullCredit":false},{"lineNumber":30,"author":{"gitId":"pranavjana"},"content":"    }","lastModifiedDate":"2026-02-05T17:15:47","isFullCredit":false},{"lineNumber":31,"author":{"gitId":"pranavjana"},"content":"","lastModifiedDate":"2026-02-05T17:15:47","isFullCredit":false},{"lineNumber":32,"author":{"gitId":"pranavjana"},"content":"    public Task markTask(int taskNumber) {","lastModifiedDate":"2026-02-05T17:15:47","isFullCredit":false},{"lineNumber":33,"author":{"gitId":"pranavjana"},"content":"        Task task \u003d getTaskByNumber(taskNumber);","lastModifiedDate":"2026-02-05T17:15:47","isFullCredit":false},{"lineNumber":34,"author":{"gitId":"pranavjana"},"content":"        if (task \u003d\u003d null) {","lastModifiedDate":"2026-02-05T17:15:47","isFullCredit":false},{"lineNumber":35,"author":{"gitId":"pranavjana"},"content":"            return null;","lastModifiedDate":"2026-02-05T17:15:47","isFullCredit":false},{"lineNumber":36,"author":{"gitId":"pranavjana"},"content":"        }","lastModifiedDate":"2026-02-05T17:15:47","isFullCredit":false},{"lineNumber":37,"author":{"gitId":"pranavjana"},"content":"        task.markAsDone();","lastModifiedDate":"2026-02-05T17:15:47","isFullCredit":false},{"lineNumber":38,"author":{"gitId":"pranavjana"},"content":"        return task;","lastModifiedDate":"2026-02-05T17:15:47","isFullCredit":false},{"lineNumber":39,"author":{"gitId":"pranavjana"},"content":"    }","lastModifiedDate":"2026-02-05T17:15:47","isFullCredit":false},{"lineNumber":40,"author":{"gitId":"pranavjana"},"content":"","lastModifiedDate":"2026-02-05T17:15:47","isFullCredit":false},{"lineNumber":41,"author":{"gitId":"pranavjana"},"content":"    public Task unmarkTask(int taskNumber) {","lastModifiedDate":"2026-02-05T17:15:47","isFullCredit":false},{"lineNumber":42,"author":{"gitId":"pranavjana"},"content":"        Task task \u003d getTaskByNumber(taskNumber);","lastModifiedDate":"2026-02-05T17:15:47","isFullCredit":false},{"lineNumber":43,"author":{"gitId":"pranavjana"},"content":"        if (task \u003d\u003d null) {","lastModifiedDate":"2026-02-05T17:15:47","isFullCredit":false},{"lineNumber":44,"author":{"gitId":"pranavjana"},"content":"            return null;","lastModifiedDate":"2026-02-05T17:15:47","isFullCredit":false},{"lineNumber":45,"author":{"gitId":"pranavjana"},"content":"        }","lastModifiedDate":"2026-02-05T17:15:47","isFullCredit":false},{"lineNumber":46,"author":{"gitId":"pranavjana"},"content":"        task.markAsNotDone();","lastModifiedDate":"2026-02-05T17:15:47","isFullCredit":false},{"lineNumber":47,"author":{"gitId":"pranavjana"},"content":"        return task;","lastModifiedDate":"2026-02-05T17:15:47","isFullCredit":false},{"lineNumber":48,"author":{"gitId":"pranavjana"},"content":"    }","lastModifiedDate":"2026-02-05T17:15:47","isFullCredit":false},{"lineNumber":49,"author":{"gitId":"pranavjana"},"content":"}","lastModifiedDate":"2026-02-05T17:15:47","isFullCredit":false}],"authorContributionMap":{"pranavjana":49}}]
