[{"path":"src/main/java/Deadline.java","fileType":"java","lines":[{"lineNumber":1,"author":{"gitId":"heehaw1234"},"content":"public class Deadline extends Task{","lastModifiedDate":"2026-02-03T23:00:57","isFullCredit":false},{"lineNumber":2,"author":{"gitId":"heehaw1234"},"content":"","lastModifiedDate":"2026-02-03T23:00:57","isFullCredit":false},{"lineNumber":3,"author":{"gitId":"heehaw1234"},"content":"    /** deadline of current deadline object */","lastModifiedDate":"2026-02-03T23:00:57","isFullCredit":false},{"lineNumber":4,"author":{"gitId":"heehaw1234"},"content":"    protected String by;","lastModifiedDate":"2026-02-03T23:00:57","isFullCredit":false},{"lineNumber":5,"author":{"gitId":"heehaw1234"},"content":"","lastModifiedDate":"2026-02-03T23:00:57","isFullCredit":false},{"lineNumber":6,"author":{"gitId":"heehaw1234"},"content":"    /** returns the type of current subtask object */","lastModifiedDate":"2026-02-03T23:00:57","isFullCredit":false},{"lineNumber":7,"author":{"gitId":"heehaw1234"},"content":"    public String typeOf() {","lastModifiedDate":"2026-02-05T11:55:35","isFullCredit":false},{"lineNumber":8,"author":{"gitId":"heehaw1234"},"content":"        return \"[\" + \"D\" + \"]\";","lastModifiedDate":"2026-02-03T23:00:57","isFullCredit":false},{"lineNumber":9,"author":{"gitId":"heehaw1234"},"content":"    }","lastModifiedDate":"2026-02-03T23:00:57","isFullCredit":false},{"lineNumber":10,"author":{"gitId":"heehaw1234"},"content":"","lastModifiedDate":"2026-02-03T23:00:57","isFullCredit":false},{"lineNumber":11,"author":{"gitId":"heehaw1234"},"content":"    /** parses \u0027/by\u0027 field entered by user for current deadline object */","lastModifiedDate":"2026-02-03T23:00:57","isFullCredit":false},{"lineNumber":12,"author":{"gitId":"heehaw1234"},"content":"    private void parseBy(String userInput) {","lastModifiedDate":"2026-02-03T23:00:57","isFullCredit":false},{"lineNumber":13,"author":{"gitId":"heehaw1234"},"content":"        int index \u003d userInput.indexOf(\"/by\");","lastModifiedDate":"2026-02-03T23:00:57","isFullCredit":false},{"lineNumber":14,"author":{"gitId":"heehaw1234"},"content":"        by \u003d userInput.substring(index + 3).trim();","lastModifiedDate":"2026-02-03T23:00:57","isFullCredit":false},{"lineNumber":15,"author":{"gitId":"heehaw1234"},"content":"        super.description \u003d userInput.substring(0, index).trim();","lastModifiedDate":"2026-02-03T23:00:57","isFullCredit":false},{"lineNumber":16,"author":{"gitId":"heehaw1234"},"content":"    }","lastModifiedDate":"2026-02-03T23:00:57","isFullCredit":false},{"lineNumber":17,"author":{"gitId":"heehaw1234"},"content":"","lastModifiedDate":"2026-02-03T23:00:57","isFullCredit":false},{"lineNumber":18,"author":{"gitId":"heehaw1234"},"content":"    /** constructor for deadline object */","lastModifiedDate":"2026-02-03T23:00:57","isFullCredit":false},{"lineNumber":19,"author":{"gitId":"heehaw1234"},"content":"    public Deadline(String userInput, int index) {","lastModifiedDate":"2026-02-05T11:55:35","isFullCredit":false},{"lineNumber":20,"author":{"gitId":"heehaw1234"},"content":"        super(userInput, index);","lastModifiedDate":"2026-02-05T11:55:35","isFullCredit":false},{"lineNumber":21,"author":{"gitId":"heehaw1234"},"content":"        parseBy(userInput);","lastModifiedDate":"2026-02-03T23:00:57","isFullCredit":false},{"lineNumber":22,"author":{"gitId":"heehaw1234"},"content":"    }","lastModifiedDate":"2026-02-03T23:00:57","isFullCredit":false},{"lineNumber":23,"author":{"gitId":"heehaw1234"},"content":"","lastModifiedDate":"2026-02-03T23:00:57","isFullCredit":false},{"lineNumber":24,"author":{"gitId":"heehaw1234"},"content":"    /** toString method overriding */","lastModifiedDate":"2026-02-03T23:00:57","isFullCredit":false},{"lineNumber":25,"author":{"gitId":"heehaw1234"},"content":"    @Override","lastModifiedDate":"2026-02-03T23:00:57","isFullCredit":false},{"lineNumber":26,"author":{"gitId":"heehaw1234"},"content":"    public String toString() {","lastModifiedDate":"2026-02-03T23:00:57","isFullCredit":false},{"lineNumber":27,"author":{"gitId":"heehaw1234"},"content":"        return typeOf() + super.returnMarkedString() + super.description + \" (by: \" + by + \")\";","lastModifiedDate":"2026-02-05T11:55:35","isFullCredit":false},{"lineNumber":28,"author":{"gitId":"heehaw1234"},"content":"    }","lastModifiedDate":"2026-02-03T23:00:57","isFullCredit":false},{"lineNumber":29,"author":{"gitId":"heehaw1234"},"content":"}","lastModifiedDate":"2026-02-03T23:00:57","isFullCredit":false}],"authorContributionMap":{"heehaw1234":29}},{"path":"src/main/java/Event.java","fileType":"java","lines":[{"lineNumber":1,"author":{"gitId":"heehaw1234"},"content":"public class Event extends Task {","lastModifiedDate":"2026-02-03T23:00:57","isFullCredit":false},{"lineNumber":2,"author":{"gitId":"heehaw1234"},"content":"","lastModifiedDate":"2026-02-03T23:00:57","isFullCredit":false},{"lineNumber":3,"author":{"gitId":"heehaw1234"},"content":"    /** start date of current event object */","lastModifiedDate":"2026-02-03T23:00:57","isFullCredit":false},{"lineNumber":4,"author":{"gitId":"heehaw1234"},"content":"    protected String from;","lastModifiedDate":"2026-02-03T23:00:57","isFullCredit":false},{"lineNumber":5,"author":{"gitId":"heehaw1234"},"content":"    /** end date of current event object */","lastModifiedDate":"2026-02-03T23:00:57","isFullCredit":false},{"lineNumber":6,"author":{"gitId":"heehaw1234"},"content":"    protected String to;","lastModifiedDate":"2026-02-03T23:00:57","isFullCredit":false},{"lineNumber":7,"author":{"gitId":"heehaw1234"},"content":"","lastModifiedDate":"2026-02-03T23:00:57","isFullCredit":false},{"lineNumber":8,"author":{"gitId":"heehaw1234"},"content":"    /** returns the type of current subtask object */","lastModifiedDate":"2026-02-03T23:00:57","isFullCredit":false},{"lineNumber":9,"author":{"gitId":"heehaw1234"},"content":"    public String typeOf() {","lastModifiedDate":"2026-02-05T11:55:35","isFullCredit":false},{"lineNumber":10,"author":{"gitId":"heehaw1234"},"content":"        return \"[\" + \"E\" + \"]\";","lastModifiedDate":"2026-02-03T23:00:57","isFullCredit":false},{"lineNumber":11,"author":{"gitId":"heehaw1234"},"content":"    }","lastModifiedDate":"2026-02-03T23:00:57","isFullCredit":false},{"lineNumber":12,"author":{"gitId":"heehaw1234"},"content":"","lastModifiedDate":"2026-02-03T23:00:57","isFullCredit":false},{"lineNumber":13,"author":{"gitId":"heehaw1234"},"content":"    /** parses \u0027/from\u0027 and \u0027/to\u0027 field entered by user for current event object */","lastModifiedDate":"2026-02-03T23:00:57","isFullCredit":false},{"lineNumber":14,"author":{"gitId":"heehaw1234"},"content":"    private void parseFromTo(String userInput) {","lastModifiedDate":"2026-02-03T23:00:57","isFullCredit":false},{"lineNumber":15,"author":{"gitId":"heehaw1234"},"content":"        int indexOfFrom \u003d userInput.indexOf(\"/from\");","lastModifiedDate":"2026-02-03T23:00:57","isFullCredit":false},{"lineNumber":16,"author":{"gitId":"heehaw1234"},"content":"        int indexOfTo \u003d userInput.indexOf(\"/to\");","lastModifiedDate":"2026-02-03T23:00:57","isFullCredit":false},{"lineNumber":17,"author":{"gitId":"heehaw1234"},"content":"","lastModifiedDate":"2026-02-03T23:00:57","isFullCredit":false},{"lineNumber":18,"author":{"gitId":"heehaw1234"},"content":"        from \u003d userInput.substring(indexOfFrom + 5, indexOfTo).trim();","lastModifiedDate":"2026-02-03T23:00:57","isFullCredit":false},{"lineNumber":19,"author":{"gitId":"heehaw1234"},"content":"        to \u003d userInput.substring(indexOfTo + 3).trim();","lastModifiedDate":"2026-02-03T23:00:57","isFullCredit":false},{"lineNumber":20,"author":{"gitId":"heehaw1234"},"content":"","lastModifiedDate":"2026-02-03T23:00:57","isFullCredit":false},{"lineNumber":21,"author":{"gitId":"heehaw1234"},"content":"        super.description \u003d userInput.substring(0, indexOfFrom).trim();","lastModifiedDate":"2026-02-03T23:00:57","isFullCredit":false},{"lineNumber":22,"author":{"gitId":"heehaw1234"},"content":"    }","lastModifiedDate":"2026-02-03T23:00:57","isFullCredit":false},{"lineNumber":23,"author":{"gitId":"heehaw1234"},"content":"","lastModifiedDate":"2026-02-03T23:00:57","isFullCredit":false},{"lineNumber":24,"author":{"gitId":"heehaw1234"},"content":"    /** constructor for event object */","lastModifiedDate":"2026-02-03T23:00:57","isFullCredit":false},{"lineNumber":25,"author":{"gitId":"heehaw1234"},"content":"    public Event(String userInput, int index) {","lastModifiedDate":"2026-02-05T11:55:35","isFullCredit":false},{"lineNumber":26,"author":{"gitId":"heehaw1234"},"content":"        super(userInput, index);","lastModifiedDate":"2026-02-05T11:55:35","isFullCredit":false},{"lineNumber":27,"author":{"gitId":"heehaw1234"},"content":"        parseFromTo(userInput);","lastModifiedDate":"2026-02-03T23:00:57","isFullCredit":false},{"lineNumber":28,"author":{"gitId":"heehaw1234"},"content":"    }","lastModifiedDate":"2026-02-03T23:00:57","isFullCredit":false},{"lineNumber":29,"author":{"gitId":"heehaw1234"},"content":"","lastModifiedDate":"2026-02-03T23:00:57","isFullCredit":false},{"lineNumber":30,"author":{"gitId":"heehaw1234"},"content":"    /** toString method overriding */","lastModifiedDate":"2026-02-03T23:00:57","isFullCredit":false},{"lineNumber":31,"author":{"gitId":"heehaw1234"},"content":"    @Override","lastModifiedDate":"2026-02-03T23:00:57","isFullCredit":false},{"lineNumber":32,"author":{"gitId":"heehaw1234"},"content":"    public String toString() {","lastModifiedDate":"2026-02-03T23:00:57","isFullCredit":false},{"lineNumber":33,"author":{"gitId":"heehaw1234"},"content":"        return typeOf() + super.returnMarkedString() + super.description + \" (from: \" + from + \" to: \" + to + \")\";","lastModifiedDate":"2026-02-05T11:55:35","isFullCredit":false},{"lineNumber":34,"author":{"gitId":"heehaw1234"},"content":"    }","lastModifiedDate":"2026-02-03T23:00:57","isFullCredit":false},{"lineNumber":35,"author":{"gitId":"heehaw1234"},"content":"}","lastModifiedDate":"2026-02-03T23:00:57","isFullCredit":false}],"authorContributionMap":{"heehaw1234":35}},{"path":"src/main/java/Sigma.java","fileType":"java","lines":[{"lineNumber":1,"author":{"gitId":"heehaw1234"},"content":"import java.util.Scanner; // object to take in user input","lastModifiedDate":"2026-01-29T18:38:42","isFullCredit":false},{"lineNumber":2,"author":{"gitId":"heehaw1234"},"content":"","lastModifiedDate":"2026-01-29T18:11:15","isFullCredit":false},{"lineNumber":3,"author":{"gitId":"heehaw1234"},"content":"public class Sigma {","lastModifiedDate":"2026-01-29T18:06:51","isFullCredit":false},{"lineNumber":4,"author":{"gitId":"heehaw1234"},"content":"","lastModifiedDate":"2026-02-03T23:00:57","isFullCredit":false},{"lineNumber":5,"author":{"gitId":"heehaw1234"},"content":"    /** size of the list of tasks */","lastModifiedDate":"2026-01-29T18:38:42","isFullCredit":false},{"lineNumber":6,"author":{"gitId":"heehaw1234"},"content":"    private static final int LIST_SIZE \u003d 100;","lastModifiedDate":"2026-01-29T18:38:42","isFullCredit":false},{"lineNumber":7,"author":{"gitId":"heehaw1234"},"content":"    /** list of tasks added */","lastModifiedDate":"2026-01-29T18:38:42","isFullCredit":false},{"lineNumber":8,"author":{"gitId":"heehaw1234"},"content":"    private static Task[] taskList \u003d new Task[LIST_SIZE]; // initialise an array of size 100","lastModifiedDate":"2026-01-29T18:38:42","isFullCredit":false},{"lineNumber":9,"author":{"gitId":"heehaw1234"},"content":"    /** head of the taskList */","lastModifiedDate":"2026-01-29T18:38:42","isFullCredit":false},{"lineNumber":10,"author":{"gitId":"heehaw1234"},"content":"    private static int taskListHead \u003d 0;","lastModifiedDate":"2026-01-29T18:15:02","isFullCredit":false},{"lineNumber":11,"author":{"gitId":"heehaw1234"},"content":"","lastModifiedDate":"2026-01-29T18:15:02","isFullCredit":false},{"lineNumber":12,"author":{"gitId":"heehaw1234"},"content":"    /** driver code, entry point of programme */","lastModifiedDate":"2026-01-29T18:38:42","isFullCredit":false},{"lineNumber":13,"author":{"gitId":"heehaw1234"},"content":"    public static void main(String[] args) {","lastModifiedDate":"2026-01-29T18:06:51","isFullCredit":false},{"lineNumber":14,"author":{"gitId":"heehaw1234"},"content":"        sayIntro();","lastModifiedDate":"2026-01-29T18:11:15","isFullCredit":false},{"lineNumber":15,"author":{"gitId":"heehaw1234"},"content":"","lastModifiedDate":"2026-01-29T18:11:15","isFullCredit":false},{"lineNumber":16,"author":{"gitId":"heehaw1234"},"content":"        Scanner in \u003d new Scanner(System.in);","lastModifiedDate":"2026-01-29T18:11:15","isFullCredit":false},{"lineNumber":17,"author":{"gitId":"heehaw1234"},"content":"","lastModifiedDate":"2026-01-29T18:11:15","isFullCredit":false},{"lineNumber":18,"author":{"gitId":"heehaw1234"},"content":"        while (true) {","lastModifiedDate":"2026-01-29T18:11:15","isFullCredit":false},{"lineNumber":19,"author":{"gitId":"heehaw1234"},"content":"            String userInput \u003d in.nextLine();","lastModifiedDate":"2026-01-29T18:11:15","isFullCredit":false},{"lineNumber":20,"author":{"gitId":"heehaw1234"},"content":"            if (userInput.equals(\"bye\")) {","lastModifiedDate":"2026-01-29T18:11:15","isFullCredit":false},{"lineNumber":21,"author":{"gitId":"heehaw1234"},"content":"                sayBye();","lastModifiedDate":"2026-01-29T18:11:15","isFullCredit":false},{"lineNumber":22,"author":{"gitId":"heehaw1234"},"content":"                return;","lastModifiedDate":"2026-01-29T18:11:15","isFullCredit":false},{"lineNumber":23,"author":{"gitId":"heehaw1234"},"content":"            }","lastModifiedDate":"2026-01-29T18:11:15","isFullCredit":false},{"lineNumber":24,"author":{"gitId":"heehaw1234"},"content":"            if (userInput.equals(\"list\")) {","lastModifiedDate":"2026-01-29T18:15:02","isFullCredit":false},{"lineNumber":25,"author":{"gitId":"heehaw1234"},"content":"                printList();","lastModifiedDate":"2026-01-29T18:15:02","isFullCredit":false},{"lineNumber":26,"author":{"gitId":"heehaw1234"},"content":"            } else if (userInput.startsWith(\"mark\")) {","lastModifiedDate":"2026-02-05T11:22:51","isFullCredit":false},{"lineNumber":27,"author":{"gitId":"heehaw1234"},"content":"                setTaskStatus(userInput.substring(5, 6), true);","lastModifiedDate":"2026-01-29T18:38:42","isFullCredit":false},{"lineNumber":28,"author":{"gitId":"heehaw1234"},"content":"            } else if (userInput.startsWith(\"unmark\")) {","lastModifiedDate":"2026-02-05T11:22:51","isFullCredit":false},{"lineNumber":29,"author":{"gitId":"heehaw1234"},"content":"                setTaskStatus(userInput.substring(7, 8), false);","lastModifiedDate":"2026-01-29T18:38:42","isFullCredit":false},{"lineNumber":30,"author":{"gitId":"heehaw1234"},"content":"            } else if (userInput.startsWith(\"todo\")) {","lastModifiedDate":"2026-02-05T11:22:51","isFullCredit":false},{"lineNumber":31,"author":{"gitId":"heehaw1234"},"content":"                addTask(userInput.substring(5), TaskType.TODO);","lastModifiedDate":"2026-02-05T11:55:35","isFullCredit":false},{"lineNumber":32,"author":{"gitId":"heehaw1234"},"content":"            } else if (userInput.startsWith(\"deadline\")) {","lastModifiedDate":"2026-02-05T11:22:51","isFullCredit":false},{"lineNumber":33,"author":{"gitId":"heehaw1234"},"content":"                addTask(userInput.substring(9), TaskType.DEADLINE);","lastModifiedDate":"2026-02-05T11:55:35","isFullCredit":false},{"lineNumber":34,"author":{"gitId":"heehaw1234"},"content":"            } else if (userInput.startsWith(\"event\")) {","lastModifiedDate":"2026-02-05T11:22:51","isFullCredit":false},{"lineNumber":35,"author":{"gitId":"heehaw1234"},"content":"                addTask(userInput.substring(6), TaskType.EVENT);","lastModifiedDate":"2026-02-05T11:55:35","isFullCredit":false},{"lineNumber":36,"author":{"gitId":"heehaw1234"},"content":"            } else if (userInput.equals(\"sigma\")) {","lastModifiedDate":"2026-02-05T11:22:51","isFullCredit":false},{"lineNumber":37,"author":{"gitId":"heehaw1234"},"content":"                echo(\"SIGMA INDEED!!!!\");","lastModifiedDate":"2026-01-29T18:11:15","isFullCredit":false},{"lineNumber":38,"author":{"gitId":"heehaw1234"},"content":"            } else {","lastModifiedDate":"2026-02-05T11:22:51","isFullCredit":false},{"lineNumber":39,"author":{"gitId":"heehaw1234"},"content":"                addTask(userInput, TaskType.TASK);","lastModifiedDate":"2026-02-05T11:55:35","isFullCredit":false},{"lineNumber":40,"author":{"gitId":"heehaw1234"},"content":"            }","lastModifiedDate":"2026-02-03T23:00:57","isFullCredit":false},{"lineNumber":41,"author":{"gitId":"heehaw1234"},"content":"        }","lastModifiedDate":"2026-01-29T18:11:15","isFullCredit":false},{"lineNumber":42,"author":{"gitId":"heehaw1234"},"content":"    }","lastModifiedDate":"2026-01-29T18:11:15","isFullCredit":false},{"lineNumber":43,"author":{"gitId":"heehaw1234"},"content":"","lastModifiedDate":"2026-01-29T18:11:15","isFullCredit":false},{"lineNumber":44,"author":{"gitId":"heehaw1234"},"content":"    /** this function sets whether or not a task is marked */","lastModifiedDate":"2026-01-29T18:38:42","isFullCredit":false},{"lineNumber":45,"author":{"gitId":"heehaw1234"},"content":"    private static void setTaskStatus(String index, boolean isMarked) {","lastModifiedDate":"2026-02-05T11:55:35","isFullCredit":false},{"lineNumber":46,"author":{"gitId":"heehaw1234"},"content":"        int targetIndex \u003d Integer.parseInt(index);","lastModifiedDate":"2026-01-29T18:18:09","isFullCredit":false},{"lineNumber":47,"author":{"gitId":"heehaw1234"},"content":"        String isDoneString \u003d (isMarked) ? \"Nice! I\u0027ve marked this task as done:\" : \"OK, I\u0027ve marked this task as not done yet:\";","lastModifiedDate":"2026-02-05T11:55:35","isFullCredit":false},{"lineNumber":48,"author":{"gitId":"heehaw1234"},"content":"","lastModifiedDate":"2026-01-29T18:38:42","isFullCredit":false},{"lineNumber":49,"author":{"gitId":"heehaw1234"},"content":"        if (isMarked) {","lastModifiedDate":"2026-02-05T11:55:35","isFullCredit":false},{"lineNumber":50,"author":{"gitId":"heehaw1234"},"content":"            taskList[targetIndex - 1].markAsDone();","lastModifiedDate":"2026-01-29T18:18:09","isFullCredit":false},{"lineNumber":51,"author":{"gitId":"heehaw1234"},"content":"        } else {","lastModifiedDate":"2026-02-05T11:55:35","isFullCredit":false},{"lineNumber":52,"author":{"gitId":"heehaw1234"},"content":"            taskList[targetIndex - 1].markAsNotDone();","lastModifiedDate":"2026-01-29T18:18:09","isFullCredit":false},{"lineNumber":53,"author":{"gitId":"heehaw1234"},"content":"        }","lastModifiedDate":"2026-01-29T18:18:09","isFullCredit":false},{"lineNumber":54,"author":{"gitId":"heehaw1234"},"content":"","lastModifiedDate":"2026-01-29T18:38:42","isFullCredit":false},{"lineNumber":55,"author":{"gitId":"heehaw1234"},"content":"        System.out.println(\"____________________________________________________________\");","lastModifiedDate":"2026-01-29T18:18:09","isFullCredit":false},{"lineNumber":56,"author":{"gitId":"heehaw1234"},"content":"        System.out.println(isDoneString);","lastModifiedDate":"2026-01-29T18:18:09","isFullCredit":false},{"lineNumber":57,"author":{"gitId":"heehaw1234"},"content":"        System.out.println(\" \" + taskList[targetIndex - 1]);","lastModifiedDate":"2026-02-03T23:00:57","isFullCredit":false},{"lineNumber":58,"author":{"gitId":"heehaw1234"},"content":"        System.out.println(\"____________________________________________________________\");","lastModifiedDate":"2026-01-29T18:18:09","isFullCredit":false},{"lineNumber":59,"author":{"gitId":"heehaw1234"},"content":"    }","lastModifiedDate":"2026-01-29T18:18:09","isFullCredit":false},{"lineNumber":60,"author":{"gitId":"heehaw1234"},"content":"","lastModifiedDate":"2026-01-29T18:18:09","isFullCredit":false},{"lineNumber":61,"author":{"gitId":"heehaw1234"},"content":"    /** this function greets the user */","lastModifiedDate":"2026-01-29T18:38:42","isFullCredit":false},{"lineNumber":62,"author":{"gitId":"heehaw1234"},"content":"    private static void sayIntro() {","lastModifiedDate":"2026-01-29T18:11:15","isFullCredit":false},{"lineNumber":63,"author":{"gitId":"heehaw1234"},"content":"        String logo \u003d \" ____  ___  ____  __  __    _    \\n\"","lastModifiedDate":"2026-01-29T18:06:51","isFullCredit":false},{"lineNumber":64,"author":{"gitId":"heehaw1234"},"content":"                + \"/ ___||_ _|/ ___||  \\\\/  |  / \\\\   \\n\"","lastModifiedDate":"2026-01-29T18:06:51","isFullCredit":false},{"lineNumber":65,"author":{"gitId":"heehaw1234"},"content":"                + \"\\\\___ \\\\ | || |  _ | |\\\\/| | / _ \\\\  \\n\"","lastModifiedDate":"2026-01-29T18:06:51","isFullCredit":false},{"lineNumber":66,"author":{"gitId":"heehaw1234"},"content":"                + \" ___) || || |_| || |  | |/ ___ \\\\ \\n\"","lastModifiedDate":"2026-01-29T18:06:51","isFullCredit":false},{"lineNumber":67,"author":{"gitId":"heehaw1234"},"content":"                + \"|____/|___|\\\\____||_|  |_/_/   \\\\_\\\\\\n\";","lastModifiedDate":"2026-01-29T18:06:51","isFullCredit":false},{"lineNumber":68,"author":{"gitId":"heehaw1234"},"content":"","lastModifiedDate":"2026-01-29T18:38:42","isFullCredit":false},{"lineNumber":69,"author":{"gitId":"heehaw1234"},"content":"        System.out.println(\"____________________________________________________________\");","lastModifiedDate":"2026-01-29T18:06:51","isFullCredit":false},{"lineNumber":70,"author":{"gitId":"heehaw1234"},"content":"        System.out.println(\"Hello I\u0027m\\n\" + logo);","lastModifiedDate":"2026-01-29T18:06:51","isFullCredit":false},{"lineNumber":71,"author":{"gitId":"heehaw1234"},"content":"        System.out.println(\"What can i do for you?\\n\");","lastModifiedDate":"2026-01-29T18:11:15","isFullCredit":false},{"lineNumber":72,"author":{"gitId":"heehaw1234"},"content":"        System.out.println(\"____________________________________________________________\");","lastModifiedDate":"2026-01-29T18:11:15","isFullCredit":false},{"lineNumber":73,"author":{"gitId":"heehaw1234"},"content":"    }","lastModifiedDate":"2026-01-29T18:11:15","isFullCredit":false},{"lineNumber":74,"author":{"gitId":"heehaw1234"},"content":"","lastModifiedDate":"2026-01-29T18:11:15","isFullCredit":false},{"lineNumber":75,"author":{"gitId":"heehaw1234"},"content":"    /** this function echoes back what the user input*/","lastModifiedDate":"2026-01-29T18:38:42","isFullCredit":false},{"lineNumber":76,"author":{"gitId":"heehaw1234"},"content":"    private static void echo(String userInput) {","lastModifiedDate":"2026-01-29T18:11:15","isFullCredit":false},{"lineNumber":77,"author":{"gitId":"heehaw1234"},"content":"        System.out.println(\"____________________________________________________________\");","lastModifiedDate":"2026-01-29T18:11:15","isFullCredit":false},{"lineNumber":78,"author":{"gitId":"heehaw1234"},"content":"        System.out.println(userInput);","lastModifiedDate":"2026-01-29T18:11:15","isFullCredit":false},{"lineNumber":79,"author":{"gitId":"heehaw1234"},"content":"        System.out.println(\"____________________________________________________________\");","lastModifiedDate":"2026-01-29T18:11:15","isFullCredit":false},{"lineNumber":80,"author":{"gitId":"heehaw1234"},"content":"    }","lastModifiedDate":"2026-01-29T18:11:15","isFullCredit":false},{"lineNumber":81,"author":{"gitId":"heehaw1234"},"content":"","lastModifiedDate":"2026-01-29T18:11:15","isFullCredit":false},{"lineNumber":82,"author":{"gitId":"heehaw1234"},"content":"    /** this method says goodbye to the user */","lastModifiedDate":"2026-01-29T18:38:42","isFullCredit":false},{"lineNumber":83,"author":{"gitId":"heehaw1234"},"content":"    private static void sayBye() {","lastModifiedDate":"2026-01-29T18:11:15","isFullCredit":false},{"lineNumber":84,"author":{"gitId":"heehaw1234"},"content":"        System.out.println(\"____________________________________________________________\");","lastModifiedDate":"2026-01-29T18:06:51","isFullCredit":false},{"lineNumber":85,"author":{"gitId":"heehaw1234"},"content":"        System.out.println(\"Bye. Hope to see you again soon!\");","lastModifiedDate":"2026-01-29T18:06:51","isFullCredit":false},{"lineNumber":86,"author":{"gitId":"heehaw1234"},"content":"        System.out.println(\"____________________________________________________________\");","lastModifiedDate":"2026-01-29T18:06:51","isFullCredit":false},{"lineNumber":87,"author":{"gitId":"heehaw1234"},"content":"    }","lastModifiedDate":"2026-01-29T18:06:51","isFullCredit":false},{"lineNumber":88,"author":{"gitId":"heehaw1234"},"content":"","lastModifiedDate":"2026-01-29T18:15:02","isFullCredit":false},{"lineNumber":89,"author":{"gitId":"heehaw1234"},"content":"    /** this function adds a task to the list of tasks */","lastModifiedDate":"2026-01-29T18:38:42","isFullCredit":false},{"lineNumber":90,"author":{"gitId":"heehaw1234"},"content":"    private static void addTask(String userInput, TaskType typeOfTask) {","lastModifiedDate":"2026-02-05T11:55:35","isFullCredit":false},{"lineNumber":91,"author":{"gitId":"heehaw1234"},"content":"        Task toAdd; // later on uses polymorphism to store the subtask object in the taskList array","lastModifiedDate":"2026-02-03T23:00:57","isFullCredit":false},{"lineNumber":92,"author":{"gitId":"heehaw1234"},"content":"","lastModifiedDate":"2026-02-05T11:55:35","isFullCredit":false},{"lineNumber":93,"author":{"gitId":"heehaw1234"},"content":"        switch (typeOfTask) {","lastModifiedDate":"2026-02-05T11:55:35","isFullCredit":false},{"lineNumber":94,"author":{"gitId":"heehaw1234"},"content":"        case TODO:","lastModifiedDate":"2026-02-05T11:55:35","isFullCredit":false},{"lineNumber":95,"author":{"gitId":"heehaw1234"},"content":"            toAdd \u003d new Todo(userInput, taskListHead);","lastModifiedDate":"2026-02-03T23:00:57","isFullCredit":false},{"lineNumber":96,"author":{"gitId":"heehaw1234"},"content":"            break;","lastModifiedDate":"2026-02-05T11:55:35","isFullCredit":false},{"lineNumber":97,"author":{"gitId":"heehaw1234"},"content":"        case DEADLINE:","lastModifiedDate":"2026-02-05T11:55:35","isFullCredit":false},{"lineNumber":98,"author":{"gitId":"heehaw1234"},"content":"            toAdd \u003d new Deadline(userInput, taskListHead);","lastModifiedDate":"2026-02-03T23:00:57","isFullCredit":false},{"lineNumber":99,"author":{"gitId":"heehaw1234"},"content":"            break;","lastModifiedDate":"2026-02-05T11:55:35","isFullCredit":false},{"lineNumber":100,"author":{"gitId":"heehaw1234"},"content":"        case EVENT:","lastModifiedDate":"2026-02-05T11:55:35","isFullCredit":false},{"lineNumber":101,"author":{"gitId":"heehaw1234"},"content":"            toAdd \u003d new Event(userInput, taskListHead);","lastModifiedDate":"2026-02-03T23:00:57","isFullCredit":false},{"lineNumber":102,"author":{"gitId":"heehaw1234"},"content":"            break;","lastModifiedDate":"2026-02-05T11:55:35","isFullCredit":false},{"lineNumber":103,"author":{"gitId":"heehaw1234"},"content":"        default:","lastModifiedDate":"2026-02-05T11:55:35","isFullCredit":false},{"lineNumber":104,"author":{"gitId":"heehaw1234"},"content":"            toAdd \u003d new Task(userInput, taskListHead);","lastModifiedDate":"2026-02-05T11:55:35","isFullCredit":false},{"lineNumber":105,"author":{"gitId":"heehaw1234"},"content":"        }","lastModifiedDate":"2026-02-03T23:00:57","isFullCredit":false},{"lineNumber":106,"author":{"gitId":"heehaw1234"},"content":"","lastModifiedDate":"2026-02-05T11:55:35","isFullCredit":false},{"lineNumber":107,"author":{"gitId":"heehaw1234"},"content":"        taskList[taskListHead] \u003d toAdd;","lastModifiedDate":"2026-01-29T18:18:09","isFullCredit":false},{"lineNumber":108,"author":{"gitId":"heehaw1234"},"content":"        taskListHead +\u003d 1;","lastModifiedDate":"2026-01-29T18:15:02","isFullCredit":false},{"lineNumber":109,"author":{"gitId":"heehaw1234"},"content":"        System.out.println(\"____________________________________________________________\");","lastModifiedDate":"2026-01-29T18:15:02","isFullCredit":false},{"lineNumber":110,"author":{"gitId":"heehaw1234"},"content":"        System.out.println(\"Got it. I\u0027ve added this task:\");","lastModifiedDate":"2026-02-03T23:00:57","isFullCredit":false},{"lineNumber":111,"author":{"gitId":"heehaw1234"},"content":"        System.out.println(\" \" + toAdd);","lastModifiedDate":"2026-02-03T23:00:57","isFullCredit":false},{"lineNumber":112,"author":{"gitId":"heehaw1234"},"content":"        System.out.println(\"Now you have \" + taskListHead + \" tasks in the list.\");","lastModifiedDate":"2026-02-03T23:00:57","isFullCredit":false},{"lineNumber":113,"author":{"gitId":"heehaw1234"},"content":"        System.out.println(\"____________________________________________________________\");","lastModifiedDate":"2026-01-29T18:15:02","isFullCredit":false},{"lineNumber":114,"author":{"gitId":"heehaw1234"},"content":"    }","lastModifiedDate":"2026-01-29T18:15:02","isFullCredit":false},{"lineNumber":115,"author":{"gitId":"heehaw1234"},"content":"","lastModifiedDate":"2026-01-29T18:15:02","isFullCredit":false},{"lineNumber":116,"author":{"gitId":"heehaw1234"},"content":"    /** this function prints the list of tasks a user has added with the checkbox status displayed */","lastModifiedDate":"2026-01-29T18:38:42","isFullCredit":false},{"lineNumber":117,"author":{"gitId":"heehaw1234"},"content":"    private static void printList() {","lastModifiedDate":"2026-01-29T18:15:02","isFullCredit":false},{"lineNumber":118,"author":{"gitId":"heehaw1234"},"content":"        System.out.println(\"____________________________________________________________\");","lastModifiedDate":"2026-01-29T18:15:02","isFullCredit":false},{"lineNumber":119,"author":{"gitId":"heehaw1234"},"content":"        System.out.println(\"Here are the tasks in your list:\");","lastModifiedDate":"2026-01-29T18:18:09","isFullCredit":false},{"lineNumber":120,"author":{"gitId":"heehaw1234"},"content":"        if (taskListHead \u003d\u003d 0) {","lastModifiedDate":"2026-02-03T23:00:57","isFullCredit":false},{"lineNumber":121,"author":{"gitId":"heehaw1234"},"content":"            System.out.println(\" List is empty, add tasks\");","lastModifiedDate":"2026-02-03T23:00:57","isFullCredit":false},{"lineNumber":122,"author":{"gitId":"heehaw1234"},"content":"        }","lastModifiedDate":"2026-02-03T23:00:57","isFullCredit":false},{"lineNumber":123,"author":{"gitId":"heehaw1234"},"content":"        for (int i \u003d 0; i \u003c taskListHead; i +\u003d 1) {","lastModifiedDate":"2026-01-29T18:15:02","isFullCredit":false},{"lineNumber":124,"author":{"gitId":"heehaw1234"},"content":"            System.out.println((i+1) + \".\" + taskList[i]);","lastModifiedDate":"2026-02-03T23:00:57","isFullCredit":false},{"lineNumber":125,"author":{"gitId":"heehaw1234"},"content":"        }","lastModifiedDate":"2026-01-29T18:15:02","isFullCredit":false},{"lineNumber":126,"author":{"gitId":"heehaw1234"},"content":"        System.out.println(\"____________________________________________________________\");","lastModifiedDate":"2026-01-29T18:15:02","isFullCredit":false},{"lineNumber":127,"author":{"gitId":"heehaw1234"},"content":"    }","lastModifiedDate":"2026-01-29T18:15:02","isFullCredit":false},{"lineNumber":128,"author":{"gitId":"heehaw1234"},"content":"}","lastModifiedDate":"2026-01-29T18:06:51","isFullCredit":false}],"authorContributionMap":{"heehaw1234":128}},{"path":"src/main/java/Task.java","fileType":"java","lines":[{"lineNumber":1,"author":{"gitId":"heehaw1234"},"content":"public class Task {","lastModifiedDate":"2026-01-29T18:18:09","isFullCredit":false},{"lineNumber":2,"author":{"gitId":"heehaw1234"},"content":"","lastModifiedDate":"2026-02-03T23:00:57","isFullCredit":false},{"lineNumber":3,"author":{"gitId":"heehaw1234"},"content":"    /** description of the task itself */","lastModifiedDate":"2026-01-29T18:38:42","isFullCredit":false},{"lineNumber":4,"author":{"gitId":"heehaw1234"},"content":"    protected String description;","lastModifiedDate":"2026-01-29T18:18:09","isFullCredit":false},{"lineNumber":5,"author":{"gitId":"heehaw1234"},"content":"    /** boolean flag to set if task has been marked \u0027X\u0027 or not */","lastModifiedDate":"2026-01-29T18:38:42","isFullCredit":false},{"lineNumber":6,"author":{"gitId":"heehaw1234"},"content":"    protected boolean isDone;","lastModifiedDate":"2026-01-29T18:18:09","isFullCredit":false},{"lineNumber":7,"author":{"gitId":"heehaw1234"},"content":"    /** index of current task in the list */","lastModifiedDate":"2026-02-03T23:00:57","isFullCredit":false},{"lineNumber":8,"author":{"gitId":"heehaw1234"},"content":"    protected int index;","lastModifiedDate":"2026-02-05T11:55:35","isFullCredit":false},{"lineNumber":9,"author":{"gitId":"heehaw1234"},"content":"","lastModifiedDate":"2026-01-29T18:18:09","isFullCredit":false},{"lineNumber":10,"author":{"gitId":"heehaw1234"},"content":"    /** constructor to construct a new task */","lastModifiedDate":"2026-01-29T18:38:42","isFullCredit":false},{"lineNumber":11,"author":{"gitId":"heehaw1234"},"content":"    public Task(String description, int index) {","lastModifiedDate":"2026-02-05T11:55:35","isFullCredit":false},{"lineNumber":12,"author":{"gitId":"heehaw1234"},"content":"        this.description \u003d description;","lastModifiedDate":"2026-01-29T18:18:09","isFullCredit":false},{"lineNumber":13,"author":{"gitId":"heehaw1234"},"content":"        this.isDone \u003d false; // defaults to undone","lastModifiedDate":"2026-01-29T18:38:42","isFullCredit":false},{"lineNumber":14,"author":{"gitId":"heehaw1234"},"content":"        this.index \u003d index;","lastModifiedDate":"2026-02-05T11:55:35","isFullCredit":false},{"lineNumber":15,"author":{"gitId":"heehaw1234"},"content":"    }","lastModifiedDate":"2026-01-29T18:18:09","isFullCredit":false},{"lineNumber":16,"author":{"gitId":"heehaw1234"},"content":"","lastModifiedDate":"2026-01-29T18:18:09","isFullCredit":false},{"lineNumber":17,"author":{"gitId":"heehaw1234"},"content":"    /** returns the status of whether checkbox is marked or not */","lastModifiedDate":"2026-01-29T18:38:42","isFullCredit":false},{"lineNumber":18,"author":{"gitId":"heehaw1234"},"content":"    public String getStatusIcon() {","lastModifiedDate":"2026-01-29T18:18:09","isFullCredit":false},{"lineNumber":19,"author":{"gitId":"heehaw1234"},"content":"        return (isDone ? \"X\" : \" \"); // mark done task with X","lastModifiedDate":"2026-01-29T18:18:09","isFullCredit":false},{"lineNumber":20,"author":{"gitId":"heehaw1234"},"content":"    }","lastModifiedDate":"2026-01-29T18:18:09","isFullCredit":false},{"lineNumber":21,"author":{"gitId":"heehaw1234"},"content":"","lastModifiedDate":"2026-01-29T18:18:09","isFullCredit":false},{"lineNumber":22,"author":{"gitId":"heehaw1234"},"content":"    /** returns a string of the task with checkbox */","lastModifiedDate":"2026-01-29T18:38:42","isFullCredit":false},{"lineNumber":23,"author":{"gitId":"heehaw1234"},"content":"    public String returnMarkedString() {","lastModifiedDate":"2026-02-03T23:00:57","isFullCredit":false},{"lineNumber":24,"author":{"gitId":"heehaw1234"},"content":"        return \"[\" + getStatusIcon() + \"] \";","lastModifiedDate":"2026-02-03T23:00:57","isFullCredit":false},{"lineNumber":25,"author":{"gitId":"heehaw1234"},"content":"    }","lastModifiedDate":"2026-01-29T18:18:09","isFullCredit":false},{"lineNumber":26,"author":{"gitId":"heehaw1234"},"content":"","lastModifiedDate":"2026-01-29T18:18:09","isFullCredit":false},{"lineNumber":27,"author":{"gitId":"heehaw1234"},"content":"    /** sets isDone to true */","lastModifiedDate":"2026-01-29T18:38:42","isFullCredit":false},{"lineNumber":28,"author":{"gitId":"heehaw1234"},"content":"    public void markAsDone() {","lastModifiedDate":"2026-01-29T18:18:09","isFullCredit":false},{"lineNumber":29,"author":{"gitId":"heehaw1234"},"content":"        isDone \u003d true;","lastModifiedDate":"2026-01-29T18:18:09","isFullCredit":false},{"lineNumber":30,"author":{"gitId":"heehaw1234"},"content":"    }","lastModifiedDate":"2026-01-29T18:18:09","isFullCredit":false},{"lineNumber":31,"author":{"gitId":"heehaw1234"},"content":"","lastModifiedDate":"2026-01-29T18:18:09","isFullCredit":false},{"lineNumber":32,"author":{"gitId":"heehaw1234"},"content":"    /** sets isDone to false */","lastModifiedDate":"2026-01-29T18:38:42","isFullCredit":false},{"lineNumber":33,"author":{"gitId":"heehaw1234"},"content":"    public void markAsNotDone() {","lastModifiedDate":"2026-01-29T18:18:09","isFullCredit":false},{"lineNumber":34,"author":{"gitId":"heehaw1234"},"content":"        isDone \u003d false;","lastModifiedDate":"2026-01-29T18:18:09","isFullCredit":false},{"lineNumber":35,"author":{"gitId":"heehaw1234"},"content":"    }","lastModifiedDate":"2026-01-29T18:18:09","isFullCredit":false},{"lineNumber":36,"author":{"gitId":"heehaw1234"},"content":"","lastModifiedDate":"2026-02-05T11:55:35","isFullCredit":false},{"lineNumber":37,"author":{"gitId":"heehaw1234"},"content":"    /** toString method overriding */","lastModifiedDate":"2026-02-05T11:55:35","isFullCredit":false},{"lineNumber":38,"author":{"gitId":"heehaw1234"},"content":"    @Override","lastModifiedDate":"2026-02-05T11:55:35","isFullCredit":false},{"lineNumber":39,"author":{"gitId":"heehaw1234"},"content":"    public String toString() {","lastModifiedDate":"2026-02-05T11:55:35","isFullCredit":false},{"lineNumber":40,"author":{"gitId":"heehaw1234"},"content":"        return returnMarkedString() + description;","lastModifiedDate":"2026-02-05T11:55:35","isFullCredit":false},{"lineNumber":41,"author":{"gitId":"heehaw1234"},"content":"    }","lastModifiedDate":"2026-02-05T11:55:35","isFullCredit":false},{"lineNumber":42,"author":{"gitId":"heehaw1234"},"content":"}","lastModifiedDate":"2026-01-29T18:18:09","isFullCredit":false}],"authorContributionMap":{"heehaw1234":42}},{"path":"src/main/java/TaskType.java","fileType":"java","lines":[{"lineNumber":1,"author":{"gitId":"heehaw1234"},"content":"public enum TaskType {","lastModifiedDate":"2026-02-05T11:55:35","isFullCredit":false},{"lineNumber":2,"author":{"gitId":"heehaw1234"},"content":"    TASK, TODO, DEADLINE, EVENT","lastModifiedDate":"2026-02-05T11:55:35","isFullCredit":false},{"lineNumber":3,"author":{"gitId":"heehaw1234"},"content":"}","lastModifiedDate":"2026-02-05T11:55:35","isFullCredit":false}],"authorContributionMap":{"heehaw1234":3}},{"path":"src/main/java/Todo.java","fileType":"java","lines":[{"lineNumber":1,"author":{"gitId":"heehaw1234"},"content":"public class Todo extends Task {","lastModifiedDate":"2026-02-03T23:00:57","isFullCredit":false},{"lineNumber":2,"author":{"gitId":"heehaw1234"},"content":"","lastModifiedDate":"2026-02-03T23:00:57","isFullCredit":false},{"lineNumber":3,"author":{"gitId":"heehaw1234"},"content":"    /** returns the type of current subtask object */","lastModifiedDate":"2026-02-03T23:00:57","isFullCredit":false},{"lineNumber":4,"author":{"gitId":"heehaw1234"},"content":"    public String typeOf() {","lastModifiedDate":"2026-02-05T11:55:35","isFullCredit":false},{"lineNumber":5,"author":{"gitId":"heehaw1234"},"content":"        return \"[\" + \"T\" + \"]\";","lastModifiedDate":"2026-02-03T23:00:57","isFullCredit":false},{"lineNumber":6,"author":{"gitId":"heehaw1234"},"content":"    }","lastModifiedDate":"2026-02-03T23:00:57","isFullCredit":false},{"lineNumber":7,"author":{"gitId":"heehaw1234"},"content":"","lastModifiedDate":"2026-02-03T23:00:57","isFullCredit":false},{"lineNumber":8,"author":{"gitId":"heehaw1234"},"content":"    /** constructor for todo object */","lastModifiedDate":"2026-02-03T23:00:57","isFullCredit":false},{"lineNumber":9,"author":{"gitId":"heehaw1234"},"content":"    public Todo(String description, int index) {","lastModifiedDate":"2026-02-05T11:55:35","isFullCredit":false},{"lineNumber":10,"author":{"gitId":"heehaw1234"},"content":"        super(description, index);","lastModifiedDate":"2026-02-05T11:55:35","isFullCredit":false},{"lineNumber":11,"author":{"gitId":"heehaw1234"},"content":"    }","lastModifiedDate":"2026-02-03T23:00:57","isFullCredit":false},{"lineNumber":12,"author":{"gitId":"heehaw1234"},"content":"","lastModifiedDate":"2026-02-03T23:00:57","isFullCredit":false},{"lineNumber":13,"author":{"gitId":"heehaw1234"},"content":"    /** toString method overriding */","lastModifiedDate":"2026-02-03T23:00:57","isFullCredit":false},{"lineNumber":14,"author":{"gitId":"heehaw1234"},"content":"    @Override","lastModifiedDate":"2026-02-03T23:00:57","isFullCredit":false},{"lineNumber":15,"author":{"gitId":"heehaw1234"},"content":"    public String toString() {","lastModifiedDate":"2026-02-03T23:00:57","isFullCredit":false},{"lineNumber":16,"author":{"gitId":"heehaw1234"},"content":"        return typeOf() + super.returnMarkedString() + super.description;","lastModifiedDate":"2026-02-05T11:55:35","isFullCredit":false},{"lineNumber":17,"author":{"gitId":"heehaw1234"},"content":"    }","lastModifiedDate":"2026-02-03T23:00:57","isFullCredit":false},{"lineNumber":18,"author":{"gitId":"heehaw1234"},"content":"}","lastModifiedDate":"2026-02-03T23:00:57","isFullCredit":false}],"authorContributionMap":{"heehaw1234":18}},{"path":"text-ui-test/input.txt","fileType":"txt","lines":[{"lineNumber":1,"author":{"gitId":"heehaw1234"},"content":"sigma","lastModifiedDate":"2026-02-05T11:22:51","isFullCredit":false},{"lineNumber":2,"author":{"gitId":"heehaw1234"},"content":"list","lastModifiedDate":"2026-02-05T11:22:51","isFullCredit":false},{"lineNumber":3,"author":{"gitId":"heehaw1234"},"content":"todo eat poo","lastModifiedDate":"2026-02-05T11:22:51","isFullCredit":false},{"lineNumber":4,"author":{"gitId":"heehaw1234"},"content":"list","lastModifiedDate":"2026-02-05T11:22:51","isFullCredit":false},{"lineNumber":5,"author":{"gitId":"heehaw1234"},"content":"mark 1","lastModifiedDate":"2026-02-05T11:22:51","isFullCredit":false},{"lineNumber":6,"author":{"gitId":"heehaw1234"},"content":"event no poo /from tuesday 5pm /to thurs 8pm","lastModifiedDate":"2026-02-05T11:22:51","isFullCredit":false},{"lineNumber":7,"author":{"gitId":"heehaw1234"},"content":"list","lastModifiedDate":"2026-02-05T11:22:51","isFullCredit":false},{"lineNumber":8,"author":{"gitId":"heehaw1234"},"content":"mark 1","lastModifiedDate":"2026-02-05T11:22:51","isFullCredit":false},{"lineNumber":9,"author":{"gitId":"heehaw1234"},"content":"list","lastModifiedDate":"2026-02-05T11:22:51","isFullCredit":false},{"lineNumber":10,"author":{"gitId":"heehaw1234"},"content":"unmark 1","lastModifiedDate":"2026-02-05T11:22:51","isFullCredit":false},{"lineNumber":11,"author":{"gitId":"heehaw1234"},"content":"mark 2","lastModifiedDate":"2026-02-05T11:22:51","isFullCredit":false},{"lineNumber":12,"author":{"gitId":"heehaw1234"},"content":"list","lastModifiedDate":"2026-02-05T11:22:51","isFullCredit":false},{"lineNumber":13,"author":{"gitId":"heehaw1234"},"content":"deadline have a poo /by tomorrow 2359","lastModifiedDate":"2026-02-05T11:22:51","isFullCredit":false},{"lineNumber":14,"author":{"gitId":"heehaw1234"},"content":"list","lastModifiedDate":"2026-02-05T11:22:51","isFullCredit":false},{"lineNumber":15,"author":{"gitId":"heehaw1234"},"content":"bye","lastModifiedDate":"2026-02-05T11:22:51","isFullCredit":false}],"authorContributionMap":{"heehaw1234":15}},{"path":"text-ui-test/runtest.bat","fileType":"bat","lines":[{"lineNumber":1,"author":{"gitId":"-"},"content":"@ECHO OFF","lastModifiedDate":"2020-05-25T00:03:55","isFullCredit":false},{"lineNumber":2,"author":{"gitId":"-"},"content":"","lastModifiedDate":"2020-05-25T00:03:55","isFullCredit":false},{"lineNumber":3,"author":{"gitId":"-"},"content":"REM create bin directory if it doesn\u0027t exist","lastModifiedDate":"2020-05-25T00:03:55","isFullCredit":false},{"lineNumber":4,"author":{"gitId":"-"},"content":"if not exist ..\\bin mkdir ..\\bin","lastModifiedDate":"2020-05-25T00:03:55","isFullCredit":false},{"lineNumber":5,"author":{"gitId":"-"},"content":"","lastModifiedDate":"2020-05-25T00:03:55","isFullCredit":false},{"lineNumber":6,"author":{"gitId":"-"},"content":"REM delete output from previous run","lastModifiedDate":"2020-05-25T00:03:55","isFullCredit":false},{"lineNumber":7,"author":{"gitId":"-"},"content":"if exist ACTUAL.TXT del ACTUAL.TXT","lastModifiedDate":"2020-08-25T17:23:26","isFullCredit":false},{"lineNumber":8,"author":{"gitId":"-"},"content":"","lastModifiedDate":"2020-05-25T00:03:55","isFullCredit":false},{"lineNumber":9,"author":{"gitId":"-"},"content":"REM compile the code into the bin folder","lastModifiedDate":"2020-05-25T00:03:55","isFullCredit":false},{"lineNumber":10,"author":{"gitId":"-"},"content":"javac  -cp ..\\src\\main\\java -Xlint:none -d ..\\bin ..\\src\\main\\java\\*.java","lastModifiedDate":"2020-08-25T17:23:26","isFullCredit":false},{"lineNumber":11,"author":{"gitId":"-"},"content":"IF ERRORLEVEL 1 (","lastModifiedDate":"2020-05-25T00:03:55","isFullCredit":false},{"lineNumber":12,"author":{"gitId":"-"},"content":"    echo ********** BUILD FAILURE **********","lastModifiedDate":"2020-05-25T00:03:55","isFullCredit":false},{"lineNumber":13,"author":{"gitId":"-"},"content":"    exit /b 1","lastModifiedDate":"2020-05-25T00:03:55","isFullCredit":false},{"lineNumber":14,"author":{"gitId":"-"},"content":")","lastModifiedDate":"2020-05-25T00:03:55","isFullCredit":false},{"lineNumber":15,"author":{"gitId":"-"},"content":"REM no error here, errorlevel \u003d\u003d 0","lastModifiedDate":"2020-05-25T00:03:55","isFullCredit":false},{"lineNumber":16,"author":{"gitId":"-"},"content":"","lastModifiedDate":"2020-05-25T00:03:55","isFullCredit":false},{"lineNumber":17,"author":{"gitId":"-"},"content":"REM run the program, feed commands from input.txt file and redirect the output to the ACTUAL.TXT","lastModifiedDate":"2020-05-25T00:03:55","isFullCredit":false},{"lineNumber":18,"author":{"gitId":"heehaw1234"},"content":"java -classpath ..\\bin Sigma \u003c input.txt \u003e ACTUAL.TXT","lastModifiedDate":"2026-02-05T11:22:51","isFullCredit":false},{"lineNumber":19,"author":{"gitId":"-"},"content":"","lastModifiedDate":"2020-05-25T00:03:55","isFullCredit":false},{"lineNumber":20,"author":{"gitId":"-"},"content":"REM compare the output to the expected output","lastModifiedDate":"2020-05-25T00:03:55","isFullCredit":false},{"lineNumber":21,"author":{"gitId":"-"},"content":"FC ACTUAL.TXT EXPECTED.TXT","lastModifiedDate":"2020-05-25T00:03:55","isFullCredit":false}],"authorContributionMap":{"heehaw1234":1,"-":20}}]
