{"authorDailyContributionsMap":{"heehaw1234":[{"date":"2026-01-29T00:00:00","commitResults":[{"hash":"3317de77969223b7c8173be9b0670e412ef258e9","isMergeCommit":false,"messageTitle":"changed name to sigma","messageBody":"","tags":["Level-0"],"fileTypesAndContributionMap":{"java":{"insertions":15,"deletions":10}}},{"hash":"24a5bc653bd3efc59543d2921971a5b8ce0be58b","isMergeCommit":false,"messageTitle":"added in echo","messageBody":"","tags":["Level-1"],"fileTypesAndContributionMap":{"java":{"insertions":34,"deletions":1}}},{"hash":"b1e183af4489c2e73a7413612b88f14ace1283f3","isMergeCommit":false,"messageTitle":"added in list","messageBody":"","tags":["Level-2"],"fileTypesAndContributionMap":{"java":{"insertions":25,"deletions":2}}},{"hash":"b531683a911adb53ce00d4cca9936960910173b5","isMergeCommit":false,"messageTitle":"added in mark, unmark; added Task class","messageBody":"","tags":["Level-3"],"fileTypesAndContributionMap":{"java":{"insertions":53,"deletions":3}}},{"hash":"a3325ec32dd6e8e467ee18e5053a4e461f59ebfe","isMergeCommit":false,"messageTitle":"added documentation, comments; renamed methods and variables","messageBody":"","tags":["A-CodingStandard"],"fileTypesAndContributionMap":{"java":{"insertions":44,"deletions":24}}}]}]},"authorFileTypeContributionMap":{"heehaw1234":{"java":141,"md":0,"fxml":0,"sh":0,"bat":0,"gradle":0,"txt":0}},"authorContributionVariance":{"heehaw1234":2019.0928},"authorDisplayNameMap":{"heehaw1234":"CS2113-W09-1 SEAN.. SHU"}}
