[{"path":"src/main/java/Task.java","fileType":"java","lines":[{"lineNumber":1,"author":{"gitId":"joeLku1"},"content":"public class Task {","lastModifiedDate":"2026-01-29T16:31:19","isFullCredit":false},{"lineNumber":2,"author":{"gitId":"joeLku1"},"content":"    protected String description;","lastModifiedDate":"2026-01-29T16:31:19","isFullCredit":false},{"lineNumber":3,"author":{"gitId":"joeLku1"},"content":"    protected boolean isDone;","lastModifiedDate":"2026-01-29T16:31:19","isFullCredit":false},{"lineNumber":4,"author":{"gitId":"joeLku1"},"content":"","lastModifiedDate":"2026-01-29T16:31:19","isFullCredit":false},{"lineNumber":5,"author":{"gitId":"joeLku1"},"content":"    public Task(String description) {","lastModifiedDate":"2026-01-29T16:31:19","isFullCredit":false},{"lineNumber":6,"author":{"gitId":"joeLku1"},"content":"        this.description \u003d description;","lastModifiedDate":"2026-01-29T16:31:19","isFullCredit":false},{"lineNumber":7,"author":{"gitId":"joeLku1"},"content":"        this.isDone \u003d false;","lastModifiedDate":"2026-01-29T16:31:19","isFullCredit":false},{"lineNumber":8,"author":{"gitId":"joeLku1"},"content":"    }","lastModifiedDate":"2026-01-29T16:31:19","isFullCredit":false},{"lineNumber":9,"author":{"gitId":"joeLku1"},"content":"","lastModifiedDate":"2026-01-29T16:31:19","isFullCredit":false},{"lineNumber":10,"author":{"gitId":"joeLku1"},"content":"    public String getStatusIcon() {","lastModifiedDate":"2026-01-29T16:31:19","isFullCredit":false},{"lineNumber":11,"author":{"gitId":"joeLku1"},"content":"        return (isDone ? \"X\" : \" \"); // mark done task with X","lastModifiedDate":"2026-01-29T16:31:19","isFullCredit":false},{"lineNumber":12,"author":{"gitId":"joeLku1"},"content":"    }","lastModifiedDate":"2026-01-29T16:31:19","isFullCredit":false},{"lineNumber":13,"author":{"gitId":"joeLku1"},"content":"","lastModifiedDate":"2026-01-29T16:31:19","isFullCredit":false},{"lineNumber":14,"author":{"gitId":"joeLku1"},"content":"    public void markAsDone() {","lastModifiedDate":"2026-01-29T16:31:19","isFullCredit":false},{"lineNumber":15,"author":{"gitId":"joeLku1"},"content":"        this.isDone \u003d true;","lastModifiedDate":"2026-01-29T16:31:19","isFullCredit":false},{"lineNumber":16,"author":{"gitId":"joeLku1"},"content":"    }","lastModifiedDate":"2026-01-29T16:31:19","isFullCredit":false},{"lineNumber":17,"author":{"gitId":"joeLku1"},"content":"","lastModifiedDate":"2026-01-29T16:31:19","isFullCredit":false},{"lineNumber":18,"author":{"gitId":"joeLku1"},"content":"    public void markAsUndone() {","lastModifiedDate":"2026-01-29T16:31:19","isFullCredit":false},{"lineNumber":19,"author":{"gitId":"joeLku1"},"content":"        this.isDone \u003d false;","lastModifiedDate":"2026-01-29T16:31:19","isFullCredit":false},{"lineNumber":20,"author":{"gitId":"joeLku1"},"content":"    }","lastModifiedDate":"2026-01-29T16:31:19","isFullCredit":false},{"lineNumber":21,"author":{"gitId":"joeLku1"},"content":"","lastModifiedDate":"2026-01-29T16:31:19","isFullCredit":false},{"lineNumber":22,"author":{"gitId":"joeLku1"},"content":"    @Override","lastModifiedDate":"2026-01-29T16:31:19","isFullCredit":false},{"lineNumber":23,"author":{"gitId":"joeLku1"},"content":"    public String toString() {","lastModifiedDate":"2026-01-29T16:31:19","isFullCredit":false},{"lineNumber":24,"author":{"gitId":"joeLku1"},"content":"        return \"[\" + getStatusIcon() + \"] \" + description;","lastModifiedDate":"2026-01-29T16:31:19","isFullCredit":false},{"lineNumber":25,"author":{"gitId":"joeLku1"},"content":"    }","lastModifiedDate":"2026-01-29T16:31:19","isFullCredit":false},{"lineNumber":26,"author":{"gitId":"joeLku1"},"content":"}","lastModifiedDate":"2026-01-29T16:31:19","isFullCredit":false}],"authorContributionMap":{"joeLku1":26}},{"path":"src/main/java/clowns.java","fileType":"java","lines":[{"lineNumber":1,"author":{"gitId":"joeLku1"},"content":"import java.util.Scanner;","lastModifiedDate":"2026-01-29T15:21:56","isFullCredit":false},{"lineNumber":2,"author":{"gitId":"joeLku1"},"content":"","lastModifiedDate":"2026-01-29T14:42:12","isFullCredit":false},{"lineNumber":3,"author":{"gitId":"joeLku1"},"content":"public class clowns {","lastModifiedDate":"2026-01-29T14:42:12","isFullCredit":false},{"lineNumber":4,"author":{"gitId":"joeLku1"},"content":"    /**","lastModifiedDate":"2026-01-29T16:31:19","isFullCredit":false},{"lineNumber":5,"author":{"gitId":"joeLku1"},"content":"     * Print input string with lines before and after","lastModifiedDate":"2026-01-29T16:31:19","isFullCredit":false},{"lineNumber":6,"author":{"gitId":"joeLku1"},"content":"     * @param s","lastModifiedDate":"2026-01-29T16:31:19","isFullCredit":false},{"lineNumber":7,"author":{"gitId":"joeLku1"},"content":"     */","lastModifiedDate":"2026-01-29T16:31:19","isFullCredit":false},{"lineNumber":8,"author":{"gitId":"joeLku1"},"content":"    public static void printString(String s) {","lastModifiedDate":"2026-01-29T16:31:19","isFullCredit":false},{"lineNumber":9,"author":{"gitId":"joeLku1"},"content":"        System.out.println(\"  ---------------------------------\");","lastModifiedDate":"2026-01-29T16:31:19","isFullCredit":false},{"lineNumber":10,"author":{"gitId":"joeLku1"},"content":"        System.out.println(s);","lastModifiedDate":"2026-01-29T16:31:19","isFullCredit":false},{"lineNumber":11,"author":{"gitId":"joeLku1"},"content":"        System.out.println(\"  ---------------------------------\\n\");","lastModifiedDate":"2026-01-29T16:31:19","isFullCredit":false},{"lineNumber":12,"author":{"gitId":"joeLku1"},"content":"    }","lastModifiedDate":"2026-01-29T16:31:19","isFullCredit":false},{"lineNumber":13,"author":{"gitId":"joeLku1"},"content":"","lastModifiedDate":"2026-01-29T16:31:19","isFullCredit":false},{"lineNumber":14,"author":{"gitId":"joeLku1"},"content":"    public static void main(String[] args) {","lastModifiedDate":"2026-01-29T14:42:12","isFullCredit":false},{"lineNumber":15,"author":{"gitId":"joeLku1"},"content":"        String logo \u003d","lastModifiedDate":"2026-01-29T14:42:12","isFullCredit":false},{"lineNumber":16,"author":{"gitId":"joeLku1"},"content":"            \"\"\"","lastModifiedDate":"2026-01-29T14:42:12","isFullCredit":false},{"lineNumber":17,"author":{"gitId":"joeLku1"},"content":"            $$$$$$\\\\  $$\\\\       $$$$$$\\\\  $$\\\\      $$\\\\ $$\\\\   $$\\\\ ","lastModifiedDate":"2026-01-29T14:42:12","isFullCredit":false},{"lineNumber":18,"author":{"gitId":"joeLku1"},"content":"            $$  __$$\\\\ $$ |     $$  __$$\\\\ $$ | $\\\\  $$ |$$$\\\\  $$ | ","lastModifiedDate":"2026-01-29T14:42:12","isFullCredit":false},{"lineNumber":19,"author":{"gitId":"joeLku1"},"content":"            $$ /  \\\\__|$$ |     $$ /  $$ |$$ |$$$\\\\ $$ |$$$$\\\\ $$ | ","lastModifiedDate":"2026-01-29T14:42:12","isFullCredit":false},{"lineNumber":20,"author":{"gitId":"joeLku1"},"content":"            $$ |      $$ |     $$ |  $$ |$$ $$ $$\\\\$$ |$$ $$\\\\$$ | ","lastModifiedDate":"2026-01-29T14:42:12","isFullCredit":false},{"lineNumber":21,"author":{"gitId":"joeLku1"},"content":"            $$ |      $$ |     $$ |  $$ |$$$$  _$$$$ |$$ \\\\$$$$ | ","lastModifiedDate":"2026-01-29T14:42:12","isFullCredit":false},{"lineNumber":22,"author":{"gitId":"joeLku1"},"content":"            $$ |  $$\\\\ $$ |     $$ |  $$ |$$$  / \\\\$$$ |$$ |\\\\$$$ | ","lastModifiedDate":"2026-01-29T14:42:12","isFullCredit":false},{"lineNumber":23,"author":{"gitId":"joeLku1"},"content":"            \\\\$$$$$$  |$$$$$$$$\\\\ $$$$$$  |$$  /   \\\\$$ |$$ | \\\\$$ | ","lastModifiedDate":"2026-01-29T14:42:12","isFullCredit":false},{"lineNumber":24,"author":{"gitId":"joeLku1"},"content":"             \\\\______/ \\\\________|\\\\______/ \\\\__/     \\\\__|\\\\__|  \\\\__| ","lastModifiedDate":"2026-01-29T14:42:12","isFullCredit":false},{"lineNumber":25,"author":{"gitId":"joeLku1"},"content":"        \"\"\";","lastModifiedDate":"2026-01-29T14:42:12","isFullCredit":false},{"lineNumber":26,"author":{"gitId":"joeLku1"},"content":"","lastModifiedDate":"2026-01-29T14:42:12","isFullCredit":false},{"lineNumber":27,"author":{"gitId":"joeLku1"},"content":"        System.out.println(logo);","lastModifiedDate":"2026-01-29T14:42:12","isFullCredit":false},{"lineNumber":28,"author":{"gitId":"joeLku1"},"content":"        System.out.println(\"  Hello, I am clowning!\");","lastModifiedDate":"2026-01-29T15:44:21","isFullCredit":false},{"lineNumber":29,"author":{"gitId":"joeLku1"},"content":"        System.out.println(\"  ---------------------------------\\n\");","lastModifiedDate":"2026-01-29T15:44:21","isFullCredit":false},{"lineNumber":30,"author":{"gitId":"joeLku1"},"content":"","lastModifiedDate":"2026-01-29T15:21:56","isFullCredit":false},{"lineNumber":31,"author":{"gitId":"joeLku1"},"content":"        Scanner scanner \u003d new Scanner(System.in);","lastModifiedDate":"2026-01-29T15:21:56","isFullCredit":false},{"lineNumber":32,"author":{"gitId":"joeLku1"},"content":"        System.out.print(\"  Enter your name:\\n\"); ","lastModifiedDate":"2026-01-29T15:44:21","isFullCredit":false},{"lineNumber":33,"author":{"gitId":"joeLku1"},"content":"        String name \u003d scanner.nextLine();","lastModifiedDate":"2026-01-29T15:21:56","isFullCredit":false},{"lineNumber":34,"author":{"gitId":"joeLku1"},"content":"        System.out.println(\"\\nWelcome, \" + name + \"! Let\u0027s clown together! Enter your command below:\\n\");","lastModifiedDate":"2026-01-29T15:21:56","isFullCredit":false},{"lineNumber":35,"author":{"gitId":"joeLku1"},"content":"","lastModifiedDate":"2026-01-29T15:21:56","isFullCredit":false},{"lineNumber":36,"author":{"gitId":"joeLku1"},"content":"        boolean exitFlag \u003d true;","lastModifiedDate":"2026-01-29T15:21:56","isFullCredit":false},{"lineNumber":37,"author":{"gitId":"joeLku1"},"content":"        Task[] inputStore \u003d new Task[100];","lastModifiedDate":"2026-01-29T16:31:19","isFullCredit":false},{"lineNumber":38,"author":{"gitId":"joeLku1"},"content":"        int count \u003d 0;","lastModifiedDate":"2026-01-29T15:44:21","isFullCredit":false},{"lineNumber":39,"author":{"gitId":"joeLku1"},"content":"","lastModifiedDate":"2026-01-29T15:21:56","isFullCredit":false},{"lineNumber":40,"author":{"gitId":"joeLku1"},"content":"        while (exitFlag) { ","lastModifiedDate":"2026-01-29T15:21:56","isFullCredit":false},{"lineNumber":41,"author":{"gitId":"joeLku1"},"content":"            String usr_input \u003d scanner.nextLine();","lastModifiedDate":"2026-01-29T15:21:56","isFullCredit":false},{"lineNumber":42,"author":{"gitId":"joeLku1"},"content":"            if (usr_input.equalsIgnoreCase(\"exit\")) {","lastModifiedDate":"2026-01-29T15:21:56","isFullCredit":false},{"lineNumber":43,"author":{"gitId":"joeLku1"},"content":"                exitFlag \u003d false;","lastModifiedDate":"2026-01-29T15:21:56","isFullCredit":false},{"lineNumber":44,"author":{"gitId":"joeLku1"},"content":"            }","lastModifiedDate":"2026-01-29T15:44:21","isFullCredit":false},{"lineNumber":45,"author":{"gitId":"joeLku1"},"content":"            else if (usr_input.equalsIgnoreCase(\"list\")) {","lastModifiedDate":"2026-01-29T15:44:21","isFullCredit":false},{"lineNumber":46,"author":{"gitId":"joeLku1"},"content":"                String listOutput \u003d \"  Here is your list of clownery:\\n\";","lastModifiedDate":"2026-01-29T16:31:19","isFullCredit":false},{"lineNumber":47,"author":{"gitId":"joeLku1"},"content":"                for (int i \u003d 0; i \u003c count; i++) {","lastModifiedDate":"2026-01-29T15:44:21","isFullCredit":false},{"lineNumber":48,"author":{"gitId":"joeLku1"},"content":"                    listOutput \u003d listOutput.concat(\"  \" + (i + 1) + \". \" + inputStore[i].toString() + \"\\n\");","lastModifiedDate":"2026-01-29T16:31:19","isFullCredit":false},{"lineNumber":49,"author":{"gitId":"joeLku1"},"content":"                }","lastModifiedDate":"2026-01-29T16:31:19","isFullCredit":false},{"lineNumber":50,"author":{"gitId":"joeLku1"},"content":"                printString(listOutput);","lastModifiedDate":"2026-01-29T16:31:19","isFullCredit":false},{"lineNumber":51,"author":{"gitId":"joeLku1"},"content":"            }","lastModifiedDate":"2026-01-29T16:31:19","isFullCredit":false},{"lineNumber":52,"author":{"gitId":"joeLku1"},"content":"            else if (usr_input.length() \u003e\u003d 4 \u0026\u0026 usr_input.substring(0, 4).equalsIgnoreCase(\"mark\")) {","lastModifiedDate":"2026-01-29T16:31:19","isFullCredit":false},{"lineNumber":53,"author":{"gitId":"joeLku1"},"content":"                int indexMark \u003d Integer.parseInt(usr_input.substring(5)) - 1;","lastModifiedDate":"2026-01-29T16:31:19","isFullCredit":false},{"lineNumber":54,"author":{"gitId":"joeLku1"},"content":"                if (indexMark \u003e\u003d 0 \u0026\u0026 indexMark \u003c count) {","lastModifiedDate":"2026-01-29T16:31:19","isFullCredit":false},{"lineNumber":55,"author":{"gitId":"joeLku1"},"content":"                    inputStore[indexMark].markAsDone();","lastModifiedDate":"2026-01-29T16:31:19","isFullCredit":false},{"lineNumber":56,"author":{"gitId":"joeLku1"},"content":"                    printString(\"  Amazing work! Marked \" + (indexMark + 1) + \" as done.\");","lastModifiedDate":"2026-01-29T16:31:19","isFullCredit":false},{"lineNumber":57,"author":{"gitId":"joeLku1"},"content":"                } else {","lastModifiedDate":"2026-01-29T16:31:19","isFullCredit":false},{"lineNumber":58,"author":{"gitId":"joeLku1"},"content":"                    printString(\"  Invalid task number to mark.\");","lastModifiedDate":"2026-01-29T16:31:19","isFullCredit":false},{"lineNumber":59,"author":{"gitId":"joeLku1"},"content":"                }","lastModifiedDate":"2026-01-29T16:31:19","isFullCredit":false},{"lineNumber":60,"author":{"gitId":"joeLku1"},"content":"            }","lastModifiedDate":"2026-01-29T16:31:19","isFullCredit":false},{"lineNumber":61,"author":{"gitId":"joeLku1"},"content":"            else if (usr_input.length() \u003e\u003d 6 \u0026\u0026 usr_input.substring(0, 6).equalsIgnoreCase(\"unmark\")) {","lastModifiedDate":"2026-01-29T16:31:19","isFullCredit":false},{"lineNumber":62,"author":{"gitId":"joeLku1"},"content":"                int indexUnmark \u003d Integer.parseInt(usr_input.substring(7)) - 1;","lastModifiedDate":"2026-01-29T16:31:19","isFullCredit":false},{"lineNumber":63,"author":{"gitId":"joeLku1"},"content":"                if (indexUnmark \u003e\u003d 0 \u0026\u0026 indexUnmark \u003c count) {","lastModifiedDate":"2026-01-29T16:31:19","isFullCredit":false},{"lineNumber":64,"author":{"gitId":"joeLku1"},"content":"                    inputStore[indexUnmark].markAsUndone();","lastModifiedDate":"2026-01-29T16:31:19","isFullCredit":false},{"lineNumber":65,"author":{"gitId":"joeLku1"},"content":"                    printString(\"  What a clown. Task \" + (indexUnmark + 1) + \" is now unmarked.\\n  \" + inputStore[indexUnmark].toString());","lastModifiedDate":"2026-01-29T16:31:19","isFullCredit":false},{"lineNumber":66,"author":{"gitId":"joeLku1"},"content":"                } else {","lastModifiedDate":"2026-01-29T16:31:19","isFullCredit":false},{"lineNumber":67,"author":{"gitId":"joeLku1"},"content":"                    printString(\"  Invalid task number to unmark.\");","lastModifiedDate":"2026-01-29T16:31:19","isFullCredit":false},{"lineNumber":68,"author":{"gitId":"joeLku1"},"content":"                }","lastModifiedDate":"2026-01-29T15:44:21","isFullCredit":false},{"lineNumber":69,"author":{"gitId":"joeLku1"},"content":"            }","lastModifiedDate":"2026-01-29T15:44:21","isFullCredit":false},{"lineNumber":70,"author":{"gitId":"joeLku1"},"content":"            else {","lastModifiedDate":"2026-01-29T15:44:21","isFullCredit":false},{"lineNumber":71,"author":{"gitId":"joeLku1"},"content":"                inputStore[count] \u003d new Task(usr_input);","lastModifiedDate":"2026-01-29T16:31:19","isFullCredit":false},{"lineNumber":72,"author":{"gitId":"joeLku1"},"content":"                printString(\"  added: \" + usr_input);","lastModifiedDate":"2026-01-29T16:31:19","isFullCredit":false},{"lineNumber":73,"author":{"gitId":"joeLku1"},"content":"                count++;","lastModifiedDate":"2026-01-29T15:44:21","isFullCredit":false},{"lineNumber":74,"author":{"gitId":"joeLku1"},"content":"            }","lastModifiedDate":"2026-01-29T15:21:56","isFullCredit":false},{"lineNumber":75,"author":{"gitId":"joeLku1"},"content":"        }","lastModifiedDate":"2026-01-29T15:21:56","isFullCredit":false},{"lineNumber":76,"author":{"gitId":"joeLku1"},"content":"        ","lastModifiedDate":"2026-01-29T15:21:56","isFullCredit":false},{"lineNumber":77,"author":{"gitId":"joeLku1"},"content":"        printString(\"  Clowning complete.\\n  Goodbye fellow clown!\");","lastModifiedDate":"2026-01-29T16:31:19","isFullCredit":false},{"lineNumber":78,"author":{"gitId":"joeLku1"},"content":"","lastModifiedDate":"2026-01-29T15:21:56","isFullCredit":false},{"lineNumber":79,"author":{"gitId":"joeLku1"},"content":"        scanner.close();","lastModifiedDate":"2026-01-29T15:21:56","isFullCredit":false},{"lineNumber":80,"author":{"gitId":"joeLku1"},"content":"    }","lastModifiedDate":"2026-01-29T14:42:12","isFullCredit":false},{"lineNumber":81,"author":{"gitId":"joeLku1"},"content":"}","lastModifiedDate":"2026-01-29T14:42:12","isFullCredit":false}],"authorContributionMap":{"joeLku1":81}}]
