[{"path":"QuickStart.java","fileType":"java","lines":[{"lineNumber":1,"author":{"gitId":"siddhant2118"},"content":"class QuickStart {","lastModifiedDate":"2026-01-23T11:40:15","isFullCredit":false},{"lineNumber":2,"author":{"gitId":"siddhant2118"},"content":"    public static void main(String[] args) {","lastModifiedDate":"2026-01-23T11:40:15","isFullCredit":false},{"lineNumber":3,"author":{"gitId":"siddhant2118"},"content":"        System.out.println(\"Hello, World.\");","lastModifiedDate":"2026-01-23T11:40:15","isFullCredit":false},{"lineNumber":4,"author":{"gitId":"siddhant2118"},"content":"    }","lastModifiedDate":"2026-01-23T11:40:15","isFullCredit":false},{"lineNumber":5,"author":{"gitId":"siddhant2118"},"content":"}","lastModifiedDate":"2026-01-23T11:40:15","isFullCredit":false}],"authorContributionMap":{"siddhant2118":5}},{"path":"src/main/java/Deadline.java","fileType":"java","lines":[{"lineNumber":1,"author":{"gitId":"siddhant2118"},"content":"public class Deadline extends Task {","lastModifiedDate":"2026-02-05T10:13:51","isFullCredit":false},{"lineNumber":2,"author":{"gitId":"siddhant2118"},"content":"","lastModifiedDate":"2026-02-05T10:13:51","isFullCredit":false},{"lineNumber":3,"author":{"gitId":"siddhant2118"},"content":"    protected String by;","lastModifiedDate":"2026-02-05T10:13:51","isFullCredit":false},{"lineNumber":4,"author":{"gitId":"siddhant2118"},"content":"","lastModifiedDate":"2026-02-05T10:13:51","isFullCredit":false},{"lineNumber":5,"author":{"gitId":"siddhant2118"},"content":"    public Deadline(String description, String by) {","lastModifiedDate":"2026-02-05T10:13:51","isFullCredit":false},{"lineNumber":6,"author":{"gitId":"siddhant2118"},"content":"        super(description);","lastModifiedDate":"2026-02-05T10:13:51","isFullCredit":false},{"lineNumber":7,"author":{"gitId":"siddhant2118"},"content":"        this.by \u003d by;","lastModifiedDate":"2026-02-05T10:13:51","isFullCredit":false},{"lineNumber":8,"author":{"gitId":"siddhant2118"},"content":"    }","lastModifiedDate":"2026-02-05T10:13:51","isFullCredit":false},{"lineNumber":9,"author":{"gitId":"siddhant2118"},"content":"","lastModifiedDate":"2026-02-05T10:13:51","isFullCredit":false},{"lineNumber":10,"author":{"gitId":"siddhant2118"},"content":"    @Override","lastModifiedDate":"2026-02-05T10:13:51","isFullCredit":false},{"lineNumber":11,"author":{"gitId":"siddhant2118"},"content":"    public String getTypeIcon() {","lastModifiedDate":"2026-02-05T10:13:51","isFullCredit":false},{"lineNumber":12,"author":{"gitId":"siddhant2118"},"content":"        return \"D\";","lastModifiedDate":"2026-02-05T10:13:51","isFullCredit":false},{"lineNumber":13,"author":{"gitId":"siddhant2118"},"content":"    }","lastModifiedDate":"2026-02-05T10:13:51","isFullCredit":false},{"lineNumber":14,"author":{"gitId":"siddhant2118"},"content":"","lastModifiedDate":"2026-02-05T10:13:51","isFullCredit":false},{"lineNumber":15,"author":{"gitId":"siddhant2118"},"content":"    @Override","lastModifiedDate":"2026-02-05T10:13:51","isFullCredit":false},{"lineNumber":16,"author":{"gitId":"siddhant2118"},"content":"    public String toString() {","lastModifiedDate":"2026-02-05T10:13:51","isFullCredit":false},{"lineNumber":17,"author":{"gitId":"siddhant2118"},"content":"        return \"[D][\" + getStatusIcon() + \"] \" + description + \" (by: \" + by + \")\";","lastModifiedDate":"2026-02-05T10:13:51","isFullCredit":false},{"lineNumber":18,"author":{"gitId":"siddhant2118"},"content":"    }","lastModifiedDate":"2026-02-05T10:13:51","isFullCredit":false},{"lineNumber":19,"author":{"gitId":"siddhant2118"},"content":"}","lastModifiedDate":"2026-02-05T10:13:51","isFullCredit":false}],"authorContributionMap":{"siddhant2118":19}},{"path":"src/main/java/Event.java","fileType":"java","lines":[{"lineNumber":1,"author":{"gitId":"siddhant2118"},"content":"public class Event extends Task {","lastModifiedDate":"2026-02-05T10:13:51","isFullCredit":false},{"lineNumber":2,"author":{"gitId":"siddhant2118"},"content":"","lastModifiedDate":"2026-02-05T10:13:51","isFullCredit":false},{"lineNumber":3,"author":{"gitId":"siddhant2118"},"content":"    protected String from;","lastModifiedDate":"2026-02-05T10:13:51","isFullCredit":false},{"lineNumber":4,"author":{"gitId":"siddhant2118"},"content":"    protected String to;","lastModifiedDate":"2026-02-05T10:13:51","isFullCredit":false},{"lineNumber":5,"author":{"gitId":"siddhant2118"},"content":"","lastModifiedDate":"2026-02-05T10:13:51","isFullCredit":false},{"lineNumber":6,"author":{"gitId":"siddhant2118"},"content":"    public Event(String description, String from, String to) {","lastModifiedDate":"2026-02-05T10:13:51","isFullCredit":false},{"lineNumber":7,"author":{"gitId":"siddhant2118"},"content":"        super(description);","lastModifiedDate":"2026-02-05T10:13:51","isFullCredit":false},{"lineNumber":8,"author":{"gitId":"siddhant2118"},"content":"        this.from \u003d from;","lastModifiedDate":"2026-02-05T10:13:51","isFullCredit":false},{"lineNumber":9,"author":{"gitId":"siddhant2118"},"content":"        this.to \u003d to;","lastModifiedDate":"2026-02-05T10:13:51","isFullCredit":false},{"lineNumber":10,"author":{"gitId":"siddhant2118"},"content":"    }","lastModifiedDate":"2026-02-05T10:13:51","isFullCredit":false},{"lineNumber":11,"author":{"gitId":"siddhant2118"},"content":"","lastModifiedDate":"2026-02-05T10:13:51","isFullCredit":false},{"lineNumber":12,"author":{"gitId":"siddhant2118"},"content":"    @Override","lastModifiedDate":"2026-02-05T10:13:51","isFullCredit":false},{"lineNumber":13,"author":{"gitId":"siddhant2118"},"content":"    public String getTypeIcon() {","lastModifiedDate":"2026-02-05T10:13:51","isFullCredit":false},{"lineNumber":14,"author":{"gitId":"siddhant2118"},"content":"        return \"E\";","lastModifiedDate":"2026-02-05T10:13:51","isFullCredit":false},{"lineNumber":15,"author":{"gitId":"siddhant2118"},"content":"    }","lastModifiedDate":"2026-02-05T10:13:51","isFullCredit":false},{"lineNumber":16,"author":{"gitId":"siddhant2118"},"content":"","lastModifiedDate":"2026-02-05T10:13:51","isFullCredit":false},{"lineNumber":17,"author":{"gitId":"siddhant2118"},"content":"    @Override","lastModifiedDate":"2026-02-05T10:13:51","isFullCredit":false},{"lineNumber":18,"author":{"gitId":"siddhant2118"},"content":"    public String toString() {","lastModifiedDate":"2026-02-05T10:13:51","isFullCredit":false},{"lineNumber":19,"author":{"gitId":"siddhant2118"},"content":"        return \"[E][\" + getStatusIcon() + \"] \" + description + \" (from: \" + from + \" to: \" + to + \")\";","lastModifiedDate":"2026-02-05T10:13:51","isFullCredit":false},{"lineNumber":20,"author":{"gitId":"siddhant2118"},"content":"    }","lastModifiedDate":"2026-02-05T10:13:51","isFullCredit":false},{"lineNumber":21,"author":{"gitId":"siddhant2118"},"content":"}","lastModifiedDate":"2026-02-05T10:13:51","isFullCredit":false}],"authorContributionMap":{"siddhant2118":21}},{"path":"src/main/java/Segatakai.java","fileType":"java","lines":[{"lineNumber":1,"author":{"gitId":"siddhant2118"},"content":"import java.util.Scanner;","lastModifiedDate":"2026-01-30T14:35:05","isFullCredit":false},{"lineNumber":2,"author":{"gitId":"siddhant2118"},"content":"import java.util.Random;","lastModifiedDate":"2026-01-30T15:11:39","isFullCredit":false},{"lineNumber":3,"author":{"gitId":"siddhant2118"},"content":"","lastModifiedDate":"2026-01-30T14:35:05","isFullCredit":false},{"lineNumber":4,"author":{"gitId":"siddhant2118"},"content":"public class Segatakai {","lastModifiedDate":"2026-01-23T11:40:15","isFullCredit":false},{"lineNumber":5,"author":{"gitId":"siddhant2118"},"content":"    // Custom separator","lastModifiedDate":"2026-01-30T15:11:39","isFullCredit":false},{"lineNumber":6,"author":{"gitId":"siddhant2118"},"content":"    private static final String LINE \u003d \"━━━━━━━━━━━━━━━━━━━━━━━━━━━━━━━━━━━━━━━━━━━━━━━━━━━━━━━━━━━━\";","lastModifiedDate":"2026-01-30T15:11:39","isFullCredit":false},{"lineNumber":7,"author":{"gitId":"siddhant2118"},"content":"    ","lastModifiedDate":"2026-01-30T15:11:39","isFullCredit":false},{"lineNumber":8,"author":{"gitId":"siddhant2118"},"content":"    // Random messages arrays","lastModifiedDate":"2026-01-30T15:11:39","isFullCredit":false},{"lineNumber":9,"author":{"gitId":"siddhant2118"},"content":"    private static final String[] GREETINGS \u003d {","lastModifiedDate":"2026-01-30T15:11:39","isFullCredit":false},{"lineNumber":10,"author":{"gitId":"siddhant2118"},"content":"        \"Ready to crush some tasks today?\",","lastModifiedDate":"2026-01-30T15:11:39","isFullCredit":false},{"lineNumber":11,"author":{"gitId":"siddhant2118"},"content":"        \"Let\u0027s get things done!\",","lastModifiedDate":"2026-01-30T15:11:39","isFullCredit":false},{"lineNumber":12,"author":{"gitId":"siddhant2118"},"content":"        \"Your personal task samurai at your service!\"","lastModifiedDate":"2026-01-30T15:11:39","isFullCredit":false},{"lineNumber":13,"author":{"gitId":"siddhant2118"},"content":"    };","lastModifiedDate":"2026-01-30T15:11:39","isFullCredit":false},{"lineNumber":14,"author":{"gitId":"siddhant2118"},"content":"    ","lastModifiedDate":"2026-01-30T15:11:39","isFullCredit":false},{"lineNumber":15,"author":{"gitId":"siddhant2118"},"content":"    private static final String[] ADD_MESSAGES \u003d {","lastModifiedDate":"2026-01-30T15:11:39","isFullCredit":false},{"lineNumber":16,"author":{"gitId":"siddhant2118"},"content":"        \"Roger that! Task locked in:\",","lastModifiedDate":"2026-01-30T15:11:39","isFullCredit":false},{"lineNumber":17,"author":{"gitId":"siddhant2118"},"content":"        \"Got it! Added to your quest log:\",","lastModifiedDate":"2026-01-30T15:11:39","isFullCredit":false},{"lineNumber":18,"author":{"gitId":"siddhant2118"},"content":"        \"Consider it noted:\"","lastModifiedDate":"2026-01-30T15:11:39","isFullCredit":false},{"lineNumber":19,"author":{"gitId":"siddhant2118"},"content":"    };","lastModifiedDate":"2026-01-30T15:11:39","isFullCredit":false},{"lineNumber":20,"author":{"gitId":"siddhant2118"},"content":"    ","lastModifiedDate":"2026-01-30T15:11:39","isFullCredit":false},{"lineNumber":21,"author":{"gitId":"siddhant2118"},"content":"    private static final String[] MARK_MESSAGES \u003d {","lastModifiedDate":"2026-01-30T15:11:39","isFullCredit":false},{"lineNumber":22,"author":{"gitId":"siddhant2118"},"content":"        \"Victory! Another task conquered:\",","lastModifiedDate":"2026-01-30T15:11:39","isFullCredit":false},{"lineNumber":23,"author":{"gitId":"siddhant2118"},"content":"        \"Mission accomplished! Completed:\",","lastModifiedDate":"2026-01-30T15:11:39","isFullCredit":false},{"lineNumber":24,"author":{"gitId":"siddhant2118"},"content":"        \"Boom! Nailed it:\"","lastModifiedDate":"2026-01-30T15:11:39","isFullCredit":false},{"lineNumber":25,"author":{"gitId":"siddhant2118"},"content":"    };","lastModifiedDate":"2026-01-30T15:11:39","isFullCredit":false},{"lineNumber":26,"author":{"gitId":"siddhant2118"},"content":"    ","lastModifiedDate":"2026-01-30T15:11:39","isFullCredit":false},{"lineNumber":27,"author":{"gitId":"siddhant2118"},"content":"    private static final String[] UNMARK_MESSAGES \u003d {","lastModifiedDate":"2026-01-30T15:11:39","isFullCredit":false},{"lineNumber":28,"author":{"gitId":"siddhant2118"},"content":"        \"No worries, back on the to-do list:\",","lastModifiedDate":"2026-01-30T15:11:39","isFullCredit":false},{"lineNumber":29,"author":{"gitId":"siddhant2118"},"content":"        \"Alright, unmarked for now:\",","lastModifiedDate":"2026-01-30T15:11:39","isFullCredit":false},{"lineNumber":30,"author":{"gitId":"siddhant2118"},"content":"        \"Task reopened:\"","lastModifiedDate":"2026-01-30T15:11:39","isFullCredit":false},{"lineNumber":31,"author":{"gitId":"siddhant2118"},"content":"    };","lastModifiedDate":"2026-01-30T15:11:39","isFullCredit":false},{"lineNumber":32,"author":{"gitId":"siddhant2118"},"content":"    ","lastModifiedDate":"2026-01-30T15:11:39","isFullCredit":false},{"lineNumber":33,"author":{"gitId":"siddhant2118"},"content":"    private static final String[] BYE_MESSAGES \u003d {","lastModifiedDate":"2026-01-30T15:11:39","isFullCredit":false},{"lineNumber":34,"author":{"gitId":"siddhant2118"},"content":"        \"Until next time, warrior! Your tasks await...\",","lastModifiedDate":"2026-01-30T15:11:39","isFullCredit":false},{"lineNumber":35,"author":{"gitId":"siddhant2118"},"content":"        \"Signing off. Stay productive!\",","lastModifiedDate":"2026-01-30T15:11:39","isFullCredit":false},{"lineNumber":36,"author":{"gitId":"siddhant2118"},"content":"        \"See you later! Go conquer the world!\"","lastModifiedDate":"2026-01-30T15:11:39","isFullCredit":false},{"lineNumber":37,"author":{"gitId":"siddhant2118"},"content":"    };","lastModifiedDate":"2026-01-30T15:11:39","isFullCredit":false},{"lineNumber":38,"author":{"gitId":"siddhant2118"},"content":"    ","lastModifiedDate":"2026-01-30T15:11:39","isFullCredit":false},{"lineNumber":39,"author":{"gitId":"siddhant2118"},"content":"    private static Random random \u003d new Random();","lastModifiedDate":"2026-01-30T15:11:39","isFullCredit":false},{"lineNumber":40,"author":{"gitId":"siddhant2118"},"content":"    ","lastModifiedDate":"2026-01-30T15:11:39","isFullCredit":false},{"lineNumber":41,"author":{"gitId":"siddhant2118"},"content":"    private static String getRandomMessage(String[] messages) {","lastModifiedDate":"2026-01-30T15:11:39","isFullCredit":false},{"lineNumber":42,"author":{"gitId":"siddhant2118"},"content":"        return messages[random.nextInt(messages.length)];","lastModifiedDate":"2026-01-30T15:11:39","isFullCredit":false},{"lineNumber":43,"author":{"gitId":"siddhant2118"},"content":"    }","lastModifiedDate":"2026-01-30T15:11:39","isFullCredit":false},{"lineNumber":44,"author":{"gitId":"siddhant2118"},"content":"","lastModifiedDate":"2026-01-30T15:11:39","isFullCredit":false},{"lineNumber":45,"author":{"gitId":"siddhant2118"},"content":"    public static void main(String[] args) {","lastModifiedDate":"2026-01-23T11:40:15","isFullCredit":false},{"lineNumber":46,"author":{"gitId":"siddhant2118"},"content":"        Scanner scanner \u003d new Scanner(System.in);","lastModifiedDate":"2026-01-30T14:35:05","isFullCredit":false},{"lineNumber":47,"author":{"gitId":"siddhant2118"},"content":"","lastModifiedDate":"2026-01-30T14:35:05","isFullCredit":false},{"lineNumber":48,"author":{"gitId":"siddhant2118"},"content":"        // Storage for tasks","lastModifiedDate":"2026-01-30T14:53:17","isFullCredit":false},{"lineNumber":49,"author":{"gitId":"siddhant2118"},"content":"        Task[] tasks \u003d new Task[100];  // Array to store tasks","lastModifiedDate":"2026-01-30T15:01:46","isFullCredit":false},{"lineNumber":50,"author":{"gitId":"siddhant2118"},"content":"        int taskCount \u003d 0;             // Counter for number of tasks","lastModifiedDate":"2026-01-30T14:53:17","isFullCredit":false},{"lineNumber":51,"author":{"gitId":"siddhant2118"},"content":"","lastModifiedDate":"2026-01-30T14:53:17","isFullCredit":false},{"lineNumber":52,"author":{"gitId":"siddhant2118"},"content":"        // Greeting","lastModifiedDate":"2026-01-30T14:35:05","isFullCredit":false},{"lineNumber":53,"author":{"gitId":"siddhant2118"},"content":"        String logo \u003d \" ____  _____ ____    _  _____  _    _  __    _    ___ \\n\"","lastModifiedDate":"2026-01-30T15:11:39","isFullCredit":false},{"lineNumber":54,"author":{"gitId":"siddhant2118"},"content":"                + \"/ ___|| ____/ ___|  / \\\\|_   _|/ \\\\  | |/ /   / \\\\  |_ _|\\n\"","lastModifiedDate":"2026-01-30T15:11:39","isFullCredit":false},{"lineNumber":55,"author":{"gitId":"siddhant2118"},"content":"                + \"\\\\___ \\\\|  _|| |  _  / _ \\\\ | | / _ \\\\ | \u0027 /   / _ \\\\  | | \\n\"","lastModifiedDate":"2026-01-30T15:11:39","isFullCredit":false},{"lineNumber":56,"author":{"gitId":"siddhant2118"},"content":"                + \" ___) | |__| |_| |/ ___ \\\\| |/ ___ \\\\| . \\\\  / ___ \\\\ | | \\n\"","lastModifiedDate":"2026-01-30T15:11:39","isFullCredit":false},{"lineNumber":57,"author":{"gitId":"siddhant2118"},"content":"                + \"|____/|_____\\\\____/_/   \\\\_\\\\_/_/   \\\\_\\\\_|\\\\_\\\\/_/   \\\\_\\\\___|\\n\";","lastModifiedDate":"2026-01-30T15:11:39","isFullCredit":false},{"lineNumber":58,"author":{"gitId":"siddhant2118"},"content":"        System.out.println(LINE);","lastModifiedDate":"2026-01-30T15:11:39","isFullCredit":false},{"lineNumber":59,"author":{"gitId":"siddhant2118"},"content":"        System.out.println(logo);","lastModifiedDate":"2026-01-30T15:11:39","isFullCredit":false},{"lineNumber":60,"author":{"gitId":"siddhant2118"},"content":"        System.out.println(\" Hello! I\u0027m SEGATAKAI\");","lastModifiedDate":"2026-01-23T11:40:15","isFullCredit":false},{"lineNumber":61,"author":{"gitId":"siddhant2118"},"content":"        System.out.println(\" \" + getRandomMessage(GREETINGS));","lastModifiedDate":"2026-01-30T15:11:39","isFullCredit":false},{"lineNumber":62,"author":{"gitId":"siddhant2118"},"content":"        System.out.println(LINE);","lastModifiedDate":"2026-01-30T15:11:39","isFullCredit":false},{"lineNumber":63,"author":{"gitId":"siddhant2118"},"content":"","lastModifiedDate":"2026-01-30T14:35:05","isFullCredit":false},{"lineNumber":64,"author":{"gitId":"siddhant2118"},"content":"        // Loop to read commands","lastModifiedDate":"2026-01-30T14:35:05","isFullCredit":false},{"lineNumber":65,"author":{"gitId":"siddhant2118"},"content":"        while (true) {","lastModifiedDate":"2026-01-30T14:35:05","isFullCredit":false},{"lineNumber":66,"author":{"gitId":"siddhant2118"},"content":"            String input \u003d scanner.nextLine().trim();","lastModifiedDate":"2026-02-05T10:13:51","isFullCredit":false},{"lineNumber":67,"author":{"gitId":"siddhant2118"},"content":"","lastModifiedDate":"2026-01-30T14:35:05","isFullCredit":false},{"lineNumber":68,"author":{"gitId":"siddhant2118"},"content":"            if (input.equals(\"bye\")) {","lastModifiedDate":"2026-01-30T14:35:05","isFullCredit":false},{"lineNumber":69,"author":{"gitId":"siddhant2118"},"content":"                break;","lastModifiedDate":"2026-01-30T14:35:05","isFullCredit":false},{"lineNumber":70,"author":{"gitId":"siddhant2118"},"content":"            } else if (input.equals(\"list\")) {","lastModifiedDate":"2026-01-30T15:05:07","isFullCredit":false},{"lineNumber":71,"author":{"gitId":"siddhant2118"},"content":"                // Display the tasks","lastModifiedDate":"2026-01-30T14:53:17","isFullCredit":false},{"lineNumber":72,"author":{"gitId":"siddhant2118"},"content":"                System.out.println(LINE);","lastModifiedDate":"2026-01-30T15:11:39","isFullCredit":false},{"lineNumber":73,"author":{"gitId":"siddhant2118"},"content":"                if (taskCount \u003d\u003d 0) {","lastModifiedDate":"2026-01-30T15:11:39","isFullCredit":false},{"lineNumber":74,"author":{"gitId":"siddhant2118"},"content":"                    System.out.println(\" No tasks yet! Time to add some adventures.\");","lastModifiedDate":"2026-01-30T15:11:39","isFullCredit":false},{"lineNumber":75,"author":{"gitId":"siddhant2118"},"content":"                } else {","lastModifiedDate":"2026-01-30T15:11:39","isFullCredit":false},{"lineNumber":76,"author":{"gitId":"siddhant2118"},"content":"                    System.out.println(\" Here are the tasks in your list:\");","lastModifiedDate":"2026-01-30T15:01:46","isFullCredit":false},{"lineNumber":77,"author":{"gitId":"siddhant2118"},"content":"                    for (int i \u003d 0; i \u003c taskCount; i++) {","lastModifiedDate":"2026-01-30T14:53:17","isFullCredit":false},{"lineNumber":78,"author":{"gitId":"siddhant2118"},"content":"                        System.out.println(\" \" + (i + 1) + \".\" + tasks[i]);","lastModifiedDate":"2026-01-30T14:53:17","isFullCredit":false},{"lineNumber":79,"author":{"gitId":"siddhant2118"},"content":"                    }","lastModifiedDate":"2026-01-30T14:53:17","isFullCredit":false},{"lineNumber":80,"author":{"gitId":"siddhant2118"},"content":"                }","lastModifiedDate":"2026-01-30T15:11:39","isFullCredit":false},{"lineNumber":81,"author":{"gitId":"siddhant2118"},"content":"                System.out.println(LINE);","lastModifiedDate":"2026-01-30T15:11:39","isFullCredit":false},{"lineNumber":82,"author":{"gitId":"siddhant2118"},"content":"            } else if (input.startsWith(\"mark \")) {","lastModifiedDate":"2026-01-30T15:05:07","isFullCredit":false},{"lineNumber":83,"author":{"gitId":"siddhant2118"},"content":"                int index \u003d Integer.parseInt(input.substring(5)) - 1;","lastModifiedDate":"2026-01-30T15:01:46","isFullCredit":false},{"lineNumber":84,"author":{"gitId":"siddhant2118"},"content":"                System.out.println(LINE);","lastModifiedDate":"2026-01-30T15:11:39","isFullCredit":false},{"lineNumber":85,"author":{"gitId":"siddhant2118"},"content":"                if (tasks[index].isDone()) {","lastModifiedDate":"2026-01-30T15:11:39","isFullCredit":false},{"lineNumber":86,"author":{"gitId":"siddhant2118"},"content":"                    System.out.println(\" Hey, this task is already done!\");","lastModifiedDate":"2026-01-30T15:11:39","isFullCredit":false},{"lineNumber":87,"author":{"gitId":"siddhant2118"},"content":"                    System.out.println(\"   \" + tasks[index]);","lastModifiedDate":"2026-01-30T15:11:39","isFullCredit":false},{"lineNumber":88,"author":{"gitId":"siddhant2118"},"content":"                } else {","lastModifiedDate":"2026-01-30T15:11:39","isFullCredit":false},{"lineNumber":89,"author":{"gitId":"siddhant2118"},"content":"                    tasks[index].markAsDone();","lastModifiedDate":"2026-01-30T15:01:46","isFullCredit":false},{"lineNumber":90,"author":{"gitId":"siddhant2118"},"content":"                    System.out.println(\" \" + getRandomMessage(MARK_MESSAGES));","lastModifiedDate":"2026-01-30T15:11:39","isFullCredit":false},{"lineNumber":91,"author":{"gitId":"siddhant2118"},"content":"                    System.out.println(\"   \" + tasks[index]);","lastModifiedDate":"2026-01-30T15:01:46","isFullCredit":false},{"lineNumber":92,"author":{"gitId":"siddhant2118"},"content":"                }","lastModifiedDate":"2026-01-30T15:11:39","isFullCredit":false},{"lineNumber":93,"author":{"gitId":"siddhant2118"},"content":"                System.out.println(LINE);","lastModifiedDate":"2026-01-30T15:11:39","isFullCredit":false},{"lineNumber":94,"author":{"gitId":"siddhant2118"},"content":"            } else if (input.startsWith(\"unmark \")) {","lastModifiedDate":"2026-01-30T15:05:07","isFullCredit":false},{"lineNumber":95,"author":{"gitId":"siddhant2118"},"content":"                int index \u003d Integer.parseInt(input.substring(7)) - 1;","lastModifiedDate":"2026-01-30T15:01:46","isFullCredit":false},{"lineNumber":96,"author":{"gitId":"siddhant2118"},"content":"                System.out.println(LINE);","lastModifiedDate":"2026-01-30T15:11:39","isFullCredit":false},{"lineNumber":97,"author":{"gitId":"siddhant2118"},"content":"                if (!tasks[index].isDone()) {","lastModifiedDate":"2026-01-30T15:11:39","isFullCredit":false},{"lineNumber":98,"author":{"gitId":"siddhant2118"},"content":"                    System.out.println(\" Uhh, this task isn\u0027t marked as done yet!\");","lastModifiedDate":"2026-01-30T15:11:39","isFullCredit":false},{"lineNumber":99,"author":{"gitId":"siddhant2118"},"content":"                    System.out.println(\"   \" + tasks[index]);","lastModifiedDate":"2026-01-30T15:11:39","isFullCredit":false},{"lineNumber":100,"author":{"gitId":"siddhant2118"},"content":"                } else {","lastModifiedDate":"2026-01-30T15:11:39","isFullCredit":false},{"lineNumber":101,"author":{"gitId":"siddhant2118"},"content":"                    tasks[index].markAsNotDone();","lastModifiedDate":"2026-01-30T15:01:46","isFullCredit":false},{"lineNumber":102,"author":{"gitId":"siddhant2118"},"content":"                    System.out.println(\" \" + getRandomMessage(UNMARK_MESSAGES));","lastModifiedDate":"2026-01-30T15:11:39","isFullCredit":false},{"lineNumber":103,"author":{"gitId":"siddhant2118"},"content":"                    System.out.println(\"   \" + tasks[index]);","lastModifiedDate":"2026-01-30T15:01:46","isFullCredit":false},{"lineNumber":104,"author":{"gitId":"siddhant2118"},"content":"                }","lastModifiedDate":"2026-01-30T15:11:39","isFullCredit":false},{"lineNumber":105,"author":{"gitId":"siddhant2118"},"content":"                System.out.println(LINE);","lastModifiedDate":"2026-01-30T15:11:39","isFullCredit":false},{"lineNumber":106,"author":{"gitId":"siddhant2118"},"content":"            } else if (input.startsWith(\"todo \")) {","lastModifiedDate":"2026-02-05T10:13:51","isFullCredit":false},{"lineNumber":107,"author":{"gitId":"siddhant2118"},"content":"                // Create Todo task","lastModifiedDate":"2026-02-05T10:13:51","isFullCredit":false},{"lineNumber":108,"author":{"gitId":"siddhant2118"},"content":"                String description \u003d input.substring(5);","lastModifiedDate":"2026-02-05T10:13:51","isFullCredit":false},{"lineNumber":109,"author":{"gitId":"siddhant2118"},"content":"                tasks[taskCount] \u003d new Todo(description);","lastModifiedDate":"2026-02-05T10:13:51","isFullCredit":false},{"lineNumber":110,"author":{"gitId":"siddhant2118"},"content":"                taskCount++;","lastModifiedDate":"2026-02-05T10:13:51","isFullCredit":false},{"lineNumber":111,"author":{"gitId":"siddhant2118"},"content":"","lastModifiedDate":"2026-02-05T10:13:51","isFullCredit":false},{"lineNumber":112,"author":{"gitId":"siddhant2118"},"content":"                System.out.println(LINE);","lastModifiedDate":"2026-02-05T10:13:51","isFullCredit":false},{"lineNumber":113,"author":{"gitId":"siddhant2118"},"content":"                System.out.println(\" \" + getRandomMessage(ADD_MESSAGES));","lastModifiedDate":"2026-02-05T10:13:51","isFullCredit":false},{"lineNumber":114,"author":{"gitId":"siddhant2118"},"content":"                System.out.println(\"   \" + tasks[taskCount - 1]);","lastModifiedDate":"2026-02-05T10:13:51","isFullCredit":false},{"lineNumber":115,"author":{"gitId":"siddhant2118"},"content":"                System.out.println(\" Now you have \" + taskCount + \" task(s) in the list.\");","lastModifiedDate":"2026-02-05T10:13:51","isFullCredit":false},{"lineNumber":116,"author":{"gitId":"siddhant2118"},"content":"                System.out.println(LINE);","lastModifiedDate":"2026-02-05T10:13:51","isFullCredit":false},{"lineNumber":117,"author":{"gitId":"siddhant2118"},"content":"            } else if (input.startsWith(\"deadline \")) {","lastModifiedDate":"2026-02-05T10:13:51","isFullCredit":false},{"lineNumber":118,"author":{"gitId":"siddhant2118"},"content":"                // Create Deadline task: deadline \u003cdesc\u003e /by \u003cdate\u003e","lastModifiedDate":"2026-02-05T10:13:51","isFullCredit":false},{"lineNumber":119,"author":{"gitId":"siddhant2118"},"content":"                String[] parts \u003d input.substring(9).split(\" /by \");","lastModifiedDate":"2026-02-05T10:13:51","isFullCredit":false},{"lineNumber":120,"author":{"gitId":"siddhant2118"},"content":"                String description \u003d parts[0];","lastModifiedDate":"2026-02-05T10:13:51","isFullCredit":false},{"lineNumber":121,"author":{"gitId":"siddhant2118"},"content":"                String by \u003d parts[1];","lastModifiedDate":"2026-02-05T10:13:51","isFullCredit":false},{"lineNumber":122,"author":{"gitId":"siddhant2118"},"content":"                tasks[taskCount] \u003d new Deadline(description, by);","lastModifiedDate":"2026-02-05T10:13:51","isFullCredit":false},{"lineNumber":123,"author":{"gitId":"siddhant2118"},"content":"                taskCount++;","lastModifiedDate":"2026-02-05T10:13:51","isFullCredit":false},{"lineNumber":124,"author":{"gitId":"siddhant2118"},"content":"","lastModifiedDate":"2026-02-05T10:13:51","isFullCredit":false},{"lineNumber":125,"author":{"gitId":"siddhant2118"},"content":"                System.out.println(LINE);","lastModifiedDate":"2026-02-05T10:13:51","isFullCredit":false},{"lineNumber":126,"author":{"gitId":"siddhant2118"},"content":"                System.out.println(\" \" + getRandomMessage(ADD_MESSAGES));","lastModifiedDate":"2026-02-05T10:13:51","isFullCredit":false},{"lineNumber":127,"author":{"gitId":"siddhant2118"},"content":"                System.out.println(\"   \" + tasks[taskCount - 1]);","lastModifiedDate":"2026-02-05T10:13:51","isFullCredit":false},{"lineNumber":128,"author":{"gitId":"siddhant2118"},"content":"                System.out.println(\" Now you have \" + taskCount + \" task(s) in the list.\");","lastModifiedDate":"2026-02-05T10:13:51","isFullCredit":false},{"lineNumber":129,"author":{"gitId":"siddhant2118"},"content":"                System.out.println(LINE);","lastModifiedDate":"2026-02-05T10:13:51","isFullCredit":false},{"lineNumber":130,"author":{"gitId":"siddhant2118"},"content":"            } else if (input.startsWith(\"event \")) {","lastModifiedDate":"2026-02-05T10:13:51","isFullCredit":false},{"lineNumber":131,"author":{"gitId":"siddhant2118"},"content":"                // Create Event task: event \u003cdesc\u003e /from \u003cstart\u003e /to \u003cend\u003e","lastModifiedDate":"2026-02-05T10:13:51","isFullCredit":false},{"lineNumber":132,"author":{"gitId":"siddhant2118"},"content":"                String[] parts \u003d input.substring(6).split(\" /from \");","lastModifiedDate":"2026-02-05T10:13:51","isFullCredit":false},{"lineNumber":133,"author":{"gitId":"siddhant2118"},"content":"                String description \u003d parts[0];","lastModifiedDate":"2026-02-05T10:13:51","isFullCredit":false},{"lineNumber":134,"author":{"gitId":"siddhant2118"},"content":"                String[] times \u003d parts[1].split(\" /to \");","lastModifiedDate":"2026-02-05T10:13:51","isFullCredit":false},{"lineNumber":135,"author":{"gitId":"siddhant2118"},"content":"                String from \u003d times[0];","lastModifiedDate":"2026-02-05T10:13:51","isFullCredit":false},{"lineNumber":136,"author":{"gitId":"siddhant2118"},"content":"                String to \u003d times[1];","lastModifiedDate":"2026-02-05T10:13:51","isFullCredit":false},{"lineNumber":137,"author":{"gitId":"siddhant2118"},"content":"                tasks[taskCount] \u003d new Event(description, from, to);","lastModifiedDate":"2026-02-05T10:13:51","isFullCredit":false},{"lineNumber":138,"author":{"gitId":"siddhant2118"},"content":"                taskCount++;","lastModifiedDate":"2026-01-30T14:53:17","isFullCredit":false},{"lineNumber":139,"author":{"gitId":"siddhant2118"},"content":"","lastModifiedDate":"2026-01-30T14:35:05","isFullCredit":false},{"lineNumber":140,"author":{"gitId":"siddhant2118"},"content":"                System.out.println(LINE);","lastModifiedDate":"2026-01-30T15:11:39","isFullCredit":false},{"lineNumber":141,"author":{"gitId":"siddhant2118"},"content":"                System.out.println(\" \" + getRandomMessage(ADD_MESSAGES));","lastModifiedDate":"2026-01-30T15:11:39","isFullCredit":false},{"lineNumber":142,"author":{"gitId":"siddhant2118"},"content":"                System.out.println(\"   \" + tasks[taskCount - 1]);","lastModifiedDate":"2026-02-05T10:13:51","isFullCredit":false},{"lineNumber":143,"author":{"gitId":"siddhant2118"},"content":"                System.out.println(\" Now you have \" + taskCount + \" task(s) in the list.\");","lastModifiedDate":"2026-02-05T10:13:51","isFullCredit":false},{"lineNumber":144,"author":{"gitId":"siddhant2118"},"content":"                System.out.println(LINE);","lastModifiedDate":"2026-02-05T10:13:51","isFullCredit":false},{"lineNumber":145,"author":{"gitId":"siddhant2118"},"content":"            } else {","lastModifiedDate":"2026-02-05T10:13:51","isFullCredit":false},{"lineNumber":146,"author":{"gitId":"siddhant2118"},"content":"                // Unknown command","lastModifiedDate":"2026-02-05T10:13:51","isFullCredit":false},{"lineNumber":147,"author":{"gitId":"siddhant2118"},"content":"                System.out.println(LINE);","lastModifiedDate":"2026-02-05T10:13:51","isFullCredit":false},{"lineNumber":148,"author":{"gitId":"siddhant2118"},"content":"                System.out.println(\" Hmm, I don\u0027t understand that command.\");","lastModifiedDate":"2026-02-05T10:13:51","isFullCredit":false},{"lineNumber":149,"author":{"gitId":"siddhant2118"},"content":"                System.out.println(\" Try: todo, deadline, event, list, mark, unmark, bye\");","lastModifiedDate":"2026-02-05T10:13:51","isFullCredit":false},{"lineNumber":150,"author":{"gitId":"siddhant2118"},"content":"                System.out.println(LINE);","lastModifiedDate":"2026-01-30T15:11:39","isFullCredit":false},{"lineNumber":151,"author":{"gitId":"siddhant2118"},"content":"            }","lastModifiedDate":"2026-01-30T14:35:05","isFullCredit":false},{"lineNumber":152,"author":{"gitId":"siddhant2118"},"content":"        }","lastModifiedDate":"2026-01-30T14:53:17","isFullCredit":false},{"lineNumber":153,"author":{"gitId":"siddhant2118"},"content":"        // Goodbye message","lastModifiedDate":"2026-01-30T14:35:05","isFullCredit":false},{"lineNumber":154,"author":{"gitId":"siddhant2118"},"content":"        System.out.println(LINE);","lastModifiedDate":"2026-01-30T15:11:39","isFullCredit":false},{"lineNumber":155,"author":{"gitId":"siddhant2118"},"content":"        System.out.println(\" \" + getRandomMessage(BYE_MESSAGES));","lastModifiedDate":"2026-01-30T15:11:39","isFullCredit":false},{"lineNumber":156,"author":{"gitId":"siddhant2118"},"content":"        if (taskCount \u003e 0) {","lastModifiedDate":"2026-01-30T15:11:39","isFullCredit":false},{"lineNumber":157,"author":{"gitId":"siddhant2118"},"content":"            System.out.println(\" You have \" + taskCount + \" task(s) remaining. Don\u0027t forget them!\");","lastModifiedDate":"2026-01-30T15:11:39","isFullCredit":false},{"lineNumber":158,"author":{"gitId":"siddhant2118"},"content":"        }","lastModifiedDate":"2026-01-30T15:11:39","isFullCredit":false},{"lineNumber":159,"author":{"gitId":"siddhant2118"},"content":"        System.out.println(LINE);","lastModifiedDate":"2026-01-30T15:11:39","isFullCredit":false},{"lineNumber":160,"author":{"gitId":"siddhant2118"},"content":"","lastModifiedDate":"2026-01-30T14:35:05","isFullCredit":false},{"lineNumber":161,"author":{"gitId":"siddhant2118"},"content":"        scanner.close();","lastModifiedDate":"2026-01-30T14:35:05","isFullCredit":false},{"lineNumber":162,"author":{"gitId":"siddhant2118"},"content":"    }","lastModifiedDate":"2026-01-23T11:40:15","isFullCredit":false},{"lineNumber":163,"author":{"gitId":"siddhant2118"},"content":"}","lastModifiedDate":"2026-01-23T11:40:15","isFullCredit":false}],"authorContributionMap":{"siddhant2118":163}},{"path":"src/main/java/Task.java","fileType":"java","lines":[{"lineNumber":1,"author":{"gitId":"siddhant2118"},"content":"public class Task {","lastModifiedDate":"2026-01-30T15:01:46","isFullCredit":false},{"lineNumber":2,"author":{"gitId":"siddhant2118"},"content":"    protected String description;","lastModifiedDate":"2026-02-05T10:13:51","isFullCredit":false},{"lineNumber":3,"author":{"gitId":"siddhant2118"},"content":"    protected boolean isDone;","lastModifiedDate":"2026-02-05T10:13:51","isFullCredit":false},{"lineNumber":4,"author":{"gitId":"siddhant2118"},"content":"","lastModifiedDate":"2026-01-30T15:01:46","isFullCredit":false},{"lineNumber":5,"author":{"gitId":"siddhant2118"},"content":"    public Task(String description) {","lastModifiedDate":"2026-01-30T15:01:46","isFullCredit":false},{"lineNumber":6,"author":{"gitId":"siddhant2118"},"content":"        this.description \u003d description;","lastModifiedDate":"2026-01-30T15:01:46","isFullCredit":false},{"lineNumber":7,"author":{"gitId":"siddhant2118"},"content":"        this.isDone \u003d false;","lastModifiedDate":"2026-01-30T15:01:46","isFullCredit":false},{"lineNumber":8,"author":{"gitId":"siddhant2118"},"content":"    }","lastModifiedDate":"2026-01-30T15:01:46","isFullCredit":false},{"lineNumber":9,"author":{"gitId":"siddhant2118"},"content":"","lastModifiedDate":"2026-01-30T15:01:46","isFullCredit":false},{"lineNumber":10,"author":{"gitId":"siddhant2118"},"content":"    public boolean isDone() {","lastModifiedDate":"2026-01-30T15:11:39","isFullCredit":false},{"lineNumber":11,"author":{"gitId":"siddhant2118"},"content":"        return this.isDone;","lastModifiedDate":"2026-01-30T15:11:39","isFullCredit":false},{"lineNumber":12,"author":{"gitId":"siddhant2118"},"content":"    }","lastModifiedDate":"2026-01-30T15:11:39","isFullCredit":false},{"lineNumber":13,"author":{"gitId":"siddhant2118"},"content":"","lastModifiedDate":"2026-01-30T15:11:39","isFullCredit":false},{"lineNumber":14,"author":{"gitId":"siddhant2118"},"content":"    public void markAsDone() {","lastModifiedDate":"2026-01-30T15:01:46","isFullCredit":false},{"lineNumber":15,"author":{"gitId":"siddhant2118"},"content":"        this.isDone \u003d true;","lastModifiedDate":"2026-01-30T15:01:46","isFullCredit":false},{"lineNumber":16,"author":{"gitId":"siddhant2118"},"content":"    }","lastModifiedDate":"2026-01-30T15:01:46","isFullCredit":false},{"lineNumber":17,"author":{"gitId":"siddhant2118"},"content":"","lastModifiedDate":"2026-01-30T15:01:46","isFullCredit":false},{"lineNumber":18,"author":{"gitId":"siddhant2118"},"content":"    public void markAsNotDone() {","lastModifiedDate":"2026-01-30T15:01:46","isFullCredit":false},{"lineNumber":19,"author":{"gitId":"siddhant2118"},"content":"        this.isDone \u003d false;","lastModifiedDate":"2026-01-30T15:01:46","isFullCredit":false},{"lineNumber":20,"author":{"gitId":"siddhant2118"},"content":"    }","lastModifiedDate":"2026-01-30T15:01:46","isFullCredit":false},{"lineNumber":21,"author":{"gitId":"siddhant2118"},"content":"","lastModifiedDate":"2026-01-30T15:01:46","isFullCredit":false},{"lineNumber":22,"author":{"gitId":"siddhant2118"},"content":"    public String getStatusIcon() {","lastModifiedDate":"2026-01-30T15:01:46","isFullCredit":false},{"lineNumber":23,"author":{"gitId":"siddhant2118"},"content":"        return (isDone ? \"X\" : \" \");","lastModifiedDate":"2026-01-30T15:01:46","isFullCredit":false},{"lineNumber":24,"author":{"gitId":"siddhant2118"},"content":"    }","lastModifiedDate":"2026-01-30T15:01:46","isFullCredit":false},{"lineNumber":25,"author":{"gitId":"siddhant2118"},"content":"","lastModifiedDate":"2026-01-30T15:01:46","isFullCredit":false},{"lineNumber":26,"author":{"gitId":"siddhant2118"},"content":"    public String getTypeIcon() {","lastModifiedDate":"2026-02-05T10:13:51","isFullCredit":false},{"lineNumber":27,"author":{"gitId":"siddhant2118"},"content":"        return \" \"; ","lastModifiedDate":"2026-02-05T10:13:51","isFullCredit":false},{"lineNumber":28,"author":{"gitId":"siddhant2118"},"content":"    }","lastModifiedDate":"2026-02-05T10:13:51","isFullCredit":false},{"lineNumber":29,"author":{"gitId":"siddhant2118"},"content":"    @Override","lastModifiedDate":"2026-01-30T15:01:46","isFullCredit":false},{"lineNumber":30,"author":{"gitId":"siddhant2118"},"content":"    public String toString() {","lastModifiedDate":"2026-01-30T15:01:46","isFullCredit":false},{"lineNumber":31,"author":{"gitId":"siddhant2118"},"content":"        return \"[\" + getTypeIcon() + \"][\" + getStatusIcon() + \"] \" + description;","lastModifiedDate":"2026-02-05T10:13:51","isFullCredit":false},{"lineNumber":32,"author":{"gitId":"siddhant2118"},"content":"    }","lastModifiedDate":"2026-01-30T15:01:46","isFullCredit":false},{"lineNumber":33,"author":{"gitId":"siddhant2118"},"content":"}","lastModifiedDate":"2026-01-30T15:01:46","isFullCredit":false}],"authorContributionMap":{"siddhant2118":33}},{"path":"src/main/java/Todo.java","fileType":"java","lines":[{"lineNumber":1,"author":{"gitId":"siddhant2118"},"content":"public class Todo extends Task {","lastModifiedDate":"2026-02-05T10:13:51","isFullCredit":false},{"lineNumber":2,"author":{"gitId":"siddhant2118"},"content":"","lastModifiedDate":"2026-02-05T10:13:51","isFullCredit":false},{"lineNumber":3,"author":{"gitId":"siddhant2118"},"content":"    public Todo(String description) {","lastModifiedDate":"2026-02-05T10:13:51","isFullCredit":false},{"lineNumber":4,"author":{"gitId":"siddhant2118"},"content":"        super(description);","lastModifiedDate":"2026-02-05T10:13:51","isFullCredit":false},{"lineNumber":5,"author":{"gitId":"siddhant2118"},"content":"    }","lastModifiedDate":"2026-02-05T10:13:51","isFullCredit":false},{"lineNumber":6,"author":{"gitId":"siddhant2118"},"content":"","lastModifiedDate":"2026-02-05T10:13:51","isFullCredit":false},{"lineNumber":7,"author":{"gitId":"siddhant2118"},"content":"    @Override","lastModifiedDate":"2026-02-05T10:13:51","isFullCredit":false},{"lineNumber":8,"author":{"gitId":"siddhant2118"},"content":"    public String getTypeIcon() {","lastModifiedDate":"2026-02-05T10:13:51","isFullCredit":false},{"lineNumber":9,"author":{"gitId":"siddhant2118"},"content":"        return \"T\";","lastModifiedDate":"2026-02-05T10:13:51","isFullCredit":false},{"lineNumber":10,"author":{"gitId":"siddhant2118"},"content":"    }","lastModifiedDate":"2026-02-05T10:13:51","isFullCredit":false},{"lineNumber":11,"author":{"gitId":"siddhant2118"},"content":"}","lastModifiedDate":"2026-02-05T10:13:51","isFullCredit":false}],"authorContributionMap":{"siddhant2118":11}}]
