{"authorDailyContributionsMap":{"RNJH224":[{"date":"2026-01-25T00:00:00","commitResults":[{"hash":"7f81c1bf474f595aa7b4e1deaf26be3acfe85a46","isMergeCommit":false,"messageTitle":"Level 0: Renamed Duke to NoNeck. Added *.class to gitignore","messageBody":"","tags":["Level-0"],"fileTypesAndContributionMap":{"java":{"insertions":8,"deletions":10},"bat":{"insertions":1,"deletions":1},"md":{"insertions":3,"deletions":3}}}]},{"date":"2026-01-29T00:00:00","commitResults":[{"hash":"067af886801aeb4e255c39416317f7b3d9cf502f","isMergeCommit":false,"messageTitle":"level 1: echo done","messageBody":"","tags":["level-1"],"fileTypesAndContributionMap":{"java":{"insertions":20,"deletions":1}}},{"hash":"3435f553886a3db9d68b68d9b6a4a3d95a73d980","isMergeCommit":false,"messageTitle":"level 2: Add , list","messageBody":"","fileTypesAndContributionMap":{"java":{"insertions":10,"deletions":0}}}]},{"date":"2026-01-30T00:00:00","commitResults":[{"hash":"29ebca0a05241c710471dc2dcfacccc7279ff408","isMergeCommit":false,"messageTitle":"level 2: Add , list","messageBody":"","tags":["level-2"],"fileTypesAndContributionMap":{"java":{"insertions":2,"deletions":2}}},{"hash":"070382a9cfbcb087f32217b45df082e7030e7fc7","isMergeCommit":false,"messageTitle":"level 3: mark and unmark","messageBody":"","tags":["level-3","A-CodingStandard"],"fileTypesAndContributionMap":{"java":{"insertions":34,"deletions":6}}}]},{"date":"2026-02-08T00:00:00","commitResults":[{"hash":"4b4666b3668e42d5935277690bd136fe628a23aa","isMergeCommit":false,"messageTitle":"level 4: Todo, deadline, Events","messageBody":"","tags":["level-4","A-CodeQuality"],"fileTypesAndContributionMap":{"java":{"insertions":114,"deletions":22}}}]},{"date":"2026-02-11T00:00:00","commitResults":[{"hash":"7dbbd8e69d2fe940ba4a5b865d04269ce257383d","isMergeCommit":false,"messageTitle":"level 5: error catching","messageBody":"","tags":["branch-Level-5","A-Exceptions"],"fileTypesAndContributionMap":{"java":{"insertions":66,"deletions":28}}},{"hash":"6b8130538fa1a2be97411a0404385548f1e6374a","isMergeCommit":true,"messageTitle":"Merge branch \u0027branch-Level-5\u0027 \"merge brach 5 to master\"","messageBody":"","tags":["level-5"],"fileTypesAndContributionMap":{}}]},{"date":"2026-02-12T00:00:00","commitResults":[{"hash":"7ea20ebebce6082e1851995f005986f11e09acf3","isMergeCommit":false,"messageTitle":"A-Packages","messageBody":"","tags":["A-Packages"],"fileTypesAndContributionMap":{"java":{"insertions":22,"deletions":4},"bat":{"insertions":1,"deletions":1},"md":{"insertions":3,"deletions":3}}}]}]},"authorFileTypeContributionMap":{"RNJH224":{"java":213,"md":0,"fxml":0,"sh":0,"bat":0,"gradle":0,"txt":0}},"authorContributionVariance":{"RNJH224":807.27344},"authorDisplayNameMap":{"RNJH224":"CS2113-F14-3 RUSS..HENG"}}
