{"authorDailyContributionsMap":{"karthikkathiresh":[{"date":"2026-01-24T00:00:00","commitResults":[{"hash":"424a6780eb5511463318618665d882c997af13fa","isMergeCommit":false,"messageTitle":"Completed Level 0: Rename, Greet, Exit","messageBody":"","tags":["Level-0"],"fileTypesAndContributionMap":{"java":{"insertions":20,"deletions":10},"bat":{"insertions":1,"deletions":1},"md":{"insertions":3,"deletions":3}}}]},{"date":"2026-01-30T00:00:00","commitResults":[{"hash":"f92bf203aafc978ee21a31189dc229f0a1ea9b82","isMergeCommit":false,"messageTitle":"Update chatbot to echo messages","messageBody":"","tags":["Level-1"],"fileTypesAndContributionMap":{"java":{"insertions":31,"deletions":20}}},{"hash":"b3370528db9670801ce832d6c7fbb52c6ddcdcd4","isMergeCommit":false,"messageTitle":"Add ability to store texts entered by user","messageBody":"","tags":["Level-2"],"fileTypesAndContributionMap":{"java":{"insertions":50,"deletions":10}}},{"hash":"ba684af20b381dfe29751289116ced8aa6616dde","isMergeCommit":false,"messageTitle":"Add the ability to mark completed tasks as done","messageBody":"","tags":["Level-3"],"fileTypesAndContributionMap":{"java":{"insertions":58,"deletions":12}}},{"hash":"224ac92eb5bf8c4a1bca28068c82c2cea99fd4a5","isMergeCommit":false,"messageTitle":"Update code to follow coding standards","messageBody":"","tags":["A-CodingStandard"],"fileTypesAndContributionMap":{"java":{"insertions":6,"deletions":3}}}]},{"date":"2026-02-03T00:00:00","commitResults":[{"hash":"1e66675815b177b45b040da1f9474b0ad9e9eb22","isMergeCommit":false,"messageTitle":"Add todo class and implement support for todo tasks","messageBody":"","fileTypesAndContributionMap":{"java":{"insertions":27,"deletions":4}}}]},{"date":"2026-02-06T00:00:00","commitResults":[{"hash":"ad133678239540b6d5f0f2a94373b313edd9f051","isMergeCommit":false,"messageTitle":"Add event and deadline classes and implement support for these classes","messageBody":"","tags":["Level-4"],"fileTypesAndContributionMap":{"java":{"insertions":70,"deletions":3}}}]},{"date":"2026-02-07T00:00:00","commitResults":[{"hash":"f75555399054ae3404bc4a75963e9c83fb5da0ac","isMergeCommit":false,"messageTitle":"Updated text-ui-test to include text UI testing","messageBody":"","tags":["A-TextUiTesting"],"fileTypesAndContributionMap":{"txt":{"insertions":12,"deletions":0},"java":{"insertions":4,"deletions":4},"bat":{"insertions":1,"deletions":1}}}]}]},"authorFileTypeContributionMap":{"karthikkathiresh":{"java":210,"md":3,"fxml":0,"sh":0,"bat":1,"gradle":0,"txt":12}},"authorContributionVariance":{"karthikkathiresh":1338.0265},"authorDisplayNameMap":{"karthikkathiresh":"CS2113-T10-3 KART..RESH"}}
