{"authorDailyContributionsMap":{"Huang-Hau-Shuan":[{"date":"2026-01-23T00:00:00","commitResults":[{"hash":"63785241fd27fa9fa36ddaf24930658313f24ffb","isMergeCommit":false,"messageTitle":"Rename chatbot to Julius","messageBody":"","fileTypesAndContributionMap":{"java":{"insertions":12,"deletions":10}}},{"hash":"4197fe7efb9aaf72028e4d6ee1fafad9820b8b07","isMergeCommit":false,"messageTitle":"Implement Greet/Exit","messageBody":"","tags":["Level-0"],"fileTypesAndContributionMap":{"java":{"insertions":11,"deletions":0}}}]},{"date":"2026-01-28T00:00:00","commitResults":[{"hash":"0dc67087006191360f6b99c68d965ad097312672","isMergeCommit":false,"messageTitle":"Echo user input","messageBody":"","tags":["Level-1"],"fileTypesAndContributionMap":{"java":{"insertions":13,"deletions":0}}},{"hash":"f91a50bb7b8bb409f3470d636b5d01c24a120f74","isMergeCommit":false,"messageTitle":"Add String divider for cleaner CLI output formatting","messageBody":"","fileTypesAndContributionMap":{"java":{"insertions":8,"deletions":4}}},{"hash":"8cec312c58162c85007a52af79454357d76e078b","isMergeCommit":false,"messageTitle":"Implement robust exit logic to handle \"bye\" variations","messageBody":"","fileTypesAndContributionMap":{"java":{"insertions":7,"deletions":5}}},{"hash":"e8b6addc6d97d03ca4e6d9fbdd3d0df109431b5a","isMergeCommit":false,"messageTitle":"Add the ability to store whatever text entered by the user and display them back to the user when requested","messageBody":"","tags":["Level-2"],"fileTypesAndContributionMap":{"java":{"insertions":32,"deletions":1}}}]},{"date":"2026-01-29T00:00:00","commitResults":[{"hash":"4b5a24f675259e01de54fafa3f6746fadcc99392","isMergeCommit":false,"messageTitle":"Add the ability to mark and unmark tasks as done and not done","messageBody":"","tags":["Level-3"],"fileTypesAndContributionMap":{"java":{"insertions":34,"deletions":6}}},{"hash":"fc75c1a846d706ced5e5ee484e9541ad80dd7d4c","isMergeCommit":false,"messageTitle":"Add Task class to represent tasks","messageBody":"","tags":["A-Classes"],"fileTypesAndContributionMap":{"java":{"insertions":73,"deletions":46}}}]}]},"authorFileTypeContributionMap":{"Huang-Hau-Shuan":{"java":128,"md":0,"fxml":0,"sh":0,"bat":0,"gradle":0,"txt":0}},"authorContributionVariance":{"Huang-Hau-Shuan":1333.3922},"authorDisplayNameMap":{"Huang-Hau-Shuan":"CS2113-W11-2 HUAN..HUAN"}}
