[{"path":"src/main/java/Deadline.java","fileType":"java","lines":[{"lineNumber":1,"author":{"gitId":"Daniel-czj"},"content":"public class Deadline extends Task {","lastModifiedDate":"2026-02-06T01:22:32","isFullCredit":false},{"lineNumber":2,"author":{"gitId":"Daniel-czj"},"content":"","lastModifiedDate":"2026-02-06T01:22:32","isFullCredit":false},{"lineNumber":3,"author":{"gitId":"Daniel-czj"},"content":"    protected String by;","lastModifiedDate":"2026-02-06T01:22:32","isFullCredit":false},{"lineNumber":4,"author":{"gitId":"Daniel-czj"},"content":"","lastModifiedDate":"2026-02-06T01:22:32","isFullCredit":false},{"lineNumber":5,"author":{"gitId":"Daniel-czj"},"content":"    public Deadline(String description, String by) {","lastModifiedDate":"2026-02-06T01:22:32","isFullCredit":false},{"lineNumber":6,"author":{"gitId":"Daniel-czj"},"content":"        super(description,false);","lastModifiedDate":"2026-02-06T01:22:32","isFullCredit":false},{"lineNumber":7,"author":{"gitId":"Daniel-czj"},"content":"        this.by \u003d by;","lastModifiedDate":"2026-02-06T01:22:32","isFullCredit":false},{"lineNumber":8,"author":{"gitId":"Daniel-czj"},"content":"    }","lastModifiedDate":"2026-02-06T01:22:32","isFullCredit":false},{"lineNumber":9,"author":{"gitId":"Daniel-czj"},"content":"","lastModifiedDate":"2026-02-13T01:54:05","isFullCredit":false},{"lineNumber":10,"author":{"gitId":"Daniel-czj"},"content":"    @Override","lastModifiedDate":"2026-02-06T01:22:32","isFullCredit":false},{"lineNumber":11,"author":{"gitId":"Daniel-czj"},"content":"    public String toString() {","lastModifiedDate":"2026-02-06T01:22:32","isFullCredit":false},{"lineNumber":12,"author":{"gitId":"Daniel-czj"},"content":"        return \"[D]\" + super.toString() + \" (by: \" + by + \")\";","lastModifiedDate":"2026-02-06T01:22:32","isFullCredit":false},{"lineNumber":13,"author":{"gitId":"Daniel-czj"},"content":"    }","lastModifiedDate":"2026-02-06T01:22:32","isFullCredit":false},{"lineNumber":14,"author":{"gitId":"Daniel-czj"},"content":"}","lastModifiedDate":"2026-02-06T01:22:32","isFullCredit":false}],"authorContributionMap":{"Daniel-czj":14}},{"path":"src/main/java/Event.java","fileType":"java","lines":[{"lineNumber":1,"author":{"gitId":"Daniel-czj"},"content":"public class Event extends Task {","lastModifiedDate":"2026-02-06T01:22:32","isFullCredit":false},{"lineNumber":2,"author":{"gitId":"Daniel-czj"},"content":"","lastModifiedDate":"2026-02-06T01:22:32","isFullCredit":false},{"lineNumber":3,"author":{"gitId":"Daniel-czj"},"content":"    protected String from;","lastModifiedDate":"2026-02-06T01:22:32","isFullCredit":false},{"lineNumber":4,"author":{"gitId":"Daniel-czj"},"content":"    protected String to;","lastModifiedDate":"2026-02-06T01:22:32","isFullCredit":false},{"lineNumber":5,"author":{"gitId":"Daniel-czj"},"content":"","lastModifiedDate":"2026-02-06T01:22:32","isFullCredit":false},{"lineNumber":6,"author":{"gitId":"Daniel-czj"},"content":"    public Event(String description, String from, String to) {","lastModifiedDate":"2026-02-06T01:22:32","isFullCredit":false},{"lineNumber":7,"author":{"gitId":"Daniel-czj"},"content":"        super(description,false);","lastModifiedDate":"2026-02-06T01:22:32","isFullCredit":false},{"lineNumber":8,"author":{"gitId":"Daniel-czj"},"content":"        this.from \u003d from;","lastModifiedDate":"2026-02-06T01:22:32","isFullCredit":false},{"lineNumber":9,"author":{"gitId":"Daniel-czj"},"content":"        this.to \u003d to;","lastModifiedDate":"2026-02-06T01:22:32","isFullCredit":false},{"lineNumber":10,"author":{"gitId":"Daniel-czj"},"content":"    }","lastModifiedDate":"2026-02-06T01:22:32","isFullCredit":false},{"lineNumber":11,"author":{"gitId":"Daniel-czj"},"content":"","lastModifiedDate":"2026-02-06T01:22:32","isFullCredit":false},{"lineNumber":12,"author":{"gitId":"Daniel-czj"},"content":"    @Override","lastModifiedDate":"2026-02-06T01:22:32","isFullCredit":false},{"lineNumber":13,"author":{"gitId":"Daniel-czj"},"content":"    public String toString() {","lastModifiedDate":"2026-02-06T01:22:32","isFullCredit":false},{"lineNumber":14,"author":{"gitId":"Daniel-czj"},"content":"        return \"[E]\" + super.toString() +","lastModifiedDate":"2026-02-06T01:22:32","isFullCredit":false},{"lineNumber":15,"author":{"gitId":"Daniel-czj"},"content":"                \" (from: \" + from + \" to: \" + to + \")\";","lastModifiedDate":"2026-02-06T01:22:32","isFullCredit":false},{"lineNumber":16,"author":{"gitId":"Daniel-czj"},"content":"    }","lastModifiedDate":"2026-02-06T01:22:32","isFullCredit":false},{"lineNumber":17,"author":{"gitId":"Daniel-czj"},"content":"}","lastModifiedDate":"2026-02-06T01:22:32","isFullCredit":false}],"authorContributionMap":{"Daniel-czj":17}},{"path":"src/main/java/Jeff.java","fileType":"java","lines":[{"lineNumber":1,"author":{"gitId":"Daniel-czj"},"content":"import java.util.Scanner;","lastModifiedDate":"2026-01-30T13:55:42","isFullCredit":false},{"lineNumber":2,"author":{"gitId":"Daniel-czj"},"content":"","lastModifiedDate":"2026-01-30T13:55:42","isFullCredit":false},{"lineNumber":3,"author":{"gitId":"Daniel-czj"},"content":"public class Jeff {","lastModifiedDate":"2026-01-30T11:38:29","isFullCredit":false},{"lineNumber":4,"author":{"gitId":"Daniel-czj"},"content":"    public static void main(String[] args) {","lastModifiedDate":"2026-01-30T11:38:29","isFullCredit":false},{"lineNumber":5,"author":{"gitId":"Daniel-czj"},"content":"        String logo \u003d \" (_)     / _|/ _|  \\n\"","lastModifiedDate":"2026-02-06T01:22:32","isFullCredit":false},{"lineNumber":6,"author":{"gitId":"Daniel-czj"},"content":"                + \"  _  ___| |_| |_  \\n\"","lastModifiedDate":"2026-01-30T11:38:29","isFullCredit":false},{"lineNumber":7,"author":{"gitId":"Daniel-czj"},"content":"                + \" | |/ _ \\\\  _|  _| \\n\"","lastModifiedDate":"2026-01-30T11:38:29","isFullCredit":false},{"lineNumber":8,"author":{"gitId":"Daniel-czj"},"content":"                + \" | |  __/ | | |  \\n\"","lastModifiedDate":"2026-01-30T11:38:29","isFullCredit":false},{"lineNumber":9,"author":{"gitId":"Daniel-czj"},"content":"                + \" | |\\\\___|_| |_|   \\n\"","lastModifiedDate":"2026-01-30T11:38:29","isFullCredit":false},{"lineNumber":10,"author":{"gitId":"Daniel-czj"},"content":"                + \"_/ |             \\n\"","lastModifiedDate":"2026-01-30T11:38:29","isFullCredit":false},{"lineNumber":11,"author":{"gitId":"Daniel-czj"},"content":"                + \"|__/         \\n\";","lastModifiedDate":"2026-01-30T11:38:29","isFullCredit":false},{"lineNumber":12,"author":{"gitId":"Daniel-czj"},"content":"        System.out.println(\"Hello from\\n\" + logo);","lastModifiedDate":"2026-02-06T01:22:32","isFullCredit":false},{"lineNumber":13,"author":{"gitId":"Daniel-czj"},"content":"        run();","lastModifiedDate":"2026-02-06T01:22:32","isFullCredit":false},{"lineNumber":14,"author":{"gitId":"Daniel-czj"},"content":"    }","lastModifiedDate":"2026-01-30T13:55:42","isFullCredit":false},{"lineNumber":15,"author":{"gitId":"Daniel-czj"},"content":"","lastModifiedDate":"2026-02-06T01:22:32","isFullCredit":false},{"lineNumber":16,"author":{"gitId":"Daniel-czj"},"content":"    private static void printLine() {","lastModifiedDate":"2026-02-13T01:54:05","isFullCredit":false},{"lineNumber":17,"author":{"gitId":"Daniel-czj"},"content":"        System.out.println(\"______________________________________________\");","lastModifiedDate":"2026-02-13T01:54:05","isFullCredit":false},{"lineNumber":18,"author":{"gitId":"Daniel-czj"},"content":"    }","lastModifiedDate":"2026-02-13T01:54:05","isFullCredit":false},{"lineNumber":19,"author":{"gitId":"Daniel-czj"},"content":"","lastModifiedDate":"2026-02-13T01:54:05","isFullCredit":false},{"lineNumber":20,"author":{"gitId":"Daniel-czj"},"content":"    public static void run() {","lastModifiedDate":"2026-02-06T01:22:32","isFullCredit":false},{"lineNumber":21,"author":{"gitId":"Daniel-czj"},"content":"        Task[] tasks \u003d new Task[100];","lastModifiedDate":"2026-02-06T01:22:32","isFullCredit":false},{"lineNumber":22,"author":{"gitId":"Daniel-czj"},"content":"        int countOfTasks \u003d 0;","lastModifiedDate":"2026-02-13T01:54:05","isFullCredit":false},{"lineNumber":23,"author":{"gitId":"Daniel-czj"},"content":"","lastModifiedDate":"2026-02-13T01:54:05","isFullCredit":false},{"lineNumber":24,"author":{"gitId":"Daniel-czj"},"content":"        Scanner in \u003d new Scanner(System.in);","lastModifiedDate":"2026-01-30T13:55:42","isFullCredit":false},{"lineNumber":25,"author":{"gitId":"Daniel-czj"},"content":"","lastModifiedDate":"2026-02-13T01:54:05","isFullCredit":false},{"lineNumber":26,"author":{"gitId":"Daniel-czj"},"content":"        while (true) {","lastModifiedDate":"2026-01-30T13:55:42","isFullCredit":false},{"lineNumber":27,"author":{"gitId":"Daniel-czj"},"content":"            try {","lastModifiedDate":"2026-02-13T01:54:05","isFullCredit":false},{"lineNumber":28,"author":{"gitId":"Daniel-czj"},"content":"                String line \u003d in.nextLine();","lastModifiedDate":"2026-02-13T01:54:05","isFullCredit":false},{"lineNumber":29,"author":{"gitId":"Daniel-czj"},"content":"                String trimmed \u003d line.trim();","lastModifiedDate":"2026-02-13T01:54:05","isFullCredit":false},{"lineNumber":30,"author":{"gitId":"Daniel-czj"},"content":"                printLine();","lastModifiedDate":"2026-02-13T01:54:05","isFullCredit":false},{"lineNumber":31,"author":{"gitId":"Daniel-czj"},"content":"                if (trimmed.equals(\"bye\")) {","lastModifiedDate":"2026-02-13T01:54:05","isFullCredit":false},{"lineNumber":32,"author":{"gitId":"Daniel-czj"},"content":"                    System.out.println(\" Bye. Hope to see you again soon!\");","lastModifiedDate":"2026-01-30T13:55:42","isFullCredit":false},{"lineNumber":33,"author":{"gitId":"Daniel-czj"},"content":"                    break;","lastModifiedDate":"2026-01-30T13:55:42","isFullCredit":false},{"lineNumber":34,"author":{"gitId":"Daniel-czj"},"content":"                } else if (line.contains(\"mark\")) {","lastModifiedDate":"2026-02-06T01:22:32","isFullCredit":false},{"lineNumber":35,"author":{"gitId":"Daniel-czj"},"content":"                    if (line.contains(\"unmark\")) {","lastModifiedDate":"2026-01-30T13:55:42","isFullCredit":false},{"lineNumber":36,"author":{"gitId":"Daniel-czj"},"content":"                        System.out.println(\"OK, I\u0027ve marked this task as not done yet:\");","lastModifiedDate":"2026-01-30T13:55:42","isFullCredit":false},{"lineNumber":37,"author":{"gitId":"Daniel-czj"},"content":"                        for (int i \u003d 0; i \u003c countOfTasks; i++) {","lastModifiedDate":"2026-02-13T01:54:05","isFullCredit":false},{"lineNumber":38,"author":{"gitId":"Daniel-czj"},"content":"                            if (line.equals(\"unmark \" + tasks[i].getTask())) {","lastModifiedDate":"2026-01-30T13:55:42","isFullCredit":false},{"lineNumber":39,"author":{"gitId":"Daniel-czj"},"content":"                                tasks[i].setStatus(false);","lastModifiedDate":"2026-01-30T13:55:42","isFullCredit":false},{"lineNumber":40,"author":{"gitId":"Daniel-czj"},"content":"                            }","lastModifiedDate":"2026-01-30T13:55:42","isFullCredit":false},{"lineNumber":41,"author":{"gitId":"Daniel-czj"},"content":"                        }","lastModifiedDate":"2026-01-30T13:55:42","isFullCredit":false},{"lineNumber":42,"author":{"gitId":"Daniel-czj"},"content":"                    } else {","lastModifiedDate":"2026-02-06T01:22:32","isFullCredit":false},{"lineNumber":43,"author":{"gitId":"Daniel-czj"},"content":"                        System.out.println(\"Nice! I\u0027ve marked this task as done:\");","lastModifiedDate":"2026-01-30T13:55:42","isFullCredit":false},{"lineNumber":44,"author":{"gitId":"Daniel-czj"},"content":"                        for (int i \u003d 0; i \u003c countOfTasks; i++) {","lastModifiedDate":"2026-02-13T01:54:05","isFullCredit":false},{"lineNumber":45,"author":{"gitId":"Daniel-czj"},"content":"                            if (line.equals(\"mark \" + tasks[i].getTask())) {","lastModifiedDate":"2026-01-30T13:55:42","isFullCredit":false},{"lineNumber":46,"author":{"gitId":"Daniel-czj"},"content":"                                tasks[i].setStatus(true);","lastModifiedDate":"2026-01-30T13:55:42","isFullCredit":false},{"lineNumber":47,"author":{"gitId":"Daniel-czj"},"content":"                            }","lastModifiedDate":"2026-01-30T13:55:42","isFullCredit":false},{"lineNumber":48,"author":{"gitId":"Daniel-czj"},"content":"                        }","lastModifiedDate":"2026-01-30T13:55:42","isFullCredit":false},{"lineNumber":49,"author":{"gitId":"Daniel-czj"},"content":"                    }","lastModifiedDate":"2026-01-30T13:55:42","isFullCredit":false},{"lineNumber":50,"author":{"gitId":"Daniel-czj"},"content":"                } else if (trimmed.equals(\"list\")) {","lastModifiedDate":"2026-02-13T01:54:05","isFullCredit":false},{"lineNumber":51,"author":{"gitId":"Daniel-czj"},"content":"                    System.out.println(\"Here are the tasks in your list:\");","lastModifiedDate":"2026-01-30T13:55:42","isFullCredit":false},{"lineNumber":52,"author":{"gitId":"Daniel-czj"},"content":"                    for (int i \u003d 0; i \u003c countOfTasks; i++) {","lastModifiedDate":"2026-02-13T01:54:05","isFullCredit":false},{"lineNumber":53,"author":{"gitId":"Daniel-czj"},"content":"                        System.out.println((i + 1) + \". \" + tasks[i]);","lastModifiedDate":"2026-02-06T01:22:32","isFullCredit":false},{"lineNumber":54,"author":{"gitId":"Daniel-czj"},"content":"                    }","lastModifiedDate":"2026-02-06T01:22:32","isFullCredit":false},{"lineNumber":55,"author":{"gitId":"Daniel-czj"},"content":"                } else if (trimmed.startsWith(\"todo\")) {","lastModifiedDate":"2026-02-13T01:54:05","isFullCredit":false},{"lineNumber":56,"author":{"gitId":"Daniel-czj"},"content":"                    String desc \u003d \"\";","lastModifiedDate":"2026-02-13T01:54:05","isFullCredit":false},{"lineNumber":57,"author":{"gitId":"Daniel-czj"},"content":"                    if (trimmed.length() \u003e 4) {","lastModifiedDate":"2026-02-13T01:54:05","isFullCredit":false},{"lineNumber":58,"author":{"gitId":"Daniel-czj"},"content":"                        desc \u003d trimmed.substring(4).trim();","lastModifiedDate":"2026-02-13T01:54:05","isFullCredit":false},{"lineNumber":59,"author":{"gitId":"Daniel-czj"},"content":"                    }","lastModifiedDate":"2026-02-13T01:54:05","isFullCredit":false},{"lineNumber":60,"author":{"gitId":"Daniel-czj"},"content":"                    if (desc.isEmpty()) {","lastModifiedDate":"2026-02-13T01:54:05","isFullCredit":false},{"lineNumber":61,"author":{"gitId":"Daniel-czj"},"content":"                        throw new JeffException(\"OOPS!!! The description of a todo cannot be empty.\");","lastModifiedDate":"2026-02-13T01:54:05","isFullCredit":false},{"lineNumber":62,"author":{"gitId":"Daniel-czj"},"content":"                    }","lastModifiedDate":"2026-02-13T01:54:05","isFullCredit":false},{"lineNumber":63,"author":{"gitId":"Daniel-czj"},"content":"","lastModifiedDate":"2026-02-06T01:22:32","isFullCredit":false},{"lineNumber":64,"author":{"gitId":"Daniel-czj"},"content":"                    if (countOfTasks \u003e\u003d tasks.length) {","lastModifiedDate":"2026-02-13T01:54:05","isFullCredit":false},{"lineNumber":65,"author":{"gitId":"Daniel-czj"},"content":"                        throw new JeffException(\"OOPS!!! Task list is full.\");","lastModifiedDate":"2026-02-13T01:54:05","isFullCredit":false},{"lineNumber":66,"author":{"gitId":"Daniel-czj"},"content":"                    }","lastModifiedDate":"2026-02-13T01:54:05","isFullCredit":false},{"lineNumber":67,"author":{"gitId":"Daniel-czj"},"content":"                    Task t \u003d new Todo(desc);","lastModifiedDate":"2026-02-13T01:54:05","isFullCredit":false},{"lineNumber":68,"author":{"gitId":"Daniel-czj"},"content":"                    tasks[countOfTasks++] \u003d t;","lastModifiedDate":"2026-02-13T01:54:05","isFullCredit":false},{"lineNumber":69,"author":{"gitId":"Daniel-czj"},"content":"","lastModifiedDate":"2026-02-06T01:22:32","isFullCredit":false},{"lineNumber":70,"author":{"gitId":"Daniel-czj"},"content":"                    System.out.println(\"Got it. I\u0027ve added this task:\");","lastModifiedDate":"2026-02-06T01:22:32","isFullCredit":false},{"lineNumber":71,"author":{"gitId":"Daniel-czj"},"content":"                    System.out.println(\"  \" + t);","lastModifiedDate":"2026-02-13T01:54:05","isFullCredit":false},{"lineNumber":72,"author":{"gitId":"Daniel-czj"},"content":"                    System.out.println(\"Now you have \" + countOfTasks + \" tasks in the list\");","lastModifiedDate":"2026-02-13T01:54:05","isFullCredit":false},{"lineNumber":73,"author":{"gitId":"Daniel-czj"},"content":"                    printLine();","lastModifiedDate":"2026-02-13T01:54:05","isFullCredit":false},{"lineNumber":74,"author":{"gitId":"Daniel-czj"},"content":"                    continue;","lastModifiedDate":"2026-02-13T01:54:05","isFullCredit":false},{"lineNumber":75,"author":{"gitId":"Daniel-czj"},"content":"                } else if (trimmed.startsWith(\"deadline \")) {","lastModifiedDate":"2026-02-13T01:54:05","isFullCredit":false},{"lineNumber":76,"author":{"gitId":"Daniel-czj"},"content":"","lastModifiedDate":"2026-02-06T01:22:32","isFullCredit":false},{"lineNumber":77,"author":{"gitId":"Daniel-czj"},"content":"                    String rest \u003d line.substring(9);","lastModifiedDate":"2026-02-06T01:22:32","isFullCredit":false},{"lineNumber":78,"author":{"gitId":"Daniel-czj"},"content":"                    String[] parts \u003d rest.split(\" /by \");","lastModifiedDate":"2026-02-06T01:22:32","isFullCredit":false},{"lineNumber":79,"author":{"gitId":"Daniel-czj"},"content":"","lastModifiedDate":"2026-02-06T01:22:32","isFullCredit":false},{"lineNumber":80,"author":{"gitId":"Daniel-czj"},"content":"                    String task \u003d parts[0];","lastModifiedDate":"2026-02-06T01:22:32","isFullCredit":false},{"lineNumber":81,"author":{"gitId":"Daniel-czj"},"content":"                    String by \u003d parts[1];","lastModifiedDate":"2026-02-06T01:22:32","isFullCredit":false},{"lineNumber":82,"author":{"gitId":"Daniel-czj"},"content":"","lastModifiedDate":"2026-02-06T01:22:32","isFullCredit":false},{"lineNumber":83,"author":{"gitId":"Daniel-czj"},"content":"                    Deadline newTask \u003d new Deadline(task, by);","lastModifiedDate":"2026-02-06T01:22:32","isFullCredit":false},{"lineNumber":84,"author":{"gitId":"Daniel-czj"},"content":"                    tasks[countOfTasks] \u003d newTask;","lastModifiedDate":"2026-02-13T01:54:05","isFullCredit":false},{"lineNumber":85,"author":{"gitId":"Daniel-czj"},"content":"                    countOfTasks++;","lastModifiedDate":"2026-02-13T01:54:05","isFullCredit":false},{"lineNumber":86,"author":{"gitId":"Daniel-czj"},"content":"","lastModifiedDate":"2026-02-06T01:22:32","isFullCredit":false},{"lineNumber":87,"author":{"gitId":"Daniel-czj"},"content":"                    System.out.println(\"Got it. I\u0027ve added this task:\");","lastModifiedDate":"2026-02-06T01:22:32","isFullCredit":false},{"lineNumber":88,"author":{"gitId":"Daniel-czj"},"content":"                    System.out.println(\"  \" + newTask);","lastModifiedDate":"2026-02-06T01:22:32","isFullCredit":false},{"lineNumber":89,"author":{"gitId":"Daniel-czj"},"content":"                } else if (trimmed","lastModifiedDate":"2026-02-13T01:54:05","isFullCredit":false},{"lineNumber":90,"author":{"gitId":"Daniel-czj"},"content":"                        .startsWith(\"event \")) {","lastModifiedDate":"2026-02-13T01:54:05","isFullCredit":false},{"lineNumber":91,"author":{"gitId":"Daniel-czj"},"content":"","lastModifiedDate":"2026-02-06T01:22:32","isFullCredit":false},{"lineNumber":92,"author":{"gitId":"Daniel-czj"},"content":"                    String rest \u003d line.substring(6);","lastModifiedDate":"2026-02-06T01:22:32","isFullCredit":false},{"lineNumber":93,"author":{"gitId":"Daniel-czj"},"content":"","lastModifiedDate":"2026-02-06T01:22:32","isFullCredit":false},{"lineNumber":94,"author":{"gitId":"Daniel-czj"},"content":"                    String[] parts1 \u003d rest.split(\" /from \");","lastModifiedDate":"2026-02-06T01:22:32","isFullCredit":false},{"lineNumber":95,"author":{"gitId":"Daniel-czj"},"content":"                    String task \u003d parts1[0];","lastModifiedDate":"2026-02-06T01:22:32","isFullCredit":false},{"lineNumber":96,"author":{"gitId":"Daniel-czj"},"content":"","lastModifiedDate":"2026-02-06T01:22:32","isFullCredit":false},{"lineNumber":97,"author":{"gitId":"Daniel-czj"},"content":"                    String[] parts2 \u003d parts1[1].split(\" /to \");","lastModifiedDate":"2026-02-06T01:22:32","isFullCredit":false},{"lineNumber":98,"author":{"gitId":"Daniel-czj"},"content":"","lastModifiedDate":"2026-02-06T01:22:32","isFullCredit":false},{"lineNumber":99,"author":{"gitId":"Daniel-czj"},"content":"                    String from \u003d parts2[0];","lastModifiedDate":"2026-02-06T01:22:32","isFullCredit":false},{"lineNumber":100,"author":{"gitId":"Daniel-czj"},"content":"                    String to \u003d parts2[1];","lastModifiedDate":"2026-02-06T01:22:32","isFullCredit":false},{"lineNumber":101,"author":{"gitId":"Daniel-czj"},"content":"","lastModifiedDate":"2026-02-06T01:22:32","isFullCredit":false},{"lineNumber":102,"author":{"gitId":"Daniel-czj"},"content":"                    Event newTask \u003d new Event(task, from, to);","lastModifiedDate":"2026-02-06T01:22:32","isFullCredit":false},{"lineNumber":103,"author":{"gitId":"Daniel-czj"},"content":"                    tasks[countOfTasks] \u003d newTask;","lastModifiedDate":"2026-02-13T01:54:05","isFullCredit":false},{"lineNumber":104,"author":{"gitId":"Daniel-czj"},"content":"                    countOfTasks++;","lastModifiedDate":"2026-02-13T01:54:05","isFullCredit":false},{"lineNumber":105,"author":{"gitId":"Daniel-czj"},"content":"","lastModifiedDate":"2026-02-06T01:22:32","isFullCredit":false},{"lineNumber":106,"author":{"gitId":"Daniel-czj"},"content":"                    System.out.println(\"Got it. I\u0027ve added this task:\");","lastModifiedDate":"2026-02-06T01:22:32","isFullCredit":false},{"lineNumber":107,"author":{"gitId":"Daniel-czj"},"content":"                    System.out.println(\"  \" + newTask);","lastModifiedDate":"2026-02-06T01:22:32","isFullCredit":false},{"lineNumber":108,"author":{"gitId":"Daniel-czj"},"content":"                } else {","lastModifiedDate":"2026-02-13T01:54:05","isFullCredit":false},{"lineNumber":109,"author":{"gitId":"Daniel-czj"},"content":"                    throw new JeffException(\"OOPS!!! I\u0027m sorry, but I don\u0027t know what that means :-(\");","lastModifiedDate":"2026-02-13T01:54:05","isFullCredit":false},{"lineNumber":110,"author":{"gitId":"Daniel-czj"},"content":"                }","lastModifiedDate":"2026-01-30T13:55:42","isFullCredit":false},{"lineNumber":111,"author":{"gitId":"Daniel-czj"},"content":"","lastModifiedDate":"2026-02-06T01:22:32","isFullCredit":false},{"lineNumber":112,"author":{"gitId":"Daniel-czj"},"content":"                System.out.println(\"Now you have \" + countOfTasks + \" tasks in the list\");","lastModifiedDate":"2026-02-13T01:54:05","isFullCredit":false},{"lineNumber":113,"author":{"gitId":"Daniel-czj"},"content":"                printLine();","lastModifiedDate":"2026-02-13T01:54:05","isFullCredit":false},{"lineNumber":114,"author":{"gitId":"Daniel-czj"},"content":"","lastModifiedDate":"2026-02-13T01:54:05","isFullCredit":false},{"lineNumber":115,"author":{"gitId":"Daniel-czj"},"content":"            } catch (JeffException e) {","lastModifiedDate":"2026-02-13T01:54:05","isFullCredit":false},{"lineNumber":116,"author":{"gitId":"Daniel-czj"},"content":"                System.out.println(\" \" + e.getMessage());","lastModifiedDate":"2026-02-13T01:54:05","isFullCredit":false},{"lineNumber":117,"author":{"gitId":"Daniel-czj"},"content":"                printLine();","lastModifiedDate":"2026-02-13T01:54:05","isFullCredit":false},{"lineNumber":118,"author":{"gitId":"Daniel-czj"},"content":"            }","lastModifiedDate":"2026-01-30T13:55:42","isFullCredit":false},{"lineNumber":119,"author":{"gitId":"Daniel-czj"},"content":"        }","lastModifiedDate":"2026-01-30T13:55:42","isFullCredit":false},{"lineNumber":120,"author":{"gitId":"Daniel-czj"},"content":"    }","lastModifiedDate":"2026-01-30T11:38:29","isFullCredit":false},{"lineNumber":121,"author":{"gitId":"Daniel-czj"},"content":"","lastModifiedDate":"2026-02-13T01:54:05","isFullCredit":false},{"lineNumber":122,"author":{"gitId":"Daniel-czj"},"content":"}","lastModifiedDate":"2026-01-30T11:38:29","isFullCredit":false}],"authorContributionMap":{"Daniel-czj":122}},{"path":"src/main/java/JeffException.java","fileType":"java","lines":[{"lineNumber":1,"author":{"gitId":"Daniel-czj"},"content":"public class JeffException extends Exception {","lastModifiedDate":"2026-02-13T01:54:05","isFullCredit":false},{"lineNumber":2,"author":{"gitId":"Daniel-czj"},"content":"    public JeffException(String message) {","lastModifiedDate":"2026-02-13T01:54:05","isFullCredit":false},{"lineNumber":3,"author":{"gitId":"Daniel-czj"},"content":"        super(message);","lastModifiedDate":"2026-02-13T01:54:05","isFullCredit":false},{"lineNumber":4,"author":{"gitId":"Daniel-czj"},"content":"    }","lastModifiedDate":"2026-02-13T01:54:05","isFullCredit":false},{"lineNumber":5,"author":{"gitId":"Daniel-czj"},"content":"}","lastModifiedDate":"2026-02-13T01:54:05","isFullCredit":false}],"authorContributionMap":{"Daniel-czj":5}},{"path":"src/main/java/Task.java","fileType":"java","lines":[{"lineNumber":1,"author":{"gitId":"Daniel-czj"},"content":"public class Task {","lastModifiedDate":"2026-02-06T01:22:32","isFullCredit":false},{"lineNumber":2,"author":{"gitId":"Daniel-czj"},"content":"    protected String description;","lastModifiedDate":"2026-02-06T01:22:32","isFullCredit":false},{"lineNumber":3,"author":{"gitId":"Daniel-czj"},"content":"    protected boolean isDone;","lastModifiedDate":"2026-02-06T01:22:32","isFullCredit":false},{"lineNumber":4,"author":{"gitId":"Daniel-czj"},"content":"","lastModifiedDate":"2026-02-06T01:22:32","isFullCredit":false},{"lineNumber":5,"author":{"gitId":"Daniel-czj"},"content":"    public Task(String description, boolean isDone) {","lastModifiedDate":"2026-02-06T01:22:32","isFullCredit":false},{"lineNumber":6,"author":{"gitId":"Daniel-czj"},"content":"        setTask(description);","lastModifiedDate":"2026-02-06T01:22:32","isFullCredit":false},{"lineNumber":7,"author":{"gitId":"Daniel-czj"},"content":"        setStatus(isDone);","lastModifiedDate":"2026-02-06T01:22:32","isFullCredit":false},{"lineNumber":8,"author":{"gitId":"Daniel-czj"},"content":"    }","lastModifiedDate":"2026-02-06T01:22:32","isFullCredit":false},{"lineNumber":9,"author":{"gitId":"Daniel-czj"},"content":"    public Task(){","lastModifiedDate":"2026-02-06T01:22:32","isFullCredit":false},{"lineNumber":10,"author":{"gitId":"Daniel-czj"},"content":"        this(null, false);","lastModifiedDate":"2026-02-06T01:22:32","isFullCredit":false},{"lineNumber":11,"author":{"gitId":"Daniel-czj"},"content":"    }","lastModifiedDate":"2026-02-06T01:22:32","isFullCredit":false},{"lineNumber":12,"author":{"gitId":"Daniel-czj"},"content":"    public void setStatus(boolean status) {","lastModifiedDate":"2026-02-06T01:22:32","isFullCredit":false},{"lineNumber":13,"author":{"gitId":"Daniel-czj"},"content":"        this.isDone \u003d status;","lastModifiedDate":"2026-02-06T01:22:32","isFullCredit":false},{"lineNumber":14,"author":{"gitId":"Daniel-czj"},"content":"    }","lastModifiedDate":"2026-02-06T01:22:32","isFullCredit":false},{"lineNumber":15,"author":{"gitId":"Daniel-czj"},"content":"    public void setTask(String description) {","lastModifiedDate":"2026-02-06T01:22:32","isFullCredit":false},{"lineNumber":16,"author":{"gitId":"Daniel-czj"},"content":"        this.description \u003d description;","lastModifiedDate":"2026-02-06T01:22:32","isFullCredit":false},{"lineNumber":17,"author":{"gitId":"Daniel-czj"},"content":"    } ","lastModifiedDate":"2026-02-06T01:22:32","isFullCredit":false},{"lineNumber":18,"author":{"gitId":"Daniel-czj"},"content":"    public boolean getStatus(){","lastModifiedDate":"2026-02-06T01:22:32","isFullCredit":false},{"lineNumber":19,"author":{"gitId":"Daniel-czj"},"content":"        return isDone;","lastModifiedDate":"2026-02-06T01:22:32","isFullCredit":false},{"lineNumber":20,"author":{"gitId":"Daniel-czj"},"content":"    }","lastModifiedDate":"2026-02-06T01:22:32","isFullCredit":false},{"lineNumber":21,"author":{"gitId":"Daniel-czj"},"content":"    public String getTask(){","lastModifiedDate":"2026-02-06T01:22:32","isFullCredit":false},{"lineNumber":22,"author":{"gitId":"Daniel-czj"},"content":"        return description;","lastModifiedDate":"2026-02-06T01:22:32","isFullCredit":false},{"lineNumber":23,"author":{"gitId":"Daniel-czj"},"content":"    }","lastModifiedDate":"2026-02-06T01:22:32","isFullCredit":false},{"lineNumber":24,"author":{"gitId":"Daniel-czj"},"content":"    public String getStatusIcon() {","lastModifiedDate":"2026-02-06T01:22:32","isFullCredit":false},{"lineNumber":25,"author":{"gitId":"Daniel-czj"},"content":"        return isDone ? \"X\" : \" \";","lastModifiedDate":"2026-02-06T01:22:32","isFullCredit":false},{"lineNumber":26,"author":{"gitId":"Daniel-czj"},"content":"    }","lastModifiedDate":"2026-02-06T01:22:32","isFullCredit":false},{"lineNumber":27,"author":{"gitId":"Daniel-czj"},"content":"","lastModifiedDate":"2026-02-06T01:22:32","isFullCredit":false},{"lineNumber":28,"author":{"gitId":"Daniel-czj"},"content":"    @Override","lastModifiedDate":"2026-02-06T01:22:32","isFullCredit":false},{"lineNumber":29,"author":{"gitId":"Daniel-czj"},"content":"    public String toString() {","lastModifiedDate":"2026-02-06T01:22:32","isFullCredit":false},{"lineNumber":30,"author":{"gitId":"Daniel-czj"},"content":"        return \"[\" + getStatusIcon() + \"] \" + description;","lastModifiedDate":"2026-02-06T01:22:32","isFullCredit":false},{"lineNumber":31,"author":{"gitId":"Daniel-czj"},"content":"    }","lastModifiedDate":"2026-02-06T01:22:32","isFullCredit":false},{"lineNumber":32,"author":{"gitId":"Daniel-czj"},"content":"}","lastModifiedDate":"2026-02-06T01:22:32","isFullCredit":false}],"authorContributionMap":{"Daniel-czj":32}},{"path":"src/main/java/Todo.java","fileType":"java","lines":[{"lineNumber":1,"author":{"gitId":"Daniel-czj"},"content":"public class Todo extends Task {","lastModifiedDate":"2026-02-06T01:22:32","isFullCredit":false},{"lineNumber":2,"author":{"gitId":"Daniel-czj"},"content":"","lastModifiedDate":"2026-02-06T01:22:32","isFullCredit":false},{"lineNumber":3,"author":{"gitId":"Daniel-czj"},"content":"    public Todo(String description) {","lastModifiedDate":"2026-02-06T01:22:32","isFullCredit":false},{"lineNumber":4,"author":{"gitId":"Daniel-czj"},"content":"        super(description, false);","lastModifiedDate":"2026-02-06T01:22:32","isFullCredit":false},{"lineNumber":5,"author":{"gitId":"Daniel-czj"},"content":"    }","lastModifiedDate":"2026-02-06T01:22:32","isFullCredit":false},{"lineNumber":6,"author":{"gitId":"Daniel-czj"},"content":"","lastModifiedDate":"2026-02-06T01:22:32","isFullCredit":false},{"lineNumber":7,"author":{"gitId":"Daniel-czj"},"content":"    @Override","lastModifiedDate":"2026-02-06T01:22:32","isFullCredit":false},{"lineNumber":8,"author":{"gitId":"Daniel-czj"},"content":"    public String toString() {","lastModifiedDate":"2026-02-06T01:22:32","isFullCredit":false},{"lineNumber":9,"author":{"gitId":"Daniel-czj"},"content":"        return \"[T]\" + super.toString();","lastModifiedDate":"2026-02-06T01:22:32","isFullCredit":false},{"lineNumber":10,"author":{"gitId":"Daniel-czj"},"content":"    }","lastModifiedDate":"2026-02-06T01:22:32","isFullCredit":false},{"lineNumber":11,"author":{"gitId":"Daniel-czj"},"content":"}","lastModifiedDate":"2026-02-06T01:22:32","isFullCredit":false}],"authorContributionMap":{"Daniel-czj":11}}]
