{"authorDailyContributionsMap":{"Daniel-czj":[{"date":"2026-01-30T00:00:00","commitResults":[{"hash":"aebf7debf586354badee036e61e7f4d712a5206a","isMergeCommit":false,"messageTitle":"Change duke to jeff","messageBody":"","fileTypesAndContributionMap":{"java":{"insertions":13,"deletions":10}}},{"hash":"060160ae0e27e6e831b2106680320d664285b3c4","isMergeCommit":false,"messageTitle":"Level 3: Mark","messageBody":"","fileTypesAndContributionMap":{"java":{"insertions":62,"deletions":2}}}]}]},"authorFileTypeContributionMap":{"Daniel-czj":{"java":73,"md":0,"fxml":0,"sh":0,"bat":0,"gradle":0,"txt":0}},"authorContributionVariance":{"Daniel-czj":328.407},"authorDisplayNameMap":{"Daniel-czj":"CS2113-F09-1 DANI.. JIE"}}
