{"authorDailyContributionsMap":{"AbhijitBalajee":[{"date":"2026-01-29T00:00:00","commitResults":[{"hash":"f0d5f00e1a7eb3853048f2615981fc564582fccd","isMergeCommit":false,"messageTitle":"t","messageBody":"","fileTypesAndContributionMap":{"java":{"insertions":3,"deletions":1}}},{"hash":"fcca3a177642f09f52ffbd0cd466ce0a507c22b7","isMergeCommit":false,"messageTitle":"Level 0 Completed","messageBody":"","tags":["Level-0"],"fileTypesAndContributionMap":{"java":{"insertions":16,"deletions":7}}},{"hash":"481278fccfd0eb11e1b55be53adcf8ad16cb5c7d","isMergeCommit":false,"messageTitle":"Level 1 Completed","messageBody":"","tags":["Level-1"],"fileTypesAndContributionMap":{"java":{"insertions":24,"deletions":11}}},{"hash":"5842e43b25418ef5d3b64fe60ccbfde53815e4ff","isMergeCommit":false,"messageTitle":"Level 2 Completed","messageBody":"","tags":["Level-2"],"fileTypesAndContributionMap":{"java":{"insertions":17,"deletions":2}}},{"hash":"5fc2b3360d97da042e698d79258b0ce41c584969","isMergeCommit":false,"messageTitle":"Level 3 Completed","messageBody":"","tags":["Level-3"],"fileTypesAndContributionMap":{"java":{"insertions":61,"deletions":13}}}]},{"date":"2026-02-04T00:00:00","commitResults":[{"hash":"5890b7c29e8e27f9db3ddd77d56fdf01d57386af","isMergeCommit":false,"messageTitle":"Implement three task types: Todo, Deadline, and Event","messageBody":"","tags":["Level-4"],"fileTypesAndContributionMap":{"java":{"insertions":68,"deletions":3}}},{"hash":"586d3ec9f41948800ad55f656daaba93dbab041d","isMergeCommit":false,"messageTitle":"Refactor task storage into TaskList class","messageBody":"","fileTypesAndContributionMap":{"java":{"insertions":52,"deletions":20}}},{"hash":"867e5fb49cd805eb81e891aec47c41eaafaf630b","isMergeCommit":false,"messageTitle":"Refactor: improve code quality based on A-CodeQuality principles","messageBody":"","tags":["A-CodingStandard","A-CodeQuality"],"fileTypesAndContributionMap":{"java":{"insertions":200,"deletions":86}}}]},{"date":"2026-02-13T00:00:00","commitResults":[{"hash":"f94c9be93d415bf23966788cc49e07f476825e64","isMergeCommit":false,"messageTitle":"Add AbsException class for error handling and Add comprehensive error handling to all commands","messageBody":"","tags":["Level-5","A-Exceptions"],"fileTypesAndContributionMap":{"java":{"insertions":115,"deletions":25}}}]}]},"authorFileTypeContributionMap":{"AbhijitBalajee":{"java":395,"md":0,"fxml":0,"sh":0,"bat":0,"gradle":0,"txt":0}},"authorContributionVariance":{"AbhijitBalajee":5919.5977},"authorDisplayNameMap":{"AbhijitBalajee":"CS2113-T11-1 ABHI..AJEE"}}
