[{"path":"src/main/java/Deadline.java","fileType":"java","lines":[{"lineNumber":1,"author":{"gitId":"leegoang"},"content":"public class Deadline extends Task {","lastModifiedDate":"2026-02-05T02:13:43","isFullCredit":false},{"lineNumber":2,"author":{"gitId":"leegoang"},"content":"","lastModifiedDate":"2026-02-05T02:13:43","isFullCredit":false},{"lineNumber":3,"author":{"gitId":"leegoang"},"content":"    protected String by;","lastModifiedDate":"2026-02-05T02:13:43","isFullCredit":false},{"lineNumber":4,"author":{"gitId":"leegoang"},"content":"","lastModifiedDate":"2026-02-05T02:13:43","isFullCredit":false},{"lineNumber":5,"author":{"gitId":"leegoang"},"content":"    public Deadline(String description, String by) {","lastModifiedDate":"2026-02-05T02:13:43","isFullCredit":false},{"lineNumber":6,"author":{"gitId":"leegoang"},"content":"        super(description);","lastModifiedDate":"2026-02-05T02:13:43","isFullCredit":false},{"lineNumber":7,"author":{"gitId":"leegoang"},"content":"        this.by \u003d by;","lastModifiedDate":"2026-02-05T02:13:43","isFullCredit":false},{"lineNumber":8,"author":{"gitId":"leegoang"},"content":"    }","lastModifiedDate":"2026-02-05T02:13:43","isFullCredit":false},{"lineNumber":9,"author":{"gitId":"leegoang"},"content":"","lastModifiedDate":"2026-02-05T02:13:43","isFullCredit":false},{"lineNumber":10,"author":{"gitId":"leegoang"},"content":"    @Override","lastModifiedDate":"2026-02-05T02:13:43","isFullCredit":false},{"lineNumber":11,"author":{"gitId":"leegoang"},"content":"    public String toString() {","lastModifiedDate":"2026-02-05T02:13:43","isFullCredit":false},{"lineNumber":12,"author":{"gitId":"leegoang"},"content":"        return \"[D]\" + super.toString() + \" (by: \" + this.by + \")\";","lastModifiedDate":"2026-02-05T02:13:43","isFullCredit":false},{"lineNumber":13,"author":{"gitId":"leegoang"},"content":"    }","lastModifiedDate":"2026-02-05T02:13:43","isFullCredit":false},{"lineNumber":14,"author":{"gitId":"leegoang"},"content":"}","lastModifiedDate":"2026-02-05T02:13:43","isFullCredit":false}],"authorContributionMap":{"leegoang":14}},{"path":"src/main/java/Event.java","fileType":"java","lines":[{"lineNumber":1,"author":{"gitId":"leegoang"},"content":"public class Event extends Task {","lastModifiedDate":"2026-02-05T02:13:43","isFullCredit":false},{"lineNumber":2,"author":{"gitId":"leegoang"},"content":"","lastModifiedDate":"2026-02-05T02:13:43","isFullCredit":false},{"lineNumber":3,"author":{"gitId":"leegoang"},"content":"    protected String from;","lastModifiedDate":"2026-02-05T02:13:43","isFullCredit":false},{"lineNumber":4,"author":{"gitId":"leegoang"},"content":"    protected String to;","lastModifiedDate":"2026-02-05T02:13:43","isFullCredit":false},{"lineNumber":5,"author":{"gitId":"leegoang"},"content":"","lastModifiedDate":"2026-02-05T02:13:43","isFullCredit":false},{"lineNumber":6,"author":{"gitId":"leegoang"},"content":"    public Event(String description, String from, String to) {","lastModifiedDate":"2026-02-05T02:13:43","isFullCredit":false},{"lineNumber":7,"author":{"gitId":"leegoang"},"content":"        super(description);","lastModifiedDate":"2026-02-05T02:13:43","isFullCredit":false},{"lineNumber":8,"author":{"gitId":"leegoang"},"content":"        this.from \u003d from;","lastModifiedDate":"2026-02-05T02:13:43","isFullCredit":false},{"lineNumber":9,"author":{"gitId":"leegoang"},"content":"        this.to \u003d to;","lastModifiedDate":"2026-02-05T02:13:43","isFullCredit":false},{"lineNumber":10,"author":{"gitId":"leegoang"},"content":"    }","lastModifiedDate":"2026-02-05T02:13:43","isFullCredit":false},{"lineNumber":11,"author":{"gitId":"leegoang"},"content":"","lastModifiedDate":"2026-02-05T02:13:43","isFullCredit":false},{"lineNumber":12,"author":{"gitId":"leegoang"},"content":"    @Override","lastModifiedDate":"2026-02-05T02:13:43","isFullCredit":false},{"lineNumber":13,"author":{"gitId":"leegoang"},"content":"    public String toString() {","lastModifiedDate":"2026-02-05T02:13:43","isFullCredit":false},{"lineNumber":14,"author":{"gitId":"leegoang"},"content":"        return \"[E]\" + super.toString() + \" (from: \" + this.from + \" to: \" + this.to + \")\";","lastModifiedDate":"2026-02-05T02:13:43","isFullCredit":false},{"lineNumber":15,"author":{"gitId":"leegoang"},"content":"    }","lastModifiedDate":"2026-02-05T02:13:43","isFullCredit":false},{"lineNumber":16,"author":{"gitId":"leegoang"},"content":"}","lastModifiedDate":"2026-02-05T02:13:43","isFullCredit":false}],"authorContributionMap":{"leegoang":16}},{"path":"src/main/java/Lego.java","fileType":"java","lines":[{"lineNumber":1,"author":{"gitId":"leegoang"},"content":"import java.util.Scanner;","lastModifiedDate":"2026-01-31T18:28:27","isFullCredit":false},{"lineNumber":2,"author":{"gitId":"leegoang"},"content":"","lastModifiedDate":"2026-01-31T18:28:27","isFullCredit":false},{"lineNumber":3,"author":{"gitId":"leegoang"},"content":"public class Lego {","lastModifiedDate":"2026-01-29T09:52:16","isFullCredit":false},{"lineNumber":4,"author":{"gitId":"leegoang"},"content":"    public static void main(String[] args) {","lastModifiedDate":"2026-01-29T09:52:16","isFullCredit":false},{"lineNumber":5,"author":{"gitId":"leegoang"},"content":"        String line;","lastModifiedDate":"2026-01-31T18:28:27","isFullCredit":false},{"lineNumber":6,"author":{"gitId":"leegoang"},"content":"        Scanner in \u003d new Scanner(System.in);","lastModifiedDate":"2026-01-31T18:28:27","isFullCredit":false},{"lineNumber":7,"author":{"gitId":"leegoang"},"content":"        Boolean isRunning \u003d true;","lastModifiedDate":"2026-01-31T18:28:27","isFullCredit":false},{"lineNumber":8,"author":{"gitId":"leegoang"},"content":"        Task[] taskList \u003d new Task[100];","lastModifiedDate":"2026-01-31T20:29:38","isFullCredit":false},{"lineNumber":9,"author":{"gitId":"leegoang"},"content":"","lastModifiedDate":"2026-01-31T18:28:27","isFullCredit":false},{"lineNumber":10,"author":{"gitId":"leegoang"},"content":"        String openingText \u003d \" Hello! I\u0027m [Lego]\\n\"","lastModifiedDate":"2026-01-31T18:28:27","isFullCredit":false},{"lineNumber":11,"author":{"gitId":"leegoang"},"content":"                + \" What can I do for you?\\n\"","lastModifiedDate":"2026-01-29T09:52:16","isFullCredit":false},{"lineNumber":12,"author":{"gitId":"leegoang"},"content":"                + \" Ready to go shopping? Because I am! :D\"","lastModifiedDate":"2026-01-31T19:42:36","isFullCredit":false},{"lineNumber":13,"author":{"gitId":"leegoang"},"content":"                + \" Type something and I will record it for you!\";","lastModifiedDate":"2026-01-31T19:42:36","isFullCredit":false},{"lineNumber":14,"author":{"gitId":"leegoang"},"content":"        String closingText \u003d \" Bye. Hope to see you again soon!\";","lastModifiedDate":"2026-01-31T18:28:27","isFullCredit":false},{"lineNumber":15,"author":{"gitId":"leegoang"},"content":"","lastModifiedDate":"2026-01-31T18:28:27","isFullCredit":false},{"lineNumber":16,"author":{"gitId":"leegoang"},"content":"        System.out.println(openingText);","lastModifiedDate":"2026-01-31T18:28:27","isFullCredit":false},{"lineNumber":17,"author":{"gitId":"leegoang"},"content":"        while (isRunning) {","lastModifiedDate":"2026-01-31T18:28:27","isFullCredit":false},{"lineNumber":18,"author":{"gitId":"leegoang"},"content":"            line \u003d in.nextLine();","lastModifiedDate":"2026-01-31T18:28:27","isFullCredit":false},{"lineNumber":19,"author":{"gitId":"leegoang"},"content":"            String[] splitCommand \u003d line.split(\" \");","lastModifiedDate":"2026-01-31T19:42:36","isFullCredit":false},{"lineNumber":20,"author":{"gitId":"leegoang"},"content":"            String command \u003d splitCommand[0];","lastModifiedDate":"2026-01-31T19:42:36","isFullCredit":false},{"lineNumber":21,"author":{"gitId":"leegoang"},"content":"            switch (command) {","lastModifiedDate":"2026-02-05T02:13:43","isFullCredit":false},{"lineNumber":22,"author":{"gitId":"leegoang"},"content":"                case \"bye\":","lastModifiedDate":"2026-02-05T02:13:43","isFullCredit":false},{"lineNumber":23,"author":{"gitId":"leegoang"},"content":"                    isRunning \u003d false;","lastModifiedDate":"2026-01-31T18:28:27","isFullCredit":false},{"lineNumber":24,"author":{"gitId":"leegoang"},"content":"                    System.out.println(closingText);","lastModifiedDate":"2026-01-31T18:28:27","isFullCredit":false},{"lineNumber":25,"author":{"gitId":"leegoang"},"content":"                    break;","lastModifiedDate":"2026-02-05T02:13:43","isFullCredit":false},{"lineNumber":26,"author":{"gitId":"leegoang"},"content":"                case \"list\":","lastModifiedDate":"2026-02-05T02:13:43","isFullCredit":false},{"lineNumber":27,"author":{"gitId":"leegoang"},"content":"                    for (int i \u003d 0; i \u003c Task.getNumOfTasks(); i++) {","lastModifiedDate":"2026-01-31T20:29:38","isFullCredit":false},{"lineNumber":28,"author":{"gitId":"leegoang"},"content":"                        Task currTask \u003d taskList[i];","lastModifiedDate":"2026-01-31T20:29:38","isFullCredit":false},{"lineNumber":29,"author":{"gitId":"leegoang"},"content":"                        System.out.println(\" \" + Integer.toString(currTask.taskNum) + \" \"","lastModifiedDate":"2026-02-05T02:13:43","isFullCredit":false},{"lineNumber":30,"author":{"gitId":"leegoang"},"content":"                                + taskList[i]);","lastModifiedDate":"2026-02-05T02:13:43","isFullCredit":false},{"lineNumber":31,"author":{"gitId":"leegoang"},"content":"                    }","lastModifiedDate":"2026-01-31T18:51:48","isFullCredit":false},{"lineNumber":32,"author":{"gitId":"leegoang"},"content":"                    break;","lastModifiedDate":"2026-02-05T02:13:43","isFullCredit":false},{"lineNumber":33,"author":{"gitId":"leegoang"},"content":"                case \"mark\":","lastModifiedDate":"2026-02-05T02:13:43","isFullCredit":false},{"lineNumber":34,"author":{"gitId":"leegoang"},"content":"                    Task toMarkTask \u003d taskList[Integer.parseInt(splitCommand[1]) - 1];","lastModifiedDate":"2026-02-05T02:13:43","isFullCredit":false},{"lineNumber":35,"author":{"gitId":"leegoang"},"content":"                    toMarkTask.setDone(true);","lastModifiedDate":"2026-02-05T02:13:43","isFullCredit":false},{"lineNumber":36,"author":{"gitId":"leegoang"},"content":"                    System.out.println(\"Nice! I\u0027ve marked this task as done:\");","lastModifiedDate":"2026-01-31T19:42:36","isFullCredit":false},{"lineNumber":37,"author":{"gitId":"leegoang"},"content":"                    System.out.println(toMarkTask);","lastModifiedDate":"2026-02-05T02:13:43","isFullCredit":false},{"lineNumber":38,"author":{"gitId":"leegoang"},"content":"                    break;","lastModifiedDate":"2026-02-05T02:13:43","isFullCredit":false},{"lineNumber":39,"author":{"gitId":"leegoang"},"content":"                case \"unmark\":","lastModifiedDate":"2026-02-05T02:13:43","isFullCredit":false},{"lineNumber":40,"author":{"gitId":"leegoang"},"content":"                    Task task \u003d taskList[Integer.parseInt(splitCommand[1]) - 1];","lastModifiedDate":"2026-01-31T20:29:38","isFullCredit":false},{"lineNumber":41,"author":{"gitId":"leegoang"},"content":"                    task.setDone(false);","lastModifiedDate":"2026-01-31T20:29:38","isFullCredit":false},{"lineNumber":42,"author":{"gitId":"leegoang"},"content":"                    System.out.println(\"OK, I\u0027ve marked this task as not done yet:\");","lastModifiedDate":"2026-01-31T19:42:36","isFullCredit":false},{"lineNumber":43,"author":{"gitId":"leegoang"},"content":"                    System.out.println(task);","lastModifiedDate":"2026-02-05T02:13:43","isFullCredit":false},{"lineNumber":44,"author":{"gitId":"leegoang"},"content":"                    break;","lastModifiedDate":"2026-02-05T02:13:43","isFullCredit":false},{"lineNumber":45,"author":{"gitId":"leegoang"},"content":"                case \"todo\":","lastModifiedDate":"2026-02-05T02:13:43","isFullCredit":false},{"lineNumber":46,"author":{"gitId":"leegoang"},"content":"                    System.out.println(\" Got it. I\u0027ve added this task:\");","lastModifiedDate":"2026-02-05T02:13:43","isFullCredit":false},{"lineNumber":47,"author":{"gitId":"leegoang"},"content":"                    String todoOnly \u003d line.replace(\"todo \", \"\");","lastModifiedDate":"2026-02-05T02:13:43","isFullCredit":false},{"lineNumber":48,"author":{"gitId":"leegoang"},"content":"                    Task newTodo \u003d new Todo(todoOnly);","lastModifiedDate":"2026-02-05T02:13:43","isFullCredit":false},{"lineNumber":49,"author":{"gitId":"leegoang"},"content":"                    taskList[Task.getNumOfTasks() - 1] \u003d newTodo;","lastModifiedDate":"2026-02-05T02:13:43","isFullCredit":false},{"lineNumber":50,"author":{"gitId":"leegoang"},"content":"                    System.out.println(newTodo);","lastModifiedDate":"2026-02-05T02:13:43","isFullCredit":false},{"lineNumber":51,"author":{"gitId":"leegoang"},"content":"                    System.out.println(\" Now you have \" + Task.getNumOfTasks() + \" tasks in the list.\");","lastModifiedDate":"2026-02-05T02:13:43","isFullCredit":false},{"lineNumber":52,"author":{"gitId":"leegoang"},"content":"                    break;","lastModifiedDate":"2026-02-05T02:13:43","isFullCredit":false},{"lineNumber":53,"author":{"gitId":"leegoang"},"content":"                case \"deadline\":","lastModifiedDate":"2026-02-05T02:13:43","isFullCredit":false},{"lineNumber":54,"author":{"gitId":"leegoang"},"content":"                    System.out.println(\" Got it. I\u0027ve added this task:\");","lastModifiedDate":"2026-02-05T02:13:43","isFullCredit":false},{"lineNumber":55,"author":{"gitId":"leegoang"},"content":"                    String[] splitDeadline \u003d line.replace(\"deadline \", \"\").split(\" /\");","lastModifiedDate":"2026-02-05T02:13:43","isFullCredit":false},{"lineNumber":56,"author":{"gitId":"leegoang"},"content":"                    String deadlineOnly \u003d splitDeadline[0];","lastModifiedDate":"2026-02-05T02:13:43","isFullCredit":false},{"lineNumber":57,"author":{"gitId":"leegoang"},"content":"                    String taskDeadline \u003d splitDeadline[1];","lastModifiedDate":"2026-02-05T02:13:43","isFullCredit":false},{"lineNumber":58,"author":{"gitId":"leegoang"},"content":"                    Task newDeadline \u003d new Deadline(deadlineOnly, taskDeadline);","lastModifiedDate":"2026-02-05T02:13:43","isFullCredit":false},{"lineNumber":59,"author":{"gitId":"leegoang"},"content":"                    taskList[Task.getNumOfTasks() - 1] \u003d newDeadline;","lastModifiedDate":"2026-02-05T02:13:43","isFullCredit":false},{"lineNumber":60,"author":{"gitId":"leegoang"},"content":"                    System.out.println(newDeadline);","lastModifiedDate":"2026-02-05T02:13:43","isFullCredit":false},{"lineNumber":61,"author":{"gitId":"leegoang"},"content":"                    System.out.println(\" Now you have \" + Task.getNumOfTasks() + \" tasks in the list.\");","lastModifiedDate":"2026-02-05T02:13:43","isFullCredit":false},{"lineNumber":62,"author":{"gitId":"leegoang"},"content":"                    break;","lastModifiedDate":"2026-02-05T02:13:43","isFullCredit":false},{"lineNumber":63,"author":{"gitId":"leegoang"},"content":"                case \"event\":","lastModifiedDate":"2026-02-05T02:13:43","isFullCredit":false},{"lineNumber":64,"author":{"gitId":"leegoang"},"content":"                    System.out.println(\" Got it. I\u0027ve added this task:\");","lastModifiedDate":"2026-02-05T02:13:43","isFullCredit":false},{"lineNumber":65,"author":{"gitId":"leegoang"},"content":"                    String[] splitEvent \u003d line.replace(\"deadline \", \"\").split(\" /\");","lastModifiedDate":"2026-02-05T02:13:43","isFullCredit":false},{"lineNumber":66,"author":{"gitId":"leegoang"},"content":"                    String eventOnly \u003d splitEvent[0];","lastModifiedDate":"2026-02-05T02:13:43","isFullCredit":false},{"lineNumber":67,"author":{"gitId":"leegoang"},"content":"                    String eventFrom \u003d splitEvent[1];","lastModifiedDate":"2026-02-05T02:13:43","isFullCredit":false},{"lineNumber":68,"author":{"gitId":"leegoang"},"content":"                    String eventTo \u003d splitEvent[2];","lastModifiedDate":"2026-02-05T02:13:43","isFullCredit":false},{"lineNumber":69,"author":{"gitId":"leegoang"},"content":"                    Task newEvent \u003d new Event(eventOnly, eventFrom, eventTo);","lastModifiedDate":"2026-02-05T02:13:43","isFullCredit":false},{"lineNumber":70,"author":{"gitId":"leegoang"},"content":"                    taskList[Task.getNumOfTasks() - 1] \u003d newEvent;","lastModifiedDate":"2026-02-05T02:13:43","isFullCredit":false},{"lineNumber":71,"author":{"gitId":"leegoang"},"content":"                    System.out.println(newEvent);","lastModifiedDate":"2026-02-05T02:13:43","isFullCredit":false},{"lineNumber":72,"author":{"gitId":"leegoang"},"content":"                    System.out.println(\" Now you have \" + Task.getNumOfTasks() + \" tasks in the list.\");","lastModifiedDate":"2026-02-05T02:13:43","isFullCredit":false},{"lineNumber":73,"author":{"gitId":"leegoang"},"content":"                    break;","lastModifiedDate":"2026-02-05T02:13:43","isFullCredit":false},{"lineNumber":74,"author":{"gitId":"leegoang"},"content":"                default:","lastModifiedDate":"2026-02-05T02:13:43","isFullCredit":false},{"lineNumber":75,"author":{"gitId":"leegoang"},"content":"                    System.out.println(\" added: \" + line);","lastModifiedDate":"2026-01-31T18:51:48","isFullCredit":false},{"lineNumber":76,"author":{"gitId":"leegoang"},"content":"                    Task newTask \u003d new Task(line);","lastModifiedDate":"2026-02-05T02:13:43","isFullCredit":false},{"lineNumber":77,"author":{"gitId":"leegoang"},"content":"                    taskList[Task.getNumOfTasks() - 1] \u003d newTask;","lastModifiedDate":"2026-02-05T02:13:43","isFullCredit":false},{"lineNumber":78,"author":{"gitId":"leegoang"},"content":"                    break;","lastModifiedDate":"2026-02-05T02:13:43","isFullCredit":false},{"lineNumber":79,"author":{"gitId":"leegoang"},"content":"            }","lastModifiedDate":"2026-01-31T18:28:27","isFullCredit":false},{"lineNumber":80,"author":{"gitId":"leegoang"},"content":"        }","lastModifiedDate":"2026-01-31T18:28:27","isFullCredit":false},{"lineNumber":81,"author":{"gitId":"leegoang"},"content":"        in.close();","lastModifiedDate":"2026-01-31T18:28:27","isFullCredit":false},{"lineNumber":82,"author":{"gitId":"leegoang"},"content":"    }","lastModifiedDate":"2026-01-29T09:52:16","isFullCredit":false},{"lineNumber":83,"author":{"gitId":"leegoang"},"content":"}","lastModifiedDate":"2026-01-29T09:52:16","isFullCredit":false}],"authorContributionMap":{"leegoang":83}},{"path":"src/main/java/Task.java","fileType":"java","lines":[{"lineNumber":1,"author":{"gitId":"leegoang"},"content":"public class Task {","lastModifiedDate":"2026-01-31T20:29:15","isFullCredit":false},{"lineNumber":2,"author":{"gitId":"leegoang"},"content":"    protected String description;","lastModifiedDate":"2026-01-31T20:29:15","isFullCredit":false},{"lineNumber":3,"author":{"gitId":"leegoang"},"content":"    protected boolean isDone;","lastModifiedDate":"2026-01-31T20:29:15","isFullCredit":false},{"lineNumber":4,"author":{"gitId":"leegoang"},"content":"    protected int taskNum;","lastModifiedDate":"2026-01-31T20:29:15","isFullCredit":false},{"lineNumber":5,"author":{"gitId":"leegoang"},"content":"","lastModifiedDate":"2026-01-31T20:29:15","isFullCredit":false},{"lineNumber":6,"author":{"gitId":"leegoang"},"content":"    protected static int numOfTasks \u003d 0;","lastModifiedDate":"2026-01-31T20:29:15","isFullCredit":false},{"lineNumber":7,"author":{"gitId":"leegoang"},"content":"","lastModifiedDate":"2026-01-31T20:29:15","isFullCredit":false},{"lineNumber":8,"author":{"gitId":"leegoang"},"content":"    public Task(String description) {","lastModifiedDate":"2026-01-31T20:29:15","isFullCredit":false},{"lineNumber":9,"author":{"gitId":"leegoang"},"content":"        this.description \u003d description;","lastModifiedDate":"2026-01-31T20:29:15","isFullCredit":false},{"lineNumber":10,"author":{"gitId":"leegoang"},"content":"        this.isDone \u003d false;","lastModifiedDate":"2026-01-31T20:29:15","isFullCredit":false},{"lineNumber":11,"author":{"gitId":"leegoang"},"content":"        numOfTasks++;","lastModifiedDate":"2026-01-31T20:29:15","isFullCredit":false},{"lineNumber":12,"author":{"gitId":"leegoang"},"content":"        this.taskNum \u003d numOfTasks;","lastModifiedDate":"2026-01-31T20:29:15","isFullCredit":false},{"lineNumber":13,"author":{"gitId":"leegoang"},"content":"    }","lastModifiedDate":"2026-01-31T20:29:15","isFullCredit":false},{"lineNumber":14,"author":{"gitId":"leegoang"},"content":"","lastModifiedDate":"2026-01-31T20:29:15","isFullCredit":false},{"lineNumber":15,"author":{"gitId":"leegoang"},"content":"    public String getDescription() {","lastModifiedDate":"2026-01-31T20:29:15","isFullCredit":false},{"lineNumber":16,"author":{"gitId":"leegoang"},"content":"        return this.description;","lastModifiedDate":"2026-01-31T20:29:15","isFullCredit":false},{"lineNumber":17,"author":{"gitId":"leegoang"},"content":"    }","lastModifiedDate":"2026-01-31T20:29:15","isFullCredit":false},{"lineNumber":18,"author":{"gitId":"leegoang"},"content":"","lastModifiedDate":"2026-01-31T20:29:15","isFullCredit":false},{"lineNumber":19,"author":{"gitId":"leegoang"},"content":"    public String getStatusIcon() {","lastModifiedDate":"2026-01-31T20:29:15","isFullCredit":false},{"lineNumber":20,"author":{"gitId":"leegoang"},"content":"        return (this.isDone ? \"X\" : \" \"); // mark done task with X","lastModifiedDate":"2026-01-31T20:29:15","isFullCredit":false},{"lineNumber":21,"author":{"gitId":"leegoang"},"content":"    }","lastModifiedDate":"2026-01-31T20:29:15","isFullCredit":false},{"lineNumber":22,"author":{"gitId":"leegoang"},"content":"","lastModifiedDate":"2026-01-31T20:29:15","isFullCredit":false},{"lineNumber":23,"author":{"gitId":"leegoang"},"content":"    public void setDone(boolean isDone) {","lastModifiedDate":"2026-01-31T20:29:38","isFullCredit":false},{"lineNumber":24,"author":{"gitId":"leegoang"},"content":"        this.isDone \u003d isDone;","lastModifiedDate":"2026-01-31T20:29:38","isFullCredit":false},{"lineNumber":25,"author":{"gitId":"leegoang"},"content":"    }","lastModifiedDate":"2026-01-31T20:29:38","isFullCredit":false},{"lineNumber":26,"author":{"gitId":"leegoang"},"content":"","lastModifiedDate":"2026-01-31T20:29:38","isFullCredit":false},{"lineNumber":27,"author":{"gitId":"leegoang"},"content":"    public static int getNumOfTasks() {","lastModifiedDate":"2026-01-31T20:29:38","isFullCredit":false},{"lineNumber":28,"author":{"gitId":"leegoang"},"content":"        return numOfTasks;","lastModifiedDate":"2026-01-31T20:29:38","isFullCredit":false},{"lineNumber":29,"author":{"gitId":"leegoang"},"content":"    }","lastModifiedDate":"2026-01-31T20:29:38","isFullCredit":false},{"lineNumber":30,"author":{"gitId":"leegoang"},"content":"","lastModifiedDate":"2026-01-31T20:29:38","isFullCredit":false},{"lineNumber":31,"author":{"gitId":"leegoang"},"content":"    public String toString() {","lastModifiedDate":"2026-02-05T02:13:43","isFullCredit":false},{"lineNumber":32,"author":{"gitId":"leegoang"},"content":"        return \"[\" + this.getStatusIcon() + \"] \" + this.description;","lastModifiedDate":"2026-02-05T02:13:43","isFullCredit":false},{"lineNumber":33,"author":{"gitId":"leegoang"},"content":"    }","lastModifiedDate":"2026-02-05T02:13:43","isFullCredit":false},{"lineNumber":34,"author":{"gitId":"leegoang"},"content":"","lastModifiedDate":"2026-02-05T02:13:43","isFullCredit":false},{"lineNumber":35,"author":{"gitId":"leegoang"},"content":"}","lastModifiedDate":"2026-01-31T20:29:15","isFullCredit":false}],"authorContributionMap":{"leegoang":35}},{"path":"src/main/java/Todo.java","fileType":"java","lines":[{"lineNumber":1,"author":{"gitId":"leegoang"},"content":"public class Todo extends Task {","lastModifiedDate":"2026-02-05T02:13:43","isFullCredit":false},{"lineNumber":2,"author":{"gitId":"leegoang"},"content":"    public Todo(String decription) {","lastModifiedDate":"2026-02-05T02:13:43","isFullCredit":false},{"lineNumber":3,"author":{"gitId":"leegoang"},"content":"        super(decription);","lastModifiedDate":"2026-02-05T02:13:43","isFullCredit":false},{"lineNumber":4,"author":{"gitId":"leegoang"},"content":"    }","lastModifiedDate":"2026-02-05T02:13:43","isFullCredit":false},{"lineNumber":5,"author":{"gitId":"leegoang"},"content":"","lastModifiedDate":"2026-02-05T02:13:43","isFullCredit":false},{"lineNumber":6,"author":{"gitId":"leegoang"},"content":"    public String toString() {","lastModifiedDate":"2026-02-05T02:13:43","isFullCredit":false},{"lineNumber":7,"author":{"gitId":"leegoang"},"content":"        return \"[T]\" + super.toString();","lastModifiedDate":"2026-02-05T02:13:43","isFullCredit":false},{"lineNumber":8,"author":{"gitId":"leegoang"},"content":"    }","lastModifiedDate":"2026-02-05T02:13:43","isFullCredit":false},{"lineNumber":9,"author":{"gitId":"leegoang"},"content":"}","lastModifiedDate":"2026-02-05T02:13:43","isFullCredit":false}],"authorContributionMap":{"leegoang":9}}]
