{"authorDailyContributionsMap":{"leegoang":[{"date":"2026-01-29T00:00:00","commitResults":[{"hash":"b2a8b9d56073b3a683c49f09828ecece137706b0","isMergeCommit":false,"messageTitle":"Introduce Lego","messageBody":"","tags":["Level-0"],"fileTypesAndContributionMap":{"java":{"insertions":11,"deletions":10}}}]},{"date":"2026-01-31T00:00:00","commitResults":[{"hash":"a7d8ad8be7f845e793c806f3a84a02157721126a","isMergeCommit":false,"messageTitle":"Echo function","messageBody":"","tags":["Level-1"],"fileTypesAndContributionMap":{"java":{"insertions":21,"deletions":6}}},{"hash":"9902fcfa036552abbea26c6884d817214801f00d","isMergeCommit":false,"messageTitle":"Add List and Add function","messageBody":"","tags":["Level-2"],"fileTypesAndContributionMap":{"java":{"insertions":11,"deletions":2}}},{"hash":"5b3a3e9af4c11916d564af77d107579f2ade0400","isMergeCommit":false,"messageTitle":"Add Mark and Unmark functions","messageBody":"","fileTypesAndContributionMap":{"java":{"insertions":34,"deletions":4}}},{"hash":"fc5543d1aaa4ae8b9c267e82c306ca6b1aad5f84","isMergeCommit":false,"messageTitle":"Format to Coding Standard","messageBody":"","fileTypesAndContributionMap":{"java":{"insertions":8,"deletions":10}}},{"hash":"cfa5fb7c334dd1f0bc33f3dd223fa6db0ae96dbc","isMergeCommit":false,"messageTitle":"Add Task Class","messageBody":"","fileTypesAndContributionMap":{"java":{"insertions":24,"deletions":0}}},{"hash":"d5028c037c904ff775671b86747b71492edc89e9","isMergeCommit":false,"messageTitle":"Add Task Class","messageBody":"","tags":["Level-3","A_CodingStandard"],"fileTypesAndContributionMap":{"java":{"insertions":24,"deletions":29}}}]},{"date":"2026-02-05T00:00:00","commitResults":[{"hash":"832193f3b9627507835e75c8aaea591fffa4055e","isMergeCommit":false,"messageTitle":"Add Todo, Deadline, Event classes","messageBody":"","tags":["Level-4"],"fileTypesAndContributionMap":{"java":{"insertions":101,"deletions":26}}}]},{"date":"2026-02-12T00:00:00","commitResults":[{"hash":"9479df355e815dda89cf5e971b8c836633e1e80d","isMergeCommit":false,"messageTitle":"Add UI text testing","messageBody":"","tags":["A-TextUiTesting"],"fileTypesAndContributionMap":{"txt":{"insertions":8,"deletions":0},"bat":{"insertions":1,"deletions":1}}}]}]},"authorFileTypeContributionMap":{"leegoang":{"java":157,"md":0,"fxml":0,"sh":0,"bat":1,"gradle":0,"txt":8}},"authorContributionVariance":{"leegoang":1241.9624},"authorDisplayNameMap":{"leegoang":"CS2113-T09-1 GOH .. LEE"}}
