[{"path":"README.md","fileType":"md","lines":[{"lineNumber":1,"author":{"gitId":"EmDani3l"},"content":"memz.Memz Chatbot - Adapted from Duke","lastModifiedDate":"2026-02-09T23:11:01","isFullCredit":false},{"lineNumber":2,"author":{"gitId":"EmDani3l"},"content":"memz.Memz is a CLI task manager that tracks your Todos, Deadlines, and Events.","lastModifiedDate":"2026-02-09T23:11:01","isFullCredit":false},{"lineNumber":3,"author":{"gitId":"EmDani3l"},"content":"","lastModifiedDate":"2026-02-09T22:54:10","isFullCredit":false},{"lineNumber":4,"author":{"gitId":"EmDani3l"},"content":"How to Run","lastModifiedDate":"2026-02-09T22:54:10","isFullCredit":false},{"lineNumber":5,"author":{"gitId":"EmDani3l"},"content":"1. Open a terminal in the project folder.","lastModifiedDate":"2026-02-09T23:20:21","isFullCredit":false},{"lineNumber":6,"author":{"gitId":"EmDani3l"},"content":"2. Compile the code:","lastModifiedDate":"2026-02-09T23:20:21","isFullCredit":false},{"lineNumber":7,"author":{"gitId":"EmDani3l"},"content":"   `javac -cp src/main/java -d bin src/main/java/memz/Memz.java`","lastModifiedDate":"2026-02-09T23:20:21","isFullCredit":false},{"lineNumber":8,"author":{"gitId":"EmDani3l"},"content":"3. Run the bot:","lastModifiedDate":"2026-02-09T23:20:21","isFullCredit":false},{"lineNumber":9,"author":{"gitId":"EmDani3l"},"content":"   `java -cp bin memz.Memz`","lastModifiedDate":"2026-02-09T23:20:21","isFullCredit":false},{"lineNumber":10,"author":{"gitId":"EmDani3l"},"content":"","lastModifiedDate":"2026-02-09T22:54:10","isFullCredit":false},{"lineNumber":11,"author":{"gitId":"EmDani3l"},"content":"User Guide","lastModifiedDate":"2026-02-09T22:54:10","isFullCredit":false},{"lineNumber":12,"author":{"gitId":"EmDani3l"},"content":"1. Add a memz.tasks.Todo Adds a basic task without a date. Format: todo \u003cdescription\u003e Example: todo read book","lastModifiedDate":"2026-02-09T23:11:01","isFullCredit":false},{"lineNumber":13,"author":{"gitId":"EmDani3l"},"content":"","lastModifiedDate":"2026-02-09T22:54:10","isFullCredit":false},{"lineNumber":14,"author":{"gitId":"EmDani3l"},"content":"2. Add a memz.tasks.Deadline Adds a task that needs to be done by a specific time. You must use /by. Format: deadline \u003cdescription\u003e /by \u003cdate/time\u003e Example: deadline return book /by Sunday","lastModifiedDate":"2026-02-09T23:11:01","isFullCredit":false},{"lineNumber":15,"author":{"gitId":"EmDani3l"},"content":"","lastModifiedDate":"2026-02-09T22:54:10","isFullCredit":false},{"lineNumber":16,"author":{"gitId":"EmDani3l"},"content":"3. Add an memz.tasks.Event Adds a task that starts and ends at specific times. You must use /from and /to. Format: event \u003cdescription\u003e /from \u003cstart\u003e /to \u003cend\u003e Example: event project meeting /from Mon 2pm /to 4pm","lastModifiedDate":"2026-02-09T23:11:01","isFullCredit":false},{"lineNumber":17,"author":{"gitId":"EmDani3l"},"content":"","lastModifiedDate":"2026-02-09T22:54:10","isFullCredit":false},{"lineNumber":18,"author":{"gitId":"EmDani3l"},"content":"4. List Tasks Shows all tasks currently in your list. Command: list","lastModifiedDate":"2026-02-09T22:54:10","isFullCredit":false},{"lineNumber":19,"author":{"gitId":"EmDani3l"},"content":"","lastModifiedDate":"2026-02-09T22:54:10","isFullCredit":false},{"lineNumber":20,"author":{"gitId":"EmDani3l"},"content":"5. Mark memz.tasks.Task as Done Marks a specific task as completed. Format: mark \u003ctask_number\u003e Example: mark 1","lastModifiedDate":"2026-02-09T23:11:01","isFullCredit":false},{"lineNumber":21,"author":{"gitId":"EmDani3l"},"content":"","lastModifiedDate":"2026-02-09T22:54:10","isFullCredit":false},{"lineNumber":22,"author":{"gitId":"EmDani3l"},"content":"6. Unmark memz.tasks.Task Marks a completed task as not done. Format: unmark \u003ctask_number\u003e Example: unmark 1","lastModifiedDate":"2026-02-09T23:11:01","isFullCredit":false},{"lineNumber":23,"author":{"gitId":"EmDani3l"},"content":"","lastModifiedDate":"2026-02-09T22:54:10","isFullCredit":false},{"lineNumber":24,"author":{"gitId":"EmDani3l"},"content":"7. Exit Exits the program. Command: bye","lastModifiedDate":"2026-02-09T22:54:10","isFullCredit":false}],"authorContributionMap":{"EmDani3l":24}},{"path":"src/main/java/memz/Memz.java","fileType":"java","lines":[{"lineNumber":1,"author":{"gitId":"EmDani3l"},"content":"package memz;","lastModifiedDate":"2026-02-09T23:11:01","isFullCredit":false},{"lineNumber":2,"author":{"gitId":"EmDani3l"},"content":"","lastModifiedDate":"2026-02-09T23:11:01","isFullCredit":false},{"lineNumber":3,"author":{"gitId":"EmDani3l"},"content":"import memz.exceptions.MemzException;","lastModifiedDate":"2026-02-09T23:11:01","isFullCredit":false},{"lineNumber":4,"author":{"gitId":"EmDani3l"},"content":"import memz.tasks.Deadline;","lastModifiedDate":"2026-02-09T23:11:01","isFullCredit":false},{"lineNumber":5,"author":{"gitId":"EmDani3l"},"content":"import memz.tasks.Event;","lastModifiedDate":"2026-02-09T23:11:01","isFullCredit":false},{"lineNumber":6,"author":{"gitId":"EmDani3l"},"content":"import memz.tasks.Task;","lastModifiedDate":"2026-02-09T23:11:01","isFullCredit":false},{"lineNumber":7,"author":{"gitId":"EmDani3l"},"content":"import memz.tasks.Todo;","lastModifiedDate":"2026-02-09T23:11:01","isFullCredit":false},{"lineNumber":8,"author":{"gitId":"EmDani3l"},"content":"import memz.ui.Ui;","lastModifiedDate":"2026-02-09T23:11:01","isFullCredit":false},{"lineNumber":9,"author":{"gitId":"EmDani3l"},"content":"","lastModifiedDate":"2026-02-09T23:11:01","isFullCredit":false},{"lineNumber":10,"author":{"gitId":"EmDani3l"},"content":"import java.util.Scanner;","lastModifiedDate":"2026-01-28T18:42:57","isFullCredit":false},{"lineNumber":11,"author":{"gitId":"EmDani3l"},"content":"","lastModifiedDate":"2026-01-28T18:42:57","isFullCredit":false},{"lineNumber":12,"author":{"gitId":"EmDani3l"},"content":"/**","lastModifiedDate":"2026-02-09T22:54:10","isFullCredit":false},{"lineNumber":13,"author":{"gitId":"EmDani3l"},"content":" * The main class of the memz.Memz chatbot application.","lastModifiedDate":"2026-02-09T23:11:01","isFullCredit":false},{"lineNumber":14,"author":{"gitId":"EmDani3l"},"content":" * Handles user interaction, input parsing, and task management.","lastModifiedDate":"2026-02-09T22:54:10","isFullCredit":false},{"lineNumber":15,"author":{"gitId":"EmDani3l"},"content":" */","lastModifiedDate":"2026-02-09T22:54:10","isFullCredit":false},{"lineNumber":16,"author":{"gitId":"EmDani3l"},"content":"public class Memz {","lastModifiedDate":"2026-01-23T23:22:35","isFullCredit":false},{"lineNumber":17,"author":{"gitId":"EmDani3l"},"content":"    private static final Task[] tasks \u003d new Task[100];","lastModifiedDate":"2026-02-03T17:24:35","isFullCredit":false},{"lineNumber":18,"author":{"gitId":"EmDani3l"},"content":"    private static int taskCount \u003d 0;","lastModifiedDate":"2026-02-03T17:24:35","isFullCredit":false},{"lineNumber":19,"author":{"gitId":"EmDani3l"},"content":"","lastModifiedDate":"2026-01-28T18:42:57","isFullCredit":false},{"lineNumber":20,"author":{"gitId":"EmDani3l"},"content":"    /**","lastModifiedDate":"2026-02-09T22:54:10","isFullCredit":false},{"lineNumber":21,"author":{"gitId":"EmDani3l"},"content":"     * The entry point of the application.","lastModifiedDate":"2026-02-09T22:54:10","isFullCredit":false},{"lineNumber":22,"author":{"gitId":"EmDani3l"},"content":"     * Runs the main event loop, reading user input and delegating commands","lastModifiedDate":"2026-02-09T22:54:10","isFullCredit":false},{"lineNumber":23,"author":{"gitId":"EmDani3l"},"content":"     * to specific handler methods until the \"bye\" command is received.","lastModifiedDate":"2026-02-09T22:54:10","isFullCredit":false},{"lineNumber":24,"author":{"gitId":"EmDani3l"},"content":"     * Handles top-level exceptions for invalid inputs and execution errors.","lastModifiedDate":"2026-02-09T22:54:10","isFullCredit":false},{"lineNumber":25,"author":{"gitId":"EmDani3l"},"content":"     *","lastModifiedDate":"2026-02-09T22:54:10","isFullCredit":false},{"lineNumber":26,"author":{"gitId":"EmDani3l"},"content":"     * @param args Command line arguments (not used).","lastModifiedDate":"2026-02-09T22:54:10","isFullCredit":false},{"lineNumber":27,"author":{"gitId":"EmDani3l"},"content":"     */","lastModifiedDate":"2026-02-09T22:54:10","isFullCredit":false},{"lineNumber":28,"author":{"gitId":"EmDani3l"},"content":"    public static void main(String[] args) {","lastModifiedDate":"2026-02-03T17:24:35","isFullCredit":false},{"lineNumber":29,"author":{"gitId":"EmDani3l"},"content":"        Scanner in \u003d new Scanner(System.in);","lastModifiedDate":"2026-01-28T18:42:57","isFullCredit":false},{"lineNumber":30,"author":{"gitId":"EmDani3l"},"content":"        printGreeting();","lastModifiedDate":"2026-02-03T17:24:35","isFullCredit":false},{"lineNumber":31,"author":{"gitId":"EmDani3l"},"content":"","lastModifiedDate":"2026-01-28T18:42:57","isFullCredit":false},{"lineNumber":32,"author":{"gitId":"EmDani3l"},"content":"        while (true) {","lastModifiedDate":"2026-01-28T18:42:57","isFullCredit":false},{"lineNumber":33,"author":{"gitId":"EmDani3l"},"content":"            String input \u003d in.nextLine();","lastModifiedDate":"2026-01-28T18:42:57","isFullCredit":false},{"lineNumber":34,"author":{"gitId":"EmDani3l"},"content":"            System.out.println(Ui.LINE + \"\\n\");","lastModifiedDate":"2026-02-09T22:54:10","isFullCredit":false},{"lineNumber":35,"author":{"gitId":"EmDani3l"},"content":"","lastModifiedDate":"2026-01-28T18:42:57","isFullCredit":false},{"lineNumber":36,"author":{"gitId":"EmDani3l"},"content":"            try {","lastModifiedDate":"2026-02-09T22:54:10","isFullCredit":false},{"lineNumber":37,"author":{"gitId":"EmDani3l"},"content":"                if (input.equals(\"bye\")) {","lastModifiedDate":"2026-01-28T18:42:57","isFullCredit":false},{"lineNumber":38,"author":{"gitId":"EmDani3l"},"content":"                    printExit();","lastModifiedDate":"2026-02-03T17:24:35","isFullCredit":false},{"lineNumber":39,"author":{"gitId":"EmDani3l"},"content":"                    break;","lastModifiedDate":"2026-01-28T18:42:57","isFullCredit":false},{"lineNumber":40,"author":{"gitId":"EmDani3l"},"content":"                } else if (input.equals(\"list\")) {","lastModifiedDate":"2026-01-29T22:00:23","isFullCredit":false},{"lineNumber":41,"author":{"gitId":"EmDani3l"},"content":"                    printList();","lastModifiedDate":"2026-02-03T17:24:35","isFullCredit":false},{"lineNumber":42,"author":{"gitId":"EmDani3l"},"content":"                } else if (input.startsWith(\"mark\")) {","lastModifiedDate":"2026-01-29T22:00:23","isFullCredit":false},{"lineNumber":43,"author":{"gitId":"EmDani3l"},"content":"                    handleMark(input, true);","lastModifiedDate":"2026-02-03T17:24:35","isFullCredit":false},{"lineNumber":44,"author":{"gitId":"EmDani3l"},"content":"                } else if (input.startsWith(\"unmark\")) {","lastModifiedDate":"2026-01-29T22:00:23","isFullCredit":false},{"lineNumber":45,"author":{"gitId":"EmDani3l"},"content":"                    handleMark(input, false);","lastModifiedDate":"2026-02-03T17:24:35","isFullCredit":false},{"lineNumber":46,"author":{"gitId":"EmDani3l"},"content":"                } else if (input.startsWith(\"todo\") || input.startsWith(\"deadline\") || input.startsWith(\"event\")) {","lastModifiedDate":"2026-02-03T17:24:35","isFullCredit":false},{"lineNumber":47,"author":{"gitId":"EmDani3l"},"content":"                    handleAddTask(input);","lastModifiedDate":"2026-02-03T17:24:35","isFullCredit":false},{"lineNumber":48,"author":{"gitId":"EmDani3l"},"content":"                } else {","lastModifiedDate":"2026-02-03T17:24:35","isFullCredit":false},{"lineNumber":49,"author":{"gitId":"EmDani3l"},"content":"                    throw new MemzException(Ui.ERROR_UNKNOWN_COMMAND + Ui.PROPER_OVERALL_FORMAT);","lastModifiedDate":"2026-02-09T22:54:10","isFullCredit":false},{"lineNumber":50,"author":{"gitId":"EmDani3l"},"content":"                }","lastModifiedDate":"2026-02-09T22:54:10","isFullCredit":false},{"lineNumber":51,"author":{"gitId":"EmDani3l"},"content":"            } catch (MemzException e) {","lastModifiedDate":"2026-02-09T22:54:10","isFullCredit":false},{"lineNumber":52,"author":{"gitId":"EmDani3l"},"content":"                System.out.println(e.getMessage());","lastModifiedDate":"2026-02-09T22:54:10","isFullCredit":false},{"lineNumber":53,"author":{"gitId":"EmDani3l"},"content":"            } catch (NumberFormatException e) {","lastModifiedDate":"2026-02-09T22:54:10","isFullCredit":false},{"lineNumber":54,"author":{"gitId":"EmDani3l"},"content":"                System.out.println(Ui.ERROR_INVALID_NUMBER);","lastModifiedDate":"2026-02-09T22:54:10","isFullCredit":false},{"lineNumber":55,"author":{"gitId":"EmDani3l"},"content":"            } catch (IndexOutOfBoundsException e) {","lastModifiedDate":"2026-02-09T22:54:10","isFullCredit":false},{"lineNumber":56,"author":{"gitId":"EmDani3l"},"content":"                System.out.println(Ui.ERROR_INDEX_OUT_OF_BOUNDS);","lastModifiedDate":"2026-02-09T22:54:10","isFullCredit":false},{"lineNumber":57,"author":{"gitId":"EmDani3l"},"content":"            }","lastModifiedDate":"2026-02-09T22:54:10","isFullCredit":false},{"lineNumber":58,"author":{"gitId":"EmDani3l"},"content":"            System.out.println(Ui.LINE);","lastModifiedDate":"2026-02-09T22:54:10","isFullCredit":false},{"lineNumber":59,"author":{"gitId":"EmDani3l"},"content":"        }","lastModifiedDate":"2026-02-03T17:24:35","isFullCredit":false},{"lineNumber":60,"author":{"gitId":"EmDani3l"},"content":"    }","lastModifiedDate":"2026-02-03T17:24:35","isFullCredit":false},{"lineNumber":61,"author":{"gitId":"EmDani3l"},"content":"","lastModifiedDate":"2026-02-09T22:54:10","isFullCredit":false},{"lineNumber":62,"author":{"gitId":"EmDani3l"},"content":"    /**","lastModifiedDate":"2026-02-09T22:54:10","isFullCredit":false},{"lineNumber":63,"author":{"gitId":"EmDani3l"},"content":"     * Displays the welcome message and the memz.Memz logo to the standard output.","lastModifiedDate":"2026-02-09T23:11:01","isFullCredit":false},{"lineNumber":64,"author":{"gitId":"EmDani3l"},"content":"     */","lastModifiedDate":"2026-02-09T22:54:10","isFullCredit":false},{"lineNumber":65,"author":{"gitId":"EmDani3l"},"content":"    private static void printGreeting() {","lastModifiedDate":"2026-02-09T22:54:10","isFullCredit":false},{"lineNumber":66,"author":{"gitId":"EmDani3l"},"content":"        System.out.println(Ui.LOGO);","lastModifiedDate":"2026-02-09T22:54:10","isFullCredit":false},{"lineNumber":67,"author":{"gitId":"EmDani3l"},"content":"    }","lastModifiedDate":"2026-02-03T17:24:35","isFullCredit":false},{"lineNumber":68,"author":{"gitId":"EmDani3l"},"content":"","lastModifiedDate":"2026-02-03T17:24:35","isFullCredit":false},{"lineNumber":69,"author":{"gitId":"EmDani3l"},"content":"    /**","lastModifiedDate":"2026-02-03T17:24:35","isFullCredit":false},{"lineNumber":70,"author":{"gitId":"EmDani3l"},"content":"     * Prints a confirmation message indicating a task has been successfully added.","lastModifiedDate":"2026-02-09T22:54:10","isFullCredit":false},{"lineNumber":71,"author":{"gitId":"EmDani3l"},"content":"     * Also displays the current total number of tasks in the list.","lastModifiedDate":"2026-02-09T22:54:10","isFullCredit":false},{"lineNumber":72,"author":{"gitId":"EmDani3l"},"content":"     *","lastModifiedDate":"2026-02-09T22:54:10","isFullCredit":false},{"lineNumber":73,"author":{"gitId":"EmDani3l"},"content":"     * @param task The task object that was just added.","lastModifiedDate":"2026-02-09T22:54:10","isFullCredit":false},{"lineNumber":74,"author":{"gitId":"EmDani3l"},"content":"     */","lastModifiedDate":"2026-02-03T17:24:35","isFullCredit":false},{"lineNumber":75,"author":{"gitId":"EmDani3l"},"content":"    private static void printAddSuccess(Task task) {","lastModifiedDate":"2026-02-09T22:54:10","isFullCredit":false},{"lineNumber":76,"author":{"gitId":"EmDani3l"},"content":"        System.out.println(Ui.TASK_ADDED_MESSAGE + task + \"\\nNow you have \" + taskCount + \" tasks in the list.\");","lastModifiedDate":"2026-02-09T22:54:10","isFullCredit":false},{"lineNumber":77,"author":{"gitId":"EmDani3l"},"content":"    }","lastModifiedDate":"2026-02-09T22:54:10","isFullCredit":false},{"lineNumber":78,"author":{"gitId":"EmDani3l"},"content":"","lastModifiedDate":"2026-02-09T22:54:10","isFullCredit":false},{"lineNumber":79,"author":{"gitId":"EmDani3l"},"content":"    /**","lastModifiedDate":"2026-02-09T22:54:10","isFullCredit":false},{"lineNumber":80,"author":{"gitId":"EmDani3l"},"content":"     * Displays the exit message to the standard output.","lastModifiedDate":"2026-02-09T22:54:10","isFullCredit":false},{"lineNumber":81,"author":{"gitId":"EmDani3l"},"content":"     */","lastModifiedDate":"2026-02-09T22:54:10","isFullCredit":false},{"lineNumber":82,"author":{"gitId":"EmDani3l"},"content":"    private static void printExit() {","lastModifiedDate":"2026-02-09T22:54:10","isFullCredit":false},{"lineNumber":83,"author":{"gitId":"EmDani3l"},"content":"        System.out.println(Ui.BYE_MESSAGE + Ui.LINE);","lastModifiedDate":"2026-02-09T22:54:10","isFullCredit":false},{"lineNumber":84,"author":{"gitId":"EmDani3l"},"content":"    }","lastModifiedDate":"2026-02-09T22:54:10","isFullCredit":false},{"lineNumber":85,"author":{"gitId":"EmDani3l"},"content":"","lastModifiedDate":"2026-02-09T22:54:10","isFullCredit":false},{"lineNumber":86,"author":{"gitId":"EmDani3l"},"content":"    /**","lastModifiedDate":"2026-02-09T22:54:10","isFullCredit":false},{"lineNumber":87,"author":{"gitId":"EmDani3l"},"content":"     * Parses the user input to create and add a specific type of task (memz.tasks.Todo, memz.tasks.Deadline, or memz.tasks.Event).","lastModifiedDate":"2026-02-09T23:11:01","isFullCredit":false},{"lineNumber":88,"author":{"gitId":"EmDani3l"},"content":"     * Validates the input format and throws an exception if the format is incorrect","lastModifiedDate":"2026-02-09T22:54:10","isFullCredit":false},{"lineNumber":89,"author":{"gitId":"EmDani3l"},"content":"     * or if required arguments (like /by, /from, /to) are missing.","lastModifiedDate":"2026-02-09T22:54:10","isFullCredit":false},{"lineNumber":90,"author":{"gitId":"EmDani3l"},"content":"     *","lastModifiedDate":"2026-02-09T22:54:10","isFullCredit":false},{"lineNumber":91,"author":{"gitId":"EmDani3l"},"content":"     * @param input The raw command line string entered by the user.","lastModifiedDate":"2026-02-09T22:54:10","isFullCredit":false},{"lineNumber":92,"author":{"gitId":"EmDani3l"},"content":"     * @throws MemzException If the command format is invalid or arguments are missing.","lastModifiedDate":"2026-02-09T22:54:10","isFullCredit":false},{"lineNumber":93,"author":{"gitId":"EmDani3l"},"content":"     */","lastModifiedDate":"2026-02-09T22:54:10","isFullCredit":false},{"lineNumber":94,"author":{"gitId":"EmDani3l"},"content":"    private static void handleAddTask(String input) throws MemzException {","lastModifiedDate":"2026-02-09T22:54:10","isFullCredit":false},{"lineNumber":95,"author":{"gitId":"EmDani3l"},"content":"        if (input.startsWith(\"todo\")) {","lastModifiedDate":"2026-02-03T17:24:35","isFullCredit":false},{"lineNumber":96,"author":{"gitId":"EmDani3l"},"content":"            // Check if description is empty","lastModifiedDate":"2026-02-09T22:54:10","isFullCredit":false},{"lineNumber":97,"author":{"gitId":"EmDani3l"},"content":"            if (input.length() \u003c\u003d 5) {","lastModifiedDate":"2026-02-09T22:54:10","isFullCredit":false},{"lineNumber":98,"author":{"gitId":"EmDani3l"},"content":"                throw new MemzException(Ui.ERROR_EMPTY_TODO + Ui.PROPER_TODO_FORMAT);","lastModifiedDate":"2026-02-09T22:54:10","isFullCredit":false},{"lineNumber":99,"author":{"gitId":"EmDani3l"},"content":"            }","lastModifiedDate":"2026-02-09T22:54:10","isFullCredit":false},{"lineNumber":100,"author":{"gitId":"EmDani3l"},"content":"            tasks[taskCount++] \u003d new Todo(input.substring(5));","lastModifiedDate":"2026-02-03T17:24:35","isFullCredit":false},{"lineNumber":101,"author":{"gitId":"EmDani3l"},"content":"            printAddSuccess(tasks[taskCount - 1]);","lastModifiedDate":"2026-02-09T22:54:10","isFullCredit":false},{"lineNumber":102,"author":{"gitId":"EmDani3l"},"content":"        } else if (input.startsWith(\"deadline\")) {","lastModifiedDate":"2026-02-02T22:58:53","isFullCredit":false},{"lineNumber":103,"author":{"gitId":"EmDani3l"},"content":"            // Check for empty description or missing /by","lastModifiedDate":"2026-02-09T22:54:10","isFullCredit":false},{"lineNumber":104,"author":{"gitId":"EmDani3l"},"content":"            if (input.length() \u003c\u003d 9) {","lastModifiedDate":"2026-02-09T22:54:10","isFullCredit":false},{"lineNumber":105,"author":{"gitId":"EmDani3l"},"content":"                throw new MemzException(Ui.ERROR_EMPTY_DEADLINE + Ui.PROPER_DEADLINE_FORMAT);","lastModifiedDate":"2026-02-09T22:54:10","isFullCredit":false},{"lineNumber":106,"author":{"gitId":"EmDani3l"},"content":"            }","lastModifiedDate":"2026-02-09T22:54:10","isFullCredit":false},{"lineNumber":107,"author":{"gitId":"EmDani3l"},"content":"            if (!input.contains(\" /by \")) {","lastModifiedDate":"2026-02-09T22:54:10","isFullCredit":false},{"lineNumber":108,"author":{"gitId":"EmDani3l"},"content":"                throw new MemzException(Ui.ERROR_MISSING_BY + Ui.PROPER_DEADLINE_FORMAT);","lastModifiedDate":"2026-02-09T22:54:10","isFullCredit":false},{"lineNumber":109,"author":{"gitId":"EmDani3l"},"content":"            }","lastModifiedDate":"2026-02-09T22:54:10","isFullCredit":false},{"lineNumber":110,"author":{"gitId":"EmDani3l"},"content":"","lastModifiedDate":"2026-02-09T22:54:10","isFullCredit":false},{"lineNumber":111,"author":{"gitId":"EmDani3l"},"content":"            String[] parts \u003d input.substring(9).split(\" /by \");","lastModifiedDate":"2026-02-02T22:58:53","isFullCredit":false},{"lineNumber":112,"author":{"gitId":"EmDani3l"},"content":"            if (parts.length \u003c 2) { // Added this check","lastModifiedDate":"2026-02-09T22:54:10","isFullCredit":false},{"lineNumber":113,"author":{"gitId":"EmDani3l"},"content":"                throw new MemzException(Ui.ERROR_MISSING_BY + Ui.PROPER_DEADLINE_FORMAT);","lastModifiedDate":"2026-02-09T22:54:10","isFullCredit":false},{"lineNumber":114,"author":{"gitId":"EmDani3l"},"content":"            }","lastModifiedDate":"2026-02-09T22:54:10","isFullCredit":false},{"lineNumber":115,"author":{"gitId":"EmDani3l"},"content":"            tasks[taskCount++] \u003d new Deadline(parts[0], parts[1]);","lastModifiedDate":"2026-02-03T17:24:35","isFullCredit":false},{"lineNumber":116,"author":{"gitId":"EmDani3l"},"content":"            printAddSuccess(tasks[taskCount - 1]);","lastModifiedDate":"2026-02-09T22:54:10","isFullCredit":false},{"lineNumber":117,"author":{"gitId":"EmDani3l"},"content":"","lastModifiedDate":"2026-02-09T22:54:10","isFullCredit":false},{"lineNumber":118,"author":{"gitId":"EmDani3l"},"content":"        } else if (input.startsWith(\"event\")) {","lastModifiedDate":"2026-02-02T22:58:53","isFullCredit":false},{"lineNumber":119,"author":{"gitId":"EmDani3l"},"content":"            // Check for empty description or missing tags","lastModifiedDate":"2026-02-09T22:54:10","isFullCredit":false},{"lineNumber":120,"author":{"gitId":"EmDani3l"},"content":"            if (input.length() \u003c\u003d 6) {","lastModifiedDate":"2026-02-09T22:54:10","isFullCredit":false},{"lineNumber":121,"author":{"gitId":"EmDani3l"},"content":"                throw new MemzException(Ui.ERROR_EMPTY_EVENT + Ui.PROPER_EVENT_FORMAT);","lastModifiedDate":"2026-02-09T22:54:10","isFullCredit":false},{"lineNumber":122,"author":{"gitId":"EmDani3l"},"content":"            }","lastModifiedDate":"2026-02-09T22:54:10","isFullCredit":false},{"lineNumber":123,"author":{"gitId":"EmDani3l"},"content":"            if (!input.contains(\" /from \") || !input.contains(\" /to \")) {","lastModifiedDate":"2026-02-09T22:54:10","isFullCredit":false},{"lineNumber":124,"author":{"gitId":"EmDani3l"},"content":"                throw new MemzException(Ui.ERROR_MISSING_FROM_TO + Ui.PROPER_EVENT_FORMAT);","lastModifiedDate":"2026-02-09T22:54:10","isFullCredit":false},{"lineNumber":125,"author":{"gitId":"EmDani3l"},"content":"            }","lastModifiedDate":"2026-02-09T22:54:10","isFullCredit":false},{"lineNumber":126,"author":{"gitId":"EmDani3l"},"content":"","lastModifiedDate":"2026-02-09T22:54:10","isFullCredit":false},{"lineNumber":127,"author":{"gitId":"EmDani3l"},"content":"            String[] parts \u003d input.substring(6).split(\" /from | /to \");","lastModifiedDate":"2026-02-02T22:58:53","isFullCredit":false},{"lineNumber":128,"author":{"gitId":"EmDani3l"},"content":"            // Extra check to ensure we actually got 3 parts","lastModifiedDate":"2026-02-09T22:54:10","isFullCredit":false},{"lineNumber":129,"author":{"gitId":"EmDani3l"},"content":"            if (parts.length \u003c 3) {","lastModifiedDate":"2026-02-09T22:54:10","isFullCredit":false},{"lineNumber":130,"author":{"gitId":"EmDani3l"},"content":"                throw new MemzException(Ui.ERROR_MISSING_FROM_TO + Ui.PROPER_EVENT_FORMAT);","lastModifiedDate":"2026-02-09T22:54:10","isFullCredit":false},{"lineNumber":131,"author":{"gitId":"EmDani3l"},"content":"            }","lastModifiedDate":"2026-02-09T22:54:10","isFullCredit":false},{"lineNumber":132,"author":{"gitId":"EmDani3l"},"content":"","lastModifiedDate":"2026-02-09T22:54:10","isFullCredit":false},{"lineNumber":133,"author":{"gitId":"EmDani3l"},"content":"            tasks[taskCount++] \u003d new Event(parts[0], parts[1], parts[2]);","lastModifiedDate":"2026-02-03T17:24:35","isFullCredit":false},{"lineNumber":134,"author":{"gitId":"EmDani3l"},"content":"            printAddSuccess(tasks[taskCount - 1]);","lastModifiedDate":"2026-02-09T22:54:10","isFullCredit":false},{"lineNumber":135,"author":{"gitId":"EmDani3l"},"content":"        }","lastModifiedDate":"2026-02-03T17:24:35","isFullCredit":false},{"lineNumber":136,"author":{"gitId":"EmDani3l"},"content":"    }","lastModifiedDate":"2026-02-03T17:24:35","isFullCredit":false},{"lineNumber":137,"author":{"gitId":"EmDani3l"},"content":"","lastModifiedDate":"2026-02-03T17:24:35","isFullCredit":false},{"lineNumber":138,"author":{"gitId":"EmDani3l"},"content":"    /**","lastModifiedDate":"2026-02-09T22:54:10","isFullCredit":false},{"lineNumber":139,"author":{"gitId":"EmDani3l"},"content":"     * Iterates through the list of stored tasks and prints them to the standard output.","lastModifiedDate":"2026-02-09T22:54:10","isFullCredit":false},{"lineNumber":140,"author":{"gitId":"EmDani3l"},"content":"     * Displays the tasks with their index, type, status, and description.","lastModifiedDate":"2026-02-09T22:54:10","isFullCredit":false},{"lineNumber":141,"author":{"gitId":"EmDani3l"},"content":"     */","lastModifiedDate":"2026-02-09T22:54:10","isFullCredit":false},{"lineNumber":142,"author":{"gitId":"EmDani3l"},"content":"    private static void printList() {","lastModifiedDate":"2026-02-03T17:24:35","isFullCredit":false},{"lineNumber":143,"author":{"gitId":"EmDani3l"},"content":"        System.out.println(Ui.LIST_MESSAGE);","lastModifiedDate":"2026-02-09T22:54:10","isFullCredit":false},{"lineNumber":144,"author":{"gitId":"EmDani3l"},"content":"        for (int i \u003d 0; i \u003c taskCount; i++) {","lastModifiedDate":"2026-02-03T17:24:35","isFullCredit":false},{"lineNumber":145,"author":{"gitId":"EmDani3l"},"content":"            System.out.println((i + 1) + \".\" + tasks[i]);","lastModifiedDate":"2026-02-03T17:24:35","isFullCredit":false},{"lineNumber":146,"author":{"gitId":"EmDani3l"},"content":"        }","lastModifiedDate":"2026-02-03T17:24:35","isFullCredit":false},{"lineNumber":147,"author":{"gitId":"EmDani3l"},"content":"    }","lastModifiedDate":"2026-02-03T17:24:35","isFullCredit":false},{"lineNumber":148,"author":{"gitId":"EmDani3l"},"content":"","lastModifiedDate":"2026-02-03T17:24:35","isFullCredit":false},{"lineNumber":149,"author":{"gitId":"EmDani3l"},"content":"    /**","lastModifiedDate":"2026-02-03T17:24:35","isFullCredit":false},{"lineNumber":150,"author":{"gitId":"EmDani3l"},"content":"     * Parses the user input to mark or unmark a specific task.","lastModifiedDate":"2026-02-09T22:54:10","isFullCredit":false},{"lineNumber":151,"author":{"gitId":"EmDani3l"},"content":"     * Updates the task\u0027s status and prints a confirmation message.","lastModifiedDate":"2026-02-09T22:54:10","isFullCredit":false},{"lineNumber":152,"author":{"gitId":"EmDani3l"},"content":"     *","lastModifiedDate":"2026-02-09T22:54:10","isFullCredit":false},{"lineNumber":153,"author":{"gitId":"EmDani3l"},"content":"     * @param input  The raw command containing the task index (e.g., \"mark 1\").","lastModifiedDate":"2026-02-09T22:54:10","isFullCredit":false},{"lineNumber":154,"author":{"gitId":"EmDani3l"},"content":"     * @param isDone True to mark the task as done, false to unmark it.","lastModifiedDate":"2026-02-09T22:54:10","isFullCredit":false},{"lineNumber":155,"author":{"gitId":"EmDani3l"},"content":"     * @throws NumberFormatException     If the provided index is not a valid integer.","lastModifiedDate":"2026-02-09T22:54:10","isFullCredit":false},{"lineNumber":156,"author":{"gitId":"EmDani3l"},"content":"     * @throws IndexOutOfBoundsException If the provided index is out of range of the current task list.","lastModifiedDate":"2026-02-09T22:54:10","isFullCredit":false},{"lineNumber":157,"author":{"gitId":"EmDani3l"},"content":"     */","lastModifiedDate":"2026-02-03T17:24:35","isFullCredit":false},{"lineNumber":158,"author":{"gitId":"EmDani3l"},"content":"    private static void handleMark(String input, boolean isDone) {","lastModifiedDate":"2026-02-03T17:24:35","isFullCredit":false},{"lineNumber":159,"author":{"gitId":"EmDani3l"},"content":"        int spaceIdx \u003d isDone ? 5 : 7;","lastModifiedDate":"2026-02-03T17:24:35","isFullCredit":false},{"lineNumber":160,"author":{"gitId":"EmDani3l"},"content":"","lastModifiedDate":"2026-02-09T22:54:10","isFullCredit":false},{"lineNumber":161,"author":{"gitId":"EmDani3l"},"content":"        if (spaceIdx \u003e\u003d input.length()) {","lastModifiedDate":"2026-02-09T22:54:10","isFullCredit":false},{"lineNumber":162,"author":{"gitId":"EmDani3l"},"content":"            throw new NumberFormatException(); // Force it to the \"Do you know what a number is\" error","lastModifiedDate":"2026-02-09T22:54:10","isFullCredit":false},{"lineNumber":163,"author":{"gitId":"EmDani3l"},"content":"        }","lastModifiedDate":"2026-02-09T22:54:10","isFullCredit":false},{"lineNumber":164,"author":{"gitId":"EmDani3l"},"content":"","lastModifiedDate":"2026-02-09T22:54:10","isFullCredit":false},{"lineNumber":165,"author":{"gitId":"EmDani3l"},"content":"        // If parseInt fails, the catch(NumberFormatException) in main picks it up","lastModifiedDate":"2026-02-09T22:54:10","isFullCredit":false},{"lineNumber":166,"author":{"gitId":"EmDani3l"},"content":"        // If idx is invalid, the catch(IndexOutOfBoundsException) in main picks it up","lastModifiedDate":"2026-02-09T22:54:10","isFullCredit":false},{"lineNumber":167,"author":{"gitId":"EmDani3l"},"content":"        int idx \u003d Integer.parseInt(input.substring(spaceIdx)) - 1;","lastModifiedDate":"2026-02-03T17:24:35","isFullCredit":false},{"lineNumber":168,"author":{"gitId":"EmDani3l"},"content":"","lastModifiedDate":"2026-02-09T22:54:10","isFullCredit":false},{"lineNumber":169,"author":{"gitId":"EmDani3l"},"content":"        if (idx \u003c 0 || idx \u003e\u003d taskCount) {","lastModifiedDate":"2026-02-09T22:54:10","isFullCredit":false},{"lineNumber":170,"author":{"gitId":"EmDani3l"},"content":"            throw new IndexOutOfBoundsException(); // Manually throw if number is valid but out of range","lastModifiedDate":"2026-02-09T22:54:10","isFullCredit":false},{"lineNumber":171,"author":{"gitId":"EmDani3l"},"content":"        }","lastModifiedDate":"2026-02-09T22:54:10","isFullCredit":false},{"lineNumber":172,"author":{"gitId":"EmDani3l"},"content":"","lastModifiedDate":"2026-02-09T22:54:10","isFullCredit":false},{"lineNumber":173,"author":{"gitId":"EmDani3l"},"content":"        if (isDone) {","lastModifiedDate":"2026-02-03T17:24:35","isFullCredit":false},{"lineNumber":174,"author":{"gitId":"EmDani3l"},"content":"            tasks[idx].markAsDone();","lastModifiedDate":"2026-02-03T17:24:35","isFullCredit":false},{"lineNumber":175,"author":{"gitId":"EmDani3l"},"content":"            System.out.println(Ui.MARK_TASK_MESSAGE + tasks[idx]);","lastModifiedDate":"2026-02-09T22:54:10","isFullCredit":false},{"lineNumber":176,"author":{"gitId":"EmDani3l"},"content":"        } else {","lastModifiedDate":"2026-02-02T22:58:53","isFullCredit":false},{"lineNumber":177,"author":{"gitId":"EmDani3l"},"content":"            tasks[idx].unmarkDone();","lastModifiedDate":"2026-02-03T17:24:35","isFullCredit":false},{"lineNumber":178,"author":{"gitId":"EmDani3l"},"content":"            System.out.println(Ui.UNMARK_TASK_MESSAGE + tasks[idx]);","lastModifiedDate":"2026-02-09T22:54:10","isFullCredit":false},{"lineNumber":179,"author":{"gitId":"EmDani3l"},"content":"        }","lastModifiedDate":"2026-01-28T18:42:57","isFullCredit":false},{"lineNumber":180,"author":{"gitId":"EmDani3l"},"content":"    }","lastModifiedDate":"2026-01-28T18:42:57","isFullCredit":false},{"lineNumber":181,"author":{"gitId":"EmDani3l"},"content":"}","lastModifiedDate":"2026-01-23T23:22:35","isFullCredit":false}],"authorContributionMap":{"EmDani3l":181}},{"path":"src/main/java/memz/exceptions/MemzException.java","fileType":"java","lines":[{"lineNumber":1,"author":{"gitId":"EmDani3l"},"content":"package memz.exceptions;","lastModifiedDate":"2026-02-09T23:11:01","isFullCredit":false},{"lineNumber":2,"author":{"gitId":"EmDani3l"},"content":"","lastModifiedDate":"2026-02-09T23:11:01","isFullCredit":false},{"lineNumber":3,"author":{"gitId":"EmDani3l"},"content":"public class MemzException extends Exception {","lastModifiedDate":"2026-02-09T22:54:10","isFullCredit":false},{"lineNumber":4,"author":{"gitId":"EmDani3l"},"content":"    public MemzException(String message) {","lastModifiedDate":"2026-02-09T22:54:10","isFullCredit":false},{"lineNumber":5,"author":{"gitId":"EmDani3l"},"content":"        super(message);","lastModifiedDate":"2026-02-09T22:54:10","isFullCredit":false},{"lineNumber":6,"author":{"gitId":"EmDani3l"},"content":"    }","lastModifiedDate":"2026-02-09T22:54:10","isFullCredit":false},{"lineNumber":7,"author":{"gitId":"EmDani3l"},"content":"}","lastModifiedDate":"2026-02-09T22:54:10","isFullCredit":false}],"authorContributionMap":{"EmDani3l":7}},{"path":"src/main/java/memz/tasks/Deadline.java","fileType":"java","lines":[{"lineNumber":1,"author":{"gitId":"EmDani3l"},"content":"package memz.tasks;","lastModifiedDate":"2026-02-09T23:11:01","isFullCredit":false},{"lineNumber":2,"author":{"gitId":"EmDani3l"},"content":"","lastModifiedDate":"2026-02-09T23:11:01","isFullCredit":false},{"lineNumber":3,"author":{"gitId":"EmDani3l"},"content":"/**","lastModifiedDate":"2026-02-03T17:24:35","isFullCredit":false},{"lineNumber":4,"author":{"gitId":"EmDani3l"},"content":" * Represents a task that must be completed by a specific date or time.","lastModifiedDate":"2026-02-03T17:24:35","isFullCredit":false},{"lineNumber":5,"author":{"gitId":"EmDani3l"},"content":" */","lastModifiedDate":"2026-02-03T17:24:35","isFullCredit":false},{"lineNumber":6,"author":{"gitId":"EmDani3l"},"content":"public class Deadline extends Task {","lastModifiedDate":"2026-02-02T22:58:53","isFullCredit":false},{"lineNumber":7,"author":{"gitId":"EmDani3l"},"content":"","lastModifiedDate":"2026-02-02T22:58:53","isFullCredit":false},{"lineNumber":8,"author":{"gitId":"EmDani3l"},"content":"    protected String by;","lastModifiedDate":"2026-02-02T22:58:53","isFullCredit":false},{"lineNumber":9,"author":{"gitId":"EmDani3l"},"content":"","lastModifiedDate":"2026-02-02T22:58:53","isFullCredit":false},{"lineNumber":10,"author":{"gitId":"EmDani3l"},"content":"    /**","lastModifiedDate":"2026-02-03T17:24:35","isFullCredit":false},{"lineNumber":11,"author":{"gitId":"EmDani3l"},"content":"     * Initializes a new memz.tasks.Deadline task.","lastModifiedDate":"2026-02-09T23:11:01","isFullCredit":false},{"lineNumber":12,"author":{"gitId":"EmDani3l"},"content":"     * * @param description The content of the task.","lastModifiedDate":"2026-02-03T17:24:35","isFullCredit":false},{"lineNumber":13,"author":{"gitId":"EmDani3l"},"content":"     * @param by The date or time the task is due.","lastModifiedDate":"2026-02-03T17:24:35","isFullCredit":false},{"lineNumber":14,"author":{"gitId":"EmDani3l"},"content":"     */","lastModifiedDate":"2026-02-03T17:24:35","isFullCredit":false},{"lineNumber":15,"author":{"gitId":"EmDani3l"},"content":"    public Deadline(String description, String by) {","lastModifiedDate":"2026-02-02T22:58:53","isFullCredit":false},{"lineNumber":16,"author":{"gitId":"EmDani3l"},"content":"        super(description);","lastModifiedDate":"2026-02-02T22:58:53","isFullCredit":false},{"lineNumber":17,"author":{"gitId":"EmDani3l"},"content":"        this.by \u003d by;","lastModifiedDate":"2026-02-02T22:58:53","isFullCredit":false},{"lineNumber":18,"author":{"gitId":"EmDani3l"},"content":"    }","lastModifiedDate":"2026-02-02T22:58:53","isFullCredit":false},{"lineNumber":19,"author":{"gitId":"EmDani3l"},"content":"","lastModifiedDate":"2026-02-02T22:58:53","isFullCredit":false},{"lineNumber":20,"author":{"gitId":"EmDani3l"},"content":"    @Override","lastModifiedDate":"2026-02-02T22:58:53","isFullCredit":false},{"lineNumber":21,"author":{"gitId":"EmDani3l"},"content":"    public String toString() {","lastModifiedDate":"2026-02-02T22:58:53","isFullCredit":false},{"lineNumber":22,"author":{"gitId":"EmDani3l"},"content":"        return \"[D]\" + super.toString() + \" (by: \" + by + \")\";","lastModifiedDate":"2026-02-02T22:58:53","isFullCredit":false},{"lineNumber":23,"author":{"gitId":"EmDani3l"},"content":"    }","lastModifiedDate":"2026-02-02T22:58:53","isFullCredit":false},{"lineNumber":24,"author":{"gitId":"EmDani3l"},"content":"}","lastModifiedDate":"2026-02-02T22:58:53","isFullCredit":false}],"authorContributionMap":{"EmDani3l":24}},{"path":"src/main/java/memz/tasks/Event.java","fileType":"java","lines":[{"lineNumber":1,"author":{"gitId":"EmDani3l"},"content":"package memz.tasks;","lastModifiedDate":"2026-02-09T23:11:01","isFullCredit":false},{"lineNumber":2,"author":{"gitId":"EmDani3l"},"content":"","lastModifiedDate":"2026-02-09T23:11:01","isFullCredit":false},{"lineNumber":3,"author":{"gitId":"EmDani3l"},"content":"/**","lastModifiedDate":"2026-02-03T17:24:35","isFullCredit":false},{"lineNumber":4,"author":{"gitId":"EmDani3l"},"content":" * Represents a task that occurs during a specific time frame.","lastModifiedDate":"2026-02-03T17:24:35","isFullCredit":false},{"lineNumber":5,"author":{"gitId":"EmDani3l"},"content":" */","lastModifiedDate":"2026-02-03T17:24:35","isFullCredit":false},{"lineNumber":6,"author":{"gitId":"EmDani3l"},"content":"public class Event extends Task {","lastModifiedDate":"2026-02-02T22:58:53","isFullCredit":false},{"lineNumber":7,"author":{"gitId":"EmDani3l"},"content":"","lastModifiedDate":"2026-02-02T22:58:53","isFullCredit":false},{"lineNumber":8,"author":{"gitId":"EmDani3l"},"content":"    protected String from;","lastModifiedDate":"2026-02-02T22:58:53","isFullCredit":false},{"lineNumber":9,"author":{"gitId":"EmDani3l"},"content":"    protected String to;","lastModifiedDate":"2026-02-02T22:58:53","isFullCredit":false},{"lineNumber":10,"author":{"gitId":"EmDani3l"},"content":"","lastModifiedDate":"2026-02-02T22:58:53","isFullCredit":false},{"lineNumber":11,"author":{"gitId":"EmDani3l"},"content":"    /**","lastModifiedDate":"2026-02-03T17:24:35","isFullCredit":false},{"lineNumber":12,"author":{"gitId":"EmDani3l"},"content":"     * Initializes a new memz.tasks.Event task.","lastModifiedDate":"2026-02-09T23:11:01","isFullCredit":false},{"lineNumber":13,"author":{"gitId":"EmDani3l"},"content":"     * * @param description The name of the event.","lastModifiedDate":"2026-02-03T17:24:35","isFullCredit":false},{"lineNumber":14,"author":{"gitId":"EmDani3l"},"content":"     * @param from The start time/date of the event.","lastModifiedDate":"2026-02-03T17:24:35","isFullCredit":false},{"lineNumber":15,"author":{"gitId":"EmDani3l"},"content":"     * @param to The end time/date of the event.","lastModifiedDate":"2026-02-03T17:24:35","isFullCredit":false},{"lineNumber":16,"author":{"gitId":"EmDani3l"},"content":"     */","lastModifiedDate":"2026-02-03T17:24:35","isFullCredit":false},{"lineNumber":17,"author":{"gitId":"EmDani3l"},"content":"    public Event(String description, String from, String to) {","lastModifiedDate":"2026-02-02T22:58:53","isFullCredit":false},{"lineNumber":18,"author":{"gitId":"EmDani3l"},"content":"        super(description);","lastModifiedDate":"2026-02-02T22:58:53","isFullCredit":false},{"lineNumber":19,"author":{"gitId":"EmDani3l"},"content":"        this.from \u003d from;","lastModifiedDate":"2026-02-02T22:58:53","isFullCredit":false},{"lineNumber":20,"author":{"gitId":"EmDani3l"},"content":"        this.to \u003d to;","lastModifiedDate":"2026-02-02T22:58:53","isFullCredit":false},{"lineNumber":21,"author":{"gitId":"EmDani3l"},"content":"    }","lastModifiedDate":"2026-02-02T22:58:53","isFullCredit":false},{"lineNumber":22,"author":{"gitId":"EmDani3l"},"content":"","lastModifiedDate":"2026-02-02T22:58:53","isFullCredit":false},{"lineNumber":23,"author":{"gitId":"EmDani3l"},"content":"    @Override","lastModifiedDate":"2026-02-02T22:58:53","isFullCredit":false},{"lineNumber":24,"author":{"gitId":"EmDani3l"},"content":"    public String toString() {","lastModifiedDate":"2026-02-02T22:58:53","isFullCredit":false},{"lineNumber":25,"author":{"gitId":"EmDani3l"},"content":"        return \"[E]\" + super.toString() + \" (from: \" + from + \" to: \" + to + \")\";","lastModifiedDate":"2026-02-02T22:58:53","isFullCredit":false},{"lineNumber":26,"author":{"gitId":"EmDani3l"},"content":"    }","lastModifiedDate":"2026-02-02T22:58:53","isFullCredit":false},{"lineNumber":27,"author":{"gitId":"EmDani3l"},"content":"}","lastModifiedDate":"2026-02-02T22:58:53","isFullCredit":false}],"authorContributionMap":{"EmDani3l":27}},{"path":"src/main/java/memz/tasks/Task.java","fileType":"java","lines":[{"lineNumber":1,"author":{"gitId":"EmDani3l"},"content":"package memz.tasks;","lastModifiedDate":"2026-02-09T23:11:01","isFullCredit":false},{"lineNumber":2,"author":{"gitId":"EmDani3l"},"content":"","lastModifiedDate":"2026-02-09T23:11:01","isFullCredit":false},{"lineNumber":3,"author":{"gitId":"EmDani3l"},"content":"/**","lastModifiedDate":"2026-02-03T17:24:35","isFullCredit":false},{"lineNumber":4,"author":{"gitId":"EmDani3l"},"content":" * Represents a generic task with a description and completion status.","lastModifiedDate":"2026-02-03T17:24:35","isFullCredit":false},{"lineNumber":5,"author":{"gitId":"EmDani3l"},"content":" * Acts as the parent class for specific task types like memz.tasks.Todo, memz.tasks.Deadline, and memz.tasks.Event.","lastModifiedDate":"2026-02-09T23:11:01","isFullCredit":false},{"lineNumber":6,"author":{"gitId":"EmDani3l"},"content":" */","lastModifiedDate":"2026-02-03T17:24:35","isFullCredit":false},{"lineNumber":7,"author":{"gitId":"EmDani3l"},"content":"public class Task {","lastModifiedDate":"2026-01-29T21:35:48","isFullCredit":false},{"lineNumber":8,"author":{"gitId":"EmDani3l"},"content":"    protected String description;","lastModifiedDate":"2026-02-03T17:24:35","isFullCredit":false},{"lineNumber":9,"author":{"gitId":"EmDani3l"},"content":"    protected boolean isDone;","lastModifiedDate":"2026-02-03T17:24:35","isFullCredit":false},{"lineNumber":10,"author":{"gitId":"EmDani3l"},"content":"","lastModifiedDate":"2026-01-29T21:35:48","isFullCredit":false},{"lineNumber":11,"author":{"gitId":"EmDani3l"},"content":"    public Task(String description) {","lastModifiedDate":"2026-01-29T21:35:48","isFullCredit":false},{"lineNumber":12,"author":{"gitId":"EmDani3l"},"content":"        this.description \u003d description;","lastModifiedDate":"2026-01-29T21:35:48","isFullCredit":false},{"lineNumber":13,"author":{"gitId":"EmDani3l"},"content":"        this.isDone \u003d false;","lastModifiedDate":"2026-01-29T21:35:48","isFullCredit":false},{"lineNumber":14,"author":{"gitId":"EmDani3l"},"content":"    }","lastModifiedDate":"2026-01-29T21:35:48","isFullCredit":false},{"lineNumber":15,"author":{"gitId":"EmDani3l"},"content":"","lastModifiedDate":"2026-01-29T21:35:48","isFullCredit":false},{"lineNumber":16,"author":{"gitId":"EmDani3l"},"content":"    public String getStatusIcon() {","lastModifiedDate":"2026-01-29T21:35:48","isFullCredit":false},{"lineNumber":17,"author":{"gitId":"EmDani3l"},"content":"        //Change to [X] if marked as done, otherwise leave blank","lastModifiedDate":"2026-01-29T22:00:23","isFullCredit":false},{"lineNumber":18,"author":{"gitId":"EmDani3l"},"content":"        return (isDone ? \"X\" : \" \");","lastModifiedDate":"2026-01-29T21:35:48","isFullCredit":false},{"lineNumber":19,"author":{"gitId":"EmDani3l"},"content":"    }","lastModifiedDate":"2026-01-29T21:35:48","isFullCredit":false},{"lineNumber":20,"author":{"gitId":"EmDani3l"},"content":"","lastModifiedDate":"2026-01-29T21:35:48","isFullCredit":false},{"lineNumber":21,"author":{"gitId":"EmDani3l"},"content":"    /**","lastModifiedDate":"2026-02-03T17:24:35","isFullCredit":false},{"lineNumber":22,"author":{"gitId":"EmDani3l"},"content":"     * Updates the task status to done.","lastModifiedDate":"2026-02-03T17:24:35","isFullCredit":false},{"lineNumber":23,"author":{"gitId":"EmDani3l"},"content":"     */","lastModifiedDate":"2026-02-03T17:24:35","isFullCredit":false},{"lineNumber":24,"author":{"gitId":"EmDani3l"},"content":"    public void markAsDone() {","lastModifiedDate":"2026-01-29T21:35:48","isFullCredit":false},{"lineNumber":25,"author":{"gitId":"EmDani3l"},"content":"        this.isDone \u003d true;","lastModifiedDate":"2026-01-29T21:35:48","isFullCredit":false},{"lineNumber":26,"author":{"gitId":"EmDani3l"},"content":"    }","lastModifiedDate":"2026-01-29T21:35:48","isFullCredit":false},{"lineNumber":27,"author":{"gitId":"EmDani3l"},"content":"","lastModifiedDate":"2026-01-29T21:35:48","isFullCredit":false},{"lineNumber":28,"author":{"gitId":"EmDani3l"},"content":"    /**","lastModifiedDate":"2026-02-03T17:24:35","isFullCredit":false},{"lineNumber":29,"author":{"gitId":"EmDani3l"},"content":"     * Updates the task status to not done.","lastModifiedDate":"2026-02-03T17:24:35","isFullCredit":false},{"lineNumber":30,"author":{"gitId":"EmDani3l"},"content":"     */","lastModifiedDate":"2026-02-03T17:24:35","isFullCredit":false},{"lineNumber":31,"author":{"gitId":"EmDani3l"},"content":"    public void unmarkDone() {","lastModifiedDate":"2026-01-29T21:35:48","isFullCredit":false},{"lineNumber":32,"author":{"gitId":"EmDani3l"},"content":"        this.isDone \u003d false;","lastModifiedDate":"2026-01-29T21:35:48","isFullCredit":false},{"lineNumber":33,"author":{"gitId":"EmDani3l"},"content":"    }","lastModifiedDate":"2026-01-29T21:35:48","isFullCredit":false},{"lineNumber":34,"author":{"gitId":"EmDani3l"},"content":"","lastModifiedDate":"2026-01-29T21:35:48","isFullCredit":false},{"lineNumber":35,"author":{"gitId":"EmDani3l"},"content":"    /**","lastModifiedDate":"2026-02-03T17:24:35","isFullCredit":false},{"lineNumber":36,"author":{"gitId":"EmDani3l"},"content":"     * Returns a string representation of the task, including its status icon and description.","lastModifiedDate":"2026-02-03T17:24:35","isFullCredit":false},{"lineNumber":37,"author":{"gitId":"EmDani3l"},"content":"     * Returns a formatted string of the task status.","lastModifiedDate":"2026-02-03T17:24:35","isFullCredit":false},{"lineNumber":38,"author":{"gitId":"EmDani3l"},"content":"     */","lastModifiedDate":"2026-02-03T17:24:35","isFullCredit":false},{"lineNumber":39,"author":{"gitId":"EmDani3l"},"content":"    public String toString() {","lastModifiedDate":"2026-01-29T21:35:48","isFullCredit":false},{"lineNumber":40,"author":{"gitId":"EmDani3l"},"content":"        return \"[\" + getStatusIcon() + \"] \" + description;","lastModifiedDate":"2026-01-29T21:35:48","isFullCredit":false},{"lineNumber":41,"author":{"gitId":"EmDani3l"},"content":"    }","lastModifiedDate":"2026-01-29T21:35:48","isFullCredit":false},{"lineNumber":42,"author":{"gitId":"EmDani3l"},"content":"}","lastModifiedDate":"2026-01-29T21:35:48","isFullCredit":false}],"authorContributionMap":{"EmDani3l":42}},{"path":"src/main/java/memz/tasks/Todo.java","fileType":"java","lines":[{"lineNumber":1,"author":{"gitId":"EmDani3l"},"content":"package memz.tasks;","lastModifiedDate":"2026-02-09T23:11:01","isFullCredit":false},{"lineNumber":2,"author":{"gitId":"EmDani3l"},"content":"","lastModifiedDate":"2026-02-09T23:11:01","isFullCredit":false},{"lineNumber":3,"author":{"gitId":"EmDani3l"},"content":"/**","lastModifiedDate":"2026-02-03T17:24:35","isFullCredit":false},{"lineNumber":4,"author":{"gitId":"EmDani3l"},"content":" * Represents a basic task without any date or time constraints.","lastModifiedDate":"2026-02-03T17:24:35","isFullCredit":false},{"lineNumber":5,"author":{"gitId":"EmDani3l"},"content":" * This class extends the {@link Task} class to provide specific","lastModifiedDate":"2026-02-03T17:24:35","isFullCredit":false},{"lineNumber":6,"author":{"gitId":"EmDani3l"},"content":" * identifier labels for \"memz.tasks.Todo\" items.","lastModifiedDate":"2026-02-09T23:11:01","isFullCredit":false},{"lineNumber":7,"author":{"gitId":"EmDani3l"},"content":" */","lastModifiedDate":"2026-02-03T17:24:35","isFullCredit":false},{"lineNumber":8,"author":{"gitId":"EmDani3l"},"content":"public class Todo extends Task {","lastModifiedDate":"2026-02-02T22:58:53","isFullCredit":false},{"lineNumber":9,"author":{"gitId":"EmDani3l"},"content":"","lastModifiedDate":"2026-02-02T22:58:53","isFullCredit":false},{"lineNumber":10,"author":{"gitId":"EmDani3l"},"content":"    /**","lastModifiedDate":"2026-02-03T17:24:35","isFullCredit":false},{"lineNumber":11,"author":{"gitId":"EmDani3l"},"content":"     * Constructs a new memz.tasks.Todo task with the specified description.","lastModifiedDate":"2026-02-09T23:11:01","isFullCredit":false},{"lineNumber":12,"author":{"gitId":"EmDani3l"},"content":"     * Initial status is set to not done.","lastModifiedDate":"2026-02-03T17:24:35","isFullCredit":false},{"lineNumber":13,"author":{"gitId":"EmDani3l"},"content":"     *","lastModifiedDate":"2026-02-03T17:24:35","isFullCredit":false},{"lineNumber":14,"author":{"gitId":"EmDani3l"},"content":"     * @param description The textual description of what needs to be done.","lastModifiedDate":"2026-02-03T17:24:35","isFullCredit":false},{"lineNumber":15,"author":{"gitId":"EmDani3l"},"content":"     */","lastModifiedDate":"2026-02-03T17:24:35","isFullCredit":false},{"lineNumber":16,"author":{"gitId":"EmDani3l"},"content":"    public Todo(String description) {","lastModifiedDate":"2026-02-02T22:58:53","isFullCredit":false},{"lineNumber":17,"author":{"gitId":"EmDani3l"},"content":"        super(description);","lastModifiedDate":"2026-02-02T22:58:53","isFullCredit":false},{"lineNumber":18,"author":{"gitId":"EmDani3l"},"content":"    }","lastModifiedDate":"2026-02-02T22:58:53","isFullCredit":false},{"lineNumber":19,"author":{"gitId":"EmDani3l"},"content":"","lastModifiedDate":"2026-02-02T22:58:53","isFullCredit":false},{"lineNumber":20,"author":{"gitId":"EmDani3l"},"content":"    /**","lastModifiedDate":"2026-02-03T17:24:35","isFullCredit":false},{"lineNumber":21,"author":{"gitId":"EmDani3l"},"content":"     * Returns the string representation of a memz.tasks.Todo task.","lastModifiedDate":"2026-02-09T23:11:01","isFullCredit":false},{"lineNumber":22,"author":{"gitId":"EmDani3l"},"content":"     * Includes the [T] type identifier followed by the task\u0027s status and description.","lastModifiedDate":"2026-02-03T17:24:35","isFullCredit":false},{"lineNumber":23,"author":{"gitId":"EmDani3l"},"content":"     * Returns a formatted string suitable for display in the task list.","lastModifiedDate":"2026-02-03T17:24:35","isFullCredit":false},{"lineNumber":24,"author":{"gitId":"EmDani3l"},"content":"     */","lastModifiedDate":"2026-02-03T17:24:35","isFullCredit":false},{"lineNumber":25,"author":{"gitId":"EmDani3l"},"content":"    @Override","lastModifiedDate":"2026-02-02T22:58:53","isFullCredit":false},{"lineNumber":26,"author":{"gitId":"EmDani3l"},"content":"    public String toString() {","lastModifiedDate":"2026-02-02T22:58:53","isFullCredit":false},{"lineNumber":27,"author":{"gitId":"EmDani3l"},"content":"        return \"[T]\" + super.toString();","lastModifiedDate":"2026-02-02T22:58:53","isFullCredit":false},{"lineNumber":28,"author":{"gitId":"EmDani3l"},"content":"    }","lastModifiedDate":"2026-02-02T22:58:53","isFullCredit":false},{"lineNumber":29,"author":{"gitId":"EmDani3l"},"content":"}","lastModifiedDate":"2026-02-02T22:58:53","isFullCredit":false}],"authorContributionMap":{"EmDani3l":29}},{"path":"src/main/java/memz/ui/Ui.java","fileType":"java","lines":[{"lineNumber":1,"author":{"gitId":"EmDani3l"},"content":"package memz.ui;","lastModifiedDate":"2026-02-09T23:11:01","isFullCredit":false},{"lineNumber":2,"author":{"gitId":"EmDani3l"},"content":"","lastModifiedDate":"2026-02-09T23:11:01","isFullCredit":false},{"lineNumber":3,"author":{"gitId":"EmDani3l"},"content":"public class Ui {","lastModifiedDate":"2026-02-09T22:54:10","isFullCredit":false},{"lineNumber":4,"author":{"gitId":"EmDani3l"},"content":"    // Normal behaviour constants","lastModifiedDate":"2026-02-09T22:54:10","isFullCredit":false},{"lineNumber":5,"author":{"gitId":"EmDani3l"},"content":"    public static final String LINE \u003d \"___________________________________________________________\";","lastModifiedDate":"2026-02-09T22:54:10","isFullCredit":false},{"lineNumber":6,"author":{"gitId":"EmDani3l"},"content":"    public static final String TASK_ADDED_MESSAGE \u003d \"Got it. I\u0027ve added this task:\\n  \";","lastModifiedDate":"2026-02-09T22:54:10","isFullCredit":false},{"lineNumber":7,"author":{"gitId":"EmDani3l"},"content":"    public static final String LIST_MESSAGE \u003d \"Here are your tasks. Stop procrastinating:\";","lastModifiedDate":"2026-02-09T22:54:10","isFullCredit":false},{"lineNumber":8,"author":{"gitId":"EmDani3l"},"content":"    public static final String MARK_TASK_MESSAGE \u003d \"Fine. You can have this one:\\n  \";","lastModifiedDate":"2026-02-09T22:54:10","isFullCredit":false},{"lineNumber":9,"author":{"gitId":"EmDani3l"},"content":"    public static final String UNMARK_TASK_MESSAGE \u003d \"SEE, you\u0027re not done yet:\\n  \";","lastModifiedDate":"2026-02-09T22:54:10","isFullCredit":false},{"lineNumber":10,"author":{"gitId":"EmDani3l"},"content":"    public static final String BYE_MESSAGE \u003d \"Bye. You better watch out.\\n\";","lastModifiedDate":"2026-02-09T22:54:10","isFullCredit":false},{"lineNumber":11,"author":{"gitId":"EmDani3l"},"content":"    public static final String LOGO \u003d \"Hello from\\n\" +","lastModifiedDate":"2026-02-09T22:54:10","isFullCredit":false},{"lineNumber":12,"author":{"gitId":"EmDani3l"},"content":"            \" __  __                      \\n\" +","lastModifiedDate":"2026-02-09T22:54:10","isFullCredit":false},{"lineNumber":13,"author":{"gitId":"EmDani3l"},"content":"            \"|  \\\\/  | ___ _ __ ___  ____ \\n\" +","lastModifiedDate":"2026-02-09T22:54:10","isFullCredit":false},{"lineNumber":14,"author":{"gitId":"EmDani3l"},"content":"            \"| |\\\\/| |/ _ \\\\ \u0027_ ` _ \\\\|_  / \\n\" +","lastModifiedDate":"2026-02-09T22:54:10","isFullCredit":false},{"lineNumber":15,"author":{"gitId":"EmDani3l"},"content":"            \"| |  | |  __/ | | | | |/ /  \\n\" +","lastModifiedDate":"2026-02-09T22:54:10","isFullCredit":false},{"lineNumber":16,"author":{"gitId":"EmDani3l"},"content":"            \"|_|  |_|\\\\___|_| |_| |_/___| \\n\" +","lastModifiedDate":"2026-02-09T22:54:10","isFullCredit":false},{"lineNumber":17,"author":{"gitId":"EmDani3l"},"content":"            \"Want a cookie? Dowan give then how?\\n\";","lastModifiedDate":"2026-02-09T22:54:10","isFullCredit":false},{"lineNumber":18,"author":{"gitId":"EmDani3l"},"content":"","lastModifiedDate":"2026-02-09T22:54:10","isFullCredit":false},{"lineNumber":19,"author":{"gitId":"EmDani3l"},"content":"    // Formatting constants","lastModifiedDate":"2026-02-09T22:54:10","isFullCredit":false},{"lineNumber":20,"author":{"gitId":"EmDani3l"},"content":"    public static final String PROPER_TODO_FORMAT \u003d \"Correct format: todo \u003cdescription\u003e\";","lastModifiedDate":"2026-02-09T22:54:10","isFullCredit":false},{"lineNumber":21,"author":{"gitId":"EmDani3l"},"content":"    public static final String PROPER_DEADLINE_FORMAT \u003d \"Correct format: deadline \u003cdescription\u003e /by \u003ctime\u003e\";","lastModifiedDate":"2026-02-09T22:54:10","isFullCredit":false},{"lineNumber":22,"author":{"gitId":"EmDani3l"},"content":"    public static final String PROPER_EVENT_FORMAT \u003d \"Correct format: event \u003cdescription\u003e /from \u003cstart\u003e /to \u003cend\u003e\";","lastModifiedDate":"2026-02-09T22:54:10","isFullCredit":false},{"lineNumber":23,"author":{"gitId":"EmDani3l"},"content":"","lastModifiedDate":"2026-02-09T22:54:10","isFullCredit":false},{"lineNumber":24,"author":{"gitId":"EmDani3l"},"content":"    // Overall format constant","lastModifiedDate":"2026-02-09T22:54:10","isFullCredit":false},{"lineNumber":25,"author":{"gitId":"EmDani3l"},"content":"    public static final String PROPER_OVERALL_FORMAT \u003d \"Please follow the given input format:\\n\"","lastModifiedDate":"2026-02-09T22:54:10","isFullCredit":false},{"lineNumber":26,"author":{"gitId":"EmDani3l"},"content":"            + PROPER_TODO_FORMAT","lastModifiedDate":"2026-02-09T22:54:10","isFullCredit":false},{"lineNumber":27,"author":{"gitId":"EmDani3l"},"content":"            + \" | \"","lastModifiedDate":"2026-02-09T22:54:10","isFullCredit":false},{"lineNumber":28,"author":{"gitId":"EmDani3l"},"content":"            + PROPER_DEADLINE_FORMAT","lastModifiedDate":"2026-02-09T22:54:10","isFullCredit":false},{"lineNumber":29,"author":{"gitId":"EmDani3l"},"content":"            + \" | \"","lastModifiedDate":"2026-02-09T22:54:10","isFullCredit":false},{"lineNumber":30,"author":{"gitId":"EmDani3l"},"content":"            + PROPER_EVENT_FORMAT;","lastModifiedDate":"2026-02-09T22:54:10","isFullCredit":false},{"lineNumber":31,"author":{"gitId":"EmDani3l"},"content":"","lastModifiedDate":"2026-02-09T22:54:10","isFullCredit":false},{"lineNumber":32,"author":{"gitId":"EmDani3l"},"content":"    // Error message constants","lastModifiedDate":"2026-02-09T22:54:10","isFullCredit":false},{"lineNumber":33,"author":{"gitId":"EmDani3l"},"content":"    public static final String ERROR_UNKNOWN_COMMAND \u003d \"OI. I don\u0027t know what that means.\\n\";","lastModifiedDate":"2026-02-09T22:54:10","isFullCredit":false},{"lineNumber":34,"author":{"gitId":"EmDani3l"},"content":"    public static final String ERROR_EMPTY_TODO \u003d \"Stop pretending to do nothing.\\n\";","lastModifiedDate":"2026-02-09T22:54:10","isFullCredit":false},{"lineNumber":35,"author":{"gitId":"EmDani3l"},"content":"    public static final String ERROR_EMPTY_DEADLINE \u003d \"memz.tasks.Deadline cannot not exist.\\n\";","lastModifiedDate":"2026-02-09T23:11:01","isFullCredit":false},{"lineNumber":36,"author":{"gitId":"EmDani3l"},"content":"    public static final String ERROR_MISSING_BY \u003d \"You ain\u0027t running from this one.\\n\";","lastModifiedDate":"2026-02-09T22:54:10","isFullCredit":false},{"lineNumber":37,"author":{"gitId":"EmDani3l"},"content":"    public static final String ERROR_EMPTY_EVENT \u003d \"Events are not imaginary.\\n\";","lastModifiedDate":"2026-02-09T22:54:10","isFullCredit":false},{"lineNumber":38,"author":{"gitId":"EmDani3l"},"content":"    public static final String ERROR_MISSING_FROM_TO \u003d \"An event only begins if it ends and only ends if it begins.\\n\";","lastModifiedDate":"2026-02-09T22:54:10","isFullCredit":false},{"lineNumber":39,"author":{"gitId":"EmDani3l"},"content":"    public static final String ERROR_INVALID_NUMBER \u003d \"Do you know what a number is??\\nExample: mark 1\";","lastModifiedDate":"2026-02-09T22:54:10","isFullCredit":false},{"lineNumber":40,"author":{"gitId":"EmDani3l"},"content":"    public static final String ERROR_INDEX_OUT_OF_BOUNDS \u003d \"I know you are not THAT busy. Pick a task you actually have.\";","lastModifiedDate":"2026-02-09T22:54:10","isFullCredit":false},{"lineNumber":41,"author":{"gitId":"EmDani3l"},"content":"}","lastModifiedDate":"2026-02-09T22:54:10","isFullCredit":false}],"authorContributionMap":{"EmDani3l":41}},{"path":"text-ui-test/input.txt","fileType":"txt","lines":[{"lineNumber":1,"author":{"gitId":"EmDani3l"},"content":"todo read book","lastModifiedDate":"2026-02-02T23:38:47","isFullCredit":false},{"lineNumber":2,"author":{"gitId":"EmDani3l"},"content":"deadline return book /by Sunday","lastModifiedDate":"2026-02-02T23:38:47","isFullCredit":false},{"lineNumber":3,"author":{"gitId":"EmDani3l"},"content":"todo join sports club","lastModifiedDate":"2026-02-02T23:38:47","isFullCredit":false},{"lineNumber":4,"author":{"gitId":"EmDani3l"},"content":"event project meeting /from Mon 2pm /to 4pm","lastModifiedDate":"2026-02-02T23:38:47","isFullCredit":false},{"lineNumber":5,"author":{"gitId":"EmDani3l"},"content":"list","lastModifiedDate":"2026-02-02T23:38:47","isFullCredit":false},{"lineNumber":6,"author":{"gitId":"EmDani3l"},"content":"mark 1","lastModifiedDate":"2026-02-02T23:38:47","isFullCredit":false},{"lineNumber":7,"author":{"gitId":"EmDani3l"},"content":"mark 4","lastModifiedDate":"2026-02-02T23:38:47","isFullCredit":false},{"lineNumber":8,"author":{"gitId":"EmDani3l"},"content":"list","lastModifiedDate":"2026-02-02T23:38:47","isFullCredit":false},{"lineNumber":9,"author":{"gitId":"EmDani3l"},"content":"unmark 1","lastModifiedDate":"2026-02-02T23:38:47","isFullCredit":false},{"lineNumber":10,"author":{"gitId":"EmDani3l"},"content":"randomCommand","lastModifiedDate":"2026-02-02T23:38:47","isFullCredit":false},{"lineNumber":11,"author":{"gitId":"EmDani3l"},"content":"todo","lastModifiedDate":"2026-02-09T22:54:10","isFullCredit":false},{"lineNumber":12,"author":{"gitId":"EmDani3l"},"content":"deadline","lastModifiedDate":"2026-02-09T22:54:10","isFullCredit":false},{"lineNumber":13,"author":{"gitId":"EmDani3l"},"content":"deadline return book","lastModifiedDate":"2026-02-09T22:54:10","isFullCredit":false},{"lineNumber":14,"author":{"gitId":"EmDani3l"},"content":"deadline return book /by","lastModifiedDate":"2026-02-09T22:54:10","isFullCredit":false},{"lineNumber":15,"author":{"gitId":"EmDani3l"},"content":"event","lastModifiedDate":"2026-02-09T22:54:10","isFullCredit":false},{"lineNumber":16,"author":{"gitId":"EmDani3l"},"content":"event project meeting","lastModifiedDate":"2026-02-09T22:54:10","isFullCredit":false},{"lineNumber":17,"author":{"gitId":"EmDani3l"},"content":"event project meeting /from Mon 2pm","lastModifiedDate":"2026-02-09T22:54:10","isFullCredit":false},{"lineNumber":18,"author":{"gitId":"EmDani3l"},"content":"mark","lastModifiedDate":"2026-02-09T22:54:10","isFullCredit":false},{"lineNumber":19,"author":{"gitId":"EmDani3l"},"content":"mark abc","lastModifiedDate":"2026-02-09T22:54:10","isFullCredit":false},{"lineNumber":20,"author":{"gitId":"EmDani3l"},"content":"mark 100","lastModifiedDate":"2026-02-09T22:54:10","isFullCredit":false},{"lineNumber":21,"author":{"gitId":"EmDani3l"},"content":"bye","lastModifiedDate":"2026-02-02T23:38:47","isFullCredit":false}],"authorContributionMap":{"EmDani3l":21}},{"path":"text-ui-test/runtest.bat","fileType":"bat","lines":[{"lineNumber":1,"author":{"gitId":"-"},"content":"@ECHO OFF","lastModifiedDate":"2020-05-25T00:03:55","isFullCredit":false},{"lineNumber":2,"author":{"gitId":"-"},"content":"","lastModifiedDate":"2020-05-25T00:03:55","isFullCredit":false},{"lineNumber":3,"author":{"gitId":"-"},"content":"REM create bin directory if it doesn\u0027t exist","lastModifiedDate":"2020-05-25T00:03:55","isFullCredit":false},{"lineNumber":4,"author":{"gitId":"-"},"content":"if not exist ..\\bin mkdir ..\\bin","lastModifiedDate":"2020-05-25T00:03:55","isFullCredit":false},{"lineNumber":5,"author":{"gitId":"-"},"content":"","lastModifiedDate":"2020-05-25T00:03:55","isFullCredit":false},{"lineNumber":6,"author":{"gitId":"-"},"content":"REM delete output from previous run","lastModifiedDate":"2020-05-25T00:03:55","isFullCredit":false},{"lineNumber":7,"author":{"gitId":"-"},"content":"if exist ACTUAL.TXT del ACTUAL.TXT","lastModifiedDate":"2020-08-25T17:23:26","isFullCredit":false},{"lineNumber":8,"author":{"gitId":"-"},"content":"","lastModifiedDate":"2020-05-25T00:03:55","isFullCredit":false},{"lineNumber":9,"author":{"gitId":"-"},"content":"REM compile the code into the bin folder","lastModifiedDate":"2020-05-25T00:03:55","isFullCredit":false},{"lineNumber":10,"author":{"gitId":"EmDani3l"},"content":"REM Updates: Points to memz\\Memz.java. Java will find the dependencies (Ui, Tasks) automatically.","lastModifiedDate":"2026-02-09T23:11:01","isFullCredit":false},{"lineNumber":11,"author":{"gitId":"EmDani3l"},"content":"javac  -cp ..\\src\\main\\java -Xlint:none -d ..\\bin ..\\src\\main\\java\\memz\\Memz.java","lastModifiedDate":"2026-02-09T23:11:01","isFullCredit":false},{"lineNumber":12,"author":{"gitId":"-"},"content":"IF ERRORLEVEL 1 (","lastModifiedDate":"2020-05-25T00:03:55","isFullCredit":false},{"lineNumber":13,"author":{"gitId":"-"},"content":"    echo ********** BUILD FAILURE **********","lastModifiedDate":"2020-05-25T00:03:55","isFullCredit":false},{"lineNumber":14,"author":{"gitId":"-"},"content":"    exit /b 1","lastModifiedDate":"2020-05-25T00:03:55","isFullCredit":false},{"lineNumber":15,"author":{"gitId":"-"},"content":")","lastModifiedDate":"2020-05-25T00:03:55","isFullCredit":false},{"lineNumber":16,"author":{"gitId":"-"},"content":"REM no error here, errorlevel \u003d\u003d 0","lastModifiedDate":"2020-05-25T00:03:55","isFullCredit":false},{"lineNumber":17,"author":{"gitId":"-"},"content":"","lastModifiedDate":"2020-05-25T00:03:55","isFullCredit":false},{"lineNumber":18,"author":{"gitId":"-"},"content":"REM run the program, feed commands from input.txt file and redirect the output to the ACTUAL.TXT","lastModifiedDate":"2020-05-25T00:03:55","isFullCredit":false},{"lineNumber":19,"author":{"gitId":"EmDani3l"},"content":"REM Updates: Runs the class \"memz.Memz\" (Package.ClassName)","lastModifiedDate":"2026-02-09T23:11:01","isFullCredit":false},{"lineNumber":20,"author":{"gitId":"EmDani3l"},"content":"java -classpath ..\\bin memz.Memz \u003c input.txt \u003e ACTUAL.TXT","lastModifiedDate":"2026-02-09T23:11:01","isFullCredit":false},{"lineNumber":21,"author":{"gitId":"-"},"content":"","lastModifiedDate":"2020-05-25T00:03:55","isFullCredit":false},{"lineNumber":22,"author":{"gitId":"-"},"content":"REM compare the output to the expected output","lastModifiedDate":"2020-05-25T00:03:55","isFullCredit":false},{"lineNumber":23,"author":{"gitId":"-"},"content":"FC ACTUAL.TXT EXPECTED.TXT","lastModifiedDate":"2020-05-25T00:03:55","isFullCredit":false}],"authorContributionMap":{"EmDani3l":4,"-":19}}]
