[{"path":"src/main/java/Memz.java","fileType":"java","lines":[{"lineNumber":1,"author":{"gitId":"EmDani3l"},"content":"import java.util.Scanner;","lastModifiedDate":"2026-01-28T18:42:57","isFullCredit":false},{"lineNumber":2,"author":{"gitId":"EmDani3l"},"content":"","lastModifiedDate":"2026-01-28T18:42:57","isFullCredit":false},{"lineNumber":3,"author":{"gitId":"EmDani3l"},"content":"public class Memz {","lastModifiedDate":"2026-01-23T23:22:35","isFullCredit":false},{"lineNumber":4,"author":{"gitId":"EmDani3l"},"content":"    public static void main(String[] args) {","lastModifiedDate":"2026-01-23T23:22:35","isFullCredit":false},{"lineNumber":5,"author":{"gitId":"EmDani3l"},"content":"","lastModifiedDate":"2026-01-28T18:42:57","isFullCredit":false},{"lineNumber":6,"author":{"gitId":"EmDani3l"},"content":"        Scanner in \u003d new Scanner(System.in);","lastModifiedDate":"2026-01-28T18:42:57","isFullCredit":false},{"lineNumber":7,"author":{"gitId":"EmDani3l"},"content":"","lastModifiedDate":"2026-01-28T18:42:57","isFullCredit":false},{"lineNumber":8,"author":{"gitId":"EmDani3l"},"content":"        System.out.println(\"Hello from\");","lastModifiedDate":"2026-01-29T14:51:22","isFullCredit":false},{"lineNumber":9,"author":{"gitId":"EmDani3l"},"content":"        System.out.println(\" __  __                      \");","lastModifiedDate":"2026-01-29T14:51:22","isFullCredit":false},{"lineNumber":10,"author":{"gitId":"EmDani3l"},"content":"        System.out.println(\"|  \\\\/  | ___ _ __ ___  ____ \");","lastModifiedDate":"2026-01-29T14:51:22","isFullCredit":false},{"lineNumber":11,"author":{"gitId":"EmDani3l"},"content":"        System.out.println(\"| |\\\\/| |/ _ \\\\ \u0027_ ` _ \\\\|_  / \");","lastModifiedDate":"2026-01-29T14:51:22","isFullCredit":false},{"lineNumber":12,"author":{"gitId":"EmDani3l"},"content":"        System.out.println(\"| |  | |  __/ | | | | |/ /  \");","lastModifiedDate":"2026-01-29T14:51:22","isFullCredit":false},{"lineNumber":13,"author":{"gitId":"EmDani3l"},"content":"        System.out.println(\"|_|  |_|\\\\___|_| |_| |_/___| \");","lastModifiedDate":"2026-01-29T14:51:22","isFullCredit":false},{"lineNumber":14,"author":{"gitId":"EmDani3l"},"content":"        System.out.println(\"Want a cookie? Dowan give then how?\\n\");","lastModifiedDate":"2026-01-29T14:51:22","isFullCredit":false},{"lineNumber":15,"author":{"gitId":"EmDani3l"},"content":"","lastModifiedDate":"2026-01-29T14:51:22","isFullCredit":false},{"lineNumber":16,"author":{"gitId":"EmDani3l"},"content":"        Task[] tasks \u003d new Task[100];","lastModifiedDate":"2026-01-29T21:35:48","isFullCredit":false},{"lineNumber":17,"author":{"gitId":"EmDani3l"},"content":"        int taskCount \u003d 0;","lastModifiedDate":"2026-01-29T21:35:48","isFullCredit":false},{"lineNumber":18,"author":{"gitId":"EmDani3l"},"content":"","lastModifiedDate":"2026-01-28T18:42:57","isFullCredit":false},{"lineNumber":19,"author":{"gitId":"EmDani3l"},"content":"        while (true) {","lastModifiedDate":"2026-01-28T18:42:57","isFullCredit":false},{"lineNumber":20,"author":{"gitId":"EmDani3l"},"content":"            String input \u003d in.nextLine();","lastModifiedDate":"2026-01-28T18:42:57","isFullCredit":false},{"lineNumber":21,"author":{"gitId":"EmDani3l"},"content":"            System.out.println(\"___________________________________________________________\\n\");","lastModifiedDate":"2026-01-28T18:42:57","isFullCredit":false},{"lineNumber":22,"author":{"gitId":"EmDani3l"},"content":"","lastModifiedDate":"2026-01-28T18:42:57","isFullCredit":false},{"lineNumber":23,"author":{"gitId":"EmDani3l"},"content":"            if (input.equals(\"bye\")) {","lastModifiedDate":"2026-01-28T18:42:57","isFullCredit":false},{"lineNumber":24,"author":{"gitId":"EmDani3l"},"content":"                //exit condition","lastModifiedDate":"2026-01-29T22:00:23","isFullCredit":false},{"lineNumber":25,"author":{"gitId":"EmDani3l"},"content":"                System.out.println(\"Bye. You better watch out.\\n\"","lastModifiedDate":"2026-01-29T21:35:48","isFullCredit":false},{"lineNumber":26,"author":{"gitId":"EmDani3l"},"content":"                        + \"___________________________________________________________\");","lastModifiedDate":"2026-01-28T18:42:57","isFullCredit":false},{"lineNumber":27,"author":{"gitId":"EmDani3l"},"content":"                break;","lastModifiedDate":"2026-01-28T18:42:57","isFullCredit":false},{"lineNumber":28,"author":{"gitId":"EmDani3l"},"content":"            } else if (input.equals(\"list\")) {","lastModifiedDate":"2026-01-29T22:00:23","isFullCredit":false},{"lineNumber":29,"author":{"gitId":"EmDani3l"},"content":"                System.out.println(\"Here are your tasks. Stop procrastinating:\");","lastModifiedDate":"2026-01-29T21:35:48","isFullCredit":false},{"lineNumber":30,"author":{"gitId":"EmDani3l"},"content":"                for (int i \u003d 0; i \u003c taskCount; i++) {","lastModifiedDate":"2026-01-29T21:35:48","isFullCredit":false},{"lineNumber":31,"author":{"gitId":"EmDani3l"},"content":"                    System.out.println((i + 1) + \". \" + tasks[i].toString());","lastModifiedDate":"2026-01-29T21:35:48","isFullCredit":false},{"lineNumber":32,"author":{"gitId":"EmDani3l"},"content":"                }","lastModifiedDate":"2026-01-29T14:51:22","isFullCredit":false},{"lineNumber":33,"author":{"gitId":"EmDani3l"},"content":"            } else if (input.startsWith(\"mark\")) {","lastModifiedDate":"2026-01-29T22:00:23","isFullCredit":false},{"lineNumber":34,"author":{"gitId":"EmDani3l"},"content":"                //set a task as done","lastModifiedDate":"2026-01-29T22:00:23","isFullCredit":false},{"lineNumber":35,"author":{"gitId":"EmDani3l"},"content":"                int idx \u003d Integer.parseInt(input.substring(5)) - 1;","lastModifiedDate":"2026-01-29T21:35:48","isFullCredit":false},{"lineNumber":36,"author":{"gitId":"EmDani3l"},"content":"                tasks[idx].markAsDone();","lastModifiedDate":"2026-01-29T21:35:48","isFullCredit":false},{"lineNumber":37,"author":{"gitId":"EmDani3l"},"content":"                System.out.println(\"Fine. You can have this one:\");","lastModifiedDate":"2026-01-29T21:35:48","isFullCredit":false},{"lineNumber":38,"author":{"gitId":"EmDani3l"},"content":"                System.out.println(\"  \" + tasks[idx]);","lastModifiedDate":"2026-01-29T21:35:48","isFullCredit":false},{"lineNumber":39,"author":{"gitId":"EmDani3l"},"content":"            } else if (input.startsWith(\"unmark\")) {","lastModifiedDate":"2026-01-29T22:00:23","isFullCredit":false},{"lineNumber":40,"author":{"gitId":"EmDani3l"},"content":"                //set a task as not being done","lastModifiedDate":"2026-01-29T22:00:23","isFullCredit":false},{"lineNumber":41,"author":{"gitId":"EmDani3l"},"content":"                int idx \u003d Integer.parseInt(input.substring(7)) - 1;","lastModifiedDate":"2026-01-29T21:35:48","isFullCredit":false},{"lineNumber":42,"author":{"gitId":"EmDani3l"},"content":"                tasks[idx].unmarkDone();","lastModifiedDate":"2026-01-29T21:35:48","isFullCredit":false},{"lineNumber":43,"author":{"gitId":"EmDani3l"},"content":"                System.out.println(\"SEE, you\u0027re not done yet:\");","lastModifiedDate":"2026-01-29T21:35:48","isFullCredit":false},{"lineNumber":44,"author":{"gitId":"EmDani3l"},"content":"                System.out.println(\"  \" + tasks[idx]);","lastModifiedDate":"2026-01-29T21:35:48","isFullCredit":false},{"lineNumber":45,"author":{"gitId":"EmDani3l"},"content":"            } else {","lastModifiedDate":"2026-01-29T22:00:23","isFullCredit":false},{"lineNumber":46,"author":{"gitId":"EmDani3l"},"content":"                tasks[taskCount] \u003d new Task(input);","lastModifiedDate":"2026-01-29T21:35:48","isFullCredit":false},{"lineNumber":47,"author":{"gitId":"EmDani3l"},"content":"                taskCount++;","lastModifiedDate":"2026-01-29T21:35:48","isFullCredit":false},{"lineNumber":48,"author":{"gitId":"EmDani3l"},"content":"                System.out.println(\"added: \" + input);","lastModifiedDate":"2026-01-29T14:51:22","isFullCredit":false},{"lineNumber":49,"author":{"gitId":"EmDani3l"},"content":"            }","lastModifiedDate":"2026-01-28T18:42:57","isFullCredit":false},{"lineNumber":50,"author":{"gitId":"EmDani3l"},"content":"            System.out.println(\"___________________________________________________________\");","lastModifiedDate":"2026-01-29T21:35:48","isFullCredit":false},{"lineNumber":51,"author":{"gitId":"EmDani3l"},"content":"        }","lastModifiedDate":"2026-01-28T18:42:57","isFullCredit":false},{"lineNumber":52,"author":{"gitId":"EmDani3l"},"content":"    }","lastModifiedDate":"2026-01-23T23:22:35","isFullCredit":false},{"lineNumber":53,"author":{"gitId":"EmDani3l"},"content":"}","lastModifiedDate":"2026-01-23T23:22:35","isFullCredit":false}],"authorContributionMap":{"EmDani3l":53}},{"path":"src/main/java/Task.java","fileType":"java","lines":[{"lineNumber":1,"author":{"gitId":"EmDani3l"},"content":"public class Task {","lastModifiedDate":"2026-01-29T21:35:48","isFullCredit":false},{"lineNumber":2,"author":{"gitId":"EmDani3l"},"content":"    private String description;","lastModifiedDate":"2026-01-29T21:35:48","isFullCredit":false},{"lineNumber":3,"author":{"gitId":"EmDani3l"},"content":"    private boolean isDone;","lastModifiedDate":"2026-01-29T21:35:48","isFullCredit":false},{"lineNumber":4,"author":{"gitId":"EmDani3l"},"content":"","lastModifiedDate":"2026-01-29T21:35:48","isFullCredit":false},{"lineNumber":5,"author":{"gitId":"EmDani3l"},"content":"    public Task(String description) {","lastModifiedDate":"2026-01-29T21:35:48","isFullCredit":false},{"lineNumber":6,"author":{"gitId":"EmDani3l"},"content":"        this.description \u003d description;","lastModifiedDate":"2026-01-29T21:35:48","isFullCredit":false},{"lineNumber":7,"author":{"gitId":"EmDani3l"},"content":"        this.isDone \u003d false;","lastModifiedDate":"2026-01-29T21:35:48","isFullCredit":false},{"lineNumber":8,"author":{"gitId":"EmDani3l"},"content":"    }","lastModifiedDate":"2026-01-29T21:35:48","isFullCredit":false},{"lineNumber":9,"author":{"gitId":"EmDani3l"},"content":"","lastModifiedDate":"2026-01-29T21:35:48","isFullCredit":false},{"lineNumber":10,"author":{"gitId":"EmDani3l"},"content":"    public String getStatusIcon() {","lastModifiedDate":"2026-01-29T21:35:48","isFullCredit":false},{"lineNumber":11,"author":{"gitId":"EmDani3l"},"content":"        //Change to [X] if marked as done, otherwise leave blank","lastModifiedDate":"2026-01-29T22:00:23","isFullCredit":false},{"lineNumber":12,"author":{"gitId":"EmDani3l"},"content":"        return (isDone ? \"X\" : \" \");","lastModifiedDate":"2026-01-29T21:35:48","isFullCredit":false},{"lineNumber":13,"author":{"gitId":"EmDani3l"},"content":"    }","lastModifiedDate":"2026-01-29T21:35:48","isFullCredit":false},{"lineNumber":14,"author":{"gitId":"EmDani3l"},"content":"","lastModifiedDate":"2026-01-29T21:35:48","isFullCredit":false},{"lineNumber":15,"author":{"gitId":"EmDani3l"},"content":"    public void markAsDone() {","lastModifiedDate":"2026-01-29T21:35:48","isFullCredit":false},{"lineNumber":16,"author":{"gitId":"EmDani3l"},"content":"        this.isDone \u003d true;","lastModifiedDate":"2026-01-29T21:35:48","isFullCredit":false},{"lineNumber":17,"author":{"gitId":"EmDani3l"},"content":"    }","lastModifiedDate":"2026-01-29T21:35:48","isFullCredit":false},{"lineNumber":18,"author":{"gitId":"EmDani3l"},"content":"","lastModifiedDate":"2026-01-29T21:35:48","isFullCredit":false},{"lineNumber":19,"author":{"gitId":"EmDani3l"},"content":"    public void unmarkDone() {","lastModifiedDate":"2026-01-29T21:35:48","isFullCredit":false},{"lineNumber":20,"author":{"gitId":"EmDani3l"},"content":"        this.isDone \u003d false;","lastModifiedDate":"2026-01-29T21:35:48","isFullCredit":false},{"lineNumber":21,"author":{"gitId":"EmDani3l"},"content":"    }","lastModifiedDate":"2026-01-29T21:35:48","isFullCredit":false},{"lineNumber":22,"author":{"gitId":"EmDani3l"},"content":"","lastModifiedDate":"2026-01-29T21:35:48","isFullCredit":false},{"lineNumber":23,"author":{"gitId":"EmDani3l"},"content":"    public String toString() {","lastModifiedDate":"2026-01-29T21:35:48","isFullCredit":false},{"lineNumber":24,"author":{"gitId":"EmDani3l"},"content":"        return \"[\" + getStatusIcon() + \"] \" + description;","lastModifiedDate":"2026-01-29T21:35:48","isFullCredit":false},{"lineNumber":25,"author":{"gitId":"EmDani3l"},"content":"    }","lastModifiedDate":"2026-01-29T21:35:48","isFullCredit":false},{"lineNumber":26,"author":{"gitId":"EmDani3l"},"content":"}","lastModifiedDate":"2026-01-29T21:35:48","isFullCredit":false}],"authorContributionMap":{"EmDani3l":26}}]
