{"authorDailyContributionsMap":{"ivan-tan":[{"date":"2026-01-19T00:00:00","commitResults":[{"hash":"b4a05ff67f9f1029e5a58dcebb69d86e51716bf6","isMergeCommit":false,"messageTitle":"Set up chatbot. Rename Duke to Ashley","messageBody":"","fileTypesAndContributionMap":{"java":{"insertions":11,"deletions":10},"bat":{"insertions":1,"deletions":1},"md":{"insertions":3,"deletions":3}}}]},{"date":"2026-01-26T00:00:00","commitResults":[{"hash":"8ba588a203dcc4cc50842be4af30e3b4f9dca8d9","isMergeCommit":false,"messageTitle":"Set up chatbot","messageBody":"","tags":["Level-0"],"fileTypesAndContributionMap":{"java":{"insertions":11,"deletions":10},"bat":{"insertions":1,"deletions":1},"md":{"insertions":3,"deletions":3}}},{"hash":"cf0ca3dc1417765f053fe43e68af8d81d179f19e","isMergeCommit":false,"messageTitle":"Add echo method","messageBody":"This allows Ashley to echo the user input\n","tags":["Level-1"],"fileTypesAndContributionMap":{"java":{"insertions":23,"deletions":5}}},{"hash":"d6c0ad543d2b26faf79e825a5525804ccaa0185a","isMergeCommit":true,"messageTitle":"Resolve conflict with Ashley.java","messageBody":"","fileTypesAndContributionMap":{}},{"hash":"fb559b7ba64bf6e21148e57c38a051618ec477f1","isMergeCommit":false,"messageTitle":"Allow user to add or list tasks","messageBody":"","tags":["Level-2"],"fileTypesAndContributionMap":{"java":{"insertions":43,"deletions":3}}},{"hash":"6fedb60759f27591379f8d2ad31132852bab0680","isMergeCommit":false,"messageTitle":"Allow user to mark or unmark tasks","messageBody":"","tags":["Level-3","A-CodingStandard"],"fileTypesAndContributionMap":{"java":{"insertions":37,"deletions":1}}}]}]},"authorFileTypeContributionMap":{"ivan-tan":{"java":105,"md":3,"fxml":0,"sh":0,"bat":1,"gradle":0,"txt":0}},"authorContributionVariance":{"ivan-tan":1062.0248},"authorDisplayNameMap":{"ivan-tan":"CS2113-W11-3 TAN ..IVAN"}}
