{"authorDailyContributionsMap":{"j-kennethh":[{"date":"2026-01-21T00:00:00","commitResults":[{"hash":"72e1221a61f5fe7dc821086863a339bdb42428dc","isMergeCommit":false,"messageTitle":"Implement initial skeletal version","messageBody":"","fileTypesAndContributionMap":{"java":{"insertions":12,"deletions":10}}}]},{"date":"2026-01-27T00:00:00","commitResults":[{"hash":"e81f259bfde2e4427c64c23934e2506e095a8aee","isMergeCommit":false,"messageTitle":"Add echo feature","messageBody":"","tags":["Level-1"],"fileTypesAndContributionMap":{"java":{"insertions":14,"deletions":0}}}]},{"date":"2026-01-29T00:00:00","commitResults":[{"hash":"f2931fd4a1638f0a0bbd701c03c59d7b689c24b6","isMergeCommit":false,"messageTitle":"Implement add and list tasks feature","messageBody":"","tags":["Level-2"],"fileTypesAndContributionMap":{"java":{"insertions":20,"deletions":3}}},{"hash":"330319dc1396d31a348eff6c8464654e9abdd4b3","isMergeCommit":false,"messageTitle":"Add checkboxes to task","messageBody":"","fileTypesAndContributionMap":{"java":{"insertions":7,"deletions":1}}}]},{"date":"2026-01-30T00:00:00","commitResults":[{"hash":"9d5fbfba72c6813d3acde7851eee3eb806dfe606","isMergeCommit":false,"messageTitle":"Refactor code to use Task class","messageBody":"","fileTypesAndContributionMap":{"java":{"insertions":51,"deletions":20}}},{"hash":"45d12e732b2169f3bc77c24c3016bafaf84644e1","isMergeCommit":false,"messageTitle":"Add feature to mark and unmark tasks","messageBody":"","tags":["Level-3","A-CodingStandard"],"fileTypesAndContributionMap":{"java":{"insertions":19,"deletions":1}}}]}]},"authorFileTypeContributionMap":{"j-kennethh":{"java":98,"md":0,"fxml":0,"sh":0,"bat":0,"gradle":0,"txt":0}},"authorContributionVariance":{"j-kennethh":399.42148},"authorDisplayNameMap":{"j-kennethh":"CS2113-F14-2 JOHN..PAOA"}}
