{"authorDailyContributionsMap":{"TrijalSrimal":[{"date":"2026-01-25T00:00:00","commitResults":[{"hash":"c02d50fde43ffa91f8bb4b36d7b8781c04b108ca","isMergeCommit":false,"messageTitle":"Renamed the bot to Encik","messageBody":"","tags":["Level-0"],"fileTypesAndContributionMap":{"java":{"insertions":18,"deletions":10},"md":{"insertions":1,"deletions":1}}}]},{"date":"2026-01-29T00:00:00","commitResults":[{"hash":"c1d5793e53492561b4f2f81e57069ddba59062ff","isMergeCommit":false,"messageTitle":"Implement echo functionality","messageBody":"","tags":["Level-1"],"fileTypesAndContributionMap":{"java":{"insertions":26,"deletions":4},"md":{"insertions":25,"deletions":15}}},{"hash":"dd6497143b3e26868944e52b0302485cfd731a4c","isMergeCommit":false,"messageTitle":"Add task storage and list feature","messageBody":"","tags":["Level-2"],"fileTypesAndContributionMap":{"java":{"insertions":22,"deletions":4},"md":{"insertions":21,"deletions":4}}},{"hash":"47461f5afa4f6202aa81d5f2bf1ce2baa4dfc36f","isMergeCommit":false,"messageTitle":"Add mark and unmark task feature","messageBody":"","tags":["Level-3"],"fileTypesAndContributionMap":{"java":{"insertions":52,"deletions":5},"md":{"insertions":59,"deletions":3}}}]},{"date":"2026-02-04T00:00:00","commitResults":[{"hash":"ae3cca1faf7714db928104435d99abe08fa5c92a","isMergeCommit":false,"messageTitle":"Implement Event and Deadline","messageBody":"","fileTypesAndContributionMap":{"java":{"insertions":81,"deletions":4}}},{"hash":"0f67fd016ac4a5bd706fde2615327dd6ac1f13dd","isMergeCommit":false,"messageTitle":"Follow Code Quality Standards and Update Documentation","messageBody":"","tags":["A-CodeQuality"],"fileTypesAndContributionMap":{"java":{"insertions":11,"deletions":4},"md":{"insertions":97,"deletions":85}}}]},{"date":"2026-02-06T00:00:00","commitResults":[{"hash":"e8443051a38d8ef310af282ac304a19b2775aa4b","isMergeCommit":false,"messageTitle":"Improve code based on peer review","messageBody":"","tags":["Review-Improvements"],"fileTypesAndContributionMap":{"java":{"insertions":300,"deletions":85}}}]}]},"authorFileTypeContributionMap":{"TrijalSrimal":{"java":404,"md":131,"fxml":0,"sh":0,"bat":0,"gradle":0,"txt":0}},"authorContributionVariance":{"TrijalSrimal":8826.697},"authorDisplayNameMap":{"TrijalSrimal":"CS2113-F14-1 SRIM..IJAL"}}
