{"authorDailyContributionsMap":{"sushmiithaa":[{"date":"2026-01-21T00:00:00","commitResults":[{"hash":"e406f878bdef1b1111ec70a13691ebe249579d17","isMergeCommit":false,"messageTitle":"Rename chatbot, implement greeting","messageBody":"","tags":["Level-0"],"fileTypesAndContributionMap":{"java":{"insertions":12,"deletions":10}}}]},{"date":"2026-01-28T00:00:00","commitResults":[{"hash":"f1b13bd1d6d738245c26690b4a7dbd24402923d3","isMergeCommit":false,"messageTitle":"Echo user input until \u0027bye\u0027 command","messageBody":"","tags":["Level-1"],"fileTypesAndContributionMap":{"java":{"insertions":12,"deletions":8}}},{"hash":"af978606484dbd13da16949d42565f593ab89f1e","isMergeCommit":false,"messageTitle":"Add and list tasks","messageBody":"","tags":["Level-2"],"fileTypesAndContributionMap":{"java":{"insertions":19,"deletions":2}}}]},{"date":"2026-01-29T00:00:00","commitResults":[{"hash":"8177c99927c0a683d467b42a5cc5ebdc46bf583f","isMergeCommit":false,"messageTitle":"Add mark and unmark tasks","messageBody":"","tags":["Level-3","A-Classes"],"fileTypesAndContributionMap":{"java":{"insertions":50,"deletions":8}}},{"hash":"2d2a25a0065ccfafcf6333afd6a82b63d8ad0c5e","isMergeCommit":false,"messageTitle":"Tweak code to follow coding standards","messageBody":"","tags":["A-CodingStandard"],"fileTypesAndContributionMap":{"java":{"insertions":6,"deletions":7}}}]}]},"authorFileTypeContributionMap":{"sushmiithaa":{"java":74,"md":0,"fxml":0,"sh":0,"bat":0,"gradle":0,"txt":0}},"authorContributionVariance":{"sushmiithaa":302.42633},"authorDisplayNameMap":{"sushmiithaa":"CS2113-T14-3 RAJA..THAA"}}
