{"authorDailyContributionsMap":{"CedricTan24":[{"date":"2026-01-28T00:00:00","commitResults":[{"hash":"239d5daaa743d87ab305da35655955157da5a9f9","isMergeCommit":false,"messageTitle":"Level-0: rename chatbot and implement greet/exit","messageBody":"","tags":["Level-0"],"fileTypesAndContributionMap":{"java":{"insertions":7,"deletions":10},"bat":{"insertions":1,"deletions":1},"md":{"insertions":3,"deletions":3}}},{"hash":"48dadf9f3bd0e30ec76e160c76d6712ec1cef985","isMergeCommit":false,"messageTitle":"Level-1: echo user input and exit on bye","messageBody":"","tags":["level-1"],"fileTypesAndContributionMap":{"java":{"insertions":23,"deletions":1}}},{"hash":"2647081994dd6d7924f5f118f31188df73915d72","isMergeCommit":false,"messageTitle":"Level-2: add tasks and list tasks","messageBody":"","tags":["level-2"],"fileTypesAndContributionMap":{"java":{"insertions":26,"deletions":0}}},{"hash":"0bb19d5aa31c3f65978803832ae37e044ac6beaf","isMergeCommit":false,"messageTitle":"Level-3: mark and unmark tasks","messageBody":"","tags":["level-3"],"fileTypesAndContributionMap":{"java":{"insertions":60,"deletions":5}}}]},{"date":"2026-01-29T00:00:00","commitResults":[{"hash":"fef3123a4585ee91586f1e42f58e6a897483b25e","isMergeCommit":false,"messageTitle":"A-CodingStandard","messageBody":"","tags":["A-CodingStandard"],"fileTypesAndContributionMap":{"java":{"insertions":2,"deletions":2}}}]},{"date":"2026-02-02T00:00:00","commitResults":[{"hash":"b621631caacf5a7a747c6588b7edaf808a7ee032","isMergeCommit":false,"messageTitle":"Level-4: support todo, deadline, and event tasks","messageBody":"","tags":["level-4"],"fileTypesAndContributionMap":{"java":{"insertions":141,"deletions":19}}}]},{"date":"2026-02-04T00:00:00","commitResults":[{"hash":"11f50a52095b16951fdcf763b0e2504a61eef510","isMergeCommit":false,"messageTitle":"A-TextUiTesting: add automated text UI tests","messageBody":"","tags":["A-TextUiTesting"],"fileTypesAndContributionMap":{"txt":{"insertions":7,"deletions":0}}},{"hash":"7d70368c873d5e882a0dcd58dddf071771f28df8","isMergeCommit":false,"messageTitle":"A-CodeQuality: refactor printing and command handling","messageBody":"","tags":["A-CodeQuality"],"fileTypesAndContributionMap":{"java":{"insertions":38,"deletions":24}}}]}]},"authorFileTypeContributionMap":{"CedricTan24":{"java":246,"md":3,"fxml":0,"sh":0,"bat":1,"gradle":0,"txt":7}},"authorContributionVariance":{"CedricTan24":1660.1509},"authorDisplayNameMap":{"CedricTan24":"CS2113-T14-4 CEDR..I YU"}}
