{"authorDailyContributionsMap":{"GGBondxX":[{"date":"2026-01-24T00:00:00","commitResults":[{"hash":"ebf4edde48c76bc9e2e3931719f3432fa6623f8e","isMergeCommit":false,"messageTitle":"changed chatbot name,Increment level-0","messageBody":"","tags":["Level-0"],"fileTypesAndContributionMap":{"java":{"insertions":9,"deletions":10}}}]},{"date":"2026-01-28T00:00:00","commitResults":[{"hash":"f5e9e2bcfb95a13bb2f1180a83d557ab6122ab47","isMergeCommit":false,"messageTitle":"Echo Completed. Increment Level-1","messageBody":"","tags":["Level-1"],"fileTypesAndContributionMap":{"java":{"insertions":12,"deletions":0}}}]},{"date":"2026-01-29T00:00:00","commitResults":[{"hash":"31f26e0c8a485cadcf80ab9868978df975644aa1","isMergeCommit":false,"messageTitle":"Add,List Completed. Increment Level-2","messageBody":"","tags":["Level-2"],"fileTypesAndContributionMap":{"java":{"insertions":22,"deletions":4}}},{"hash":"772853fc5c451bc0dd654994e37d980f6e0d88e8","isMergeCommit":false,"messageTitle":"Mark as Done Completed. Increment Level-3","messageBody":"","tags":["Level-3"],"fileTypesAndContributionMap":{"java":{"insertions":46,"deletions":5}}}]},{"date":"2026-02-03T00:00:00","commitResults":[{"hash":"b981a42a59fccec9cffd6e7e5cf67693a63d7d23","isMergeCommit":false,"messageTitle":"Extracted the to string method for the task class","messageBody":"","tags":["A-CodingStandard"],"fileTypesAndContributionMap":{"java":{"insertions":13,"deletions":3}}},{"hash":"24cfdd0d7ce4c960646feae7f26952ecb48bd352","isMergeCommit":false,"messageTitle":"Added the three child classes for Task","messageBody":"","fileTypesAndContributionMap":{"java":{"insertions":37,"deletions":3}}},{"hash":"8f83cfc732f2639e2a0a32bbf82a2f890c47f2b9","isMergeCommit":false,"messageTitle":"Completed ToDo, Event, Deadloine. Increment Level 4","messageBody":"","tags":["Level-4"],"fileTypesAndContributionMap":{"java":{"insertions":79,"deletions":6}}}]},{"date":"2026-02-08T00:00:00","commitResults":[{"hash":"e282334b87a62af3b092e6bdc9e4957f4fb7d6ea","isMergeCommit":false,"messageTitle":"edited text-ui-test files","messageBody":"","tags":["A-CodeQuality"],"fileTypesAndContributionMap":{"txt":{"insertions":7,"deletions":0},"bat":{"insertions":1,"deletions":1}}}]}]},"authorFileTypeContributionMap":{"GGBondxX":{"java":197,"md":0,"fxml":0,"sh":0,"bat":1,"gradle":0,"txt":7}},"authorContributionVariance":{"GGBondxX":782.2185},"authorDisplayNameMap":{"GGBondxX":"CS2113-T09-1 DENG..AOFU"}}
