{"authorDailyContributionsMap":{"shiyong52":[{"date":"2026-01-16T00:00:00","commitResults":[{"hash":"17866ea5ffe5c40b7fdb8d03a3d91068c8e067a9","isMergeCommit":false,"messageTitle":"Level 0","messageBody":"","fileTypesAndContributionMap":{"java":{"insertions":19,"deletions":10}}}]},{"date":"2026-01-17T00:00:00","commitResults":[{"hash":"4d275b62225c90b3bf0e213b85d861557b73ad63","isMergeCommit":false,"messageTitle":"Add Increment: Level-1","messageBody":"","tags":["Level-1"],"fileTypesAndContributionMap":{"java":{"insertions":34,"deletions":6}}},{"hash":"6cdda16cec1ad181cb44e8d9ccf7d60bd8d30f28","isMergeCommit":false,"messageTitle":"Add Increment: Level-2","messageBody":"","tags":["Level-2"],"fileTypesAndContributionMap":{"java":{"insertions":30,"deletions":9}}},{"hash":"d018d186a39d71c3056740311ecf5216f693d853","isMergeCommit":false,"messageTitle":"Add Increment: Level-3","messageBody":"","tags":["Level-3"],"fileTypesAndContributionMap":{"java":{"insertions":48,"deletions":4}}},{"hash":"a84f4d2cf40461e3907e67bf0082c08f6e4da83e","isMergeCommit":false,"messageTitle":"A-CodingStandard","messageBody":"","tags":["A-CodingStandard"],"fileTypesAndContributionMap":{"java":{"insertions":21,"deletions":17}}}]}]},"authorFileTypeContributionMap":{"shiyong52":{"java":116,"md":0,"fxml":0,"sh":0,"bat":0,"gradle":0,"txt":0}},"authorContributionVariance":{"shiyong52":2782.889},"authorDisplayNameMap":{"shiyong52":"CS2113-F14-3 NI S..YONG"}}
