[{"path":"src/main/java/seemlmot/Deadline.java","fileType":"java","lines":[{"lineNumber":1,"author":{"gitId":"seeml-mo"},"content":"package seemlmot;","lastModifiedDate":"2026-02-11T17:25:45","isFullCredit":false},{"lineNumber":2,"author":{"gitId":"seeml-mo"},"content":"","lastModifiedDate":"2026-02-11T17:25:45","isFullCredit":false},{"lineNumber":3,"author":{"gitId":"seeml-mo"},"content":"public class Deadline extends ToDo{","lastModifiedDate":"2026-02-11T17:25:45","isFullCredit":false},{"lineNumber":4,"author":{"gitId":"seeml-mo"},"content":"    protected String by;","lastModifiedDate":"2026-02-11T17:25:45","isFullCredit":false},{"lineNumber":5,"author":{"gitId":"seeml-mo"},"content":"","lastModifiedDate":"2026-02-11T17:25:45","isFullCredit":false},{"lineNumber":6,"author":{"gitId":"seeml-mo"},"content":"    public Deadline(String description, String by){","lastModifiedDate":"2026-02-11T17:25:45","isFullCredit":false},{"lineNumber":7,"author":{"gitId":"seeml-mo"},"content":"        super(description);","lastModifiedDate":"2026-02-11T17:25:45","isFullCredit":false},{"lineNumber":8,"author":{"gitId":"seeml-mo"},"content":"        this.by \u003d by;","lastModifiedDate":"2026-02-11T17:25:45","isFullCredit":false},{"lineNumber":9,"author":{"gitId":"seeml-mo"},"content":"    }","lastModifiedDate":"2026-02-11T17:25:45","isFullCredit":false},{"lineNumber":10,"author":{"gitId":"seeml-mo"},"content":"","lastModifiedDate":"2026-02-11T17:25:45","isFullCredit":false},{"lineNumber":11,"author":{"gitId":"seeml-mo"},"content":"    @Override","lastModifiedDate":"2026-02-11T17:25:45","isFullCredit":false},{"lineNumber":12,"author":{"gitId":"seeml-mo"},"content":"    public String getType() {","lastModifiedDate":"2026-02-11T17:25:45","isFullCredit":false},{"lineNumber":13,"author":{"gitId":"seeml-mo"},"content":"        return \"D\";","lastModifiedDate":"2026-02-11T17:25:45","isFullCredit":false},{"lineNumber":14,"author":{"gitId":"seeml-mo"},"content":"    }","lastModifiedDate":"2026-02-11T17:25:45","isFullCredit":false},{"lineNumber":15,"author":{"gitId":"seeml-mo"},"content":"","lastModifiedDate":"2026-02-11T17:25:45","isFullCredit":false},{"lineNumber":16,"author":{"gitId":"seeml-mo"},"content":"    @Override","lastModifiedDate":"2026-02-11T17:25:45","isFullCredit":false},{"lineNumber":17,"author":{"gitId":"seeml-mo"},"content":"    public String toString(){","lastModifiedDate":"2026-02-11T17:25:45","isFullCredit":false},{"lineNumber":18,"author":{"gitId":"seeml-mo"},"content":"        return (\"[\" + getType() + \"][\" + getStatusIcon() + \"] \" + getDescription() + \" (by: \" + by + \")\");","lastModifiedDate":"2026-02-11T17:25:45","isFullCredit":false},{"lineNumber":19,"author":{"gitId":"seeml-mo"},"content":"    }","lastModifiedDate":"2026-02-11T17:25:45","isFullCredit":false},{"lineNumber":20,"author":{"gitId":"seeml-mo"},"content":"}","lastModifiedDate":"2026-02-11T17:25:45","isFullCredit":false}],"authorContributionMap":{"seeml-mo":20}},{"path":"src/main/java/seemlmot/Event.java","fileType":"java","lines":[{"lineNumber":1,"author":{"gitId":"seeml-mo"},"content":"package seemlmot;","lastModifiedDate":"2026-02-11T17:25:45","isFullCredit":false},{"lineNumber":2,"author":{"gitId":"seeml-mo"},"content":"","lastModifiedDate":"2026-02-11T17:25:45","isFullCredit":false},{"lineNumber":3,"author":{"gitId":"seeml-mo"},"content":"public class Event extends Deadline{","lastModifiedDate":"2026-02-11T17:25:45","isFullCredit":false},{"lineNumber":4,"author":{"gitId":"seeml-mo"},"content":"    private final String start;","lastModifiedDate":"2026-02-11T17:25:45","isFullCredit":false},{"lineNumber":5,"author":{"gitId":"seeml-mo"},"content":"    public Event(String description, String start, String by){","lastModifiedDate":"2026-02-11T17:25:45","isFullCredit":false},{"lineNumber":6,"author":{"gitId":"seeml-mo"},"content":"        super(description, by);","lastModifiedDate":"2026-02-11T17:25:45","isFullCredit":false},{"lineNumber":7,"author":{"gitId":"seeml-mo"},"content":"        this.start \u003d start;","lastModifiedDate":"2026-02-11T17:25:45","isFullCredit":false},{"lineNumber":8,"author":{"gitId":"seeml-mo"},"content":"    }","lastModifiedDate":"2026-02-11T17:25:45","isFullCredit":false},{"lineNumber":9,"author":{"gitId":"seeml-mo"},"content":"","lastModifiedDate":"2026-02-11T17:25:45","isFullCredit":false},{"lineNumber":10,"author":{"gitId":"seeml-mo"},"content":"    @Override","lastModifiedDate":"2026-02-11T17:25:45","isFullCredit":false},{"lineNumber":11,"author":{"gitId":"seeml-mo"},"content":"    public String getType() {","lastModifiedDate":"2026-02-11T17:25:45","isFullCredit":false},{"lineNumber":12,"author":{"gitId":"seeml-mo"},"content":"        return \"E\";","lastModifiedDate":"2026-02-11T17:25:45","isFullCredit":false},{"lineNumber":13,"author":{"gitId":"seeml-mo"},"content":"    }","lastModifiedDate":"2026-02-11T17:25:45","isFullCredit":false},{"lineNumber":14,"author":{"gitId":"seeml-mo"},"content":"","lastModifiedDate":"2026-02-11T17:25:45","isFullCredit":false},{"lineNumber":15,"author":{"gitId":"seeml-mo"},"content":"    @Override","lastModifiedDate":"2026-02-11T17:25:45","isFullCredit":false},{"lineNumber":16,"author":{"gitId":"seeml-mo"},"content":"    public String toString(){","lastModifiedDate":"2026-02-11T17:25:45","isFullCredit":false},{"lineNumber":17,"author":{"gitId":"seeml-mo"},"content":"        return (\"[\" + getType() + \"][\" + getStatusIcon() + \"] \" + getDescription() + \" (from: \" + start + \" to: \" + by + \")\");","lastModifiedDate":"2026-02-11T17:25:45","isFullCredit":false},{"lineNumber":18,"author":{"gitId":"seeml-mo"},"content":"    }","lastModifiedDate":"2026-02-11T17:25:45","isFullCredit":false},{"lineNumber":19,"author":{"gitId":"seeml-mo"},"content":"}","lastModifiedDate":"2026-02-11T17:25:45","isFullCredit":false}],"authorContributionMap":{"seeml-mo":19}},{"path":"src/main/java/seemlmot/Seemlmot.java","fileType":"java","lines":[{"lineNumber":1,"author":{"gitId":"seeml-mo"},"content":"package seemlmot;","lastModifiedDate":"2026-02-11T17:25:45","isFullCredit":false},{"lineNumber":2,"author":{"gitId":"seeml-mo"},"content":"","lastModifiedDate":"2026-02-11T17:25:45","isFullCredit":false},{"lineNumber":3,"author":{"gitId":"seeml-mo"},"content":"import java.util.Scanner;","lastModifiedDate":"2026-02-11T17:25:45","isFullCredit":false},{"lineNumber":4,"author":{"gitId":"seeml-mo"},"content":"","lastModifiedDate":"2026-02-11T17:25:45","isFullCredit":false},{"lineNumber":5,"author":{"gitId":"seeml-mo"},"content":"public class Seemlmot {","lastModifiedDate":"2026-02-11T17:25:45","isFullCredit":false},{"lineNumber":6,"author":{"gitId":"seeml-mo"},"content":"    public static int countCmd \u003d 0;","lastModifiedDate":"2026-02-11T17:25:45","isFullCredit":false},{"lineNumber":7,"author":{"gitId":"seeml-mo"},"content":"    public static final int MAX_TASKS \u003d 100;","lastModifiedDate":"2026-02-11T17:25:45","isFullCredit":false},{"lineNumber":8,"author":{"gitId":"seeml-mo"},"content":"    public static Task[] cmdList \u003d new Task[MAX_TASKS];","lastModifiedDate":"2026-02-11T17:25:45","isFullCredit":false},{"lineNumber":9,"author":{"gitId":"seeml-mo"},"content":"    public static final String HORIZONTAL_LINE \u003d \"____________________________________________________________\";","lastModifiedDate":"2026-02-11T17:25:45","isFullCredit":false},{"lineNumber":10,"author":{"gitId":"seeml-mo"},"content":"","lastModifiedDate":"2026-02-11T17:25:45","isFullCredit":false},{"lineNumber":11,"author":{"gitId":"seeml-mo"},"content":"    private static final String PREFIX_TODO \u003d \"todo \";","lastModifiedDate":"2026-02-11T17:25:45","isFullCredit":false},{"lineNumber":12,"author":{"gitId":"seeml-mo"},"content":"    private static final String PREFIX_DEADLINE \u003d \"deadline \";","lastModifiedDate":"2026-02-11T17:25:45","isFullCredit":false},{"lineNumber":13,"author":{"gitId":"seeml-mo"},"content":"    private static final String PREFIX_EVENT \u003d \"event \";","lastModifiedDate":"2026-02-11T17:25:45","isFullCredit":false},{"lineNumber":14,"author":{"gitId":"seeml-mo"},"content":"    private static final String PARAM_BY \u003d \"/by \";","lastModifiedDate":"2026-02-11T17:25:45","isFullCredit":false},{"lineNumber":15,"author":{"gitId":"seeml-mo"},"content":"    private static final String PARAM_FROM \u003d \"/from \";","lastModifiedDate":"2026-02-11T17:25:45","isFullCredit":false},{"lineNumber":16,"author":{"gitId":"seeml-mo"},"content":"    private static final String PARAM_TO \u003d \"/to \";","lastModifiedDate":"2026-02-11T17:25:45","isFullCredit":false},{"lineNumber":17,"author":{"gitId":"seeml-mo"},"content":"","lastModifiedDate":"2026-02-11T17:25:45","isFullCredit":false},{"lineNumber":18,"author":{"gitId":"seeml-mo"},"content":"    private static final String GREETING \u003d \"\"\"","lastModifiedDate":"2026-02-11T17:25:45","isFullCredit":false},{"lineNumber":19,"author":{"gitId":"seeml-mo"},"content":"                ____________________________________________________________","lastModifiedDate":"2026-02-11T17:25:45","isFullCredit":false},{"lineNumber":20,"author":{"gitId":"seeml-mo"},"content":"                Hello! I\u0027m Seemlmot","lastModifiedDate":"2026-02-11T17:25:45","isFullCredit":false},{"lineNumber":21,"author":{"gitId":"seeml-mo"},"content":"                What can I do for you?","lastModifiedDate":"2026-02-11T17:25:45","isFullCredit":false},{"lineNumber":22,"author":{"gitId":"seeml-mo"},"content":"                ____________________________________________________________","lastModifiedDate":"2026-02-11T17:25:45","isFullCredit":false},{"lineNumber":23,"author":{"gitId":"seeml-mo"},"content":"                \"\"\";","lastModifiedDate":"2026-02-11T17:25:45","isFullCredit":false},{"lineNumber":24,"author":{"gitId":"seeml-mo"},"content":"","lastModifiedDate":"2026-02-11T17:25:45","isFullCredit":false},{"lineNumber":25,"author":{"gitId":"seeml-mo"},"content":"    private static final String EXIT \u003d \"\"\"","lastModifiedDate":"2026-02-11T17:25:45","isFullCredit":false},{"lineNumber":26,"author":{"gitId":"seeml-mo"},"content":"                ____________________________________________________________","lastModifiedDate":"2026-02-11T17:25:45","isFullCredit":false},{"lineNumber":27,"author":{"gitId":"seeml-mo"},"content":"                Bye. Hope to see you again soon!","lastModifiedDate":"2026-02-11T17:25:45","isFullCredit":false},{"lineNumber":28,"author":{"gitId":"seeml-mo"},"content":"                ____________________________________________________________","lastModifiedDate":"2026-02-11T17:25:45","isFullCredit":false},{"lineNumber":29,"author":{"gitId":"seeml-mo"},"content":"                \"\"\";","lastModifiedDate":"2026-02-11T17:25:45","isFullCredit":false},{"lineNumber":30,"author":{"gitId":"seeml-mo"},"content":"","lastModifiedDate":"2026-02-11T17:25:45","isFullCredit":false},{"lineNumber":31,"author":{"gitId":"seeml-mo"},"content":"","lastModifiedDate":"2026-02-11T17:25:45","isFullCredit":false},{"lineNumber":32,"author":{"gitId":"seeml-mo"},"content":"    public static void main(String[] args) {","lastModifiedDate":"2026-02-11T17:25:45","isFullCredit":false},{"lineNumber":33,"author":{"gitId":"seeml-mo"},"content":"        System.out.println(GREETING);","lastModifiedDate":"2026-02-11T17:25:45","isFullCredit":false},{"lineNumber":34,"author":{"gitId":"seeml-mo"},"content":"","lastModifiedDate":"2026-02-11T17:25:45","isFullCredit":false},{"lineNumber":35,"author":{"gitId":"seeml-mo"},"content":"        cmdProcessing();","lastModifiedDate":"2026-02-11T17:25:45","isFullCredit":false},{"lineNumber":36,"author":{"gitId":"seeml-mo"},"content":"","lastModifiedDate":"2026-02-11T17:25:45","isFullCredit":false},{"lineNumber":37,"author":{"gitId":"seeml-mo"},"content":"        System.out.println(EXIT);","lastModifiedDate":"2026-02-11T17:25:45","isFullCredit":false},{"lineNumber":38,"author":{"gitId":"seeml-mo"},"content":"    }","lastModifiedDate":"2026-02-11T17:25:45","isFullCredit":false},{"lineNumber":39,"author":{"gitId":"seeml-mo"},"content":"","lastModifiedDate":"2026-02-11T17:25:45","isFullCredit":false},{"lineNumber":40,"author":{"gitId":"seeml-mo"},"content":"    public static void cmdProcessing() throws  SeemlmotException{","lastModifiedDate":"2026-02-11T17:25:45","isFullCredit":false},{"lineNumber":41,"author":{"gitId":"seeml-mo"},"content":"        Scanner in \u003d new Scanner(System.in);","lastModifiedDate":"2026-02-11T17:25:45","isFullCredit":false},{"lineNumber":42,"author":{"gitId":"seeml-mo"},"content":"        String currentDescription \u003d in.nextLine();","lastModifiedDate":"2026-02-11T17:25:45","isFullCredit":false},{"lineNumber":43,"author":{"gitId":"seeml-mo"},"content":"","lastModifiedDate":"2026-02-11T17:25:45","isFullCredit":false},{"lineNumber":44,"author":{"gitId":"seeml-mo"},"content":"        while(!currentDescription.trim().equals(\"bye\") \u0026\u0026 countCmd \u003c 100) {","lastModifiedDate":"2026-02-11T17:25:45","isFullCredit":false},{"lineNumber":45,"author":{"gitId":"seeml-mo"},"content":"            String[] currentCmd \u003d currentDescription.split(\" \");","lastModifiedDate":"2026-02-11T17:25:45","isFullCredit":false},{"lineNumber":46,"author":{"gitId":"seeml-mo"},"content":"","lastModifiedDate":"2026-02-11T17:25:45","isFullCredit":false},{"lineNumber":47,"author":{"gitId":"seeml-mo"},"content":"            System.out.println(HORIZONTAL_LINE);","lastModifiedDate":"2026-02-11T17:25:45","isFullCredit":false},{"lineNumber":48,"author":{"gitId":"seeml-mo"},"content":"            try{","lastModifiedDate":"2026-02-11T17:25:45","isFullCredit":false},{"lineNumber":49,"author":{"gitId":"seeml-mo"},"content":"                switch(currentCmd[0]) {","lastModifiedDate":"2026-02-11T17:25:45","isFullCredit":false},{"lineNumber":50,"author":{"gitId":"seeml-mo"},"content":"                    case \"list\":","lastModifiedDate":"2026-02-11T17:25:45","isFullCredit":false},{"lineNumber":51,"author":{"gitId":"seeml-mo"},"content":"                        list();","lastModifiedDate":"2026-02-11T17:25:45","isFullCredit":false},{"lineNumber":52,"author":{"gitId":"seeml-mo"},"content":"                        break;","lastModifiedDate":"2026-02-11T17:25:45","isFullCredit":false},{"lineNumber":53,"author":{"gitId":"seeml-mo"},"content":"                    case \"mark\":","lastModifiedDate":"2026-02-11T17:25:45","isFullCredit":false},{"lineNumber":54,"author":{"gitId":"seeml-mo"},"content":"                        mark(Integer.parseInt(currentCmd[1]) - 1, true);","lastModifiedDate":"2026-02-11T17:25:45","isFullCredit":false},{"lineNumber":55,"author":{"gitId":"seeml-mo"},"content":"                        break;","lastModifiedDate":"2026-02-11T17:25:45","isFullCredit":false},{"lineNumber":56,"author":{"gitId":"seeml-mo"},"content":"                    case \"unmark\":","lastModifiedDate":"2026-02-11T17:25:45","isFullCredit":false},{"lineNumber":57,"author":{"gitId":"seeml-mo"},"content":"                        mark(Integer.parseInt(currentCmd[1]) - 1, false);","lastModifiedDate":"2026-02-11T17:25:45","isFullCredit":false},{"lineNumber":58,"author":{"gitId":"seeml-mo"},"content":"                        break;","lastModifiedDate":"2026-02-11T17:25:45","isFullCredit":false},{"lineNumber":59,"author":{"gitId":"seeml-mo"},"content":"                    case \"todo\":","lastModifiedDate":"2026-02-11T17:25:45","isFullCredit":false},{"lineNumber":60,"author":{"gitId":"seeml-mo"},"content":"                        addTask(currentDescription, \"T\");","lastModifiedDate":"2026-02-11T17:25:45","isFullCredit":false},{"lineNumber":61,"author":{"gitId":"seeml-mo"},"content":"                        break;","lastModifiedDate":"2026-02-11T17:25:45","isFullCredit":false},{"lineNumber":62,"author":{"gitId":"seeml-mo"},"content":"                    case \"deadline\":","lastModifiedDate":"2026-02-11T17:25:45","isFullCredit":false},{"lineNumber":63,"author":{"gitId":"seeml-mo"},"content":"                        addTask(currentDescription, \"D\");","lastModifiedDate":"2026-02-11T17:25:45","isFullCredit":false},{"lineNumber":64,"author":{"gitId":"seeml-mo"},"content":"                        break;","lastModifiedDate":"2026-02-11T17:25:45","isFullCredit":false},{"lineNumber":65,"author":{"gitId":"seeml-mo"},"content":"                    case \"event\":","lastModifiedDate":"2026-02-11T17:25:45","isFullCredit":false},{"lineNumber":66,"author":{"gitId":"seeml-mo"},"content":"                        addTask(currentDescription, \"E\");","lastModifiedDate":"2026-02-11T17:25:45","isFullCredit":false},{"lineNumber":67,"author":{"gitId":"seeml-mo"},"content":"                        break;","lastModifiedDate":"2026-02-11T17:25:45","isFullCredit":false},{"lineNumber":68,"author":{"gitId":"seeml-mo"},"content":"                    default:","lastModifiedDate":"2026-02-11T17:25:45","isFullCredit":false},{"lineNumber":69,"author":{"gitId":"seeml-mo"},"content":"                        throw new SeemlmotException(\"I\u0027m sorry, but I don\u0027t know what that means :-(\");","lastModifiedDate":"2026-02-11T17:25:45","isFullCredit":false},{"lineNumber":70,"author":{"gitId":"seeml-mo"},"content":"                }","lastModifiedDate":"2026-02-11T17:25:45","isFullCredit":false},{"lineNumber":71,"author":{"gitId":"seeml-mo"},"content":"            }catch (SeemlmotException e){","lastModifiedDate":"2026-02-11T17:25:45","isFullCredit":false},{"lineNumber":72,"author":{"gitId":"seeml-mo"},"content":"                System.out.println(e.getMessage());","lastModifiedDate":"2026-02-11T17:25:45","isFullCredit":false},{"lineNumber":73,"author":{"gitId":"seeml-mo"},"content":"            }catch(IndexOutOfBoundsException e){","lastModifiedDate":"2026-02-11T17:25:45","isFullCredit":false},{"lineNumber":74,"author":{"gitId":"seeml-mo"},"content":"                System.out.println(\"Task number required.\");","lastModifiedDate":"2026-02-11T17:25:45","isFullCredit":false},{"lineNumber":75,"author":{"gitId":"seeml-mo"},"content":"            }finally {","lastModifiedDate":"2026-02-11T17:25:45","isFullCredit":false},{"lineNumber":76,"author":{"gitId":"seeml-mo"},"content":"                System.out.println(HORIZONTAL_LINE);","lastModifiedDate":"2026-02-11T17:25:45","isFullCredit":false},{"lineNumber":77,"author":{"gitId":"seeml-mo"},"content":"                currentDescription \u003d in.nextLine();","lastModifiedDate":"2026-02-11T17:25:45","isFullCredit":false},{"lineNumber":78,"author":{"gitId":"seeml-mo"},"content":"            }","lastModifiedDate":"2026-02-11T17:25:45","isFullCredit":false},{"lineNumber":79,"author":{"gitId":"seeml-mo"},"content":"        }","lastModifiedDate":"2026-02-11T17:25:45","isFullCredit":false},{"lineNumber":80,"author":{"gitId":"seeml-mo"},"content":"    }","lastModifiedDate":"2026-02-11T17:25:45","isFullCredit":false},{"lineNumber":81,"author":{"gitId":"seeml-mo"},"content":"","lastModifiedDate":"2026-02-11T17:25:45","isFullCredit":false},{"lineNumber":82,"author":{"gitId":"seeml-mo"},"content":"    public static void addTask(String currentDescription, String type){","lastModifiedDate":"2026-02-11T17:25:45","isFullCredit":false},{"lineNumber":83,"author":{"gitId":"seeml-mo"},"content":"        String description;","lastModifiedDate":"2026-02-11T17:25:45","isFullCredit":false},{"lineNumber":84,"author":{"gitId":"seeml-mo"},"content":"","lastModifiedDate":"2026-02-11T17:25:45","isFullCredit":false},{"lineNumber":85,"author":{"gitId":"seeml-mo"},"content":"        switch (type){","lastModifiedDate":"2026-02-11T17:25:45","isFullCredit":false},{"lineNumber":86,"author":{"gitId":"seeml-mo"},"content":"            case \"T\": {","lastModifiedDate":"2026-02-11T17:25:45","isFullCredit":false},{"lineNumber":87,"author":{"gitId":"seeml-mo"},"content":"                description \u003d currentDescription.substring(","lastModifiedDate":"2026-02-11T17:25:45","isFullCredit":false},{"lineNumber":88,"author":{"gitId":"seeml-mo"},"content":"                        PREFIX_TODO.length()","lastModifiedDate":"2026-02-11T17:25:45","isFullCredit":false},{"lineNumber":89,"author":{"gitId":"seeml-mo"},"content":"                ).trim();","lastModifiedDate":"2026-02-11T17:25:45","isFullCredit":false},{"lineNumber":90,"author":{"gitId":"seeml-mo"},"content":"","lastModifiedDate":"2026-02-11T17:25:45","isFullCredit":false},{"lineNumber":91,"author":{"gitId":"seeml-mo"},"content":"                cmdList[countCmd] \u003d new ToDo(description);","lastModifiedDate":"2026-02-11T17:25:45","isFullCredit":false},{"lineNumber":92,"author":{"gitId":"seeml-mo"},"content":"                break;","lastModifiedDate":"2026-02-11T17:25:45","isFullCredit":false},{"lineNumber":93,"author":{"gitId":"seeml-mo"},"content":"            }","lastModifiedDate":"2026-02-11T17:25:45","isFullCredit":false},{"lineNumber":94,"author":{"gitId":"seeml-mo"},"content":"","lastModifiedDate":"2026-02-11T17:25:45","isFullCredit":false},{"lineNumber":95,"author":{"gitId":"seeml-mo"},"content":"            case \"D\": {","lastModifiedDate":"2026-02-11T17:25:45","isFullCredit":false},{"lineNumber":96,"author":{"gitId":"seeml-mo"},"content":"                int byPos \u003d currentDescription.indexOf(PARAM_BY);","lastModifiedDate":"2026-02-11T17:25:45","isFullCredit":false},{"lineNumber":97,"author":{"gitId":"seeml-mo"},"content":"","lastModifiedDate":"2026-02-11T17:25:45","isFullCredit":false},{"lineNumber":98,"author":{"gitId":"seeml-mo"},"content":"                if(byPos \u003d\u003d -1)","lastModifiedDate":"2026-02-11T17:25:45","isFullCredit":false},{"lineNumber":99,"author":{"gitId":"seeml-mo"},"content":"                    throw new SeemlmotException(\"Deadline not found. Please add \u0027/by\u0027.\");","lastModifiedDate":"2026-02-11T17:25:45","isFullCredit":false},{"lineNumber":100,"author":{"gitId":"seeml-mo"},"content":"","lastModifiedDate":"2026-02-11T17:25:45","isFullCredit":false},{"lineNumber":101,"author":{"gitId":"seeml-mo"},"content":"                description \u003d currentDescription.substring(","lastModifiedDate":"2026-02-11T17:25:45","isFullCredit":false},{"lineNumber":102,"author":{"gitId":"seeml-mo"},"content":"                        PREFIX_DEADLINE.length(), byPos","lastModifiedDate":"2026-02-11T17:25:45","isFullCredit":false},{"lineNumber":103,"author":{"gitId":"seeml-mo"},"content":"                ).trim();","lastModifiedDate":"2026-02-11T17:25:45","isFullCredit":false},{"lineNumber":104,"author":{"gitId":"seeml-mo"},"content":"","lastModifiedDate":"2026-02-11T17:25:45","isFullCredit":false},{"lineNumber":105,"author":{"gitId":"seeml-mo"},"content":"                String by \u003d currentDescription.substring(byPos + PARAM_BY.length()).trim();","lastModifiedDate":"2026-02-11T17:25:45","isFullCredit":false},{"lineNumber":106,"author":{"gitId":"seeml-mo"},"content":"","lastModifiedDate":"2026-02-11T17:25:45","isFullCredit":false},{"lineNumber":107,"author":{"gitId":"seeml-mo"},"content":"                cmdList[countCmd] \u003d new Deadline(description, by);","lastModifiedDate":"2026-02-11T17:25:45","isFullCredit":false},{"lineNumber":108,"author":{"gitId":"seeml-mo"},"content":"                break;","lastModifiedDate":"2026-02-11T17:25:45","isFullCredit":false},{"lineNumber":109,"author":{"gitId":"seeml-mo"},"content":"            }","lastModifiedDate":"2026-02-11T17:25:45","isFullCredit":false},{"lineNumber":110,"author":{"gitId":"seeml-mo"},"content":"","lastModifiedDate":"2026-02-11T17:25:45","isFullCredit":false},{"lineNumber":111,"author":{"gitId":"seeml-mo"},"content":"            case \"E\": {","lastModifiedDate":"2026-02-11T17:25:45","isFullCredit":false},{"lineNumber":112,"author":{"gitId":"seeml-mo"},"content":"                int fromPos \u003d currentDescription.indexOf(PARAM_FROM);","lastModifiedDate":"2026-02-11T17:25:45","isFullCredit":false},{"lineNumber":113,"author":{"gitId":"seeml-mo"},"content":"                int toPos \u003d currentDescription.indexOf(PARAM_TO);","lastModifiedDate":"2026-02-11T17:25:45","isFullCredit":false},{"lineNumber":114,"author":{"gitId":"seeml-mo"},"content":"","lastModifiedDate":"2026-02-11T17:25:45","isFullCredit":false},{"lineNumber":115,"author":{"gitId":"seeml-mo"},"content":"                if(fromPos \u003d\u003d -1)","lastModifiedDate":"2026-02-11T17:25:45","isFullCredit":false},{"lineNumber":116,"author":{"gitId":"seeml-mo"},"content":"                    throw new SeemlmotException(\"End time not found. Please add \u0027/to\u0027.\");","lastModifiedDate":"2026-02-11T17:25:45","isFullCredit":false},{"lineNumber":117,"author":{"gitId":"seeml-mo"},"content":"","lastModifiedDate":"2026-02-11T17:25:45","isFullCredit":false},{"lineNumber":118,"author":{"gitId":"seeml-mo"},"content":"                if(toPos \u003d\u003d -1)","lastModifiedDate":"2026-02-11T17:25:45","isFullCredit":false},{"lineNumber":119,"author":{"gitId":"seeml-mo"},"content":"                    throw new SeemlmotException(\"Start time not found. Please add \u0027/from\u0027.\");","lastModifiedDate":"2026-02-11T17:25:45","isFullCredit":false},{"lineNumber":120,"author":{"gitId":"seeml-mo"},"content":"","lastModifiedDate":"2026-02-11T17:25:45","isFullCredit":false},{"lineNumber":121,"author":{"gitId":"seeml-mo"},"content":"                description \u003d currentDescription.substring(","lastModifiedDate":"2026-02-11T17:25:45","isFullCredit":false},{"lineNumber":122,"author":{"gitId":"seeml-mo"},"content":"                        PREFIX_EVENT.length(), fromPos","lastModifiedDate":"2026-02-11T17:25:45","isFullCredit":false},{"lineNumber":123,"author":{"gitId":"seeml-mo"},"content":"                ).trim();","lastModifiedDate":"2026-02-11T17:25:45","isFullCredit":false},{"lineNumber":124,"author":{"gitId":"seeml-mo"},"content":"","lastModifiedDate":"2026-02-11T17:25:45","isFullCredit":false},{"lineNumber":125,"author":{"gitId":"seeml-mo"},"content":"                String start \u003d currentDescription.substring(","lastModifiedDate":"2026-02-11T17:25:45","isFullCredit":false},{"lineNumber":126,"author":{"gitId":"seeml-mo"},"content":"                        fromPos + PARAM_FROM.length(), toPos","lastModifiedDate":"2026-02-11T17:25:45","isFullCredit":false},{"lineNumber":127,"author":{"gitId":"seeml-mo"},"content":"                ).trim();","lastModifiedDate":"2026-02-11T17:25:45","isFullCredit":false},{"lineNumber":128,"author":{"gitId":"seeml-mo"},"content":"","lastModifiedDate":"2026-02-11T17:25:45","isFullCredit":false},{"lineNumber":129,"author":{"gitId":"seeml-mo"},"content":"                String end \u003d currentDescription.substring(","lastModifiedDate":"2026-02-11T17:25:45","isFullCredit":false},{"lineNumber":130,"author":{"gitId":"seeml-mo"},"content":"                        toPos + PARAM_TO.length()","lastModifiedDate":"2026-02-11T17:25:45","isFullCredit":false},{"lineNumber":131,"author":{"gitId":"seeml-mo"},"content":"                ).trim();","lastModifiedDate":"2026-02-11T17:25:45","isFullCredit":false},{"lineNumber":132,"author":{"gitId":"seeml-mo"},"content":"","lastModifiedDate":"2026-02-11T17:25:45","isFullCredit":false},{"lineNumber":133,"author":{"gitId":"seeml-mo"},"content":"                cmdList[countCmd] \u003d new Event(description, start, end);","lastModifiedDate":"2026-02-11T17:25:45","isFullCredit":false},{"lineNumber":134,"author":{"gitId":"seeml-mo"},"content":"                break;","lastModifiedDate":"2026-02-11T17:25:45","isFullCredit":false},{"lineNumber":135,"author":{"gitId":"seeml-mo"},"content":"            }","lastModifiedDate":"2026-02-11T17:25:45","isFullCredit":false},{"lineNumber":136,"author":{"gitId":"seeml-mo"},"content":"","lastModifiedDate":"2026-02-11T17:25:45","isFullCredit":false},{"lineNumber":137,"author":{"gitId":"seeml-mo"},"content":"            default: {","lastModifiedDate":"2026-02-11T17:25:45","isFullCredit":false},{"lineNumber":138,"author":{"gitId":"seeml-mo"},"content":"                 cmdList[countCmd] \u003d new Task(currentDescription);","lastModifiedDate":"2026-02-11T17:25:45","isFullCredit":false},{"lineNumber":139,"author":{"gitId":"seeml-mo"},"content":"            }","lastModifiedDate":"2026-02-11T17:25:45","isFullCredit":false},{"lineNumber":140,"author":{"gitId":"seeml-mo"},"content":"        }","lastModifiedDate":"2026-02-11T17:25:45","isFullCredit":false},{"lineNumber":141,"author":{"gitId":"seeml-mo"},"content":"","lastModifiedDate":"2026-02-11T17:25:45","isFullCredit":false},{"lineNumber":142,"author":{"gitId":"seeml-mo"},"content":"        System.out.println(\" Got it. I\u0027ve added this task:\");","lastModifiedDate":"2026-02-11T17:25:45","isFullCredit":false},{"lineNumber":143,"author":{"gitId":"seeml-mo"},"content":"        System.out.println(\"   \" + cmdList[countCmd]);","lastModifiedDate":"2026-02-11T17:25:45","isFullCredit":false},{"lineNumber":144,"author":{"gitId":"seeml-mo"},"content":"        String taskExpression \u003d countCmd\u003d\u003d0? \"task\":\"tasks\";","lastModifiedDate":"2026-02-11T17:25:45","isFullCredit":false},{"lineNumber":145,"author":{"gitId":"seeml-mo"},"content":"        System.out.println(\" Now you have \" + (++countCmd) + \" \" + taskExpression + \" in the list.\");","lastModifiedDate":"2026-02-11T17:25:45","isFullCredit":false},{"lineNumber":146,"author":{"gitId":"seeml-mo"},"content":"    }","lastModifiedDate":"2026-02-11T17:25:45","isFullCredit":false},{"lineNumber":147,"author":{"gitId":"seeml-mo"},"content":"    public static void list(){","lastModifiedDate":"2026-02-11T17:25:45","isFullCredit":false},{"lineNumber":148,"author":{"gitId":"seeml-mo"},"content":"        System.out.println(\" Here are the tasks in your list:\");","lastModifiedDate":"2026-02-11T17:25:45","isFullCredit":false},{"lineNumber":149,"author":{"gitId":"seeml-mo"},"content":"        for(int i \u003d 0; i \u003c countCmd; i++){","lastModifiedDate":"2026-02-11T17:25:45","isFullCredit":false},{"lineNumber":150,"author":{"gitId":"seeml-mo"},"content":"            System.out.println(\" \" + (i+1) + \".\" + cmdList[i] );","lastModifiedDate":"2026-02-11T17:25:45","isFullCredit":false},{"lineNumber":151,"author":{"gitId":"seeml-mo"},"content":"        }","lastModifiedDate":"2026-02-11T17:25:45","isFullCredit":false},{"lineNumber":152,"author":{"gitId":"seeml-mo"},"content":"    }","lastModifiedDate":"2026-02-11T17:25:45","isFullCredit":false},{"lineNumber":153,"author":{"gitId":"seeml-mo"},"content":"","lastModifiedDate":"2026-02-11T17:25:45","isFullCredit":false},{"lineNumber":154,"author":{"gitId":"seeml-mo"},"content":"    public static void mark(int index, boolean markAsDone) {","lastModifiedDate":"2026-02-11T17:25:45","isFullCredit":false},{"lineNumber":155,"author":{"gitId":"seeml-mo"},"content":"        if(index \u003e\u003d countCmd)","lastModifiedDate":"2026-02-11T17:25:45","isFullCredit":false},{"lineNumber":156,"author":{"gitId":"seeml-mo"},"content":"            throw new SeemlmotException(\"Task does not exist.\");","lastModifiedDate":"2026-02-11T17:25:45","isFullCredit":false},{"lineNumber":157,"author":{"gitId":"seeml-mo"},"content":"","lastModifiedDate":"2026-02-11T17:25:45","isFullCredit":false},{"lineNumber":158,"author":{"gitId":"seeml-mo"},"content":"        if (markAsDone) {","lastModifiedDate":"2026-02-11T17:25:45","isFullCredit":false},{"lineNumber":159,"author":{"gitId":"seeml-mo"},"content":"            cmdList[index].markAsDone();","lastModifiedDate":"2026-02-11T17:25:45","isFullCredit":false},{"lineNumber":160,"author":{"gitId":"seeml-mo"},"content":"            System.out.println(\" Nice! I\u0027ve marked this task as done:\\n\"","lastModifiedDate":"2026-02-11T17:25:45","isFullCredit":false},{"lineNumber":161,"author":{"gitId":"seeml-mo"},"content":"                    + \"   \" + cmdList[index]);","lastModifiedDate":"2026-02-11T17:25:45","isFullCredit":false},{"lineNumber":162,"author":{"gitId":"seeml-mo"},"content":"        } else {","lastModifiedDate":"2026-02-11T17:25:45","isFullCredit":false},{"lineNumber":163,"author":{"gitId":"seeml-mo"},"content":"            cmdList[index].markAsUndone();","lastModifiedDate":"2026-02-11T17:25:45","isFullCredit":false},{"lineNumber":164,"author":{"gitId":"seeml-mo"},"content":"            System.out.println(\" OK, I\u0027ve marked this task as not done yet:\\n\"","lastModifiedDate":"2026-02-11T17:25:45","isFullCredit":false},{"lineNumber":165,"author":{"gitId":"seeml-mo"},"content":"                    + \"   \" + cmdList[index]);","lastModifiedDate":"2026-02-11T17:25:45","isFullCredit":false},{"lineNumber":166,"author":{"gitId":"seeml-mo"},"content":"        }","lastModifiedDate":"2026-02-11T17:25:45","isFullCredit":false},{"lineNumber":167,"author":{"gitId":"seeml-mo"},"content":"    }","lastModifiedDate":"2026-02-11T17:25:45","isFullCredit":false},{"lineNumber":168,"author":{"gitId":"seeml-mo"},"content":"}","lastModifiedDate":"2026-02-11T17:25:45","isFullCredit":false}],"authorContributionMap":{"seeml-mo":168}},{"path":"src/main/java/seemlmot/SeemlmotException.java","fileType":"java","lines":[{"lineNumber":1,"author":{"gitId":"seeml-mo"},"content":"package seemlmot;","lastModifiedDate":"2026-02-11T17:25:45","isFullCredit":false},{"lineNumber":2,"author":{"gitId":"seeml-mo"},"content":"","lastModifiedDate":"2026-02-11T17:25:45","isFullCredit":false},{"lineNumber":3,"author":{"gitId":"seeml-mo"},"content":"public class SeemlmotException extends RuntimeException {","lastModifiedDate":"2026-02-11T17:25:45","isFullCredit":false},{"lineNumber":4,"author":{"gitId":"seeml-mo"},"content":"    private String message;","lastModifiedDate":"2026-02-11T17:25:45","isFullCredit":false},{"lineNumber":5,"author":{"gitId":"seeml-mo"},"content":"","lastModifiedDate":"2026-02-11T17:25:45","isFullCredit":false},{"lineNumber":6,"author":{"gitId":"seeml-mo"},"content":"    public SeemlmotException(String message) {","lastModifiedDate":"2026-02-11T17:25:45","isFullCredit":false},{"lineNumber":7,"author":{"gitId":"seeml-mo"},"content":"        super(message);","lastModifiedDate":"2026-02-11T17:25:45","isFullCredit":false},{"lineNumber":8,"author":{"gitId":"seeml-mo"},"content":"        this.message \u003d message;","lastModifiedDate":"2026-02-11T17:25:45","isFullCredit":false},{"lineNumber":9,"author":{"gitId":"seeml-mo"},"content":"    }","lastModifiedDate":"2026-02-11T17:25:45","isFullCredit":false},{"lineNumber":10,"author":{"gitId":"seeml-mo"},"content":"","lastModifiedDate":"2026-02-11T17:25:45","isFullCredit":false},{"lineNumber":11,"author":{"gitId":"seeml-mo"},"content":"    @Override","lastModifiedDate":"2026-02-11T17:25:45","isFullCredit":false},{"lineNumber":12,"author":{"gitId":"seeml-mo"},"content":"    public String getMessage() {","lastModifiedDate":"2026-02-11T17:25:45","isFullCredit":false},{"lineNumber":13,"author":{"gitId":"seeml-mo"},"content":"        return message;","lastModifiedDate":"2026-02-11T17:25:45","isFullCredit":false},{"lineNumber":14,"author":{"gitId":"seeml-mo"},"content":"    }","lastModifiedDate":"2026-02-11T17:25:45","isFullCredit":false},{"lineNumber":15,"author":{"gitId":"seeml-mo"},"content":"}","lastModifiedDate":"2026-02-11T17:25:45","isFullCredit":false}],"authorContributionMap":{"seeml-mo":15}},{"path":"src/main/java/seemlmot/Task.java","fileType":"java","lines":[{"lineNumber":1,"author":{"gitId":"seeml-mo"},"content":"package seemlmot;","lastModifiedDate":"2026-02-11T17:25:45","isFullCredit":false},{"lineNumber":2,"author":{"gitId":"seeml-mo"},"content":"","lastModifiedDate":"2026-02-11T17:25:45","isFullCredit":false},{"lineNumber":3,"author":{"gitId":"seeml-mo"},"content":"public class Task {","lastModifiedDate":"2026-02-11T17:25:45","isFullCredit":false},{"lineNumber":4,"author":{"gitId":"seeml-mo"},"content":"    protected String description;","lastModifiedDate":"2026-02-11T17:25:45","isFullCredit":false},{"lineNumber":5,"author":{"gitId":"seeml-mo"},"content":"    protected boolean isDone;","lastModifiedDate":"2026-02-11T17:25:45","isFullCredit":false},{"lineNumber":6,"author":{"gitId":"seeml-mo"},"content":"","lastModifiedDate":"2026-02-11T17:25:45","isFullCredit":false},{"lineNumber":7,"author":{"gitId":"seeml-mo"},"content":"    public Task(String description) {","lastModifiedDate":"2026-02-11T17:25:45","isFullCredit":false},{"lineNumber":8,"author":{"gitId":"seeml-mo"},"content":"        this.description \u003d description;","lastModifiedDate":"2026-02-11T17:25:45","isFullCredit":false},{"lineNumber":9,"author":{"gitId":"seeml-mo"},"content":"        this.isDone \u003d false;","lastModifiedDate":"2026-02-11T17:25:45","isFullCredit":false},{"lineNumber":10,"author":{"gitId":"seeml-mo"},"content":"    }","lastModifiedDate":"2026-02-11T17:25:45","isFullCredit":false},{"lineNumber":11,"author":{"gitId":"seeml-mo"},"content":"","lastModifiedDate":"2026-02-11T17:25:45","isFullCredit":false},{"lineNumber":12,"author":{"gitId":"seeml-mo"},"content":"    public void markAsDone(){","lastModifiedDate":"2026-02-11T17:25:45","isFullCredit":false},{"lineNumber":13,"author":{"gitId":"seeml-mo"},"content":"        isDone \u003d true;","lastModifiedDate":"2026-02-11T17:25:45","isFullCredit":false},{"lineNumber":14,"author":{"gitId":"seeml-mo"},"content":"    }","lastModifiedDate":"2026-02-11T17:25:45","isFullCredit":false},{"lineNumber":15,"author":{"gitId":"seeml-mo"},"content":"","lastModifiedDate":"2026-02-11T17:25:45","isFullCredit":false},{"lineNumber":16,"author":{"gitId":"seeml-mo"},"content":"    public void markAsUndone(){","lastModifiedDate":"2026-02-11T17:25:45","isFullCredit":false},{"lineNumber":17,"author":{"gitId":"seeml-mo"},"content":"        isDone \u003d false;","lastModifiedDate":"2026-02-11T17:25:45","isFullCredit":false},{"lineNumber":18,"author":{"gitId":"seeml-mo"},"content":"    }","lastModifiedDate":"2026-02-11T17:25:45","isFullCredit":false},{"lineNumber":19,"author":{"gitId":"seeml-mo"},"content":"","lastModifiedDate":"2026-02-11T17:25:45","isFullCredit":false},{"lineNumber":20,"author":{"gitId":"seeml-mo"},"content":"    public String getDescription() {","lastModifiedDate":"2026-02-11T17:25:45","isFullCredit":false},{"lineNumber":21,"author":{"gitId":"seeml-mo"},"content":"        return description;","lastModifiedDate":"2026-02-11T17:25:45","isFullCredit":false},{"lineNumber":22,"author":{"gitId":"seeml-mo"},"content":"    }","lastModifiedDate":"2026-02-11T17:25:45","isFullCredit":false},{"lineNumber":23,"author":{"gitId":"seeml-mo"},"content":"","lastModifiedDate":"2026-02-11T17:25:45","isFullCredit":false},{"lineNumber":24,"author":{"gitId":"seeml-mo"},"content":"    public String getStatusIcon() {","lastModifiedDate":"2026-02-11T17:25:45","isFullCredit":false},{"lineNumber":25,"author":{"gitId":"seeml-mo"},"content":"        return (isDone? \"X\" : \" \"); // mark done task with X","lastModifiedDate":"2026-02-11T17:25:45","isFullCredit":false},{"lineNumber":26,"author":{"gitId":"seeml-mo"},"content":"    }","lastModifiedDate":"2026-02-11T17:25:45","isFullCredit":false},{"lineNumber":27,"author":{"gitId":"seeml-mo"},"content":"","lastModifiedDate":"2026-02-11T17:25:45","isFullCredit":false},{"lineNumber":28,"author":{"gitId":"seeml-mo"},"content":"    public String getType() {","lastModifiedDate":"2026-02-11T17:25:45","isFullCredit":false},{"lineNumber":29,"author":{"gitId":"seeml-mo"},"content":"        return \"T0\";","lastModifiedDate":"2026-02-11T17:25:45","isFullCredit":false},{"lineNumber":30,"author":{"gitId":"seeml-mo"},"content":"    }","lastModifiedDate":"2026-02-11T17:25:45","isFullCredit":false},{"lineNumber":31,"author":{"gitId":"seeml-mo"},"content":"}","lastModifiedDate":"2026-02-11T17:25:45","isFullCredit":false}],"authorContributionMap":{"seeml-mo":31}},{"path":"src/main/java/seemlmot/ToDo.java","fileType":"java","lines":[{"lineNumber":1,"author":{"gitId":"seeml-mo"},"content":"package seemlmot;","lastModifiedDate":"2026-02-11T17:25:45","isFullCredit":false},{"lineNumber":2,"author":{"gitId":"seeml-mo"},"content":"","lastModifiedDate":"2026-02-11T17:25:45","isFullCredit":false},{"lineNumber":3,"author":{"gitId":"seeml-mo"},"content":"public class ToDo extends Task{","lastModifiedDate":"2026-02-11T17:25:45","isFullCredit":false},{"lineNumber":4,"author":{"gitId":"seeml-mo"},"content":"    public  ToDo(String description){","lastModifiedDate":"2026-02-11T17:25:45","isFullCredit":false},{"lineNumber":5,"author":{"gitId":"seeml-mo"},"content":"        super(description);","lastModifiedDate":"2026-02-11T17:25:45","isFullCredit":false},{"lineNumber":6,"author":{"gitId":"seeml-mo"},"content":"    }","lastModifiedDate":"2026-02-11T17:25:45","isFullCredit":false},{"lineNumber":7,"author":{"gitId":"seeml-mo"},"content":"","lastModifiedDate":"2026-02-11T17:25:45","isFullCredit":false},{"lineNumber":8,"author":{"gitId":"seeml-mo"},"content":"    @Override","lastModifiedDate":"2026-02-11T17:25:45","isFullCredit":false},{"lineNumber":9,"author":{"gitId":"seeml-mo"},"content":"    public String getStatusIcon() {","lastModifiedDate":"2026-02-11T17:25:45","isFullCredit":false},{"lineNumber":10,"author":{"gitId":"seeml-mo"},"content":"        return \"error\"; // mark done task with X","lastModifiedDate":"2026-02-11T17:25:45","isFullCredit":false},{"lineNumber":11,"author":{"gitId":"seeml-mo"},"content":"    }","lastModifiedDate":"2026-02-11T17:25:45","isFullCredit":false},{"lineNumber":12,"author":{"gitId":"seeml-mo"},"content":"","lastModifiedDate":"2026-02-11T17:25:45","isFullCredit":false},{"lineNumber":13,"author":{"gitId":"seeml-mo"},"content":"    @Override","lastModifiedDate":"2026-02-11T17:25:45","isFullCredit":false},{"lineNumber":14,"author":{"gitId":"seeml-mo"},"content":"    public String getType() {","lastModifiedDate":"2026-02-11T17:25:45","isFullCredit":false},{"lineNumber":15,"author":{"gitId":"seeml-mo"},"content":"        return \"T\";","lastModifiedDate":"2026-02-11T17:25:45","isFullCredit":false},{"lineNumber":16,"author":{"gitId":"seeml-mo"},"content":"    }","lastModifiedDate":"2026-02-11T17:25:45","isFullCredit":false},{"lineNumber":17,"author":{"gitId":"seeml-mo"},"content":"","lastModifiedDate":"2026-02-11T17:25:45","isFullCredit":false},{"lineNumber":18,"author":{"gitId":"seeml-mo"},"content":"    @Override","lastModifiedDate":"2026-02-11T17:25:45","isFullCredit":false},{"lineNumber":19,"author":{"gitId":"seeml-mo"},"content":"    public String toString(){","lastModifiedDate":"2026-02-11T17:25:45","isFullCredit":false},{"lineNumber":20,"author":{"gitId":"seeml-mo"},"content":"        return (\"[\" + getType() + \"][\" + getStatusIcon() + \"] \" + getDescription());","lastModifiedDate":"2026-02-11T17:25:45","isFullCredit":false},{"lineNumber":21,"author":{"gitId":"seeml-mo"},"content":"    }","lastModifiedDate":"2026-02-11T17:25:45","isFullCredit":false},{"lineNumber":22,"author":{"gitId":"seeml-mo"},"content":"}","lastModifiedDate":"2026-02-11T17:25:45","isFullCredit":false}],"authorContributionMap":{"seeml-mo":22}},{"path":"text-ui-test/input.txt","fileType":"txt","lines":[{"lineNumber":1,"author":{"gitId":"seeml-mo"},"content":"todo Francis: Answer CS2113 tutorial questions","lastModifiedDate":"2026-02-09T13:39:20","isFullCredit":false},{"lineNumber":2,"author":{"gitId":"seeml-mo"},"content":"deadline weekly CS2113 quiz /by Monday 9pm","lastModifiedDate":"2026-02-09T13:39:20","isFullCredit":false},{"lineNumber":3,"author":{"gitId":"seeml-mo"},"content":"list","lastModifiedDate":"2026-02-09T13:39:20","isFullCredit":false},{"lineNumber":4,"author":{"gitId":"seeml-mo"},"content":"event CS2113 lecture /from Friday 4 /to 6 pm","lastModifiedDate":"2026-02-09T13:39:20","isFullCredit":false},{"lineNumber":5,"author":{"gitId":"seeml-mo"},"content":"mark 1","lastModifiedDate":"2026-02-09T13:39:20","isFullCredit":false},{"lineNumber":6,"author":{"gitId":"seeml-mo"},"content":"list","lastModifiedDate":"2026-02-09T13:39:20","isFullCredit":false},{"lineNumber":7,"author":{"gitId":"seeml-mo"},"content":"bye","lastModifiedDate":"2026-02-11T17:25:45","isFullCredit":false}],"authorContributionMap":{"seeml-mo":7}},{"path":"text-ui-test/runtest.bat","fileType":"bat","lines":[{"lineNumber":1,"author":{"gitId":"-"},"content":"@ECHO OFF","lastModifiedDate":"2020-05-25T00:03:55","isFullCredit":false},{"lineNumber":2,"author":{"gitId":"-"},"content":"","lastModifiedDate":"2020-05-25T00:03:55","isFullCredit":false},{"lineNumber":3,"author":{"gitId":"-"},"content":"REM create bin directory if it doesn\u0027t exist","lastModifiedDate":"2020-05-25T00:03:55","isFullCredit":false},{"lineNumber":4,"author":{"gitId":"-"},"content":"if not exist ..\\bin mkdir ..\\bin","lastModifiedDate":"2020-05-25T00:03:55","isFullCredit":false},{"lineNumber":5,"author":{"gitId":"-"},"content":"","lastModifiedDate":"2020-05-25T00:03:55","isFullCredit":false},{"lineNumber":6,"author":{"gitId":"-"},"content":"REM delete output from previous run","lastModifiedDate":"2020-05-25T00:03:55","isFullCredit":false},{"lineNumber":7,"author":{"gitId":"seeml-mo"},"content":"del ACTUAL.TXT","lastModifiedDate":"2026-02-11T17:25:45","isFullCredit":false},{"lineNumber":8,"author":{"gitId":"-"},"content":"","lastModifiedDate":"2020-05-25T00:03:55","isFullCredit":false},{"lineNumber":9,"author":{"gitId":"-"},"content":"REM compile the code into the bin folder","lastModifiedDate":"2020-05-25T00:03:55","isFullCredit":false},{"lineNumber":10,"author":{"gitId":"seeml-mo"},"content":"javac  -cp ..\\src\\main\\java\\seemlmot -Xlint:none -d ..\\bin ..\\src\\main\\java\\seemlmot\\*.java","lastModifiedDate":"2026-02-11T17:21:05","isFullCredit":false},{"lineNumber":11,"author":{"gitId":"-"},"content":"IF ERRORLEVEL 1 (","lastModifiedDate":"2020-05-25T00:03:55","isFullCredit":false},{"lineNumber":12,"author":{"gitId":"-"},"content":"    echo ********** BUILD FAILURE **********","lastModifiedDate":"2020-05-25T00:03:55","isFullCredit":false},{"lineNumber":13,"author":{"gitId":"-"},"content":"    exit /b 1","lastModifiedDate":"2020-05-25T00:03:55","isFullCredit":false},{"lineNumber":14,"author":{"gitId":"-"},"content":")","lastModifiedDate":"2020-05-25T00:03:55","isFullCredit":false},{"lineNumber":15,"author":{"gitId":"-"},"content":"REM no error here, errorlevel \u003d\u003d 0","lastModifiedDate":"2020-05-25T00:03:55","isFullCredit":false},{"lineNumber":16,"author":{"gitId":"-"},"content":"","lastModifiedDate":"2020-05-25T00:03:55","isFullCredit":false},{"lineNumber":17,"author":{"gitId":"-"},"content":"REM run the program, feed commands from input.txt file and redirect the output to the ACTUAL.TXT","lastModifiedDate":"2020-05-25T00:03:55","isFullCredit":false},{"lineNumber":18,"author":{"gitId":"seeml-mo"},"content":"java -classpath ..\\bin Seemlmot \u003c input.txt \u003e ACTUAL.TXT","lastModifiedDate":"2026-02-09T13:39:20","isFullCredit":false},{"lineNumber":19,"author":{"gitId":"-"},"content":"","lastModifiedDate":"2020-05-25T00:03:55","isFullCredit":false},{"lineNumber":20,"author":{"gitId":"-"},"content":"REM compare the output to the expected output","lastModifiedDate":"2020-05-25T00:03:55","isFullCredit":false},{"lineNumber":21,"author":{"gitId":"-"},"content":"FC ACTUAL.TXT EXPECTED.TXT","lastModifiedDate":"2020-05-25T00:03:55","isFullCredit":false}],"authorContributionMap":{"seeml-mo":3,"-":18}},{"path":"text-ui-test/runtest.sh","fileType":"sh","lines":[{"lineNumber":1,"author":{"gitId":"-"},"content":"#!/usr/bin/env bash","lastModifiedDate":"2020-05-25T00:03:55","isFullCredit":false},{"lineNumber":2,"author":{"gitId":"-"},"content":"","lastModifiedDate":"2020-05-25T00:03:55","isFullCredit":false},{"lineNumber":3,"author":{"gitId":"-"},"content":"# create bin directory if it doesn\u0027t exist","lastModifiedDate":"2020-05-25T00:03:55","isFullCredit":false},{"lineNumber":4,"author":{"gitId":"-"},"content":"if [ ! -d \"../bin\" ]","lastModifiedDate":"2020-05-25T00:03:55","isFullCredit":false},{"lineNumber":5,"author":{"gitId":"-"},"content":"then","lastModifiedDate":"2020-05-25T00:03:55","isFullCredit":false},{"lineNumber":6,"author":{"gitId":"-"},"content":"    mkdir ../bin","lastModifiedDate":"2020-05-25T00:03:55","isFullCredit":false},{"lineNumber":7,"author":{"gitId":"-"},"content":"fi","lastModifiedDate":"2020-05-25T00:03:55","isFullCredit":false},{"lineNumber":8,"author":{"gitId":"-"},"content":"","lastModifiedDate":"2020-05-25T00:03:55","isFullCredit":false},{"lineNumber":9,"author":{"gitId":"-"},"content":"# delete output from previous run","lastModifiedDate":"2020-05-25T00:03:55","isFullCredit":false},{"lineNumber":10,"author":{"gitId":"-"},"content":"if [ -e \"./ACTUAL.TXT\" ]","lastModifiedDate":"2020-05-25T00:03:55","isFullCredit":false},{"lineNumber":11,"author":{"gitId":"-"},"content":"then","lastModifiedDate":"2020-05-25T00:03:55","isFullCredit":false},{"lineNumber":12,"author":{"gitId":"-"},"content":"    rm ACTUAL.TXT","lastModifiedDate":"2020-05-25T00:03:55","isFullCredit":false},{"lineNumber":13,"author":{"gitId":"-"},"content":"fi","lastModifiedDate":"2020-05-25T00:03:55","isFullCredit":false},{"lineNumber":14,"author":{"gitId":"-"},"content":"","lastModifiedDate":"2020-05-25T00:03:55","isFullCredit":false},{"lineNumber":15,"author":{"gitId":"-"},"content":"# compile the code into the bin folder, terminates if error occurred","lastModifiedDate":"2020-05-25T00:03:55","isFullCredit":false},{"lineNumber":16,"author":{"gitId":"-"},"content":"if ! javac -cp ../src/main/java -Xlint:none -d ../bin ../src/main/java/*.java","lastModifiedDate":"2020-08-25T17:23:26","isFullCredit":false},{"lineNumber":17,"author":{"gitId":"-"},"content":"then","lastModifiedDate":"2020-05-25T00:03:55","isFullCredit":false},{"lineNumber":18,"author":{"gitId":"-"},"content":"    echo \"********** BUILD FAILURE **********\"","lastModifiedDate":"2020-05-25T00:03:55","isFullCredit":false},{"lineNumber":19,"author":{"gitId":"-"},"content":"    exit 1","lastModifiedDate":"2020-05-25T00:03:55","isFullCredit":false},{"lineNumber":20,"author":{"gitId":"-"},"content":"fi","lastModifiedDate":"2020-05-25T00:03:55","isFullCredit":false},{"lineNumber":21,"author":{"gitId":"-"},"content":"","lastModifiedDate":"2020-05-25T00:03:55","isFullCredit":false},{"lineNumber":22,"author":{"gitId":"-"},"content":"# run the program, feed commands from input.txt file and redirect the output to the ACTUAL.TXT","lastModifiedDate":"2020-05-25T00:03:55","isFullCredit":false},{"lineNumber":23,"author":{"gitId":"seeml-mo"},"content":"java -classpath ../bin Seemlmot \u003c input.txt \u003e ACTUAL.TXT","lastModifiedDate":"2026-02-09T13:39:20","isFullCredit":false},{"lineNumber":24,"author":{"gitId":"-"},"content":"","lastModifiedDate":"2020-05-25T00:03:55","isFullCredit":false},{"lineNumber":25,"author":{"gitId":"-"},"content":"# convert to UNIX format","lastModifiedDate":"2020-05-25T00:03:55","isFullCredit":false},{"lineNumber":26,"author":{"gitId":"-"},"content":"cp EXPECTED.TXT EXPECTED-UNIX.TXT","lastModifiedDate":"2020-05-25T00:03:55","isFullCredit":false},{"lineNumber":27,"author":{"gitId":"-"},"content":"dos2unix ACTUAL.TXT EXPECTED-UNIX.TXT","lastModifiedDate":"2020-05-25T00:03:55","isFullCredit":false},{"lineNumber":28,"author":{"gitId":"-"},"content":"","lastModifiedDate":"2020-05-25T00:03:55","isFullCredit":false},{"lineNumber":29,"author":{"gitId":"-"},"content":"# compare the output to the expected output","lastModifiedDate":"2020-05-25T00:03:55","isFullCredit":false},{"lineNumber":30,"author":{"gitId":"-"},"content":"diff ACTUAL.TXT EXPECTED-UNIX.TXT","lastModifiedDate":"2020-05-25T00:03:55","isFullCredit":false},{"lineNumber":31,"author":{"gitId":"-"},"content":"if [ $? -eq 0 ]","lastModifiedDate":"2020-05-25T00:03:55","isFullCredit":false},{"lineNumber":32,"author":{"gitId":"-"},"content":"then","lastModifiedDate":"2020-05-25T00:03:55","isFullCredit":false},{"lineNumber":33,"author":{"gitId":"-"},"content":"    echo \"Test result: PASSED\"","lastModifiedDate":"2020-05-25T00:03:55","isFullCredit":false},{"lineNumber":34,"author":{"gitId":"-"},"content":"    exit 0","lastModifiedDate":"2020-05-25T00:03:55","isFullCredit":false},{"lineNumber":35,"author":{"gitId":"-"},"content":"else","lastModifiedDate":"2020-05-25T00:03:55","isFullCredit":false},{"lineNumber":36,"author":{"gitId":"-"},"content":"    echo \"Test result: FAILED\"","lastModifiedDate":"2020-05-25T00:03:55","isFullCredit":false},{"lineNumber":37,"author":{"gitId":"-"},"content":"    exit 1","lastModifiedDate":"2020-05-25T00:03:55","isFullCredit":false},{"lineNumber":38,"author":{"gitId":"-"},"content":"fi","lastModifiedDate":"2020-05-25T00:03:55","isFullCredit":false}],"authorContributionMap":{"seeml-mo":1,"-":37}}]
