[{"path":"src/main/java/Task.java","fileType":"java","lines":[{"lineNumber":1,"author":{"gitId":"zihaoalt"},"content":"public class Task {","lastModifiedDate":"2026-01-30T12:36:41","isFullCredit":false},{"lineNumber":2,"author":{"gitId":"zihaoalt"},"content":"    protected String description;","lastModifiedDate":"2026-01-30T12:36:41","isFullCredit":false},{"lineNumber":3,"author":{"gitId":"zihaoalt"},"content":"    protected boolean isDone;","lastModifiedDate":"2026-01-30T12:36:41","isFullCredit":false},{"lineNumber":4,"author":{"gitId":"zihaoalt"},"content":"","lastModifiedDate":"2026-01-30T12:36:41","isFullCredit":false},{"lineNumber":5,"author":{"gitId":"zihaoalt"},"content":"    public Task() {","lastModifiedDate":"2026-01-30T12:36:41","isFullCredit":false},{"lineNumber":6,"author":{"gitId":"zihaoalt"},"content":"        this(\"\");","lastModifiedDate":"2026-01-30T12:36:41","isFullCredit":false},{"lineNumber":7,"author":{"gitId":"zihaoalt"},"content":"    }","lastModifiedDate":"2026-01-30T12:36:41","isFullCredit":false},{"lineNumber":8,"author":{"gitId":"zihaoalt"},"content":"","lastModifiedDate":"2026-01-30T12:36:41","isFullCredit":false},{"lineNumber":9,"author":{"gitId":"zihaoalt"},"content":"    public Task(String description) {","lastModifiedDate":"2026-01-30T12:36:41","isFullCredit":false},{"lineNumber":10,"author":{"gitId":"zihaoalt"},"content":"        this.description \u003d description;","lastModifiedDate":"2026-01-30T12:36:41","isFullCredit":false},{"lineNumber":11,"author":{"gitId":"zihaoalt"},"content":"        this.isDone \u003d false;","lastModifiedDate":"2026-01-30T12:36:41","isFullCredit":false},{"lineNumber":12,"author":{"gitId":"zihaoalt"},"content":"    }","lastModifiedDate":"2026-01-30T12:36:41","isFullCredit":false},{"lineNumber":13,"author":{"gitId":"zihaoalt"},"content":"","lastModifiedDate":"2026-01-30T12:36:41","isFullCredit":false},{"lineNumber":14,"author":{"gitId":"zihaoalt"},"content":"    public String getStatusIcon() {","lastModifiedDate":"2026-01-30T12:36:41","isFullCredit":false},{"lineNumber":15,"author":{"gitId":"zihaoalt"},"content":"        return (isDone ? \"X\" : \" \"); // mark done task with X","lastModifiedDate":"2026-01-30T12:36:41","isFullCredit":false},{"lineNumber":16,"author":{"gitId":"zihaoalt"},"content":"    }","lastModifiedDate":"2026-01-30T12:36:41","isFullCredit":false},{"lineNumber":17,"author":{"gitId":"zihaoalt"},"content":"","lastModifiedDate":"2026-01-30T12:36:41","isFullCredit":false},{"lineNumber":18,"author":{"gitId":"zihaoalt"},"content":"    public String getDescription() {","lastModifiedDate":"2026-01-30T12:36:41","isFullCredit":false},{"lineNumber":19,"author":{"gitId":"zihaoalt"},"content":"        return this.description;","lastModifiedDate":"2026-01-30T12:36:41","isFullCredit":false},{"lineNumber":20,"author":{"gitId":"zihaoalt"},"content":"    }","lastModifiedDate":"2026-01-30T12:36:41","isFullCredit":false},{"lineNumber":21,"author":{"gitId":"zihaoalt"},"content":"","lastModifiedDate":"2026-01-30T12:36:41","isFullCredit":false},{"lineNumber":22,"author":{"gitId":"zihaoalt"},"content":"    public void updateDoneStatus(Boolean bool) {","lastModifiedDate":"2026-01-30T12:36:41","isFullCredit":false},{"lineNumber":23,"author":{"gitId":"zihaoalt"},"content":"        this.isDone \u003d bool;","lastModifiedDate":"2026-01-30T12:36:41","isFullCredit":false},{"lineNumber":24,"author":{"gitId":"zihaoalt"},"content":"    }","lastModifiedDate":"2026-01-30T12:36:41","isFullCredit":false},{"lineNumber":25,"author":{"gitId":"zihaoalt"},"content":"","lastModifiedDate":"2026-01-30T12:36:41","isFullCredit":false},{"lineNumber":26,"author":{"gitId":"zihaoalt"},"content":"    public String getPrintingString() {","lastModifiedDate":"2026-01-30T12:36:41","isFullCredit":false},{"lineNumber":27,"author":{"gitId":"zihaoalt"},"content":"        return \"[\" + this.getStatusIcon() + \"]\" + this.getDescription();","lastModifiedDate":"2026-01-30T12:36:41","isFullCredit":false},{"lineNumber":28,"author":{"gitId":"zihaoalt"},"content":"    }","lastModifiedDate":"2026-01-30T12:36:41","isFullCredit":false},{"lineNumber":29,"author":{"gitId":"zihaoalt"},"content":"}","lastModifiedDate":"2026-01-30T12:36:41","isFullCredit":false}],"authorContributionMap":{"zihaoalt":29}},{"path":"src/main/java/Whoru.java","fileType":"java","lines":[{"lineNumber":1,"author":{"gitId":"zihaoalt"},"content":"import java.util.Scanner;","lastModifiedDate":"2026-01-30T11:51:09","isFullCredit":false},{"lineNumber":2,"author":{"gitId":"zihaoalt"},"content":"","lastModifiedDate":"2026-01-30T11:51:09","isFullCredit":false},{"lineNumber":3,"author":{"gitId":"zihaoalt"},"content":"public class Whoru {","lastModifiedDate":"2026-01-23T13:31:05","isFullCredit":false},{"lineNumber":4,"author":{"gitId":"zihaoalt"},"content":"    private final Task[] tasks \u003d new Task[100];","lastModifiedDate":"2026-01-30T12:36:41","isFullCredit":false},{"lineNumber":5,"author":{"gitId":"zihaoalt"},"content":"    private int taskCount \u003d 0;","lastModifiedDate":"2026-01-30T12:36:41","isFullCredit":false},{"lineNumber":6,"author":{"gitId":"zihaoalt"},"content":"    public static void main(String[] args) {","lastModifiedDate":"2026-01-23T13:31:05","isFullCredit":false},{"lineNumber":7,"author":{"gitId":"zihaoalt"},"content":"        String LOGO \u003d","lastModifiedDate":"2026-01-30T12:36:41","isFullCredit":false},{"lineNumber":8,"author":{"gitId":"zihaoalt"},"content":"                \"____________________________________________________________\\n\"","lastModifiedDate":"2026-01-23T13:31:05","isFullCredit":false},{"lineNumber":9,"author":{"gitId":"zihaoalt"},"content":"                        + \"Hello! I\u0027m Whoru\\n\"","lastModifiedDate":"2026-01-30T11:51:09","isFullCredit":false},{"lineNumber":10,"author":{"gitId":"zihaoalt"},"content":"                        + \"What can I do for you?\\n\"","lastModifiedDate":"2026-01-23T13:31:05","isFullCredit":false},{"lineNumber":11,"author":{"gitId":"zihaoalt"},"content":"                        + \"Try typing something\\n\"","lastModifiedDate":"2026-01-30T11:51:09","isFullCredit":false},{"lineNumber":12,"author":{"gitId":"zihaoalt"},"content":"                        + \"____________________________________________________________\\n\";","lastModifiedDate":"2026-01-23T13:31:05","isFullCredit":false},{"lineNumber":13,"author":{"gitId":"zihaoalt"},"content":"","lastModifiedDate":"2026-01-23T13:31:05","isFullCredit":false},{"lineNumber":14,"author":{"gitId":"zihaoalt"},"content":"","lastModifiedDate":"2026-01-30T11:51:09","isFullCredit":false},{"lineNumber":15,"author":{"gitId":"zihaoalt"},"content":"        System.out.println(LOGO);","lastModifiedDate":"2026-01-30T12:36:41","isFullCredit":false},{"lineNumber":16,"author":{"gitId":"zihaoalt"},"content":"","lastModifiedDate":"2026-01-30T11:51:09","isFullCredit":false},{"lineNumber":17,"author":{"gitId":"zihaoalt"},"content":"        new Whoru().listenCommand();","lastModifiedDate":"2026-01-30T11:51:09","isFullCredit":false},{"lineNumber":18,"author":{"gitId":"zihaoalt"},"content":"    }","lastModifiedDate":"2026-01-30T11:51:09","isFullCredit":false},{"lineNumber":19,"author":{"gitId":"zihaoalt"},"content":"","lastModifiedDate":"2026-01-30T11:51:09","isFullCredit":false},{"lineNumber":20,"author":{"gitId":"zihaoalt"},"content":"    private int extractTaskNumber(String line) {","lastModifiedDate":"2026-01-30T13:15:19","isFullCredit":false},{"lineNumber":21,"author":{"gitId":"zihaoalt"},"content":"        int intStartIndex \u003d -1;","lastModifiedDate":"2026-01-30T13:15:19","isFullCredit":false},{"lineNumber":22,"author":{"gitId":"zihaoalt"},"content":"        for (int i \u003d 0; i \u003c line.length(); i++) {","lastModifiedDate":"2026-01-30T13:15:19","isFullCredit":false},{"lineNumber":23,"author":{"gitId":"zihaoalt"},"content":"            if (Character.isDigit(line.charAt(i))) {","lastModifiedDate":"2026-01-30T13:15:19","isFullCredit":false},{"lineNumber":24,"author":{"gitId":"zihaoalt"},"content":"                intStartIndex \u003d i;","lastModifiedDate":"2026-01-30T13:15:19","isFullCredit":false},{"lineNumber":25,"author":{"gitId":"zihaoalt"},"content":"                break;","lastModifiedDate":"2026-01-30T13:15:19","isFullCredit":false},{"lineNumber":26,"author":{"gitId":"zihaoalt"},"content":"            }","lastModifiedDate":"2026-01-30T13:15:19","isFullCredit":false},{"lineNumber":27,"author":{"gitId":"zihaoalt"},"content":"        }","lastModifiedDate":"2026-01-30T13:15:19","isFullCredit":false},{"lineNumber":28,"author":{"gitId":"zihaoalt"},"content":"","lastModifiedDate":"2026-01-30T13:15:19","isFullCredit":false},{"lineNumber":29,"author":{"gitId":"zihaoalt"},"content":"        if (intStartIndex \u003d\u003d -1) {","lastModifiedDate":"2026-01-30T13:15:19","isFullCredit":false},{"lineNumber":30,"author":{"gitId":"zihaoalt"},"content":"            return -1;","lastModifiedDate":"2026-01-30T13:15:19","isFullCredit":false},{"lineNumber":31,"author":{"gitId":"zihaoalt"},"content":"        }","lastModifiedDate":"2026-01-30T13:15:19","isFullCredit":false},{"lineNumber":32,"author":{"gitId":"zihaoalt"},"content":"","lastModifiedDate":"2026-01-30T13:15:19","isFullCredit":false},{"lineNumber":33,"author":{"gitId":"zihaoalt"},"content":"        int intEndIndex \u003d intStartIndex;","lastModifiedDate":"2026-01-30T13:15:19","isFullCredit":false},{"lineNumber":34,"author":{"gitId":"zihaoalt"},"content":"        while (intEndIndex \u003c line.length() \u0026\u0026 Character.isDigit(line.charAt(intEndIndex))) {","lastModifiedDate":"2026-01-30T13:15:19","isFullCredit":false},{"lineNumber":35,"author":{"gitId":"zihaoalt"},"content":"            intEndIndex++;","lastModifiedDate":"2026-01-30T13:15:19","isFullCredit":false},{"lineNumber":36,"author":{"gitId":"zihaoalt"},"content":"        }","lastModifiedDate":"2026-01-30T13:15:19","isFullCredit":false},{"lineNumber":37,"author":{"gitId":"zihaoalt"},"content":"        return Integer.parseInt(line.substring(intStartIndex, intEndIndex));","lastModifiedDate":"2026-01-30T13:15:19","isFullCredit":false},{"lineNumber":38,"author":{"gitId":"zihaoalt"},"content":"    }","lastModifiedDate":"2026-01-30T13:15:19","isFullCredit":false},{"lineNumber":39,"author":{"gitId":"zihaoalt"},"content":"","lastModifiedDate":"2026-01-30T13:15:19","isFullCredit":false},{"lineNumber":40,"author":{"gitId":"zihaoalt"},"content":"    private void listenCommand() {","lastModifiedDate":"2026-01-30T11:51:09","isFullCredit":false},{"lineNumber":41,"author":{"gitId":"zihaoalt"},"content":"        Scanner in \u003d new Scanner(System.in);","lastModifiedDate":"2026-01-30T11:51:09","isFullCredit":false},{"lineNumber":42,"author":{"gitId":"zihaoalt"},"content":"        String line;","lastModifiedDate":"2026-01-30T11:51:09","isFullCredit":false},{"lineNumber":43,"author":{"gitId":"zihaoalt"},"content":"        String outString;","lastModifiedDate":"2026-01-30T11:51:09","isFullCredit":false},{"lineNumber":44,"author":{"gitId":"zihaoalt"},"content":"","lastModifiedDate":"2026-01-30T11:51:09","isFullCredit":false},{"lineNumber":45,"author":{"gitId":"zihaoalt"},"content":"        while (true) {","lastModifiedDate":"2026-01-30T11:51:09","isFullCredit":false},{"lineNumber":46,"author":{"gitId":"zihaoalt"},"content":"            line \u003d in.nextLine();","lastModifiedDate":"2026-01-30T11:51:09","isFullCredit":false},{"lineNumber":47,"author":{"gitId":"zihaoalt"},"content":"            if (\"bye\".equals(line.trim())) {","lastModifiedDate":"2026-01-30T12:36:41","isFullCredit":false},{"lineNumber":48,"author":{"gitId":"zihaoalt"},"content":"                outString \u003d \"____________________________________________________________\\n\"","lastModifiedDate":"2026-01-30T11:51:09","isFullCredit":false},{"lineNumber":49,"author":{"gitId":"zihaoalt"},"content":"                                + \"Byebye hope to see you next time\\n\"","lastModifiedDate":"2026-01-30T11:51:09","isFullCredit":false},{"lineNumber":50,"author":{"gitId":"zihaoalt"},"content":"                                + \"____________________________________________________________\\n\";","lastModifiedDate":"2026-01-30T11:51:09","isFullCredit":false},{"lineNumber":51,"author":{"gitId":"zihaoalt"},"content":"                System.out.println(outString);","lastModifiedDate":"2026-01-30T11:51:09","isFullCredit":false},{"lineNumber":52,"author":{"gitId":"zihaoalt"},"content":"                break;","lastModifiedDate":"2026-01-30T11:51:09","isFullCredit":false},{"lineNumber":53,"author":{"gitId":"zihaoalt"},"content":"            } else if (\"list\".equals(line.trim())) {","lastModifiedDate":"2026-01-30T12:36:41","isFullCredit":false},{"lineNumber":54,"author":{"gitId":"zihaoalt"},"content":"                outString \u003d \"____________________________________________________________\\n\";","lastModifiedDate":"2026-01-30T12:36:41","isFullCredit":false},{"lineNumber":55,"author":{"gitId":"zihaoalt"},"content":"                int count \u003d 1;","lastModifiedDate":"2026-01-30T12:36:41","isFullCredit":false},{"lineNumber":56,"author":{"gitId":"zihaoalt"},"content":"                for (Task task : tasks) {","lastModifiedDate":"2026-01-30T12:36:41","isFullCredit":false},{"lineNumber":57,"author":{"gitId":"zihaoalt"},"content":"                    if (taskCount \u003d\u003d 0) {","lastModifiedDate":"2026-01-30T12:36:41","isFullCredit":false},{"lineNumber":58,"author":{"gitId":"zihaoalt"},"content":"                        outString \u003d outString + \"No task for now good, go relax\\n\";","lastModifiedDate":"2026-01-30T12:36:41","isFullCredit":false},{"lineNumber":59,"author":{"gitId":"zihaoalt"},"content":"                    }","lastModifiedDate":"2026-01-30T11:51:09","isFullCredit":false},{"lineNumber":60,"author":{"gitId":"zihaoalt"},"content":"                    if (task \u003d\u003d null) {","lastModifiedDate":"2026-01-30T12:36:41","isFullCredit":false},{"lineNumber":61,"author":{"gitId":"zihaoalt"},"content":"                        break;","lastModifiedDate":"2026-01-30T12:36:41","isFullCredit":false},{"lineNumber":62,"author":{"gitId":"zihaoalt"},"content":"                    }","lastModifiedDate":"2026-01-30T12:36:41","isFullCredit":false},{"lineNumber":63,"author":{"gitId":"zihaoalt"},"content":"                    outString \u003d outString + Integer.toString(count) + task.getPrintingString() + \"\\n\";","lastModifiedDate":"2026-01-30T12:36:41","isFullCredit":false},{"lineNumber":64,"author":{"gitId":"zihaoalt"},"content":"                    count++;","lastModifiedDate":"2026-01-30T12:36:41","isFullCredit":false},{"lineNumber":65,"author":{"gitId":"zihaoalt"},"content":"                }","lastModifiedDate":"2026-01-30T12:36:41","isFullCredit":false},{"lineNumber":66,"author":{"gitId":"zihaoalt"},"content":"                outString \u003d outString + \"____________________________________________________________\\n\";","lastModifiedDate":"2026-01-30T12:36:41","isFullCredit":false},{"lineNumber":67,"author":{"gitId":"zihaoalt"},"content":"                System.out.println(outString);","lastModifiedDate":"2026-01-30T12:36:41","isFullCredit":false},{"lineNumber":68,"author":{"gitId":"zihaoalt"},"content":"            } else if (line.trim().contains(\"mark\")) {","lastModifiedDate":"2026-01-30T13:15:19","isFullCredit":false},{"lineNumber":69,"author":{"gitId":"zihaoalt"},"content":"                int taskNumber \u003d this.extractTaskNumber(line.trim());","lastModifiedDate":"2026-01-30T13:15:19","isFullCredit":false},{"lineNumber":70,"author":{"gitId":"zihaoalt"},"content":"                if (taskNumber \u003d\u003d -1 || taskNumber \u003e this.taskCount) {","lastModifiedDate":"2026-01-30T13:15:19","isFullCredit":false},{"lineNumber":71,"author":{"gitId":"zihaoalt"},"content":"                    outString \u003d \"____________________________________________________________\\n\"","lastModifiedDate":"2026-01-30T13:15:19","isFullCredit":false},{"lineNumber":72,"author":{"gitId":"zihaoalt"},"content":"                                    + \"     Provide a valid task number to continue\\n\"","lastModifiedDate":"2026-01-30T13:15:19","isFullCredit":false},{"lineNumber":73,"author":{"gitId":"zihaoalt"},"content":"                                    + \"____________________________________________________________\\n\";","lastModifiedDate":"2026-01-30T13:15:19","isFullCredit":false},{"lineNumber":74,"author":{"gitId":"zihaoalt"},"content":"                    System.out.println(outString);","lastModifiedDate":"2026-01-30T13:15:19","isFullCredit":false},{"lineNumber":75,"author":{"gitId":"zihaoalt"},"content":"                    continue;","lastModifiedDate":"2026-01-30T13:15:19","isFullCredit":false},{"lineNumber":76,"author":{"gitId":"zihaoalt"},"content":"                }","lastModifiedDate":"2026-01-30T13:15:19","isFullCredit":false},{"lineNumber":77,"author":{"gitId":"zihaoalt"},"content":"","lastModifiedDate":"2026-01-30T13:15:19","isFullCredit":false},{"lineNumber":78,"author":{"gitId":"zihaoalt"},"content":"                Task task \u003d tasks[taskNumber - 1];","lastModifiedDate":"2026-01-30T13:15:19","isFullCredit":false},{"lineNumber":79,"author":{"gitId":"zihaoalt"},"content":"                task.updateDoneStatus(line.trim().contains(\"unmark\") ? false : true);","lastModifiedDate":"2026-01-30T13:15:19","isFullCredit":false},{"lineNumber":80,"author":{"gitId":"zihaoalt"},"content":"                String middleLine \u003d line.trim().contains(\"unmark\") ? \"OK, I\u0027ve marked this task as not done yet: \\n\" : \"Nice! I\u0027ve marked this task as done:\\n\";","lastModifiedDate":"2026-01-30T13:15:19","isFullCredit":false},{"lineNumber":81,"author":{"gitId":"zihaoalt"},"content":"                outString \u003d \"____________________________________________________________\\n\"","lastModifiedDate":"2026-01-30T13:15:19","isFullCredit":false},{"lineNumber":82,"author":{"gitId":"zihaoalt"},"content":"                                + \"     \" + middleLine","lastModifiedDate":"2026-01-30T13:15:19","isFullCredit":false},{"lineNumber":83,"author":{"gitId":"zihaoalt"},"content":"                                + \"     \" + task.getPrintingString() + \"\\n\"","lastModifiedDate":"2026-01-30T13:15:19","isFullCredit":false},{"lineNumber":84,"author":{"gitId":"zihaoalt"},"content":"                                + \"____________________________________________________________\\n\";","lastModifiedDate":"2026-01-30T13:15:19","isFullCredit":false},{"lineNumber":85,"author":{"gitId":"zihaoalt"},"content":"                System.out.println(outString);","lastModifiedDate":"2026-01-30T13:15:19","isFullCredit":false},{"lineNumber":86,"author":{"gitId":"zihaoalt"},"content":"            } else {","lastModifiedDate":"2026-01-30T12:36:41","isFullCredit":false},{"lineNumber":87,"author":{"gitId":"zihaoalt"},"content":"                String taskContent \u003d line.trim();","lastModifiedDate":"2026-01-30T12:36:41","isFullCredit":false},{"lineNumber":88,"author":{"gitId":"zihaoalt"},"content":"                Task task \u003d new Task(taskContent);","lastModifiedDate":"2026-01-30T12:36:41","isFullCredit":false},{"lineNumber":89,"author":{"gitId":"zihaoalt"},"content":"                this.tasks[taskCount] \u003d task; // add new task","lastModifiedDate":"2026-01-30T12:36:41","isFullCredit":false},{"lineNumber":90,"author":{"gitId":"zihaoalt"},"content":"                this.taskCount++;","lastModifiedDate":"2026-01-30T12:36:41","isFullCredit":false},{"lineNumber":91,"author":{"gitId":"zihaoalt"},"content":"","lastModifiedDate":"2026-01-30T12:36:41","isFullCredit":false},{"lineNumber":92,"author":{"gitId":"zihaoalt"},"content":"                outString \u003d \"____________________________________________________________\\n\"","lastModifiedDate":"2026-01-30T11:51:09","isFullCredit":false},{"lineNumber":93,"author":{"gitId":"zihaoalt"},"content":"                                + \"     added: \" + task.getDescription() + \"\\n\"","lastModifiedDate":"2026-01-30T12:36:41","isFullCredit":false},{"lineNumber":94,"author":{"gitId":"zihaoalt"},"content":"                                + \"____________________________________________________________\\n\";","lastModifiedDate":"2026-01-30T11:51:09","isFullCredit":false},{"lineNumber":95,"author":{"gitId":"zihaoalt"},"content":"                System.out.println(outString);","lastModifiedDate":"2026-01-30T11:51:09","isFullCredit":false},{"lineNumber":96,"author":{"gitId":"zihaoalt"},"content":"            }","lastModifiedDate":"2026-01-30T11:51:09","isFullCredit":false},{"lineNumber":97,"author":{"gitId":"zihaoalt"},"content":"        }","lastModifiedDate":"2026-01-23T13:31:05","isFullCredit":false},{"lineNumber":98,"author":{"gitId":"zihaoalt"},"content":"    }","lastModifiedDate":"2026-01-23T13:31:05","isFullCredit":false},{"lineNumber":99,"author":{"gitId":"zihaoalt"},"content":"}","lastModifiedDate":"2026-01-30T12:36:41","isFullCredit":false},{"lineNumber":100,"author":{"gitId":"zihaoalt"},"content":"","lastModifiedDate":"2026-01-23T13:31:05","isFullCredit":false}],"authorContributionMap":{"zihaoalt":100}}]
