{"authorDailyContributionsMap":{"zihaoalt":[{"date":"2026-01-23T00:00:00","commitResults":[{"hash":"9098ead3ec97a41efbb6696e6ca3b26511f88a44","isMergeCommit":false,"messageTitle":"Complete level 0 tasks","messageBody":"Rename Greet Exit\n","fileTypesAndContributionMap":{"java":{"insertions":14,"deletions":10}}}]},{"date":"2026-01-30T00:00:00","commitResults":[{"hash":"eb15cf330f4ac25ceb321f2e4d6595a8f8996f51","isMergeCommit":false,"messageTitle":"Finish level 1 echo task","messageBody":"","fileTypesAndContributionMap":{"java":{"insertions":28,"deletions":3}}},{"hash":"8a5e16c301867cea5d4bba5201d94d5be45eaa4e","isMergeCommit":false,"messageTitle":"finish level 2","messageBody":"","fileTypesAndContributionMap":{"java":{"insertions":59,"deletions":7}}},{"hash":"c041863287034fce2faf94302e152a5d56fc6261","isMergeCommit":false,"messageTitle":"finish level 3","messageBody":"","fileTypesAndContributionMap":{"java":{"insertions":38,"deletions":0}}}]}]},"authorFileTypeContributionMap":{"zihaoalt":{"java":129,"md":0,"fxml":0,"sh":0,"bat":0,"gradle":0,"txt":0}},"authorContributionVariance":{"zihaoalt":802.3574},"authorDisplayNameMap":{"zihaoalt":"CS2113-T10-4 XU Z..IHAO"}}
