[{"path":"README.md","fileType":"md","lines":[{"lineNumber":1,"author":{"gitId":"xiranhu"},"content":"# Zayne project template","lastModifiedDate":"2026-01-23T22:26:15","isFullCredit":false},{"lineNumber":2,"author":{"gitId":"-"},"content":"","lastModifiedDate":"2020-05-25T00:03:55","isFullCredit":false},{"lineNumber":3,"author":{"gitId":"-"},"content":"This is a project template for a greenfield Java project. It\u0027s named after the Java mascot _Duke_. Given below are instructions on how to use it.","lastModifiedDate":"2020-05-25T00:03:55","isFullCredit":false},{"lineNumber":4,"author":{"gitId":"-"},"content":"","lastModifiedDate":"2020-05-25T00:03:55","isFullCredit":false},{"lineNumber":5,"author":{"gitId":"-"},"content":"## Setting up in Intellij","lastModifiedDate":"2020-05-25T00:03:55","isFullCredit":false},{"lineNumber":6,"author":{"gitId":"-"},"content":"","lastModifiedDate":"2020-05-25T00:03:55","isFullCredit":false},{"lineNumber":7,"author":{"gitId":"-"},"content":"Prerequisites: JDK 17, update Intellij to the most recent version.","lastModifiedDate":"2024-07-11T16:50:14","isFullCredit":false},{"lineNumber":8,"author":{"gitId":"-"},"content":"","lastModifiedDate":"2020-05-25T00:03:55","isFullCredit":false},{"lineNumber":9,"author":{"gitId":"-"},"content":"1. Open Intellij (if you are not in the welcome screen, click `File` \u003e `Close Project` to close the existing project first)","lastModifiedDate":"2021-01-17T12:25:53","isFullCredit":false},{"lineNumber":10,"author":{"gitId":"-"},"content":"1. Open the project into Intellij as follows:","lastModifiedDate":"2021-01-17T12:25:53","isFullCredit":false},{"lineNumber":11,"author":{"gitId":"-"},"content":"   1. Click `Open`.","lastModifiedDate":"2021-01-17T12:25:53","isFullCredit":false},{"lineNumber":12,"author":{"gitId":"-"},"content":"   1. Select the project directory, and click `OK`.","lastModifiedDate":"2021-01-17T12:25:53","isFullCredit":false},{"lineNumber":13,"author":{"gitId":"-"},"content":"   1. If there are any further prompts, accept the defaults.","lastModifiedDate":"2020-05-25T00:03:55","isFullCredit":false},{"lineNumber":14,"author":{"gitId":"-"},"content":"1. Configure the project to use **JDK 17** (not other versions) as explained in [here](https://www.jetbrains.com/help/idea/sdk.html#set-up-jdk).\u003cbr\u003e","lastModifiedDate":"2024-07-11T16:50:14","isFullCredit":false},{"lineNumber":15,"author":{"gitId":"-"},"content":"   In the same dialog, set the **Project language level** field to the `SDK default` option.","lastModifiedDate":"2021-07-29T20:29:39","isFullCredit":false},{"lineNumber":16,"author":{"gitId":"xiranhu"},"content":"1. After that, locate the `src/main/java/Zayne.java` file, right-click it, and choose `Run Zayne.main()` (if the code editor is showing compile errors, try restarting the IDE). If the setup is correct, you should see something like the below as the output:","lastModifiedDate":"2026-01-23T22:26:15","isFullCredit":false},{"lineNumber":17,"author":{"gitId":"-"},"content":"   ```","lastModifiedDate":"2020-05-25T00:03:55","isFullCredit":false},{"lineNumber":18,"author":{"gitId":"-"},"content":"   Hello from","lastModifiedDate":"2020-05-25T00:03:55","isFullCredit":false},{"lineNumber":19,"author":{"gitId":"-"},"content":"    ____        _        ","lastModifiedDate":"2020-05-25T00:03:55","isFullCredit":false},{"lineNumber":20,"author":{"gitId":"-"},"content":"   |  _ \\ _   _| | _____ ","lastModifiedDate":"2020-05-25T00:03:55","isFullCredit":false},{"lineNumber":21,"author":{"gitId":"-"},"content":"   | | | | | | | |/ / _ \\","lastModifiedDate":"2020-05-25T00:03:55","isFullCredit":false},{"lineNumber":22,"author":{"gitId":"-"},"content":"   | |_| | |_| |   \u003c  __/","lastModifiedDate":"2020-05-25T00:03:55","isFullCredit":false},{"lineNumber":23,"author":{"gitId":"-"},"content":"   |____/ \\__,_|_|\\_\\___|","lastModifiedDate":"2020-05-25T00:03:55","isFullCredit":false},{"lineNumber":24,"author":{"gitId":"-"},"content":"   ```","lastModifiedDate":"2020-05-25T00:03:55","isFullCredit":false},{"lineNumber":25,"author":{"gitId":"-"},"content":"","lastModifiedDate":"2025-01-04T21:44:28","isFullCredit":false},{"lineNumber":26,"author":{"gitId":"-"},"content":"**Warning:** Keep the `src\\main\\java` folder as the root folder for Java files (i.e., don\u0027t rename those folders or move Java files to another folder outside of this folder path), as this is the default location some tools (e.g., Gradle) expect to find Java files.","lastModifiedDate":"2025-01-04T21:44:28","isFullCredit":false}],"authorContributionMap":{"xiranhu":2,"-":24}},{"path":"docs/README.md","fileType":"md","lines":[{"lineNumber":1,"author":{"gitId":"xiranhu"},"content":"# Zayne User Guide","lastModifiedDate":"2026-01-23T22:26:15","isFullCredit":false},{"lineNumber":2,"author":{"gitId":"-"},"content":"","lastModifiedDate":"2019-07-29T17:14:46","isFullCredit":false},{"lineNumber":3,"author":{"gitId":"-"},"content":"// Update the title above to match the actual product name","lastModifiedDate":"2024-01-07T18:33:52","isFullCredit":false},{"lineNumber":4,"author":{"gitId":"-"},"content":"","lastModifiedDate":"2019-07-29T17:14:46","isFullCredit":false},{"lineNumber":5,"author":{"gitId":"-"},"content":"// Product screenshot goes here","lastModifiedDate":"2024-01-07T18:33:52","isFullCredit":false},{"lineNumber":6,"author":{"gitId":"-"},"content":"","lastModifiedDate":"2021-07-17T16:49:07","isFullCredit":false},{"lineNumber":7,"author":{"gitId":"-"},"content":"// Product intro goes here","lastModifiedDate":"2024-01-07T18:33:52","isFullCredit":false},{"lineNumber":8,"author":{"gitId":"-"},"content":"","lastModifiedDate":"2021-07-17T16:49:07","isFullCredit":false},{"lineNumber":9,"author":{"gitId":"-"},"content":"## Adding deadlines","lastModifiedDate":"2024-01-07T18:33:52","isFullCredit":false},{"lineNumber":10,"author":{"gitId":"-"},"content":"","lastModifiedDate":"2021-07-17T16:49:07","isFullCredit":false},{"lineNumber":11,"author":{"gitId":"-"},"content":"// Describe the action and its outcome.","lastModifiedDate":"2024-01-07T18:33:52","isFullCredit":false},{"lineNumber":12,"author":{"gitId":"-"},"content":"","lastModifiedDate":"2019-07-29T17:14:46","isFullCredit":false},{"lineNumber":13,"author":{"gitId":"-"},"content":"// Give examples of usage","lastModifiedDate":"2024-01-07T18:33:52","isFullCredit":false},{"lineNumber":14,"author":{"gitId":"-"},"content":"","lastModifiedDate":"2019-07-29T17:14:46","isFullCredit":false},{"lineNumber":15,"author":{"gitId":"-"},"content":"Example: `keyword (optional arguments)`","lastModifiedDate":"2024-01-07T18:33:52","isFullCredit":false},{"lineNumber":16,"author":{"gitId":"-"},"content":"","lastModifiedDate":"2019-07-29T17:14:46","isFullCredit":false},{"lineNumber":17,"author":{"gitId":"-"},"content":"// A description of the expected outcome goes here","lastModifiedDate":"2024-01-07T18:33:52","isFullCredit":false},{"lineNumber":18,"author":{"gitId":"-"},"content":"","lastModifiedDate":"2019-07-29T17:14:46","isFullCredit":false},{"lineNumber":19,"author":{"gitId":"-"},"content":"```","lastModifiedDate":"2024-01-07T18:33:52","isFullCredit":false},{"lineNumber":20,"author":{"gitId":"-"},"content":"expected output","lastModifiedDate":"2024-01-07T18:33:52","isFullCredit":false},{"lineNumber":21,"author":{"gitId":"-"},"content":"```","lastModifiedDate":"2024-01-07T18:33:52","isFullCredit":false},{"lineNumber":22,"author":{"gitId":"-"},"content":"","lastModifiedDate":"2019-07-29T17:14:46","isFullCredit":false},{"lineNumber":23,"author":{"gitId":"-"},"content":"## Feature ABC","lastModifiedDate":"2024-01-07T18:33:52","isFullCredit":false},{"lineNumber":24,"author":{"gitId":"-"},"content":"","lastModifiedDate":"2019-07-29T17:14:46","isFullCredit":false},{"lineNumber":25,"author":{"gitId":"-"},"content":"// Feature details","lastModifiedDate":"2024-01-07T18:33:52","isFullCredit":false},{"lineNumber":26,"author":{"gitId":"-"},"content":"","lastModifiedDate":"2019-07-29T17:14:46","isFullCredit":false},{"lineNumber":27,"author":{"gitId":"-"},"content":"","lastModifiedDate":"2021-07-17T16:49:07","isFullCredit":false},{"lineNumber":28,"author":{"gitId":"-"},"content":"## Feature XYZ","lastModifiedDate":"2024-01-07T18:33:52","isFullCredit":false},{"lineNumber":29,"author":{"gitId":"-"},"content":"","lastModifiedDate":"2024-01-07T18:33:52","isFullCredit":false},{"lineNumber":30,"author":{"gitId":"-"},"content":"// Feature details","lastModifiedDate":"2024-01-07T18:33:52","isFullCredit":false}],"authorContributionMap":{"xiranhu":1,"-":29}},{"path":"src/main/java/Deadline.java","fileType":"java","lines":[{"lineNumber":1,"author":{"gitId":"xiranhu"},"content":"public class Deadline extends Task{","lastModifiedDate":"2026-01-31T00:42:45","isFullCredit":false},{"lineNumber":2,"author":{"gitId":"xiranhu"},"content":"    private String by; //declare a new variable only accessed by this class","lastModifiedDate":"2026-01-31T00:42:45","isFullCredit":false},{"lineNumber":3,"author":{"gitId":"xiranhu"},"content":"","lastModifiedDate":"2026-01-31T00:42:45","isFullCredit":false},{"lineNumber":4,"author":{"gitId":"xiranhu"},"content":"    public Deadline(String description, String by) {  //constructor","lastModifiedDate":"2026-01-31T00:42:45","isFullCredit":false},{"lineNumber":5,"author":{"gitId":"xiranhu"},"content":"        super(description);","lastModifiedDate":"2026-01-31T00:42:45","isFullCredit":false},{"lineNumber":6,"author":{"gitId":"xiranhu"},"content":"        this.by \u003d by;","lastModifiedDate":"2026-01-31T00:42:45","isFullCredit":false},{"lineNumber":7,"author":{"gitId":"xiranhu"},"content":"    }","lastModifiedDate":"2026-01-31T00:42:45","isFullCredit":false},{"lineNumber":8,"author":{"gitId":"xiranhu"},"content":"","lastModifiedDate":"2026-01-31T00:42:45","isFullCredit":false},{"lineNumber":9,"author":{"gitId":"xiranhu"},"content":"    public String getBy() { //getter","lastModifiedDate":"2026-01-31T00:42:45","isFullCredit":false},{"lineNumber":10,"author":{"gitId":"xiranhu"},"content":"        return by;","lastModifiedDate":"2026-01-31T00:42:45","isFullCredit":false},{"lineNumber":11,"author":{"gitId":"xiranhu"},"content":"    }","lastModifiedDate":"2026-01-31T00:42:45","isFullCredit":false},{"lineNumber":12,"author":{"gitId":"xiranhu"},"content":"","lastModifiedDate":"2026-01-31T00:42:45","isFullCredit":false},{"lineNumber":13,"author":{"gitId":"xiranhu"},"content":"    @Override","lastModifiedDate":"2026-01-31T00:42:45","isFullCredit":false},{"lineNumber":14,"author":{"gitId":"xiranhu"},"content":"    public String toString() {","lastModifiedDate":"2026-01-31T00:42:45","isFullCredit":false},{"lineNumber":15,"author":{"gitId":"xiranhu"},"content":"        return \"[D]\" + super.toString() + \" (by: \" + by + \")\";","lastModifiedDate":"2026-01-31T00:42:45","isFullCredit":false},{"lineNumber":16,"author":{"gitId":"xiranhu"},"content":"    }","lastModifiedDate":"2026-01-31T00:42:45","isFullCredit":false},{"lineNumber":17,"author":{"gitId":"xiranhu"},"content":"","lastModifiedDate":"2026-01-31T00:42:45","isFullCredit":false},{"lineNumber":18,"author":{"gitId":"xiranhu"},"content":"}","lastModifiedDate":"2026-01-31T00:42:45","isFullCredit":false}],"authorContributionMap":{"xiranhu":18}},{"path":"src/main/java/Event.java","fileType":"java","lines":[{"lineNumber":1,"author":{"gitId":"xiranhu"},"content":"public class Event extends Task {","lastModifiedDate":"2026-01-31T00:42:45","isFullCredit":false},{"lineNumber":2,"author":{"gitId":"xiranhu"},"content":"    private String from;","lastModifiedDate":"2026-01-31T00:42:45","isFullCredit":false},{"lineNumber":3,"author":{"gitId":"xiranhu"},"content":"    private String to;  ////declare two new variables only accessed by this class","lastModifiedDate":"2026-01-31T00:42:45","isFullCredit":false},{"lineNumber":4,"author":{"gitId":"xiranhu"},"content":"","lastModifiedDate":"2026-01-31T00:42:45","isFullCredit":false},{"lineNumber":5,"author":{"gitId":"xiranhu"},"content":"    public Event(String description, String from, String to) {  //constructor","lastModifiedDate":"2026-01-31T00:42:45","isFullCredit":false},{"lineNumber":6,"author":{"gitId":"xiranhu"},"content":"        super(description);","lastModifiedDate":"2026-01-31T00:42:45","isFullCredit":false},{"lineNumber":7,"author":{"gitId":"xiranhu"},"content":"        this.from \u003d from;","lastModifiedDate":"2026-01-31T00:42:45","isFullCredit":false},{"lineNumber":8,"author":{"gitId":"xiranhu"},"content":"        this.to \u003d to;","lastModifiedDate":"2026-01-31T00:42:45","isFullCredit":false},{"lineNumber":9,"author":{"gitId":"xiranhu"},"content":"    }","lastModifiedDate":"2026-01-31T00:42:45","isFullCredit":false},{"lineNumber":10,"author":{"gitId":"xiranhu"},"content":"","lastModifiedDate":"2026-01-31T00:42:45","isFullCredit":false},{"lineNumber":11,"author":{"gitId":"xiranhu"},"content":"    public String getFrom() {","lastModifiedDate":"2026-01-31T00:42:45","isFullCredit":false},{"lineNumber":12,"author":{"gitId":"xiranhu"},"content":"        return from;","lastModifiedDate":"2026-01-31T00:42:45","isFullCredit":false},{"lineNumber":13,"author":{"gitId":"xiranhu"},"content":"    }","lastModifiedDate":"2026-01-31T00:42:45","isFullCredit":false},{"lineNumber":14,"author":{"gitId":"xiranhu"},"content":"","lastModifiedDate":"2026-01-31T00:42:45","isFullCredit":false},{"lineNumber":15,"author":{"gitId":"xiranhu"},"content":"    public String getTo() {","lastModifiedDate":"2026-01-31T00:42:45","isFullCredit":false},{"lineNumber":16,"author":{"gitId":"xiranhu"},"content":"        return to;","lastModifiedDate":"2026-01-31T00:42:45","isFullCredit":false},{"lineNumber":17,"author":{"gitId":"xiranhu"},"content":"    }","lastModifiedDate":"2026-01-31T00:42:45","isFullCredit":false},{"lineNumber":18,"author":{"gitId":"xiranhu"},"content":"","lastModifiedDate":"2026-01-31T00:42:45","isFullCredit":false},{"lineNumber":19,"author":{"gitId":"xiranhu"},"content":"    @Override","lastModifiedDate":"2026-01-31T00:42:45","isFullCredit":false},{"lineNumber":20,"author":{"gitId":"xiranhu"},"content":"    public String toString() {","lastModifiedDate":"2026-01-31T00:42:45","isFullCredit":false},{"lineNumber":21,"author":{"gitId":"xiranhu"},"content":"        return \"[E]\" + super.toString() + \" (from: \" + from + \" to: \" + to + \")\";","lastModifiedDate":"2026-01-31T00:42:45","isFullCredit":false},{"lineNumber":22,"author":{"gitId":"xiranhu"},"content":"    }","lastModifiedDate":"2026-01-31T00:42:45","isFullCredit":false},{"lineNumber":23,"author":{"gitId":"xiranhu"},"content":"}","lastModifiedDate":"2026-01-31T00:42:45","isFullCredit":false}],"authorContributionMap":{"xiranhu":23}},{"path":"src/main/java/Task.java","fileType":"java","lines":[{"lineNumber":1,"author":{"gitId":"xiranhu"},"content":"public class Task {","lastModifiedDate":"2026-01-23T22:26:15","isFullCredit":false},{"lineNumber":2,"author":{"gitId":"xiranhu"},"content":"    private String description;","lastModifiedDate":"2026-01-23T22:26:15","isFullCredit":false},{"lineNumber":3,"author":{"gitId":"xiranhu"},"content":"    private boolean isDone;","lastModifiedDate":"2026-01-23T22:26:15","isFullCredit":false},{"lineNumber":4,"author":{"gitId":"xiranhu"},"content":"","lastModifiedDate":"2026-01-23T22:26:15","isFullCredit":false},{"lineNumber":5,"author":{"gitId":"xiranhu"},"content":"    public Task () {  //task constructor without parameters","lastModifiedDate":"2026-01-23T22:26:15","isFullCredit":false},{"lineNumber":6,"author":{"gitId":"xiranhu"},"content":"    }","lastModifiedDate":"2026-01-23T22:26:15","isFullCredit":false},{"lineNumber":7,"author":{"gitId":"xiranhu"},"content":"","lastModifiedDate":"2026-01-23T22:26:15","isFullCredit":false},{"lineNumber":8,"author":{"gitId":"xiranhu"},"content":"    public Task(String description) {  //task constructor with parameters","lastModifiedDate":"2026-01-23T22:26:15","isFullCredit":false},{"lineNumber":9,"author":{"gitId":"xiranhu"},"content":"        this.description \u003d description;","lastModifiedDate":"2026-01-23T22:26:15","isFullCredit":false},{"lineNumber":10,"author":{"gitId":"xiranhu"},"content":"        this.isDone \u003d false;","lastModifiedDate":"2026-01-23T22:26:15","isFullCredit":false},{"lineNumber":11,"author":{"gitId":"xiranhu"},"content":"    }","lastModifiedDate":"2026-01-23T22:26:15","isFullCredit":false},{"lineNumber":12,"author":{"gitId":"xiranhu"},"content":"    //get/set for \u0027done\u0027","lastModifiedDate":"2026-01-23T22:26:15","isFullCredit":false},{"lineNumber":13,"author":{"gitId":"xiranhu"},"content":"    public void markDone() {  //setter","lastModifiedDate":"2026-01-23T22:26:15","isFullCredit":false},{"lineNumber":14,"author":{"gitId":"xiranhu"},"content":"        this.isDone \u003d true;","lastModifiedDate":"2026-01-23T22:26:15","isFullCredit":false},{"lineNumber":15,"author":{"gitId":"xiranhu"},"content":"    }","lastModifiedDate":"2026-01-23T22:26:15","isFullCredit":false},{"lineNumber":16,"author":{"gitId":"xiranhu"},"content":"","lastModifiedDate":"2026-01-23T22:26:15","isFullCredit":false},{"lineNumber":17,"author":{"gitId":"xiranhu"},"content":"    public void unmark() {  //setter","lastModifiedDate":"2026-01-23T22:26:15","isFullCredit":false},{"lineNumber":18,"author":{"gitId":"xiranhu"},"content":"        this.isDone \u003d false;","lastModifiedDate":"2026-01-23T22:26:15","isFullCredit":false},{"lineNumber":19,"author":{"gitId":"xiranhu"},"content":"    }","lastModifiedDate":"2026-01-23T22:26:15","isFullCredit":false},{"lineNumber":20,"author":{"gitId":"xiranhu"},"content":"","lastModifiedDate":"2026-01-23T22:26:15","isFullCredit":false},{"lineNumber":21,"author":{"gitId":"xiranhu"},"content":"    public boolean isDone() {  //getter","lastModifiedDate":"2026-01-23T22:26:15","isFullCredit":false},{"lineNumber":22,"author":{"gitId":"xiranhu"},"content":"        return isDone;","lastModifiedDate":"2026-01-23T22:26:15","isFullCredit":false},{"lineNumber":23,"author":{"gitId":"xiranhu"},"content":"    }","lastModifiedDate":"2026-01-23T22:26:15","isFullCredit":false},{"lineNumber":24,"author":{"gitId":"xiranhu"},"content":"","lastModifiedDate":"2026-01-23T22:26:15","isFullCredit":false},{"lineNumber":25,"author":{"gitId":"xiranhu"},"content":"    //get function for \u0027description\u0027","lastModifiedDate":"2026-01-23T22:26:15","isFullCredit":false},{"lineNumber":26,"author":{"gitId":"xiranhu"},"content":"    public String getDescription() {  //getter","lastModifiedDate":"2026-01-23T22:26:15","isFullCredit":false},{"lineNumber":27,"author":{"gitId":"xiranhu"},"content":"        return description;","lastModifiedDate":"2026-01-23T22:26:15","isFullCredit":false},{"lineNumber":28,"author":{"gitId":"xiranhu"},"content":"    }","lastModifiedDate":"2026-01-23T22:26:15","isFullCredit":false},{"lineNumber":29,"author":{"gitId":"xiranhu"},"content":"","lastModifiedDate":"2026-01-31T00:42:45","isFullCredit":false},{"lineNumber":30,"author":{"gitId":"xiranhu"},"content":"    public String toString() {  //a method that returns a string","lastModifiedDate":"2026-01-31T00:42:45","isFullCredit":false},{"lineNumber":31,"author":{"gitId":"xiranhu"},"content":"        String status \u003d isDone ? \"[X]\" : \"[ ]\";","lastModifiedDate":"2026-01-31T00:42:45","isFullCredit":false},{"lineNumber":32,"author":{"gitId":"xiranhu"},"content":"        return status + \" \" + description;","lastModifiedDate":"2026-01-31T00:42:45","isFullCredit":false},{"lineNumber":33,"author":{"gitId":"xiranhu"},"content":"    }","lastModifiedDate":"2026-01-31T00:42:45","isFullCredit":false},{"lineNumber":34,"author":{"gitId":"xiranhu"},"content":"}","lastModifiedDate":"2026-01-23T22:26:15","isFullCredit":false}],"authorContributionMap":{"xiranhu":34}},{"path":"src/main/java/Todo.java","fileType":"java","lines":[{"lineNumber":1,"author":{"gitId":"xiranhu"},"content":"public class Todo extends Task{","lastModifiedDate":"2026-01-31T00:42:45","isFullCredit":false},{"lineNumber":2,"author":{"gitId":"xiranhu"},"content":"    public Todo(String description) { //Constructor","lastModifiedDate":"2026-01-31T00:42:45","isFullCredit":false},{"lineNumber":3,"author":{"gitId":"xiranhu"},"content":"        super(description);  //inherit the properties of \"Task\"","lastModifiedDate":"2026-01-31T00:42:45","isFullCredit":false},{"lineNumber":4,"author":{"gitId":"xiranhu"},"content":"    }","lastModifiedDate":"2026-01-31T00:42:45","isFullCredit":false},{"lineNumber":5,"author":{"gitId":"xiranhu"},"content":"","lastModifiedDate":"2026-01-31T00:42:45","isFullCredit":false},{"lineNumber":6,"author":{"gitId":"xiranhu"},"content":"    @Override","lastModifiedDate":"2026-01-31T00:42:45","isFullCredit":false},{"lineNumber":7,"author":{"gitId":"xiranhu"},"content":"    public String toString() {  //override the parent toString() method because we want to print a [T] at the start","lastModifiedDate":"2026-01-31T00:42:45","isFullCredit":false},{"lineNumber":8,"author":{"gitId":"xiranhu"},"content":"        return \"[T]\" + super.toString();","lastModifiedDate":"2026-01-31T00:42:45","isFullCredit":false},{"lineNumber":9,"author":{"gitId":"xiranhu"},"content":"    }","lastModifiedDate":"2026-01-31T00:42:45","isFullCredit":false},{"lineNumber":10,"author":{"gitId":"xiranhu"},"content":"}","lastModifiedDate":"2026-01-31T00:42:45","isFullCredit":false},{"lineNumber":11,"author":{"gitId":"xiranhu"},"content":"","lastModifiedDate":"2026-01-31T00:42:45","isFullCredit":false}],"authorContributionMap":{"xiranhu":11}},{"path":"src/main/java/Zayne.java","fileType":"java","lines":[{"lineNumber":1,"author":{"gitId":"xiranhu"},"content":"import java.util.Scanner;","lastModifiedDate":"2026-01-23T22:26:15","isFullCredit":false},{"lineNumber":2,"author":{"gitId":"xiranhu"},"content":"","lastModifiedDate":"2026-01-23T22:26:15","isFullCredit":false},{"lineNumber":3,"author":{"gitId":"xiranhu"},"content":"public class Zayne {","lastModifiedDate":"2026-01-21T23:43:39","isFullCredit":false},{"lineNumber":4,"author":{"gitId":"xiranhu"},"content":"    private static void logo() { //method for printing logo","lastModifiedDate":"2026-02-07T12:16:14","isFullCredit":false},{"lineNumber":5,"author":{"gitId":"xiranhu"},"content":"        String logo \u003d \"______   ______  __   __  ___    __ _______ \\n\"","lastModifiedDate":"2026-01-21T23:43:39","isFullCredit":false},{"lineNumber":6,"author":{"gitId":"xiranhu"},"content":"        + \"    //  ||    || ||   ||  || \\\\   || || \\n\"","lastModifiedDate":"2026-01-21T23:43:39","isFullCredit":false},{"lineNumber":7,"author":{"gitId":"xiranhu"},"content":"        + \"   //   ||____|| ||___||  ||  \\\\  || ||_____ \\n\"","lastModifiedDate":"2026-01-21T23:43:39","isFullCredit":false},{"lineNumber":8,"author":{"gitId":"xiranhu"},"content":"        + \"  //    ||    ||      ||  ||   \\\\ || || \\n\"","lastModifiedDate":"2026-01-21T23:43:39","isFullCredit":false},{"lineNumber":9,"author":{"gitId":"xiranhu"},"content":"        + \"_//___  ||    ||  ____||  ||    \\\\_| ||_____ \\n\";","lastModifiedDate":"2026-01-21T23:43:39","isFullCredit":false},{"lineNumber":10,"author":{"gitId":"xiranhu"},"content":"        System.out.println(\"Hello from\\n\" + logo);","lastModifiedDate":"2026-01-21T23:43:39","isFullCredit":false},{"lineNumber":11,"author":{"gitId":"xiranhu"},"content":"    }","lastModifiedDate":"2026-01-21T23:43:39","isFullCredit":false},{"lineNumber":12,"author":{"gitId":"xiranhu"},"content":"","lastModifiedDate":"2026-01-23T22:26:15","isFullCredit":false},{"lineNumber":13,"author":{"gitId":"xiranhu"},"content":"    private static void greet() { //method for greeting user","lastModifiedDate":"2026-02-07T12:16:14","isFullCredit":false},{"lineNumber":14,"author":{"gitId":"xiranhu"},"content":"        printDivider();","lastModifiedDate":"2026-02-07T12:16:14","isFullCredit":false},{"lineNumber":15,"author":{"gitId":"xiranhu"},"content":"        System.out.println(\"Hello! I\u0027m Zayne\");","lastModifiedDate":"2026-01-21T23:43:39","isFullCredit":false},{"lineNumber":16,"author":{"gitId":"xiranhu"},"content":"        System.out.println(\"What can I do for you?\");","lastModifiedDate":"2026-01-21T23:43:39","isFullCredit":false},{"lineNumber":17,"author":{"gitId":"xiranhu"},"content":"        printDivider();","lastModifiedDate":"2026-02-07T12:16:14","isFullCredit":false},{"lineNumber":18,"author":{"gitId":"xiranhu"},"content":"    }","lastModifiedDate":"2026-01-21T23:43:39","isFullCredit":false},{"lineNumber":19,"author":{"gitId":"xiranhu"},"content":"","lastModifiedDate":"2026-01-23T22:26:15","isFullCredit":false},{"lineNumber":20,"author":{"gitId":"xiranhu"},"content":"    private static void bye() { //method for saying bye to user","lastModifiedDate":"2026-02-07T12:16:14","isFullCredit":false},{"lineNumber":21,"author":{"gitId":"xiranhu"},"content":"        printDivider();","lastModifiedDate":"2026-02-07T12:16:14","isFullCredit":false},{"lineNumber":22,"author":{"gitId":"xiranhu"},"content":"        System.out.println(\"Bye. Hope to see you again soon!\");","lastModifiedDate":"2026-01-21T23:43:39","isFullCredit":false},{"lineNumber":23,"author":{"gitId":"xiranhu"},"content":"        printDivider();","lastModifiedDate":"2026-02-07T12:16:14","isFullCredit":false},{"lineNumber":24,"author":{"gitId":"xiranhu"},"content":"    }","lastModifiedDate":"2026-01-23T22:26:15","isFullCredit":false},{"lineNumber":25,"author":{"gitId":"xiranhu"},"content":"","lastModifiedDate":"2026-01-23T22:26:15","isFullCredit":false},{"lineNumber":26,"author":{"gitId":"xiranhu"},"content":"    private static final String DIVIDER \u003d \"____________________________________________________________\";","lastModifiedDate":"2026-02-04T18:20:27","isFullCredit":false},{"lineNumber":27,"author":{"gitId":"xiranhu"},"content":"    private static final int MAX_TASKS \u003d 100; // maximum tasks by default","lastModifiedDate":"2026-01-23T22:26:15","isFullCredit":false},{"lineNumber":28,"author":{"gitId":"xiranhu"},"content":"    private static Task[] tasks \u003d new Task[MAX_TASKS]; // array to store all task inputs","lastModifiedDate":"2026-01-23T22:26:15","isFullCredit":false},{"lineNumber":29,"author":{"gitId":"xiranhu"},"content":"    private static int taskCount \u003d 0; // counter","lastModifiedDate":"2026-01-23T22:26:15","isFullCredit":false},{"lineNumber":30,"author":{"gitId":"xiranhu"},"content":"","lastModifiedDate":"2026-01-23T22:26:15","isFullCredit":false},{"lineNumber":31,"author":{"gitId":"xiranhu"},"content":"    private static void addTask(Task task) { //add a task to the array","lastModifiedDate":"2026-02-07T12:16:14","isFullCredit":false},{"lineNumber":32,"author":{"gitId":"xiranhu"},"content":"        if (taskCount \u003c MAX_TASKS) {","lastModifiedDate":"2026-01-23T22:26:15","isFullCredit":false},{"lineNumber":33,"author":{"gitId":"xiranhu"},"content":"            tasks[taskCount] \u003d task; // store the n^th task input at tasks[n]","lastModifiedDate":"2026-01-30T18:35:44","isFullCredit":false},{"lineNumber":34,"author":{"gitId":"xiranhu"},"content":"            taskCount++;","lastModifiedDate":"2026-01-23T22:26:15","isFullCredit":false},{"lineNumber":35,"author":{"gitId":"xiranhu"},"content":"            printDivider();","lastModifiedDate":"2026-02-07T12:16:14","isFullCredit":false},{"lineNumber":36,"author":{"gitId":"xiranhu"},"content":"            System.out.println(\" Got it. I\u0027ve added this task:\");","lastModifiedDate":"2026-01-31T00:42:45","isFullCredit":false},{"lineNumber":37,"author":{"gitId":"xiranhu"},"content":"            System.out.println(\"  \" + task); //the task here is actually task.toString()","lastModifiedDate":"2026-01-31T00:42:45","isFullCredit":false},{"lineNumber":38,"author":{"gitId":"xiranhu"},"content":"            System.out.println(\" Now you have \" + taskCount + \" tasks in the list.\");","lastModifiedDate":"2026-01-31T00:42:45","isFullCredit":false},{"lineNumber":39,"author":{"gitId":"xiranhu"},"content":"            printDivider();","lastModifiedDate":"2026-02-07T12:16:14","isFullCredit":false},{"lineNumber":40,"author":{"gitId":"xiranhu"},"content":"        } else {","lastModifiedDate":"2026-01-23T22:26:15","isFullCredit":false},{"lineNumber":41,"author":{"gitId":"xiranhu"},"content":"            System.out.println(\"Task list is full! Cannot add more tasks.\");","lastModifiedDate":"2026-01-23T22:26:15","isFullCredit":false},{"lineNumber":42,"author":{"gitId":"xiranhu"},"content":"        }","lastModifiedDate":"2026-01-21T23:43:39","isFullCredit":false},{"lineNumber":43,"author":{"gitId":"xiranhu"},"content":"    }","lastModifiedDate":"2026-01-23T22:26:15","isFullCredit":false},{"lineNumber":44,"author":{"gitId":"xiranhu"},"content":"","lastModifiedDate":"2026-01-23T22:26:15","isFullCredit":false},{"lineNumber":45,"author":{"gitId":"xiranhu"},"content":"    private static void listTasks() { //list out all tasks","lastModifiedDate":"2026-02-07T12:16:14","isFullCredit":false},{"lineNumber":46,"author":{"gitId":"xiranhu"},"content":"        printDivider();","lastModifiedDate":"2026-02-07T12:16:14","isFullCredit":false},{"lineNumber":47,"author":{"gitId":"xiranhu"},"content":"        System.out.println(\"Here are the tasks in your list: \");","lastModifiedDate":"2026-01-23T22:26:15","isFullCredit":false},{"lineNumber":48,"author":{"gitId":"xiranhu"},"content":"        for (int i \u003d 0; i \u003c taskCount; i++) {","lastModifiedDate":"2026-01-23T22:26:15","isFullCredit":false},{"lineNumber":49,"author":{"gitId":"xiranhu"},"content":"            System.out.println(\" \" + (i + 1) + \".\" + tasks[i]); //print index, status and task name","lastModifiedDate":"2026-01-31T00:42:45","isFullCredit":false},{"lineNumber":50,"author":{"gitId":"xiranhu"},"content":"        }","lastModifiedDate":"2026-01-23T22:26:15","isFullCredit":false},{"lineNumber":51,"author":{"gitId":"xiranhu"},"content":"        printDivider();","lastModifiedDate":"2026-02-07T12:16:14","isFullCredit":false},{"lineNumber":52,"author":{"gitId":"xiranhu"},"content":"    }","lastModifiedDate":"2026-02-07T12:16:14","isFullCredit":false},{"lineNumber":53,"author":{"gitId":"xiranhu"},"content":"","lastModifiedDate":"2026-02-07T12:16:14","isFullCredit":false},{"lineNumber":54,"author":{"gitId":"xiranhu"},"content":"    private static void handleMarkCommand(String command) {","lastModifiedDate":"2026-02-07T12:16:14","isFullCredit":false},{"lineNumber":55,"author":{"gitId":"xiranhu"},"content":"        boolean isMark \u003d command.startsWith(\"mark \");","lastModifiedDate":"2026-02-07T12:16:14","isFullCredit":false},{"lineNumber":56,"author":{"gitId":"xiranhu"},"content":"        boolean isUnmark \u003d command.startsWith(\"unmark \");","lastModifiedDate":"2026-02-07T12:16:14","isFullCredit":false},{"lineNumber":57,"author":{"gitId":"xiranhu"},"content":"","lastModifiedDate":"2026-02-07T12:16:14","isFullCredit":false},{"lineNumber":58,"author":{"gitId":"xiranhu"},"content":"        String[] parts \u003d command.split(\" \"); //split the command input whenever there is a space. split components are stored into an array called parts.","lastModifiedDate":"2026-02-07T12:16:14","isFullCredit":false},{"lineNumber":59,"author":{"gitId":"xiranhu"},"content":"","lastModifiedDate":"2026-02-07T12:16:14","isFullCredit":false},{"lineNumber":60,"author":{"gitId":"xiranhu"},"content":"        if (parts.length !\u003d 2) {  //handle invalid command","lastModifiedDate":"2026-02-07T12:16:14","isFullCredit":false},{"lineNumber":61,"author":{"gitId":"xiranhu"},"content":"            System.out.println(\"Usage: mark/unmark \u003ctask number\u003e\");","lastModifiedDate":"2026-02-07T12:16:14","isFullCredit":false},{"lineNumber":62,"author":{"gitId":"xiranhu"},"content":"            return;","lastModifiedDate":"2026-02-07T12:16:14","isFullCredit":false},{"lineNumber":63,"author":{"gitId":"xiranhu"},"content":"        }","lastModifiedDate":"2026-02-07T12:16:14","isFullCredit":false},{"lineNumber":64,"author":{"gitId":"xiranhu"},"content":"","lastModifiedDate":"2026-02-07T12:16:14","isFullCredit":false},{"lineNumber":65,"author":{"gitId":"xiranhu"},"content":"        int index \u003d Integer.parseInt(parts[1]) - 1; //when we list out, the index starts at 1; but in the array the index starts at 0; so we must -1 here to match the array index","lastModifiedDate":"2026-02-07T12:16:14","isFullCredit":false},{"lineNumber":66,"author":{"gitId":"xiranhu"},"content":"","lastModifiedDate":"2026-02-07T12:16:14","isFullCredit":false},{"lineNumber":67,"author":{"gitId":"xiranhu"},"content":"        if (!isValidIndex(index)) {","lastModifiedDate":"2026-02-07T12:16:14","isFullCredit":false},{"lineNumber":68,"author":{"gitId":"xiranhu"},"content":"            System.out.println(\"Invalid task number.\");","lastModifiedDate":"2026-02-07T12:16:14","isFullCredit":false},{"lineNumber":69,"author":{"gitId":"xiranhu"},"content":"            return;","lastModifiedDate":"2026-02-07T12:16:14","isFullCredit":false},{"lineNumber":70,"author":{"gitId":"xiranhu"},"content":"        }","lastModifiedDate":"2026-02-07T12:16:14","isFullCredit":false},{"lineNumber":71,"author":{"gitId":"xiranhu"},"content":"","lastModifiedDate":"2026-02-07T12:16:14","isFullCredit":false},{"lineNumber":72,"author":{"gitId":"xiranhu"},"content":"        if (isMark) {","lastModifiedDate":"2026-02-07T12:16:14","isFullCredit":false},{"lineNumber":73,"author":{"gitId":"xiranhu"},"content":"            tasks[index].markDone();","lastModifiedDate":"2026-02-07T12:16:14","isFullCredit":false},{"lineNumber":74,"author":{"gitId":"xiranhu"},"content":"            printDivider();","lastModifiedDate":"2026-02-07T12:16:14","isFullCredit":false},{"lineNumber":75,"author":{"gitId":"xiranhu"},"content":"            System.out.println(\" Nice! I\u0027ve marked this task as done:\");","lastModifiedDate":"2026-02-07T12:16:14","isFullCredit":false},{"lineNumber":76,"author":{"gitId":"xiranhu"},"content":"            System.out.println(\" \" + tasks[index]);","lastModifiedDate":"2026-02-07T12:16:14","isFullCredit":false},{"lineNumber":77,"author":{"gitId":"xiranhu"},"content":"            printDivider();","lastModifiedDate":"2026-02-07T12:16:14","isFullCredit":false},{"lineNumber":78,"author":{"gitId":"xiranhu"},"content":"            return;","lastModifiedDate":"2026-02-07T12:16:14","isFullCredit":false},{"lineNumber":79,"author":{"gitId":"xiranhu"},"content":"        }","lastModifiedDate":"2026-02-07T12:16:14","isFullCredit":false},{"lineNumber":80,"author":{"gitId":"xiranhu"},"content":"","lastModifiedDate":"2026-02-07T12:16:14","isFullCredit":false},{"lineNumber":81,"author":{"gitId":"xiranhu"},"content":"        if (isUnmark) {","lastModifiedDate":"2026-02-07T12:16:14","isFullCredit":false},{"lineNumber":82,"author":{"gitId":"xiranhu"},"content":"            tasks[index].unmark();","lastModifiedDate":"2026-02-07T12:16:14","isFullCredit":false},{"lineNumber":83,"author":{"gitId":"xiranhu"},"content":"            printDivider();","lastModifiedDate":"2026-02-07T12:16:14","isFullCredit":false},{"lineNumber":84,"author":{"gitId":"xiranhu"},"content":"            System.out.println(\" OK, I\u0027ve marked this task as not done yet:\");","lastModifiedDate":"2026-02-07T12:16:14","isFullCredit":false},{"lineNumber":85,"author":{"gitId":"xiranhu"},"content":"            System.out.println(\" \" + tasks[index]);","lastModifiedDate":"2026-02-07T12:16:14","isFullCredit":false},{"lineNumber":86,"author":{"gitId":"xiranhu"},"content":"            printDivider();","lastModifiedDate":"2026-02-07T12:16:14","isFullCredit":false},{"lineNumber":87,"author":{"gitId":"xiranhu"},"content":"        }","lastModifiedDate":"2026-02-07T12:16:14","isFullCredit":false},{"lineNumber":88,"author":{"gitId":"xiranhu"},"content":"    }","lastModifiedDate":"2026-02-07T12:16:14","isFullCredit":false},{"lineNumber":89,"author":{"gitId":"xiranhu"},"content":"","lastModifiedDate":"2026-02-07T12:16:14","isFullCredit":false},{"lineNumber":90,"author":{"gitId":"xiranhu"},"content":"    private static boolean isValidIndex(int index) {","lastModifiedDate":"2026-02-07T12:16:14","isFullCredit":false},{"lineNumber":91,"author":{"gitId":"xiranhu"},"content":"        return index \u003e\u003d 0 \u0026\u0026 index \u003c taskCount;","lastModifiedDate":"2026-02-07T12:16:14","isFullCredit":false},{"lineNumber":92,"author":{"gitId":"xiranhu"},"content":"    }","lastModifiedDate":"2026-02-07T12:16:14","isFullCredit":false},{"lineNumber":93,"author":{"gitId":"xiranhu"},"content":"","lastModifiedDate":"2026-02-07T12:16:14","isFullCredit":false},{"lineNumber":94,"author":{"gitId":"xiranhu"},"content":"    private static void printDivider() {","lastModifiedDate":"2026-02-07T12:16:14","isFullCredit":false},{"lineNumber":95,"author":{"gitId":"xiranhu"},"content":"        System.out.println(DIVIDER);","lastModifiedDate":"2026-02-04T18:20:27","isFullCredit":false},{"lineNumber":96,"author":{"gitId":"xiranhu"},"content":"    }","lastModifiedDate":"2026-01-23T22:26:15","isFullCredit":false},{"lineNumber":97,"author":{"gitId":"xiranhu"},"content":"","lastModifiedDate":"2026-01-23T22:26:15","isFullCredit":false},{"lineNumber":98,"author":{"gitId":"xiranhu"},"content":"    private static void handleTodo(String command) {","lastModifiedDate":"2026-02-07T12:16:14","isFullCredit":false},{"lineNumber":99,"author":{"gitId":"xiranhu"},"content":"        String taskDescription \u003d command.substring(5).trim(); // extracts everything after \"todo \" (5 characters including space) as the task taskDescription","lastModifiedDate":"2026-02-07T12:16:14","isFullCredit":false},{"lineNumber":100,"author":{"gitId":"xiranhu"},"content":"","lastModifiedDate":"2026-02-07T12:16:14","isFullCredit":false},{"lineNumber":101,"author":{"gitId":"xiranhu"},"content":"        if (taskDescription.isEmpty()) {","lastModifiedDate":"2026-02-07T12:16:14","isFullCredit":false},{"lineNumber":102,"author":{"gitId":"xiranhu"},"content":"            System.out.println(\"The task description of a todo cannot be empty.\");","lastModifiedDate":"2026-02-07T12:16:14","isFullCredit":false},{"lineNumber":103,"author":{"gitId":"xiranhu"},"content":"            return;","lastModifiedDate":"2026-02-07T12:16:14","isFullCredit":false},{"lineNumber":104,"author":{"gitId":"xiranhu"},"content":"        }","lastModifiedDate":"2026-02-07T12:16:14","isFullCredit":false},{"lineNumber":105,"author":{"gitId":"xiranhu"},"content":"","lastModifiedDate":"2026-02-07T12:16:14","isFullCredit":false},{"lineNumber":106,"author":{"gitId":"xiranhu"},"content":"        addTask(new Todo(taskDescription));","lastModifiedDate":"2026-02-07T12:16:14","isFullCredit":false},{"lineNumber":107,"author":{"gitId":"xiranhu"},"content":"    }","lastModifiedDate":"2026-02-07T12:16:14","isFullCredit":false},{"lineNumber":108,"author":{"gitId":"xiranhu"},"content":"","lastModifiedDate":"2026-02-07T12:16:14","isFullCredit":false},{"lineNumber":109,"author":{"gitId":"xiranhu"},"content":"    private static void handleDeadline(String command) {","lastModifiedDate":"2026-02-07T12:16:14","isFullCredit":false},{"lineNumber":110,"author":{"gitId":"xiranhu"},"content":"        int indexOfBy \u003d command.indexOf(\"/by\");","lastModifiedDate":"2026-02-07T12:16:14","isFullCredit":false},{"lineNumber":111,"author":{"gitId":"xiranhu"},"content":"","lastModifiedDate":"2026-02-07T12:16:14","isFullCredit":false},{"lineNumber":112,"author":{"gitId":"xiranhu"},"content":"        if (indexOfBy\u003d\u003d -1) {","lastModifiedDate":"2026-02-07T12:16:14","isFullCredit":false},{"lineNumber":113,"author":{"gitId":"xiranhu"},"content":"            System.out.println(\"Invalid deadline format. Use: deadline \u003cdesc\u003e /by \u003cdate\u003e\");","lastModifiedDate":"2026-02-07T12:16:14","isFullCredit":false},{"lineNumber":114,"author":{"gitId":"xiranhu"},"content":"            return;","lastModifiedDate":"2026-02-07T12:16:14","isFullCredit":false},{"lineNumber":115,"author":{"gitId":"xiranhu"},"content":"        }","lastModifiedDate":"2026-02-07T12:16:14","isFullCredit":false},{"lineNumber":116,"author":{"gitId":"xiranhu"},"content":"","lastModifiedDate":"2026-02-07T12:16:14","isFullCredit":false},{"lineNumber":117,"author":{"gitId":"xiranhu"},"content":"        String taskDescription \u003d command.substring(9, indexOfBy).trim(); // starts from index 9 to skip \"deadline \", extracts the task description","lastModifiedDate":"2026-02-07T12:16:14","isFullCredit":false},{"lineNumber":118,"author":{"gitId":"xiranhu"},"content":"        String by \u003d command.substring(indexOfBy + 3).trim(); // +3 skips past \"/by\", extracts the deadline date/time","lastModifiedDate":"2026-02-07T12:16:14","isFullCredit":false},{"lineNumber":119,"author":{"gitId":"xiranhu"},"content":"","lastModifiedDate":"2026-02-07T12:16:14","isFullCredit":false},{"lineNumber":120,"author":{"gitId":"xiranhu"},"content":"        if (taskDescription.isEmpty() || by.isEmpty()) {","lastModifiedDate":"2026-02-07T12:16:14","isFullCredit":false},{"lineNumber":121,"author":{"gitId":"xiranhu"},"content":"            System.out.println(\"Invalid deadline format. Use: deadline \u003cdesc\u003e /by \u003cdate\u003e\");","lastModifiedDate":"2026-02-07T12:16:14","isFullCredit":false},{"lineNumber":122,"author":{"gitId":"xiranhu"},"content":"            return;","lastModifiedDate":"2026-02-07T12:16:14","isFullCredit":false},{"lineNumber":123,"author":{"gitId":"xiranhu"},"content":"        }","lastModifiedDate":"2026-02-07T12:16:14","isFullCredit":false},{"lineNumber":124,"author":{"gitId":"xiranhu"},"content":"","lastModifiedDate":"2026-02-07T12:16:14","isFullCredit":false},{"lineNumber":125,"author":{"gitId":"xiranhu"},"content":"        addTask(new Deadline(taskDescription, by));","lastModifiedDate":"2026-02-07T12:16:14","isFullCredit":false},{"lineNumber":126,"author":{"gitId":"xiranhu"},"content":"    }","lastModifiedDate":"2026-02-07T12:16:14","isFullCredit":false},{"lineNumber":127,"author":{"gitId":"xiranhu"},"content":"","lastModifiedDate":"2026-02-07T12:16:14","isFullCredit":false},{"lineNumber":128,"author":{"gitId":"xiranhu"},"content":"    private static void handleEvent(String command) {","lastModifiedDate":"2026-02-07T12:16:14","isFullCredit":false},{"lineNumber":129,"author":{"gitId":"xiranhu"},"content":"        int indexOfFrom \u003d command.indexOf(\"/from\");","lastModifiedDate":"2026-02-07T12:16:14","isFullCredit":false},{"lineNumber":130,"author":{"gitId":"xiranhu"},"content":"        int indexOfTo \u003d command.indexOf(\"/to\");","lastModifiedDate":"2026-02-07T12:16:14","isFullCredit":false},{"lineNumber":131,"author":{"gitId":"xiranhu"},"content":"","lastModifiedDate":"2026-02-07T12:16:14","isFullCredit":false},{"lineNumber":132,"author":{"gitId":"xiranhu"},"content":"        if (indexOfFrom \u003d\u003d -1 || indexOfTo \u003d\u003d -1 || indexOfTo \u003c\u003d indexOfFrom) {","lastModifiedDate":"2026-02-07T12:16:14","isFullCredit":false},{"lineNumber":133,"author":{"gitId":"xiranhu"},"content":"            System.out.println(\"Invalid event format. Use: event \u003cdesc\u003e /from \u003cstart\u003e /to \u003cend\u003e\");","lastModifiedDate":"2026-02-07T12:16:14","isFullCredit":false},{"lineNumber":134,"author":{"gitId":"xiranhu"},"content":"            return;","lastModifiedDate":"2026-02-07T12:16:14","isFullCredit":false},{"lineNumber":135,"author":{"gitId":"xiranhu"},"content":"        }","lastModifiedDate":"2026-02-07T12:16:14","isFullCredit":false},{"lineNumber":136,"author":{"gitId":"xiranhu"},"content":"","lastModifiedDate":"2026-02-07T12:16:14","isFullCredit":false},{"lineNumber":137,"author":{"gitId":"xiranhu"},"content":"        String taskDescription \u003d command.substring(6, indexOfFrom).trim();  // starts from index 6 to skip \"event \", extracts the event description","lastModifiedDate":"2026-02-07T12:16:14","isFullCredit":false},{"lineNumber":138,"author":{"gitId":"xiranhu"},"content":"        String from \u003d command.substring(indexOfFrom + 5, indexOfTo).trim(); // +5 skips past \"/from\", extracts the start time","lastModifiedDate":"2026-02-07T12:16:14","isFullCredit":false},{"lineNumber":139,"author":{"gitId":"xiranhu"},"content":"        String to \u003d command.substring(indexOfTo + 3).trim();  // +3 skips past \"/to\", extracts the end time","lastModifiedDate":"2026-02-07T12:16:14","isFullCredit":false},{"lineNumber":140,"author":{"gitId":"xiranhu"},"content":"","lastModifiedDate":"2026-02-07T12:16:14","isFullCredit":false},{"lineNumber":141,"author":{"gitId":"xiranhu"},"content":"        if (taskDescription.isEmpty() || from.isEmpty() || to.isEmpty()) {","lastModifiedDate":"2026-02-07T12:16:14","isFullCredit":false},{"lineNumber":142,"author":{"gitId":"xiranhu"},"content":"            System.out.println(\"Invalid event format. Use: event \u003cdesc\u003e /from \u003cstart\u003e /to \u003cend\u003e\");","lastModifiedDate":"2026-02-07T12:16:14","isFullCredit":false},{"lineNumber":143,"author":{"gitId":"xiranhu"},"content":"            return;","lastModifiedDate":"2026-02-07T12:16:14","isFullCredit":false},{"lineNumber":144,"author":{"gitId":"xiranhu"},"content":"        }","lastModifiedDate":"2026-02-07T12:16:14","isFullCredit":false},{"lineNumber":145,"author":{"gitId":"xiranhu"},"content":"","lastModifiedDate":"2026-02-07T12:16:14","isFullCredit":false},{"lineNumber":146,"author":{"gitId":"xiranhu"},"content":"        addTask(new Event(taskDescription, from, to));","lastModifiedDate":"2026-02-07T12:16:14","isFullCredit":false},{"lineNumber":147,"author":{"gitId":"xiranhu"},"content":"    }","lastModifiedDate":"2026-02-07T12:16:14","isFullCredit":false},{"lineNumber":148,"author":{"gitId":"xiranhu"},"content":"","lastModifiedDate":"2026-02-07T12:16:14","isFullCredit":false},{"lineNumber":149,"author":{"gitId":"xiranhu"},"content":"    public static void main(String[] args) {","lastModifiedDate":"2026-01-21T23:43:39","isFullCredit":false},{"lineNumber":150,"author":{"gitId":"xiranhu"},"content":"        logo();","lastModifiedDate":"2026-01-21T23:43:39","isFullCredit":false},{"lineNumber":151,"author":{"gitId":"xiranhu"},"content":"        greet();","lastModifiedDate":"2026-01-21T23:43:39","isFullCredit":false},{"lineNumber":152,"author":{"gitId":"xiranhu"},"content":"","lastModifiedDate":"2026-01-23T22:26:15","isFullCredit":false},{"lineNumber":153,"author":{"gitId":"xiranhu"},"content":"        Scanner sc \u003d new Scanner(System.in); // for user input","lastModifiedDate":"2026-01-23T22:26:15","isFullCredit":false},{"lineNumber":154,"author":{"gitId":"xiranhu"},"content":"        String command \u003d \" \"; //stores user input String[] parts \u003d command.split(\" \");","lastModifiedDate":"2026-01-23T22:26:15","isFullCredit":false},{"lineNumber":155,"author":{"gitId":"xiranhu"},"content":"","lastModifiedDate":"2026-01-23T22:26:15","isFullCredit":false},{"lineNumber":156,"author":{"gitId":"xiranhu"},"content":"        while (true) {","lastModifiedDate":"2026-01-23T22:26:15","isFullCredit":false},{"lineNumber":157,"author":{"gitId":"xiranhu"},"content":"            command \u003d sc.nextLine().trim();","lastModifiedDate":"2026-01-23T22:26:15","isFullCredit":false},{"lineNumber":158,"author":{"gitId":"xiranhu"},"content":"","lastModifiedDate":"2026-02-04T18:20:27","isFullCredit":false},{"lineNumber":159,"author":{"gitId":"xiranhu"},"content":"            if (command.equalsIgnoreCase(\"bye\")) {","lastModifiedDate":"2026-01-23T22:26:15","isFullCredit":false},{"lineNumber":160,"author":{"gitId":"xiranhu"},"content":"                bye();","lastModifiedDate":"2026-01-21T23:43:39","isFullCredit":false},{"lineNumber":161,"author":{"gitId":"xiranhu"},"content":"                break;","lastModifiedDate":"2026-01-23T22:26:15","isFullCredit":false},{"lineNumber":162,"author":{"gitId":"xiranhu"},"content":"            }","lastModifiedDate":"2026-02-04T18:20:27","isFullCredit":false},{"lineNumber":163,"author":{"gitId":"xiranhu"},"content":"","lastModifiedDate":"2026-02-04T18:20:27","isFullCredit":false},{"lineNumber":164,"author":{"gitId":"xiranhu"},"content":"            if (command.equalsIgnoreCase(\"list\")) {","lastModifiedDate":"2026-02-04T18:20:27","isFullCredit":false},{"lineNumber":165,"author":{"gitId":"xiranhu"},"content":"                listTasks();","lastModifiedDate":"2026-01-23T22:26:15","isFullCredit":false},{"lineNumber":166,"author":{"gitId":"xiranhu"},"content":"                continue;","lastModifiedDate":"2026-02-04T18:20:27","isFullCredit":false},{"lineNumber":167,"author":{"gitId":"xiranhu"},"content":"            }","lastModifiedDate":"2026-02-04T18:20:27","isFullCredit":false},{"lineNumber":168,"author":{"gitId":"xiranhu"},"content":"","lastModifiedDate":"2026-02-04T18:20:27","isFullCredit":false},{"lineNumber":169,"author":{"gitId":"xiranhu"},"content":"            if (command.startsWith(\"mark \") || command.startsWith(\"unmark \")) {","lastModifiedDate":"2026-02-07T12:16:14","isFullCredit":false},{"lineNumber":170,"author":{"gitId":"xiranhu"},"content":"                handleMarkCommand(command);","lastModifiedDate":"2026-02-07T12:16:14","isFullCredit":false},{"lineNumber":171,"author":{"gitId":"xiranhu"},"content":"                continue;","lastModifiedDate":"2026-02-04T18:20:27","isFullCredit":false},{"lineNumber":172,"author":{"gitId":"xiranhu"},"content":"            }","lastModifiedDate":"2026-02-04T18:20:27","isFullCredit":false},{"lineNumber":173,"author":{"gitId":"xiranhu"},"content":"","lastModifiedDate":"2026-02-04T18:20:27","isFullCredit":false},{"lineNumber":174,"author":{"gitId":"xiranhu"},"content":"            if (command.startsWith(\"todo \")) {","lastModifiedDate":"2026-02-04T18:20:27","isFullCredit":false},{"lineNumber":175,"author":{"gitId":"xiranhu"},"content":"                handleTodo(command);","lastModifiedDate":"2026-02-07T12:16:14","isFullCredit":false},{"lineNumber":176,"author":{"gitId":"xiranhu"},"content":"                continue;","lastModifiedDate":"2026-02-04T18:20:27","isFullCredit":false},{"lineNumber":177,"author":{"gitId":"xiranhu"},"content":"            }","lastModifiedDate":"2026-02-04T18:20:27","isFullCredit":false},{"lineNumber":178,"author":{"gitId":"xiranhu"},"content":"","lastModifiedDate":"2026-02-04T18:20:27","isFullCredit":false},{"lineNumber":179,"author":{"gitId":"xiranhu"},"content":"            if (command.startsWith(\"deadline \")) {","lastModifiedDate":"2026-02-04T18:20:27","isFullCredit":false},{"lineNumber":180,"author":{"gitId":"xiranhu"},"content":"                handleDeadline(command);","lastModifiedDate":"2026-02-07T12:16:14","isFullCredit":false},{"lineNumber":181,"author":{"gitId":"xiranhu"},"content":"                continue;","lastModifiedDate":"2026-02-04T18:20:27","isFullCredit":false},{"lineNumber":182,"author":{"gitId":"xiranhu"},"content":"            }","lastModifiedDate":"2026-02-04T18:20:27","isFullCredit":false},{"lineNumber":183,"author":{"gitId":"xiranhu"},"content":"","lastModifiedDate":"2026-02-04T18:20:27","isFullCredit":false},{"lineNumber":184,"author":{"gitId":"xiranhu"},"content":"            if (command.startsWith(\"event \")) {","lastModifiedDate":"2026-02-07T12:16:14","isFullCredit":false},{"lineNumber":185,"author":{"gitId":"xiranhu"},"content":"                handleEvent(command);","lastModifiedDate":"2026-02-07T12:16:14","isFullCredit":false},{"lineNumber":186,"author":{"gitId":"xiranhu"},"content":"                continue;","lastModifiedDate":"2026-02-04T18:20:27","isFullCredit":false},{"lineNumber":187,"author":{"gitId":"xiranhu"},"content":"            }","lastModifiedDate":"2026-01-23T22:26:15","isFullCredit":false},{"lineNumber":188,"author":{"gitId":"xiranhu"},"content":"","lastModifiedDate":"2026-02-04T18:20:27","isFullCredit":false},{"lineNumber":189,"author":{"gitId":"xiranhu"},"content":"            System.out.println(\"Please enter a valid task.\");","lastModifiedDate":"2026-02-04T18:20:27","isFullCredit":false},{"lineNumber":190,"author":{"gitId":"xiranhu"},"content":"        }","lastModifiedDate":"2026-01-23T22:26:15","isFullCredit":false},{"lineNumber":191,"author":{"gitId":"xiranhu"},"content":"        sc.close();","lastModifiedDate":"2026-01-23T22:26:15","isFullCredit":false},{"lineNumber":192,"author":{"gitId":"xiranhu"},"content":"    }","lastModifiedDate":"2026-01-21T23:43:39","isFullCredit":false},{"lineNumber":193,"author":{"gitId":"xiranhu"},"content":"}","lastModifiedDate":"2026-01-21T23:43:39","isFullCredit":false},{"lineNumber":194,"author":{"gitId":"xiranhu"},"content":"","lastModifiedDate":"2026-01-21T23:43:39","isFullCredit":false},{"lineNumber":195,"author":{"gitId":"xiranhu"},"content":"","lastModifiedDate":"2026-01-21T23:43:39","isFullCredit":false},{"lineNumber":196,"author":{"gitId":"xiranhu"},"content":"","lastModifiedDate":"2026-01-21T23:43:39","isFullCredit":false},{"lineNumber":197,"author":{"gitId":"xiranhu"},"content":"","lastModifiedDate":"2026-01-21T23:43:39","isFullCredit":false}],"authorContributionMap":{"xiranhu":197}},{"path":"text-ui-test/runtest.bat","fileType":"bat","lines":[{"lineNumber":1,"author":{"gitId":"-"},"content":"@ECHO OFF","lastModifiedDate":"2020-05-25T00:03:55","isFullCredit":false},{"lineNumber":2,"author":{"gitId":"-"},"content":"","lastModifiedDate":"2020-05-25T00:03:55","isFullCredit":false},{"lineNumber":3,"author":{"gitId":"-"},"content":"REM create bin directory if it doesn\u0027t exist","lastModifiedDate":"2020-05-25T00:03:55","isFullCredit":false},{"lineNumber":4,"author":{"gitId":"-"},"content":"if not exist ..\\bin mkdir ..\\bin","lastModifiedDate":"2020-05-25T00:03:55","isFullCredit":false},{"lineNumber":5,"author":{"gitId":"-"},"content":"","lastModifiedDate":"2020-05-25T00:03:55","isFullCredit":false},{"lineNumber":6,"author":{"gitId":"-"},"content":"REM delete output from previous run","lastModifiedDate":"2020-05-25T00:03:55","isFullCredit":false},{"lineNumber":7,"author":{"gitId":"-"},"content":"if exist ACTUAL.TXT del ACTUAL.TXT","lastModifiedDate":"2020-08-25T17:23:26","isFullCredit":false},{"lineNumber":8,"author":{"gitId":"-"},"content":"","lastModifiedDate":"2020-05-25T00:03:55","isFullCredit":false},{"lineNumber":9,"author":{"gitId":"-"},"content":"REM compile the code into the bin folder","lastModifiedDate":"2020-05-25T00:03:55","isFullCredit":false},{"lineNumber":10,"author":{"gitId":"-"},"content":"javac  -cp ..\\src\\main\\java -Xlint:none -d ..\\bin ..\\src\\main\\java\\*.java","lastModifiedDate":"2020-08-25T17:23:26","isFullCredit":false},{"lineNumber":11,"author":{"gitId":"-"},"content":"IF ERRORLEVEL 1 (","lastModifiedDate":"2020-05-25T00:03:55","isFullCredit":false},{"lineNumber":12,"author":{"gitId":"-"},"content":"    echo ********** BUILD FAILURE **********","lastModifiedDate":"2020-05-25T00:03:55","isFullCredit":false},{"lineNumber":13,"author":{"gitId":"-"},"content":"    exit /b 1","lastModifiedDate":"2020-05-25T00:03:55","isFullCredit":false},{"lineNumber":14,"author":{"gitId":"-"},"content":")","lastModifiedDate":"2020-05-25T00:03:55","isFullCredit":false},{"lineNumber":15,"author":{"gitId":"-"},"content":"REM no error here, errorlevel \u003d\u003d 0","lastModifiedDate":"2020-05-25T00:03:55","isFullCredit":false},{"lineNumber":16,"author":{"gitId":"-"},"content":"","lastModifiedDate":"2020-05-25T00:03:55","isFullCredit":false},{"lineNumber":17,"author":{"gitId":"-"},"content":"REM run the program, feed commands from input.txt file and redirect the output to the ACTUAL.TXT","lastModifiedDate":"2020-05-25T00:03:55","isFullCredit":false},{"lineNumber":18,"author":{"gitId":"xiranhu"},"content":"java -classpath ..\\bin Zayne \u003c input.txt \u003e ACTUAL.TXT","lastModifiedDate":"2026-01-23T22:26:15","isFullCredit":false},{"lineNumber":19,"author":{"gitId":"-"},"content":"","lastModifiedDate":"2020-05-25T00:03:55","isFullCredit":false},{"lineNumber":20,"author":{"gitId":"-"},"content":"REM compare the output to the expected output","lastModifiedDate":"2020-05-25T00:03:55","isFullCredit":false},{"lineNumber":21,"author":{"gitId":"-"},"content":"FC ACTUAL.TXT EXPECTED.TXT","lastModifiedDate":"2020-05-25T00:03:55","isFullCredit":false}],"authorContributionMap":{"xiranhu":1,"-":20}}]
