{"authorDailyContributionsMap":{"xiranhu":[{"date":"2026-01-21T00:00:00","commitResults":[{"hash":"29081dfbe288510335ec965b151305ad17e2c3f9","isMergeCommit":false,"messageTitle":"Level-0: changed chatbox name; added methods like logo greet and bye.","messageBody":"","tags":["Level-0"],"fileTypesAndContributionMap":{"java":{"insertions":30,"deletions":10}}}]},{"date":"2026-01-23T00:00:00","commitResults":[{"hash":"799634da9f141950a680b6d1f44f1a1fa9a027b9","isMergeCommit":false,"messageTitle":"added new class Task; completed until level 3","messageBody":"","tags":["Level-3"],"fileTypesAndContributionMap":{"java":{"insertions":120,"deletions":8},"bat":{"insertions":1,"deletions":1},"md":{"insertions":3,"deletions":3}}}]},{"date":"2026-01-30T00:00:00","commitResults":[{"hash":"32a36cc90bf0eeb04e83ba40b15241430de6e016","isMergeCommit":false,"messageTitle":"level 1 echo","messageBody":"","tags":["Level-1"],"fileTypesAndContributionMap":{"java":{"insertions":5,"deletions":97}}},{"hash":"e5403211e3029ede04688d60f67ed81b639ace77","isMergeCommit":false,"messageTitle":"level 2 add, list","messageBody":"","tags":["Level-2"],"fileTypesAndContributionMap":{"java":{"insertions":61,"deletions":4}}}]},{"date":"2026-01-31T00:00:00","commitResults":[{"hash":"e0755886552320de50d3efaf87b210f7cc536753","isMergeCommit":false,"messageTitle":"Level 4: todos, events, deadlines","messageBody":"","fileTypesAndContributionMap":{"java":{"insertions":102,"deletions":9}}},{"hash":"0d0c7c76b777fca45a27ea408bdc17bd912e64c4","isMergeCommit":true,"messageTitle":"Finish merge and complete Level 4","messageBody":"","tags":["Level-4"],"fileTypesAndContributionMap":{}}]}]},"authorFileTypeContributionMap":{"xiranhu":{"java":235,"md":3,"fxml":0,"sh":0,"bat":1,"gradle":0,"txt":0}},"authorContributionVariance":{"xiranhu":2232.3667},"authorDisplayNameMap":{"xiranhu":"CS2113-W10-4 HU X..IRAN"}}
