{"authorDailyContributionsMap":{"Rosh2403":[{"date":"2026-01-28T00:00:00","commitResults":[{"hash":"fd48b8e34bbb6b217b8bfa774869a84e4efbaa9d","isMergeCommit":false,"messageTitle":"Level -0","messageBody":"","tags":["Level-0"],"fileTypesAndContributionMap":{"java":{"insertions":10,"deletions":0}}}]},{"date":"2026-01-29T00:00:00","commitResults":[{"hash":"28043f3dbf16262f739bac0148fb7d3d71b00e00","isMergeCommit":false,"messageTitle":"Echo","messageBody":"","tags":["Level-1"],"fileTypesAndContributionMap":{"java":{"insertions":18,"deletions":1}}},{"hash":"78441c27c736fb25c75bbdb6faaea8598f6bd37b","isMergeCommit":false,"messageTitle":"Add,List","messageBody":"","tags":["Level-2"],"fileTypesAndContributionMap":{"java":{"insertions":24,"deletions":3}}},{"hash":"b51be48df5ac1eb7ca29bec194e40da1d34cf124","isMergeCommit":false,"messageTitle":"Mark as Done","messageBody":"","tags":["Level-3"],"fileTypesAndContributionMap":{"java":{"insertions":30,"deletions":5}}}]}]},"authorFileTypeContributionMap":{"Rosh2403":{"java":73,"md":0,"fxml":0,"sh":0,"bat":0,"gradle":0,"txt":0}},"authorContributionVariance":{"Rosh2403":298.4127},"authorDisplayNameMap":{"Rosh2403":"CS2113-W13-4 PREM..SHAN"}}
