{"authorDailyContributionsMap":{"Roshan-Alagar":[{"date":"2026-01-28T00:00:00","commitResults":[{"hash":"3ca8051f837a11b5222d2acdc623372c0a5815b6","isMergeCommit":false,"messageTitle":"no message","messageBody":"","fileTypesAndContributionMap":{"java":{"insertions":16,"deletions":10},"sh":{"insertions":1,"deletions":1}}},{"hash":"676e1cabc6c1058bffc233bf47b5c99921bbbb6f","isMergeCommit":false,"messageTitle":"no message","messageBody":"","fileTypesAndContributionMap":{"java":{"insertions":0,"deletions":7}}}]},{"date":"2026-01-29T00:00:00","commitResults":[{"hash":"cc7b883ea608eab8d810959e655a1465cf33386c","isMergeCommit":false,"messageTitle":"no message","messageBody":"","tags":["level-0"],"fileTypesAndContributionMap":{"java":{"insertions":7,"deletions":2}}}]},{"date":"2026-01-30T00:00:00","commitResults":[{"hash":"b41b02abf296543ffa627788314cba215a116f77","isMergeCommit":false,"messageTitle":"Level 1 Tasks","messageBody":"","tags":["Level-1"],"fileTypesAndContributionMap":{"java":{"insertions":13,"deletions":1}}},{"hash":"3971fbf11e299d696fa0bbbd2222cd23c30dd456","isMergeCommit":false,"messageTitle":"Level 2 Tasks","messageBody":"","tags":["level-2"],"fileTypesAndContributionMap":{"java":{"insertions":28,"deletions":10}}},{"hash":"a5fc47d1a99a1be54b76a6a2d13abaa28cb3daed","isMergeCommit":false,"messageTitle":"Level 3","messageBody":"","tags":["level-3","A-CodingStandard"],"fileTypesAndContributionMap":{"java":{"insertions":50,"deletions":2}}}]},{"date":"2026-02-04T00:00:00","commitResults":[{"hash":"86fba752e6856f78ddf35efd7097abc1bcf3491a","isMergeCommit":false,"messageTitle":"Level 4","messageBody":"","tags":["level-4"],"fileTypesAndContributionMap":{"txt":{"insertions":9,"deletions":0},"java":{"insertions":106,"deletions":27},"sh":{"insertions":19,"deletions":11}}},{"hash":"f008e244a8a6bace19bc90349cde8b4d2c4a6ef5","isMergeCommit":false,"messageTitle":"Level 4 Coding Standards Adjustment","messageBody":"","fileTypesAndContributionMap":{"java":{"insertions":10,"deletions":16}}},{"hash":"54104fda36979f7deb8488368838ccb2ec19014c","isMergeCommit":false,"messageTitle":"Level 4 Coding Standards","messageBody":"","tags":["A-TextUiTesting","A-CodeQuality"],"fileTypesAndContributionMap":{"java":{"insertions":10,"deletions":0},"sh":{"insertions":2,"deletions":2}}}]},{"date":"2026-02-10T00:00:00","commitResults":[{"hash":"ecfce2ea5a438828090af45ad57d6d0ecd8396ae","isMergeCommit":false,"messageTitle":"Add RoshanException class","messageBody":"","fileTypesAndContributionMap":{"java":{"insertions":7,"deletions":0}}},{"hash":"758354106018548cd7bb86964d2432318f649a51","isMergeCommit":false,"messageTitle":"Add comprehensive error handling for all commands","messageBody":"","fileTypesAndContributionMap":{"java":{"insertions":149,"deletions":64}}},{"hash":"68f566dfca534e14d7d818c5c4d5b504b404d525","isMergeCommit":false,"messageTitle":"Update tests to include error handling cases","messageBody":"","fileTypesAndContributionMap":{"txt":{"insertions":4,"deletions":4}}},{"hash":"732aafb650c6447f58ef767c89562e272ebd20fe","isMergeCommit":true,"messageTitle":"Merge branch-Level-5","messageBody":"","tags":["level-5"],"fileTypesAndContributionMap":{}}]}]},"authorFileTypeContributionMap":{"Roshan-Alagar":{"java":267,"md":0,"fxml":0,"sh":18,"bat":0,"gradle":0,"txt":9}},"authorContributionVariance":{"Roshan-Alagar":2987.058},"authorDisplayNameMap":{"Roshan-Alagar":"CS2113-W13-4 ROSH..UMAR"}}
