[{"path":"src/main/java/genie/Genie.java","fileType":"java","lines":[{"lineNumber":1,"author":{"gitId":"AfshalG"},"content":"package genie;","lastModifiedDate":"2026-02-09T12:13:49","isFullCredit":false},{"lineNumber":2,"author":{"gitId":"AfshalG"},"content":"","lastModifiedDate":"2026-02-09T12:13:49","isFullCredit":false},{"lineNumber":3,"author":{"gitId":"AfshalG"},"content":"import java.util.Scanner;","lastModifiedDate":"2026-01-18T12:19:00","isFullCredit":false},{"lineNumber":4,"author":{"gitId":"AfshalG"},"content":"import java.util.ArrayList;","lastModifiedDate":"2026-01-18T13:09:15","isFullCredit":false},{"lineNumber":5,"author":{"gitId":"AfshalG"},"content":"","lastModifiedDate":"2026-01-18T12:19:00","isFullCredit":false},{"lineNumber":6,"author":{"gitId":"AfshalG"},"content":"import genie.task.Task;","lastModifiedDate":"2026-02-09T12:13:49","isFullCredit":false},{"lineNumber":7,"author":{"gitId":"AfshalG"},"content":"import genie.task.Todo;","lastModifiedDate":"2026-02-09T12:13:49","isFullCredit":false},{"lineNumber":8,"author":{"gitId":"AfshalG"},"content":"import genie.task.Deadline;","lastModifiedDate":"2026-02-09T12:13:49","isFullCredit":false},{"lineNumber":9,"author":{"gitId":"AfshalG"},"content":"import genie.task.Event;","lastModifiedDate":"2026-02-09T12:13:49","isFullCredit":false},{"lineNumber":10,"author":{"gitId":"AfshalG"},"content":"import genie.exception.GenieException;","lastModifiedDate":"2026-02-09T12:13:49","isFullCredit":false},{"lineNumber":11,"author":{"gitId":"AfshalG"},"content":"","lastModifiedDate":"2026-02-09T12:13:49","isFullCredit":false},{"lineNumber":12,"author":{"gitId":"AfshalG"},"content":"public class Genie {","lastModifiedDate":"2026-01-17T15:09:13","isFullCredit":false},{"lineNumber":13,"author":{"gitId":"AfshalG"},"content":"    private static final String LINE \u003d \"____________________________________________________________\";","lastModifiedDate":"2026-01-31T23:53:49","isFullCredit":false},{"lineNumber":14,"author":{"gitId":"AfshalG"},"content":"    private static ArrayList\u003cTask\u003e tasks \u003d new ArrayList\u003c\u003e();","lastModifiedDate":"2026-01-18T13:09:15","isFullCredit":false},{"lineNumber":15,"author":{"gitId":"AfshalG"},"content":"","lastModifiedDate":"2026-01-31T23:53:49","isFullCredit":false},{"lineNumber":16,"author":{"gitId":"AfshalG"},"content":"    public static void main(String[] args) {","lastModifiedDate":"2026-01-17T15:09:13","isFullCredit":false},{"lineNumber":17,"author":{"gitId":"AfshalG"},"content":"        Scanner scanner \u003d new Scanner(System.in);","lastModifiedDate":"2026-01-18T12:19:00","isFullCredit":false},{"lineNumber":18,"author":{"gitId":"AfshalG"},"content":"","lastModifiedDate":"2026-01-18T12:19:00","isFullCredit":false},{"lineNumber":19,"author":{"gitId":"AfshalG"},"content":"        showWelcome();","lastModifiedDate":"2026-01-31T23:53:49","isFullCredit":false},{"lineNumber":20,"author":{"gitId":"AfshalG"},"content":"        runCommandLoop(scanner);","lastModifiedDate":"2026-01-31T23:53:49","isFullCredit":false},{"lineNumber":21,"author":{"gitId":"AfshalG"},"content":"","lastModifiedDate":"2026-01-31T23:53:49","isFullCredit":false},{"lineNumber":22,"author":{"gitId":"AfshalG"},"content":"        scanner.close();","lastModifiedDate":"2026-01-31T23:53:49","isFullCredit":false},{"lineNumber":23,"author":{"gitId":"AfshalG"},"content":"    }","lastModifiedDate":"2026-01-31T23:53:49","isFullCredit":false},{"lineNumber":24,"author":{"gitId":"AfshalG"},"content":"","lastModifiedDate":"2026-01-31T23:53:49","isFullCredit":false},{"lineNumber":25,"author":{"gitId":"AfshalG"},"content":"    /**","lastModifiedDate":"2026-01-31T23:53:49","isFullCredit":false},{"lineNumber":26,"author":{"gitId":"AfshalG"},"content":"     * Displays the welcome message.","lastModifiedDate":"2026-01-31T23:53:49","isFullCredit":false},{"lineNumber":27,"author":{"gitId":"AfshalG"},"content":"     */","lastModifiedDate":"2026-01-31T23:53:49","isFullCredit":false},{"lineNumber":28,"author":{"gitId":"AfshalG"},"content":"    private static void showWelcome() {","lastModifiedDate":"2026-01-31T23:53:49","isFullCredit":false},{"lineNumber":29,"author":{"gitId":"AfshalG"},"content":"        System.out.println(LINE);","lastModifiedDate":"2026-01-31T23:53:49","isFullCredit":false},{"lineNumber":30,"author":{"gitId":"AfshalG"},"content":"        System.out.println(\" Hello! I\u0027m Genie\");","lastModifiedDate":"2026-01-17T15:09:13","isFullCredit":false},{"lineNumber":31,"author":{"gitId":"AfshalG"},"content":"        System.out.println(\" What can I do for you?\");","lastModifiedDate":"2026-01-17T15:09:13","isFullCredit":false},{"lineNumber":32,"author":{"gitId":"AfshalG"},"content":"        System.out.println(LINE);","lastModifiedDate":"2026-01-31T23:53:49","isFullCredit":false},{"lineNumber":33,"author":{"gitId":"AfshalG"},"content":"    }","lastModifiedDate":"2026-01-31T23:53:49","isFullCredit":false},{"lineNumber":34,"author":{"gitId":"AfshalG"},"content":"","lastModifiedDate":"2026-01-31T23:53:49","isFullCredit":false},{"lineNumber":35,"author":{"gitId":"AfshalG"},"content":"    /**","lastModifiedDate":"2026-01-31T23:53:49","isFullCredit":false},{"lineNumber":36,"author":{"gitId":"AfshalG"},"content":"     * Runs the main command loop.","lastModifiedDate":"2026-01-31T23:53:49","isFullCredit":false},{"lineNumber":37,"author":{"gitId":"AfshalG"},"content":"     *","lastModifiedDate":"2026-01-31T23:53:49","isFullCredit":false},{"lineNumber":38,"author":{"gitId":"AfshalG"},"content":"     * @param scanner The scanner for reading user input","lastModifiedDate":"2026-01-31T23:53:49","isFullCredit":false},{"lineNumber":39,"author":{"gitId":"AfshalG"},"content":"     */","lastModifiedDate":"2026-01-31T23:53:49","isFullCredit":false},{"lineNumber":40,"author":{"gitId":"AfshalG"},"content":"    private static void runCommandLoop(Scanner scanner) {","lastModifiedDate":"2026-01-31T23:53:49","isFullCredit":false},{"lineNumber":41,"author":{"gitId":"AfshalG"},"content":"        while (true) {","lastModifiedDate":"2026-01-18T12:19:00","isFullCredit":false},{"lineNumber":42,"author":{"gitId":"AfshalG"},"content":"            String input \u003d scanner.nextLine();","lastModifiedDate":"2026-01-18T12:19:00","isFullCredit":false},{"lineNumber":43,"author":{"gitId":"AfshalG"},"content":"            System.out.println(LINE);","lastModifiedDate":"2026-01-31T23:53:49","isFullCredit":false},{"lineNumber":44,"author":{"gitId":"AfshalG"},"content":"","lastModifiedDate":"2026-01-18T12:19:00","isFullCredit":false},{"lineNumber":45,"author":{"gitId":"AfshalG"},"content":"            if (input.equals(\"bye\")) {","lastModifiedDate":"2026-01-18T12:19:00","isFullCredit":false},{"lineNumber":46,"author":{"gitId":"AfshalG"},"content":"                System.out.println(\" Bye. Hope to see you again soon!\");","lastModifiedDate":"2026-01-17T15:09:13","isFullCredit":false},{"lineNumber":47,"author":{"gitId":"AfshalG"},"content":"                System.out.println(LINE);","lastModifiedDate":"2026-01-31T23:53:49","isFullCredit":false},{"lineNumber":48,"author":{"gitId":"AfshalG"},"content":"                break;","lastModifiedDate":"2026-01-18T12:19:00","isFullCredit":false},{"lineNumber":49,"author":{"gitId":"AfshalG"},"content":"            }","lastModifiedDate":"2026-01-31T23:53:49","isFullCredit":false},{"lineNumber":50,"author":{"gitId":"AfshalG"},"content":"","lastModifiedDate":"2026-01-31T23:53:49","isFullCredit":false},{"lineNumber":51,"author":{"gitId":"AfshalG"},"content":"            try {","lastModifiedDate":"2026-02-09T12:03:37","isFullCredit":false},{"lineNumber":52,"author":{"gitId":"AfshalG"},"content":"                handleCommand(input);","lastModifiedDate":"2026-01-31T23:53:49","isFullCredit":false},{"lineNumber":53,"author":{"gitId":"AfshalG"},"content":"            } catch (GenieException e) {","lastModifiedDate":"2026-02-09T12:03:37","isFullCredit":false},{"lineNumber":54,"author":{"gitId":"AfshalG"},"content":"                System.out.println(\" \" + e.getMessage());","lastModifiedDate":"2026-02-09T12:03:37","isFullCredit":false},{"lineNumber":55,"author":{"gitId":"AfshalG"},"content":"                System.out.println(LINE);","lastModifiedDate":"2026-02-09T12:03:37","isFullCredit":false},{"lineNumber":56,"author":{"gitId":"AfshalG"},"content":"            }","lastModifiedDate":"2026-02-09T12:03:37","isFullCredit":false},{"lineNumber":57,"author":{"gitId":"AfshalG"},"content":"        }","lastModifiedDate":"2026-01-31T23:53:49","isFullCredit":false},{"lineNumber":58,"author":{"gitId":"AfshalG"},"content":"    }","lastModifiedDate":"2026-01-31T23:53:49","isFullCredit":false},{"lineNumber":59,"author":{"gitId":"AfshalG"},"content":"","lastModifiedDate":"2026-01-31T23:53:49","isFullCredit":false},{"lineNumber":60,"author":{"gitId":"AfshalG"},"content":"    /**","lastModifiedDate":"2026-01-31T23:53:49","isFullCredit":false},{"lineNumber":61,"author":{"gitId":"AfshalG"},"content":"     * Handles a user command.","lastModifiedDate":"2026-01-31T23:53:49","isFullCredit":false},{"lineNumber":62,"author":{"gitId":"AfshalG"},"content":"     *","lastModifiedDate":"2026-01-31T23:53:49","isFullCredit":false},{"lineNumber":63,"author":{"gitId":"AfshalG"},"content":"     * @param input The user input string","lastModifiedDate":"2026-01-31T23:53:49","isFullCredit":false},{"lineNumber":64,"author":{"gitId":"AfshalG"},"content":"     * @throws GenieException If the command is invalid or encounters an error","lastModifiedDate":"2026-02-09T12:03:37","isFullCredit":false},{"lineNumber":65,"author":{"gitId":"AfshalG"},"content":"     */","lastModifiedDate":"2026-01-31T23:53:49","isFullCredit":false},{"lineNumber":66,"author":{"gitId":"AfshalG"},"content":"    private static void handleCommand(String input) throws GenieException {","lastModifiedDate":"2026-02-09T12:03:37","isFullCredit":false},{"lineNumber":67,"author":{"gitId":"AfshalG"},"content":"        if (input.equals(\"list\")) {","lastModifiedDate":"2026-01-31T23:53:49","isFullCredit":false},{"lineNumber":68,"author":{"gitId":"AfshalG"},"content":"            handleList();","lastModifiedDate":"2026-01-31T23:53:49","isFullCredit":false},{"lineNumber":69,"author":{"gitId":"AfshalG"},"content":"        } else if (input.startsWith(\"mark\")) {","lastModifiedDate":"2026-01-31T23:53:49","isFullCredit":false},{"lineNumber":70,"author":{"gitId":"AfshalG"},"content":"            handleMark(input);","lastModifiedDate":"2026-01-31T23:53:49","isFullCredit":false},{"lineNumber":71,"author":{"gitId":"AfshalG"},"content":"        } else if (input.startsWith(\"unmark\")) {","lastModifiedDate":"2026-01-31T23:53:49","isFullCredit":false},{"lineNumber":72,"author":{"gitId":"AfshalG"},"content":"            handleUnmark(input);","lastModifiedDate":"2026-01-31T23:53:49","isFullCredit":false},{"lineNumber":73,"author":{"gitId":"AfshalG"},"content":"        } else if (input.startsWith(\"todo\")) {","lastModifiedDate":"2026-01-31T23:53:49","isFullCredit":false},{"lineNumber":74,"author":{"gitId":"AfshalG"},"content":"            handleTodo(input);","lastModifiedDate":"2026-01-31T23:53:49","isFullCredit":false},{"lineNumber":75,"author":{"gitId":"AfshalG"},"content":"        } else if (input.startsWith(\"deadline\")) {","lastModifiedDate":"2026-01-31T23:53:49","isFullCredit":false},{"lineNumber":76,"author":{"gitId":"AfshalG"},"content":"            handleDeadline(input);","lastModifiedDate":"2026-01-31T23:53:49","isFullCredit":false},{"lineNumber":77,"author":{"gitId":"AfshalG"},"content":"        } else if (input.startsWith(\"event\")) {","lastModifiedDate":"2026-01-31T23:53:49","isFullCredit":false},{"lineNumber":78,"author":{"gitId":"AfshalG"},"content":"            handleEvent(input);","lastModifiedDate":"2026-01-31T23:53:49","isFullCredit":false},{"lineNumber":79,"author":{"gitId":"AfshalG"},"content":"        } else {","lastModifiedDate":"2026-01-31T23:53:49","isFullCredit":false},{"lineNumber":80,"author":{"gitId":"AfshalG"},"content":"            throw new GenieException(\"OOPS!!! I\u0027m sorry, but I don\u0027t know what that means :-(\");","lastModifiedDate":"2026-02-09T12:03:37","isFullCredit":false},{"lineNumber":81,"author":{"gitId":"AfshalG"},"content":"        }","lastModifiedDate":"2026-01-31T23:53:49","isFullCredit":false},{"lineNumber":82,"author":{"gitId":"AfshalG"},"content":"    }","lastModifiedDate":"2026-01-31T23:53:49","isFullCredit":false},{"lineNumber":83,"author":{"gitId":"AfshalG"},"content":"","lastModifiedDate":"2026-01-31T23:53:49","isFullCredit":false},{"lineNumber":84,"author":{"gitId":"AfshalG"},"content":"    /**","lastModifiedDate":"2026-01-31T23:53:49","isFullCredit":false},{"lineNumber":85,"author":{"gitId":"AfshalG"},"content":"     * Handles the list command.","lastModifiedDate":"2026-01-31T23:53:49","isFullCredit":false},{"lineNumber":86,"author":{"gitId":"AfshalG"},"content":"     */","lastModifiedDate":"2026-01-31T23:53:49","isFullCredit":false},{"lineNumber":87,"author":{"gitId":"AfshalG"},"content":"    private static void handleList() {","lastModifiedDate":"2026-01-31T23:53:49","isFullCredit":false},{"lineNumber":88,"author":{"gitId":"AfshalG"},"content":"        System.out.println(\" Here are the tasks in your list:\");","lastModifiedDate":"2026-01-18T13:36:12","isFullCredit":false},{"lineNumber":89,"author":{"gitId":"AfshalG"},"content":"        for (int i \u003d 0; i \u003c tasks.size(); i++) {","lastModifiedDate":"2026-01-18T13:09:15","isFullCredit":false},{"lineNumber":90,"author":{"gitId":"AfshalG"},"content":"            Task task \u003d tasks.get(i);","lastModifiedDate":"2026-01-18T13:36:12","isFullCredit":false},{"lineNumber":91,"author":{"gitId":"AfshalG"},"content":"            System.out.println(\" \" + (i + 1) + \".[\"","lastModifiedDate":"2026-01-18T13:36:12","isFullCredit":false},{"lineNumber":92,"author":{"gitId":"AfshalG"},"content":"                + task.getTypeIcon() + \"][\"","lastModifiedDate":"2026-01-31T23:53:49","isFullCredit":false},{"lineNumber":93,"author":{"gitId":"AfshalG"},"content":"                + task.getStatusIcon() + \"] \"","lastModifiedDate":"2026-01-18T13:36:12","isFullCredit":false},{"lineNumber":94,"author":{"gitId":"AfshalG"},"content":"                + task.getDescription());","lastModifiedDate":"2026-01-18T13:36:12","isFullCredit":false},{"lineNumber":95,"author":{"gitId":"AfshalG"},"content":"        }","lastModifiedDate":"2026-01-18T13:09:15","isFullCredit":false},{"lineNumber":96,"author":{"gitId":"AfshalG"},"content":"        System.out.println(LINE);","lastModifiedDate":"2026-01-31T23:53:49","isFullCredit":false},{"lineNumber":97,"author":{"gitId":"AfshalG"},"content":"    }","lastModifiedDate":"2026-01-31T23:53:49","isFullCredit":false},{"lineNumber":98,"author":{"gitId":"AfshalG"},"content":"","lastModifiedDate":"2026-01-31T23:53:49","isFullCredit":false},{"lineNumber":99,"author":{"gitId":"AfshalG"},"content":"    /**","lastModifiedDate":"2026-01-31T23:53:49","isFullCredit":false},{"lineNumber":100,"author":{"gitId":"AfshalG"},"content":"     * Handles the mark command.","lastModifiedDate":"2026-01-31T23:53:49","isFullCredit":false},{"lineNumber":101,"author":{"gitId":"AfshalG"},"content":"     *","lastModifiedDate":"2026-01-31T23:53:49","isFullCredit":false},{"lineNumber":102,"author":{"gitId":"AfshalG"},"content":"     * @param input The user input string","lastModifiedDate":"2026-01-31T23:53:49","isFullCredit":false},{"lineNumber":103,"author":{"gitId":"AfshalG"},"content":"     * @throws GenieException If the task index is invalid or out of range","lastModifiedDate":"2026-02-09T12:03:37","isFullCredit":false},{"lineNumber":104,"author":{"gitId":"AfshalG"},"content":"     */","lastModifiedDate":"2026-01-31T23:53:49","isFullCredit":false},{"lineNumber":105,"author":{"gitId":"AfshalG"},"content":"    private static void handleMark(String input) throws GenieException {","lastModifiedDate":"2026-02-09T12:03:37","isFullCredit":false},{"lineNumber":106,"author":{"gitId":"AfshalG"},"content":"        try {","lastModifiedDate":"2026-02-09T12:03:37","isFullCredit":false},{"lineNumber":107,"author":{"gitId":"AfshalG"},"content":"            String[] parts \u003d input.split(\" \", 2);","lastModifiedDate":"2026-01-18T13:36:12","isFullCredit":false},{"lineNumber":108,"author":{"gitId":"AfshalG"},"content":"            if (parts.length \u003c 2) {","lastModifiedDate":"2026-02-09T12:03:37","isFullCredit":false},{"lineNumber":109,"author":{"gitId":"AfshalG"},"content":"                throw new GenieException(\"OOPS!!! Please specify which task to mark.\");","lastModifiedDate":"2026-02-09T12:03:37","isFullCredit":false},{"lineNumber":110,"author":{"gitId":"AfshalG"},"content":"            }","lastModifiedDate":"2026-02-09T12:03:37","isFullCredit":false},{"lineNumber":111,"author":{"gitId":"AfshalG"},"content":"            int taskIndex \u003d Integer.parseInt(parts[1]) - 1;","lastModifiedDate":"2026-01-18T13:36:12","isFullCredit":false},{"lineNumber":112,"author":{"gitId":"AfshalG"},"content":"            if (taskIndex \u003c 0 || taskIndex \u003e\u003d tasks.size()) {","lastModifiedDate":"2026-02-09T12:03:37","isFullCredit":false},{"lineNumber":113,"author":{"gitId":"AfshalG"},"content":"                throw new GenieException(\"OOPS!!! Invalid task number. Please use a number from 1 to \"","lastModifiedDate":"2026-02-09T12:03:37","isFullCredit":false},{"lineNumber":114,"author":{"gitId":"AfshalG"},"content":"                    + tasks.size() + \".\");","lastModifiedDate":"2026-02-09T12:03:37","isFullCredit":false},{"lineNumber":115,"author":{"gitId":"AfshalG"},"content":"            }","lastModifiedDate":"2026-02-09T12:03:37","isFullCredit":false},{"lineNumber":116,"author":{"gitId":"AfshalG"},"content":"            Task task \u003d tasks.get(taskIndex);","lastModifiedDate":"2026-02-09T12:03:37","isFullCredit":false},{"lineNumber":117,"author":{"gitId":"AfshalG"},"content":"            if (task.isDone()) {","lastModifiedDate":"2026-02-09T12:03:37","isFullCredit":false},{"lineNumber":118,"author":{"gitId":"AfshalG"},"content":"                throw new GenieException(\"OOPS!!! This task is already marked as done.\");","lastModifiedDate":"2026-02-09T12:03:37","isFullCredit":false},{"lineNumber":119,"author":{"gitId":"AfshalG"},"content":"            }","lastModifiedDate":"2026-02-09T12:03:37","isFullCredit":false},{"lineNumber":120,"author":{"gitId":"AfshalG"},"content":"            task.markAsDone();","lastModifiedDate":"2026-02-09T12:03:37","isFullCredit":false},{"lineNumber":121,"author":{"gitId":"AfshalG"},"content":"            System.out.println(\" Nice! I\u0027ve marked this task as done:\");","lastModifiedDate":"2026-01-18T13:36:12","isFullCredit":false},{"lineNumber":122,"author":{"gitId":"AfshalG"},"content":"            System.out.println(\"   [\" + task.getStatusIcon()","lastModifiedDate":"2026-02-09T12:03:37","isFullCredit":false},{"lineNumber":123,"author":{"gitId":"AfshalG"},"content":"                + \"] \" + task.getDescription());","lastModifiedDate":"2026-02-09T12:03:37","isFullCredit":false},{"lineNumber":124,"author":{"gitId":"AfshalG"},"content":"            System.out.println(LINE);","lastModifiedDate":"2026-01-31T23:53:49","isFullCredit":false},{"lineNumber":125,"author":{"gitId":"AfshalG"},"content":"        } catch (NumberFormatException e) {","lastModifiedDate":"2026-02-09T12:03:37","isFullCredit":false},{"lineNumber":126,"author":{"gitId":"AfshalG"},"content":"            throw new GenieException(\"OOPS!!! Please provide a valid task number.\");","lastModifiedDate":"2026-02-09T12:03:37","isFullCredit":false},{"lineNumber":127,"author":{"gitId":"AfshalG"},"content":"        }","lastModifiedDate":"2026-02-09T12:03:37","isFullCredit":false},{"lineNumber":128,"author":{"gitId":"AfshalG"},"content":"    }","lastModifiedDate":"2026-01-31T23:53:49","isFullCredit":false},{"lineNumber":129,"author":{"gitId":"AfshalG"},"content":"","lastModifiedDate":"2026-01-31T23:53:49","isFullCredit":false},{"lineNumber":130,"author":{"gitId":"AfshalG"},"content":"    /**","lastModifiedDate":"2026-01-31T23:53:49","isFullCredit":false},{"lineNumber":131,"author":{"gitId":"AfshalG"},"content":"     * Handles the unmark command.","lastModifiedDate":"2026-01-31T23:53:49","isFullCredit":false},{"lineNumber":132,"author":{"gitId":"AfshalG"},"content":"     *","lastModifiedDate":"2026-01-31T23:53:49","isFullCredit":false},{"lineNumber":133,"author":{"gitId":"AfshalG"},"content":"     * @param input The user input string","lastModifiedDate":"2026-01-31T23:53:49","isFullCredit":false},{"lineNumber":134,"author":{"gitId":"AfshalG"},"content":"     * @throws GenieException If the task index is invalid or out of range","lastModifiedDate":"2026-02-09T12:03:37","isFullCredit":false},{"lineNumber":135,"author":{"gitId":"AfshalG"},"content":"     */","lastModifiedDate":"2026-01-31T23:53:49","isFullCredit":false},{"lineNumber":136,"author":{"gitId":"AfshalG"},"content":"    private static void handleUnmark(String input) throws GenieException {","lastModifiedDate":"2026-02-09T12:03:37","isFullCredit":false},{"lineNumber":137,"author":{"gitId":"AfshalG"},"content":"        try {","lastModifiedDate":"2026-02-09T12:03:37","isFullCredit":false},{"lineNumber":138,"author":{"gitId":"AfshalG"},"content":"            String[] parts \u003d input.split(\" \", 2);","lastModifiedDate":"2026-01-18T13:36:12","isFullCredit":false},{"lineNumber":139,"author":{"gitId":"AfshalG"},"content":"            if (parts.length \u003c 2) {","lastModifiedDate":"2026-02-09T12:03:37","isFullCredit":false},{"lineNumber":140,"author":{"gitId":"AfshalG"},"content":"                throw new GenieException(\"OOPS!!! Please specify which task to unmark.\");","lastModifiedDate":"2026-02-09T12:03:37","isFullCredit":false},{"lineNumber":141,"author":{"gitId":"AfshalG"},"content":"            }","lastModifiedDate":"2026-02-09T12:03:37","isFullCredit":false},{"lineNumber":142,"author":{"gitId":"AfshalG"},"content":"            int taskIndex \u003d Integer.parseInt(parts[1]) - 1;","lastModifiedDate":"2026-01-18T13:36:12","isFullCredit":false},{"lineNumber":143,"author":{"gitId":"AfshalG"},"content":"            if (taskIndex \u003c 0 || taskIndex \u003e\u003d tasks.size()) {","lastModifiedDate":"2026-02-09T12:03:37","isFullCredit":false},{"lineNumber":144,"author":{"gitId":"AfshalG"},"content":"                throw new GenieException(\"OOPS!!! Invalid task number. Please use a number from 1 to \"","lastModifiedDate":"2026-02-09T12:03:37","isFullCredit":false},{"lineNumber":145,"author":{"gitId":"AfshalG"},"content":"                    + tasks.size() + \".\");","lastModifiedDate":"2026-02-09T12:03:37","isFullCredit":false},{"lineNumber":146,"author":{"gitId":"AfshalG"},"content":"            }","lastModifiedDate":"2026-02-09T12:03:37","isFullCredit":false},{"lineNumber":147,"author":{"gitId":"AfshalG"},"content":"            Task task \u003d tasks.get(taskIndex);","lastModifiedDate":"2026-02-09T12:03:37","isFullCredit":false},{"lineNumber":148,"author":{"gitId":"AfshalG"},"content":"            if (!task.isDone()) {","lastModifiedDate":"2026-02-09T12:03:37","isFullCredit":false},{"lineNumber":149,"author":{"gitId":"AfshalG"},"content":"                throw new GenieException(\"OOPS!!! This task is already unmarked.\");","lastModifiedDate":"2026-02-09T12:03:37","isFullCredit":false},{"lineNumber":150,"author":{"gitId":"AfshalG"},"content":"            }","lastModifiedDate":"2026-02-09T12:03:37","isFullCredit":false},{"lineNumber":151,"author":{"gitId":"AfshalG"},"content":"            task.markAsUndone();","lastModifiedDate":"2026-02-09T12:03:37","isFullCredit":false},{"lineNumber":152,"author":{"gitId":"AfshalG"},"content":"            System.out.println(\" OK, I\u0027ve marked this task as not done yet:\");","lastModifiedDate":"2026-01-18T13:36:12","isFullCredit":false},{"lineNumber":153,"author":{"gitId":"AfshalG"},"content":"            System.out.println(\"   [\" + task.getStatusIcon()","lastModifiedDate":"2026-02-09T12:03:37","isFullCredit":false},{"lineNumber":154,"author":{"gitId":"AfshalG"},"content":"                + \"] \" + task.getDescription());","lastModifiedDate":"2026-02-09T12:03:37","isFullCredit":false},{"lineNumber":155,"author":{"gitId":"AfshalG"},"content":"            System.out.println(LINE);","lastModifiedDate":"2026-01-31T23:53:49","isFullCredit":false},{"lineNumber":156,"author":{"gitId":"AfshalG"},"content":"        } catch (NumberFormatException e) {","lastModifiedDate":"2026-02-09T12:03:37","isFullCredit":false},{"lineNumber":157,"author":{"gitId":"AfshalG"},"content":"            throw new GenieException(\"OOPS!!! Please provide a valid task number.\");","lastModifiedDate":"2026-02-09T12:03:37","isFullCredit":false},{"lineNumber":158,"author":{"gitId":"AfshalG"},"content":"        }","lastModifiedDate":"2026-02-09T12:03:37","isFullCredit":false},{"lineNumber":159,"author":{"gitId":"AfshalG"},"content":"    }","lastModifiedDate":"2026-01-31T23:53:49","isFullCredit":false},{"lineNumber":160,"author":{"gitId":"AfshalG"},"content":"","lastModifiedDate":"2026-01-31T23:53:49","isFullCredit":false},{"lineNumber":161,"author":{"gitId":"AfshalG"},"content":"    /**","lastModifiedDate":"2026-01-31T23:53:49","isFullCredit":false},{"lineNumber":162,"author":{"gitId":"AfshalG"},"content":"     * Handles the todo command.","lastModifiedDate":"2026-01-31T23:53:49","isFullCredit":false},{"lineNumber":163,"author":{"gitId":"AfshalG"},"content":"     *","lastModifiedDate":"2026-01-31T23:53:49","isFullCredit":false},{"lineNumber":164,"author":{"gitId":"AfshalG"},"content":"     * @param input The user input string","lastModifiedDate":"2026-01-31T23:53:49","isFullCredit":false},{"lineNumber":165,"author":{"gitId":"AfshalG"},"content":"     * @throws GenieException If the todo description is empty","lastModifiedDate":"2026-02-09T12:03:37","isFullCredit":false},{"lineNumber":166,"author":{"gitId":"AfshalG"},"content":"     */","lastModifiedDate":"2026-01-31T23:53:49","isFullCredit":false},{"lineNumber":167,"author":{"gitId":"AfshalG"},"content":"    private static void handleTodo(String input) throws GenieException {","lastModifiedDate":"2026-02-09T12:03:37","isFullCredit":false},{"lineNumber":168,"author":{"gitId":"AfshalG"},"content":"        if (input.length() \u003c\u003d 4) {","lastModifiedDate":"2026-02-09T12:03:37","isFullCredit":false},{"lineNumber":169,"author":{"gitId":"AfshalG"},"content":"            throw new GenieException(\"OOPS!!! The description of a todo cannot be empty.\");","lastModifiedDate":"2026-02-09T12:03:37","isFullCredit":false},{"lineNumber":170,"author":{"gitId":"AfshalG"},"content":"        }","lastModifiedDate":"2026-02-09T12:03:37","isFullCredit":false},{"lineNumber":171,"author":{"gitId":"AfshalG"},"content":"        String description \u003d input.substring(4).trim();","lastModifiedDate":"2026-02-09T12:03:37","isFullCredit":false},{"lineNumber":172,"author":{"gitId":"AfshalG"},"content":"        if (description.isEmpty()) {","lastModifiedDate":"2026-01-31T23:53:49","isFullCredit":false},{"lineNumber":173,"author":{"gitId":"AfshalG"},"content":"            throw new GenieException(\"OOPS!!! The description of a todo cannot be empty.\");","lastModifiedDate":"2026-02-09T12:03:37","isFullCredit":false},{"lineNumber":174,"author":{"gitId":"AfshalG"},"content":"        }","lastModifiedDate":"2026-01-18T12:19:00","isFullCredit":false},{"lineNumber":175,"author":{"gitId":"AfshalG"},"content":"        Todo todo \u003d new Todo(description);","lastModifiedDate":"2026-01-31T23:53:49","isFullCredit":false},{"lineNumber":176,"author":{"gitId":"AfshalG"},"content":"        tasks.add(todo);","lastModifiedDate":"2026-01-31T23:53:49","isFullCredit":false},{"lineNumber":177,"author":{"gitId":"AfshalG"},"content":"        System.out.println(\" Got it. I\u0027ve added this task:\");","lastModifiedDate":"2026-01-31T23:53:49","isFullCredit":false},{"lineNumber":178,"author":{"gitId":"AfshalG"},"content":"        System.out.println(\"   [\" + todo.getTypeIcon() + \"][\"","lastModifiedDate":"2026-01-31T23:53:49","isFullCredit":false},{"lineNumber":179,"author":{"gitId":"AfshalG"},"content":"            + todo.getStatusIcon() + \"] \" + todo.getDescription());","lastModifiedDate":"2026-01-31T23:53:49","isFullCredit":false},{"lineNumber":180,"author":{"gitId":"AfshalG"},"content":"        System.out.println(\" Now you have \" + tasks.size() + \" tasks in the list.\");","lastModifiedDate":"2026-01-31T23:53:49","isFullCredit":false},{"lineNumber":181,"author":{"gitId":"AfshalG"},"content":"        System.out.println(LINE);","lastModifiedDate":"2026-01-31T23:53:49","isFullCredit":false},{"lineNumber":182,"author":{"gitId":"AfshalG"},"content":"    }","lastModifiedDate":"2026-01-18T12:19:00","isFullCredit":false},{"lineNumber":183,"author":{"gitId":"AfshalG"},"content":"","lastModifiedDate":"2026-01-18T12:19:00","isFullCredit":false},{"lineNumber":184,"author":{"gitId":"AfshalG"},"content":"    /**","lastModifiedDate":"2026-01-31T23:53:49","isFullCredit":false},{"lineNumber":185,"author":{"gitId":"AfshalG"},"content":"     * Handles the deadline command.","lastModifiedDate":"2026-01-31T23:53:49","isFullCredit":false},{"lineNumber":186,"author":{"gitId":"AfshalG"},"content":"     *","lastModifiedDate":"2026-01-31T23:53:49","isFullCredit":false},{"lineNumber":187,"author":{"gitId":"AfshalG"},"content":"     * @param input The user input string","lastModifiedDate":"2026-01-31T23:53:49","isFullCredit":false},{"lineNumber":188,"author":{"gitId":"AfshalG"},"content":"     * @throws GenieException If the deadline format is invalid or fields are empty","lastModifiedDate":"2026-02-09T12:03:37","isFullCredit":false},{"lineNumber":189,"author":{"gitId":"AfshalG"},"content":"     */","lastModifiedDate":"2026-01-31T23:53:49","isFullCredit":false},{"lineNumber":190,"author":{"gitId":"AfshalG"},"content":"    private static void handleDeadline(String input) throws GenieException {","lastModifiedDate":"2026-02-09T12:03:37","isFullCredit":false},{"lineNumber":191,"author":{"gitId":"AfshalG"},"content":"        if (input.length() \u003c\u003d 8) {","lastModifiedDate":"2026-02-09T12:03:37","isFullCredit":false},{"lineNumber":192,"author":{"gitId":"AfshalG"},"content":"            throw new GenieException(\"OOPS!!! The description of a deadline cannot be empty.\");","lastModifiedDate":"2026-02-09T12:03:37","isFullCredit":false},{"lineNumber":193,"author":{"gitId":"AfshalG"},"content":"        }","lastModifiedDate":"2026-02-09T12:03:37","isFullCredit":false},{"lineNumber":194,"author":{"gitId":"AfshalG"},"content":"        String content \u003d input.substring(8).trim();","lastModifiedDate":"2026-02-09T12:03:37","isFullCredit":false},{"lineNumber":195,"author":{"gitId":"AfshalG"},"content":"        int byIndex \u003d content.indexOf(\" /by \");","lastModifiedDate":"2026-01-31T23:53:49","isFullCredit":false},{"lineNumber":196,"author":{"gitId":"AfshalG"},"content":"        if (byIndex \u003d\u003d -1) {","lastModifiedDate":"2026-01-31T23:53:49","isFullCredit":false},{"lineNumber":197,"author":{"gitId":"AfshalG"},"content":"            throw new GenieException(\"OOPS!!! Please specify a deadline using /by.\");","lastModifiedDate":"2026-02-09T12:03:37","isFullCredit":false},{"lineNumber":198,"author":{"gitId":"AfshalG"},"content":"        }","lastModifiedDate":"2026-01-17T15:09:13","isFullCredit":false},{"lineNumber":199,"author":{"gitId":"AfshalG"},"content":"        String description \u003d content.substring(0, byIndex).trim();","lastModifiedDate":"2026-01-31T23:53:49","isFullCredit":false},{"lineNumber":200,"author":{"gitId":"AfshalG"},"content":"        String by \u003d content.substring(byIndex + 5).trim();","lastModifiedDate":"2026-01-31T23:53:49","isFullCredit":false},{"lineNumber":201,"author":{"gitId":"AfshalG"},"content":"","lastModifiedDate":"2026-01-31T23:53:49","isFullCredit":false},{"lineNumber":202,"author":{"gitId":"AfshalG"},"content":"        if (description.isEmpty() || by.isEmpty()) {","lastModifiedDate":"2026-01-31T23:53:49","isFullCredit":false},{"lineNumber":203,"author":{"gitId":"AfshalG"},"content":"            throw new GenieException(\"OOPS!!! Description and deadline cannot be empty.\");","lastModifiedDate":"2026-02-09T12:03:37","isFullCredit":false},{"lineNumber":204,"author":{"gitId":"AfshalG"},"content":"        }","lastModifiedDate":"2026-01-31T23:53:49","isFullCredit":false},{"lineNumber":205,"author":{"gitId":"AfshalG"},"content":"","lastModifiedDate":"2026-01-31T23:53:49","isFullCredit":false},{"lineNumber":206,"author":{"gitId":"AfshalG"},"content":"        Deadline deadline \u003d new Deadline(description, by);","lastModifiedDate":"2026-01-31T23:53:49","isFullCredit":false},{"lineNumber":207,"author":{"gitId":"AfshalG"},"content":"        tasks.add(deadline);","lastModifiedDate":"2026-01-31T23:53:49","isFullCredit":false},{"lineNumber":208,"author":{"gitId":"AfshalG"},"content":"        System.out.println(\" Got it. I\u0027ve added this task:\");","lastModifiedDate":"2026-01-31T23:53:49","isFullCredit":false},{"lineNumber":209,"author":{"gitId":"AfshalG"},"content":"        System.out.println(\"   [\" + deadline.getTypeIcon() + \"][\"","lastModifiedDate":"2026-01-31T23:53:49","isFullCredit":false},{"lineNumber":210,"author":{"gitId":"AfshalG"},"content":"            + deadline.getStatusIcon() + \"] \" + deadline.getDescription());","lastModifiedDate":"2026-01-31T23:53:49","isFullCredit":false},{"lineNumber":211,"author":{"gitId":"AfshalG"},"content":"        System.out.println(\" Now you have \" + tasks.size() + \" tasks in the list.\");","lastModifiedDate":"2026-01-31T23:53:49","isFullCredit":false},{"lineNumber":212,"author":{"gitId":"AfshalG"},"content":"        System.out.println(LINE);","lastModifiedDate":"2026-01-31T23:53:49","isFullCredit":false},{"lineNumber":213,"author":{"gitId":"AfshalG"},"content":"    }","lastModifiedDate":"2026-01-17T15:09:13","isFullCredit":false},{"lineNumber":214,"author":{"gitId":"AfshalG"},"content":"","lastModifiedDate":"2026-01-18T13:09:15","isFullCredit":false},{"lineNumber":215,"author":{"gitId":"AfshalG"},"content":"    /**","lastModifiedDate":"2026-01-31T23:53:49","isFullCredit":false},{"lineNumber":216,"author":{"gitId":"AfshalG"},"content":"     * Handles the event command.","lastModifiedDate":"2026-01-31T23:53:49","isFullCredit":false},{"lineNumber":217,"author":{"gitId":"AfshalG"},"content":"     *","lastModifiedDate":"2026-01-31T23:53:49","isFullCredit":false},{"lineNumber":218,"author":{"gitId":"AfshalG"},"content":"     * @param input The user input string","lastModifiedDate":"2026-01-31T23:53:49","isFullCredit":false},{"lineNumber":219,"author":{"gitId":"AfshalG"},"content":"     * @throws GenieException If the event format is invalid or fields are empty","lastModifiedDate":"2026-02-09T12:03:37","isFullCredit":false},{"lineNumber":220,"author":{"gitId":"AfshalG"},"content":"     */","lastModifiedDate":"2026-01-31T23:53:49","isFullCredit":false},{"lineNumber":221,"author":{"gitId":"AfshalG"},"content":"    private static void handleEvent(String input) throws GenieException {","lastModifiedDate":"2026-02-09T12:03:37","isFullCredit":false},{"lineNumber":222,"author":{"gitId":"AfshalG"},"content":"        if (input.length() \u003c\u003d 5) {","lastModifiedDate":"2026-02-09T12:03:37","isFullCredit":false},{"lineNumber":223,"author":{"gitId":"AfshalG"},"content":"            throw new GenieException(\"OOPS!!! The description of an event cannot be empty.\");","lastModifiedDate":"2026-02-09T12:03:37","isFullCredit":false},{"lineNumber":224,"author":{"gitId":"AfshalG"},"content":"        }","lastModifiedDate":"2026-02-09T12:03:37","isFullCredit":false},{"lineNumber":225,"author":{"gitId":"AfshalG"},"content":"        String content \u003d input.substring(5).trim();","lastModifiedDate":"2026-02-09T12:03:37","isFullCredit":false},{"lineNumber":226,"author":{"gitId":"AfshalG"},"content":"        int fromIndex \u003d content.indexOf(\" /from \");","lastModifiedDate":"2026-01-31T23:53:49","isFullCredit":false},{"lineNumber":227,"author":{"gitId":"AfshalG"},"content":"        int toIndex \u003d content.indexOf(\" /to \");","lastModifiedDate":"2026-01-31T23:53:49","isFullCredit":false},{"lineNumber":228,"author":{"gitId":"AfshalG"},"content":"","lastModifiedDate":"2026-01-31T23:53:49","isFullCredit":false},{"lineNumber":229,"author":{"gitId":"AfshalG"},"content":"        if (fromIndex \u003d\u003d -1 || toIndex \u003d\u003d -1) {","lastModifiedDate":"2026-01-31T23:53:49","isFullCredit":false},{"lineNumber":230,"author":{"gitId":"AfshalG"},"content":"            throw new GenieException(\"OOPS!!! Please specify event timing using /from and /to.\");","lastModifiedDate":"2026-02-09T12:03:37","isFullCredit":false},{"lineNumber":231,"author":{"gitId":"AfshalG"},"content":"        }","lastModifiedDate":"2026-01-31T23:53:49","isFullCredit":false},{"lineNumber":232,"author":{"gitId":"AfshalG"},"content":"","lastModifiedDate":"2026-01-18T13:36:12","isFullCredit":false},{"lineNumber":233,"author":{"gitId":"AfshalG"},"content":"        String description \u003d content.substring(0, fromIndex).trim();","lastModifiedDate":"2026-01-31T23:53:49","isFullCredit":false},{"lineNumber":234,"author":{"gitId":"AfshalG"},"content":"        String from \u003d content.substring(fromIndex + 7, toIndex).trim();","lastModifiedDate":"2026-01-31T23:53:49","isFullCredit":false},{"lineNumber":235,"author":{"gitId":"AfshalG"},"content":"        String to \u003d content.substring(toIndex + 5).trim();","lastModifiedDate":"2026-01-31T23:53:49","isFullCredit":false},{"lineNumber":236,"author":{"gitId":"AfshalG"},"content":"","lastModifiedDate":"2026-01-18T13:36:12","isFullCredit":false},{"lineNumber":237,"author":{"gitId":"AfshalG"},"content":"        if (description.isEmpty() || from.isEmpty() || to.isEmpty()) {","lastModifiedDate":"2026-01-31T23:53:49","isFullCredit":false},{"lineNumber":238,"author":{"gitId":"AfshalG"},"content":"            throw new GenieException(\"OOPS!!! Description and timing cannot be empty.\");","lastModifiedDate":"2026-02-09T12:03:37","isFullCredit":false},{"lineNumber":239,"author":{"gitId":"AfshalG"},"content":"        }","lastModifiedDate":"2026-01-31T23:53:49","isFullCredit":false},{"lineNumber":240,"author":{"gitId":"AfshalG"},"content":"","lastModifiedDate":"2026-01-31T23:53:49","isFullCredit":false},{"lineNumber":241,"author":{"gitId":"AfshalG"},"content":"        Event event \u003d new Event(description, from, to);","lastModifiedDate":"2026-01-31T23:53:49","isFullCredit":false},{"lineNumber":242,"author":{"gitId":"AfshalG"},"content":"        tasks.add(event);","lastModifiedDate":"2026-01-31T23:53:49","isFullCredit":false},{"lineNumber":243,"author":{"gitId":"AfshalG"},"content":"        System.out.println(\" Got it. I\u0027ve added this task:\");","lastModifiedDate":"2026-01-31T23:53:49","isFullCredit":false},{"lineNumber":244,"author":{"gitId":"AfshalG"},"content":"        System.out.println(\"   [\" + event.getTypeIcon() + \"][\"","lastModifiedDate":"2026-01-31T23:53:49","isFullCredit":false},{"lineNumber":245,"author":{"gitId":"AfshalG"},"content":"            + event.getStatusIcon() + \"] \" + event.getDescription());","lastModifiedDate":"2026-01-31T23:53:49","isFullCredit":false},{"lineNumber":246,"author":{"gitId":"AfshalG"},"content":"        System.out.println(\" Now you have \" + tasks.size() + \" tasks in the list.\");","lastModifiedDate":"2026-01-31T23:53:49","isFullCredit":false},{"lineNumber":247,"author":{"gitId":"AfshalG"},"content":"        System.out.println(LINE);","lastModifiedDate":"2026-01-31T23:53:49","isFullCredit":false},{"lineNumber":248,"author":{"gitId":"AfshalG"},"content":"    }","lastModifiedDate":"2026-01-31T23:53:49","isFullCredit":false},{"lineNumber":249,"author":{"gitId":"AfshalG"},"content":"}","lastModifiedDate":"2026-01-31T23:53:49","isFullCredit":false}],"authorContributionMap":{"AfshalG":249}},{"path":"src/main/java/genie/exception/GenieException.java","fileType":"java","lines":[{"lineNumber":1,"author":{"gitId":"AfshalG"},"content":"package genie.exception;","lastModifiedDate":"2026-02-09T12:13:49","isFullCredit":false},{"lineNumber":2,"author":{"gitId":"AfshalG"},"content":"","lastModifiedDate":"2026-02-09T12:13:49","isFullCredit":false},{"lineNumber":3,"author":{"gitId":"AfshalG"},"content":"/**","lastModifiedDate":"2026-02-09T12:02:25","isFullCredit":false},{"lineNumber":4,"author":{"gitId":"AfshalG"},"content":" * Represents exceptions specific to Genie chatbot.","lastModifiedDate":"2026-02-09T12:02:25","isFullCredit":false},{"lineNumber":5,"author":{"gitId":"AfshalG"},"content":" */","lastModifiedDate":"2026-02-09T12:02:25","isFullCredit":false},{"lineNumber":6,"author":{"gitId":"AfshalG"},"content":"public class GenieException extends Exception {","lastModifiedDate":"2026-02-09T12:02:25","isFullCredit":false},{"lineNumber":7,"author":{"gitId":"AfshalG"},"content":"","lastModifiedDate":"2026-02-09T12:02:25","isFullCredit":false},{"lineNumber":8,"author":{"gitId":"AfshalG"},"content":"    /**","lastModifiedDate":"2026-02-09T12:02:25","isFullCredit":false},{"lineNumber":9,"author":{"gitId":"AfshalG"},"content":"     * Creates a new GenieException with the specified error message.","lastModifiedDate":"2026-02-09T12:02:25","isFullCredit":false},{"lineNumber":10,"author":{"gitId":"AfshalG"},"content":"     *","lastModifiedDate":"2026-02-09T12:02:25","isFullCredit":false},{"lineNumber":11,"author":{"gitId":"AfshalG"},"content":"     * @param message The error message","lastModifiedDate":"2026-02-09T12:02:25","isFullCredit":false},{"lineNumber":12,"author":{"gitId":"AfshalG"},"content":"     */","lastModifiedDate":"2026-02-09T12:02:25","isFullCredit":false},{"lineNumber":13,"author":{"gitId":"AfshalG"},"content":"    public GenieException(String message) {","lastModifiedDate":"2026-02-09T12:02:25","isFullCredit":false},{"lineNumber":14,"author":{"gitId":"AfshalG"},"content":"        super(message);","lastModifiedDate":"2026-02-09T12:02:25","isFullCredit":false},{"lineNumber":15,"author":{"gitId":"AfshalG"},"content":"    }","lastModifiedDate":"2026-02-09T12:02:25","isFullCredit":false},{"lineNumber":16,"author":{"gitId":"AfshalG"},"content":"}","lastModifiedDate":"2026-02-09T12:02:25","isFullCredit":false}],"authorContributionMap":{"AfshalG":16}},{"path":"src/main/java/genie/task/Deadline.java","fileType":"java","lines":[{"lineNumber":1,"author":{"gitId":"AfshalG"},"content":"package genie.task;","lastModifiedDate":"2026-02-09T12:13:49","isFullCredit":false},{"lineNumber":2,"author":{"gitId":"AfshalG"},"content":"","lastModifiedDate":"2026-02-09T12:13:49","isFullCredit":false},{"lineNumber":3,"author":{"gitId":"AfshalG"},"content":"/**","lastModifiedDate":"2026-01-31T23:52:15","isFullCredit":false},{"lineNumber":4,"author":{"gitId":"AfshalG"},"content":" * Represents a task with a deadline.","lastModifiedDate":"2026-01-31T23:52:15","isFullCredit":false},{"lineNumber":5,"author":{"gitId":"AfshalG"},"content":" */","lastModifiedDate":"2026-01-31T23:52:15","isFullCredit":false},{"lineNumber":6,"author":{"gitId":"AfshalG"},"content":"public class Deadline extends Task {","lastModifiedDate":"2026-01-31T23:52:15","isFullCredit":false},{"lineNumber":7,"author":{"gitId":"AfshalG"},"content":"    private String by;","lastModifiedDate":"2026-01-31T23:52:15","isFullCredit":false},{"lineNumber":8,"author":{"gitId":"AfshalG"},"content":"","lastModifiedDate":"2026-01-31T23:52:15","isFullCredit":false},{"lineNumber":9,"author":{"gitId":"AfshalG"},"content":"    /**","lastModifiedDate":"2026-01-31T23:52:15","isFullCredit":false},{"lineNumber":10,"author":{"gitId":"AfshalG"},"content":"     * Creates a new deadline task with the given description and deadline.","lastModifiedDate":"2026-01-31T23:52:15","isFullCredit":false},{"lineNumber":11,"author":{"gitId":"AfshalG"},"content":"     *","lastModifiedDate":"2026-01-31T23:52:15","isFullCredit":false},{"lineNumber":12,"author":{"gitId":"AfshalG"},"content":"     * @param description The task description","lastModifiedDate":"2026-01-31T23:52:15","isFullCredit":false},{"lineNumber":13,"author":{"gitId":"AfshalG"},"content":"     * @param by The deadline (as a string)","lastModifiedDate":"2026-01-31T23:52:15","isFullCredit":false},{"lineNumber":14,"author":{"gitId":"AfshalG"},"content":"     */","lastModifiedDate":"2026-01-31T23:52:15","isFullCredit":false},{"lineNumber":15,"author":{"gitId":"AfshalG"},"content":"    public Deadline(String description, String by) {","lastModifiedDate":"2026-01-31T23:52:15","isFullCredit":false},{"lineNumber":16,"author":{"gitId":"AfshalG"},"content":"        super(description);","lastModifiedDate":"2026-01-31T23:52:15","isFullCredit":false},{"lineNumber":17,"author":{"gitId":"AfshalG"},"content":"        this.by \u003d by;","lastModifiedDate":"2026-01-31T23:52:15","isFullCredit":false},{"lineNumber":18,"author":{"gitId":"AfshalG"},"content":"    }","lastModifiedDate":"2026-01-31T23:52:15","isFullCredit":false},{"lineNumber":19,"author":{"gitId":"AfshalG"},"content":"","lastModifiedDate":"2026-01-31T23:52:15","isFullCredit":false},{"lineNumber":20,"author":{"gitId":"AfshalG"},"content":"    /**","lastModifiedDate":"2026-01-31T23:52:15","isFullCredit":false},{"lineNumber":21,"author":{"gitId":"AfshalG"},"content":"     * Returns the type icon for deadline tasks.","lastModifiedDate":"2026-01-31T23:52:15","isFullCredit":false},{"lineNumber":22,"author":{"gitId":"AfshalG"},"content":"     *","lastModifiedDate":"2026-01-31T23:52:15","isFullCredit":false},{"lineNumber":23,"author":{"gitId":"AfshalG"},"content":"     * @return The string \"D\"","lastModifiedDate":"2026-01-31T23:52:15","isFullCredit":false},{"lineNumber":24,"author":{"gitId":"AfshalG"},"content":"     */","lastModifiedDate":"2026-01-31T23:52:15","isFullCredit":false},{"lineNumber":25,"author":{"gitId":"AfshalG"},"content":"    @Override","lastModifiedDate":"2026-01-31T23:52:15","isFullCredit":false},{"lineNumber":26,"author":{"gitId":"AfshalG"},"content":"    public String getTypeIcon() {","lastModifiedDate":"2026-01-31T23:52:15","isFullCredit":false},{"lineNumber":27,"author":{"gitId":"AfshalG"},"content":"        return \"D\";","lastModifiedDate":"2026-01-31T23:52:15","isFullCredit":false},{"lineNumber":28,"author":{"gitId":"AfshalG"},"content":"    }","lastModifiedDate":"2026-01-31T23:52:15","isFullCredit":false},{"lineNumber":29,"author":{"gitId":"AfshalG"},"content":"","lastModifiedDate":"2026-01-31T23:52:15","isFullCredit":false},{"lineNumber":30,"author":{"gitId":"AfshalG"},"content":"    /**","lastModifiedDate":"2026-01-31T23:52:15","isFullCredit":false},{"lineNumber":31,"author":{"gitId":"AfshalG"},"content":"     * Returns the description with deadline information.","lastModifiedDate":"2026-01-31T23:52:15","isFullCredit":false},{"lineNumber":32,"author":{"gitId":"AfshalG"},"content":"     *","lastModifiedDate":"2026-01-31T23:52:15","isFullCredit":false},{"lineNumber":33,"author":{"gitId":"AfshalG"},"content":"     * @return Description with \"(by: DATE)\" appended","lastModifiedDate":"2026-01-31T23:52:15","isFullCredit":false},{"lineNumber":34,"author":{"gitId":"AfshalG"},"content":"     */","lastModifiedDate":"2026-01-31T23:52:15","isFullCredit":false},{"lineNumber":35,"author":{"gitId":"AfshalG"},"content":"    @Override","lastModifiedDate":"2026-01-31T23:52:15","isFullCredit":false},{"lineNumber":36,"author":{"gitId":"AfshalG"},"content":"    public String getDescription() {","lastModifiedDate":"2026-01-31T23:52:15","isFullCredit":false},{"lineNumber":37,"author":{"gitId":"AfshalG"},"content":"        return super.getDescription() + \" (by: \" + by + \")\";","lastModifiedDate":"2026-01-31T23:52:15","isFullCredit":false},{"lineNumber":38,"author":{"gitId":"AfshalG"},"content":"    }","lastModifiedDate":"2026-01-31T23:52:15","isFullCredit":false},{"lineNumber":39,"author":{"gitId":"AfshalG"},"content":"}","lastModifiedDate":"2026-01-31T23:52:15","isFullCredit":false}],"authorContributionMap":{"AfshalG":39}},{"path":"src/main/java/genie/task/Event.java","fileType":"java","lines":[{"lineNumber":1,"author":{"gitId":"AfshalG"},"content":"package genie.task;","lastModifiedDate":"2026-02-09T12:13:49","isFullCredit":false},{"lineNumber":2,"author":{"gitId":"AfshalG"},"content":"","lastModifiedDate":"2026-02-09T12:13:49","isFullCredit":false},{"lineNumber":3,"author":{"gitId":"AfshalG"},"content":"/**","lastModifiedDate":"2026-01-31T23:52:15","isFullCredit":false},{"lineNumber":4,"author":{"gitId":"AfshalG"},"content":" * Represents an event task with start and end times.","lastModifiedDate":"2026-01-31T23:52:15","isFullCredit":false},{"lineNumber":5,"author":{"gitId":"AfshalG"},"content":" */","lastModifiedDate":"2026-01-31T23:52:15","isFullCredit":false},{"lineNumber":6,"author":{"gitId":"AfshalG"},"content":"public class Event extends Task {","lastModifiedDate":"2026-01-31T23:52:15","isFullCredit":false},{"lineNumber":7,"author":{"gitId":"AfshalG"},"content":"    private String from;","lastModifiedDate":"2026-01-31T23:52:15","isFullCredit":false},{"lineNumber":8,"author":{"gitId":"AfshalG"},"content":"    private String to;","lastModifiedDate":"2026-01-31T23:52:15","isFullCredit":false},{"lineNumber":9,"author":{"gitId":"AfshalG"},"content":"","lastModifiedDate":"2026-01-31T23:52:15","isFullCredit":false},{"lineNumber":10,"author":{"gitId":"AfshalG"},"content":"    /**","lastModifiedDate":"2026-01-31T23:52:15","isFullCredit":false},{"lineNumber":11,"author":{"gitId":"AfshalG"},"content":"     * Creates a new event task with the given description, start and end times.","lastModifiedDate":"2026-01-31T23:52:15","isFullCredit":false},{"lineNumber":12,"author":{"gitId":"AfshalG"},"content":"     *","lastModifiedDate":"2026-01-31T23:52:15","isFullCredit":false},{"lineNumber":13,"author":{"gitId":"AfshalG"},"content":"     * @param description The event description","lastModifiedDate":"2026-01-31T23:52:15","isFullCredit":false},{"lineNumber":14,"author":{"gitId":"AfshalG"},"content":"     * @param from The start time (as a string)","lastModifiedDate":"2026-01-31T23:52:15","isFullCredit":false},{"lineNumber":15,"author":{"gitId":"AfshalG"},"content":"     * @param to The end time (as a string)","lastModifiedDate":"2026-01-31T23:52:15","isFullCredit":false},{"lineNumber":16,"author":{"gitId":"AfshalG"},"content":"     */","lastModifiedDate":"2026-01-31T23:52:15","isFullCredit":false},{"lineNumber":17,"author":{"gitId":"AfshalG"},"content":"    public Event(String description, String from, String to) {","lastModifiedDate":"2026-01-31T23:52:15","isFullCredit":false},{"lineNumber":18,"author":{"gitId":"AfshalG"},"content":"        super(description);","lastModifiedDate":"2026-01-31T23:52:15","isFullCredit":false},{"lineNumber":19,"author":{"gitId":"AfshalG"},"content":"        this.from \u003d from;","lastModifiedDate":"2026-01-31T23:52:15","isFullCredit":false},{"lineNumber":20,"author":{"gitId":"AfshalG"},"content":"        this.to \u003d to;","lastModifiedDate":"2026-01-31T23:52:15","isFullCredit":false},{"lineNumber":21,"author":{"gitId":"AfshalG"},"content":"    }","lastModifiedDate":"2026-01-31T23:52:15","isFullCredit":false},{"lineNumber":22,"author":{"gitId":"AfshalG"},"content":"","lastModifiedDate":"2026-01-31T23:52:15","isFullCredit":false},{"lineNumber":23,"author":{"gitId":"AfshalG"},"content":"    /**","lastModifiedDate":"2026-01-31T23:52:15","isFullCredit":false},{"lineNumber":24,"author":{"gitId":"AfshalG"},"content":"     * Returns the type icon for event tasks.","lastModifiedDate":"2026-01-31T23:52:15","isFullCredit":false},{"lineNumber":25,"author":{"gitId":"AfshalG"},"content":"     *","lastModifiedDate":"2026-01-31T23:52:15","isFullCredit":false},{"lineNumber":26,"author":{"gitId":"AfshalG"},"content":"     * @return The string \"E\"","lastModifiedDate":"2026-01-31T23:52:15","isFullCredit":false},{"lineNumber":27,"author":{"gitId":"AfshalG"},"content":"     */","lastModifiedDate":"2026-01-31T23:52:15","isFullCredit":false},{"lineNumber":28,"author":{"gitId":"AfshalG"},"content":"    @Override","lastModifiedDate":"2026-01-31T23:52:15","isFullCredit":false},{"lineNumber":29,"author":{"gitId":"AfshalG"},"content":"    public String getTypeIcon() {","lastModifiedDate":"2026-01-31T23:52:15","isFullCredit":false},{"lineNumber":30,"author":{"gitId":"AfshalG"},"content":"        return \"E\";","lastModifiedDate":"2026-01-31T23:52:15","isFullCredit":false},{"lineNumber":31,"author":{"gitId":"AfshalG"},"content":"    }","lastModifiedDate":"2026-01-31T23:52:15","isFullCredit":false},{"lineNumber":32,"author":{"gitId":"AfshalG"},"content":"","lastModifiedDate":"2026-01-31T23:52:15","isFullCredit":false},{"lineNumber":33,"author":{"gitId":"AfshalG"},"content":"    /**","lastModifiedDate":"2026-01-31T23:52:15","isFullCredit":false},{"lineNumber":34,"author":{"gitId":"AfshalG"},"content":"     * Returns the description with event timing information.","lastModifiedDate":"2026-01-31T23:52:15","isFullCredit":false},{"lineNumber":35,"author":{"gitId":"AfshalG"},"content":"     *","lastModifiedDate":"2026-01-31T23:52:15","isFullCredit":false},{"lineNumber":36,"author":{"gitId":"AfshalG"},"content":"     * @return Description with \"(from: START to: END)\" appended","lastModifiedDate":"2026-01-31T23:52:15","isFullCredit":false},{"lineNumber":37,"author":{"gitId":"AfshalG"},"content":"     */","lastModifiedDate":"2026-01-31T23:52:15","isFullCredit":false},{"lineNumber":38,"author":{"gitId":"AfshalG"},"content":"    @Override","lastModifiedDate":"2026-01-31T23:52:15","isFullCredit":false},{"lineNumber":39,"author":{"gitId":"AfshalG"},"content":"    public String getDescription() {","lastModifiedDate":"2026-01-31T23:52:15","isFullCredit":false},{"lineNumber":40,"author":{"gitId":"AfshalG"},"content":"        return super.getDescription() + \" (from: \" + from + \" to: \" + to + \")\";","lastModifiedDate":"2026-01-31T23:52:15","isFullCredit":false},{"lineNumber":41,"author":{"gitId":"AfshalG"},"content":"    }","lastModifiedDate":"2026-01-31T23:52:15","isFullCredit":false},{"lineNumber":42,"author":{"gitId":"AfshalG"},"content":"}","lastModifiedDate":"2026-01-31T23:52:15","isFullCredit":false}],"authorContributionMap":{"AfshalG":42}},{"path":"src/main/java/genie/task/Task.java","fileType":"java","lines":[{"lineNumber":1,"author":{"gitId":"AfshalG"},"content":"package genie.task;","lastModifiedDate":"2026-02-09T12:13:49","isFullCredit":false},{"lineNumber":2,"author":{"gitId":"AfshalG"},"content":"","lastModifiedDate":"2026-02-09T12:13:49","isFullCredit":false},{"lineNumber":3,"author":{"gitId":"AfshalG"},"content":"/**","lastModifiedDate":"2026-01-18T12:47:25","isFullCredit":false},{"lineNumber":4,"author":{"gitId":"AfshalG"},"content":" * Represents a task with a description and completion status.","lastModifiedDate":"2026-01-18T12:47:25","isFullCredit":false},{"lineNumber":5,"author":{"gitId":"AfshalG"},"content":" */","lastModifiedDate":"2026-01-18T12:47:25","isFullCredit":false},{"lineNumber":6,"author":{"gitId":"AfshalG"},"content":"public class Task {","lastModifiedDate":"2026-01-18T12:47:25","isFullCredit":false},{"lineNumber":7,"author":{"gitId":"AfshalG"},"content":"    protected String description;","lastModifiedDate":"2026-01-31T23:52:15","isFullCredit":false},{"lineNumber":8,"author":{"gitId":"AfshalG"},"content":"    protected boolean isDone;","lastModifiedDate":"2026-01-31T23:52:15","isFullCredit":false},{"lineNumber":9,"author":{"gitId":"AfshalG"},"content":"","lastModifiedDate":"2026-01-18T12:47:25","isFullCredit":false},{"lineNumber":10,"author":{"gitId":"AfshalG"},"content":"    /**","lastModifiedDate":"2026-01-18T12:47:25","isFullCredit":false},{"lineNumber":11,"author":{"gitId":"AfshalG"},"content":"     * Creates a new task with the given description.","lastModifiedDate":"2026-01-18T12:47:25","isFullCredit":false},{"lineNumber":12,"author":{"gitId":"AfshalG"},"content":"     * Task is initially marked as not done.","lastModifiedDate":"2026-01-18T12:47:25","isFullCredit":false},{"lineNumber":13,"author":{"gitId":"AfshalG"},"content":"     */","lastModifiedDate":"2026-01-18T12:47:25","isFullCredit":false},{"lineNumber":14,"author":{"gitId":"AfshalG"},"content":"    public Task(String description) {","lastModifiedDate":"2026-01-18T12:47:25","isFullCredit":false},{"lineNumber":15,"author":{"gitId":"AfshalG"},"content":"        this.description \u003d description;","lastModifiedDate":"2026-01-18T12:47:25","isFullCredit":false},{"lineNumber":16,"author":{"gitId":"AfshalG"},"content":"        this.isDone \u003d false;","lastModifiedDate":"2026-01-18T12:47:25","isFullCredit":false},{"lineNumber":17,"author":{"gitId":"AfshalG"},"content":"    }","lastModifiedDate":"2026-01-18T12:47:25","isFullCredit":false},{"lineNumber":18,"author":{"gitId":"AfshalG"},"content":"","lastModifiedDate":"2026-01-18T12:47:25","isFullCredit":false},{"lineNumber":19,"author":{"gitId":"AfshalG"},"content":"    /**","lastModifiedDate":"2026-01-18T12:47:25","isFullCredit":false},{"lineNumber":20,"author":{"gitId":"AfshalG"},"content":"     * Returns the description of this task.","lastModifiedDate":"2026-01-18T12:47:25","isFullCredit":false},{"lineNumber":21,"author":{"gitId":"AfshalG"},"content":"     */","lastModifiedDate":"2026-01-18T12:47:25","isFullCredit":false},{"lineNumber":22,"author":{"gitId":"AfshalG"},"content":"    public String getDescription() {","lastModifiedDate":"2026-01-18T12:47:25","isFullCredit":false},{"lineNumber":23,"author":{"gitId":"AfshalG"},"content":"        return description;","lastModifiedDate":"2026-01-18T12:47:25","isFullCredit":false},{"lineNumber":24,"author":{"gitId":"AfshalG"},"content":"    }","lastModifiedDate":"2026-01-18T12:47:25","isFullCredit":false},{"lineNumber":25,"author":{"gitId":"AfshalG"},"content":"","lastModifiedDate":"2026-01-18T12:47:25","isFullCredit":false},{"lineNumber":26,"author":{"gitId":"AfshalG"},"content":"    /**","lastModifiedDate":"2026-01-18T12:47:25","isFullCredit":false},{"lineNumber":27,"author":{"gitId":"AfshalG"},"content":"     * Returns the status icon of this task.","lastModifiedDate":"2026-01-18T12:47:25","isFullCredit":false},{"lineNumber":28,"author":{"gitId":"AfshalG"},"content":"     * return \"X\" if task is done, \" \" otherwise","lastModifiedDate":"2026-01-18T12:47:25","isFullCredit":false},{"lineNumber":29,"author":{"gitId":"AfshalG"},"content":"     */","lastModifiedDate":"2026-01-18T12:47:25","isFullCredit":false},{"lineNumber":30,"author":{"gitId":"AfshalG"},"content":"    public String getStatusIcon() {","lastModifiedDate":"2026-01-18T12:47:25","isFullCredit":false},{"lineNumber":31,"author":{"gitId":"AfshalG"},"content":"        return (isDone ? \"X\" : \" \");","lastModifiedDate":"2026-01-18T12:47:25","isFullCredit":false},{"lineNumber":32,"author":{"gitId":"AfshalG"},"content":"    }","lastModifiedDate":"2026-01-18T12:47:25","isFullCredit":false},{"lineNumber":33,"author":{"gitId":"AfshalG"},"content":"","lastModifiedDate":"2026-01-18T12:47:25","isFullCredit":false},{"lineNumber":34,"author":{"gitId":"AfshalG"},"content":"    /**","lastModifiedDate":"2026-02-09T12:03:11","isFullCredit":false},{"lineNumber":35,"author":{"gitId":"AfshalG"},"content":"     * Returns whether this task is done.","lastModifiedDate":"2026-02-09T12:03:11","isFullCredit":false},{"lineNumber":36,"author":{"gitId":"AfshalG"},"content":"     *","lastModifiedDate":"2026-02-09T12:03:11","isFullCredit":false},{"lineNumber":37,"author":{"gitId":"AfshalG"},"content":"     * @return true if task is done, false otherwise","lastModifiedDate":"2026-02-09T12:03:11","isFullCredit":false},{"lineNumber":38,"author":{"gitId":"AfshalG"},"content":"     */","lastModifiedDate":"2026-02-09T12:03:11","isFullCredit":false},{"lineNumber":39,"author":{"gitId":"AfshalG"},"content":"    public boolean isDone() {","lastModifiedDate":"2026-02-09T12:03:11","isFullCredit":false},{"lineNumber":40,"author":{"gitId":"AfshalG"},"content":"        return isDone;","lastModifiedDate":"2026-02-09T12:03:11","isFullCredit":false},{"lineNumber":41,"author":{"gitId":"AfshalG"},"content":"    }","lastModifiedDate":"2026-02-09T12:03:11","isFullCredit":false},{"lineNumber":42,"author":{"gitId":"AfshalG"},"content":"","lastModifiedDate":"2026-02-09T12:03:11","isFullCredit":false},{"lineNumber":43,"author":{"gitId":"AfshalG"},"content":"    /**","lastModifiedDate":"2026-01-18T12:47:25","isFullCredit":false},{"lineNumber":44,"author":{"gitId":"AfshalG"},"content":"     * Marks this task as done.","lastModifiedDate":"2026-01-18T12:47:25","isFullCredit":false},{"lineNumber":45,"author":{"gitId":"AfshalG"},"content":"     */","lastModifiedDate":"2026-01-18T12:47:25","isFullCredit":false},{"lineNumber":46,"author":{"gitId":"AfshalG"},"content":"    public void markAsDone() {","lastModifiedDate":"2026-01-18T12:47:25","isFullCredit":false},{"lineNumber":47,"author":{"gitId":"AfshalG"},"content":"        this.isDone \u003d true;","lastModifiedDate":"2026-01-18T12:47:25","isFullCredit":false},{"lineNumber":48,"author":{"gitId":"AfshalG"},"content":"    }","lastModifiedDate":"2026-01-18T12:47:25","isFullCredit":false},{"lineNumber":49,"author":{"gitId":"AfshalG"},"content":"","lastModifiedDate":"2026-01-18T12:47:25","isFullCredit":false},{"lineNumber":50,"author":{"gitId":"AfshalG"},"content":"    /**","lastModifiedDate":"2026-01-18T12:47:25","isFullCredit":false},{"lineNumber":51,"author":{"gitId":"AfshalG"},"content":"     * Marks this task as not done.","lastModifiedDate":"2026-01-18T12:47:25","isFullCredit":false},{"lineNumber":52,"author":{"gitId":"AfshalG"},"content":"     */","lastModifiedDate":"2026-01-18T12:47:25","isFullCredit":false},{"lineNumber":53,"author":{"gitId":"AfshalG"},"content":"    public void markAsUndone() {","lastModifiedDate":"2026-01-18T12:47:25","isFullCredit":false},{"lineNumber":54,"author":{"gitId":"AfshalG"},"content":"        this.isDone \u003d false;","lastModifiedDate":"2026-01-18T12:47:25","isFullCredit":false},{"lineNumber":55,"author":{"gitId":"AfshalG"},"content":"    }","lastModifiedDate":"2026-01-18T12:47:25","isFullCredit":false},{"lineNumber":56,"author":{"gitId":"AfshalG"},"content":"","lastModifiedDate":"2026-01-31T23:52:15","isFullCredit":false},{"lineNumber":57,"author":{"gitId":"AfshalG"},"content":"    /**","lastModifiedDate":"2026-01-31T23:52:15","isFullCredit":false},{"lineNumber":58,"author":{"gitId":"AfshalG"},"content":"     * Returns the type icon of this task.","lastModifiedDate":"2026-01-31T23:52:15","isFullCredit":false},{"lineNumber":59,"author":{"gitId":"AfshalG"},"content":"     *","lastModifiedDate":"2026-01-31T23:52:15","isFullCredit":false},{"lineNumber":60,"author":{"gitId":"AfshalG"},"content":"     * @return The type icon (default \"?\")","lastModifiedDate":"2026-01-31T23:52:15","isFullCredit":false},{"lineNumber":61,"author":{"gitId":"AfshalG"},"content":"     */","lastModifiedDate":"2026-01-31T23:52:15","isFullCredit":false},{"lineNumber":62,"author":{"gitId":"AfshalG"},"content":"    public String getTypeIcon() {","lastModifiedDate":"2026-01-31T23:52:15","isFullCredit":false},{"lineNumber":63,"author":{"gitId":"AfshalG"},"content":"        return \"?\";","lastModifiedDate":"2026-01-31T23:52:15","isFullCredit":false},{"lineNumber":64,"author":{"gitId":"AfshalG"},"content":"    }","lastModifiedDate":"2026-01-31T23:52:15","isFullCredit":false},{"lineNumber":65,"author":{"gitId":"AfshalG"},"content":"}","lastModifiedDate":"2026-01-18T12:47:25","isFullCredit":false}],"authorContributionMap":{"AfshalG":65}},{"path":"src/main/java/genie/task/Todo.java","fileType":"java","lines":[{"lineNumber":1,"author":{"gitId":"AfshalG"},"content":"package genie.task;","lastModifiedDate":"2026-02-09T12:13:49","isFullCredit":false},{"lineNumber":2,"author":{"gitId":"AfshalG"},"content":"","lastModifiedDate":"2026-02-09T12:13:49","isFullCredit":false},{"lineNumber":3,"author":{"gitId":"AfshalG"},"content":"/**","lastModifiedDate":"2026-01-31T23:52:15","isFullCredit":false},{"lineNumber":4,"author":{"gitId":"AfshalG"},"content":" * Represents a todo task without any date/time attached.","lastModifiedDate":"2026-01-31T23:52:15","isFullCredit":false},{"lineNumber":5,"author":{"gitId":"AfshalG"},"content":" */","lastModifiedDate":"2026-01-31T23:52:15","isFullCredit":false},{"lineNumber":6,"author":{"gitId":"AfshalG"},"content":"public class Todo extends Task {","lastModifiedDate":"2026-01-31T23:52:15","isFullCredit":false},{"lineNumber":7,"author":{"gitId":"AfshalG"},"content":"","lastModifiedDate":"2026-01-31T23:52:15","isFullCredit":false},{"lineNumber":8,"author":{"gitId":"AfshalG"},"content":"    /**","lastModifiedDate":"2026-01-31T23:52:15","isFullCredit":false},{"lineNumber":9,"author":{"gitId":"AfshalG"},"content":"     * Creates a new todo task with the given description.","lastModifiedDate":"2026-01-31T23:52:15","isFullCredit":false},{"lineNumber":10,"author":{"gitId":"AfshalG"},"content":"     *","lastModifiedDate":"2026-01-31T23:52:15","isFullCredit":false},{"lineNumber":11,"author":{"gitId":"AfshalG"},"content":"     * @param description The task description","lastModifiedDate":"2026-01-31T23:52:15","isFullCredit":false},{"lineNumber":12,"author":{"gitId":"AfshalG"},"content":"     */","lastModifiedDate":"2026-01-31T23:52:15","isFullCredit":false},{"lineNumber":13,"author":{"gitId":"AfshalG"},"content":"    public Todo(String description) {","lastModifiedDate":"2026-01-31T23:52:15","isFullCredit":false},{"lineNumber":14,"author":{"gitId":"AfshalG"},"content":"        super(description);","lastModifiedDate":"2026-01-31T23:52:15","isFullCredit":false},{"lineNumber":15,"author":{"gitId":"AfshalG"},"content":"    }","lastModifiedDate":"2026-01-31T23:52:15","isFullCredit":false},{"lineNumber":16,"author":{"gitId":"AfshalG"},"content":"","lastModifiedDate":"2026-01-31T23:52:15","isFullCredit":false},{"lineNumber":17,"author":{"gitId":"AfshalG"},"content":"    /**","lastModifiedDate":"2026-01-31T23:52:15","isFullCredit":false},{"lineNumber":18,"author":{"gitId":"AfshalG"},"content":"     * Returns the type icon for todo tasks.","lastModifiedDate":"2026-01-31T23:52:15","isFullCredit":false},{"lineNumber":19,"author":{"gitId":"AfshalG"},"content":"     *","lastModifiedDate":"2026-01-31T23:52:15","isFullCredit":false},{"lineNumber":20,"author":{"gitId":"AfshalG"},"content":"     * @return The string \"T\"","lastModifiedDate":"2026-01-31T23:52:15","isFullCredit":false},{"lineNumber":21,"author":{"gitId":"AfshalG"},"content":"     */","lastModifiedDate":"2026-01-31T23:52:15","isFullCredit":false},{"lineNumber":22,"author":{"gitId":"AfshalG"},"content":"    @Override","lastModifiedDate":"2026-01-31T23:52:15","isFullCredit":false},{"lineNumber":23,"author":{"gitId":"AfshalG"},"content":"    public String getTypeIcon() {","lastModifiedDate":"2026-01-31T23:52:15","isFullCredit":false},{"lineNumber":24,"author":{"gitId":"AfshalG"},"content":"        return \"T\";","lastModifiedDate":"2026-01-31T23:52:15","isFullCredit":false},{"lineNumber":25,"author":{"gitId":"AfshalG"},"content":"    }","lastModifiedDate":"2026-01-31T23:52:15","isFullCredit":false},{"lineNumber":26,"author":{"gitId":"AfshalG"},"content":"}","lastModifiedDate":"2026-01-31T23:52:15","isFullCredit":false}],"authorContributionMap":{"AfshalG":26}},{"path":"text-ui-test/input.txt","fileType":"txt","lines":[{"lineNumber":1,"author":{"gitId":"AfshalG"},"content":"todo read book","lastModifiedDate":"2026-01-31T23:54:50","isFullCredit":false},{"lineNumber":2,"author":{"gitId":"AfshalG"},"content":"todo return book","lastModifiedDate":"2026-01-31T23:54:50","isFullCredit":false},{"lineNumber":3,"author":{"gitId":"AfshalG"},"content":"deadline submit assignment /by Sunday","lastModifiedDate":"2026-01-31T23:54:50","isFullCredit":false},{"lineNumber":4,"author":{"gitId":"AfshalG"},"content":"deadline finish project /by next Friday","lastModifiedDate":"2026-01-31T23:54:50","isFullCredit":false},{"lineNumber":5,"author":{"gitId":"AfshalG"},"content":"event team meeting /from 2pm /to 4pm","lastModifiedDate":"2026-01-31T23:54:50","isFullCredit":false},{"lineNumber":6,"author":{"gitId":"AfshalG"},"content":"list","lastModifiedDate":"2026-01-31T23:54:50","isFullCredit":false},{"lineNumber":7,"author":{"gitId":"AfshalG"},"content":"mark 1","lastModifiedDate":"2026-01-31T23:54:50","isFullCredit":false},{"lineNumber":8,"author":{"gitId":"AfshalG"},"content":"mark 3","lastModifiedDate":"2026-01-31T23:54:50","isFullCredit":false},{"lineNumber":9,"author":{"gitId":"AfshalG"},"content":"list","lastModifiedDate":"2026-01-31T23:54:50","isFullCredit":false},{"lineNumber":10,"author":{"gitId":"AfshalG"},"content":"unmark 1","lastModifiedDate":"2026-01-31T23:54:50","isFullCredit":false},{"lineNumber":11,"author":{"gitId":"AfshalG"},"content":"list","lastModifiedDate":"2026-01-31T23:54:50","isFullCredit":false},{"lineNumber":12,"author":{"gitId":"AfshalG"},"content":"bye","lastModifiedDate":"2026-01-31T23:54:50","isFullCredit":false}],"authorContributionMap":{"AfshalG":12}},{"path":"text-ui-test/runtest.sh","fileType":"sh","lines":[{"lineNumber":1,"author":{"gitId":"-"},"content":"#!/usr/bin/env bash","lastModifiedDate":"2020-05-25T00:03:55","isFullCredit":false},{"lineNumber":2,"author":{"gitId":"-"},"content":"","lastModifiedDate":"2020-05-25T00:03:55","isFullCredit":false},{"lineNumber":3,"author":{"gitId":"-"},"content":"# create bin directory if it doesn\u0027t exist","lastModifiedDate":"2020-05-25T00:03:55","isFullCredit":false},{"lineNumber":4,"author":{"gitId":"-"},"content":"if [ ! -d \"../bin\" ]","lastModifiedDate":"2020-05-25T00:03:55","isFullCredit":false},{"lineNumber":5,"author":{"gitId":"-"},"content":"then","lastModifiedDate":"2020-05-25T00:03:55","isFullCredit":false},{"lineNumber":6,"author":{"gitId":"-"},"content":"    mkdir ../bin","lastModifiedDate":"2020-05-25T00:03:55","isFullCredit":false},{"lineNumber":7,"author":{"gitId":"-"},"content":"fi","lastModifiedDate":"2020-05-25T00:03:55","isFullCredit":false},{"lineNumber":8,"author":{"gitId":"-"},"content":"","lastModifiedDate":"2020-05-25T00:03:55","isFullCredit":false},{"lineNumber":9,"author":{"gitId":"-"},"content":"# delete output from previous run","lastModifiedDate":"2020-05-25T00:03:55","isFullCredit":false},{"lineNumber":10,"author":{"gitId":"-"},"content":"if [ -e \"./ACTUAL.TXT\" ]","lastModifiedDate":"2020-05-25T00:03:55","isFullCredit":false},{"lineNumber":11,"author":{"gitId":"-"},"content":"then","lastModifiedDate":"2020-05-25T00:03:55","isFullCredit":false},{"lineNumber":12,"author":{"gitId":"-"},"content":"    rm ACTUAL.TXT","lastModifiedDate":"2020-05-25T00:03:55","isFullCredit":false},{"lineNumber":13,"author":{"gitId":"-"},"content":"fi","lastModifiedDate":"2020-05-25T00:03:55","isFullCredit":false},{"lineNumber":14,"author":{"gitId":"-"},"content":"","lastModifiedDate":"2020-05-25T00:03:55","isFullCredit":false},{"lineNumber":15,"author":{"gitId":"-"},"content":"# compile the code into the bin folder, terminates if error occurred","lastModifiedDate":"2020-05-25T00:03:55","isFullCredit":false},{"lineNumber":16,"author":{"gitId":"-"},"content":"if ! javac -cp ../src/main/java -Xlint:none -d ../bin ../src/main/java/*.java","lastModifiedDate":"2020-08-25T17:23:26","isFullCredit":false},{"lineNumber":17,"author":{"gitId":"-"},"content":"then","lastModifiedDate":"2020-05-25T00:03:55","isFullCredit":false},{"lineNumber":18,"author":{"gitId":"-"},"content":"    echo \"********** BUILD FAILURE **********\"","lastModifiedDate":"2020-05-25T00:03:55","isFullCredit":false},{"lineNumber":19,"author":{"gitId":"-"},"content":"    exit 1","lastModifiedDate":"2020-05-25T00:03:55","isFullCredit":false},{"lineNumber":20,"author":{"gitId":"-"},"content":"fi","lastModifiedDate":"2020-05-25T00:03:55","isFullCredit":false},{"lineNumber":21,"author":{"gitId":"-"},"content":"","lastModifiedDate":"2020-05-25T00:03:55","isFullCredit":false},{"lineNumber":22,"author":{"gitId":"-"},"content":"# run the program, feed commands from input.txt file and redirect the output to the ACTUAL.TXT","lastModifiedDate":"2020-05-25T00:03:55","isFullCredit":false},{"lineNumber":23,"author":{"gitId":"AfshalG"},"content":"java -classpath ../bin Genie \u003c input.txt \u003e ACTUAL.TXT","lastModifiedDate":"2026-01-31T23:54:50","isFullCredit":false},{"lineNumber":24,"author":{"gitId":"-"},"content":"","lastModifiedDate":"2020-05-25T00:03:55","isFullCredit":false},{"lineNumber":25,"author":{"gitId":"-"},"content":"# convert to UNIX format","lastModifiedDate":"2020-05-25T00:03:55","isFullCredit":false},{"lineNumber":26,"author":{"gitId":"-"},"content":"cp EXPECTED.TXT EXPECTED-UNIX.TXT","lastModifiedDate":"2020-05-25T00:03:55","isFullCredit":false},{"lineNumber":27,"author":{"gitId":"-"},"content":"dos2unix ACTUAL.TXT EXPECTED-UNIX.TXT","lastModifiedDate":"2020-05-25T00:03:55","isFullCredit":false},{"lineNumber":28,"author":{"gitId":"-"},"content":"","lastModifiedDate":"2020-05-25T00:03:55","isFullCredit":false},{"lineNumber":29,"author":{"gitId":"-"},"content":"# compare the output to the expected output","lastModifiedDate":"2020-05-25T00:03:55","isFullCredit":false},{"lineNumber":30,"author":{"gitId":"-"},"content":"diff ACTUAL.TXT EXPECTED-UNIX.TXT","lastModifiedDate":"2020-05-25T00:03:55","isFullCredit":false},{"lineNumber":31,"author":{"gitId":"-"},"content":"if [ $? -eq 0 ]","lastModifiedDate":"2020-05-25T00:03:55","isFullCredit":false},{"lineNumber":32,"author":{"gitId":"-"},"content":"then","lastModifiedDate":"2020-05-25T00:03:55","isFullCredit":false},{"lineNumber":33,"author":{"gitId":"-"},"content":"    echo \"Test result: PASSED\"","lastModifiedDate":"2020-05-25T00:03:55","isFullCredit":false},{"lineNumber":34,"author":{"gitId":"-"},"content":"    exit 0","lastModifiedDate":"2020-05-25T00:03:55","isFullCredit":false},{"lineNumber":35,"author":{"gitId":"-"},"content":"else","lastModifiedDate":"2020-05-25T00:03:55","isFullCredit":false},{"lineNumber":36,"author":{"gitId":"-"},"content":"    echo \"Test result: FAILED\"","lastModifiedDate":"2020-05-25T00:03:55","isFullCredit":false},{"lineNumber":37,"author":{"gitId":"-"},"content":"    exit 1","lastModifiedDate":"2020-05-25T00:03:55","isFullCredit":false},{"lineNumber":38,"author":{"gitId":"-"},"content":"fi","lastModifiedDate":"2020-05-25T00:03:55","isFullCredit":false}],"authorContributionMap":{"AfshalG":1,"-":37}}]
