[{"path":"src/main/java/Meowth.java","fileType":"java","lines":[{"lineNumber":1,"author":{"gitId":"infinitymehs"},"content":"import java.util.Scanner;","lastModifiedDate":"2026-01-29T19:50:40","isFullCredit":false},{"lineNumber":2,"author":{"gitId":"infinitymehs"},"content":"public class Meowth{","lastModifiedDate":"2026-01-29T01:57:20","isFullCredit":false},{"lineNumber":3,"author":{"gitId":"infinitymehs"},"content":"    static String LINE \u003d\"----------------------------------------\";","lastModifiedDate":"2026-01-30T01:21:22","isFullCredit":false},{"lineNumber":4,"author":{"gitId":"infinitymehs"},"content":"    public static void printStart(){","lastModifiedDate":"2026-01-30T01:21:22","isFullCredit":false},{"lineNumber":5,"author":{"gitId":"infinitymehs"},"content":"        // credit to whoever made this on ascii art archive","lastModifiedDate":"2026-01-29T19:50:40","isFullCredit":false},{"lineNumber":6,"author":{"gitId":"infinitymehs"},"content":"        String logo \u003d \"         .-. \\\\_/ .-.\\r\\n\" + //","lastModifiedDate":"2026-01-29T01:57:20","isFullCredit":false},{"lineNumber":7,"author":{"gitId":"infinitymehs"},"content":"                        \"         \\\\.-\\\\/\u003d\\\\/.-/\\r\\n\" + //","lastModifiedDate":"2026-01-29T01:57:20","isFullCredit":false},{"lineNumber":8,"author":{"gitId":"infinitymehs"},"content":"                        \"      \u0027-./___|\u003d|___\\\\.-\u0027\\r\\n\" + //","lastModifiedDate":"2026-01-29T01:57:20","isFullCredit":false},{"lineNumber":9,"author":{"gitId":"infinitymehs"},"content":"                        \"     .--| \\\\|/`\\\"`\\\\|/ |--.\\r\\n\" + //","lastModifiedDate":"2026-01-29T01:57:20","isFullCredit":false},{"lineNumber":10,"author":{"gitId":"infinitymehs"},"content":"                        \"    (((_)\\\\  .---.  /(_)))\\r\\n\" + //","lastModifiedDate":"2026-01-29T01:57:20","isFullCredit":false},{"lineNumber":11,"author":{"gitId":"infinitymehs"},"content":"                        \"     `\\\\ \\\\_`-.   .-\u0027_/ /`_\\r\\n\" + //","lastModifiedDate":"2026-01-29T01:57:20","isFullCredit":false},{"lineNumber":12,"author":{"gitId":"infinitymehs"},"content":"                        \"       \u0027.__       __.\u0027(_))\\r\\n\" + //","lastModifiedDate":"2026-01-29T01:57:20","isFullCredit":false},{"lineNumber":13,"author":{"gitId":"infinitymehs"},"content":"                        \"           /     \\\\     //\\r\\n\" + //","lastModifiedDate":"2026-01-29T01:57:20","isFullCredit":false},{"lineNumber":14,"author":{"gitId":"infinitymehs"},"content":"                        \"          |       |__.\u0027/\\r\\n\" + //","lastModifiedDate":"2026-01-29T01:57:20","isFullCredit":false},{"lineNumber":15,"author":{"gitId":"infinitymehs"},"content":"                        \"          \\\\       /--\u0027`\\r\\n\" + //","lastModifiedDate":"2026-01-29T01:57:20","isFullCredit":false},{"lineNumber":16,"author":{"gitId":"infinitymehs"},"content":"                        \"      .--,-\u0027 .--. \u0027----.\\r\\n\" + //","lastModifiedDate":"2026-01-29T01:57:20","isFullCredit":false},{"lineNumber":17,"author":{"gitId":"infinitymehs"},"content":"                        \"     \u0027----`--\u0027  \u0027--`----\u0027\";","lastModifiedDate":"2026-01-29T01:57:20","isFullCredit":false},{"lineNumber":18,"author":{"gitId":"infinitymehs"},"content":"        System.out.println(logo);","lastModifiedDate":"2026-01-29T01:57:20","isFullCredit":false},{"lineNumber":19,"author":{"gitId":"infinitymehs"},"content":"        System.out.println(LINE);","lastModifiedDate":"2026-01-30T01:21:22","isFullCredit":false},{"lineNumber":20,"author":{"gitId":"infinitymehs"},"content":"        System.out.println(\"Prepare for trouble! And make it double!\");","lastModifiedDate":"2026-01-29T01:57:20","isFullCredit":false},{"lineNumber":21,"author":{"gitId":"infinitymehs"},"content":"        System.out.println(\"What can I do for you today?\");","lastModifiedDate":"2026-01-29T01:57:20","isFullCredit":false},{"lineNumber":22,"author":{"gitId":"infinitymehs"},"content":"        System.out.println(LINE);","lastModifiedDate":"2026-01-30T01:21:22","isFullCredit":false},{"lineNumber":23,"author":{"gitId":"infinitymehs"},"content":"    }","lastModifiedDate":"2026-01-29T01:57:20","isFullCredit":false},{"lineNumber":24,"author":{"gitId":"infinitymehs"},"content":"    public static void printEnd(){","lastModifiedDate":"2026-01-30T01:21:22","isFullCredit":false},{"lineNumber":25,"author":{"gitId":"infinitymehs"},"content":"        System.out.println(\"Team Rocket\u0027s blasting off againnnnnnn!\");","lastModifiedDate":"2026-01-29T01:57:20","isFullCredit":false},{"lineNumber":26,"author":{"gitId":"infinitymehs"},"content":"        System.out.println(LINE);","lastModifiedDate":"2026-01-30T01:21:22","isFullCredit":false},{"lineNumber":27,"author":{"gitId":"infinitymehs"},"content":"    }","lastModifiedDate":"2026-01-29T01:57:20","isFullCredit":false},{"lineNumber":28,"author":{"gitId":"infinitymehs"},"content":"    public static void main(String[] args) {","lastModifiedDate":"2026-01-29T01:57:20","isFullCredit":false},{"lineNumber":29,"author":{"gitId":"infinitymehs"},"content":"        printStart();","lastModifiedDate":"2026-01-30T01:21:22","isFullCredit":false},{"lineNumber":30,"author":{"gitId":"infinitymehs"},"content":"        boolean isRunning \u003d true; ","lastModifiedDate":"2026-01-29T19:50:40","isFullCredit":false},{"lineNumber":31,"author":{"gitId":"infinitymehs"},"content":"        TaskList tasks \u003d new TaskList();","lastModifiedDate":"2026-01-29T19:50:40","isFullCredit":false},{"lineNumber":32,"author":{"gitId":"infinitymehs"},"content":"        while (isRunning){","lastModifiedDate":"2026-01-29T19:50:40","isFullCredit":false},{"lineNumber":33,"author":{"gitId":"infinitymehs"},"content":"            Scanner in \u003d new Scanner(System.in);","lastModifiedDate":"2026-01-29T19:50:40","isFullCredit":false},{"lineNumber":34,"author":{"gitId":"infinitymehs"},"content":"            String input \u003d in.nextLine();","lastModifiedDate":"2026-01-29T19:50:40","isFullCredit":false},{"lineNumber":35,"author":{"gitId":"infinitymehs"},"content":"            String inputs[] \u003d input.split(\" \");","lastModifiedDate":"2026-01-29T19:50:40","isFullCredit":false},{"lineNumber":36,"author":{"gitId":"infinitymehs"},"content":"","lastModifiedDate":"2026-01-29T19:50:40","isFullCredit":false},{"lineNumber":37,"author":{"gitId":"infinitymehs"},"content":"            // Case 1: If the user ends the chat","lastModifiedDate":"2026-01-30T01:21:22","isFullCredit":false},{"lineNumber":38,"author":{"gitId":"infinitymehs"},"content":"            if (inputs[0].toLowerCase().compareTo(\"bye\") \u003d\u003d 0){","lastModifiedDate":"2026-01-29T19:50:40","isFullCredit":false},{"lineNumber":39,"author":{"gitId":"infinitymehs"},"content":"                // Print the end dialogue and breaks out of the while loop ","lastModifiedDate":"2026-01-30T01:21:22","isFullCredit":false},{"lineNumber":40,"author":{"gitId":"infinitymehs"},"content":"                printEnd();","lastModifiedDate":"2026-01-30T01:21:22","isFullCredit":false},{"lineNumber":41,"author":{"gitId":"infinitymehs"},"content":"                isRunning \u003d false;","lastModifiedDate":"2026-01-29T19:50:40","isFullCredit":false},{"lineNumber":42,"author":{"gitId":"infinitymehs"},"content":"                break;","lastModifiedDate":"2026-01-29T19:50:40","isFullCredit":false},{"lineNumber":43,"author":{"gitId":"infinitymehs"},"content":"            // Case 2: If the user wants to check their list","lastModifiedDate":"2026-01-30T01:21:22","isFullCredit":false},{"lineNumber":44,"author":{"gitId":"infinitymehs"},"content":"            } else if (inputs[0].toLowerCase().compareTo(\"list\") \u003d\u003d 0 \u0026\u0026 inputs.length \u003d\u003d 1){","lastModifiedDate":"2026-01-30T01:21:22","isFullCredit":false},{"lineNumber":45,"author":{"gitId":"infinitymehs"},"content":"                // Calls the TaskList object displayList() method","lastModifiedDate":"2026-01-30T01:21:22","isFullCredit":false},{"lineNumber":46,"author":{"gitId":"infinitymehs"},"content":"                tasks.displayList();","lastModifiedDate":"2026-01-29T19:55:47","isFullCredit":false},{"lineNumber":47,"author":{"gitId":"infinitymehs"},"content":"            // Case 3: If the user wants to mark a task as done","lastModifiedDate":"2026-01-30T01:21:22","isFullCredit":false},{"lineNumber":48,"author":{"gitId":"infinitymehs"},"content":"            } else if (inputs[0].toLowerCase().compareTo(\"mark\") \u003d\u003d 0){","lastModifiedDate":"2026-01-30T01:21:22","isFullCredit":false},{"lineNumber":49,"author":{"gitId":"infinitymehs"},"content":"                // Uses a try catch statement to ensure that the index is valid ","lastModifiedDate":"2026-01-30T01:21:22","isFullCredit":false},{"lineNumber":50,"author":{"gitId":"infinitymehs"},"content":"                // (if there is index / it is a digit)","lastModifiedDate":"2026-01-30T01:21:22","isFullCredit":false},{"lineNumber":51,"author":{"gitId":"infinitymehs"},"content":"                try{","lastModifiedDate":"2026-01-30T01:21:22","isFullCredit":false},{"lineNumber":52,"author":{"gitId":"infinitymehs"},"content":"                    int idx \u003d Integer.parseInt(inputs[1]);","lastModifiedDate":"2026-01-29T20:13:10","isFullCredit":false},{"lineNumber":53,"author":{"gitId":"infinitymehs"},"content":"                    tasks.markDone(idx-1);","lastModifiedDate":"2026-01-29T20:13:10","isFullCredit":false},{"lineNumber":54,"author":{"gitId":"infinitymehs"},"content":"                } catch (Exception e){","lastModifiedDate":"2026-01-30T01:21:22","isFullCredit":false},{"lineNumber":55,"author":{"gitId":"infinitymehs"},"content":"                    System.out.println(\"Index invalid!\");","lastModifiedDate":"2026-01-30T01:21:22","isFullCredit":false},{"lineNumber":56,"author":{"gitId":"infinitymehs"},"content":"                }","lastModifiedDate":"2026-01-29T20:13:10","isFullCredit":false},{"lineNumber":57,"author":{"gitId":"infinitymehs"},"content":"            // Case 4: If the user wants to unmark a task as done","lastModifiedDate":"2026-01-30T01:21:22","isFullCredit":false},{"lineNumber":58,"author":{"gitId":"infinitymehs"},"content":"            } else if (inputs[0].toLowerCase().compareTo(\"unmark\") \u003d\u003d 0){","lastModifiedDate":"2026-01-30T01:21:22","isFullCredit":false},{"lineNumber":59,"author":{"gitId":"infinitymehs"},"content":"                // Uses a try catch statement to ensure that the index is valid ","lastModifiedDate":"2026-01-30T01:21:22","isFullCredit":false},{"lineNumber":60,"author":{"gitId":"infinitymehs"},"content":"                // (if there is index / it is a digit)","lastModifiedDate":"2026-01-30T01:21:22","isFullCredit":false},{"lineNumber":61,"author":{"gitId":"infinitymehs"},"content":"                try{","lastModifiedDate":"2026-01-30T01:21:22","isFullCredit":false},{"lineNumber":62,"author":{"gitId":"infinitymehs"},"content":"                    int idx \u003d Integer.parseInt(inputs[1]);","lastModifiedDate":"2026-01-29T20:13:10","isFullCredit":false},{"lineNumber":63,"author":{"gitId":"infinitymehs"},"content":"                    tasks.markUndone(idx-1);","lastModifiedDate":"2026-01-29T20:13:10","isFullCredit":false},{"lineNumber":64,"author":{"gitId":"infinitymehs"},"content":"                } catch (Exception e){","lastModifiedDate":"2026-01-30T01:21:22","isFullCredit":false},{"lineNumber":65,"author":{"gitId":"infinitymehs"},"content":"                    System.out.println(\"Index invalid!\");","lastModifiedDate":"2026-01-30T01:21:22","isFullCredit":false},{"lineNumber":66,"author":{"gitId":"infinitymehs"},"content":"                }","lastModifiedDate":"2026-01-29T20:13:10","isFullCredit":false},{"lineNumber":67,"author":{"gitId":"infinitymehs"},"content":"            // If not, add the user\u0027s input as a task ","lastModifiedDate":"2026-01-30T01:21:22","isFullCredit":false},{"lineNumber":68,"author":{"gitId":"infinitymehs"},"content":"            } else{","lastModifiedDate":"2026-01-30T01:21:22","isFullCredit":false},{"lineNumber":69,"author":{"gitId":"infinitymehs"},"content":"                tasks.addTask(input);","lastModifiedDate":"2026-01-29T19:55:47","isFullCredit":false},{"lineNumber":70,"author":{"gitId":"infinitymehs"},"content":"            }","lastModifiedDate":"2026-01-29T19:55:47","isFullCredit":false},{"lineNumber":71,"author":{"gitId":"infinitymehs"},"content":"            ","lastModifiedDate":"2026-01-29T19:50:40","isFullCredit":false},{"lineNumber":72,"author":{"gitId":"infinitymehs"},"content":"            System.out.println(LINE);","lastModifiedDate":"2026-01-30T01:21:22","isFullCredit":false},{"lineNumber":73,"author":{"gitId":"infinitymehs"},"content":"        }","lastModifiedDate":"2026-01-29T19:50:40","isFullCredit":false},{"lineNumber":74,"author":{"gitId":"infinitymehs"},"content":"    }","lastModifiedDate":"2026-01-29T01:57:20","isFullCredit":false},{"lineNumber":75,"author":{"gitId":"infinitymehs"},"content":"}","lastModifiedDate":"2026-01-29T01:57:20","isFullCredit":false}],"authorContributionMap":{"infinitymehs":75}},{"path":"src/main/java/Task.java","fileType":"java","lines":[{"lineNumber":1,"author":{"gitId":"infinitymehs"},"content":"public class Task{","lastModifiedDate":"2026-01-29T20:13:10","isFullCredit":false},{"lineNumber":2,"author":{"gitId":"infinitymehs"},"content":"    private String taskName;","lastModifiedDate":"2026-01-29T20:13:10","isFullCredit":false},{"lineNumber":3,"author":{"gitId":"infinitymehs"},"content":"    private boolean isDone;","lastModifiedDate":"2026-01-29T20:13:10","isFullCredit":false},{"lineNumber":4,"author":{"gitId":"infinitymehs"},"content":"","lastModifiedDate":"2026-01-29T20:13:10","isFullCredit":false},{"lineNumber":5,"author":{"gitId":"infinitymehs"},"content":"    public Task(String taskName){","lastModifiedDate":"2026-01-29T20:13:10","isFullCredit":false},{"lineNumber":6,"author":{"gitId":"infinitymehs"},"content":"        this.taskName \u003d taskName;","lastModifiedDate":"2026-01-29T20:13:10","isFullCredit":false},{"lineNumber":7,"author":{"gitId":"infinitymehs"},"content":"        isDone \u003d false;","lastModifiedDate":"2026-01-29T20:13:10","isFullCredit":false},{"lineNumber":8,"author":{"gitId":"infinitymehs"},"content":"    }","lastModifiedDate":"2026-01-29T20:13:10","isFullCredit":false},{"lineNumber":9,"author":{"gitId":"infinitymehs"},"content":"","lastModifiedDate":"2026-01-29T20:13:10","isFullCredit":false},{"lineNumber":10,"author":{"gitId":"infinitymehs"},"content":"    public String getTaskName(){","lastModifiedDate":"2026-01-29T20:13:10","isFullCredit":false},{"lineNumber":11,"author":{"gitId":"infinitymehs"},"content":"        return taskName;","lastModifiedDate":"2026-01-29T20:13:10","isFullCredit":false},{"lineNumber":12,"author":{"gitId":"infinitymehs"},"content":"    }","lastModifiedDate":"2026-01-29T20:13:10","isFullCredit":false},{"lineNumber":13,"author":{"gitId":"infinitymehs"},"content":"","lastModifiedDate":"2026-01-29T20:13:10","isFullCredit":false},{"lineNumber":14,"author":{"gitId":"infinitymehs"},"content":"    public boolean getDone(){","lastModifiedDate":"2026-01-30T01:21:22","isFullCredit":false},{"lineNumber":15,"author":{"gitId":"infinitymehs"},"content":"        return isDone;","lastModifiedDate":"2026-01-29T20:13:10","isFullCredit":false},{"lineNumber":16,"author":{"gitId":"infinitymehs"},"content":"    }","lastModifiedDate":"2026-01-29T20:13:10","isFullCredit":false},{"lineNumber":17,"author":{"gitId":"infinitymehs"},"content":"","lastModifiedDate":"2026-01-29T20:13:10","isFullCredit":false},{"lineNumber":18,"author":{"gitId":"infinitymehs"},"content":"    public void setDone(boolean toSet){","lastModifiedDate":"2026-01-30T01:21:22","isFullCredit":false},{"lineNumber":19,"author":{"gitId":"infinitymehs"},"content":"        isDone \u003d toSet;","lastModifiedDate":"2026-01-29T20:13:10","isFullCredit":false},{"lineNumber":20,"author":{"gitId":"infinitymehs"},"content":"    }","lastModifiedDate":"2026-01-29T20:13:10","isFullCredit":false},{"lineNumber":21,"author":{"gitId":"infinitymehs"},"content":"","lastModifiedDate":"2026-01-29T20:13:10","isFullCredit":false},{"lineNumber":22,"author":{"gitId":"infinitymehs"},"content":"}","lastModifiedDate":"2026-01-29T20:13:10","isFullCredit":false}],"authorContributionMap":{"infinitymehs":22}},{"path":"src/main/java/TaskList.java","fileType":"java","lines":[{"lineNumber":1,"author":{"gitId":"infinitymehs"},"content":"public class TaskList {","lastModifiedDate":"2026-01-29T19:50:40","isFullCredit":false},{"lineNumber":2,"author":{"gitId":"infinitymehs"},"content":"    private Task[] tasks;","lastModifiedDate":"2026-01-29T20:13:10","isFullCredit":false},{"lineNumber":3,"author":{"gitId":"infinitymehs"},"content":"    private int numTask;","lastModifiedDate":"2026-01-29T19:50:40","isFullCredit":false},{"lineNumber":4,"author":{"gitId":"infinitymehs"},"content":"","lastModifiedDate":"2026-01-29T19:50:40","isFullCredit":false},{"lineNumber":5,"author":{"gitId":"infinitymehs"},"content":"    public TaskList(){","lastModifiedDate":"2026-01-29T19:50:40","isFullCredit":false},{"lineNumber":6,"author":{"gitId":"infinitymehs"},"content":"        tasks \u003d new Task[100];","lastModifiedDate":"2026-01-29T20:13:10","isFullCredit":false},{"lineNumber":7,"author":{"gitId":"infinitymehs"},"content":"        numTask \u003d 0;","lastModifiedDate":"2026-01-29T19:50:40","isFullCredit":false},{"lineNumber":8,"author":{"gitId":"infinitymehs"},"content":"    }","lastModifiedDate":"2026-01-29T19:50:40","isFullCredit":false},{"lineNumber":9,"author":{"gitId":"infinitymehs"},"content":"","lastModifiedDate":"2026-01-29T19:50:40","isFullCredit":false},{"lineNumber":10,"author":{"gitId":"infinitymehs"},"content":"    public void addTask(String task){","lastModifiedDate":"2026-01-29T19:50:40","isFullCredit":false},{"lineNumber":11,"author":{"gitId":"infinitymehs"},"content":"        if (numTask \u003c 100){","lastModifiedDate":"2026-01-29T19:50:40","isFullCredit":false},{"lineNumber":12,"author":{"gitId":"infinitymehs"},"content":"            Task newTask \u003d new Task(task);","lastModifiedDate":"2026-01-29T20:13:10","isFullCredit":false},{"lineNumber":13,"author":{"gitId":"infinitymehs"},"content":"            tasks[numTask] \u003d newTask;","lastModifiedDate":"2026-01-29T20:13:10","isFullCredit":false},{"lineNumber":14,"author":{"gitId":"infinitymehs"},"content":"            numTask++;","lastModifiedDate":"2026-01-29T19:50:40","isFullCredit":false},{"lineNumber":15,"author":{"gitId":"infinitymehs"},"content":"            System.out.println(\"Added: \" + newTask.getTaskName());","lastModifiedDate":"2026-01-29T20:13:10","isFullCredit":false},{"lineNumber":16,"author":{"gitId":"infinitymehs"},"content":"        } else{","lastModifiedDate":"2026-01-29T19:50:40","isFullCredit":false},{"lineNumber":17,"author":{"gitId":"infinitymehs"},"content":"            System.out.println(\"Task list is full! Even Team Rocket isn\u0027t as busy :(\");","lastModifiedDate":"2026-01-29T19:50:40","isFullCredit":false},{"lineNumber":18,"author":{"gitId":"infinitymehs"},"content":"        }","lastModifiedDate":"2026-01-29T19:50:40","isFullCredit":false},{"lineNumber":19,"author":{"gitId":"infinitymehs"},"content":"    }","lastModifiedDate":"2026-01-29T19:50:40","isFullCredit":false},{"lineNumber":20,"author":{"gitId":"infinitymehs"},"content":"","lastModifiedDate":"2026-01-29T19:50:40","isFullCredit":false},{"lineNumber":21,"author":{"gitId":"infinitymehs"},"content":"    public void displayList(){","lastModifiedDate":"2026-01-29T19:50:40","isFullCredit":false},{"lineNumber":22,"author":{"gitId":"infinitymehs"},"content":"        String listLine \u003d \"%d.[%s] %s\";","lastModifiedDate":"2026-01-29T20:13:10","isFullCredit":false},{"lineNumber":23,"author":{"gitId":"infinitymehs"},"content":"        if (numTask \u003d\u003d 0){","lastModifiedDate":"2026-01-29T19:50:40","isFullCredit":false},{"lineNumber":24,"author":{"gitId":"infinitymehs"},"content":"            System.out.println(\"List is empty, have you taken over the world?\");","lastModifiedDate":"2026-01-29T19:50:40","isFullCredit":false},{"lineNumber":25,"author":{"gitId":"infinitymehs"},"content":"        } else{","lastModifiedDate":"2026-01-29T19:50:40","isFullCredit":false},{"lineNumber":26,"author":{"gitId":"infinitymehs"},"content":"            for (int i \u003d 0; i \u003c numTask; i++){","lastModifiedDate":"2026-01-29T19:50:40","isFullCredit":false},{"lineNumber":27,"author":{"gitId":"infinitymehs"},"content":"                char status \u003d \u0027 \u0027;","lastModifiedDate":"2026-01-29T20:13:10","isFullCredit":false},{"lineNumber":28,"author":{"gitId":"infinitymehs"},"content":"                if (tasks[i].getDone() \u003d\u003d true){","lastModifiedDate":"2026-01-30T01:21:22","isFullCredit":false},{"lineNumber":29,"author":{"gitId":"infinitymehs"},"content":"                    status \u003d \u0027X\u0027;","lastModifiedDate":"2026-01-29T20:13:10","isFullCredit":false},{"lineNumber":30,"author":{"gitId":"infinitymehs"},"content":"                }","lastModifiedDate":"2026-01-29T20:13:10","isFullCredit":false},{"lineNumber":31,"author":{"gitId":"infinitymehs"},"content":"                System.out.println(String.format(listLine, i+1, status, tasks[i].getTaskName()));","lastModifiedDate":"2026-01-29T20:13:10","isFullCredit":false},{"lineNumber":32,"author":{"gitId":"infinitymehs"},"content":"            }","lastModifiedDate":"2026-01-29T19:50:40","isFullCredit":false},{"lineNumber":33,"author":{"gitId":"infinitymehs"},"content":"        }","lastModifiedDate":"2026-01-29T19:50:40","isFullCredit":false},{"lineNumber":34,"author":{"gitId":"infinitymehs"},"content":"    }","lastModifiedDate":"2026-01-29T19:50:40","isFullCredit":false},{"lineNumber":35,"author":{"gitId":"infinitymehs"},"content":"","lastModifiedDate":"2026-01-29T19:50:40","isFullCredit":false},{"lineNumber":36,"author":{"gitId":"infinitymehs"},"content":"    public void markDone(int idx){","lastModifiedDate":"2026-01-29T19:50:40","isFullCredit":false},{"lineNumber":37,"author":{"gitId":"infinitymehs"},"content":"        if (idx \u003c numTask){","lastModifiedDate":"2026-01-29T19:50:40","isFullCredit":false},{"lineNumber":38,"author":{"gitId":"infinitymehs"},"content":"            tasks[idx].setDone(true);","lastModifiedDate":"2026-01-30T01:21:22","isFullCredit":false},{"lineNumber":39,"author":{"gitId":"infinitymehs"},"content":"            System.out.println(\"This task is marked as done! Out of the way!\");","lastModifiedDate":"2026-01-29T19:50:40","isFullCredit":false},{"lineNumber":40,"author":{"gitId":"infinitymehs"},"content":"            System.out.println(String.format(\"[X] %s\",tasks[idx].getTaskName()));","lastModifiedDate":"2026-01-29T20:13:10","isFullCredit":false},{"lineNumber":41,"author":{"gitId":"infinitymehs"},"content":"        }","lastModifiedDate":"2026-01-29T19:50:40","isFullCredit":false},{"lineNumber":42,"author":{"gitId":"infinitymehs"},"content":"        else{","lastModifiedDate":"2026-01-29T19:50:40","isFullCredit":false},{"lineNumber":43,"author":{"gitId":"infinitymehs"},"content":"            System.out.println(\"Task does not exist!\");","lastModifiedDate":"2026-01-29T19:50:40","isFullCredit":false},{"lineNumber":44,"author":{"gitId":"infinitymehs"},"content":"        }","lastModifiedDate":"2026-01-29T19:50:40","isFullCredit":false},{"lineNumber":45,"author":{"gitId":"infinitymehs"},"content":"    }","lastModifiedDate":"2026-01-29T19:50:40","isFullCredit":false},{"lineNumber":46,"author":{"gitId":"infinitymehs"},"content":"","lastModifiedDate":"2026-01-29T19:50:40","isFullCredit":false},{"lineNumber":47,"author":{"gitId":"infinitymehs"},"content":"    public void markUndone(int idx){","lastModifiedDate":"2026-01-29T19:50:40","isFullCredit":false},{"lineNumber":48,"author":{"gitId":"infinitymehs"},"content":"        if (idx \u003c numTask){","lastModifiedDate":"2026-01-29T19:50:40","isFullCredit":false},{"lineNumber":49,"author":{"gitId":"infinitymehs"},"content":"            tasks[idx].setDone(false);","lastModifiedDate":"2026-01-30T01:21:22","isFullCredit":false},{"lineNumber":50,"author":{"gitId":"infinitymehs"},"content":"            System.out.println(\"This task is marked as undone :(\");","lastModifiedDate":"2026-01-29T19:50:40","isFullCredit":false},{"lineNumber":51,"author":{"gitId":"infinitymehs"},"content":"            System.out.println(String.format(\"[ ] %s\",tasks[idx].getTaskName()));","lastModifiedDate":"2026-01-29T20:13:10","isFullCredit":false},{"lineNumber":52,"author":{"gitId":"infinitymehs"},"content":"        }","lastModifiedDate":"2026-01-29T19:50:40","isFullCredit":false},{"lineNumber":53,"author":{"gitId":"infinitymehs"},"content":"        else{","lastModifiedDate":"2026-01-29T19:50:40","isFullCredit":false},{"lineNumber":54,"author":{"gitId":"infinitymehs"},"content":"            System.out.println(\"Task does not exist!\");","lastModifiedDate":"2026-01-29T19:50:40","isFullCredit":false},{"lineNumber":55,"author":{"gitId":"infinitymehs"},"content":"        }","lastModifiedDate":"2026-01-29T19:50:40","isFullCredit":false},{"lineNumber":56,"author":{"gitId":"infinitymehs"},"content":"    }","lastModifiedDate":"2026-01-29T19:50:40","isFullCredit":false},{"lineNumber":57,"author":{"gitId":"infinitymehs"},"content":"}","lastModifiedDate":"2026-01-29T19:50:40","isFullCredit":false}],"authorContributionMap":{"infinitymehs":57}}]
