[{"path":"src/main/java/Pudding.java","fileType":"java","lines":[{"lineNumber":1,"author":{"gitId":"Yaqi66"},"content":"import java.util.ArrayList;","lastModifiedDate":"2026-02-04T03:57:25","isFullCredit":false},{"lineNumber":2,"author":{"gitId":"Yaqi66"},"content":"import java.util.Scanner;","lastModifiedDate":"2026-02-04T03:39:42","isFullCredit":false},{"lineNumber":3,"author":{"gitId":"Yaqi66"},"content":"public class Pudding {","lastModifiedDate":"2026-02-04T03:23:51","isFullCredit":false},{"lineNumber":4,"author":{"gitId":"Yaqi66"},"content":"    public static void main(String[] args) {","lastModifiedDate":"2026-02-04T03:23:51","isFullCredit":false},{"lineNumber":5,"author":{"gitId":"Yaqi66"},"content":"        String logo \u003d \"\"\"                                               ","lastModifiedDate":"2026-02-04T03:23:51","isFullCredit":false},{"lineNumber":6,"author":{"gitId":"Yaqi66"},"content":"             ","lastModifiedDate":"2026-02-04T03:26:39","isFullCredit":false},{"lineNumber":7,"author":{"gitId":"Yaqi66"},"content":"        █████▄ ██  ██ ████▄  ████▄  ██ ███  ██  ▄████  ","lastModifiedDate":"2026-02-04T03:23:51","isFullCredit":false},{"lineNumber":8,"author":{"gitId":"Yaqi66"},"content":"        ██▄▄█▀ ██  ██ ██  ██ ██  ██ ██ ██ ▀▄██ ██  ▄▄▄ ","lastModifiedDate":"2026-02-04T03:23:51","isFullCredit":false},{"lineNumber":9,"author":{"gitId":"Yaqi66"},"content":"        ██     ▀████▀ ████▀  ████▀  ██ ██   ██  ▀███▀  ","lastModifiedDate":"2026-02-04T03:23:51","isFullCredit":false},{"lineNumber":10,"author":{"gitId":"Yaqi66"},"content":"                                                    \"\"\";","lastModifiedDate":"2026-02-04T03:23:51","isFullCredit":false},{"lineNumber":11,"author":{"gitId":"Yaqi66"},"content":"        String line \u003d \"____________________________________________________________\";","lastModifiedDate":"2026-02-04T03:23:51","isFullCredit":false},{"lineNumber":12,"author":{"gitId":"Yaqi66"},"content":"        System.out.println(line);","lastModifiedDate":"2026-02-04T03:23:51","isFullCredit":false},{"lineNumber":13,"author":{"gitId":"Yaqi66"},"content":"        System.out.println(logo);","lastModifiedDate":"2026-02-04T03:23:51","isFullCredit":false},{"lineNumber":14,"author":{"gitId":"Yaqi66"},"content":"        System.out.println(\"Hello! I\u0027m Pudding\");","lastModifiedDate":"2026-02-04T03:23:51","isFullCredit":false},{"lineNumber":15,"author":{"gitId":"Yaqi66"},"content":"        System.out.println(\"What can I do for you?\");","lastModifiedDate":"2026-02-04T03:23:51","isFullCredit":false},{"lineNumber":16,"author":{"gitId":"Yaqi66"},"content":"        System.out.println(line);","lastModifiedDate":"2026-02-04T03:23:51","isFullCredit":false},{"lineNumber":17,"author":{"gitId":"Yaqi66"},"content":"        Scanner sc \u003d new Scanner(System.in);","lastModifiedDate":"2026-02-04T03:39:42","isFullCredit":false},{"lineNumber":18,"author":{"gitId":"Yaqi66"},"content":"        String input \u003d sc.nextLine();","lastModifiedDate":"2026-02-04T03:39:42","isFullCredit":false},{"lineNumber":19,"author":{"gitId":"Yaqi66"},"content":"        ArrayList\u003cTask\u003e list \u003d new ArrayList\u003c\u003e();","lastModifiedDate":"2026-02-04T06:46:30","isFullCredit":false},{"lineNumber":20,"author":{"gitId":"Yaqi66"},"content":"        while(!input.equals(\"bye\")) {","lastModifiedDate":"2026-02-04T03:39:42","isFullCredit":false},{"lineNumber":21,"author":{"gitId":"Yaqi66"},"content":"            if(input.equals(\"list\")) {","lastModifiedDate":"2026-02-04T03:57:25","isFullCredit":false},{"lineNumber":22,"author":{"gitId":"Yaqi66"},"content":"                System.out.println(line);","lastModifiedDate":"2026-02-05T05:00:54","isFullCredit":false},{"lineNumber":23,"author":{"gitId":"Yaqi66"},"content":"                System.out.println(\"Here are the tasks in your list:\");","lastModifiedDate":"2026-02-04T06:46:30","isFullCredit":false},{"lineNumber":24,"author":{"gitId":"Yaqi66"},"content":"                for (int i \u003d 0; i \u003c list.size(); i++) {","lastModifiedDate":"2026-02-04T03:57:25","isFullCredit":false},{"lineNumber":25,"author":{"gitId":"Yaqi66"},"content":"                    System.out.println((i+1) + \".\" +list.get(i).toString());","lastModifiedDate":"2026-02-05T05:00:54","isFullCredit":false},{"lineNumber":26,"author":{"gitId":"Yaqi66"},"content":"                }","lastModifiedDate":"2026-02-04T06:46:30","isFullCredit":false},{"lineNumber":27,"author":{"gitId":"Yaqi66"},"content":"            }","lastModifiedDate":"2026-02-04T06:46:30","isFullCredit":false},{"lineNumber":28,"author":{"gitId":"Yaqi66"},"content":"            else {","lastModifiedDate":"2026-02-04T06:46:30","isFullCredit":false},{"lineNumber":29,"author":{"gitId":"Yaqi66"},"content":"                if (input.startsWith(\"mark\")) {","lastModifiedDate":"2026-02-04T06:46:30","isFullCredit":false},{"lineNumber":30,"author":{"gitId":"Yaqi66"},"content":"                    int index \u003d Integer.parseInt(input.substring(5));","lastModifiedDate":"2026-02-04T06:46:30","isFullCredit":false},{"lineNumber":31,"author":{"gitId":"Yaqi66"},"content":"                    if(0\u003cindex \u0026\u0026 index\u003c\u003dlist.size()) {","lastModifiedDate":"2026-02-04T06:46:30","isFullCredit":false},{"lineNumber":32,"author":{"gitId":"Yaqi66"},"content":"                        System.out.println(\"Nice! I\u0027ve marked this task as done:\");","lastModifiedDate":"2026-02-04T06:46:30","isFullCredit":false},{"lineNumber":33,"author":{"gitId":"Yaqi66"},"content":"                        list.get(index - 1).isDone \u003d true;","lastModifiedDate":"2026-02-04T06:46:30","isFullCredit":false},{"lineNumber":34,"author":{"gitId":"Yaqi66"},"content":"                        System.out.println((\" [\" +list.get(index-1).getStatusIcon()+\"] \"+list.get(index-1).description));","lastModifiedDate":"2026-02-04T06:46:30","isFullCredit":false},{"lineNumber":35,"author":{"gitId":"Yaqi66"},"content":"                    }","lastModifiedDate":"2026-02-04T06:46:30","isFullCredit":false},{"lineNumber":36,"author":{"gitId":"Yaqi66"},"content":"                }","lastModifiedDate":"2026-02-04T06:46:30","isFullCredit":false},{"lineNumber":37,"author":{"gitId":"Yaqi66"},"content":"                else if (input.startsWith(\"unmark\")) {","lastModifiedDate":"2026-02-04T06:46:30","isFullCredit":false},{"lineNumber":38,"author":{"gitId":"Yaqi66"},"content":"                    int index \u003d Integer.parseInt(input.substring(7));","lastModifiedDate":"2026-02-04T06:46:30","isFullCredit":false},{"lineNumber":39,"author":{"gitId":"Yaqi66"},"content":"                    if(0\u003cindex \u0026\u0026 index\u003c\u003dlist.size()) {","lastModifiedDate":"2026-02-04T06:46:30","isFullCredit":false},{"lineNumber":40,"author":{"gitId":"Yaqi66"},"content":"                        System.out.println(\"OK, I\u0027ve marked this task as not done yet:\");","lastModifiedDate":"2026-02-04T06:46:30","isFullCredit":false},{"lineNumber":41,"author":{"gitId":"Yaqi66"},"content":"                        list.get(index - 1).isDone \u003d false;","lastModifiedDate":"2026-02-04T06:46:30","isFullCredit":false},{"lineNumber":42,"author":{"gitId":"Yaqi66"},"content":"                        System.out.println((\" [\" +list.get(index-1).getStatusIcon()+\"] \"+list.get(index-1).description));","lastModifiedDate":"2026-02-04T06:46:30","isFullCredit":false},{"lineNumber":43,"author":{"gitId":"Yaqi66"},"content":"                    }","lastModifiedDate":"2026-02-04T03:57:25","isFullCredit":false},{"lineNumber":44,"author":{"gitId":"Yaqi66"},"content":"                }","lastModifiedDate":"2026-02-04T03:57:25","isFullCredit":false},{"lineNumber":45,"author":{"gitId":"Yaqi66"},"content":"                else if (input.startsWith(\"todo\")) {","lastModifiedDate":"2026-02-05T05:00:54","isFullCredit":false},{"lineNumber":46,"author":{"gitId":"Yaqi66"},"content":"                    String[] Subparts \u003d input.split(\" \");","lastModifiedDate":"2026-02-05T05:00:54","isFullCredit":false},{"lineNumber":47,"author":{"gitId":"Yaqi66"},"content":"                    list.add(new Todo(combineStr(Subparts)));","lastModifiedDate":"2026-02-05T10:24:59","isFullCredit":false},{"lineNumber":48,"author":{"gitId":"Yaqi66"},"content":"                    System.out.println(replyRoutine(list.get(list.size()-1), list.size()));","lastModifiedDate":"2026-02-05T05:00:54","isFullCredit":false},{"lineNumber":49,"author":{"gitId":"Yaqi66"},"content":"                }","lastModifiedDate":"2026-02-04T07:09:07","isFullCredit":false},{"lineNumber":50,"author":{"gitId":"Yaqi66"},"content":"                else if (input.startsWith(\"deadline\")) {","lastModifiedDate":"2026-02-05T05:00:54","isFullCredit":false},{"lineNumber":51,"author":{"gitId":"Yaqi66"},"content":"                    String[] parts \u003d input.split(\"/\");","lastModifiedDate":"2026-02-05T05:00:54","isFullCredit":false},{"lineNumber":52,"author":{"gitId":"Yaqi66"},"content":"                    String[] Subparts \u003d parts[0].split(\" \");","lastModifiedDate":"2026-02-05T05:00:54","isFullCredit":false},{"lineNumber":53,"author":{"gitId":"Yaqi66"},"content":"                    list.add(new Deadline(combineStr(Subparts),parts[1].replace(\"by \",\"\")));","lastModifiedDate":"2026-02-05T05:00:54","isFullCredit":false},{"lineNumber":54,"author":{"gitId":"Yaqi66"},"content":"                    System.out.println(replyRoutine(list.get(list.size()-1), list.size()));","lastModifiedDate":"2026-02-05T05:00:54","isFullCredit":false},{"lineNumber":55,"author":{"gitId":"Yaqi66"},"content":"                }","lastModifiedDate":"2026-02-05T05:00:54","isFullCredit":false},{"lineNumber":56,"author":{"gitId":"Yaqi66"},"content":"                else if (input.startsWith(\"event\")) {","lastModifiedDate":"2026-02-05T05:00:54","isFullCredit":false},{"lineNumber":57,"author":{"gitId":"Yaqi66"},"content":"                    String[] parts \u003d input.split(\"/\");","lastModifiedDate":"2026-02-05T05:00:54","isFullCredit":false},{"lineNumber":58,"author":{"gitId":"Yaqi66"},"content":"                    String[] Subparts \u003d parts[0].split(\" \");","lastModifiedDate":"2026-02-05T05:00:54","isFullCredit":false},{"lineNumber":59,"author":{"gitId":"Yaqi66"},"content":"                    list.add(new Events(combineStr(Subparts),parts[1].replace(\"from \", \"\"),","lastModifiedDate":"2026-02-05T05:00:54","isFullCredit":false},{"lineNumber":60,"author":{"gitId":"Yaqi66"},"content":"                            parts[2].replace(\"to \", \"\")));","lastModifiedDate":"2026-02-05T05:00:54","isFullCredit":false},{"lineNumber":61,"author":{"gitId":"Yaqi66"},"content":"                    System.out.println(replyRoutine(list.get(list.size()-1), list.size()));","lastModifiedDate":"2026-02-05T05:00:54","isFullCredit":false},{"lineNumber":62,"author":{"gitId":"Yaqi66"},"content":"                    replyRoutine(list.get(list.size()-1), list.size());","lastModifiedDate":"2026-02-05T05:00:54","isFullCredit":false},{"lineNumber":63,"author":{"gitId":"Yaqi66"},"content":"                }","lastModifiedDate":"2026-02-04T07:09:07","isFullCredit":false},{"lineNumber":64,"author":{"gitId":"Yaqi66"},"content":"                else{","lastModifiedDate":"2026-02-04T03:57:25","isFullCredit":false},{"lineNumber":65,"author":{"gitId":"Yaqi66"},"content":"                    System.out.println(\"added: \"+input);","lastModifiedDate":"2026-02-04T03:57:25","isFullCredit":false},{"lineNumber":66,"author":{"gitId":"Yaqi66"},"content":"                    list.add(new Task(input));","lastModifiedDate":"2026-02-04T06:46:30","isFullCredit":false},{"lineNumber":67,"author":{"gitId":"Yaqi66"},"content":"                }","lastModifiedDate":"2026-02-04T06:46:30","isFullCredit":false},{"lineNumber":68,"author":{"gitId":"Yaqi66"},"content":"            }","lastModifiedDate":"2026-02-04T03:57:25","isFullCredit":false},{"lineNumber":69,"author":{"gitId":"Yaqi66"},"content":"            System.out.println(line);","lastModifiedDate":"2026-02-04T03:39:42","isFullCredit":false},{"lineNumber":70,"author":{"gitId":"Yaqi66"},"content":"            input \u003d sc.nextLine();","lastModifiedDate":"2026-02-04T03:39:42","isFullCredit":false},{"lineNumber":71,"author":{"gitId":"Yaqi66"},"content":"        }","lastModifiedDate":"2026-02-04T03:39:42","isFullCredit":false},{"lineNumber":72,"author":{"gitId":"Yaqi66"},"content":"        System.out.println(\"\\nBye. Hope to see you again soon!\\n\");","lastModifiedDate":"2026-02-04T03:23:51","isFullCredit":false},{"lineNumber":73,"author":{"gitId":"Yaqi66"},"content":"        System.out.println(line);","lastModifiedDate":"2026-02-04T03:23:51","isFullCredit":false},{"lineNumber":74,"author":{"gitId":"Yaqi66"},"content":"    }","lastModifiedDate":"2026-02-04T03:23:51","isFullCredit":false},{"lineNumber":75,"author":{"gitId":"Yaqi66"},"content":"    public static String combineStr(String[] strs){","lastModifiedDate":"2026-02-05T05:00:54","isFullCredit":false},{"lineNumber":76,"author":{"gitId":"Yaqi66"},"content":"        String result \u003d \"\";","lastModifiedDate":"2026-02-05T05:00:54","isFullCredit":false},{"lineNumber":77,"author":{"gitId":"Yaqi66"},"content":"        for(int i\u003d1;i\u003cstrs.length;i++){","lastModifiedDate":"2026-02-05T05:00:54","isFullCredit":false},{"lineNumber":78,"author":{"gitId":"Yaqi66"},"content":"            result +\u003d strs[i];","lastModifiedDate":"2026-02-05T05:00:54","isFullCredit":false},{"lineNumber":79,"author":{"gitId":"Yaqi66"},"content":"        }","lastModifiedDate":"2026-02-05T05:00:54","isFullCredit":false},{"lineNumber":80,"author":{"gitId":"Yaqi66"},"content":"        return result;","lastModifiedDate":"2026-02-05T05:00:54","isFullCredit":false},{"lineNumber":81,"author":{"gitId":"Yaqi66"},"content":"    }","lastModifiedDate":"2026-02-05T05:00:54","isFullCredit":false},{"lineNumber":82,"author":{"gitId":"Yaqi66"},"content":"    public static String replyRoutine(Task task, int n){","lastModifiedDate":"2026-02-05T05:00:54","isFullCredit":false},{"lineNumber":83,"author":{"gitId":"Yaqi66"},"content":"        String result \u003d \"\";","lastModifiedDate":"2026-02-05T05:00:54","isFullCredit":false},{"lineNumber":84,"author":{"gitId":"Yaqi66"},"content":"        String line \u003d \"____________________________________________________________\";","lastModifiedDate":"2026-02-05T05:00:54","isFullCredit":false},{"lineNumber":85,"author":{"gitId":"Yaqi66"},"content":"        result +\u003d line+\"\\nGot it. I\u0027ve added this task:\\n\" +task.toString() +\"\\nNow you have \"+n+\" tasks in the list.\";","lastModifiedDate":"2026-02-05T05:00:54","isFullCredit":false},{"lineNumber":86,"author":{"gitId":"Yaqi66"},"content":"        return result;","lastModifiedDate":"2026-02-05T05:00:54","isFullCredit":false},{"lineNumber":87,"author":{"gitId":"Yaqi66"},"content":"    }","lastModifiedDate":"2026-02-05T05:00:54","isFullCredit":false},{"lineNumber":88,"author":{"gitId":"Yaqi66"},"content":"","lastModifiedDate":"2026-02-04T06:46:30","isFullCredit":false},{"lineNumber":89,"author":{"gitId":"Yaqi66"},"content":"    public static class Task {","lastModifiedDate":"2026-02-04T06:46:30","isFullCredit":false},{"lineNumber":90,"author":{"gitId":"Yaqi66"},"content":"        protected String description;","lastModifiedDate":"2026-02-04T06:46:30","isFullCredit":false},{"lineNumber":91,"author":{"gitId":"Yaqi66"},"content":"        protected boolean isDone;","lastModifiedDate":"2026-02-04T06:46:30","isFullCredit":false},{"lineNumber":92,"author":{"gitId":"Yaqi66"},"content":"","lastModifiedDate":"2026-02-04T06:46:30","isFullCredit":false},{"lineNumber":93,"author":{"gitId":"Yaqi66"},"content":"        public Task(String description) {","lastModifiedDate":"2026-02-04T06:46:30","isFullCredit":false},{"lineNumber":94,"author":{"gitId":"Yaqi66"},"content":"            this.description \u003d description;","lastModifiedDate":"2026-02-04T06:46:30","isFullCredit":false},{"lineNumber":95,"author":{"gitId":"Yaqi66"},"content":"            this.isDone \u003d false;","lastModifiedDate":"2026-02-04T06:46:30","isFullCredit":false},{"lineNumber":96,"author":{"gitId":"Yaqi66"},"content":"        }","lastModifiedDate":"2026-02-04T06:46:30","isFullCredit":false},{"lineNumber":97,"author":{"gitId":"Yaqi66"},"content":"        public String toString() {","lastModifiedDate":"2026-02-05T05:00:54","isFullCredit":false},{"lineNumber":98,"author":{"gitId":"Yaqi66"},"content":"            return description;","lastModifiedDate":"2026-02-05T05:00:54","isFullCredit":false},{"lineNumber":99,"author":{"gitId":"Yaqi66"},"content":"        }","lastModifiedDate":"2026-02-05T05:00:54","isFullCredit":false},{"lineNumber":100,"author":{"gitId":"Yaqi66"},"content":"","lastModifiedDate":"2026-02-04T06:46:30","isFullCredit":false},{"lineNumber":101,"author":{"gitId":"Yaqi66"},"content":"        public String getStatusIcon() {","lastModifiedDate":"2026-02-04T06:46:30","isFullCredit":false},{"lineNumber":102,"author":{"gitId":"Yaqi66"},"content":"            return (isDone ? \"X\" : \" \");","lastModifiedDate":"2026-02-04T06:46:30","isFullCredit":false},{"lineNumber":103,"author":{"gitId":"Yaqi66"},"content":"        }","lastModifiedDate":"2026-02-04T06:46:30","isFullCredit":false},{"lineNumber":104,"author":{"gitId":"Yaqi66"},"content":"","lastModifiedDate":"2026-02-04T06:46:30","isFullCredit":false},{"lineNumber":105,"author":{"gitId":"Yaqi66"},"content":"    }","lastModifiedDate":"2026-02-04T06:46:30","isFullCredit":false},{"lineNumber":106,"author":{"gitId":"Yaqi66"},"content":"","lastModifiedDate":"2026-02-04T06:46:30","isFullCredit":false},{"lineNumber":107,"author":{"gitId":"Yaqi66"},"content":"    public static class Todo extends Task{","lastModifiedDate":"2026-02-05T05:00:54","isFullCredit":false},{"lineNumber":108,"author":{"gitId":"Yaqi66"},"content":"","lastModifiedDate":"2026-02-04T07:09:07","isFullCredit":false},{"lineNumber":109,"author":{"gitId":"Yaqi66"},"content":"        public Todo(String description) {","lastModifiedDate":"2026-02-04T07:09:07","isFullCredit":false},{"lineNumber":110,"author":{"gitId":"Yaqi66"},"content":"            super(description);","lastModifiedDate":"2026-02-05T05:00:54","isFullCredit":false},{"lineNumber":111,"author":{"gitId":"Yaqi66"},"content":"        }","lastModifiedDate":"2026-02-04T07:09:07","isFullCredit":false},{"lineNumber":112,"author":{"gitId":"Yaqi66"},"content":"","lastModifiedDate":"2026-02-04T07:09:07","isFullCredit":false},{"lineNumber":113,"author":{"gitId":"Yaqi66"},"content":"        @Override","lastModifiedDate":"2026-02-05T05:00:54","isFullCredit":false},{"lineNumber":114,"author":{"gitId":"Yaqi66"},"content":"        public String toString() {","lastModifiedDate":"2026-02-05T05:00:54","isFullCredit":false},{"lineNumber":115,"author":{"gitId":"Yaqi66"},"content":"            return \"[T]\" +\"[\"+getStatusIcon()+\"] \"+ super.toString();","lastModifiedDate":"2026-02-05T05:00:54","isFullCredit":false},{"lineNumber":116,"author":{"gitId":"Yaqi66"},"content":"        }","lastModifiedDate":"2026-02-04T07:09:07","isFullCredit":false},{"lineNumber":117,"author":{"gitId":"Yaqi66"},"content":"    }","lastModifiedDate":"2026-02-04T07:09:07","isFullCredit":false},{"lineNumber":118,"author":{"gitId":"Yaqi66"},"content":"","lastModifiedDate":"2026-02-04T07:09:07","isFullCredit":false},{"lineNumber":119,"author":{"gitId":"Yaqi66"},"content":"    public static class Deadline extends Task {","lastModifiedDate":"2026-02-05T05:00:54","isFullCredit":false},{"lineNumber":120,"author":{"gitId":"Yaqi66"},"content":"","lastModifiedDate":"2026-02-04T07:09:07","isFullCredit":false},{"lineNumber":121,"author":{"gitId":"Yaqi66"},"content":"        protected String by;","lastModifiedDate":"2026-02-04T07:09:07","isFullCredit":false},{"lineNumber":122,"author":{"gitId":"Yaqi66"},"content":"","lastModifiedDate":"2026-02-04T07:09:07","isFullCredit":false},{"lineNumber":123,"author":{"gitId":"Yaqi66"},"content":"        public Deadline(String description, String by) {","lastModifiedDate":"2026-02-04T07:09:07","isFullCredit":false},{"lineNumber":124,"author":{"gitId":"Yaqi66"},"content":"            super(description);","lastModifiedDate":"2026-02-04T07:09:07","isFullCredit":false},{"lineNumber":125,"author":{"gitId":"Yaqi66"},"content":"            this.by \u003d by;","lastModifiedDate":"2026-02-04T07:09:07","isFullCredit":false},{"lineNumber":126,"author":{"gitId":"Yaqi66"},"content":"        }","lastModifiedDate":"2026-02-04T07:09:07","isFullCredit":false},{"lineNumber":127,"author":{"gitId":"Yaqi66"},"content":"","lastModifiedDate":"2026-02-04T07:09:07","isFullCredit":false},{"lineNumber":128,"author":{"gitId":"Yaqi66"},"content":"        @Override","lastModifiedDate":"2026-02-04T07:09:07","isFullCredit":false},{"lineNumber":129,"author":{"gitId":"Yaqi66"},"content":"        public String toString() {","lastModifiedDate":"2026-02-04T07:09:07","isFullCredit":false},{"lineNumber":130,"author":{"gitId":"Yaqi66"},"content":"            return \"[D]\" +\"[\"+getStatusIcon()+\"] \"+ super.toString() + \" (by: \" + by + \")\";","lastModifiedDate":"2026-02-05T05:00:54","isFullCredit":false},{"lineNumber":131,"author":{"gitId":"Yaqi66"},"content":"        }","lastModifiedDate":"2026-02-04T07:09:07","isFullCredit":false},{"lineNumber":132,"author":{"gitId":"Yaqi66"},"content":"    }","lastModifiedDate":"2026-02-04T07:09:07","isFullCredit":false},{"lineNumber":133,"author":{"gitId":"Yaqi66"},"content":"","lastModifiedDate":"2026-02-04T07:09:07","isFullCredit":false},{"lineNumber":134,"author":{"gitId":"Yaqi66"},"content":"    public static class Events extends Task {","lastModifiedDate":"2026-02-05T05:00:54","isFullCredit":false},{"lineNumber":135,"author":{"gitId":"Yaqi66"},"content":"","lastModifiedDate":"2026-02-04T07:09:07","isFullCredit":false},{"lineNumber":136,"author":{"gitId":"Yaqi66"},"content":"        protected String from, to;","lastModifiedDate":"2026-02-04T07:09:07","isFullCredit":false},{"lineNumber":137,"author":{"gitId":"Yaqi66"},"content":"","lastModifiedDate":"2026-02-04T07:09:07","isFullCredit":false},{"lineNumber":138,"author":{"gitId":"Yaqi66"},"content":"        public Events(String description, String from, String to) {","lastModifiedDate":"2026-02-04T07:09:07","isFullCredit":false},{"lineNumber":139,"author":{"gitId":"Yaqi66"},"content":"            super(description);","lastModifiedDate":"2026-02-04T07:09:07","isFullCredit":false},{"lineNumber":140,"author":{"gitId":"Yaqi66"},"content":"            this.to \u003d to;","lastModifiedDate":"2026-02-04T07:09:07","isFullCredit":false},{"lineNumber":141,"author":{"gitId":"Yaqi66"},"content":"            this.from \u003d from;","lastModifiedDate":"2026-02-04T07:09:07","isFullCredit":false},{"lineNumber":142,"author":{"gitId":"Yaqi66"},"content":"        }","lastModifiedDate":"2026-02-04T07:09:07","isFullCredit":false},{"lineNumber":143,"author":{"gitId":"Yaqi66"},"content":"","lastModifiedDate":"2026-02-04T07:09:07","isFullCredit":false},{"lineNumber":144,"author":{"gitId":"Yaqi66"},"content":"        @Override","lastModifiedDate":"2026-02-04T07:09:07","isFullCredit":false},{"lineNumber":145,"author":{"gitId":"Yaqi66"},"content":"        public String toString() {","lastModifiedDate":"2026-02-04T07:09:07","isFullCredit":false},{"lineNumber":146,"author":{"gitId":"Yaqi66"},"content":"            return \"[E]\" +\"[\"+getStatusIcon()+\"] \"+ super.toString() + \" (from: \" + from + \", to: \" + to + \")\";","lastModifiedDate":"2026-02-05T05:00:54","isFullCredit":false},{"lineNumber":147,"author":{"gitId":"Yaqi66"},"content":"        }","lastModifiedDate":"2026-02-04T07:09:07","isFullCredit":false},{"lineNumber":148,"author":{"gitId":"Yaqi66"},"content":"    }","lastModifiedDate":"2026-02-04T07:09:07","isFullCredit":false},{"lineNumber":149,"author":{"gitId":"Yaqi66"},"content":"","lastModifiedDate":"2026-02-04T07:09:07","isFullCredit":false},{"lineNumber":150,"author":{"gitId":"Yaqi66"},"content":"","lastModifiedDate":"2026-02-04T07:09:07","isFullCredit":false},{"lineNumber":151,"author":{"gitId":"Yaqi66"},"content":"}","lastModifiedDate":"2026-02-04T03:23:51","isFullCredit":false}],"authorContributionMap":{"Yaqi66":151}}]
