[{"path":"src/main/java/Chu.java","fileType":"java","lines":[{"lineNumber":1,"author":{"gitId":"w-chuhao"},"content":"import java.util.Scanner;","lastModifiedDate":"2026-01-26T16:44:55","isFullCredit":false},{"lineNumber":2,"author":{"gitId":"w-chuhao"},"content":"import java.util.Arrays;","lastModifiedDate":"2026-01-26T17:06:01","isFullCredit":false},{"lineNumber":3,"author":{"gitId":"w-chuhao"},"content":"","lastModifiedDate":"2026-01-26T16:44:55","isFullCredit":false},{"lineNumber":4,"author":{"gitId":"w-chuhao"},"content":"public class Chu {","lastModifiedDate":"2026-01-21T00:13:24","isFullCredit":false},{"lineNumber":5,"author":{"gitId":"w-chuhao"},"content":"    public static void main(String[] args) {","lastModifiedDate":"2026-01-21T00:13:24","isFullCredit":false},{"lineNumber":6,"author":{"gitId":"w-chuhao"},"content":"        String logo \u003d","lastModifiedDate":"2026-01-21T00:13:24","isFullCredit":false},{"lineNumber":7,"author":{"gitId":"w-chuhao"},"content":"                \"  _____ _    _ _   _ \\n\"","lastModifiedDate":"2026-01-21T00:13:24","isFullCredit":false},{"lineNumber":8,"author":{"gitId":"w-chuhao"},"content":"                        + \" / ____| |  | | | | |\\n\"","lastModifiedDate":"2026-01-21T00:13:24","isFullCredit":false},{"lineNumber":9,"author":{"gitId":"w-chuhao"},"content":"                        + \"| |    | |__| | | | |\\n\"","lastModifiedDate":"2026-01-21T00:13:24","isFullCredit":false},{"lineNumber":10,"author":{"gitId":"w-chuhao"},"content":"                        + \"| |    |  __  | | | |\\n\"","lastModifiedDate":"2026-01-21T00:13:24","isFullCredit":false},{"lineNumber":11,"author":{"gitId":"w-chuhao"},"content":"                        + \"| |____| |  | | |_| |\\n\"","lastModifiedDate":"2026-01-21T00:13:24","isFullCredit":false},{"lineNumber":12,"author":{"gitId":"w-chuhao"},"content":"                        + \" \\\\_____|_|  |_|\\\\___/ \\n\";","lastModifiedDate":"2026-01-21T00:13:24","isFullCredit":false},{"lineNumber":13,"author":{"gitId":"w-chuhao"},"content":"        System.out.println(\"Hello I\u0027m\\n\" + logo);","lastModifiedDate":"2026-01-21T00:13:24","isFullCredit":false},{"lineNumber":14,"author":{"gitId":"w-chuhao"},"content":"        System.out.println(\"What can I do for you?\");","lastModifiedDate":"2026-01-21T00:13:24","isFullCredit":false},{"lineNumber":15,"author":{"gitId":"w-chuhao"},"content":"","lastModifiedDate":"2026-01-27T00:05:43","isFullCredit":false},{"lineNumber":16,"author":{"gitId":"w-chuhao"},"content":"        Scanner in \u003d new Scanner(System.in);","lastModifiedDate":"2026-01-26T16:44:55","isFullCredit":false},{"lineNumber":17,"author":{"gitId":"w-chuhao"},"content":"        Task[] list \u003d new Task[100];","lastModifiedDate":"2026-01-27T00:05:43","isFullCredit":false},{"lineNumber":18,"author":{"gitId":"w-chuhao"},"content":"        int counter \u003d 0;","lastModifiedDate":"2026-01-26T17:06:01","isFullCredit":false},{"lineNumber":19,"author":{"gitId":"w-chuhao"},"content":"        int index \u003d 0;","lastModifiedDate":"2026-01-27T00:05:43","isFullCredit":false},{"lineNumber":20,"author":{"gitId":"w-chuhao"},"content":"","lastModifiedDate":"2026-01-27T00:05:43","isFullCredit":false},{"lineNumber":21,"author":{"gitId":"w-chuhao"},"content":"        while (true) {","lastModifiedDate":"2026-01-27T00:05:43","isFullCredit":false},{"lineNumber":22,"author":{"gitId":"w-chuhao"},"content":"            String line \u003d in.nextLine().trim();","lastModifiedDate":"2026-01-27T00:05:43","isFullCredit":false},{"lineNumber":23,"author":{"gitId":"w-chuhao"},"content":"","lastModifiedDate":"2026-01-27T00:05:43","isFullCredit":false},{"lineNumber":24,"author":{"gitId":"w-chuhao"},"content":"            String[] sentence \u003d line.split(\" \");","lastModifiedDate":"2026-01-27T00:05:43","isFullCredit":false},{"lineNumber":25,"author":{"gitId":"w-chuhao"},"content":"","lastModifiedDate":"2026-01-27T00:05:43","isFullCredit":false},{"lineNumber":26,"author":{"gitId":"w-chuhao"},"content":"            switch (sentence[0].toLowerCase()) {","lastModifiedDate":"2026-01-27T00:05:43","isFullCredit":false},{"lineNumber":27,"author":{"gitId":"w-chuhao"},"content":"            case \"bye\":","lastModifiedDate":"2026-01-27T00:05:43","isFullCredit":false},{"lineNumber":28,"author":{"gitId":"w-chuhao"},"content":"                System.out.println(\"Bye. Hope to see you again soon!\");","lastModifiedDate":"2026-01-27T00:05:43","isFullCredit":false},{"lineNumber":29,"author":{"gitId":"w-chuhao"},"content":"                return;","lastModifiedDate":"2026-01-27T00:05:43","isFullCredit":false},{"lineNumber":30,"author":{"gitId":"w-chuhao"},"content":"","lastModifiedDate":"2026-01-27T00:05:43","isFullCredit":false},{"lineNumber":31,"author":{"gitId":"w-chuhao"},"content":"            case \"list\":","lastModifiedDate":"2026-01-27T00:05:43","isFullCredit":false},{"lineNumber":32,"author":{"gitId":"w-chuhao"},"content":"                System.out.println(\"Here are the tasks in your list:\");","lastModifiedDate":"2026-01-27T00:05:43","isFullCredit":false},{"lineNumber":33,"author":{"gitId":"w-chuhao"},"content":"                for (int i \u003d 0; i \u003c counter; i++) {","lastModifiedDate":"2026-01-27T00:05:43","isFullCredit":false},{"lineNumber":34,"author":{"gitId":"w-chuhao"},"content":"                    System.out.println((i + 1) + \".[\" + list[i].getStatusIcon() +\"] \"+ list[i].getDescription());","lastModifiedDate":"2026-01-27T00:05:43","isFullCredit":false},{"lineNumber":35,"author":{"gitId":"w-chuhao"},"content":"                }","lastModifiedDate":"2026-01-27T00:05:43","isFullCredit":false},{"lineNumber":36,"author":{"gitId":"w-chuhao"},"content":"                break;","lastModifiedDate":"2026-01-27T00:05:43","isFullCredit":false},{"lineNumber":37,"author":{"gitId":"w-chuhao"},"content":"            case \"mark\":","lastModifiedDate":"2026-01-27T00:05:43","isFullCredit":false},{"lineNumber":38,"author":{"gitId":"w-chuhao"},"content":"                if(sentence[1] !\u003d null){","lastModifiedDate":"2026-01-27T00:05:43","isFullCredit":false},{"lineNumber":39,"author":{"gitId":"w-chuhao"},"content":"                    index \u003d Integer.parseInt(sentence[1])-1;","lastModifiedDate":"2026-01-27T00:05:43","isFullCredit":false},{"lineNumber":40,"author":{"gitId":"w-chuhao"},"content":"                }","lastModifiedDate":"2026-01-26T17:06:01","isFullCredit":false},{"lineNumber":41,"author":{"gitId":"w-chuhao"},"content":"                list[index].markAsDone();","lastModifiedDate":"2026-01-27T00:05:43","isFullCredit":false},{"lineNumber":42,"author":{"gitId":"w-chuhao"},"content":"                System.out.println(\"Nice! I\u0027ve marked this task as done:\");","lastModifiedDate":"2026-01-27T00:05:43","isFullCredit":false},{"lineNumber":43,"author":{"gitId":"w-chuhao"},"content":"                System.out.println(\"[\" + list[index].getStatusIcon() +\"] \"+ list[index].getDescription());","lastModifiedDate":"2026-01-27T00:05:43","isFullCredit":false},{"lineNumber":44,"author":{"gitId":"w-chuhao"},"content":"                break;","lastModifiedDate":"2026-01-27T00:05:43","isFullCredit":false},{"lineNumber":45,"author":{"gitId":"w-chuhao"},"content":"","lastModifiedDate":"2026-01-27T00:05:43","isFullCredit":false},{"lineNumber":46,"author":{"gitId":"w-chuhao"},"content":"            case \"unmark\":","lastModifiedDate":"2026-01-27T00:05:43","isFullCredit":false},{"lineNumber":47,"author":{"gitId":"w-chuhao"},"content":"                if(sentence[1] !\u003d null){","lastModifiedDate":"2026-01-27T00:05:43","isFullCredit":false},{"lineNumber":48,"author":{"gitId":"w-chuhao"},"content":"                    index \u003d Integer.parseInt(sentence[1])-1;","lastModifiedDate":"2026-01-27T00:05:43","isFullCredit":false},{"lineNumber":49,"author":{"gitId":"w-chuhao"},"content":"                }","lastModifiedDate":"2026-01-26T17:06:01","isFullCredit":false},{"lineNumber":50,"author":{"gitId":"w-chuhao"},"content":"                list[index].unmark();","lastModifiedDate":"2026-01-27T00:05:43","isFullCredit":false},{"lineNumber":51,"author":{"gitId":"w-chuhao"},"content":"                System.out.println(\"OK, I\u0027ve marked this task as not done yet:\");","lastModifiedDate":"2026-01-27T00:05:43","isFullCredit":false},{"lineNumber":52,"author":{"gitId":"w-chuhao"},"content":"                System.out.println(\"[\" + list[index].getStatusIcon() +\"] \"+ list[index].getDescription());","lastModifiedDate":"2026-01-27T00:05:43","isFullCredit":false},{"lineNumber":53,"author":{"gitId":"w-chuhao"},"content":"                break;","lastModifiedDate":"2026-01-27T00:05:43","isFullCredit":false},{"lineNumber":54,"author":{"gitId":"w-chuhao"},"content":"","lastModifiedDate":"2026-01-27T00:05:43","isFullCredit":false},{"lineNumber":55,"author":{"gitId":"w-chuhao"},"content":"            default:","lastModifiedDate":"2026-01-27T00:05:43","isFullCredit":false},{"lineNumber":56,"author":{"gitId":"w-chuhao"},"content":"                System.out.println(\"added: \" + line);","lastModifiedDate":"2026-01-27T00:05:43","isFullCredit":false},{"lineNumber":57,"author":{"gitId":"w-chuhao"},"content":"                list[counter] \u003d new Task(line);","lastModifiedDate":"2026-01-27T00:05:43","isFullCredit":false},{"lineNumber":58,"author":{"gitId":"w-chuhao"},"content":"                counter +\u003d 1;","lastModifiedDate":"2026-01-26T17:06:01","isFullCredit":false},{"lineNumber":59,"author":{"gitId":"w-chuhao"},"content":"                break;","lastModifiedDate":"2026-01-27T00:05:43","isFullCredit":false},{"lineNumber":60,"author":{"gitId":"w-chuhao"},"content":"            }","lastModifiedDate":"2026-01-26T17:06:01","isFullCredit":false},{"lineNumber":61,"author":{"gitId":"w-chuhao"},"content":"        }","lastModifiedDate":"2026-01-26T16:44:55","isFullCredit":false},{"lineNumber":62,"author":{"gitId":"w-chuhao"},"content":"    }","lastModifiedDate":"2026-01-21T00:13:24","isFullCredit":false},{"lineNumber":63,"author":{"gitId":"w-chuhao"},"content":"}","lastModifiedDate":"2026-01-21T00:13:24","isFullCredit":false},{"lineNumber":64,"author":{"gitId":"w-chuhao"},"content":"","lastModifiedDate":"2026-01-21T00:13:24","isFullCredit":false}],"authorContributionMap":{"w-chuhao":64}},{"path":"src/main/java/Task.java","fileType":"java","lines":[{"lineNumber":1,"author":{"gitId":"w-chuhao"},"content":"public class Task {","lastModifiedDate":"2026-01-27T00:05:43","isFullCredit":false},{"lineNumber":2,"author":{"gitId":"w-chuhao"},"content":"    protected String description;","lastModifiedDate":"2026-01-27T00:05:43","isFullCredit":false},{"lineNumber":3,"author":{"gitId":"w-chuhao"},"content":"    protected boolean isDone;","lastModifiedDate":"2026-01-27T00:05:43","isFullCredit":false},{"lineNumber":4,"author":{"gitId":"w-chuhao"},"content":"","lastModifiedDate":"2026-01-27T00:05:43","isFullCredit":false},{"lineNumber":5,"author":{"gitId":"w-chuhao"},"content":"    public Task(String description) {","lastModifiedDate":"2026-01-27T00:05:43","isFullCredit":false},{"lineNumber":6,"author":{"gitId":"w-chuhao"},"content":"        this.description \u003d description;","lastModifiedDate":"2026-01-27T00:05:43","isFullCredit":false},{"lineNumber":7,"author":{"gitId":"w-chuhao"},"content":"        this.isDone \u003d false;","lastModifiedDate":"2026-01-27T00:05:43","isFullCredit":false},{"lineNumber":8,"author":{"gitId":"w-chuhao"},"content":"    }","lastModifiedDate":"2026-01-27T00:05:43","isFullCredit":false},{"lineNumber":9,"author":{"gitId":"w-chuhao"},"content":"","lastModifiedDate":"2026-01-27T00:05:43","isFullCredit":false},{"lineNumber":10,"author":{"gitId":"w-chuhao"},"content":"    public void markAsDone() {","lastModifiedDate":"2026-01-27T00:05:43","isFullCredit":false},{"lineNumber":11,"author":{"gitId":"w-chuhao"},"content":"        this.isDone \u003d true;","lastModifiedDate":"2026-01-27T00:05:43","isFullCredit":false},{"lineNumber":12,"author":{"gitId":"w-chuhao"},"content":"    }","lastModifiedDate":"2026-01-27T00:05:43","isFullCredit":false},{"lineNumber":13,"author":{"gitId":"w-chuhao"},"content":"","lastModifiedDate":"2026-01-27T00:05:43","isFullCredit":false},{"lineNumber":14,"author":{"gitId":"w-chuhao"},"content":"    public void unmark() {","lastModifiedDate":"2026-01-27T00:05:43","isFullCredit":false},{"lineNumber":15,"author":{"gitId":"w-chuhao"},"content":"        this.isDone \u003d false;","lastModifiedDate":"2026-01-27T00:05:43","isFullCredit":false},{"lineNumber":16,"author":{"gitId":"w-chuhao"},"content":"    }","lastModifiedDate":"2026-01-27T00:05:43","isFullCredit":false},{"lineNumber":17,"author":{"gitId":"w-chuhao"},"content":"","lastModifiedDate":"2026-01-27T00:05:43","isFullCredit":false},{"lineNumber":18,"author":{"gitId":"w-chuhao"},"content":"    public String getStatusIcon() {","lastModifiedDate":"2026-01-27T00:05:43","isFullCredit":false},{"lineNumber":19,"author":{"gitId":"w-chuhao"},"content":"        return isDone ? \"X\" : \" \";","lastModifiedDate":"2026-01-27T00:05:43","isFullCredit":false},{"lineNumber":20,"author":{"gitId":"w-chuhao"},"content":"    }","lastModifiedDate":"2026-01-27T00:05:43","isFullCredit":false},{"lineNumber":21,"author":{"gitId":"w-chuhao"},"content":"","lastModifiedDate":"2026-01-27T00:05:43","isFullCredit":false},{"lineNumber":22,"author":{"gitId":"w-chuhao"},"content":"    public String getDescription() {","lastModifiedDate":"2026-01-27T00:05:43","isFullCredit":false},{"lineNumber":23,"author":{"gitId":"w-chuhao"},"content":"        return description;","lastModifiedDate":"2026-01-27T00:05:43","isFullCredit":false},{"lineNumber":24,"author":{"gitId":"w-chuhao"},"content":"    }","lastModifiedDate":"2026-01-27T00:05:43","isFullCredit":false},{"lineNumber":25,"author":{"gitId":"w-chuhao"},"content":"}","lastModifiedDate":"2026-01-27T00:05:43","isFullCredit":false}],"authorContributionMap":{"w-chuhao":25}}]
