[{"path":"docs/README.md","fileType":"md","lines":[{"lineNumber":1,"author":{"gitId":"ZesterJ"},"content":"# Eve User Guide","lastModifiedDate":"2026-01-17T20:52:07","isFullCredit":false},{"lineNumber":2,"author":{"gitId":"-"},"content":"","lastModifiedDate":"2019-07-29T17:14:46","isFullCredit":false},{"lineNumber":3,"author":{"gitId":"-"},"content":"// Update the title above to match the actual product name","lastModifiedDate":"2024-01-07T18:33:52","isFullCredit":false},{"lineNumber":4,"author":{"gitId":"-"},"content":"","lastModifiedDate":"2019-07-29T17:14:46","isFullCredit":false},{"lineNumber":5,"author":{"gitId":"-"},"content":"// Product screenshot goes here","lastModifiedDate":"2024-01-07T18:33:52","isFullCredit":false},{"lineNumber":6,"author":{"gitId":"-"},"content":"","lastModifiedDate":"2021-07-17T16:49:07","isFullCredit":false},{"lineNumber":7,"author":{"gitId":"-"},"content":"// Product intro goes here","lastModifiedDate":"2024-01-07T18:33:52","isFullCredit":false},{"lineNumber":8,"author":{"gitId":"-"},"content":"","lastModifiedDate":"2021-07-17T16:49:07","isFullCredit":false},{"lineNumber":9,"author":{"gitId":"-"},"content":"## Adding deadlines","lastModifiedDate":"2024-01-07T18:33:52","isFullCredit":false},{"lineNumber":10,"author":{"gitId":"-"},"content":"","lastModifiedDate":"2021-07-17T16:49:07","isFullCredit":false},{"lineNumber":11,"author":{"gitId":"-"},"content":"// Describe the action and its outcome.","lastModifiedDate":"2024-01-07T18:33:52","isFullCredit":false},{"lineNumber":12,"author":{"gitId":"-"},"content":"","lastModifiedDate":"2019-07-29T17:14:46","isFullCredit":false},{"lineNumber":13,"author":{"gitId":"-"},"content":"// Give examples of usage","lastModifiedDate":"2024-01-07T18:33:52","isFullCredit":false},{"lineNumber":14,"author":{"gitId":"-"},"content":"","lastModifiedDate":"2019-07-29T17:14:46","isFullCredit":false},{"lineNumber":15,"author":{"gitId":"-"},"content":"Example: `keyword (optional arguments)`","lastModifiedDate":"2024-01-07T18:33:52","isFullCredit":false},{"lineNumber":16,"author":{"gitId":"-"},"content":"","lastModifiedDate":"2019-07-29T17:14:46","isFullCredit":false},{"lineNumber":17,"author":{"gitId":"-"},"content":"// A description of the expected outcome goes here","lastModifiedDate":"2024-01-07T18:33:52","isFullCredit":false},{"lineNumber":18,"author":{"gitId":"-"},"content":"","lastModifiedDate":"2019-07-29T17:14:46","isFullCredit":false},{"lineNumber":19,"author":{"gitId":"-"},"content":"```","lastModifiedDate":"2024-01-07T18:33:52","isFullCredit":false},{"lineNumber":20,"author":{"gitId":"-"},"content":"expected output","lastModifiedDate":"2024-01-07T18:33:52","isFullCredit":false},{"lineNumber":21,"author":{"gitId":"-"},"content":"```","lastModifiedDate":"2024-01-07T18:33:52","isFullCredit":false},{"lineNumber":22,"author":{"gitId":"-"},"content":"","lastModifiedDate":"2019-07-29T17:14:46","isFullCredit":false},{"lineNumber":23,"author":{"gitId":"-"},"content":"## Feature ABC","lastModifiedDate":"2024-01-07T18:33:52","isFullCredit":false},{"lineNumber":24,"author":{"gitId":"-"},"content":"","lastModifiedDate":"2019-07-29T17:14:46","isFullCredit":false},{"lineNumber":25,"author":{"gitId":"-"},"content":"// Feature details","lastModifiedDate":"2024-01-07T18:33:52","isFullCredit":false},{"lineNumber":26,"author":{"gitId":"-"},"content":"","lastModifiedDate":"2019-07-29T17:14:46","isFullCredit":false},{"lineNumber":27,"author":{"gitId":"-"},"content":"","lastModifiedDate":"2021-07-17T16:49:07","isFullCredit":false},{"lineNumber":28,"author":{"gitId":"-"},"content":"## Feature XYZ","lastModifiedDate":"2024-01-07T18:33:52","isFullCredit":false},{"lineNumber":29,"author":{"gitId":"-"},"content":"","lastModifiedDate":"2024-01-07T18:33:52","isFullCredit":false},{"lineNumber":30,"author":{"gitId":"-"},"content":"// Feature details","lastModifiedDate":"2024-01-07T18:33:52","isFullCredit":false}],"authorContributionMap":{"ZesterJ":1,"-":29}},{"path":"src/main/java/Eve.java","fileType":"java","lines":[{"lineNumber":1,"author":{"gitId":"ZesterJ"},"content":"import java.util.Scanner;","lastModifiedDate":"2026-01-23T17:25:43","isFullCredit":false},{"lineNumber":2,"author":{"gitId":"ZesterJ"},"content":"","lastModifiedDate":"2026-01-23T17:25:43","isFullCredit":false},{"lineNumber":3,"author":{"gitId":"ZesterJ"},"content":"import tasks.Deadline;","lastModifiedDate":"2026-02-07T20:47:27","isFullCredit":false},{"lineNumber":4,"author":{"gitId":"ZesterJ"},"content":"import tasks.Event;","lastModifiedDate":"2026-02-07T20:47:27","isFullCredit":false},{"lineNumber":5,"author":{"gitId":"ZesterJ"},"content":"import tasks.Task;","lastModifiedDate":"2026-02-07T20:47:27","isFullCredit":false},{"lineNumber":6,"author":{"gitId":"ZesterJ"},"content":"import tasks.ToDo;","lastModifiedDate":"2026-02-07T20:47:27","isFullCredit":false},{"lineNumber":7,"author":{"gitId":"ZesterJ"},"content":"","lastModifiedDate":"2026-02-07T20:47:27","isFullCredit":false},{"lineNumber":8,"author":{"gitId":"ZesterJ"},"content":"import exceptions.EveException;","lastModifiedDate":"2026-02-07T20:47:27","isFullCredit":false},{"lineNumber":9,"author":{"gitId":"ZesterJ"},"content":"import exceptions.MissingDescriptionException;","lastModifiedDate":"2026-02-07T20:47:27","isFullCredit":false},{"lineNumber":10,"author":{"gitId":"ZesterJ"},"content":"import exceptions.UnknownCommandException;","lastModifiedDate":"2026-02-07T20:47:27","isFullCredit":false},{"lineNumber":11,"author":{"gitId":"ZesterJ"},"content":"","lastModifiedDate":"2026-02-07T20:47:27","isFullCredit":false},{"lineNumber":12,"author":{"gitId":"ZesterJ"},"content":"public class Eve {","lastModifiedDate":"2026-01-17T20:52:07","isFullCredit":false},{"lineNumber":13,"author":{"gitId":"ZesterJ"},"content":"    public static void main(String[] args) {","lastModifiedDate":"2026-01-17T20:52:07","isFullCredit":false},{"lineNumber":14,"author":{"gitId":"ZesterJ"},"content":"","lastModifiedDate":"2026-01-23T17:25:43","isFullCredit":false},{"lineNumber":15,"author":{"gitId":"ZesterJ"},"content":"        String logo \u003d \" _____             _____ \\n\"","lastModifiedDate":"2026-01-17T20:52:07","isFullCredit":false},{"lineNumber":16,"author":{"gitId":"ZesterJ"},"content":"                + \"| ____|  \\\\     /  | ____|\\n\"","lastModifiedDate":"2026-01-17T20:52:07","isFullCredit":false},{"lineNumber":17,"author":{"gitId":"ZesterJ"},"content":"                + \"|  _|     \\\\   /   |  _|  \\n\"","lastModifiedDate":"2026-01-17T20:52:07","isFullCredit":false},{"lineNumber":18,"author":{"gitId":"ZesterJ"},"content":"                + \"| |___     \\\\ /    | |___ \\n\"","lastModifiedDate":"2026-01-17T20:52:07","isFullCredit":false},{"lineNumber":19,"author":{"gitId":"ZesterJ"},"content":"                + \"|_____|     V     |_____|\\n\";","lastModifiedDate":"2026-01-17T20:52:07","isFullCredit":false},{"lineNumber":20,"author":{"gitId":"ZesterJ"},"content":"","lastModifiedDate":"2026-01-17T20:52:07","isFullCredit":false},{"lineNumber":21,"author":{"gitId":"ZesterJ"},"content":"        System.out.println(\"Hello! I am\\n\" + logo);","lastModifiedDate":"2026-01-17T20:52:07","isFullCredit":false},{"lineNumber":22,"author":{"gitId":"ZesterJ"},"content":"        System.out.println(\"How may I be of assistance today?\");","lastModifiedDate":"2026-01-17T20:52:07","isFullCredit":false},{"lineNumber":23,"author":{"gitId":"ZesterJ"},"content":"        System.out.println(\"__________________________________\\n\");","lastModifiedDate":"2026-01-17T20:52:07","isFullCredit":false},{"lineNumber":24,"author":{"gitId":"ZesterJ"},"content":"","lastModifiedDate":"2026-01-17T20:52:07","isFullCredit":false},{"lineNumber":25,"author":{"gitId":"ZesterJ"},"content":"        Task[] tasks \u003d new Task[100];","lastModifiedDate":"2026-01-25T19:33:59","isFullCredit":false},{"lineNumber":26,"author":{"gitId":"ZesterJ"},"content":"        int taskCount \u003d 0;","lastModifiedDate":"2026-01-23T17:48:01","isFullCredit":false},{"lineNumber":27,"author":{"gitId":"ZesterJ"},"content":"        Scanner sc \u003d new Scanner(System.in);","lastModifiedDate":"2026-01-23T17:25:43","isFullCredit":false},{"lineNumber":28,"author":{"gitId":"ZesterJ"},"content":"","lastModifiedDate":"2026-01-23T17:25:43","isFullCredit":false},{"lineNumber":29,"author":{"gitId":"ZesterJ"},"content":"        while (true) {","lastModifiedDate":"2026-01-23T17:25:43","isFullCredit":false},{"lineNumber":30,"author":{"gitId":"ZesterJ"},"content":"            try {","lastModifiedDate":"2026-02-07T20:47:27","isFullCredit":false},{"lineNumber":31,"author":{"gitId":"ZesterJ"},"content":"                String userInput \u003d sc.nextLine().trim();","lastModifiedDate":"2026-01-23T17:25:43","isFullCredit":false},{"lineNumber":32,"author":{"gitId":"ZesterJ"},"content":"                String[] inputParts \u003d userInput.split(\" \", 2);","lastModifiedDate":"2026-01-25T19:33:59","isFullCredit":false},{"lineNumber":33,"author":{"gitId":"ZesterJ"},"content":"                String command \u003d inputParts[0].toLowerCase();","lastModifiedDate":"2026-01-25T19:33:59","isFullCredit":false},{"lineNumber":34,"author":{"gitId":"ZesterJ"},"content":"                System.out.println(\"__________________________________\\n\");","lastModifiedDate":"2026-01-23T17:25:43","isFullCredit":false},{"lineNumber":35,"author":{"gitId":"ZesterJ"},"content":"","lastModifiedDate":"2026-01-23T17:25:43","isFullCredit":false},{"lineNumber":36,"author":{"gitId":"ZesterJ"},"content":"                switch (command) {","lastModifiedDate":"2026-01-25T19:33:59","isFullCredit":false},{"lineNumber":37,"author":{"gitId":"ZesterJ"},"content":"                    case \"bye\":","lastModifiedDate":"2026-01-23T17:25:43","isFullCredit":false},{"lineNumber":38,"author":{"gitId":"ZesterJ"},"content":"                        System.out.println(\"Goodbye. Have a nice day!\");","lastModifiedDate":"2026-01-17T20:52:07","isFullCredit":false},{"lineNumber":39,"author":{"gitId":"ZesterJ"},"content":"                        System.out.println(\"__________________________________\\n\");","lastModifiedDate":"2026-01-23T17:25:43","isFullCredit":false},{"lineNumber":40,"author":{"gitId":"ZesterJ"},"content":"                        sc.close();","lastModifiedDate":"2026-01-23T17:25:43","isFullCredit":false},{"lineNumber":41,"author":{"gitId":"ZesterJ"},"content":"                        return;","lastModifiedDate":"2026-01-23T17:25:43","isFullCredit":false},{"lineNumber":42,"author":{"gitId":"ZesterJ"},"content":"","lastModifiedDate":"2026-01-25T19:33:59","isFullCredit":false},{"lineNumber":43,"author":{"gitId":"ZesterJ"},"content":"                    case \"list\":","lastModifiedDate":"2026-01-23T17:48:01","isFullCredit":false},{"lineNumber":44,"author":{"gitId":"ZesterJ"},"content":"                        if (taskCount \u003d\u003d 0) {","lastModifiedDate":"2026-01-23T17:48:01","isFullCredit":false},{"lineNumber":45,"author":{"gitId":"ZesterJ"},"content":"                            System.out.println(\"Your Task List is empty.\");","lastModifiedDate":"2026-01-23T17:48:01","isFullCredit":false},{"lineNumber":46,"author":{"gitId":"ZesterJ"},"content":"                            break;","lastModifiedDate":"2026-01-23T17:48:01","isFullCredit":false},{"lineNumber":47,"author":{"gitId":"ZesterJ"},"content":"                        } else {","lastModifiedDate":"2026-01-23T17:48:01","isFullCredit":false},{"lineNumber":48,"author":{"gitId":"ZesterJ"},"content":"                            System.out.println(\"Here are the tasks in your list:\");","lastModifiedDate":"2026-01-25T19:33:59","isFullCredit":false},{"lineNumber":49,"author":{"gitId":"ZesterJ"},"content":"                            for (int i \u003d 0; i \u003c taskCount; i +\u003d 1) {","lastModifiedDate":"2026-01-23T17:48:01","isFullCredit":false},{"lineNumber":50,"author":{"gitId":"ZesterJ"},"content":"                                System.out.println((i + 1) + \". \" + tasks[i].toString());","lastModifiedDate":"2026-02-01T13:10:05","isFullCredit":false},{"lineNumber":51,"author":{"gitId":"ZesterJ"},"content":"                            }","lastModifiedDate":"2026-01-23T17:48:01","isFullCredit":false},{"lineNumber":52,"author":{"gitId":"ZesterJ"},"content":"                            System.out.println(\"__________________________________\\n\");","lastModifiedDate":"2026-01-23T17:48:01","isFullCredit":false},{"lineNumber":53,"author":{"gitId":"ZesterJ"},"content":"                        }","lastModifiedDate":"2026-01-23T17:48:01","isFullCredit":false},{"lineNumber":54,"author":{"gitId":"ZesterJ"},"content":"                        break;","lastModifiedDate":"2026-01-23T17:48:01","isFullCredit":false},{"lineNumber":55,"author":{"gitId":"ZesterJ"},"content":"","lastModifiedDate":"2026-01-25T19:33:59","isFullCredit":false},{"lineNumber":56,"author":{"gitId":"ZesterJ"},"content":"                    case \"mark\":","lastModifiedDate":"2026-01-25T19:33:59","isFullCredit":false},{"lineNumber":57,"author":{"gitId":"ZesterJ"},"content":"                        if (inputParts.length \u003c 2) {","lastModifiedDate":"2026-02-07T20:47:27","isFullCredit":false},{"lineNumber":58,"author":{"gitId":"ZesterJ"},"content":"                            throw new EveException(\"Please specify which task number to mark.\");","lastModifiedDate":"2026-02-07T20:47:27","isFullCredit":false},{"lineNumber":59,"author":{"gitId":"ZesterJ"},"content":"                        }","lastModifiedDate":"2026-02-07T20:47:27","isFullCredit":false},{"lineNumber":60,"author":{"gitId":"ZesterJ"},"content":"","lastModifiedDate":"2026-02-07T20:47:27","isFullCredit":false},{"lineNumber":61,"author":{"gitId":"ZesterJ"},"content":"                        int index \u003d Integer.parseInt(inputParts[1]) - 1;","lastModifiedDate":"2026-01-25T19:33:59","isFullCredit":false},{"lineNumber":62,"author":{"gitId":"ZesterJ"},"content":"                        if (index \u003c 0 || index \u003e\u003d taskCount) {","lastModifiedDate":"2026-02-07T20:47:27","isFullCredit":false},{"lineNumber":63,"author":{"gitId":"ZesterJ"},"content":"                            throw new EveException(\"The task number you provided is out of range.\");","lastModifiedDate":"2026-02-07T20:47:27","isFullCredit":false},{"lineNumber":64,"author":{"gitId":"ZesterJ"},"content":"                        }","lastModifiedDate":"2026-02-07T20:47:27","isFullCredit":false},{"lineNumber":65,"author":{"gitId":"ZesterJ"},"content":"                        tasks[index].markAsDone();","lastModifiedDate":"2026-01-25T19:33:59","isFullCredit":false},{"lineNumber":66,"author":{"gitId":"ZesterJ"},"content":"                        System.out.println(\"Nice! I\u0027ve marked this task as done:\");","lastModifiedDate":"2026-01-25T19:33:59","isFullCredit":false},{"lineNumber":67,"author":{"gitId":"ZesterJ"},"content":"                        System.out.println(tasks[index].toString());","lastModifiedDate":"2026-02-01T13:10:05","isFullCredit":false},{"lineNumber":68,"author":{"gitId":"ZesterJ"},"content":"                        System.out.println(\"__________________________________\\n\");","lastModifiedDate":"2026-01-25T19:33:59","isFullCredit":false},{"lineNumber":69,"author":{"gitId":"ZesterJ"},"content":"                        break;","lastModifiedDate":"2026-01-25T19:33:59","isFullCredit":false},{"lineNumber":70,"author":{"gitId":"ZesterJ"},"content":"","lastModifiedDate":"2026-01-25T19:33:59","isFullCredit":false},{"lineNumber":71,"author":{"gitId":"ZesterJ"},"content":"                    case \"unmark\":","lastModifiedDate":"2026-01-25T19:33:59","isFullCredit":false},{"lineNumber":72,"author":{"gitId":"ZesterJ"},"content":"                        if (inputParts.length \u003c 2) {","lastModifiedDate":"2026-02-07T20:47:27","isFullCredit":false},{"lineNumber":73,"author":{"gitId":"ZesterJ"},"content":"                            throw new EveException(\"Please specify which task number to unmark.\");","lastModifiedDate":"2026-02-07T20:47:27","isFullCredit":false},{"lineNumber":74,"author":{"gitId":"ZesterJ"},"content":"                        }","lastModifiedDate":"2026-02-07T20:47:27","isFullCredit":false},{"lineNumber":75,"author":{"gitId":"ZesterJ"},"content":"                        int unmarkIndex \u003d Integer.parseInt(inputParts[1]) - 1;","lastModifiedDate":"2026-01-25T19:33:59","isFullCredit":false},{"lineNumber":76,"author":{"gitId":"ZesterJ"},"content":"                        if (unmarkIndex \u003c 0 || unmarkIndex \u003e\u003d taskCount) {","lastModifiedDate":"2026-02-07T20:47:27","isFullCredit":false},{"lineNumber":77,"author":{"gitId":"ZesterJ"},"content":"                            throw new EveException(\"The task number you provided is out of range.\");","lastModifiedDate":"2026-02-07T20:47:27","isFullCredit":false},{"lineNumber":78,"author":{"gitId":"ZesterJ"},"content":"                        }","lastModifiedDate":"2026-02-07T20:47:27","isFullCredit":false},{"lineNumber":79,"author":{"gitId":"ZesterJ"},"content":"                        tasks[unmarkIndex].markAsNotDone();","lastModifiedDate":"2026-01-25T19:33:59","isFullCredit":false},{"lineNumber":80,"author":{"gitId":"ZesterJ"},"content":"                        System.out.println(\"The following task will be marked as undone:\");","lastModifiedDate":"2026-01-25T19:33:59","isFullCredit":false},{"lineNumber":81,"author":{"gitId":"ZesterJ"},"content":"                        System.out.println(tasks[unmarkIndex].toString());","lastModifiedDate":"2026-02-01T13:10:05","isFullCredit":false},{"lineNumber":82,"author":{"gitId":"ZesterJ"},"content":"                        System.out.println(\"__________________________________\\n\");","lastModifiedDate":"2026-01-25T19:33:59","isFullCredit":false},{"lineNumber":83,"author":{"gitId":"ZesterJ"},"content":"                        break;","lastModifiedDate":"2026-01-25T19:33:59","isFullCredit":false},{"lineNumber":84,"author":{"gitId":"ZesterJ"},"content":"","lastModifiedDate":"2026-01-25T19:33:59","isFullCredit":false},{"lineNumber":85,"author":{"gitId":"ZesterJ"},"content":"                    case \"todo\":","lastModifiedDate":"2026-02-01T13:10:05","isFullCredit":false},{"lineNumber":86,"author":{"gitId":"ZesterJ"},"content":"                        if (inputParts.length \u003c 2 || inputParts[1].trim().isEmpty()) {","lastModifiedDate":"2026-02-07T20:47:27","isFullCredit":false},{"lineNumber":87,"author":{"gitId":"ZesterJ"},"content":"                            throw new MissingDescriptionException(\"todo\");","lastModifiedDate":"2026-02-07T20:47:27","isFullCredit":false},{"lineNumber":88,"author":{"gitId":"ZesterJ"},"content":"                        }","lastModifiedDate":"2026-02-07T20:47:27","isFullCredit":false},{"lineNumber":89,"author":{"gitId":"ZesterJ"},"content":"","lastModifiedDate":"2026-02-07T20:47:27","isFullCredit":false},{"lineNumber":90,"author":{"gitId":"ZesterJ"},"content":"                        String todoDescription \u003d inputParts[1];","lastModifiedDate":"2026-02-01T13:10:05","isFullCredit":false},{"lineNumber":91,"author":{"gitId":"ZesterJ"},"content":"                        tasks[taskCount] \u003d new ToDo(todoDescription);","lastModifiedDate":"2026-02-01T13:10:05","isFullCredit":false},{"lineNumber":92,"author":{"gitId":"ZesterJ"},"content":"                        System.out.println(\"Got it. I have added this task:\");","lastModifiedDate":"2026-02-01T13:10:05","isFullCredit":false},{"lineNumber":93,"author":{"gitId":"ZesterJ"},"content":"                        System.out.println(tasks[taskCount].toString());","lastModifiedDate":"2026-02-01T13:10:05","isFullCredit":false},{"lineNumber":94,"author":{"gitId":"ZesterJ"},"content":"                        System.out.println(\"__________________________________\\n\");","lastModifiedDate":"2026-02-01T13:10:05","isFullCredit":false},{"lineNumber":95,"author":{"gitId":"ZesterJ"},"content":"                        taskCount++;","lastModifiedDate":"2026-02-01T13:10:05","isFullCredit":false},{"lineNumber":96,"author":{"gitId":"ZesterJ"},"content":"                        break;","lastModifiedDate":"2026-02-01T13:10:05","isFullCredit":false},{"lineNumber":97,"author":{"gitId":"ZesterJ"},"content":"","lastModifiedDate":"2026-02-01T13:10:05","isFullCredit":false},{"lineNumber":98,"author":{"gitId":"ZesterJ"},"content":"                    case \"deadline\":","lastModifiedDate":"2026-02-01T13:10:05","isFullCredit":false},{"lineNumber":99,"author":{"gitId":"ZesterJ"},"content":"                        if (inputParts.length \u003c 2 || inputParts[1].trim().isEmpty()) {","lastModifiedDate":"2026-02-07T20:47:27","isFullCredit":false},{"lineNumber":100,"author":{"gitId":"ZesterJ"},"content":"                            throw new MissingDescriptionException(\"deadline\");","lastModifiedDate":"2026-02-07T20:47:27","isFullCredit":false},{"lineNumber":101,"author":{"gitId":"ZesterJ"},"content":"                        }","lastModifiedDate":"2026-02-07T20:47:27","isFullCredit":false},{"lineNumber":102,"author":{"gitId":"ZesterJ"},"content":"","lastModifiedDate":"2026-02-07T20:47:27","isFullCredit":false},{"lineNumber":103,"author":{"gitId":"ZesterJ"},"content":"                        String[] deadlinesParam \u003d inputParts[1].split(\"/\", 2);","lastModifiedDate":"2026-02-01T13:10:05","isFullCredit":false},{"lineNumber":104,"author":{"gitId":"ZesterJ"},"content":"                        tasks[taskCount] \u003d new Deadline(deadlinesParam[0], deadlinesParam[1]);","lastModifiedDate":"2026-02-01T13:10:05","isFullCredit":false},{"lineNumber":105,"author":{"gitId":"ZesterJ"},"content":"                        System.out.println(\"Got it. I have added this task:\");","lastModifiedDate":"2026-02-01T13:10:05","isFullCredit":false},{"lineNumber":106,"author":{"gitId":"ZesterJ"},"content":"                        System.out.println(tasks[taskCount].toString());","lastModifiedDate":"2026-02-01T13:10:05","isFullCredit":false},{"lineNumber":107,"author":{"gitId":"ZesterJ"},"content":"                        System.out.println(\"__________________________________\\n\");","lastModifiedDate":"2026-02-01T13:10:05","isFullCredit":false},{"lineNumber":108,"author":{"gitId":"ZesterJ"},"content":"                        taskCount++;","lastModifiedDate":"2026-02-01T13:10:05","isFullCredit":false},{"lineNumber":109,"author":{"gitId":"ZesterJ"},"content":"                        break;","lastModifiedDate":"2026-02-01T13:10:05","isFullCredit":false},{"lineNumber":110,"author":{"gitId":"ZesterJ"},"content":"","lastModifiedDate":"2026-02-01T13:10:05","isFullCredit":false},{"lineNumber":111,"author":{"gitId":"ZesterJ"},"content":"                    case \"event\":","lastModifiedDate":"2026-02-01T13:10:05","isFullCredit":false},{"lineNumber":112,"author":{"gitId":"ZesterJ"},"content":"                        if (inputParts.length \u003c 2 || inputParts[1].trim().isEmpty()) {","lastModifiedDate":"2026-02-07T20:47:27","isFullCredit":false},{"lineNumber":113,"author":{"gitId":"ZesterJ"},"content":"                            throw new MissingDescriptionException(\"event\");","lastModifiedDate":"2026-02-07T20:47:27","isFullCredit":false},{"lineNumber":114,"author":{"gitId":"ZesterJ"},"content":"                        }","lastModifiedDate":"2026-02-07T20:47:27","isFullCredit":false},{"lineNumber":115,"author":{"gitId":"ZesterJ"},"content":"","lastModifiedDate":"2026-02-07T20:47:27","isFullCredit":false},{"lineNumber":116,"author":{"gitId":"ZesterJ"},"content":"                        String[] eventsParam \u003d inputParts[1].split(\"/\", 3);","lastModifiedDate":"2026-02-01T13:10:05","isFullCredit":false},{"lineNumber":117,"author":{"gitId":"ZesterJ"},"content":"                        tasks[taskCount] \u003d new Event(eventsParam[0], eventsParam[1], eventsParam[2]);","lastModifiedDate":"2026-02-01T13:10:05","isFullCredit":false},{"lineNumber":118,"author":{"gitId":"ZesterJ"},"content":"                        System.out.println(\"Got it. I have added this task:\");","lastModifiedDate":"2026-02-01T13:10:05","isFullCredit":false},{"lineNumber":119,"author":{"gitId":"ZesterJ"},"content":"                        System.out.println(tasks[taskCount].toString());","lastModifiedDate":"2026-02-01T13:10:05","isFullCredit":false},{"lineNumber":120,"author":{"gitId":"ZesterJ"},"content":"                        System.out.println(\"__________________________________\\n\");","lastModifiedDate":"2026-02-01T13:10:05","isFullCredit":false},{"lineNumber":121,"author":{"gitId":"ZesterJ"},"content":"                        taskCount++;","lastModifiedDate":"2026-02-01T13:10:05","isFullCredit":false},{"lineNumber":122,"author":{"gitId":"ZesterJ"},"content":"                        break;","lastModifiedDate":"2026-02-01T13:10:05","isFullCredit":false},{"lineNumber":123,"author":{"gitId":"ZesterJ"},"content":"","lastModifiedDate":"2026-02-01T13:10:05","isFullCredit":false},{"lineNumber":124,"author":{"gitId":"ZesterJ"},"content":"                    default:","lastModifiedDate":"2026-01-23T17:25:43","isFullCredit":false},{"lineNumber":125,"author":{"gitId":"ZesterJ"},"content":"                        throw new UnknownCommandException();","lastModifiedDate":"2026-02-07T20:47:27","isFullCredit":false},{"lineNumber":126,"author":{"gitId":"ZesterJ"},"content":"                }","lastModifiedDate":"2026-02-07T20:47:27","isFullCredit":false},{"lineNumber":127,"author":{"gitId":"ZesterJ"},"content":"            } catch (EveException e) {","lastModifiedDate":"2026-02-07T20:47:27","isFullCredit":false},{"lineNumber":128,"author":{"gitId":"ZesterJ"},"content":"                System.out.println(\"⚠️  \" + e.getMessage());","lastModifiedDate":"2026-02-07T20:47:27","isFullCredit":false},{"lineNumber":129,"author":{"gitId":"ZesterJ"},"content":"                System.out.println(\"__________________________________\\n\");","lastModifiedDate":"2026-02-07T20:47:27","isFullCredit":false},{"lineNumber":130,"author":{"gitId":"ZesterJ"},"content":"            } catch (ArrayIndexOutOfBoundsException e) {","lastModifiedDate":"2026-02-07T20:47:27","isFullCredit":false},{"lineNumber":131,"author":{"gitId":"ZesterJ"},"content":"                System.out.println(","lastModifiedDate":"2026-02-07T20:47:27","isFullCredit":false},{"lineNumber":132,"author":{"gitId":"ZesterJ"},"content":"                        \"EVE ERROR: It seems like some information is missing. Please check your command and try again.\");","lastModifiedDate":"2026-02-07T20:47:27","isFullCredit":false},{"lineNumber":133,"author":{"gitId":"ZesterJ"},"content":"                System.out.println(\"__________________________________\\n\");","lastModifiedDate":"2026-02-07T20:47:27","isFullCredit":false},{"lineNumber":134,"author":{"gitId":"ZesterJ"},"content":"            } catch (NumberFormatException e) {","lastModifiedDate":"2026-02-07T20:47:27","isFullCredit":false},{"lineNumber":135,"author":{"gitId":"ZesterJ"},"content":"                System.out.println(\"EVE ERROR: Please enter a valid task number.\");","lastModifiedDate":"2026-02-07T20:47:27","isFullCredit":false},{"lineNumber":136,"author":{"gitId":"ZesterJ"},"content":"                System.out.println(\"__________________________________\\n\");","lastModifiedDate":"2026-01-23T17:25:43","isFullCredit":false},{"lineNumber":137,"author":{"gitId":"ZesterJ"},"content":"            }","lastModifiedDate":"2026-01-23T17:25:43","isFullCredit":false},{"lineNumber":138,"author":{"gitId":"ZesterJ"},"content":"        }","lastModifiedDate":"2026-01-23T17:25:43","isFullCredit":false},{"lineNumber":139,"author":{"gitId":"ZesterJ"},"content":"    }","lastModifiedDate":"2026-01-17T20:52:07","isFullCredit":false},{"lineNumber":140,"author":{"gitId":"ZesterJ"},"content":"}","lastModifiedDate":"2026-01-17T20:52:07","isFullCredit":false}],"authorContributionMap":{"ZesterJ":140}},{"path":"src/main/java/exceptions/EveException.java","fileType":"java","lines":[{"lineNumber":1,"author":{"gitId":"ZesterJ"},"content":"package exceptions;","lastModifiedDate":"2026-02-07T20:47:27","isFullCredit":false},{"lineNumber":2,"author":{"gitId":"ZesterJ"},"content":"","lastModifiedDate":"2026-02-07T20:47:27","isFullCredit":false},{"lineNumber":3,"author":{"gitId":"ZesterJ"},"content":"public class EveException extends Exception {","lastModifiedDate":"2026-02-07T20:47:27","isFullCredit":false},{"lineNumber":4,"author":{"gitId":"ZesterJ"},"content":"    public EveException(String message) {","lastModifiedDate":"2026-02-07T20:47:27","isFullCredit":false},{"lineNumber":5,"author":{"gitId":"ZesterJ"},"content":"        // Adds a consistent prefix to all Eve\u0027s errors","lastModifiedDate":"2026-02-07T20:47:27","isFullCredit":false},{"lineNumber":6,"author":{"gitId":"ZesterJ"},"content":"        super(\"EVE ERROR: \" + message);","lastModifiedDate":"2026-02-07T20:47:27","isFullCredit":false},{"lineNumber":7,"author":{"gitId":"ZesterJ"},"content":"    }","lastModifiedDate":"2026-02-07T20:47:27","isFullCredit":false},{"lineNumber":8,"author":{"gitId":"ZesterJ"},"content":"}","lastModifiedDate":"2026-02-07T20:47:27","isFullCredit":false}],"authorContributionMap":{"ZesterJ":8}},{"path":"src/main/java/exceptions/MissingDescriptionException.java","fileType":"java","lines":[{"lineNumber":1,"author":{"gitId":"ZesterJ"},"content":"package exceptions;","lastModifiedDate":"2026-02-07T20:47:27","isFullCredit":false},{"lineNumber":2,"author":{"gitId":"ZesterJ"},"content":"","lastModifiedDate":"2026-02-07T20:47:27","isFullCredit":false},{"lineNumber":3,"author":{"gitId":"ZesterJ"},"content":"public class MissingDescriptionException extends EveException {","lastModifiedDate":"2026-02-07T20:47:27","isFullCredit":false},{"lineNumber":4,"author":{"gitId":"ZesterJ"},"content":"    public MissingDescriptionException(String command) {","lastModifiedDate":"2026-02-07T20:47:27","isFullCredit":false},{"lineNumber":5,"author":{"gitId":"ZesterJ"},"content":"        super(\"The description of a \" + command + \" cannot be empty.\");","lastModifiedDate":"2026-02-07T20:47:27","isFullCredit":false},{"lineNumber":6,"author":{"gitId":"ZesterJ"},"content":"    }","lastModifiedDate":"2026-02-07T20:47:27","isFullCredit":false},{"lineNumber":7,"author":{"gitId":"ZesterJ"},"content":"}","lastModifiedDate":"2026-02-07T20:47:27","isFullCredit":false}],"authorContributionMap":{"ZesterJ":7}},{"path":"src/main/java/exceptions/UnknownCommandException.java","fileType":"java","lines":[{"lineNumber":1,"author":{"gitId":"ZesterJ"},"content":"package exceptions;","lastModifiedDate":"2026-02-07T20:47:27","isFullCredit":false},{"lineNumber":2,"author":{"gitId":"ZesterJ"},"content":"","lastModifiedDate":"2026-02-07T20:47:27","isFullCredit":false},{"lineNumber":3,"author":{"gitId":"ZesterJ"},"content":"public class UnknownCommandException extends EveException {","lastModifiedDate":"2026-02-07T20:47:27","isFullCredit":false},{"lineNumber":4,"author":{"gitId":"ZesterJ"},"content":"    public UnknownCommandException() {","lastModifiedDate":"2026-02-07T20:47:27","isFullCredit":false},{"lineNumber":5,"author":{"gitId":"ZesterJ"},"content":"        super(\"I\u0027m sorry, but I don\u0027t recognize that command. Perhaps you could try (\u0027todo, \u0027deadline\u0027, or \u0027event\u0027).\");","lastModifiedDate":"2026-02-07T20:47:27","isFullCredit":false},{"lineNumber":6,"author":{"gitId":"ZesterJ"},"content":"    }","lastModifiedDate":"2026-02-07T20:47:27","isFullCredit":false},{"lineNumber":7,"author":{"gitId":"ZesterJ"},"content":"}","lastModifiedDate":"2026-02-07T20:47:27","isFullCredit":false}],"authorContributionMap":{"ZesterJ":7}},{"path":"src/main/java/tasks/Deadline.java","fileType":"java","lines":[{"lineNumber":1,"author":{"gitId":"ZesterJ"},"content":"package tasks;","lastModifiedDate":"2026-02-07T20:47:27","isFullCredit":false},{"lineNumber":2,"author":{"gitId":"ZesterJ"},"content":"","lastModifiedDate":"2026-02-07T20:47:27","isFullCredit":false},{"lineNumber":3,"author":{"gitId":"ZesterJ"},"content":"public class Deadline extends Task {","lastModifiedDate":"2026-02-01T13:10:05","isFullCredit":false},{"lineNumber":4,"author":{"gitId":"ZesterJ"},"content":"    public String dueBy;","lastModifiedDate":"2026-02-01T13:10:05","isFullCredit":false},{"lineNumber":5,"author":{"gitId":"ZesterJ"},"content":"","lastModifiedDate":"2026-02-01T13:10:05","isFullCredit":false},{"lineNumber":6,"author":{"gitId":"ZesterJ"},"content":"    public Deadline(String description, String dueBy) {","lastModifiedDate":"2026-02-01T13:10:05","isFullCredit":false},{"lineNumber":7,"author":{"gitId":"ZesterJ"},"content":"        super(description);","lastModifiedDate":"2026-02-01T13:10:05","isFullCredit":false},{"lineNumber":8,"author":{"gitId":"ZesterJ"},"content":"        this.dueBy \u003d dueBy;","lastModifiedDate":"2026-02-01T13:10:05","isFullCredit":false},{"lineNumber":9,"author":{"gitId":"ZesterJ"},"content":"    }","lastModifiedDate":"2026-02-01T13:10:05","isFullCredit":false},{"lineNumber":10,"author":{"gitId":"ZesterJ"},"content":"","lastModifiedDate":"2026-02-01T13:10:05","isFullCredit":false},{"lineNumber":11,"author":{"gitId":"ZesterJ"},"content":"    @Override","lastModifiedDate":"2026-02-01T13:10:05","isFullCredit":false},{"lineNumber":12,"author":{"gitId":"ZesterJ"},"content":"    public String toString() {","lastModifiedDate":"2026-02-01T13:10:05","isFullCredit":false},{"lineNumber":13,"author":{"gitId":"ZesterJ"},"content":"        return \"[D]\" + super.toString() + \"(by: \" + dueBy + \")\";","lastModifiedDate":"2026-02-01T13:10:05","isFullCredit":false},{"lineNumber":14,"author":{"gitId":"ZesterJ"},"content":"    }","lastModifiedDate":"2026-02-01T13:10:05","isFullCredit":false},{"lineNumber":15,"author":{"gitId":"ZesterJ"},"content":"","lastModifiedDate":"2026-02-01T13:10:05","isFullCredit":false},{"lineNumber":16,"author":{"gitId":"ZesterJ"},"content":"}","lastModifiedDate":"2026-02-01T13:10:05","isFullCredit":false}],"authorContributionMap":{"ZesterJ":16}},{"path":"src/main/java/tasks/Event.java","fileType":"java","lines":[{"lineNumber":1,"author":{"gitId":"ZesterJ"},"content":"package tasks;","lastModifiedDate":"2026-02-07T20:47:27","isFullCredit":false},{"lineNumber":2,"author":{"gitId":"ZesterJ"},"content":"","lastModifiedDate":"2026-02-07T20:47:27","isFullCredit":false},{"lineNumber":3,"author":{"gitId":"ZesterJ"},"content":"public class Event extends Task {","lastModifiedDate":"2026-02-01T13:10:05","isFullCredit":false},{"lineNumber":4,"author":{"gitId":"ZesterJ"},"content":"    public String startBy;","lastModifiedDate":"2026-02-01T13:10:05","isFullCredit":false},{"lineNumber":5,"author":{"gitId":"ZesterJ"},"content":"    public String endBy;","lastModifiedDate":"2026-02-01T13:10:05","isFullCredit":false},{"lineNumber":6,"author":{"gitId":"ZesterJ"},"content":"","lastModifiedDate":"2026-02-01T13:10:05","isFullCredit":false},{"lineNumber":7,"author":{"gitId":"ZesterJ"},"content":"    public Event(String description, String startBy, String endBy) {","lastModifiedDate":"2026-02-01T13:10:05","isFullCredit":false},{"lineNumber":8,"author":{"gitId":"ZesterJ"},"content":"        super(description);","lastModifiedDate":"2026-02-01T13:10:05","isFullCredit":false},{"lineNumber":9,"author":{"gitId":"ZesterJ"},"content":"        this.startBy \u003d startBy;","lastModifiedDate":"2026-02-01T13:10:05","isFullCredit":false},{"lineNumber":10,"author":{"gitId":"ZesterJ"},"content":"        this.endBy \u003d endBy;","lastModifiedDate":"2026-02-01T13:10:05","isFullCredit":false},{"lineNumber":11,"author":{"gitId":"ZesterJ"},"content":"    }","lastModifiedDate":"2026-02-01T13:10:05","isFullCredit":false},{"lineNumber":12,"author":{"gitId":"ZesterJ"},"content":"","lastModifiedDate":"2026-02-01T13:10:05","isFullCredit":false},{"lineNumber":13,"author":{"gitId":"ZesterJ"},"content":"    @Override","lastModifiedDate":"2026-02-01T13:10:05","isFullCredit":false},{"lineNumber":14,"author":{"gitId":"ZesterJ"},"content":"    public String toString() {","lastModifiedDate":"2026-02-01T13:10:05","isFullCredit":false},{"lineNumber":15,"author":{"gitId":"ZesterJ"},"content":"        return \"[E]\" + super.toString() + \"(from: \" + startBy + \" to: \" + endBy + \")\";","lastModifiedDate":"2026-02-01T13:10:05","isFullCredit":false},{"lineNumber":16,"author":{"gitId":"ZesterJ"},"content":"    }","lastModifiedDate":"2026-02-01T13:10:05","isFullCredit":false},{"lineNumber":17,"author":{"gitId":"ZesterJ"},"content":"","lastModifiedDate":"2026-02-01T13:10:05","isFullCredit":false},{"lineNumber":18,"author":{"gitId":"ZesterJ"},"content":"}","lastModifiedDate":"2026-02-01T13:10:05","isFullCredit":false}],"authorContributionMap":{"ZesterJ":18}},{"path":"src/main/java/tasks/Task.java","fileType":"java","lines":[{"lineNumber":1,"author":{"gitId":"ZesterJ"},"content":"package tasks;","lastModifiedDate":"2026-02-07T20:47:27","isFullCredit":false},{"lineNumber":2,"author":{"gitId":"ZesterJ"},"content":"","lastModifiedDate":"2026-02-07T20:47:27","isFullCredit":false},{"lineNumber":3,"author":{"gitId":"ZesterJ"},"content":"public class Task {","lastModifiedDate":"2026-01-25T19:33:59","isFullCredit":false},{"lineNumber":4,"author":{"gitId":"ZesterJ"},"content":"    protected String description;","lastModifiedDate":"2026-01-25T19:33:59","isFullCredit":false},{"lineNumber":5,"author":{"gitId":"ZesterJ"},"content":"    protected boolean isDone;","lastModifiedDate":"2026-01-25T19:33:59","isFullCredit":false},{"lineNumber":6,"author":{"gitId":"ZesterJ"},"content":"","lastModifiedDate":"2026-01-25T19:33:59","isFullCredit":false},{"lineNumber":7,"author":{"gitId":"ZesterJ"},"content":"    public Task(String description) {","lastModifiedDate":"2026-01-25T19:33:59","isFullCredit":false},{"lineNumber":8,"author":{"gitId":"ZesterJ"},"content":"        this.description \u003d description;","lastModifiedDate":"2026-01-25T19:33:59","isFullCredit":false},{"lineNumber":9,"author":{"gitId":"ZesterJ"},"content":"        this.isDone \u003d false;","lastModifiedDate":"2026-01-25T19:33:59","isFullCredit":false},{"lineNumber":10,"author":{"gitId":"ZesterJ"},"content":"    }","lastModifiedDate":"2026-01-25T19:33:59","isFullCredit":false},{"lineNumber":11,"author":{"gitId":"ZesterJ"},"content":"","lastModifiedDate":"2026-01-25T19:33:59","isFullCredit":false},{"lineNumber":12,"author":{"gitId":"ZesterJ"},"content":"    public String getStatusIcon() {","lastModifiedDate":"2026-02-01T13:10:05","isFullCredit":false},{"lineNumber":13,"author":{"gitId":"ZesterJ"},"content":"        return (isDone ? \"X\" : \" \");","lastModifiedDate":"2026-01-25T19:33:59","isFullCredit":false},{"lineNumber":14,"author":{"gitId":"ZesterJ"},"content":"    }","lastModifiedDate":"2026-01-25T19:33:59","isFullCredit":false},{"lineNumber":15,"author":{"gitId":"ZesterJ"},"content":"","lastModifiedDate":"2026-01-25T19:33:59","isFullCredit":false},{"lineNumber":16,"author":{"gitId":"ZesterJ"},"content":"    public void markAsDone() {","lastModifiedDate":"2026-01-25T19:33:59","isFullCredit":false},{"lineNumber":17,"author":{"gitId":"ZesterJ"},"content":"        this.isDone \u003d true;","lastModifiedDate":"2026-01-25T19:33:59","isFullCredit":false},{"lineNumber":18,"author":{"gitId":"ZesterJ"},"content":"    }","lastModifiedDate":"2026-01-25T19:33:59","isFullCredit":false},{"lineNumber":19,"author":{"gitId":"ZesterJ"},"content":"","lastModifiedDate":"2026-01-25T19:33:59","isFullCredit":false},{"lineNumber":20,"author":{"gitId":"ZesterJ"},"content":"    public void markAsNotDone() {","lastModifiedDate":"2026-01-25T19:33:59","isFullCredit":false},{"lineNumber":21,"author":{"gitId":"ZesterJ"},"content":"        this.isDone \u003d false;","lastModifiedDate":"2026-01-25T19:33:59","isFullCredit":false},{"lineNumber":22,"author":{"gitId":"ZesterJ"},"content":"    }","lastModifiedDate":"2026-01-25T19:33:59","isFullCredit":false},{"lineNumber":23,"author":{"gitId":"ZesterJ"},"content":"","lastModifiedDate":"2026-02-01T13:10:05","isFullCredit":false},{"lineNumber":24,"author":{"gitId":"ZesterJ"},"content":"    @Override","lastModifiedDate":"2026-02-01T13:10:05","isFullCredit":false},{"lineNumber":25,"author":{"gitId":"ZesterJ"},"content":"    public String toString() {","lastModifiedDate":"2026-02-01T13:10:05","isFullCredit":false},{"lineNumber":26,"author":{"gitId":"ZesterJ"},"content":"        String done;","lastModifiedDate":"2026-02-01T13:10:05","isFullCredit":false},{"lineNumber":27,"author":{"gitId":"ZesterJ"},"content":"        if (isDone) {","lastModifiedDate":"2026-02-01T13:10:05","isFullCredit":false},{"lineNumber":28,"author":{"gitId":"ZesterJ"},"content":"            done \u003d \"X\";","lastModifiedDate":"2026-02-01T13:10:05","isFullCredit":false},{"lineNumber":29,"author":{"gitId":"ZesterJ"},"content":"        } else {","lastModifiedDate":"2026-02-01T13:10:05","isFullCredit":false},{"lineNumber":30,"author":{"gitId":"ZesterJ"},"content":"            done \u003d \" \";","lastModifiedDate":"2026-02-01T13:10:05","isFullCredit":false},{"lineNumber":31,"author":{"gitId":"ZesterJ"},"content":"        }","lastModifiedDate":"2026-02-01T13:10:05","isFullCredit":false},{"lineNumber":32,"author":{"gitId":"ZesterJ"},"content":"","lastModifiedDate":"2026-02-01T13:10:05","isFullCredit":false},{"lineNumber":33,"author":{"gitId":"ZesterJ"},"content":"        return \" [\" + done + \"] \" + description;","lastModifiedDate":"2026-02-01T13:10:05","isFullCredit":false},{"lineNumber":34,"author":{"gitId":"ZesterJ"},"content":"    }","lastModifiedDate":"2026-02-01T13:10:05","isFullCredit":false},{"lineNumber":35,"author":{"gitId":"ZesterJ"},"content":"}","lastModifiedDate":"2026-01-25T19:33:59","isFullCredit":false}],"authorContributionMap":{"ZesterJ":35}},{"path":"src/main/java/tasks/ToDo.java","fileType":"java","lines":[{"lineNumber":1,"author":{"gitId":"ZesterJ"},"content":"package tasks;","lastModifiedDate":"2026-02-07T20:47:27","isFullCredit":false},{"lineNumber":2,"author":{"gitId":"ZesterJ"},"content":"","lastModifiedDate":"2026-02-07T20:47:27","isFullCredit":false},{"lineNumber":3,"author":{"gitId":"ZesterJ"},"content":"public class ToDo extends Task {","lastModifiedDate":"2026-02-01T13:10:05","isFullCredit":false},{"lineNumber":4,"author":{"gitId":"ZesterJ"},"content":"    public ToDo(String description) {","lastModifiedDate":"2026-02-01T13:10:05","isFullCredit":false},{"lineNumber":5,"author":{"gitId":"ZesterJ"},"content":"        super(description);","lastModifiedDate":"2026-02-01T13:10:05","isFullCredit":false},{"lineNumber":6,"author":{"gitId":"ZesterJ"},"content":"    }","lastModifiedDate":"2026-02-01T13:10:05","isFullCredit":false},{"lineNumber":7,"author":{"gitId":"ZesterJ"},"content":"","lastModifiedDate":"2026-02-01T13:10:05","isFullCredit":false},{"lineNumber":8,"author":{"gitId":"ZesterJ"},"content":"    @Override","lastModifiedDate":"2026-02-01T13:10:05","isFullCredit":false},{"lineNumber":9,"author":{"gitId":"ZesterJ"},"content":"    public String toString() {","lastModifiedDate":"2026-02-01T13:10:05","isFullCredit":false},{"lineNumber":10,"author":{"gitId":"ZesterJ"},"content":"        return \"[T]\" + super.toString();","lastModifiedDate":"2026-02-01T13:10:05","isFullCredit":false},{"lineNumber":11,"author":{"gitId":"ZesterJ"},"content":"    }","lastModifiedDate":"2026-02-01T13:10:05","isFullCredit":false},{"lineNumber":12,"author":{"gitId":"ZesterJ"},"content":"}","lastModifiedDate":"2026-02-01T13:10:05","isFullCredit":false}],"authorContributionMap":{"ZesterJ":12}}]
