{"authorDailyContributionsMap":{"bryankuah":[{"date":"2026-01-29T00:00:00","commitResults":[{"hash":"1a0b684858b120aa8b00456351438bfba1338a4a","isMergeCommit":false,"messageTitle":"Implemented Rename, Greet, Exit for Nig Chatbot","messageBody":"","fileTypesAndContributionMap":{"java":{"insertions":11,"deletions":10}}},{"hash":"a4d383c3f74edb175145101397d8fff9b91befda","isMergeCommit":false,"messageTitle":"Renamed Duke to NIG","messageBody":"","fileTypesAndContributionMap":{"bat":{"insertions":1,"deletions":1},"md":{"insertions":3,"deletions":3}}},{"hash":"f3552d9cdbb5d1c6708889833587582b37c5d29f","isMergeCommit":false,"messageTitle":"Added Echo function to NIG","messageBody":"","fileTypesAndContributionMap":{"java":{"insertions":22,"deletions":2}}}]},{"date":"2026-02-02T00:00:00","commitResults":[{"hash":"a15ab1b77192ac23be34d66f06bead9929f9866e","isMergeCommit":false,"messageTitle":"Store text entered by user, display when requested","messageBody":"","fileTypesAndContributionMap":{"java":{"insertions":14,"deletions":1}}},{"hash":"3aa39bf993377ca1ec38c549750a31619049acee","isMergeCommit":false,"messageTitle":"Add the ability to mark tasks as done or undone","messageBody":"Created a Task class to track \"isDone\" for each object\nNig chatbot now looks out for \"mark\" or \"unmark\" and will set isDone\nto true or false for the respective task number\n","fileTypesAndContributionMap":{"java":{"insertions":48,"deletions":3}}},{"hash":"bedbf5a9081450a9198776ec69421acc0fee20b8","isMergeCommit":false,"messageTitle":"Tweak code to comply with coding standards","messageBody":"","fileTypesAndContributionMap":{"java":{"insertions":12,"deletions":12}}}]}]},"authorFileTypeContributionMap":{"bryankuah":{"java":89,"md":3,"fxml":0,"sh":0,"bat":1,"gradle":0,"txt":0}},"authorContributionVariance":{"bryankuah":403.6416},"authorDisplayNameMap":{"bryankuah":"CS2113-T11-3 KUAH..RYAN"}}
