[{"path":"src/main/java/Task.java","fileType":"java","lines":[{"lineNumber":1,"author":{"gitId":"ryanzx-zone"},"content":"public class Task {","lastModifiedDate":"2026-01-30T22:54:07","isFullCredit":false},{"lineNumber":2,"author":{"gitId":"ryanzx-zone"},"content":"    private String description;","lastModifiedDate":"2026-01-30T22:54:07","isFullCredit":false},{"lineNumber":3,"author":{"gitId":"ryanzx-zone"},"content":"    private boolean isDone;","lastModifiedDate":"2026-01-30T22:54:07","isFullCredit":false},{"lineNumber":4,"author":{"gitId":"ryanzx-zone"},"content":"","lastModifiedDate":"2026-01-30T22:54:07","isFullCredit":false},{"lineNumber":5,"author":{"gitId":"ryanzx-zone"},"content":"    public Task(String description) {","lastModifiedDate":"2026-01-30T22:54:07","isFullCredit":false},{"lineNumber":6,"author":{"gitId":"ryanzx-zone"},"content":"        this.description \u003d description;","lastModifiedDate":"2026-01-30T22:54:07","isFullCredit":false},{"lineNumber":7,"author":{"gitId":"ryanzx-zone"},"content":"        isDone \u003d false;","lastModifiedDate":"2026-01-30T22:54:07","isFullCredit":false},{"lineNumber":8,"author":{"gitId":"ryanzx-zone"},"content":"    }","lastModifiedDate":"2026-01-30T22:54:07","isFullCredit":false},{"lineNumber":9,"author":{"gitId":"ryanzx-zone"},"content":"","lastModifiedDate":"2026-01-30T22:54:07","isFullCredit":false},{"lineNumber":10,"author":{"gitId":"ryanzx-zone"},"content":"    public void markAsDone() {","lastModifiedDate":"2026-01-30T22:54:07","isFullCredit":false},{"lineNumber":11,"author":{"gitId":"ryanzx-zone"},"content":"        isDone \u003d true;","lastModifiedDate":"2026-01-30T22:54:07","isFullCredit":false},{"lineNumber":12,"author":{"gitId":"ryanzx-zone"},"content":"    }","lastModifiedDate":"2026-01-30T22:54:07","isFullCredit":false},{"lineNumber":13,"author":{"gitId":"ryanzx-zone"},"content":"","lastModifiedDate":"2026-01-30T22:54:07","isFullCredit":false},{"lineNumber":14,"author":{"gitId":"ryanzx-zone"},"content":"    public void markAsNotDone() {","lastModifiedDate":"2026-01-30T22:54:07","isFullCredit":false},{"lineNumber":15,"author":{"gitId":"ryanzx-zone"},"content":"        isDone \u003d false;","lastModifiedDate":"2026-01-30T22:54:07","isFullCredit":false},{"lineNumber":16,"author":{"gitId":"ryanzx-zone"},"content":"    }","lastModifiedDate":"2026-01-30T22:54:07","isFullCredit":false},{"lineNumber":17,"author":{"gitId":"ryanzx-zone"},"content":"","lastModifiedDate":"2026-01-30T22:54:07","isFullCredit":false},{"lineNumber":18,"author":{"gitId":"ryanzx-zone"},"content":"    @Override","lastModifiedDate":"2026-01-30T22:54:07","isFullCredit":false},{"lineNumber":19,"author":{"gitId":"ryanzx-zone"},"content":"    public String toString() {","lastModifiedDate":"2026-01-30T22:54:07","isFullCredit":false},{"lineNumber":20,"author":{"gitId":"ryanzx-zone"},"content":"        String statusIcon \u003d isDone ? \"X\" : \" \";","lastModifiedDate":"2026-01-30T22:54:07","isFullCredit":false},{"lineNumber":21,"author":{"gitId":"ryanzx-zone"},"content":"        return \"[\" + statusIcon + \"] \" + description;","lastModifiedDate":"2026-01-30T22:54:07","isFullCredit":false},{"lineNumber":22,"author":{"gitId":"ryanzx-zone"},"content":"    }","lastModifiedDate":"2026-01-30T22:54:07","isFullCredit":false},{"lineNumber":23,"author":{"gitId":"ryanzx-zone"},"content":"}","lastModifiedDate":"2026-01-30T22:54:07","isFullCredit":false},{"lineNumber":24,"author":{"gitId":"ryanzx-zone"},"content":"","lastModifiedDate":"2026-01-30T22:54:07","isFullCredit":false}],"authorContributionMap":{"ryanzx-zone":24}},{"path":"src/main/java/Vigil.java","fileType":"java","lines":[{"lineNumber":1,"author":{"gitId":"ryanzx-zone"},"content":"import java.util.Scanner;","lastModifiedDate":"2026-01-30T18:33:04","isFullCredit":false},{"lineNumber":2,"author":{"gitId":"ryanzx-zone"},"content":"","lastModifiedDate":"2026-01-30T18:33:04","isFullCredit":false},{"lineNumber":3,"author":{"gitId":"ryanzx-zone"},"content":"public class Vigil {","lastModifiedDate":"2026-01-18T18:07:07","isFullCredit":false},{"lineNumber":4,"author":{"gitId":"ryanzx-zone"},"content":"    public static void main(String[] args) {","lastModifiedDate":"2026-01-18T18:07:07","isFullCredit":false},{"lineNumber":5,"author":{"gitId":"ryanzx-zone"},"content":"        String logo \u003d \"\"\"","lastModifiedDate":"2026-01-18T18:07:07","isFullCredit":false},{"lineNumber":6,"author":{"gitId":"ryanzx-zone"},"content":"                ██╗   ██╗██╗ ██████╗ ██╗██╗","lastModifiedDate":"2026-01-18T18:07:07","isFullCredit":false},{"lineNumber":7,"author":{"gitId":"ryanzx-zone"},"content":"                ██║   ██║██║██╔════╝ ██║██║","lastModifiedDate":"2026-01-18T18:07:07","isFullCredit":false},{"lineNumber":8,"author":{"gitId":"ryanzx-zone"},"content":"                ██║   ██║██║██║  ███╗██║██║","lastModifiedDate":"2026-01-18T18:07:07","isFullCredit":false},{"lineNumber":9,"author":{"gitId":"ryanzx-zone"},"content":"                ╚██╗ ██╔╝██║██║   ██║██║██║","lastModifiedDate":"2026-01-18T18:07:07","isFullCredit":false},{"lineNumber":10,"author":{"gitId":"ryanzx-zone"},"content":"                 ╚████╔╝ ██║╚██████╔╝██║███████╗","lastModifiedDate":"2026-01-18T18:07:07","isFullCredit":false},{"lineNumber":11,"author":{"gitId":"ryanzx-zone"},"content":"                  ╚═══╝  ╚═╝ ╚═════╝ ╚═╝╚══════╝","lastModifiedDate":"2026-01-18T18:07:07","isFullCredit":false},{"lineNumber":12,"author":{"gitId":"ryanzx-zone"},"content":"                \"\"\";","lastModifiedDate":"2026-01-18T18:07:07","isFullCredit":false},{"lineNumber":13,"author":{"gitId":"ryanzx-zone"},"content":"","lastModifiedDate":"2026-01-18T18:07:07","isFullCredit":false},{"lineNumber":14,"author":{"gitId":"ryanzx-zone"},"content":"","lastModifiedDate":"2026-01-18T18:07:07","isFullCredit":false},{"lineNumber":15,"author":{"gitId":"ryanzx-zone"},"content":"        System.out.println(logo);","lastModifiedDate":"2026-01-18T18:07:07","isFullCredit":false},{"lineNumber":16,"author":{"gitId":"ryanzx-zone"},"content":"        System.out.println(\"____________________________________________________________\");","lastModifiedDate":"2026-01-18T18:07:07","isFullCredit":false},{"lineNumber":17,"author":{"gitId":"ryanzx-zone"},"content":"        System.out.println(\"Hello! Vigil is online.\");","lastModifiedDate":"2026-01-30T22:54:07","isFullCredit":false},{"lineNumber":18,"author":{"gitId":"ryanzx-zone"},"content":"        System.out.println(\"What can I do for you today?\");","lastModifiedDate":"2026-01-18T18:07:07","isFullCredit":false},{"lineNumber":19,"author":{"gitId":"ryanzx-zone"},"content":"        System.out.println(\"____________________________________________________________\");","lastModifiedDate":"2026-01-30T18:33:04","isFullCredit":false},{"lineNumber":20,"author":{"gitId":"ryanzx-zone"},"content":"","lastModifiedDate":"2026-01-30T18:33:04","isFullCredit":false},{"lineNumber":21,"author":{"gitId":"ryanzx-zone"},"content":"        Scanner scanner \u003d new Scanner(System.in);","lastModifiedDate":"2026-01-30T18:33:04","isFullCredit":false},{"lineNumber":22,"author":{"gitId":"ryanzx-zone"},"content":"","lastModifiedDate":"2026-01-30T18:33:04","isFullCredit":false},{"lineNumber":23,"author":{"gitId":"ryanzx-zone"},"content":"        Task[] tasks \u003d new Task[100];","lastModifiedDate":"2026-01-30T22:54:07","isFullCredit":false},{"lineNumber":24,"author":{"gitId":"ryanzx-zone"},"content":"        int taskCount \u003d 0;","lastModifiedDate":"2026-01-30T19:25:16","isFullCredit":false},{"lineNumber":25,"author":{"gitId":"ryanzx-zone"},"content":"","lastModifiedDate":"2026-01-30T19:25:16","isFullCredit":false},{"lineNumber":26,"author":{"gitId":"ryanzx-zone"},"content":"        while (true) {","lastModifiedDate":"2026-01-30T18:33:04","isFullCredit":false},{"lineNumber":27,"author":{"gitId":"ryanzx-zone"},"content":"            String line \u003d scanner.nextLine();","lastModifiedDate":"2026-01-30T18:33:04","isFullCredit":false},{"lineNumber":28,"author":{"gitId":"ryanzx-zone"},"content":"","lastModifiedDate":"2026-01-30T18:33:04","isFullCredit":false},{"lineNumber":29,"author":{"gitId":"ryanzx-zone"},"content":"            if (line.equalsIgnoreCase(\"bye\")) {","lastModifiedDate":"2026-01-30T18:33:04","isFullCredit":false},{"lineNumber":30,"author":{"gitId":"ryanzx-zone"},"content":"                break;","lastModifiedDate":"2026-01-30T18:33:04","isFullCredit":false},{"lineNumber":31,"author":{"gitId":"ryanzx-zone"},"content":"            }","lastModifiedDate":"2026-01-30T18:33:04","isFullCredit":false},{"lineNumber":32,"author":{"gitId":"ryanzx-zone"},"content":"","lastModifiedDate":"2026-01-30T18:33:04","isFullCredit":false},{"lineNumber":33,"author":{"gitId":"ryanzx-zone"},"content":"            System.out.println(\"____________________________________________________________\");","lastModifiedDate":"2026-01-30T18:33:04","isFullCredit":false},{"lineNumber":34,"author":{"gitId":"ryanzx-zone"},"content":"","lastModifiedDate":"2026-01-30T19:25:16","isFullCredit":false},{"lineNumber":35,"author":{"gitId":"ryanzx-zone"},"content":"            if (line.equalsIgnoreCase(\"list\")) {","lastModifiedDate":"2026-01-30T19:25:16","isFullCredit":false},{"lineNumber":36,"author":{"gitId":"ryanzx-zone"},"content":"                System.out.println(\"Vigil scan complete. Here’s your task list:\");","lastModifiedDate":"2026-01-30T22:54:07","isFullCredit":false},{"lineNumber":37,"author":{"gitId":"ryanzx-zone"},"content":"                for (int i \u003d 0; i \u003c taskCount; i++) {","lastModifiedDate":"2026-01-30T19:25:16","isFullCredit":false},{"lineNumber":38,"author":{"gitId":"ryanzx-zone"},"content":"                    System.out.println((i + 1) + \". \" + tasks[i]);","lastModifiedDate":"2026-01-30T19:25:16","isFullCredit":false},{"lineNumber":39,"author":{"gitId":"ryanzx-zone"},"content":"                }","lastModifiedDate":"2026-01-30T19:25:16","isFullCredit":false},{"lineNumber":40,"author":{"gitId":"ryanzx-zone"},"content":"            } else if (line.startsWith(\"mark \")) {","lastModifiedDate":"2026-01-30T22:54:07","isFullCredit":false},{"lineNumber":41,"author":{"gitId":"ryanzx-zone"},"content":"                int taskNumber \u003d Integer.parseInt(line.substring(5).trim());","lastModifiedDate":"2026-01-30T22:54:07","isFullCredit":false},{"lineNumber":42,"author":{"gitId":"ryanzx-zone"},"content":"                int taskIndex \u003d taskNumber - 1;","lastModifiedDate":"2026-01-30T22:54:07","isFullCredit":false},{"lineNumber":43,"author":{"gitId":"ryanzx-zone"},"content":"                tasks[taskIndex].markAsDone();","lastModifiedDate":"2026-01-30T22:54:07","isFullCredit":false},{"lineNumber":44,"author":{"gitId":"ryanzx-zone"},"content":"                System.out.println(\"Vigil confirms this task is now complete:\");","lastModifiedDate":"2026-01-30T22:54:07","isFullCredit":false},{"lineNumber":45,"author":{"gitId":"ryanzx-zone"},"content":"                System.out.println(\"  \" + tasks[taskIndex]);","lastModifiedDate":"2026-01-30T22:54:07","isFullCredit":false},{"lineNumber":46,"author":{"gitId":"ryanzx-zone"},"content":"            } else if (line.startsWith(\"unmark \")) {","lastModifiedDate":"2026-01-30T22:54:07","isFullCredit":false},{"lineNumber":47,"author":{"gitId":"ryanzx-zone"},"content":"                int taskNumber \u003d Integer.parseInt(line.substring(7).trim());","lastModifiedDate":"2026-01-30T22:54:07","isFullCredit":false},{"lineNumber":48,"author":{"gitId":"ryanzx-zone"},"content":"                int taskIndex \u003d taskNumber - 1;","lastModifiedDate":"2026-01-30T22:54:07","isFullCredit":false},{"lineNumber":49,"author":{"gitId":"ryanzx-zone"},"content":"                tasks[taskIndex].markAsNotDone();","lastModifiedDate":"2026-01-30T22:54:07","isFullCredit":false},{"lineNumber":50,"author":{"gitId":"ryanzx-zone"},"content":"                System.out.println(\"Vigil notes this task is no longer complete:\");","lastModifiedDate":"2026-01-30T22:54:07","isFullCredit":false},{"lineNumber":51,"author":{"gitId":"ryanzx-zone"},"content":"                System.out.println(\"  \" + tasks[taskIndex]);","lastModifiedDate":"2026-01-30T22:54:07","isFullCredit":false},{"lineNumber":52,"author":{"gitId":"ryanzx-zone"},"content":"            } else {","lastModifiedDate":"2026-01-30T19:25:16","isFullCredit":false},{"lineNumber":53,"author":{"gitId":"ryanzx-zone"},"content":"                tasks[taskCount] \u003d new Task(line);","lastModifiedDate":"2026-01-30T22:54:07","isFullCredit":false},{"lineNumber":54,"author":{"gitId":"ryanzx-zone"},"content":"                taskCount++;","lastModifiedDate":"2026-01-30T19:25:16","isFullCredit":false},{"lineNumber":55,"author":{"gitId":"ryanzx-zone"},"content":"                System.out.println(\"added: \" + line);","lastModifiedDate":"2026-01-30T19:25:16","isFullCredit":false},{"lineNumber":56,"author":{"gitId":"ryanzx-zone"},"content":"            }","lastModifiedDate":"2026-01-30T19:25:16","isFullCredit":false},{"lineNumber":57,"author":{"gitId":"ryanzx-zone"},"content":"","lastModifiedDate":"2026-01-30T19:25:16","isFullCredit":false},{"lineNumber":58,"author":{"gitId":"ryanzx-zone"},"content":"            System.out.println(\"____________________________________________________________\");","lastModifiedDate":"2026-01-30T18:33:04","isFullCredit":false},{"lineNumber":59,"author":{"gitId":"ryanzx-zone"},"content":"        }","lastModifiedDate":"2026-01-30T18:33:04","isFullCredit":false},{"lineNumber":60,"author":{"gitId":"ryanzx-zone"},"content":"","lastModifiedDate":"2026-01-30T18:33:04","isFullCredit":false},{"lineNumber":61,"author":{"gitId":"ryanzx-zone"},"content":"        System.out.println(\"____________________________________________________________\");","lastModifiedDate":"2026-01-18T18:07:07","isFullCredit":false},{"lineNumber":62,"author":{"gitId":"ryanzx-zone"},"content":"        System.out.println(\"Goodbye. Hope to see you again soon! Vigil is going offline.\");","lastModifiedDate":"2026-01-30T22:54:07","isFullCredit":false},{"lineNumber":63,"author":{"gitId":"ryanzx-zone"},"content":"        System.out.println(\"____________________________________________________________\");","lastModifiedDate":"2026-01-18T18:07:07","isFullCredit":false},{"lineNumber":64,"author":{"gitId":"ryanzx-zone"},"content":"","lastModifiedDate":"2026-01-30T18:33:04","isFullCredit":false},{"lineNumber":65,"author":{"gitId":"ryanzx-zone"},"content":"        scanner.close();","lastModifiedDate":"2026-01-30T18:33:04","isFullCredit":false},{"lineNumber":66,"author":{"gitId":"ryanzx-zone"},"content":"    }","lastModifiedDate":"2026-01-18T18:07:07","isFullCredit":false},{"lineNumber":67,"author":{"gitId":"ryanzx-zone"},"content":"}","lastModifiedDate":"2026-01-18T18:07:07","isFullCredit":false},{"lineNumber":68,"author":{"gitId":"ryanzx-zone"},"content":"","lastModifiedDate":"2026-01-30T18:33:04","isFullCredit":false},{"lineNumber":69,"author":{"gitId":"ryanzx-zone"},"content":"","lastModifiedDate":"2026-01-30T19:25:16","isFullCredit":false}],"authorContributionMap":{"ryanzx-zone":69}}]
