{"authorDailyContributionsMap":{"Novgor0d":[{"date":"2026-01-26T00:00:00","commitResults":[{"hash":"cf32188fc537db20fc9c28fa7a61322db9697642","isMergeCommit":false,"messageTitle":"Rename Duke.java to Helios.java and implement greeting and exit","messageBody":"","fileTypesAndContributionMap":{"java":{"insertions":42,"deletions":10}}}]},{"date":"2026-01-29T00:00:00","commitResults":[{"hash":"eba392831ec7e441dd74de20c26dbff40e2e1dee","isMergeCommit":false,"messageTitle":"Add increment level-1","messageBody":"","tags":["Level-1"],"fileTypesAndContributionMap":{"java":{"insertions":25,"deletions":5}}},{"hash":"35b1ae8f6f39b8d806a084a42622772402e54b60","isMergeCommit":false,"messageTitle":"Add increment level-2","messageBody":"","tags":["Level-2"],"fileTypesAndContributionMap":{"java":{"insertions":44,"deletions":7}}}]},{"date":"2026-01-30T00:00:00","commitResults":[{"hash":"ad16450fa354a3516f51b8d4c9129085fd2c70d3","isMergeCommit":false,"messageTitle":"Add increment level-3 (initial implementation)","messageBody":"","fileTypesAndContributionMap":{"java":{"insertions":82,"deletions":5}}},{"hash":"5a0b123abbfcc500193a55f5867c2a23cf87c7bb","isMergeCommit":false,"messageTitle":"Add increment level-3","messageBody":"","tags":["Level-3"],"fileTypesAndContributionMap":{"java":{"insertions":78,"deletions":69}}}]},{"date":"2026-02-06T00:00:00","commitResults":[{"hash":"ecb81af03f5d179317e86ed1b5b64924d0ed51a4","isMergeCommit":false,"messageTitle":"Tweak code to comply with coding standard","messageBody":"","tags":["A-CodingStandard"],"fileTypesAndContributionMap":{"java":{"insertions":14,"deletions":14}}},{"hash":"c750ef113d743f5edfbddd61f72ca8d0fbf64356","isMergeCommit":false,"messageTitle":"Add class to manage the UI","messageBody":"","fileTypesAndContributionMap":{"java":{"insertions":15,"deletions":53}}},{"hash":"4a24a05e6d91274c6c94c1248c62e52027808897","isMergeCommit":false,"messageTitle":"Add increment level-4 - Add Todo, Deadline and Event classes extending Task - Update parser to instantiate the correct subclass based on user input","messageBody":"","tags":["Level-4"],"fileTypesAndContributionMap":{"java":{"insertions":139,"deletions":14}}},{"hash":"a52e3c5cd88bad5026ab18f5c6fa068bcc4bdf81","isMergeCommit":false,"messageTitle":"Add increment A-TextUiTesting - Update commands in input.txt to simulate user input - Update expected output in EXPECTED.TXT","messageBody":"","tags":["A-TextUiTesting"],"fileTypesAndContributionMap":{"txt":{"insertions":8,"deletions":0},"bat":{"insertions":1,"deletions":1},"sh":{"insertions":1,"deletions":1}}},{"hash":"1f795560cf180a0c3ff3e0e63ad701d1d917ad4c","isMergeCommit":false,"messageTitle":"Add call to method close() before program terminates","messageBody":"","fileTypesAndContributionMap":{"java":{"insertions":2,"deletions":5}}},{"hash":"d9b0c328554ee02f8028dfeea5b899e1237a70ff","isMergeCommit":false,"messageTitle":"Add increment A-CodeQuality - Refactor code to improve code quality and readability","messageBody":"","tags":["A-CodeQuality"],"fileTypesAndContributionMap":{"java":{"insertions":220,"deletions":60}}}]},{"date":"2026-02-13T00:00:00","commitResults":[{"hash":"10556aeee232def7061f8d00969ec9b760c33c76","isMergeCommit":false,"messageTitle":"Add DukeException class for incerement 5","messageBody":"","fileTypesAndContributionMap":{"java":{"insertions":5,"deletions":0}}},{"hash":"0151d527378cff932a946364bdf6c8985cece9e1","isMergeCommit":false,"messageTitle":"Refactor TaskList to throw exceptions instead of returning null","messageBody":"","fileTypesAndContributionMap":{"java":{"insertions":16,"deletions":16}}},{"hash":"a5b9e88555186aab2c2c0aeaac431f46de942003","isMergeCommit":false,"messageTitle":"Update command handling to use try-catch blocks","messageBody":"","fileTypesAndContributionMap":{"java":{"insertions":32,"deletions":72}}},{"hash":"2b49f4cc10a86e0648011ec14189437449c4543d","isMergeCommit":false,"messageTitle":"Throw DukeException for empty user commands in handleTaskModification","messageBody":"","fileTypesAndContributionMap":{"java":{"insertions":5,"deletions":1}}},{"hash":"6c929c9cc6ab22cfc8d7f8b6a901e103d945e26d","isMergeCommit":true,"messageTitle":"Merge branch \u0027branch-Level-5\u0027","messageBody":"","tags":["Level-5","A-Exceptions"],"fileTypesAndContributionMap":{}},{"hash":"0e0330b2be27bb0e1ca952d365c6dea712398eb8","isMergeCommit":false,"messageTitle":"Organize classes into packages and update runtest.bat","messageBody":"","tags":["A-Packages"],"fileTypesAndContributionMap":{"java":{"insertions":35,"deletions":15},"bat":{"insertions":9,"deletions":2}}}]}]},"authorFileTypeContributionMap":{"Novgor0d":{"java":418,"md":0,"fxml":0,"sh":1,"bat":9,"gradle":0,"txt":8}},"authorContributionVariance":{"Novgor0d":10348.824},"authorDisplayNameMap":{"Novgor0d":"CS2113-T10-2 VIHA..HAAN"}}
