{"authorDailyContributionsMap":{"omcodedthis":[{"date":"2026-01-17T00:00:00","commitResults":[{"hash":"046f6cd6261ecfb6e9fe1998fc78c4c44b3bc12f","isMergeCommit":false,"messageTitle":"Rename Duke to Snoopy","messageBody":"","fileTypesAndContributionMap":{"java":{"insertions":11,"deletions":10}}},{"hash":"977a529ce12a435adbf711a8da8247a8f2713abf","isMergeCommit":false,"messageTitle":"Add Greet \u0026 Exit functionality","messageBody":"","fileTypesAndContributionMap":{"java":{"insertions":11,"deletions":2}}},{"hash":"2ad08daa94998ae94138bc88e995f9b24186638b","isMergeCommit":false,"messageTitle":"Replace all traces of Duke with Snoopy","messageBody":"","fileTypesAndContributionMap":{"bat":{"insertions":1,"deletions":1},"sh":{"insertions":1,"deletions":1},"md":{"insertions":10,"deletions":9}}}]},{"date":"2026-01-19T00:00:00","commitResults":[{"hash":"0c1b9927cd66ce53c1a9c4b01f5d50a23572fcf2","isMergeCommit":false,"messageTitle":"Update README.md to replace Duke with Snoopy","messageBody":"","tags":["Level-0"],"fileTypesAndContributionMap":{"md":{"insertions":3,"deletions":3}}}]},{"date":"2026-01-24T00:00:00","commitResults":[{"hash":"c77df119f7332fa2eb4b43ca0b33c1041f17d433","isMergeCommit":false,"messageTitle":"Add Echo functionality","messageBody":"","tags":["Level-1"],"fileTypesAndContributionMap":{"java":{"insertions":26,"deletions":2}}},{"hash":"bcc2dd28e45c0a9ee7a2db127c04c8e6e47224f3","isMergeCommit":false,"messageTitle":"Update README.md","messageBody":"","fileTypesAndContributionMap":{"md":{"insertions":3,"deletions":0}}},{"hash":"2a9ffd0e4f9a06934be758757395b6ff207f282e","isMergeCommit":false,"messageTitle":"Add List functionality","messageBody":"","tags":["Level-2"],"fileTypesAndContributionMap":{"java":{"insertions":23,"deletions":2}}},{"hash":"e857c56e61856f150e892e8e93a698d40b60eea4","isMergeCommit":false,"messageTitle":"Add Task class","messageBody":"","fileTypesAndContributionMap":{"java":{"insertions":31,"deletions":4}}},{"hash":"2849639683f7fdc1c61b59da6b7576e65c8125af","isMergeCommit":false,"messageTitle":"Add Mark and Unmark functionality","messageBody":"","tags":["Level-3"],"fileTypesAndContributionMap":{"java":{"insertions":93,"deletions":46}}}]},{"date":"2026-01-26T00:00:00","commitResults":[{"hash":"45f9357c561604787fdf96990caf227162e06313","isMergeCommit":false,"messageTitle":"Update parsing of user text","messageBody":"","fileTypesAndContributionMap":{"java":{"insertions":15,"deletions":15}}},{"hash":"7166f25774779b9ae76aca6d7bdc3f594a410da1","isMergeCommit":false,"messageTitle":"Align to SE-EDU Java coding standard","messageBody":"All classes do not follow the SE-EDU Java coding standards correctly.\n\nThis leads to inconsistent formatting across classes \u0026 a lack of\ncoherence.\n\nLet\u0027s align the standards across all class files to match the SE-EDU\nJava coding standards, and maintain such standards for future commits.\n\nDoing so ensures consistency of code committed to this repository.\n\nException handling has been kept on hold until error handling is covered\nduring the lectures in week 5.\n","tags":["A-CodingStandard"],"fileTypesAndContributionMap":{"java":{"insertions":87,"deletions":11}}}]},{"date":"2026-01-30T00:00:00","commitResults":[{"hash":"23b3b88369437f7088165f81a3f93e8fa0261238","isMergeCommit":false,"messageTitle":"Add printing to terminal for mark \u0026 unmark","messageBody":"","fileTypesAndContributionMap":{"java":{"insertions":19,"deletions":6}}}]},{"date":"2026-01-31T00:00:00","commitResults":[{"hash":"ed4906932ffedd86d43cfc40276a72cc1af1f980","isMergeCommit":false,"messageTitle":"feat: Update output print statements","messageBody":"","fileTypesAndContributionMap":{"java":{"insertions":1,"deletions":1}}},{"hash":"0b6d845af959d86bc357ac01cda97514486efb10","isMergeCommit":false,"messageTitle":"feat: Add ToDo, Event, and Deadline tasks","messageBody":"","tags":["Level-4"],"fileTypesAndContributionMap":{"java":{"insertions":296,"deletions":134}}},{"hash":"84abe6ef34f59f15343c4c65a57f9dac59920e1e","isMergeCommit":false,"messageTitle":"feat: Update list and improved code quality","messageBody":"","fileTypesAndContributionMap":{"java":{"insertions":171,"deletions":47}}}]},{"date":"2026-02-01T00:00:00","commitResults":[{"hash":"e544197fc3a5e9d41b9b1448b7f40e1bd7abbaf7","isMergeCommit":false,"messageTitle":"feat: Update code readability","messageBody":"","tags":["A-CodeQuality"],"fileTypesAndContributionMap":{"java":{"insertions":17,"deletions":8}}}]},{"date":"2026-02-03T00:00:00","commitResults":[{"hash":"131ab0bc13bb0be397dd330bf722e6be66a78de2","isMergeCommit":false,"messageTitle":"feat: Add automated testing of UI","messageBody":"","tags":["A-TextUiTesting"],"fileTypesAndContributionMap":{"txt":{"insertions":9,"deletions":0},"md":{"insertions":2,"deletions":2}}}]},{"date":"2026-02-05T00:00:00","commitResults":[{"hash":"162ca7bcf6358ea15905d6655ec55f36b74e53a0","isMergeCommit":false,"messageTitle":"feat: Update Snoopy startup logo","messageBody":"","fileTypesAndContributionMap":{"java":{"insertions":19,"deletions":21},"sh":{"insertions":5,"deletions":5},"md":{"insertions":18,"deletions":12}}}]},{"date":"2026-02-07T00:00:00","commitResults":[{"hash":"b42a7b07c518fe49557cf594bd2425d883a46ea7","isMergeCommit":false,"messageTitle":"feat: Add Exception handling","messageBody":"","tags":["A-Exceptions"],"fileTypesAndContributionMap":{"java":{"insertions":117,"deletions":45},"md":{"insertions":10,"deletions":16}}},{"hash":"e047ab4c640f61e29a532a4475f716bf99e6fb86","isMergeCommit":true,"messageTitle":"Merge branch \u0027branch-Level-5\u0027","messageBody":"","tags":["Level-5"],"fileTypesAndContributionMap":{}},{"hash":"ee8fde33e76fa9e97ff52d707babe9d3cb545e06","isMergeCommit":false,"messageTitle":"feat: Organize application into classes","messageBody":"","fileTypesAndContributionMap":{"java":{"insertions":35,"deletions":1}}},{"hash":"9baaa38ba1e421ff2ce30dc58a4dbd1cc91ec8dc","isMergeCommit":true,"messageTitle":"Merge branch \u0027branch-A-Packages\u0027","messageBody":"","tags":["A-Packages"],"fileTypesAndContributionMap":{}}]}]},"authorFileTypeContributionMap":{"omcodedthis":{"java":627,"md":14,"fxml":0,"sh":5,"bat":1,"gradle":0,"txt":9}},"authorContributionVariance":{"omcodedthis":16137.86},"authorDisplayNameMap":{"omcodedthis":"CS2113-W09-1 TIRO..LIND"}}
