[{"path":"README.md","fileType":"md","lines":[{"lineNumber":1,"author":{"gitId":"AkshayPranav19"},"content":"# NexBot project template","lastModifiedDate":"2026-01-21T22:53:19","isFullCredit":false},{"lineNumber":2,"author":{"gitId":"-"},"content":"","lastModifiedDate":"2026-01-26T21:46:05","isFullCredit":false},{"lineNumber":3,"author":{"gitId":"AkshayPranav19"},"content":"This is a project template for a greenfield Java project. It\u0027s named after the Java mascot _NexBot_. Given below are instructions on how to use it.","lastModifiedDate":"2026-01-26T21:46:05","isFullCredit":false},{"lineNumber":4,"author":{"gitId":"-"},"content":"","lastModifiedDate":"2026-01-26T21:46:05","isFullCredit":false},{"lineNumber":5,"author":{"gitId":"-"},"content":"## Setting up in Intellij","lastModifiedDate":"2026-01-26T21:46:05","isFullCredit":false},{"lineNumber":6,"author":{"gitId":"-"},"content":"","lastModifiedDate":"2026-01-26T21:46:05","isFullCredit":false},{"lineNumber":7,"author":{"gitId":"-"},"content":"Prerequisites: JDK 17, update Intellij to the most recent version.","lastModifiedDate":"2026-01-26T21:46:05","isFullCredit":false},{"lineNumber":8,"author":{"gitId":"-"},"content":"","lastModifiedDate":"2026-01-26T21:46:05","isFullCredit":false},{"lineNumber":9,"author":{"gitId":"-"},"content":"1. Open Intellij (if you are not in the welcome screen, click `File` \u003e `Close Project` to close the existing project first)","lastModifiedDate":"2026-01-26T21:46:05","isFullCredit":false},{"lineNumber":10,"author":{"gitId":"-"},"content":"1. Open the project into Intellij as follows:","lastModifiedDate":"2026-01-26T21:46:05","isFullCredit":false},{"lineNumber":11,"author":{"gitId":"AkshayPranav19"},"content":"    1. Click `Open`.","lastModifiedDate":"2026-01-26T21:46:05","isFullCredit":false},{"lineNumber":12,"author":{"gitId":"AkshayPranav19"},"content":"    1. Select the project directory, and click `OK`.","lastModifiedDate":"2026-01-26T21:46:05","isFullCredit":false},{"lineNumber":13,"author":{"gitId":"AkshayPranav19"},"content":"    1. If there are any further prompts, accept the defaults.","lastModifiedDate":"2026-01-26T21:46:05","isFullCredit":false},{"lineNumber":14,"author":{"gitId":"-"},"content":"1. Configure the project to use **JDK 17** (not other versions) as explained in [here](https://www.jetbrains.com/help/idea/sdk.html#set-up-jdk).\u003cbr\u003e","lastModifiedDate":"2026-01-26T21:46:05","isFullCredit":false},{"lineNumber":15,"author":{"gitId":"-"},"content":"   In the same dialog, set the **Project language level** field to the `SDK default` option.","lastModifiedDate":"2026-01-26T21:46:05","isFullCredit":false},{"lineNumber":16,"author":{"gitId":"AkshayPranav19"},"content":"   1. After that, locate the `src/main/java/NexBot.java` file, right-click it, and choose `Run NexBot.main()` (if the code editor is showing compile errors, try restarting the IDE). If the setup is correct, you should see something like the below as the output:","lastModifiedDate":"2026-01-26T21:46:05","isFullCredit":false},{"lineNumber":17,"author":{"gitId":"AkshayPranav19"},"content":"      ```","lastModifiedDate":"2026-01-26T21:46:05","isFullCredit":false},{"lineNumber":18,"author":{"gitId":"AkshayPranav19"},"content":"      Hello from","lastModifiedDate":"2026-01-26T21:46:05","isFullCredit":false},{"lineNumber":19,"author":{"gitId":"AkshayPranav19"},"content":"      _   _            ____        _   ","lastModifiedDate":"2026-01-26T21:53:42","isFullCredit":false},{"lineNumber":20,"author":{"gitId":"AkshayPranav19"},"content":"      | \\ | | _____  __| __ )  ___ | |_","lastModifiedDate":"2026-01-26T21:53:42","isFullCredit":false},{"lineNumber":21,"author":{"gitId":"AkshayPranav19"},"content":"      |  \\| |/ _ \\ \\/ /|  _ \\ / _ \\| __|","lastModifiedDate":"2026-01-26T21:53:42","isFullCredit":false},{"lineNumber":22,"author":{"gitId":"AkshayPranav19"},"content":"      | |\\  |  __/\u003e  \u003c | |_) | (_) | |_","lastModifiedDate":"2026-01-26T21:53:42","isFullCredit":false},{"lineNumber":23,"author":{"gitId":"AkshayPranav19"},"content":"      |_| \\_|\\___/_/\\_\\|____/ \\___/ \\__|","lastModifiedDate":"2026-01-26T21:53:42","isFullCredit":false},{"lineNumber":24,"author":{"gitId":"AkshayPranav19"},"content":"      ```","lastModifiedDate":"2026-01-26T21:46:05","isFullCredit":false},{"lineNumber":25,"author":{"gitId":"-"},"content":"","lastModifiedDate":"2026-01-26T21:46:05","isFullCredit":false},{"lineNumber":26,"author":{"gitId":"-"},"content":"**Warning:** Keep the `src\\main\\java` folder as the root folder for Java files (i.e., don\u0027t rename those folders or move Java files to another folder outside of this folder path), as this is the default location some tools (e.g., Gradle) expect to find Java files.","lastModifiedDate":"2026-01-26T21:46:05","isFullCredit":false}],"authorContributionMap":{"AkshayPranav19":14,"-":12}},{"path":"src/main/java/Command.java","fileType":"java","lines":[{"lineNumber":1,"author":{"gitId":"AkshayPranav19"},"content":"public class Command {","lastModifiedDate":"2026-02-01T20:49:16","isFullCredit":false},{"lineNumber":2,"author":{"gitId":"AkshayPranav19"},"content":"    private final CommandType type;","lastModifiedDate":"2026-02-01T20:49:16","isFullCredit":false},{"lineNumber":3,"author":{"gitId":"AkshayPranav19"},"content":"    private final String arg1;","lastModifiedDate":"2026-02-01T20:49:16","isFullCredit":false},{"lineNumber":4,"author":{"gitId":"AkshayPranav19"},"content":"    private final String arg2;","lastModifiedDate":"2026-02-01T20:49:16","isFullCredit":false},{"lineNumber":5,"author":{"gitId":"AkshayPranav19"},"content":"    private final String arg3;","lastModifiedDate":"2026-02-01T20:49:16","isFullCredit":false},{"lineNumber":6,"author":{"gitId":"AkshayPranav19"},"content":"","lastModifiedDate":"2026-02-01T20:49:16","isFullCredit":false},{"lineNumber":7,"author":{"gitId":"AkshayPranav19"},"content":"","lastModifiedDate":"2026-02-01T20:49:16","isFullCredit":false},{"lineNumber":8,"author":{"gitId":"AkshayPranav19"},"content":"    public Command(CommandType type) {","lastModifiedDate":"2026-02-01T20:49:16","isFullCredit":false},{"lineNumber":9,"author":{"gitId":"AkshayPranav19"},"content":"        this.type \u003d type;","lastModifiedDate":"2026-02-01T20:49:16","isFullCredit":false},{"lineNumber":10,"author":{"gitId":"AkshayPranav19"},"content":"        this.arg1 \u003d \"\";","lastModifiedDate":"2026-02-01T20:49:16","isFullCredit":false},{"lineNumber":11,"author":{"gitId":"AkshayPranav19"},"content":"        this.arg2 \u003d \"\";","lastModifiedDate":"2026-02-01T20:49:16","isFullCredit":false},{"lineNumber":12,"author":{"gitId":"AkshayPranav19"},"content":"        this.arg3 \u003d \"\";","lastModifiedDate":"2026-02-01T20:49:16","isFullCredit":false},{"lineNumber":13,"author":{"gitId":"AkshayPranav19"},"content":"    }","lastModifiedDate":"2026-02-01T20:49:16","isFullCredit":false},{"lineNumber":14,"author":{"gitId":"AkshayPranav19"},"content":"","lastModifiedDate":"2026-02-01T20:49:16","isFullCredit":false},{"lineNumber":15,"author":{"gitId":"AkshayPranav19"},"content":"    public Command(CommandType type, String arg1) {","lastModifiedDate":"2026-02-01T20:49:16","isFullCredit":false},{"lineNumber":16,"author":{"gitId":"AkshayPranav19"},"content":"        this.type \u003d type;","lastModifiedDate":"2026-02-01T20:49:16","isFullCredit":false},{"lineNumber":17,"author":{"gitId":"AkshayPranav19"},"content":"        this.arg1 \u003d arg1;","lastModifiedDate":"2026-02-01T20:49:16","isFullCredit":false},{"lineNumber":18,"author":{"gitId":"AkshayPranav19"},"content":"        this.arg2 \u003d \"\";","lastModifiedDate":"2026-02-01T20:49:16","isFullCredit":false},{"lineNumber":19,"author":{"gitId":"AkshayPranav19"},"content":"        this.arg3 \u003d \"\";","lastModifiedDate":"2026-02-01T20:49:16","isFullCredit":false},{"lineNumber":20,"author":{"gitId":"AkshayPranav19"},"content":"    }","lastModifiedDate":"2026-02-01T20:49:16","isFullCredit":false},{"lineNumber":21,"author":{"gitId":"AkshayPranav19"},"content":"","lastModifiedDate":"2026-02-01T20:49:16","isFullCredit":false},{"lineNumber":22,"author":{"gitId":"AkshayPranav19"},"content":"    public Command(CommandType type, String arg1, String arg2) {","lastModifiedDate":"2026-02-01T20:49:16","isFullCredit":false},{"lineNumber":23,"author":{"gitId":"AkshayPranav19"},"content":"        this.type \u003d type;","lastModifiedDate":"2026-02-01T20:49:16","isFullCredit":false},{"lineNumber":24,"author":{"gitId":"AkshayPranav19"},"content":"        this.arg1 \u003d arg1;","lastModifiedDate":"2026-02-01T20:49:16","isFullCredit":false},{"lineNumber":25,"author":{"gitId":"AkshayPranav19"},"content":"        this.arg2 \u003d arg2;","lastModifiedDate":"2026-02-01T20:49:16","isFullCredit":false},{"lineNumber":26,"author":{"gitId":"AkshayPranav19"},"content":"        this.arg3 \u003d \"\";","lastModifiedDate":"2026-02-01T20:49:16","isFullCredit":false},{"lineNumber":27,"author":{"gitId":"AkshayPranav19"},"content":"    }","lastModifiedDate":"2026-02-01T20:49:16","isFullCredit":false},{"lineNumber":28,"author":{"gitId":"AkshayPranav19"},"content":"","lastModifiedDate":"2026-02-01T20:49:16","isFullCredit":false},{"lineNumber":29,"author":{"gitId":"AkshayPranav19"},"content":"    public Command(CommandType type, String arg1, String arg2, String arg3) {","lastModifiedDate":"2026-02-01T20:49:16","isFullCredit":false},{"lineNumber":30,"author":{"gitId":"AkshayPranav19"},"content":"        this.type \u003d type;","lastModifiedDate":"2026-02-01T20:49:16","isFullCredit":false},{"lineNumber":31,"author":{"gitId":"AkshayPranav19"},"content":"        this.arg1 \u003d arg1;","lastModifiedDate":"2026-02-01T20:49:16","isFullCredit":false},{"lineNumber":32,"author":{"gitId":"AkshayPranav19"},"content":"        this.arg2 \u003d arg2;","lastModifiedDate":"2026-02-01T20:49:16","isFullCredit":false},{"lineNumber":33,"author":{"gitId":"AkshayPranav19"},"content":"        this.arg3 \u003d arg3;","lastModifiedDate":"2026-02-01T20:49:16","isFullCredit":false},{"lineNumber":34,"author":{"gitId":"AkshayPranav19"},"content":"    }","lastModifiedDate":"2026-02-01T20:49:16","isFullCredit":false},{"lineNumber":35,"author":{"gitId":"AkshayPranav19"},"content":"","lastModifiedDate":"2026-02-01T20:49:16","isFullCredit":false},{"lineNumber":36,"author":{"gitId":"AkshayPranav19"},"content":"    public CommandType getType() {","lastModifiedDate":"2026-02-01T20:49:16","isFullCredit":false},{"lineNumber":37,"author":{"gitId":"AkshayPranav19"},"content":"        return type;","lastModifiedDate":"2026-02-01T20:49:16","isFullCredit":false},{"lineNumber":38,"author":{"gitId":"AkshayPranav19"},"content":"    }","lastModifiedDate":"2026-02-01T20:49:16","isFullCredit":false},{"lineNumber":39,"author":{"gitId":"AkshayPranav19"},"content":"","lastModifiedDate":"2026-02-01T20:49:16","isFullCredit":false},{"lineNumber":40,"author":{"gitId":"AkshayPranav19"},"content":"    public String getArg1() {","lastModifiedDate":"2026-02-01T20:49:16","isFullCredit":false},{"lineNumber":41,"author":{"gitId":"AkshayPranav19"},"content":"        return arg1;","lastModifiedDate":"2026-02-01T20:49:16","isFullCredit":false},{"lineNumber":42,"author":{"gitId":"AkshayPranav19"},"content":"    }","lastModifiedDate":"2026-02-01T20:49:16","isFullCredit":false},{"lineNumber":43,"author":{"gitId":"AkshayPranav19"},"content":"","lastModifiedDate":"2026-02-01T20:49:16","isFullCredit":false},{"lineNumber":44,"author":{"gitId":"AkshayPranav19"},"content":"    public String getArg2() {","lastModifiedDate":"2026-02-01T20:49:16","isFullCredit":false},{"lineNumber":45,"author":{"gitId":"AkshayPranav19"},"content":"        return arg2;","lastModifiedDate":"2026-02-01T20:49:16","isFullCredit":false},{"lineNumber":46,"author":{"gitId":"AkshayPranav19"},"content":"    }","lastModifiedDate":"2026-02-01T20:49:16","isFullCredit":false},{"lineNumber":47,"author":{"gitId":"AkshayPranav19"},"content":"","lastModifiedDate":"2026-02-01T20:49:16","isFullCredit":false},{"lineNumber":48,"author":{"gitId":"AkshayPranav19"},"content":"    public String getArg3() {","lastModifiedDate":"2026-02-01T20:49:16","isFullCredit":false},{"lineNumber":49,"author":{"gitId":"AkshayPranav19"},"content":"        return arg3;","lastModifiedDate":"2026-02-01T20:49:16","isFullCredit":false},{"lineNumber":50,"author":{"gitId":"AkshayPranav19"},"content":"    }","lastModifiedDate":"2026-02-01T20:49:16","isFullCredit":false},{"lineNumber":51,"author":{"gitId":"AkshayPranav19"},"content":"}","lastModifiedDate":"2026-02-01T20:49:16","isFullCredit":false}],"authorContributionMap":{"AkshayPranav19":51}},{"path":"src/main/java/CommandType.java","fileType":"java","lines":[{"lineNumber":1,"author":{"gitId":"AkshayPranav19"},"content":"public enum CommandType {","lastModifiedDate":"2026-02-01T20:49:16","isFullCredit":false},{"lineNumber":2,"author":{"gitId":"AkshayPranav19"},"content":"    BYE,","lastModifiedDate":"2026-02-01T20:49:16","isFullCredit":false},{"lineNumber":3,"author":{"gitId":"AkshayPranav19"},"content":"    LIST,","lastModifiedDate":"2026-02-01T20:49:16","isFullCredit":false},{"lineNumber":4,"author":{"gitId":"AkshayPranav19"},"content":"    MARK,","lastModifiedDate":"2026-02-01T20:49:16","isFullCredit":false},{"lineNumber":5,"author":{"gitId":"AkshayPranav19"},"content":"    UNMARK,","lastModifiedDate":"2026-02-01T20:49:16","isFullCredit":false},{"lineNumber":6,"author":{"gitId":"AkshayPranav19"},"content":"    TODO,","lastModifiedDate":"2026-02-01T20:49:16","isFullCredit":false},{"lineNumber":7,"author":{"gitId":"AkshayPranav19"},"content":"    DEADLINE,","lastModifiedDate":"2026-02-01T20:49:16","isFullCredit":false},{"lineNumber":8,"author":{"gitId":"AkshayPranav19"},"content":"    EVENT,","lastModifiedDate":"2026-02-01T20:49:16","isFullCredit":false},{"lineNumber":9,"author":{"gitId":"AkshayPranav19"},"content":"    UNKNOWN","lastModifiedDate":"2026-02-01T20:49:16","isFullCredit":false},{"lineNumber":10,"author":{"gitId":"AkshayPranav19"},"content":"}","lastModifiedDate":"2026-02-01T20:49:16","isFullCredit":false}],"authorContributionMap":{"AkshayPranav19":10}},{"path":"src/main/java/Deadline.java","fileType":"java","lines":[{"lineNumber":1,"author":{"gitId":"AkshayPranav19"},"content":"public class Deadline extends Task {","lastModifiedDate":"2026-02-01T12:23:51","isFullCredit":false},{"lineNumber":2,"author":{"gitId":"AkshayPranav19"},"content":"    private final String by;","lastModifiedDate":"2026-02-01T20:49:16","isFullCredit":false},{"lineNumber":3,"author":{"gitId":"AkshayPranav19"},"content":"","lastModifiedDate":"2026-02-01T20:49:16","isFullCredit":false},{"lineNumber":4,"author":{"gitId":"AkshayPranav19"},"content":"    public Deadline(String taskDescription, String deadline) {","lastModifiedDate":"2026-02-01T12:23:51","isFullCredit":false},{"lineNumber":5,"author":{"gitId":"AkshayPranav19"},"content":"        super(taskDescription);","lastModifiedDate":"2026-02-01T12:23:51","isFullCredit":false},{"lineNumber":6,"author":{"gitId":"AkshayPranav19"},"content":"        this.by \u003d deadline;","lastModifiedDate":"2026-02-01T12:23:51","isFullCredit":false},{"lineNumber":7,"author":{"gitId":"AkshayPranav19"},"content":"    }","lastModifiedDate":"2026-02-01T12:23:51","isFullCredit":false},{"lineNumber":8,"author":{"gitId":"AkshayPranav19"},"content":"","lastModifiedDate":"2026-02-01T20:49:16","isFullCredit":false},{"lineNumber":9,"author":{"gitId":"AkshayPranav19"},"content":"    @Override","lastModifiedDate":"2026-02-01T12:23:51","isFullCredit":false},{"lineNumber":10,"author":{"gitId":"AkshayPranav19"},"content":"    public String toString() {","lastModifiedDate":"2026-02-01T12:23:51","isFullCredit":false},{"lineNumber":11,"author":{"gitId":"AkshayPranav19"},"content":"        return \"[D]\" + getStatusIcon() + \" \" + getTaskDescription() + \" (by: \" + this.by + \")\";","lastModifiedDate":"2026-02-01T12:23:51","isFullCredit":false},{"lineNumber":12,"author":{"gitId":"AkshayPranav19"},"content":"    }","lastModifiedDate":"2026-02-01T12:23:51","isFullCredit":false},{"lineNumber":13,"author":{"gitId":"AkshayPranav19"},"content":"}","lastModifiedDate":"2026-02-01T12:23:51","isFullCredit":false}],"authorContributionMap":{"AkshayPranav19":13}},{"path":"src/main/java/Event.java","fileType":"java","lines":[{"lineNumber":1,"author":{"gitId":"AkshayPranav19"},"content":"public class Event extends Task {","lastModifiedDate":"2026-02-01T12:23:51","isFullCredit":false},{"lineNumber":2,"author":{"gitId":"AkshayPranav19"},"content":"    private String from;","lastModifiedDate":"2026-02-01T12:23:51","isFullCredit":false},{"lineNumber":3,"author":{"gitId":"AkshayPranav19"},"content":"    private String to;","lastModifiedDate":"2026-02-01T12:23:51","isFullCredit":false},{"lineNumber":4,"author":{"gitId":"AkshayPranav19"},"content":"","lastModifiedDate":"2026-02-01T20:49:16","isFullCredit":false},{"lineNumber":5,"author":{"gitId":"AkshayPranav19"},"content":"    public Event(String taskDescription, String from, String to) {","lastModifiedDate":"2026-02-01T12:23:51","isFullCredit":false},{"lineNumber":6,"author":{"gitId":"AkshayPranav19"},"content":"        super(taskDescription);","lastModifiedDate":"2026-02-01T12:23:51","isFullCredit":false},{"lineNumber":7,"author":{"gitId":"AkshayPranav19"},"content":"        this.from \u003d from;","lastModifiedDate":"2026-02-01T12:23:51","isFullCredit":false},{"lineNumber":8,"author":{"gitId":"AkshayPranav19"},"content":"        this.to \u003d to;","lastModifiedDate":"2026-02-01T12:23:51","isFullCredit":false},{"lineNumber":9,"author":{"gitId":"AkshayPranav19"},"content":"    }","lastModifiedDate":"2026-02-01T12:23:51","isFullCredit":false},{"lineNumber":10,"author":{"gitId":"AkshayPranav19"},"content":"","lastModifiedDate":"2026-02-01T12:23:51","isFullCredit":false},{"lineNumber":11,"author":{"gitId":"AkshayPranav19"},"content":"    @Override","lastModifiedDate":"2026-02-01T12:23:51","isFullCredit":false},{"lineNumber":12,"author":{"gitId":"AkshayPranav19"},"content":"    public String toString() {","lastModifiedDate":"2026-02-01T12:23:51","isFullCredit":false},{"lineNumber":13,"author":{"gitId":"AkshayPranav19"},"content":"        return \"[E]\" + getStatusIcon() + \" \" + getTaskDescription() + \" (from: \" + this.from + \" to: \" + this.to + \")\";","lastModifiedDate":"2026-02-01T12:23:51","isFullCredit":false},{"lineNumber":14,"author":{"gitId":"AkshayPranav19"},"content":"    }","lastModifiedDate":"2026-02-01T12:23:51","isFullCredit":false},{"lineNumber":15,"author":{"gitId":"AkshayPranav19"},"content":"}","lastModifiedDate":"2026-02-01T12:23:51","isFullCredit":false}],"authorContributionMap":{"AkshayPranav19":15}},{"path":"src/main/java/Executor.java","fileType":"java","lines":[{"lineNumber":1,"author":{"gitId":"AkshayPranav19"},"content":"public class Executor {","lastModifiedDate":"2026-02-01T20:49:16","isFullCredit":false},{"lineNumber":2,"author":{"gitId":"AkshayPranav19"},"content":"","lastModifiedDate":"2026-02-01T20:49:16","isFullCredit":false},{"lineNumber":3,"author":{"gitId":"AkshayPranav19"},"content":"    public static final int MAX_TASKS \u003d 100;","lastModifiedDate":"2026-02-01T20:49:16","isFullCredit":false},{"lineNumber":4,"author":{"gitId":"AkshayPranav19"},"content":"    private static final Printer printer \u003d new Printer();","lastModifiedDate":"2026-02-01T20:49:16","isFullCredit":false},{"lineNumber":5,"author":{"gitId":"AkshayPranav19"},"content":"    public static Task[] tasks \u003d new Task[MAX_TASKS];","lastModifiedDate":"2026-02-01T20:49:16","isFullCredit":false},{"lineNumber":6,"author":{"gitId":"AkshayPranav19"},"content":"    public static int taskCount \u003d 0;","lastModifiedDate":"2026-02-01T20:49:16","isFullCredit":false},{"lineNumber":7,"author":{"gitId":"AkshayPranav19"},"content":"    private boolean shouldExit;","lastModifiedDate":"2026-02-01T20:49:16","isFullCredit":false},{"lineNumber":8,"author":{"gitId":"AkshayPranav19"},"content":"","lastModifiedDate":"2026-02-01T20:49:16","isFullCredit":false},{"lineNumber":9,"author":{"gitId":"AkshayPranav19"},"content":"    public Executor() {","lastModifiedDate":"2026-02-01T20:49:16","isFullCredit":false},{"lineNumber":10,"author":{"gitId":"AkshayPranav19"},"content":"        this.shouldExit \u003d false;","lastModifiedDate":"2026-02-01T20:49:16","isFullCredit":false},{"lineNumber":11,"author":{"gitId":"AkshayPranav19"},"content":"        printer.showGreeting();","lastModifiedDate":"2026-02-01T20:49:16","isFullCredit":false},{"lineNumber":12,"author":{"gitId":"AkshayPranav19"},"content":"    }","lastModifiedDate":"2026-02-01T20:49:16","isFullCredit":false},{"lineNumber":13,"author":{"gitId":"AkshayPranav19"},"content":"","lastModifiedDate":"2026-02-01T20:49:16","isFullCredit":false},{"lineNumber":14,"author":{"gitId":"AkshayPranav19"},"content":"    public static boolean isNumeric(String s) {","lastModifiedDate":"2026-02-01T20:49:16","isFullCredit":false},{"lineNumber":15,"author":{"gitId":"AkshayPranav19"},"content":"        if (s \u003d\u003d null || s.isEmpty()) return false;","lastModifiedDate":"2026-02-01T20:49:16","isFullCredit":false},{"lineNumber":16,"author":{"gitId":"AkshayPranav19"},"content":"        try {","lastModifiedDate":"2026-02-01T20:49:16","isFullCredit":false},{"lineNumber":17,"author":{"gitId":"AkshayPranav19"},"content":"            Integer.parseInt(s);","lastModifiedDate":"2026-02-01T20:49:16","isFullCredit":false},{"lineNumber":18,"author":{"gitId":"AkshayPranav19"},"content":"            return true;","lastModifiedDate":"2026-02-01T20:49:16","isFullCredit":false},{"lineNumber":19,"author":{"gitId":"AkshayPranav19"},"content":"        } catch (NumberFormatException e) {","lastModifiedDate":"2026-02-01T20:49:16","isFullCredit":false},{"lineNumber":20,"author":{"gitId":"AkshayPranav19"},"content":"            return false;","lastModifiedDate":"2026-02-01T20:49:16","isFullCredit":false},{"lineNumber":21,"author":{"gitId":"AkshayPranav19"},"content":"        }","lastModifiedDate":"2026-02-01T20:49:16","isFullCredit":false},{"lineNumber":22,"author":{"gitId":"AkshayPranav19"},"content":"    }","lastModifiedDate":"2026-02-01T20:49:16","isFullCredit":false},{"lineNumber":23,"author":{"gitId":"AkshayPranav19"},"content":"","lastModifiedDate":"2026-02-01T20:49:16","isFullCredit":false},{"lineNumber":24,"author":{"gitId":"AkshayPranav19"},"content":"    public void execute(Command command) {","lastModifiedDate":"2026-02-01T20:49:16","isFullCredit":false},{"lineNumber":25,"author":{"gitId":"AkshayPranav19"},"content":"","lastModifiedDate":"2026-02-01T20:49:16","isFullCredit":false},{"lineNumber":26,"author":{"gitId":"AkshayPranav19"},"content":"        switch (command.getType()) {","lastModifiedDate":"2026-02-01T20:49:16","isFullCredit":false},{"lineNumber":27,"author":{"gitId":"AkshayPranav19"},"content":"        case BYE:","lastModifiedDate":"2026-02-01T20:49:16","isFullCredit":false},{"lineNumber":28,"author":{"gitId":"AkshayPranav19"},"content":"            printer.showBye();","lastModifiedDate":"2026-02-01T20:49:16","isFullCredit":false},{"lineNumber":29,"author":{"gitId":"AkshayPranav19"},"content":"            this.shouldExit \u003d true;","lastModifiedDate":"2026-02-01T20:49:16","isFullCredit":false},{"lineNumber":30,"author":{"gitId":"AkshayPranav19"},"content":"            break;","lastModifiedDate":"2026-02-01T20:49:16","isFullCredit":false},{"lineNumber":31,"author":{"gitId":"AkshayPranav19"},"content":"","lastModifiedDate":"2026-02-01T20:49:16","isFullCredit":false},{"lineNumber":32,"author":{"gitId":"AkshayPranav19"},"content":"        case LIST:","lastModifiedDate":"2026-02-01T20:49:16","isFullCredit":false},{"lineNumber":33,"author":{"gitId":"AkshayPranav19"},"content":"            printer.showTasks(tasks, taskCount);","lastModifiedDate":"2026-02-01T20:49:16","isFullCredit":false},{"lineNumber":34,"author":{"gitId":"AkshayPranav19"},"content":"            break;","lastModifiedDate":"2026-02-01T20:49:16","isFullCredit":false},{"lineNumber":35,"author":{"gitId":"AkshayPranav19"},"content":"","lastModifiedDate":"2026-02-01T20:49:16","isFullCredit":false},{"lineNumber":36,"author":{"gitId":"AkshayPranav19"},"content":"        case MARK:","lastModifiedDate":"2026-02-01T20:49:16","isFullCredit":false},{"lineNumber":37,"author":{"gitId":"AkshayPranav19"},"content":"            if (isNumeric(command.getArg1())) {","lastModifiedDate":"2026-02-01T20:49:16","isFullCredit":false},{"lineNumber":38,"author":{"gitId":"AkshayPranav19"},"content":"                int markIndex \u003d Integer.parseInt(command.getArg1()) - 1;","lastModifiedDate":"2026-02-01T20:49:16","isFullCredit":false},{"lineNumber":39,"author":{"gitId":"AkshayPranav19"},"content":"                tasks[markIndex].markTask();","lastModifiedDate":"2026-02-01T20:49:16","isFullCredit":false},{"lineNumber":40,"author":{"gitId":"AkshayPranav19"},"content":"                printer.showMarked(tasks[markIndex]);","lastModifiedDate":"2026-02-01T20:49:16","isFullCredit":false},{"lineNumber":41,"author":{"gitId":"AkshayPranav19"},"content":"            }","lastModifiedDate":"2026-02-01T20:49:16","isFullCredit":false},{"lineNumber":42,"author":{"gitId":"AkshayPranav19"},"content":"            break;","lastModifiedDate":"2026-02-01T20:49:16","isFullCredit":false},{"lineNumber":43,"author":{"gitId":"AkshayPranav19"},"content":"","lastModifiedDate":"2026-02-01T20:49:16","isFullCredit":false},{"lineNumber":44,"author":{"gitId":"AkshayPranav19"},"content":"        case UNMARK:","lastModifiedDate":"2026-02-01T20:49:16","isFullCredit":false},{"lineNumber":45,"author":{"gitId":"AkshayPranav19"},"content":"            if (isNumeric(command.getArg1())) {","lastModifiedDate":"2026-02-01T20:49:16","isFullCredit":false},{"lineNumber":46,"author":{"gitId":"AkshayPranav19"},"content":"                int unmarkIndex \u003d Integer.parseInt(command.getArg1()) - 1;","lastModifiedDate":"2026-02-01T20:49:16","isFullCredit":false},{"lineNumber":47,"author":{"gitId":"AkshayPranav19"},"content":"                tasks[unmarkIndex].unmarkTask();","lastModifiedDate":"2026-02-01T20:49:16","isFullCredit":false},{"lineNumber":48,"author":{"gitId":"AkshayPranav19"},"content":"                printer.showUnmarked(tasks[unmarkIndex]);","lastModifiedDate":"2026-02-01T20:49:16","isFullCredit":false},{"lineNumber":49,"author":{"gitId":"AkshayPranav19"},"content":"            }","lastModifiedDate":"2026-02-01T20:49:16","isFullCredit":false},{"lineNumber":50,"author":{"gitId":"AkshayPranav19"},"content":"            break;","lastModifiedDate":"2026-02-01T20:49:16","isFullCredit":false},{"lineNumber":51,"author":{"gitId":"AkshayPranav19"},"content":"","lastModifiedDate":"2026-02-01T20:49:16","isFullCredit":false},{"lineNumber":52,"author":{"gitId":"AkshayPranav19"},"content":"        case TODO:","lastModifiedDate":"2026-02-01T20:49:16","isFullCredit":false},{"lineNumber":53,"author":{"gitId":"AkshayPranav19"},"content":"            tasks[taskCount] \u003d new ToDo(command.getArg1());","lastModifiedDate":"2026-02-01T20:49:16","isFullCredit":false},{"lineNumber":54,"author":{"gitId":"AkshayPranav19"},"content":"            taskCount +\u003d 1;","lastModifiedDate":"2026-02-01T20:49:16","isFullCredit":false},{"lineNumber":55,"author":{"gitId":"AkshayPranav19"},"content":"            printer.showAdded(tasks[taskCount - 1], taskCount);","lastModifiedDate":"2026-02-01T20:49:16","isFullCredit":false},{"lineNumber":56,"author":{"gitId":"AkshayPranav19"},"content":"            break;","lastModifiedDate":"2026-02-01T20:49:16","isFullCredit":false},{"lineNumber":57,"author":{"gitId":"AkshayPranav19"},"content":"","lastModifiedDate":"2026-02-01T20:49:16","isFullCredit":false},{"lineNumber":58,"author":{"gitId":"AkshayPranav19"},"content":"        case DEADLINE:","lastModifiedDate":"2026-02-01T20:49:16","isFullCredit":false},{"lineNumber":59,"author":{"gitId":"AkshayPranav19"},"content":"            tasks[taskCount] \u003d new Deadline(command.getArg1(), command.getArg2());","lastModifiedDate":"2026-02-01T20:49:16","isFullCredit":false},{"lineNumber":60,"author":{"gitId":"AkshayPranav19"},"content":"            taskCount +\u003d 1;","lastModifiedDate":"2026-02-01T20:49:16","isFullCredit":false},{"lineNumber":61,"author":{"gitId":"AkshayPranav19"},"content":"            printer.showAdded(tasks[taskCount - 1], taskCount);","lastModifiedDate":"2026-02-01T20:49:16","isFullCredit":false},{"lineNumber":62,"author":{"gitId":"AkshayPranav19"},"content":"            break;","lastModifiedDate":"2026-02-01T20:49:16","isFullCredit":false},{"lineNumber":63,"author":{"gitId":"AkshayPranav19"},"content":"","lastModifiedDate":"2026-02-01T20:49:16","isFullCredit":false},{"lineNumber":64,"author":{"gitId":"AkshayPranav19"},"content":"        case EVENT:","lastModifiedDate":"2026-02-01T20:49:16","isFullCredit":false},{"lineNumber":65,"author":{"gitId":"AkshayPranav19"},"content":"            tasks[taskCount] \u003d new Event(command.getArg1(), command.getArg2(), command.getArg3());","lastModifiedDate":"2026-02-01T20:49:16","isFullCredit":false},{"lineNumber":66,"author":{"gitId":"AkshayPranav19"},"content":"            taskCount +\u003d 1;","lastModifiedDate":"2026-02-01T20:49:16","isFullCredit":false},{"lineNumber":67,"author":{"gitId":"AkshayPranav19"},"content":"            printer.showAdded(tasks[taskCount - 1], taskCount);","lastModifiedDate":"2026-02-01T20:49:16","isFullCredit":false},{"lineNumber":68,"author":{"gitId":"AkshayPranav19"},"content":"            break;","lastModifiedDate":"2026-02-01T20:49:16","isFullCredit":false},{"lineNumber":69,"author":{"gitId":"AkshayPranav19"},"content":"","lastModifiedDate":"2026-02-01T20:49:16","isFullCredit":false},{"lineNumber":70,"author":{"gitId":"AkshayPranav19"},"content":"        case UNKNOWN:","lastModifiedDate":"2026-02-01T20:49:16","isFullCredit":false},{"lineNumber":71,"author":{"gitId":"AkshayPranav19"},"content":"        default:","lastModifiedDate":"2026-02-01T20:49:16","isFullCredit":false},{"lineNumber":72,"author":{"gitId":"AkshayPranav19"},"content":"            printer.showDefault();","lastModifiedDate":"2026-02-01T20:49:16","isFullCredit":false},{"lineNumber":73,"author":{"gitId":"AkshayPranav19"},"content":"            break;","lastModifiedDate":"2026-02-01T20:49:16","isFullCredit":false},{"lineNumber":74,"author":{"gitId":"AkshayPranav19"},"content":"        }","lastModifiedDate":"2026-02-01T20:49:16","isFullCredit":false},{"lineNumber":75,"author":{"gitId":"AkshayPranav19"},"content":"","lastModifiedDate":"2026-02-01T20:49:16","isFullCredit":false},{"lineNumber":76,"author":{"gitId":"AkshayPranav19"},"content":"    }","lastModifiedDate":"2026-02-01T20:49:16","isFullCredit":false},{"lineNumber":77,"author":{"gitId":"AkshayPranav19"},"content":"","lastModifiedDate":"2026-02-01T20:49:16","isFullCredit":false},{"lineNumber":78,"author":{"gitId":"AkshayPranav19"},"content":"    public boolean shouldExit() {","lastModifiedDate":"2026-02-01T20:49:16","isFullCredit":false},{"lineNumber":79,"author":{"gitId":"AkshayPranav19"},"content":"        return shouldExit;","lastModifiedDate":"2026-02-01T20:49:16","isFullCredit":false},{"lineNumber":80,"author":{"gitId":"AkshayPranav19"},"content":"    }","lastModifiedDate":"2026-02-01T20:49:16","isFullCredit":false},{"lineNumber":81,"author":{"gitId":"AkshayPranav19"},"content":"","lastModifiedDate":"2026-02-01T20:49:16","isFullCredit":false},{"lineNumber":82,"author":{"gitId":"AkshayPranav19"},"content":"","lastModifiedDate":"2026-02-01T20:49:16","isFullCredit":false},{"lineNumber":83,"author":{"gitId":"AkshayPranav19"},"content":"}","lastModifiedDate":"2026-02-01T20:49:16","isFullCredit":false}],"authorContributionMap":{"AkshayPranav19":83}},{"path":"src/main/java/NexBot.java","fileType":"java","lines":[{"lineNumber":1,"author":{"gitId":"AkshayPranav19"},"content":"import java.util.Scanner;","lastModifiedDate":"2026-01-26T21:56:28","isFullCredit":false},{"lineNumber":2,"author":{"gitId":"AkshayPranav19"},"content":"","lastModifiedDate":"2026-01-26T21:56:28","isFullCredit":false},{"lineNumber":3,"author":{"gitId":"AkshayPranav19"},"content":"public class NexBot {","lastModifiedDate":"2026-01-21T22:53:19","isFullCredit":false},{"lineNumber":4,"author":{"gitId":"AkshayPranav19"},"content":"","lastModifiedDate":"2026-01-27T00:49:14","isFullCredit":false},{"lineNumber":5,"author":{"gitId":"AkshayPranav19"},"content":"","lastModifiedDate":"2026-01-27T00:49:14","isFullCredit":false},{"lineNumber":6,"author":{"gitId":"AkshayPranav19"},"content":"    public static void main(String[] args) {","lastModifiedDate":"2026-01-26T23:00:47","isFullCredit":false},{"lineNumber":7,"author":{"gitId":"AkshayPranav19"},"content":"","lastModifiedDate":"2026-01-26T21:56:28","isFullCredit":false},{"lineNumber":8,"author":{"gitId":"AkshayPranav19"},"content":"        Scanner scanner \u003d new Scanner(System.in);","lastModifiedDate":"2026-01-26T23:00:47","isFullCredit":false},{"lineNumber":9,"author":{"gitId":"AkshayPranav19"},"content":"        Executor executor \u003d new Executor();","lastModifiedDate":"2026-02-01T20:49:16","isFullCredit":false},{"lineNumber":10,"author":{"gitId":"AkshayPranav19"},"content":"","lastModifiedDate":"2026-01-26T21:56:28","isFullCredit":false},{"lineNumber":11,"author":{"gitId":"AkshayPranav19"},"content":"        do {","lastModifiedDate":"2026-02-01T20:49:16","isFullCredit":false},{"lineNumber":12,"author":{"gitId":"AkshayPranav19"},"content":"            String userInput \u003d scanner.nextLine().trim();","lastModifiedDate":"2026-01-26T23:00:47","isFullCredit":false},{"lineNumber":13,"author":{"gitId":"AkshayPranav19"},"content":"            Command command \u003d Parser.toCommandType(userInput);","lastModifiedDate":"2026-02-01T20:49:16","isFullCredit":false},{"lineNumber":14,"author":{"gitId":"AkshayPranav19"},"content":"            executor.execute(command);","lastModifiedDate":"2026-02-01T20:49:16","isFullCredit":false},{"lineNumber":15,"author":{"gitId":"AkshayPranav19"},"content":"","lastModifiedDate":"2026-01-21T22:53:19","isFullCredit":false},{"lineNumber":16,"author":{"gitId":"AkshayPranav19"},"content":"        } while (!executor.shouldExit());","lastModifiedDate":"2026-02-01T20:49:16","isFullCredit":false},{"lineNumber":17,"author":{"gitId":"AkshayPranav19"},"content":"","lastModifiedDate":"2026-01-27T00:49:14","isFullCredit":false},{"lineNumber":18,"author":{"gitId":"AkshayPranav19"},"content":"    }","lastModifiedDate":"2026-01-21T22:53:19","isFullCredit":false},{"lineNumber":19,"author":{"gitId":"AkshayPranav19"},"content":"}","lastModifiedDate":"2026-01-21T22:53:19","isFullCredit":false}],"authorContributionMap":{"AkshayPranav19":19}},{"path":"src/main/java/Parser.java","fileType":"java","lines":[{"lineNumber":1,"author":{"gitId":"AkshayPranav19"},"content":"public class Parser {","lastModifiedDate":"2026-02-01T20:49:16","isFullCredit":false},{"lineNumber":2,"author":{"gitId":"AkshayPranav19"},"content":"","lastModifiedDate":"2026-02-01T20:49:16","isFullCredit":false},{"lineNumber":3,"author":{"gitId":"AkshayPranav19"},"content":"    public static Command toCommandType(String s) {","lastModifiedDate":"2026-02-01T20:49:16","isFullCredit":false},{"lineNumber":4,"author":{"gitId":"AkshayPranav19"},"content":"        String[] splitInput \u003d s.split(\" \", 2);","lastModifiedDate":"2026-02-01T20:49:16","isFullCredit":false},{"lineNumber":5,"author":{"gitId":"AkshayPranav19"},"content":"        String firstCommand \u003d splitInput[0].toLowerCase();","lastModifiedDate":"2026-02-01T20:49:16","isFullCredit":false},{"lineNumber":6,"author":{"gitId":"AkshayPranav19"},"content":"        String secondCommand \u003d splitInput.length \u003e 1 ? splitInput[1] : \"\";","lastModifiedDate":"2026-02-01T20:49:16","isFullCredit":false},{"lineNumber":7,"author":{"gitId":"AkshayPranav19"},"content":"","lastModifiedDate":"2026-02-01T20:49:16","isFullCredit":false},{"lineNumber":8,"author":{"gitId":"AkshayPranav19"},"content":"        switch (firstCommand) {","lastModifiedDate":"2026-02-01T20:49:16","isFullCredit":false},{"lineNumber":9,"author":{"gitId":"AkshayPranav19"},"content":"        case \"bye\":","lastModifiedDate":"2026-02-01T20:49:16","isFullCredit":false},{"lineNumber":10,"author":{"gitId":"AkshayPranav19"},"content":"            return new Command(CommandType.BYE);","lastModifiedDate":"2026-02-01T20:49:16","isFullCredit":false},{"lineNumber":11,"author":{"gitId":"AkshayPranav19"},"content":"","lastModifiedDate":"2026-02-01T20:49:16","isFullCredit":false},{"lineNumber":12,"author":{"gitId":"AkshayPranav19"},"content":"        case \"list\":","lastModifiedDate":"2026-02-01T20:49:16","isFullCredit":false},{"lineNumber":13,"author":{"gitId":"AkshayPranav19"},"content":"            return new Command(CommandType.LIST);","lastModifiedDate":"2026-02-01T20:49:16","isFullCredit":false},{"lineNumber":14,"author":{"gitId":"AkshayPranav19"},"content":"","lastModifiedDate":"2026-02-01T20:49:16","isFullCredit":false},{"lineNumber":15,"author":{"gitId":"AkshayPranav19"},"content":"        case \"mark\":","lastModifiedDate":"2026-02-01T20:49:16","isFullCredit":false},{"lineNumber":16,"author":{"gitId":"AkshayPranav19"},"content":"            return new Command(CommandType.MARK, secondCommand);","lastModifiedDate":"2026-02-01T20:49:16","isFullCredit":false},{"lineNumber":17,"author":{"gitId":"AkshayPranav19"},"content":"","lastModifiedDate":"2026-02-01T20:49:16","isFullCredit":false},{"lineNumber":18,"author":{"gitId":"AkshayPranav19"},"content":"","lastModifiedDate":"2026-02-01T20:49:16","isFullCredit":false},{"lineNumber":19,"author":{"gitId":"AkshayPranav19"},"content":"        case \"unmark\":","lastModifiedDate":"2026-02-01T20:49:16","isFullCredit":false},{"lineNumber":20,"author":{"gitId":"AkshayPranav19"},"content":"            return new Command(CommandType.UNMARK, secondCommand);","lastModifiedDate":"2026-02-01T20:49:16","isFullCredit":false},{"lineNumber":21,"author":{"gitId":"AkshayPranav19"},"content":"","lastModifiedDate":"2026-02-01T20:49:16","isFullCredit":false},{"lineNumber":22,"author":{"gitId":"AkshayPranav19"},"content":"","lastModifiedDate":"2026-02-01T20:49:16","isFullCredit":false},{"lineNumber":23,"author":{"gitId":"AkshayPranav19"},"content":"        case \"todo\":","lastModifiedDate":"2026-02-01T20:49:16","isFullCredit":false},{"lineNumber":24,"author":{"gitId":"AkshayPranav19"},"content":"            return new Command(CommandType.TODO, secondCommand);","lastModifiedDate":"2026-02-01T20:49:16","isFullCredit":false},{"lineNumber":25,"author":{"gitId":"AkshayPranav19"},"content":"","lastModifiedDate":"2026-02-01T20:49:16","isFullCredit":false},{"lineNumber":26,"author":{"gitId":"AkshayPranav19"},"content":"        case \"deadline\":","lastModifiedDate":"2026-02-01T20:49:16","isFullCredit":false},{"lineNumber":27,"author":{"gitId":"AkshayPranav19"},"content":"            String[] deadlineTask \u003d secondCommand.split(\" /by \", 2);","lastModifiedDate":"2026-02-01T20:49:16","isFullCredit":false},{"lineNumber":28,"author":{"gitId":"AkshayPranav19"},"content":"            return new Command(CommandType.DEADLINE, deadlineTask[0], deadlineTask[1]);","lastModifiedDate":"2026-02-01T20:49:16","isFullCredit":false},{"lineNumber":29,"author":{"gitId":"AkshayPranav19"},"content":"","lastModifiedDate":"2026-02-01T20:49:16","isFullCredit":false},{"lineNumber":30,"author":{"gitId":"AkshayPranav19"},"content":"        case \"event\":","lastModifiedDate":"2026-02-01T20:49:16","isFullCredit":false},{"lineNumber":31,"author":{"gitId":"AkshayPranav19"},"content":"            String[] eventTask \u003d secondCommand.split(\" /from | /to \", 3);","lastModifiedDate":"2026-02-01T20:49:16","isFullCredit":false},{"lineNumber":32,"author":{"gitId":"AkshayPranav19"},"content":"            return new Command(CommandType.EVENT, eventTask[0], eventTask[1], eventTask[2]);","lastModifiedDate":"2026-02-01T20:49:16","isFullCredit":false},{"lineNumber":33,"author":{"gitId":"AkshayPranav19"},"content":"","lastModifiedDate":"2026-02-01T20:49:16","isFullCredit":false},{"lineNumber":34,"author":{"gitId":"AkshayPranav19"},"content":"        default:","lastModifiedDate":"2026-02-01T20:49:16","isFullCredit":false},{"lineNumber":35,"author":{"gitId":"AkshayPranav19"},"content":"            return new Command(CommandType.UNKNOWN, \"\", \"\");","lastModifiedDate":"2026-02-01T20:49:16","isFullCredit":false},{"lineNumber":36,"author":{"gitId":"AkshayPranav19"},"content":"        }","lastModifiedDate":"2026-02-01T20:49:16","isFullCredit":false},{"lineNumber":37,"author":{"gitId":"AkshayPranav19"},"content":"","lastModifiedDate":"2026-02-01T20:49:16","isFullCredit":false},{"lineNumber":38,"author":{"gitId":"AkshayPranav19"},"content":"    }","lastModifiedDate":"2026-02-01T20:49:16","isFullCredit":false},{"lineNumber":39,"author":{"gitId":"AkshayPranav19"},"content":"","lastModifiedDate":"2026-02-01T20:49:16","isFullCredit":false},{"lineNumber":40,"author":{"gitId":"AkshayPranav19"},"content":"","lastModifiedDate":"2026-02-01T20:49:16","isFullCredit":false},{"lineNumber":41,"author":{"gitId":"AkshayPranav19"},"content":"}","lastModifiedDate":"2026-02-01T20:49:16","isFullCredit":false}],"authorContributionMap":{"AkshayPranav19":41}},{"path":"src/main/java/Printer.java","fileType":"java","lines":[{"lineNumber":1,"author":{"gitId":"AkshayPranav19"},"content":"public class Printer {","lastModifiedDate":"2026-02-01T20:49:16","isFullCredit":false},{"lineNumber":2,"author":{"gitId":"AkshayPranav19"},"content":"    public static final String INDENT \u003d \"     \";","lastModifiedDate":"2026-02-01T20:49:16","isFullCredit":false},{"lineNumber":3,"author":{"gitId":"AkshayPranav19"},"content":"    public static final String DIVIDER_LINE \u003d \"____________________________________________________________\";","lastModifiedDate":"2026-02-01T20:49:16","isFullCredit":false},{"lineNumber":4,"author":{"gitId":"AkshayPranav19"},"content":"    public static final String logo \u003d","lastModifiedDate":"2026-02-01T20:49:16","isFullCredit":false},{"lineNumber":5,"author":{"gitId":"AkshayPranav19"},"content":"            \"     \" + \"  _   _            ____        _   \\n\"","lastModifiedDate":"2026-02-01T20:49:16","isFullCredit":false},{"lineNumber":6,"author":{"gitId":"AkshayPranav19"},"content":"                    + \"     \" + \" | \\\\ | | _____  __| __ )  ___ | |_ \\n\"","lastModifiedDate":"2026-02-01T20:49:16","isFullCredit":false},{"lineNumber":7,"author":{"gitId":"AkshayPranav19"},"content":"                    + \"     \" + \" |  \\\\| |/ _ \\\\ \\\\/ /|  _ \\\\ / _ \\\\| __|\\n\"","lastModifiedDate":"2026-02-01T20:49:16","isFullCredit":false},{"lineNumber":8,"author":{"gitId":"AkshayPranav19"},"content":"                    + \"     \" + \" | |\\\\  |  __/\u003e  \u003c | |_) | (_) | |_ \\n\"","lastModifiedDate":"2026-02-01T20:49:16","isFullCredit":false},{"lineNumber":9,"author":{"gitId":"AkshayPranav19"},"content":"                    + \"     \" + \" |_| \\\\_|\\\\___/_/\\\\_\\\\|____/ \\\\___/ \\\\__|\\n\";","lastModifiedDate":"2026-02-01T20:49:16","isFullCredit":false},{"lineNumber":10,"author":{"gitId":"AkshayPranav19"},"content":"","lastModifiedDate":"2026-02-01T20:49:16","isFullCredit":false},{"lineNumber":11,"author":{"gitId":"AkshayPranav19"},"content":"    public void showGreeting() {","lastModifiedDate":"2026-02-01T20:49:16","isFullCredit":false},{"lineNumber":12,"author":{"gitId":"AkshayPranav19"},"content":"        System.out.println(INDENT + DIVIDER_LINE);","lastModifiedDate":"2026-02-01T20:49:16","isFullCredit":false},{"lineNumber":13,"author":{"gitId":"AkshayPranav19"},"content":"        System.out.println(INDENT + \"Hello! I\u0027m\");","lastModifiedDate":"2026-02-01T20:49:16","isFullCredit":false},{"lineNumber":14,"author":{"gitId":"AkshayPranav19"},"content":"        System.out.println(logo);","lastModifiedDate":"2026-02-01T20:49:16","isFullCredit":false},{"lineNumber":15,"author":{"gitId":"AkshayPranav19"},"content":"        System.out.println(INDENT + \"NexBot is your personal task manager. I\u0027m here to help. What can I do for you?\");","lastModifiedDate":"2026-02-01T20:49:16","isFullCredit":false},{"lineNumber":16,"author":{"gitId":"AkshayPranav19"},"content":"        System.out.println(INDENT + DIVIDER_LINE);","lastModifiedDate":"2026-02-01T20:49:16","isFullCredit":false},{"lineNumber":17,"author":{"gitId":"AkshayPranav19"},"content":"    }","lastModifiedDate":"2026-02-01T20:49:16","isFullCredit":false},{"lineNumber":18,"author":{"gitId":"AkshayPranav19"},"content":"","lastModifiedDate":"2026-02-01T20:49:16","isFullCredit":false},{"lineNumber":19,"author":{"gitId":"AkshayPranav19"},"content":"    public void showBye() {","lastModifiedDate":"2026-02-01T20:49:16","isFullCredit":false},{"lineNumber":20,"author":{"gitId":"AkshayPranav19"},"content":"        System.out.println(INDENT + DIVIDER_LINE);","lastModifiedDate":"2026-02-01T20:49:16","isFullCredit":false},{"lineNumber":21,"author":{"gitId":"AkshayPranav19"},"content":"        System.out.println(INDENT + \"Bye. Hope to see you again soon!\");","lastModifiedDate":"2026-02-01T20:49:16","isFullCredit":false},{"lineNumber":22,"author":{"gitId":"AkshayPranav19"},"content":"        System.out.println(INDENT + \"Shutting down NexBot...\");","lastModifiedDate":"2026-02-01T20:49:16","isFullCredit":false},{"lineNumber":23,"author":{"gitId":"AkshayPranav19"},"content":"        System.out.println(INDENT + DIVIDER_LINE);","lastModifiedDate":"2026-02-01T20:49:16","isFullCredit":false},{"lineNumber":24,"author":{"gitId":"AkshayPranav19"},"content":"    }","lastModifiedDate":"2026-02-01T20:49:16","isFullCredit":false},{"lineNumber":25,"author":{"gitId":"AkshayPranav19"},"content":"","lastModifiedDate":"2026-02-01T20:49:16","isFullCredit":false},{"lineNumber":26,"author":{"gitId":"AkshayPranav19"},"content":"    public void showTasks(Task[] tasks, int taskCount) {","lastModifiedDate":"2026-02-01T20:49:16","isFullCredit":false},{"lineNumber":27,"author":{"gitId":"AkshayPranav19"},"content":"        System.out.println(INDENT + DIVIDER_LINE);","lastModifiedDate":"2026-02-01T20:49:16","isFullCredit":false},{"lineNumber":28,"author":{"gitId":"AkshayPranav19"},"content":"        if (taskCount \u003d\u003d 0) {","lastModifiedDate":"2026-02-01T20:49:16","isFullCredit":false},{"lineNumber":29,"author":{"gitId":"AkshayPranav19"},"content":"            System.out.println(INDENT + \"No tasks for you. NexBot wants you to take a good rest\");","lastModifiedDate":"2026-02-01T20:49:16","isFullCredit":false},{"lineNumber":30,"author":{"gitId":"AkshayPranav19"},"content":"        } else {","lastModifiedDate":"2026-02-01T20:49:16","isFullCredit":false},{"lineNumber":31,"author":{"gitId":"AkshayPranav19"},"content":"            for (int i \u003d 0; i \u003c taskCount; i +\u003d 1) {","lastModifiedDate":"2026-02-01T20:49:16","isFullCredit":false},{"lineNumber":32,"author":{"gitId":"AkshayPranav19"},"content":"                System.out.printf(INDENT + \"%d. %s%n\", i + 1, tasks[i].toString());","lastModifiedDate":"2026-02-01T20:49:16","isFullCredit":false},{"lineNumber":33,"author":{"gitId":"AkshayPranav19"},"content":"            }","lastModifiedDate":"2026-02-01T20:49:16","isFullCredit":false},{"lineNumber":34,"author":{"gitId":"AkshayPranav19"},"content":"        }","lastModifiedDate":"2026-02-01T20:49:16","isFullCredit":false},{"lineNumber":35,"author":{"gitId":"AkshayPranav19"},"content":"        System.out.println(INDENT + DIVIDER_LINE);","lastModifiedDate":"2026-02-01T20:49:16","isFullCredit":false},{"lineNumber":36,"author":{"gitId":"AkshayPranav19"},"content":"    }","lastModifiedDate":"2026-02-01T20:49:16","isFullCredit":false},{"lineNumber":37,"author":{"gitId":"AkshayPranav19"},"content":"","lastModifiedDate":"2026-02-01T20:49:16","isFullCredit":false},{"lineNumber":38,"author":{"gitId":"AkshayPranav19"},"content":"    public void showAdded(Task task, int taskCount) {","lastModifiedDate":"2026-02-01T20:49:16","isFullCredit":false},{"lineNumber":39,"author":{"gitId":"AkshayPranav19"},"content":"        System.out.println(INDENT + DIVIDER_LINE);","lastModifiedDate":"2026-02-01T20:49:16","isFullCredit":false},{"lineNumber":40,"author":{"gitId":"AkshayPranav19"},"content":"        System.out.println(INDENT + \"Got it. I\u0027ve added this task:\");","lastModifiedDate":"2026-02-01T20:49:16","isFullCredit":false},{"lineNumber":41,"author":{"gitId":"AkshayPranav19"},"content":"        System.out.println(INDENT + INDENT + task.toString());","lastModifiedDate":"2026-02-01T20:49:16","isFullCredit":false},{"lineNumber":42,"author":{"gitId":"AkshayPranav19"},"content":"        System.out.println(INDENT + \"Now you have \" + taskCount + \" tasks in the list.\");","lastModifiedDate":"2026-02-01T20:49:16","isFullCredit":false},{"lineNumber":43,"author":{"gitId":"AkshayPranav19"},"content":"        System.out.println(INDENT + DIVIDER_LINE);","lastModifiedDate":"2026-02-01T20:49:16","isFullCredit":false},{"lineNumber":44,"author":{"gitId":"AkshayPranav19"},"content":"","lastModifiedDate":"2026-02-01T20:49:16","isFullCredit":false},{"lineNumber":45,"author":{"gitId":"AkshayPranav19"},"content":"    }","lastModifiedDate":"2026-02-01T20:49:16","isFullCredit":false},{"lineNumber":46,"author":{"gitId":"AkshayPranav19"},"content":"","lastModifiedDate":"2026-02-01T20:49:16","isFullCredit":false},{"lineNumber":47,"author":{"gitId":"AkshayPranav19"},"content":"    public void showMarked(Task task) {","lastModifiedDate":"2026-02-01T20:49:16","isFullCredit":false},{"lineNumber":48,"author":{"gitId":"AkshayPranav19"},"content":"        System.out.println(INDENT + DIVIDER_LINE);","lastModifiedDate":"2026-02-01T20:49:16","isFullCredit":false},{"lineNumber":49,"author":{"gitId":"AkshayPranav19"},"content":"        System.out.println(INDENT + \"Nice! I\u0027ve marked this task as done:\");","lastModifiedDate":"2026-02-01T20:49:16","isFullCredit":false},{"lineNumber":50,"author":{"gitId":"AkshayPranav19"},"content":"        System.out.println(INDENT + INDENT + task.toString());","lastModifiedDate":"2026-02-01T20:49:16","isFullCredit":false},{"lineNumber":51,"author":{"gitId":"AkshayPranav19"},"content":"        System.out.println(INDENT + DIVIDER_LINE);","lastModifiedDate":"2026-02-01T20:49:16","isFullCredit":false},{"lineNumber":52,"author":{"gitId":"AkshayPranav19"},"content":"    }","lastModifiedDate":"2026-02-01T20:49:16","isFullCredit":false},{"lineNumber":53,"author":{"gitId":"AkshayPranav19"},"content":"","lastModifiedDate":"2026-02-01T20:49:16","isFullCredit":false},{"lineNumber":54,"author":{"gitId":"AkshayPranav19"},"content":"    public void showUnmarked(Task task) {","lastModifiedDate":"2026-02-01T20:49:16","isFullCredit":false},{"lineNumber":55,"author":{"gitId":"AkshayPranav19"},"content":"        System.out.println(INDENT + DIVIDER_LINE);","lastModifiedDate":"2026-02-01T20:49:16","isFullCredit":false},{"lineNumber":56,"author":{"gitId":"AkshayPranav19"},"content":"        System.out.println(INDENT + \"OK, I\u0027ve marked this task as not done yet:\");","lastModifiedDate":"2026-02-01T20:49:16","isFullCredit":false},{"lineNumber":57,"author":{"gitId":"AkshayPranav19"},"content":"        System.out.println(INDENT + INDENT + task.toString());","lastModifiedDate":"2026-02-01T20:49:16","isFullCredit":false},{"lineNumber":58,"author":{"gitId":"AkshayPranav19"},"content":"        System.out.println(INDENT + DIVIDER_LINE);","lastModifiedDate":"2026-02-01T20:49:16","isFullCredit":false},{"lineNumber":59,"author":{"gitId":"AkshayPranav19"},"content":"    }","lastModifiedDate":"2026-02-01T20:49:16","isFullCredit":false},{"lineNumber":60,"author":{"gitId":"AkshayPranav19"},"content":"","lastModifiedDate":"2026-02-01T20:49:16","isFullCredit":false},{"lineNumber":61,"author":{"gitId":"AkshayPranav19"},"content":"    public void showDefault() {","lastModifiedDate":"2026-02-01T20:49:16","isFullCredit":false},{"lineNumber":62,"author":{"gitId":"AkshayPranav19"},"content":"        System.out.println(INDENT + DIVIDER_LINE);","lastModifiedDate":"2026-02-01T20:49:16","isFullCredit":false},{"lineNumber":63,"author":{"gitId":"AkshayPranav19"},"content":"        System.out.println(INDENT + DIVIDER_LINE);","lastModifiedDate":"2026-02-01T20:49:16","isFullCredit":false},{"lineNumber":64,"author":{"gitId":"AkshayPranav19"},"content":"    }","lastModifiedDate":"2026-02-01T20:49:16","isFullCredit":false},{"lineNumber":65,"author":{"gitId":"AkshayPranav19"},"content":"}","lastModifiedDate":"2026-02-01T20:49:16","isFullCredit":false}],"authorContributionMap":{"AkshayPranav19":65}},{"path":"src/main/java/Task.java","fileType":"java","lines":[{"lineNumber":1,"author":{"gitId":"AkshayPranav19"},"content":"public class Task {","lastModifiedDate":"2026-01-27T00:49:14","isFullCredit":false},{"lineNumber":2,"author":{"gitId":"AkshayPranav19"},"content":"    private final String taskDescription;","lastModifiedDate":"2026-02-01T20:49:16","isFullCredit":false},{"lineNumber":3,"author":{"gitId":"AkshayPranav19"},"content":"    private boolean isDone;","lastModifiedDate":"2026-01-27T00:49:14","isFullCredit":false},{"lineNumber":4,"author":{"gitId":"AkshayPranav19"},"content":"","lastModifiedDate":"2026-01-27T00:49:14","isFullCredit":false},{"lineNumber":5,"author":{"gitId":"AkshayPranav19"},"content":"    public Task(String taskDescription) {","lastModifiedDate":"2026-01-27T00:49:14","isFullCredit":false},{"lineNumber":6,"author":{"gitId":"AkshayPranav19"},"content":"        this.isDone \u003d false;","lastModifiedDate":"2026-01-27T00:49:14","isFullCredit":false},{"lineNumber":7,"author":{"gitId":"AkshayPranav19"},"content":"        this.taskDescription \u003d taskDescription;","lastModifiedDate":"2026-01-27T00:49:14","isFullCredit":false},{"lineNumber":8,"author":{"gitId":"AkshayPranav19"},"content":"    }","lastModifiedDate":"2026-01-27T00:49:14","isFullCredit":false},{"lineNumber":9,"author":{"gitId":"AkshayPranav19"},"content":"","lastModifiedDate":"2026-01-27T01:09:35","isFullCredit":false},{"lineNumber":10,"author":{"gitId":"AkshayPranav19"},"content":"    public void markTask() {","lastModifiedDate":"2026-01-27T00:49:14","isFullCredit":false},{"lineNumber":11,"author":{"gitId":"AkshayPranav19"},"content":"        this.isDone \u003d true;","lastModifiedDate":"2026-01-27T00:49:14","isFullCredit":false},{"lineNumber":12,"author":{"gitId":"AkshayPranav19"},"content":"    }","lastModifiedDate":"2026-01-27T00:49:14","isFullCredit":false},{"lineNumber":13,"author":{"gitId":"AkshayPranav19"},"content":"","lastModifiedDate":"2026-01-27T00:49:14","isFullCredit":false},{"lineNumber":14,"author":{"gitId":"AkshayPranav19"},"content":"    public void unmarkTask() {","lastModifiedDate":"2026-01-27T00:49:14","isFullCredit":false},{"lineNumber":15,"author":{"gitId":"AkshayPranav19"},"content":"        this.isDone \u003d false;","lastModifiedDate":"2026-01-27T00:49:14","isFullCredit":false},{"lineNumber":16,"author":{"gitId":"AkshayPranav19"},"content":"    }","lastModifiedDate":"2026-01-27T00:49:14","isFullCredit":false},{"lineNumber":17,"author":{"gitId":"AkshayPranav19"},"content":"","lastModifiedDate":"2026-01-27T00:49:14","isFullCredit":false},{"lineNumber":18,"author":{"gitId":"AkshayPranav19"},"content":"    public boolean isDone() {","lastModifiedDate":"2026-01-27T00:49:14","isFullCredit":false},{"lineNumber":19,"author":{"gitId":"AkshayPranav19"},"content":"        return this.isDone;","lastModifiedDate":"2026-01-27T00:49:14","isFullCredit":false},{"lineNumber":20,"author":{"gitId":"AkshayPranav19"},"content":"    }","lastModifiedDate":"2026-01-27T00:49:14","isFullCredit":false},{"lineNumber":21,"author":{"gitId":"AkshayPranav19"},"content":"","lastModifiedDate":"2026-01-27T00:49:14","isFullCredit":false},{"lineNumber":22,"author":{"gitId":"AkshayPranav19"},"content":"    public String getTaskDescription() {","lastModifiedDate":"2026-01-27T00:49:14","isFullCredit":false},{"lineNumber":23,"author":{"gitId":"AkshayPranav19"},"content":"        return taskDescription;","lastModifiedDate":"2026-01-27T00:49:14","isFullCredit":false},{"lineNumber":24,"author":{"gitId":"AkshayPranav19"},"content":"    }","lastModifiedDate":"2026-01-27T00:49:14","isFullCredit":false},{"lineNumber":25,"author":{"gitId":"AkshayPranav19"},"content":"","lastModifiedDate":"2026-01-27T01:09:35","isFullCredit":false},{"lineNumber":26,"author":{"gitId":"AkshayPranav19"},"content":"    public String getStatusIcon() {","lastModifiedDate":"2026-01-27T00:49:14","isFullCredit":false},{"lineNumber":27,"author":{"gitId":"AkshayPranav19"},"content":"        return isDone ? \"[X]\" : \"[ ]\";","lastModifiedDate":"2026-01-27T00:49:14","isFullCredit":false},{"lineNumber":28,"author":{"gitId":"AkshayPranav19"},"content":"    }","lastModifiedDate":"2026-01-27T00:49:14","isFullCredit":false},{"lineNumber":29,"author":{"gitId":"AkshayPranav19"},"content":"","lastModifiedDate":"2026-01-27T00:49:14","isFullCredit":false},{"lineNumber":30,"author":{"gitId":"AkshayPranav19"},"content":"    @Override","lastModifiedDate":"2026-02-01T12:23:51","isFullCredit":false},{"lineNumber":31,"author":{"gitId":"AkshayPranav19"},"content":"    public String toString() {","lastModifiedDate":"2026-02-01T12:23:51","isFullCredit":false},{"lineNumber":32,"author":{"gitId":"AkshayPranav19"},"content":"        return \"\";","lastModifiedDate":"2026-02-01T12:23:51","isFullCredit":false},{"lineNumber":33,"author":{"gitId":"AkshayPranav19"},"content":"    }","lastModifiedDate":"2026-01-27T00:49:14","isFullCredit":false},{"lineNumber":34,"author":{"gitId":"AkshayPranav19"},"content":"}","lastModifiedDate":"2026-01-27T00:49:14","isFullCredit":false}],"authorContributionMap":{"AkshayPranav19":34}},{"path":"src/main/java/toDo.java","fileType":"java","lines":[{"lineNumber":1,"author":{"gitId":"AkshayPranav19"},"content":"public class ToDo extends Task {","lastModifiedDate":"2026-02-01T12:43:42","isFullCredit":false},{"lineNumber":2,"author":{"gitId":"AkshayPranav19"},"content":"","lastModifiedDate":"2026-02-01T12:23:51","isFullCredit":false},{"lineNumber":3,"author":{"gitId":"AkshayPranav19"},"content":"    public ToDo(String taskDescription) {","lastModifiedDate":"2026-02-01T12:43:42","isFullCredit":false},{"lineNumber":4,"author":{"gitId":"AkshayPranav19"},"content":"        super(taskDescription);","lastModifiedDate":"2026-02-01T12:23:51","isFullCredit":false},{"lineNumber":5,"author":{"gitId":"AkshayPranav19"},"content":"    }","lastModifiedDate":"2026-02-01T12:23:51","isFullCredit":false},{"lineNumber":6,"author":{"gitId":"AkshayPranav19"},"content":"","lastModifiedDate":"2026-02-01T12:23:51","isFullCredit":false},{"lineNumber":7,"author":{"gitId":"AkshayPranav19"},"content":"    @Override","lastModifiedDate":"2026-02-01T12:23:51","isFullCredit":false},{"lineNumber":8,"author":{"gitId":"AkshayPranav19"},"content":"    public String toString() {","lastModifiedDate":"2026-02-01T12:23:51","isFullCredit":false},{"lineNumber":9,"author":{"gitId":"AkshayPranav19"},"content":"        return \"[T]\" + getStatusIcon() + \" \" + getTaskDescription();","lastModifiedDate":"2026-02-01T12:23:51","isFullCredit":false},{"lineNumber":10,"author":{"gitId":"AkshayPranav19"},"content":"    }","lastModifiedDate":"2026-02-01T12:23:51","isFullCredit":false},{"lineNumber":11,"author":{"gitId":"AkshayPranav19"},"content":"}","lastModifiedDate":"2026-02-01T12:23:51","isFullCredit":false}],"authorContributionMap":{"AkshayPranav19":11}},{"path":"text-ui-test/input.txt","fileType":"txt","lines":[{"lineNumber":1,"author":{"gitId":"AkshayPranav19"},"content":"todo read book","lastModifiedDate":"2026-02-01T13:11:00","isFullCredit":false},{"lineNumber":2,"author":{"gitId":"AkshayPranav19"},"content":"deadline return book /by Sunday","lastModifiedDate":"2026-02-01T13:11:00","isFullCredit":false},{"lineNumber":3,"author":{"gitId":"AkshayPranav19"},"content":"event project meeting /from Monday /to Tuesday","lastModifiedDate":"2026-02-01T13:11:00","isFullCredit":false},{"lineNumber":4,"author":{"gitId":"AkshayPranav19"},"content":"todo gym","lastModifiedDate":"2026-02-01T13:11:00","isFullCredit":false},{"lineNumber":5,"author":{"gitId":"AkshayPranav19"},"content":"deadline submit report /by Friday","lastModifiedDate":"2026-02-01T13:11:00","isFullCredit":false},{"lineNumber":6,"author":{"gitId":"AkshayPranav19"},"content":"event dinner /from 7pm /to 9pm","lastModifiedDate":"2026-02-01T13:11:00","isFullCredit":false},{"lineNumber":7,"author":{"gitId":"AkshayPranav19"},"content":"mark 2","lastModifiedDate":"2026-02-01T13:11:00","isFullCredit":false},{"lineNumber":8,"author":{"gitId":"AkshayPranav19"},"content":"mark 6","lastModifiedDate":"2026-02-01T13:11:00","isFullCredit":false},{"lineNumber":9,"author":{"gitId":"AkshayPranav19"},"content":"list","lastModifiedDate":"2026-02-01T13:11:00","isFullCredit":false},{"lineNumber":10,"author":{"gitId":"AkshayPranav19"},"content":"unmark 2","lastModifiedDate":"2026-02-01T13:11:00","isFullCredit":false},{"lineNumber":11,"author":{"gitId":"AkshayPranav19"},"content":"unmark 6","lastModifiedDate":"2026-02-01T13:11:00","isFullCredit":false},{"lineNumber":12,"author":{"gitId":"AkshayPranav19"},"content":"list","lastModifiedDate":"2026-02-01T13:11:00","isFullCredit":false},{"lineNumber":13,"author":{"gitId":"AkshayPranav19"},"content":"bye","lastModifiedDate":"2026-02-01T13:11:00","isFullCredit":false}],"authorContributionMap":{"AkshayPranav19":13}},{"path":"text-ui-test/runtest.bat","fileType":"bat","lines":[{"lineNumber":1,"author":{"gitId":"-"},"content":"@ECHO OFF","lastModifiedDate":"2020-05-25T00:03:55","isFullCredit":false},{"lineNumber":2,"author":{"gitId":"-"},"content":"","lastModifiedDate":"2020-05-25T00:03:55","isFullCredit":false},{"lineNumber":3,"author":{"gitId":"-"},"content":"REM create bin directory if it doesn\u0027t exist","lastModifiedDate":"2020-05-25T00:03:55","isFullCredit":false},{"lineNumber":4,"author":{"gitId":"-"},"content":"if not exist ..\\bin mkdir ..\\bin","lastModifiedDate":"2020-05-25T00:03:55","isFullCredit":false},{"lineNumber":5,"author":{"gitId":"-"},"content":"","lastModifiedDate":"2020-05-25T00:03:55","isFullCredit":false},{"lineNumber":6,"author":{"gitId":"-"},"content":"REM delete output from previous run","lastModifiedDate":"2020-05-25T00:03:55","isFullCredit":false},{"lineNumber":7,"author":{"gitId":"-"},"content":"if exist ACTUAL.TXT del ACTUAL.TXT","lastModifiedDate":"2020-08-25T17:23:26","isFullCredit":false},{"lineNumber":8,"author":{"gitId":"-"},"content":"","lastModifiedDate":"2020-05-25T00:03:55","isFullCredit":false},{"lineNumber":9,"author":{"gitId":"-"},"content":"REM compile the code into the bin folder","lastModifiedDate":"2020-05-25T00:03:55","isFullCredit":false},{"lineNumber":10,"author":{"gitId":"-"},"content":"javac  -cp ..\\src\\main\\java -Xlint:none -d ..\\bin ..\\src\\main\\java\\*.java","lastModifiedDate":"2020-08-25T17:23:26","isFullCredit":false},{"lineNumber":11,"author":{"gitId":"-"},"content":"IF ERRORLEVEL 1 (","lastModifiedDate":"2020-05-25T00:03:55","isFullCredit":false},{"lineNumber":12,"author":{"gitId":"-"},"content":"    echo ********** BUILD FAILURE **********","lastModifiedDate":"2020-05-25T00:03:55","isFullCredit":false},{"lineNumber":13,"author":{"gitId":"-"},"content":"    exit /b 1","lastModifiedDate":"2020-05-25T00:03:55","isFullCredit":false},{"lineNumber":14,"author":{"gitId":"-"},"content":")","lastModifiedDate":"2020-05-25T00:03:55","isFullCredit":false},{"lineNumber":15,"author":{"gitId":"-"},"content":"REM no error here, errorlevel \u003d\u003d 0","lastModifiedDate":"2020-05-25T00:03:55","isFullCredit":false},{"lineNumber":16,"author":{"gitId":"-"},"content":"","lastModifiedDate":"2020-05-25T00:03:55","isFullCredit":false},{"lineNumber":17,"author":{"gitId":"-"},"content":"REM run the program, feed commands from input.txt file and redirect the output to the ACTUAL.TXT","lastModifiedDate":"2020-05-25T00:03:55","isFullCredit":false},{"lineNumber":18,"author":{"gitId":"AkshayPranav19"},"content":"java -classpath ..\\bin NexBot \u003c input.txt \u003e ACTUAL.TXT","lastModifiedDate":"2026-02-01T13:11:00","isFullCredit":false},{"lineNumber":19,"author":{"gitId":"AkshayPranav19"},"content":"","lastModifiedDate":"2026-02-01T13:11:00","isFullCredit":false},{"lineNumber":20,"author":{"gitId":"AkshayPranav19"},"content":"REM compare the output to the expected output (ignore whitespace differences)","lastModifiedDate":"2026-02-01T13:11:00","isFullCredit":false},{"lineNumber":21,"author":{"gitId":"AkshayPranav19"},"content":"FC /W ACTUAL.TXT EXPECTED.TXT \u003e NUL","lastModifiedDate":"2026-02-01T13:11:00","isFullCredit":false},{"lineNumber":22,"author":{"gitId":"AkshayPranav19"},"content":"IF ERRORLEVEL 1 (","lastModifiedDate":"2026-02-01T13:11:00","isFullCredit":false},{"lineNumber":23,"author":{"gitId":"AkshayPranav19"},"content":"    echo ********** TEST FAILED **********","lastModifiedDate":"2026-02-01T13:11:00","isFullCredit":false},{"lineNumber":24,"author":{"gitId":"AkshayPranav19"},"content":"    fc /w ACTUAL.TXT EXPECTED.TXT","lastModifiedDate":"2026-02-01T13:11:00","isFullCredit":false},{"lineNumber":25,"author":{"gitId":"AkshayPranav19"},"content":") ELSE (","lastModifiedDate":"2026-02-01T13:11:00","isFullCredit":false},{"lineNumber":26,"author":{"gitId":"AkshayPranav19"},"content":"    echo ********** TEST PASSED **********","lastModifiedDate":"2026-02-01T13:11:00","isFullCredit":false},{"lineNumber":27,"author":{"gitId":"AkshayPranav19"},"content":")","lastModifiedDate":"2026-02-01T13:11:00","isFullCredit":false},{"lineNumber":28,"author":{"gitId":"-"},"content":"","lastModifiedDate":"2020-05-25T00:03:55","isFullCredit":false}],"authorContributionMap":{"AkshayPranav19":10,"-":18}},{"path":"text-ui-test/runtest.sh","fileType":"sh","lines":[{"lineNumber":1,"author":{"gitId":"-"},"content":"#!/usr/bin/env bash","lastModifiedDate":"2020-05-25T00:03:55","isFullCredit":false},{"lineNumber":2,"author":{"gitId":"-"},"content":"","lastModifiedDate":"2020-05-25T00:03:55","isFullCredit":false},{"lineNumber":3,"author":{"gitId":"-"},"content":"# create bin directory if it doesn\u0027t exist","lastModifiedDate":"2020-05-25T00:03:55","isFullCredit":false},{"lineNumber":4,"author":{"gitId":"-"},"content":"if [ ! -d \"../bin\" ]","lastModifiedDate":"2020-05-25T00:03:55","isFullCredit":false},{"lineNumber":5,"author":{"gitId":"-"},"content":"then","lastModifiedDate":"2020-05-25T00:03:55","isFullCredit":false},{"lineNumber":6,"author":{"gitId":"-"},"content":"    mkdir ../bin","lastModifiedDate":"2020-05-25T00:03:55","isFullCredit":false},{"lineNumber":7,"author":{"gitId":"-"},"content":"fi","lastModifiedDate":"2020-05-25T00:03:55","isFullCredit":false},{"lineNumber":8,"author":{"gitId":"-"},"content":"","lastModifiedDate":"2020-05-25T00:03:55","isFullCredit":false},{"lineNumber":9,"author":{"gitId":"-"},"content":"# delete output from previous run","lastModifiedDate":"2020-05-25T00:03:55","isFullCredit":false},{"lineNumber":10,"author":{"gitId":"-"},"content":"if [ -e \"./ACTUAL.TXT\" ]","lastModifiedDate":"2020-05-25T00:03:55","isFullCredit":false},{"lineNumber":11,"author":{"gitId":"-"},"content":"then","lastModifiedDate":"2020-05-25T00:03:55","isFullCredit":false},{"lineNumber":12,"author":{"gitId":"-"},"content":"    rm ACTUAL.TXT","lastModifiedDate":"2020-05-25T00:03:55","isFullCredit":false},{"lineNumber":13,"author":{"gitId":"-"},"content":"fi","lastModifiedDate":"2020-05-25T00:03:55","isFullCredit":false},{"lineNumber":14,"author":{"gitId":"-"},"content":"","lastModifiedDate":"2020-05-25T00:03:55","isFullCredit":false},{"lineNumber":15,"author":{"gitId":"-"},"content":"# compile the code into the bin folder, terminates if error occurred","lastModifiedDate":"2020-05-25T00:03:55","isFullCredit":false},{"lineNumber":16,"author":{"gitId":"-"},"content":"if ! javac -cp ../src/main/java -Xlint:none -d ../bin ../src/main/java/*.java","lastModifiedDate":"2020-08-25T17:23:26","isFullCredit":false},{"lineNumber":17,"author":{"gitId":"-"},"content":"then","lastModifiedDate":"2020-05-25T00:03:55","isFullCredit":false},{"lineNumber":18,"author":{"gitId":"-"},"content":"    echo \"********** BUILD FAILURE **********\"","lastModifiedDate":"2020-05-25T00:03:55","isFullCredit":false},{"lineNumber":19,"author":{"gitId":"-"},"content":"    exit 1","lastModifiedDate":"2020-05-25T00:03:55","isFullCredit":false},{"lineNumber":20,"author":{"gitId":"-"},"content":"fi","lastModifiedDate":"2020-05-25T00:03:55","isFullCredit":false},{"lineNumber":21,"author":{"gitId":"-"},"content":"","lastModifiedDate":"2020-05-25T00:03:55","isFullCredit":false},{"lineNumber":22,"author":{"gitId":"-"},"content":"# run the program, feed commands from input.txt file and redirect the output to the ACTUAL.TXT","lastModifiedDate":"2020-05-25T00:03:55","isFullCredit":false},{"lineNumber":23,"author":{"gitId":"AkshayPranav19"},"content":"java -classpath ../bin NexBot \u003c input.txt \u003e ACTUAL.TXT","lastModifiedDate":"2026-02-01T13:11:00","isFullCredit":false},{"lineNumber":24,"author":{"gitId":"-"},"content":"","lastModifiedDate":"2020-05-25T00:03:55","isFullCredit":false},{"lineNumber":25,"author":{"gitId":"-"},"content":"# convert to UNIX format","lastModifiedDate":"2020-05-25T00:03:55","isFullCredit":false},{"lineNumber":26,"author":{"gitId":"-"},"content":"cp EXPECTED.TXT EXPECTED-UNIX.TXT","lastModifiedDate":"2020-05-25T00:03:55","isFullCredit":false},{"lineNumber":27,"author":{"gitId":"-"},"content":"dos2unix ACTUAL.TXT EXPECTED-UNIX.TXT","lastModifiedDate":"2020-05-25T00:03:55","isFullCredit":false},{"lineNumber":28,"author":{"gitId":"-"},"content":"","lastModifiedDate":"2020-05-25T00:03:55","isFullCredit":false},{"lineNumber":29,"author":{"gitId":"-"},"content":"# compare the output to the expected output","lastModifiedDate":"2020-05-25T00:03:55","isFullCredit":false},{"lineNumber":30,"author":{"gitId":"-"},"content":"diff ACTUAL.TXT EXPECTED-UNIX.TXT","lastModifiedDate":"2020-05-25T00:03:55","isFullCredit":false},{"lineNumber":31,"author":{"gitId":"-"},"content":"if [ $? -eq 0 ]","lastModifiedDate":"2020-05-25T00:03:55","isFullCredit":false},{"lineNumber":32,"author":{"gitId":"-"},"content":"then","lastModifiedDate":"2020-05-25T00:03:55","isFullCredit":false},{"lineNumber":33,"author":{"gitId":"-"},"content":"    echo \"Test result: PASSED\"","lastModifiedDate":"2020-05-25T00:03:55","isFullCredit":false},{"lineNumber":34,"author":{"gitId":"-"},"content":"    exit 0","lastModifiedDate":"2020-05-25T00:03:55","isFullCredit":false},{"lineNumber":35,"author":{"gitId":"-"},"content":"else","lastModifiedDate":"2020-05-25T00:03:55","isFullCredit":false},{"lineNumber":36,"author":{"gitId":"-"},"content":"    echo \"Test result: FAILED\"","lastModifiedDate":"2020-05-25T00:03:55","isFullCredit":false},{"lineNumber":37,"author":{"gitId":"-"},"content":"    exit 1","lastModifiedDate":"2020-05-25T00:03:55","isFullCredit":false},{"lineNumber":38,"author":{"gitId":"-"},"content":"fi","lastModifiedDate":"2020-05-25T00:03:55","isFullCredit":false}],"authorContributionMap":{"AkshayPranav19":1,"-":37}}]
