{"authorDailyContributionsMap":{"neerajehh":[{"date":"2026-01-28T00:00:00","commitResults":[{"hash":"660c1029909088b49742cefbb059bc357ac35b4b","isMergeCommit":false,"messageTitle":"Level-0: Rename, Greet, Exit","messageBody":"","tags":["Level-0"],"fileTypesAndContributionMap":{"java":{"insertions":11,"deletions":10},"bat":{"insertions":1,"deletions":1},"md":{"insertions":3,"deletions":3}}}]},{"date":"2026-01-30T00:00:00","commitResults":[{"hash":"81ce60a2d1e6fcf6d465504dedd5bc88a76155d2","isMergeCommit":false,"messageTitle":"Level-1: Echo","messageBody":"","tags":["Level-1"],"fileTypesAndContributionMap":{"java":{"insertions":19,"deletions":1}}},{"hash":"492ff5f507f41aec14c864701ff69b234f1d0595","isMergeCommit":false,"messageTitle":"Level-2: Add, List","messageBody":"","tags":["Level-2"],"fileTypesAndContributionMap":{"java":{"insertions":10,"deletions":1}}},{"hash":"7f387678dc1f1a9ba0cb0d2fc9293e859384447d","isMergeCommit":false,"messageTitle":"Level-3: Mark as Done","messageBody":"","tags":["Level-3"],"fileTypesAndContributionMap":{"java":{"insertions":48,"deletions":4}}}]},{"date":"2026-02-04T00:00:00","commitResults":[{"hash":"cebeaf7cb4f33c9324f6db16b874bab671bcf724","isMergeCommit":false,"messageTitle":"Level-4: Add Todo, Deadline, Event tasks","messageBody":"","tags":["Level-4","A-CodingStandard","A-CodeQuality"],"fileTypesAndContributionMap":{"java":{"insertions":74,"deletions":4}}}]}]},"authorFileTypeContributionMap":{"neerajehh":{"java":152,"md":3,"fxml":0,"sh":0,"bat":1,"gradle":0,"txt":0}},"authorContributionVariance":{"neerajehh":462.1098},"authorDisplayNameMap":{"neerajehh":"CS2113-W11-4 NEER..SSAN"}}
