[{"path":"src/main/java/Deadlines.java","fileType":"java","lines":[{"lineNumber":1,"author":{"gitId":"yy43yy"},"content":"public class Deadlines extends Task{","lastModifiedDate":"2026-02-10T01:38:03","isFullCredit":false},{"lineNumber":2,"author":{"gitId":"yy43yy"},"content":"    protected String by;","lastModifiedDate":"2026-02-10T01:38:03","isFullCredit":false},{"lineNumber":3,"author":{"gitId":"yy43yy"},"content":"","lastModifiedDate":"2026-02-10T01:38:03","isFullCredit":false},{"lineNumber":4,"author":{"gitId":"yy43yy"},"content":"    public Deadlines(String description, String by){","lastModifiedDate":"2026-02-10T01:38:03","isFullCredit":false},{"lineNumber":5,"author":{"gitId":"yy43yy"},"content":"        super(description);","lastModifiedDate":"2026-02-10T01:38:03","isFullCredit":false},{"lineNumber":6,"author":{"gitId":"yy43yy"},"content":"        this.by \u003d by;","lastModifiedDate":"2026-02-10T01:38:03","isFullCredit":false},{"lineNumber":7,"author":{"gitId":"yy43yy"},"content":"    }","lastModifiedDate":"2026-02-10T01:38:03","isFullCredit":false},{"lineNumber":8,"author":{"gitId":"yy43yy"},"content":"    public String getBy(){","lastModifiedDate":"2026-02-10T01:38:03","isFullCredit":false},{"lineNumber":9,"author":{"gitId":"yy43yy"},"content":"        return by;","lastModifiedDate":"2026-02-10T01:38:03","isFullCredit":false},{"lineNumber":10,"author":{"gitId":"yy43yy"},"content":"    }","lastModifiedDate":"2026-02-10T01:38:03","isFullCredit":false},{"lineNumber":11,"author":{"gitId":"yy43yy"},"content":"    public void setBy(String by){","lastModifiedDate":"2026-02-10T01:38:03","isFullCredit":false},{"lineNumber":12,"author":{"gitId":"yy43yy"},"content":"        this.by \u003d by;","lastModifiedDate":"2026-02-10T01:38:03","isFullCredit":false},{"lineNumber":13,"author":{"gitId":"yy43yy"},"content":"    }","lastModifiedDate":"2026-02-10T01:38:03","isFullCredit":false},{"lineNumber":14,"author":{"gitId":"yy43yy"},"content":"    public String toString(){","lastModifiedDate":"2026-02-10T01:38:03","isFullCredit":false},{"lineNumber":15,"author":{"gitId":"yy43yy"},"content":"        return \"[D]\" + super.toString() + \"(by:\" +getBy() +\")\";","lastModifiedDate":"2026-02-10T01:38:03","isFullCredit":false},{"lineNumber":16,"author":{"gitId":"yy43yy"},"content":"    }","lastModifiedDate":"2026-02-10T01:38:03","isFullCredit":false},{"lineNumber":17,"author":{"gitId":"yy43yy"},"content":"","lastModifiedDate":"2026-02-10T01:38:03","isFullCredit":false},{"lineNumber":18,"author":{"gitId":"yy43yy"},"content":"}","lastModifiedDate":"2026-02-10T01:38:03","isFullCredit":false}],"authorContributionMap":{"yy43yy":18}},{"path":"src/main/java/Duke.java","fileType":"java","lines":[{"lineNumber":1,"author":{"gitId":"yy43yy"},"content":"import java.util.Scanner;","lastModifiedDate":"2026-02-03T23:37:37","isFullCredit":false},{"lineNumber":2,"author":{"gitId":"yy43yy"},"content":"","lastModifiedDate":"2026-02-03T23:37:37","isFullCredit":false},{"lineNumber":3,"author":{"gitId":"-"},"content":"public class Duke {","lastModifiedDate":"2019-07-29T17:14:46","isFullCredit":false},{"lineNumber":4,"author":{"gitId":"yy43yy"},"content":"    public static void printLine(){","lastModifiedDate":"2026-02-10T14:25:44","isFullCredit":false},{"lineNumber":5,"author":{"gitId":"yy43yy"},"content":"        System.out.println(\"____________________________________________________________\");","lastModifiedDate":"2026-02-03T23:15:25","isFullCredit":false},{"lineNumber":6,"author":{"gitId":"yy43yy"},"content":"    }","lastModifiedDate":"2026-02-10T14:25:44","isFullCredit":false},{"lineNumber":7,"author":{"gitId":"yy43yy"},"content":"","lastModifiedDate":"2026-02-03T23:37:37","isFullCredit":false},{"lineNumber":8,"author":{"gitId":"yy43yy"},"content":"    public static void printList(Task[] tasks, int taskCount){","lastModifiedDate":"2026-02-10T14:25:44","isFullCredit":false},{"lineNumber":9,"author":{"gitId":"yy43yy"},"content":"        for(int i\u003d0;i\u003ctaskCount;i++){","lastModifiedDate":"2026-02-10T14:25:44","isFullCredit":false},{"lineNumber":10,"author":{"gitId":"yy43yy"},"content":"            System.out.println((i+1)+\". \"+tasks[i]);","lastModifiedDate":"2026-02-10T14:25:44","isFullCredit":false},{"lineNumber":11,"author":{"gitId":"yy43yy"},"content":"        }","lastModifiedDate":"2026-02-10T14:25:44","isFullCredit":false},{"lineNumber":12,"author":{"gitId":"yy43yy"},"content":"    }","lastModifiedDate":"2026-02-04T00:00:27","isFullCredit":false},{"lineNumber":13,"author":{"gitId":"yy43yy"},"content":"","lastModifiedDate":"2026-02-03T23:37:37","isFullCredit":false},{"lineNumber":14,"author":{"gitId":"yy43yy"},"content":"    public static void handleMark(String input,Task[] tasks){","lastModifiedDate":"2026-02-10T14:25:44","isFullCredit":false},{"lineNumber":15,"author":{"gitId":"yy43yy"},"content":"        String[] parts \u003d input.split(\" \");","lastModifiedDate":"2026-02-08T18:49:10","isFullCredit":false},{"lineNumber":16,"author":{"gitId":"yy43yy"},"content":"        int taskNumber \u003d Integer.parseInt(parts[1]);","lastModifiedDate":"2026-02-08T18:49:10","isFullCredit":false},{"lineNumber":17,"author":{"gitId":"yy43yy"},"content":"        tasks[taskNumber-1].markDone();","lastModifiedDate":"2026-02-08T18:49:10","isFullCredit":false},{"lineNumber":18,"author":{"gitId":"yy43yy"},"content":"","lastModifiedDate":"2026-02-04T01:07:27","isFullCredit":false},{"lineNumber":19,"author":{"gitId":"yy43yy"},"content":"        printLine();","lastModifiedDate":"2026-02-10T14:25:44","isFullCredit":false},{"lineNumber":20,"author":{"gitId":"yy43yy"},"content":"        System.out.println(\"Nice! I\u0027ve marked this task as done:\");","lastModifiedDate":"2026-02-04T01:07:27","isFullCredit":false},{"lineNumber":21,"author":{"gitId":"yy43yy"},"content":"        System.out.println(tasks[taskNumber-1]);","lastModifiedDate":"2026-02-08T18:49:10","isFullCredit":false},{"lineNumber":22,"author":{"gitId":"yy43yy"},"content":"        printLine();","lastModifiedDate":"2026-02-10T14:25:44","isFullCredit":false},{"lineNumber":23,"author":{"gitId":"yy43yy"},"content":"    }","lastModifiedDate":"2026-02-10T14:25:44","isFullCredit":false},{"lineNumber":24,"author":{"gitId":"yy43yy"},"content":"","lastModifiedDate":"2026-02-04T01:07:27","isFullCredit":false},{"lineNumber":25,"author":{"gitId":"yy43yy"},"content":"    public static void handleUnmark(String input,Task[] tasks){","lastModifiedDate":"2026-02-10T14:25:44","isFullCredit":false},{"lineNumber":26,"author":{"gitId":"yy43yy"},"content":"        String[] parts \u003d input.split(\" \");","lastModifiedDate":"2026-02-08T18:49:10","isFullCredit":false},{"lineNumber":27,"author":{"gitId":"yy43yy"},"content":"        int taskNumber \u003d Integer.parseInt(parts[1]);","lastModifiedDate":"2026-02-10T01:38:03","isFullCredit":false},{"lineNumber":28,"author":{"gitId":"yy43yy"},"content":"        tasks[taskNumber-1].unmarkDone();","lastModifiedDate":"2026-02-08T18:49:10","isFullCredit":false},{"lineNumber":29,"author":{"gitId":"yy43yy"},"content":"","lastModifiedDate":"2026-02-04T01:07:27","isFullCredit":false},{"lineNumber":30,"author":{"gitId":"yy43yy"},"content":"        printLine();","lastModifiedDate":"2026-02-10T14:25:44","isFullCredit":false},{"lineNumber":31,"author":{"gitId":"yy43yy"},"content":"        System.out.println(\"OK, I\u0027ve marked this task as not done yet:\");","lastModifiedDate":"2026-02-04T01:07:27","isFullCredit":false},{"lineNumber":32,"author":{"gitId":"yy43yy"},"content":"        System.out.println(tasks[taskNumber-1]);","lastModifiedDate":"2026-02-08T18:49:10","isFullCredit":false},{"lineNumber":33,"author":{"gitId":"yy43yy"},"content":"        printLine();","lastModifiedDate":"2026-02-10T14:25:44","isFullCredit":false},{"lineNumber":34,"author":{"gitId":"yy43yy"},"content":"    }","lastModifiedDate":"2026-02-10T14:25:44","isFullCredit":false},{"lineNumber":35,"author":{"gitId":"yy43yy"},"content":"","lastModifiedDate":"2026-02-04T01:07:27","isFullCredit":false},{"lineNumber":36,"author":{"gitId":"yy43yy"},"content":"    public static int handleTodo(String input,Task[] tasks,int taskCount ) throws DukeException{","lastModifiedDate":"2026-02-14T00:00:12","isFullCredit":false},{"lineNumber":37,"author":{"gitId":"yy43yy"},"content":"        input \u003d input.substring(4).trim();","lastModifiedDate":"2026-02-10T01:38:03","isFullCredit":false},{"lineNumber":38,"author":{"gitId":"yy43yy"},"content":"        if(input.isEmpty()){","lastModifiedDate":"2026-02-14T00:00:12","isFullCredit":false},{"lineNumber":39,"author":{"gitId":"yy43yy"},"content":"            throw new DukeException(\"The description of a todo cannot be empty.\");","lastModifiedDate":"2026-02-14T00:00:12","isFullCredit":false},{"lineNumber":40,"author":{"gitId":"yy43yy"},"content":"        }","lastModifiedDate":"2026-02-14T00:00:12","isFullCredit":false},{"lineNumber":41,"author":{"gitId":"yy43yy"},"content":"        tasks[taskCount] \u003d new Todos(input);","lastModifiedDate":"2026-02-10T01:38:03","isFullCredit":false},{"lineNumber":42,"author":{"gitId":"yy43yy"},"content":"","lastModifiedDate":"2026-02-10T01:38:03","isFullCredit":false},{"lineNumber":43,"author":{"gitId":"yy43yy"},"content":"        printLine();","lastModifiedDate":"2026-02-10T14:25:44","isFullCredit":false},{"lineNumber":44,"author":{"gitId":"yy43yy"},"content":"        System.out.println(\"Got it. I\u0027ve added this task:\");","lastModifiedDate":"2026-02-10T01:38:03","isFullCredit":false},{"lineNumber":45,"author":{"gitId":"yy43yy"},"content":"        System.out.println(tasks[taskCount].toString());","lastModifiedDate":"2026-02-10T01:38:03","isFullCredit":false},{"lineNumber":46,"author":{"gitId":"yy43yy"},"content":"        taskCount++;","lastModifiedDate":"2026-02-10T01:38:03","isFullCredit":false},{"lineNumber":47,"author":{"gitId":"yy43yy"},"content":"        System.out.println(\"Now you have \" + taskCount + \" tasks in the list\");","lastModifiedDate":"2026-02-10T01:38:03","isFullCredit":false},{"lineNumber":48,"author":{"gitId":"yy43yy"},"content":"        printLine();","lastModifiedDate":"2026-02-10T14:25:44","isFullCredit":false},{"lineNumber":49,"author":{"gitId":"yy43yy"},"content":"        return taskCount;","lastModifiedDate":"2026-02-10T14:25:44","isFullCredit":false},{"lineNumber":50,"author":{"gitId":"yy43yy"},"content":"    }","lastModifiedDate":"2026-02-10T14:25:44","isFullCredit":false},{"lineNumber":51,"author":{"gitId":"yy43yy"},"content":"    public static int handleDeadline(String input,Task[] tasks,int taskCount) throws DukeException{","lastModifiedDate":"2026-02-14T00:00:12","isFullCredit":false},{"lineNumber":52,"author":{"gitId":"yy43yy"},"content":"        input \u003d input.substring((8)).trim();","lastModifiedDate":"2026-02-10T01:38:03","isFullCredit":false},{"lineNumber":53,"author":{"gitId":"yy43yy"},"content":"        if(input.isEmpty()){","lastModifiedDate":"2026-02-14T00:00:12","isFullCredit":false},{"lineNumber":54,"author":{"gitId":"yy43yy"},"content":"            throw new DukeException(\"The description of a deadline cannot be empty.\");","lastModifiedDate":"2026-02-14T00:00:12","isFullCredit":false},{"lineNumber":55,"author":{"gitId":"yy43yy"},"content":"        }","lastModifiedDate":"2026-02-14T00:00:12","isFullCredit":false},{"lineNumber":56,"author":{"gitId":"yy43yy"},"content":"        String[] parts \u003d input.split(\"/by\");","lastModifiedDate":"2026-02-10T01:38:03","isFullCredit":false},{"lineNumber":57,"author":{"gitId":"yy43yy"},"content":"        tasks[taskCount] \u003d new Deadlines(parts[0],parts[1]);","lastModifiedDate":"2026-02-10T01:38:03","isFullCredit":false},{"lineNumber":58,"author":{"gitId":"yy43yy"},"content":"        printLine();","lastModifiedDate":"2026-02-10T14:25:44","isFullCredit":false},{"lineNumber":59,"author":{"gitId":"yy43yy"},"content":"        System.out.println(\"Got it. I\u0027ve added this task:\");","lastModifiedDate":"2026-02-10T01:38:03","isFullCredit":false},{"lineNumber":60,"author":{"gitId":"yy43yy"},"content":"        System.out.println(tasks[taskCount].toString());","lastModifiedDate":"2026-02-10T01:38:03","isFullCredit":false},{"lineNumber":61,"author":{"gitId":"yy43yy"},"content":"        taskCount++;","lastModifiedDate":"2026-02-10T01:38:03","isFullCredit":false},{"lineNumber":62,"author":{"gitId":"yy43yy"},"content":"        System.out.println(\"Now you have \" + taskCount + \" tasks in the list\");","lastModifiedDate":"2026-02-10T01:38:03","isFullCredit":false},{"lineNumber":63,"author":{"gitId":"yy43yy"},"content":"        printLine();","lastModifiedDate":"2026-02-10T14:25:44","isFullCredit":false},{"lineNumber":64,"author":{"gitId":"yy43yy"},"content":"        return taskCount;","lastModifiedDate":"2026-02-10T14:25:44","isFullCredit":false},{"lineNumber":65,"author":{"gitId":"yy43yy"},"content":"    }","lastModifiedDate":"2026-02-10T14:25:44","isFullCredit":false},{"lineNumber":66,"author":{"gitId":"yy43yy"},"content":"    public static int handleEvent(String input,Task[] tasks,int taskCount)throws DukeException{","lastModifiedDate":"2026-02-14T00:00:12","isFullCredit":false},{"lineNumber":67,"author":{"gitId":"yy43yy"},"content":"        input \u003d input.substring((5)).trim();","lastModifiedDate":"2026-02-10T01:38:03","isFullCredit":false},{"lineNumber":68,"author":{"gitId":"yy43yy"},"content":"        if(input.isEmpty()){","lastModifiedDate":"2026-02-14T00:00:12","isFullCredit":false},{"lineNumber":69,"author":{"gitId":"yy43yy"},"content":"            throw new DukeException(\"The description of a event cannot be empty.\");","lastModifiedDate":"2026-02-14T00:00:12","isFullCredit":false},{"lineNumber":70,"author":{"gitId":"yy43yy"},"content":"        }","lastModifiedDate":"2026-02-14T00:00:12","isFullCredit":false},{"lineNumber":71,"author":{"gitId":"yy43yy"},"content":"        String[] parts \u003d input.split(\"/\");","lastModifiedDate":"2026-02-10T01:38:03","isFullCredit":false},{"lineNumber":72,"author":{"gitId":"yy43yy"},"content":"        tasks[taskCount]\u003d new Events(parts[0],parts[1].substring(4),parts[2].substring(2));","lastModifiedDate":"2026-02-10T01:38:03","isFullCredit":false},{"lineNumber":73,"author":{"gitId":"yy43yy"},"content":"        printLine();","lastModifiedDate":"2026-02-10T14:25:44","isFullCredit":false},{"lineNumber":74,"author":{"gitId":"yy43yy"},"content":"        System.out.println(\"Got it. I\u0027ve added this task:\");","lastModifiedDate":"2026-02-10T01:38:03","isFullCredit":false},{"lineNumber":75,"author":{"gitId":"yy43yy"},"content":"        System.out.println(tasks[taskCount].toString());","lastModifiedDate":"2026-02-10T01:38:03","isFullCredit":false},{"lineNumber":76,"author":{"gitId":"yy43yy"},"content":"        taskCount++;","lastModifiedDate":"2026-02-10T01:38:03","isFullCredit":false},{"lineNumber":77,"author":{"gitId":"yy43yy"},"content":"        System.out.println(\"Now you have \" + taskCount + \" tasks in the list\");","lastModifiedDate":"2026-02-10T01:38:03","isFullCredit":false},{"lineNumber":78,"author":{"gitId":"yy43yy"},"content":"        printLine();","lastModifiedDate":"2026-02-10T14:25:44","isFullCredit":false},{"lineNumber":79,"author":{"gitId":"yy43yy"},"content":"        return taskCount;","lastModifiedDate":"2026-02-10T14:25:44","isFullCredit":false},{"lineNumber":80,"author":{"gitId":"yy43yy"},"content":"    }","lastModifiedDate":"2026-02-10T14:25:44","isFullCredit":false},{"lineNumber":81,"author":{"gitId":"yy43yy"},"content":"","lastModifiedDate":"2026-02-10T01:38:03","isFullCredit":false},{"lineNumber":82,"author":{"gitId":"-"},"content":"    public static void main(String[] args) {","lastModifiedDate":"2026-02-10T14:25:44","isFullCredit":false},{"lineNumber":83,"author":{"gitId":"yy43yy"},"content":"        String input;","lastModifiedDate":"2026-02-10T14:25:44","isFullCredit":false},{"lineNumber":84,"author":{"gitId":"yy43yy"},"content":"        Scanner in \u003d new Scanner(System.in);","lastModifiedDate":"2026-02-10T14:25:44","isFullCredit":false},{"lineNumber":85,"author":{"gitId":"yy43yy"},"content":"","lastModifiedDate":"2026-02-03T23:15:25","isFullCredit":false},{"lineNumber":86,"author":{"gitId":"yy43yy"},"content":"        Task[] tasks \u003d new Task[100];","lastModifiedDate":"2026-02-10T14:25:44","isFullCredit":false},{"lineNumber":87,"author":{"gitId":"yy43yy"},"content":"        int taskCount \u003d 0;","lastModifiedDate":"2026-02-10T14:25:44","isFullCredit":false},{"lineNumber":88,"author":{"gitId":"yy43yy"},"content":"        printLine();","lastModifiedDate":"2026-02-10T14:25:44","isFullCredit":false},{"lineNumber":89,"author":{"gitId":"yy43yy"},"content":"        System.out.println(\"Hello! I\u0027m yy\");","lastModifiedDate":"2026-02-10T14:25:44","isFullCredit":false},{"lineNumber":90,"author":{"gitId":"yy43yy"},"content":"        System.out.println(\"What can I do for you?\");","lastModifiedDate":"2026-02-10T14:25:44","isFullCredit":false},{"lineNumber":91,"author":{"gitId":"yy43yy"},"content":"","lastModifiedDate":"2026-02-10T14:25:44","isFullCredit":false},{"lineNumber":92,"author":{"gitId":"yy43yy"},"content":"        while (true) {","lastModifiedDate":"2026-02-10T14:25:44","isFullCredit":false},{"lineNumber":93,"author":{"gitId":"yy43yy"},"content":"            input \u003d in.nextLine();","lastModifiedDate":"2026-02-10T14:25:44","isFullCredit":false},{"lineNumber":94,"author":{"gitId":"yy43yy"},"content":"            String [] words \u003d input.split(\" \",2);","lastModifiedDate":"2026-02-10T14:25:44","isFullCredit":false},{"lineNumber":95,"author":{"gitId":"yy43yy"},"content":"            String command \u003d words[0];","lastModifiedDate":"2026-02-10T14:25:44","isFullCredit":false},{"lineNumber":96,"author":{"gitId":"yy43yy"},"content":"            try {","lastModifiedDate":"2026-02-14T00:00:12","isFullCredit":false},{"lineNumber":97,"author":{"gitId":"yy43yy"},"content":"                switch (command) {","lastModifiedDate":"2026-02-10T14:25:44","isFullCredit":false},{"lineNumber":98,"author":{"gitId":"yy43yy"},"content":"                    case \"list\":","lastModifiedDate":"2026-02-10T14:25:44","isFullCredit":false},{"lineNumber":99,"author":{"gitId":"yy43yy"},"content":"                        printList(tasks, taskCount);","lastModifiedDate":"2026-02-10T14:25:44","isFullCredit":false},{"lineNumber":100,"author":{"gitId":"yy43yy"},"content":"                        break;","lastModifiedDate":"2026-02-10T14:25:44","isFullCredit":false},{"lineNumber":101,"author":{"gitId":"yy43yy"},"content":"                    case \"mark\":","lastModifiedDate":"2026-02-10T14:25:44","isFullCredit":false},{"lineNumber":102,"author":{"gitId":"yy43yy"},"content":"                        handleMark(input, tasks);","lastModifiedDate":"2026-02-10T14:25:44","isFullCredit":false},{"lineNumber":103,"author":{"gitId":"yy43yy"},"content":"                        break;","lastModifiedDate":"2026-02-10T14:25:44","isFullCredit":false},{"lineNumber":104,"author":{"gitId":"yy43yy"},"content":"                    case \"unmark\":","lastModifiedDate":"2026-02-10T14:25:44","isFullCredit":false},{"lineNumber":105,"author":{"gitId":"yy43yy"},"content":"                        handleUnmark(input, tasks);","lastModifiedDate":"2026-02-10T14:25:44","isFullCredit":false},{"lineNumber":106,"author":{"gitId":"yy43yy"},"content":"                        break;","lastModifiedDate":"2026-02-10T14:25:44","isFullCredit":false},{"lineNumber":107,"author":{"gitId":"yy43yy"},"content":"                    case \"todo\":","lastModifiedDate":"2026-02-10T14:25:44","isFullCredit":false},{"lineNumber":108,"author":{"gitId":"yy43yy"},"content":"                        try {","lastModifiedDate":"2026-02-14T00:00:12","isFullCredit":false},{"lineNumber":109,"author":{"gitId":"yy43yy"},"content":"                            taskCount \u003d handleTodo(input, tasks, taskCount);","lastModifiedDate":"2026-02-10T14:25:44","isFullCredit":false},{"lineNumber":110,"author":{"gitId":"yy43yy"},"content":"                        } catch (DukeException e) {","lastModifiedDate":"2026-02-14T00:00:12","isFullCredit":false},{"lineNumber":111,"author":{"gitId":"yy43yy"},"content":"                            printLine();","lastModifiedDate":"2026-02-14T00:00:12","isFullCredit":false},{"lineNumber":112,"author":{"gitId":"yy43yy"},"content":"                            System.out.println(\" OOPS!!! \" + e.getMessage());","lastModifiedDate":"2026-02-14T00:00:12","isFullCredit":false},{"lineNumber":113,"author":{"gitId":"yy43yy"},"content":"                            printLine();","lastModifiedDate":"2026-02-14T00:00:12","isFullCredit":false},{"lineNumber":114,"author":{"gitId":"yy43yy"},"content":"                        }","lastModifiedDate":"2026-02-14T00:00:12","isFullCredit":false},{"lineNumber":115,"author":{"gitId":"yy43yy"},"content":"                        break;","lastModifiedDate":"2026-02-10T14:25:44","isFullCredit":false},{"lineNumber":116,"author":{"gitId":"yy43yy"},"content":"                    case \"deadline\":","lastModifiedDate":"2026-02-10T14:25:44","isFullCredit":false},{"lineNumber":117,"author":{"gitId":"yy43yy"},"content":"                        try {","lastModifiedDate":"2026-02-14T00:00:12","isFullCredit":false},{"lineNumber":118,"author":{"gitId":"yy43yy"},"content":"                            taskCount \u003d handleDeadline(input, tasks, taskCount);","lastModifiedDate":"2026-02-10T14:25:44","isFullCredit":false},{"lineNumber":119,"author":{"gitId":"yy43yy"},"content":"                        } catch (DukeException e) {","lastModifiedDate":"2026-02-14T00:00:12","isFullCredit":false},{"lineNumber":120,"author":{"gitId":"yy43yy"},"content":"                            printLine();","lastModifiedDate":"2026-02-14T00:00:12","isFullCredit":false},{"lineNumber":121,"author":{"gitId":"yy43yy"},"content":"                            System.out.println(\" OOPS!!! \" + e.getMessage());","lastModifiedDate":"2026-02-14T00:00:12","isFullCredit":false},{"lineNumber":122,"author":{"gitId":"yy43yy"},"content":"                            printLine();","lastModifiedDate":"2026-02-14T00:00:12","isFullCredit":false},{"lineNumber":123,"author":{"gitId":"yy43yy"},"content":"                        }","lastModifiedDate":"2026-02-14T00:00:12","isFullCredit":false},{"lineNumber":124,"author":{"gitId":"yy43yy"},"content":"                        break;","lastModifiedDate":"2026-02-10T14:25:44","isFullCredit":false},{"lineNumber":125,"author":{"gitId":"yy43yy"},"content":"                    case \"event\":","lastModifiedDate":"2026-02-10T14:25:44","isFullCredit":false},{"lineNumber":126,"author":{"gitId":"yy43yy"},"content":"                        try {","lastModifiedDate":"2026-02-14T00:00:12","isFullCredit":false},{"lineNumber":127,"author":{"gitId":"yy43yy"},"content":"                            taskCount \u003d handleEvent(input, tasks, taskCount);","lastModifiedDate":"2026-02-10T14:25:44","isFullCredit":false},{"lineNumber":128,"author":{"gitId":"yy43yy"},"content":"                        } catch (DukeException e) {","lastModifiedDate":"2026-02-14T00:00:12","isFullCredit":false},{"lineNumber":129,"author":{"gitId":"yy43yy"},"content":"                            printLine();","lastModifiedDate":"2026-02-14T00:00:12","isFullCredit":false},{"lineNumber":130,"author":{"gitId":"yy43yy"},"content":"                            System.out.println(\" OOPS!!! \" + e.getMessage());","lastModifiedDate":"2026-02-14T00:00:12","isFullCredit":false},{"lineNumber":131,"author":{"gitId":"yy43yy"},"content":"                            printLine();","lastModifiedDate":"2026-02-14T00:00:12","isFullCredit":false},{"lineNumber":132,"author":{"gitId":"yy43yy"},"content":"                        }","lastModifiedDate":"2026-02-14T00:00:12","isFullCredit":false},{"lineNumber":133,"author":{"gitId":"yy43yy"},"content":"                        break;","lastModifiedDate":"2026-02-10T14:25:44","isFullCredit":false},{"lineNumber":134,"author":{"gitId":"yy43yy"},"content":"                    case \"bye\":","lastModifiedDate":"2026-02-10T14:25:44","isFullCredit":false},{"lineNumber":135,"author":{"gitId":"yy43yy"},"content":"                        printLine();","lastModifiedDate":"2026-02-10T14:25:44","isFullCredit":false},{"lineNumber":136,"author":{"gitId":"yy43yy"},"content":"                        System.out.println(\" Bye. Hope to see you again soon!\");","lastModifiedDate":"2026-02-10T14:25:44","isFullCredit":false},{"lineNumber":137,"author":{"gitId":"yy43yy"},"content":"                        printLine();","lastModifiedDate":"2026-02-10T14:25:44","isFullCredit":false},{"lineNumber":138,"author":{"gitId":"yy43yy"},"content":"                        return;","lastModifiedDate":"2026-02-10T14:25:44","isFullCredit":false},{"lineNumber":139,"author":{"gitId":"yy43yy"},"content":"                    default: throw new DukeException(\"I\u0027m sorry, but I don\u0027t know what that means :-(\");","lastModifiedDate":"2026-02-14T00:00:12","isFullCredit":false},{"lineNumber":140,"author":{"gitId":"yy43yy"},"content":"","lastModifiedDate":"2026-02-14T00:00:12","isFullCredit":false},{"lineNumber":141,"author":{"gitId":"yy43yy"},"content":"                }","lastModifiedDate":"2026-02-14T00:00:12","isFullCredit":false},{"lineNumber":142,"author":{"gitId":"yy43yy"},"content":"            }catch(DukeException e){","lastModifiedDate":"2026-02-14T00:00:12","isFullCredit":false},{"lineNumber":143,"author":{"gitId":"yy43yy"},"content":"                    printLine();","lastModifiedDate":"2026-02-14T00:00:12","isFullCredit":false},{"lineNumber":144,"author":{"gitId":"yy43yy"},"content":"                    System.out.println(\" OOPS!!! \" + e.getMessage());","lastModifiedDate":"2026-02-14T00:00:12","isFullCredit":false},{"lineNumber":145,"author":{"gitId":"yy43yy"},"content":"                    printLine();","lastModifiedDate":"2026-02-14T00:00:12","isFullCredit":false},{"lineNumber":146,"author":{"gitId":"yy43yy"},"content":"                }","lastModifiedDate":"2026-02-03T23:37:37","isFullCredit":false},{"lineNumber":147,"author":{"gitId":"yy43yy"},"content":"","lastModifiedDate":"2026-02-03T23:15:25","isFullCredit":false},{"lineNumber":148,"author":{"gitId":"-"},"content":"        }","lastModifiedDate":"2019-07-29T17:14:46","isFullCredit":false},{"lineNumber":149,"author":{"gitId":"-"},"content":"    }","lastModifiedDate":"2019-07-29T17:14:46","isFullCredit":false},{"lineNumber":150,"author":{"gitId":"yy43yy"},"content":"}","lastModifiedDate":"2026-02-04T00:00:27","isFullCredit":false}],"authorContributionMap":{"yy43yy":146,"-":4}},{"path":"src/main/java/DukeException.java","fileType":"java","lines":[{"lineNumber":1,"author":{"gitId":"yy43yy"},"content":"public class DukeException extends Exception{","lastModifiedDate":"2026-02-14T00:00:12","isFullCredit":false},{"lineNumber":2,"author":{"gitId":"yy43yy"},"content":"    public DukeException(String message){","lastModifiedDate":"2026-02-14T00:00:12","isFullCredit":false},{"lineNumber":3,"author":{"gitId":"yy43yy"},"content":"        super(message);","lastModifiedDate":"2026-02-14T00:00:12","isFullCredit":false},{"lineNumber":4,"author":{"gitId":"yy43yy"},"content":"    }","lastModifiedDate":"2026-02-14T00:00:12","isFullCredit":false},{"lineNumber":5,"author":{"gitId":"yy43yy"},"content":"}","lastModifiedDate":"2026-02-14T00:00:12","isFullCredit":false}],"authorContributionMap":{"yy43yy":5}},{"path":"src/main/java/Events.java","fileType":"java","lines":[{"lineNumber":1,"author":{"gitId":"yy43yy"},"content":"public class Events extends Task{","lastModifiedDate":"2026-02-10T01:38:03","isFullCredit":false},{"lineNumber":2,"author":{"gitId":"yy43yy"},"content":"    protected String from;","lastModifiedDate":"2026-02-10T01:38:03","isFullCredit":false},{"lineNumber":3,"author":{"gitId":"yy43yy"},"content":"    protected String to;","lastModifiedDate":"2026-02-10T01:38:03","isFullCredit":false},{"lineNumber":4,"author":{"gitId":"yy43yy"},"content":"    public Events(String description,String from, String to){","lastModifiedDate":"2026-02-10T01:38:03","isFullCredit":false},{"lineNumber":5,"author":{"gitId":"yy43yy"},"content":"        super(description);","lastModifiedDate":"2026-02-10T01:38:03","isFullCredit":false},{"lineNumber":6,"author":{"gitId":"yy43yy"},"content":"        this.from\u003dfrom;","lastModifiedDate":"2026-02-10T01:38:03","isFullCredit":false},{"lineNumber":7,"author":{"gitId":"yy43yy"},"content":"        this.to\u003dto;","lastModifiedDate":"2026-02-10T01:38:03","isFullCredit":false},{"lineNumber":8,"author":{"gitId":"yy43yy"},"content":"    }","lastModifiedDate":"2026-02-10T01:38:03","isFullCredit":false},{"lineNumber":9,"author":{"gitId":"yy43yy"},"content":"    public String getFrom(){","lastModifiedDate":"2026-02-10T01:38:03","isFullCredit":false},{"lineNumber":10,"author":{"gitId":"yy43yy"},"content":"        return from;","lastModifiedDate":"2026-02-10T01:38:03","isFullCredit":false},{"lineNumber":11,"author":{"gitId":"yy43yy"},"content":"    }","lastModifiedDate":"2026-02-10T01:38:03","isFullCredit":false},{"lineNumber":12,"author":{"gitId":"yy43yy"},"content":"    public String getTo(){","lastModifiedDate":"2026-02-10T01:38:03","isFullCredit":false},{"lineNumber":13,"author":{"gitId":"yy43yy"},"content":"        return to;","lastModifiedDate":"2026-02-10T01:38:03","isFullCredit":false},{"lineNumber":14,"author":{"gitId":"yy43yy"},"content":"    }","lastModifiedDate":"2026-02-10T01:38:03","isFullCredit":false},{"lineNumber":15,"author":{"gitId":"yy43yy"},"content":"    public void setFrom(String from){","lastModifiedDate":"2026-02-10T01:38:03","isFullCredit":false},{"lineNumber":16,"author":{"gitId":"yy43yy"},"content":"        this.from\u003d from;","lastModifiedDate":"2026-02-10T01:38:03","isFullCredit":false},{"lineNumber":17,"author":{"gitId":"yy43yy"},"content":"    }","lastModifiedDate":"2026-02-10T01:38:03","isFullCredit":false},{"lineNumber":18,"author":{"gitId":"yy43yy"},"content":"    public void setTo(String to){","lastModifiedDate":"2026-02-10T01:38:03","isFullCredit":false},{"lineNumber":19,"author":{"gitId":"yy43yy"},"content":"        this.to\u003d to;","lastModifiedDate":"2026-02-10T01:38:03","isFullCredit":false},{"lineNumber":20,"author":{"gitId":"yy43yy"},"content":"    }","lastModifiedDate":"2026-02-10T01:38:03","isFullCredit":false},{"lineNumber":21,"author":{"gitId":"yy43yy"},"content":"","lastModifiedDate":"2026-02-10T01:38:03","isFullCredit":false},{"lineNumber":22,"author":{"gitId":"yy43yy"},"content":"    public String toString(){","lastModifiedDate":"2026-02-10T01:38:03","isFullCredit":false},{"lineNumber":23,"author":{"gitId":"yy43yy"},"content":"        return \"[E]\"+super.toString()+\"(from:\" +getFrom()+\"to:\"+ getTo()+\")\";","lastModifiedDate":"2026-02-10T01:38:03","isFullCredit":false},{"lineNumber":24,"author":{"gitId":"yy43yy"},"content":"    }","lastModifiedDate":"2026-02-10T01:38:03","isFullCredit":false},{"lineNumber":25,"author":{"gitId":"yy43yy"},"content":"}","lastModifiedDate":"2026-02-10T01:38:03","isFullCredit":false}],"authorContributionMap":{"yy43yy":25}},{"path":"src/main/java/Task.java","fileType":"java","lines":[{"lineNumber":1,"author":{"gitId":"yy43yy"},"content":"public class Task {","lastModifiedDate":"2026-02-04T01:07:27","isFullCredit":false},{"lineNumber":2,"author":{"gitId":"yy43yy"},"content":"","lastModifiedDate":"2026-02-04T01:07:27","isFullCredit":false},{"lineNumber":3,"author":{"gitId":"yy43yy"},"content":"    protected String description;","lastModifiedDate":"2026-02-04T01:07:27","isFullCredit":false},{"lineNumber":4,"author":{"gitId":"yy43yy"},"content":"    protected boolean isDone;","lastModifiedDate":"2026-02-04T01:07:27","isFullCredit":false},{"lineNumber":5,"author":{"gitId":"yy43yy"},"content":"","lastModifiedDate":"2026-02-04T01:07:27","isFullCredit":false},{"lineNumber":6,"author":{"gitId":"yy43yy"},"content":"    public Task(String description) {","lastModifiedDate":"2026-02-04T01:07:27","isFullCredit":false},{"lineNumber":7,"author":{"gitId":"yy43yy"},"content":"        this.description \u003d description;","lastModifiedDate":"2026-02-04T01:07:27","isFullCredit":false},{"lineNumber":8,"author":{"gitId":"yy43yy"},"content":"        this.isDone \u003d false;","lastModifiedDate":"2026-02-04T01:07:27","isFullCredit":false},{"lineNumber":9,"author":{"gitId":"yy43yy"},"content":"    }","lastModifiedDate":"2026-02-04T01:07:27","isFullCredit":false},{"lineNumber":10,"author":{"gitId":"yy43yy"},"content":"","lastModifiedDate":"2026-02-04T01:07:27","isFullCredit":false},{"lineNumber":11,"author":{"gitId":"yy43yy"},"content":"    public String getStatusIcon() {","lastModifiedDate":"2026-02-04T01:07:27","isFullCredit":false},{"lineNumber":12,"author":{"gitId":"yy43yy"},"content":"        return (isDone ? \"X\" : \" \"); // mark done task with X","lastModifiedDate":"2026-02-04T01:07:27","isFullCredit":false},{"lineNumber":13,"author":{"gitId":"yy43yy"},"content":"    }","lastModifiedDate":"2026-02-04T01:07:27","isFullCredit":false},{"lineNumber":14,"author":{"gitId":"yy43yy"},"content":"","lastModifiedDate":"2026-02-04T01:07:27","isFullCredit":false},{"lineNumber":15,"author":{"gitId":"yy43yy"},"content":"    public void markDone(){","lastModifiedDate":"2026-02-04T01:07:27","isFullCredit":false},{"lineNumber":16,"author":{"gitId":"yy43yy"},"content":"        isDone\u003dtrue;","lastModifiedDate":"2026-02-04T01:07:27","isFullCredit":false},{"lineNumber":17,"author":{"gitId":"yy43yy"},"content":"    }","lastModifiedDate":"2026-02-04T01:07:27","isFullCredit":false},{"lineNumber":18,"author":{"gitId":"yy43yy"},"content":"","lastModifiedDate":"2026-02-04T01:07:27","isFullCredit":false},{"lineNumber":19,"author":{"gitId":"yy43yy"},"content":"    public void unmarkDone(){","lastModifiedDate":"2026-02-04T01:07:27","isFullCredit":false},{"lineNumber":20,"author":{"gitId":"yy43yy"},"content":"        isDone \u003d false;","lastModifiedDate":"2026-02-04T01:07:27","isFullCredit":false},{"lineNumber":21,"author":{"gitId":"yy43yy"},"content":"    }","lastModifiedDate":"2026-02-04T01:07:27","isFullCredit":false},{"lineNumber":22,"author":{"gitId":"yy43yy"},"content":"","lastModifiedDate":"2026-02-04T01:07:27","isFullCredit":false},{"lineNumber":23,"author":{"gitId":"yy43yy"},"content":"    public String toString(){","lastModifiedDate":"2026-02-04T01:07:27","isFullCredit":false},{"lineNumber":24,"author":{"gitId":"yy43yy"},"content":"        return \"[\" + getStatusIcon() +\"]\" + description;","lastModifiedDate":"2026-02-04T01:07:27","isFullCredit":false},{"lineNumber":25,"author":{"gitId":"yy43yy"},"content":"    }","lastModifiedDate":"2026-02-04T01:07:27","isFullCredit":false},{"lineNumber":26,"author":{"gitId":"yy43yy"},"content":"}","lastModifiedDate":"2026-02-04T01:07:27","isFullCredit":false}],"authorContributionMap":{"yy43yy":26}},{"path":"src/main/java/Todos.java","fileType":"java","lines":[{"lineNumber":1,"author":{"gitId":"yy43yy"},"content":"public class Todos extends Task{","lastModifiedDate":"2026-02-10T01:38:03","isFullCredit":false},{"lineNumber":2,"author":{"gitId":"yy43yy"},"content":"    public Todos(String description){","lastModifiedDate":"2026-02-10T01:38:03","isFullCredit":false},{"lineNumber":3,"author":{"gitId":"yy43yy"},"content":"        super(description);","lastModifiedDate":"2026-02-10T01:38:03","isFullCredit":false},{"lineNumber":4,"author":{"gitId":"yy43yy"},"content":"    }","lastModifiedDate":"2026-02-10T01:38:03","isFullCredit":false},{"lineNumber":5,"author":{"gitId":"yy43yy"},"content":"","lastModifiedDate":"2026-02-10T01:38:03","isFullCredit":false},{"lineNumber":6,"author":{"gitId":"yy43yy"},"content":"    public String toString(){","lastModifiedDate":"2026-02-10T01:38:03","isFullCredit":false},{"lineNumber":7,"author":{"gitId":"yy43yy"},"content":"        return \"[T]\" + super.toString();","lastModifiedDate":"2026-02-10T01:38:03","isFullCredit":false},{"lineNumber":8,"author":{"gitId":"yy43yy"},"content":"    }","lastModifiedDate":"2026-02-10T01:38:03","isFullCredit":false},{"lineNumber":9,"author":{"gitId":"yy43yy"},"content":"}","lastModifiedDate":"2026-02-10T01:38:03","isFullCredit":false}],"authorContributionMap":{"yy43yy":9}}]
