[{"path":"src/main/java/Deadline.java","fileType":"java","lines":[{"lineNumber":1,"author":{"gitId":"wKynaston"},"content":"public class Deadline extends Task {","lastModifiedDate":"2026-02-05T10:03:03","isFullCredit":false},{"lineNumber":2,"author":{"gitId":"wKynaston"},"content":"    private String by;","lastModifiedDate":"2026-02-05T10:03:03","isFullCredit":false},{"lineNumber":3,"author":{"gitId":"wKynaston"},"content":"","lastModifiedDate":"2026-02-05T10:03:03","isFullCredit":false},{"lineNumber":4,"author":{"gitId":"wKynaston"},"content":"    public Deadline(String description, String by) {","lastModifiedDate":"2026-02-05T10:03:03","isFullCredit":false},{"lineNumber":5,"author":{"gitId":"wKynaston"},"content":"        super(description);","lastModifiedDate":"2026-02-05T10:03:03","isFullCredit":false},{"lineNumber":6,"author":{"gitId":"wKynaston"},"content":"        this.by \u003d by;","lastModifiedDate":"2026-02-05T10:03:03","isFullCredit":false},{"lineNumber":7,"author":{"gitId":"wKynaston"},"content":"    }","lastModifiedDate":"2026-02-05T10:03:03","isFullCredit":false},{"lineNumber":8,"author":{"gitId":"wKynaston"},"content":"","lastModifiedDate":"2026-02-05T10:03:03","isFullCredit":false},{"lineNumber":9,"author":{"gitId":"wKynaston"},"content":"    public void setBy(String by) {","lastModifiedDate":"2026-02-05T10:03:03","isFullCredit":false},{"lineNumber":10,"author":{"gitId":"wKynaston"},"content":"        this.by \u003d by;","lastModifiedDate":"2026-02-05T10:03:03","isFullCredit":false},{"lineNumber":11,"author":{"gitId":"wKynaston"},"content":"    }","lastModifiedDate":"2026-02-05T10:03:03","isFullCredit":false},{"lineNumber":12,"author":{"gitId":"wKynaston"},"content":"","lastModifiedDate":"2026-02-05T10:03:03","isFullCredit":false},{"lineNumber":13,"author":{"gitId":"wKynaston"},"content":"    @Override","lastModifiedDate":"2026-02-05T10:03:03","isFullCredit":false},{"lineNumber":14,"author":{"gitId":"wKynaston"},"content":"    protected String typeIcon() {","lastModifiedDate":"2026-02-05T10:03:03","isFullCredit":false},{"lineNumber":15,"author":{"gitId":"wKynaston"},"content":"        return \"D\";","lastModifiedDate":"2026-02-05T10:03:03","isFullCredit":false},{"lineNumber":16,"author":{"gitId":"wKynaston"},"content":"    }","lastModifiedDate":"2026-02-05T10:03:03","isFullCredit":false},{"lineNumber":17,"author":{"gitId":"wKynaston"},"content":"","lastModifiedDate":"2026-02-05T10:03:03","isFullCredit":false},{"lineNumber":18,"author":{"gitId":"wKynaston"},"content":"    @Override","lastModifiedDate":"2026-02-05T10:03:03","isFullCredit":false},{"lineNumber":19,"author":{"gitId":"wKynaston"},"content":"    public String toString() {","lastModifiedDate":"2026-02-05T10:03:03","isFullCredit":false},{"lineNumber":20,"author":{"gitId":"wKynaston"},"content":"        return super.toString() + \" (by: \" + by + \")\";","lastModifiedDate":"2026-02-05T10:03:03","isFullCredit":false},{"lineNumber":21,"author":{"gitId":"wKynaston"},"content":"    }","lastModifiedDate":"2026-02-05T10:03:03","isFullCredit":false},{"lineNumber":22,"author":{"gitId":"wKynaston"},"content":"}","lastModifiedDate":"2026-02-05T10:03:03","isFullCredit":false}],"authorContributionMap":{"wKynaston":22}},{"path":"src/main/java/Event.java","fileType":"java","lines":[{"lineNumber":1,"author":{"gitId":"wKynaston"},"content":"public class Event extends Task {","lastModifiedDate":"2026-02-05T10:03:03","isFullCredit":false},{"lineNumber":2,"author":{"gitId":"wKynaston"},"content":"    private String from;","lastModifiedDate":"2026-02-05T10:03:03","isFullCredit":false},{"lineNumber":3,"author":{"gitId":"wKynaston"},"content":"    private String to;","lastModifiedDate":"2026-02-05T10:03:03","isFullCredit":false},{"lineNumber":4,"author":{"gitId":"wKynaston"},"content":"","lastModifiedDate":"2026-02-05T10:03:03","isFullCredit":false},{"lineNumber":5,"author":{"gitId":"wKynaston"},"content":"    public Event(String description, String from, String to) {","lastModifiedDate":"2026-02-05T10:03:03","isFullCredit":false},{"lineNumber":6,"author":{"gitId":"wKynaston"},"content":"        super(description);","lastModifiedDate":"2026-02-05T10:03:03","isFullCredit":false},{"lineNumber":7,"author":{"gitId":"wKynaston"},"content":"        this.from \u003d from;","lastModifiedDate":"2026-02-05T10:03:03","isFullCredit":false},{"lineNumber":8,"author":{"gitId":"wKynaston"},"content":"        this.to \u003d to;","lastModifiedDate":"2026-02-05T10:03:03","isFullCredit":false},{"lineNumber":9,"author":{"gitId":"wKynaston"},"content":"    }","lastModifiedDate":"2026-02-05T10:03:03","isFullCredit":false},{"lineNumber":10,"author":{"gitId":"wKynaston"},"content":"","lastModifiedDate":"2026-02-05T10:03:03","isFullCredit":false},{"lineNumber":11,"author":{"gitId":"wKynaston"},"content":"    @Override","lastModifiedDate":"2026-02-05T10:03:03","isFullCredit":false},{"lineNumber":12,"author":{"gitId":"wKynaston"},"content":"    protected String typeIcon() {","lastModifiedDate":"2026-02-05T10:03:03","isFullCredit":false},{"lineNumber":13,"author":{"gitId":"wKynaston"},"content":"        return \"E\";","lastModifiedDate":"2026-02-05T10:03:03","isFullCredit":false},{"lineNumber":14,"author":{"gitId":"wKynaston"},"content":"    }","lastModifiedDate":"2026-02-05T10:03:03","isFullCredit":false},{"lineNumber":15,"author":{"gitId":"wKynaston"},"content":"","lastModifiedDate":"2026-02-05T10:03:03","isFullCredit":false},{"lineNumber":16,"author":{"gitId":"wKynaston"},"content":"    @Override","lastModifiedDate":"2026-02-05T10:03:03","isFullCredit":false},{"lineNumber":17,"author":{"gitId":"wKynaston"},"content":"    public String toString() {","lastModifiedDate":"2026-02-05T10:03:03","isFullCredit":false},{"lineNumber":18,"author":{"gitId":"wKynaston"},"content":"        return super.toString() + \" (from: \" + from + \" to \" + to + \")\";","lastModifiedDate":"2026-02-06T09:35:17","isFullCredit":false},{"lineNumber":19,"author":{"gitId":"wKynaston"},"content":"    }","lastModifiedDate":"2026-02-05T10:03:03","isFullCredit":false},{"lineNumber":20,"author":{"gitId":"wKynaston"},"content":"}","lastModifiedDate":"2026-02-05T10:03:03","isFullCredit":false}],"authorContributionMap":{"wKynaston":20}},{"path":"src/main/java/Marker.java","fileType":"java","lines":[{"lineNumber":1,"author":{"gitId":"wKynaston"},"content":"public class Marker {","lastModifiedDate":"2026-02-05T10:03:03","isFullCredit":false},{"lineNumber":2,"author":{"gitId":"wKynaston"},"content":"","lastModifiedDate":"2026-02-05T10:03:03","isFullCredit":false},{"lineNumber":3,"author":{"gitId":"wKynaston"},"content":"    public static void mark(String[] catalogue, int fill, int position, String line) {","lastModifiedDate":"2026-02-05T10:03:03","isFullCredit":false},{"lineNumber":4,"author":{"gitId":"wKynaston"},"content":"        int idx \u003d position - 1;","lastModifiedDate":"2026-02-05T10:03:03","isFullCredit":false},{"lineNumber":5,"author":{"gitId":"wKynaston"},"content":"","lastModifiedDate":"2026-02-05T10:03:03","isFullCredit":false},{"lineNumber":6,"author":{"gitId":"wKynaston"},"content":"        if (!isValid(idx, fill, catalogue)) {","lastModifiedDate":"2026-02-05T10:03:03","isFullCredit":false},{"lineNumber":7,"author":{"gitId":"wKynaston"},"content":"            System.out.println(line + \"Invalid task number.\\n\" + line);","lastModifiedDate":"2026-02-05T10:03:03","isFullCredit":false},{"lineNumber":8,"author":{"gitId":"wKynaston"},"content":"            return;","lastModifiedDate":"2026-02-05T10:03:03","isFullCredit":false},{"lineNumber":9,"author":{"gitId":"wKynaston"},"content":"        }","lastModifiedDate":"2026-02-05T10:03:03","isFullCredit":false},{"lineNumber":10,"author":{"gitId":"wKynaston"},"content":"","lastModifiedDate":"2026-02-05T10:03:03","isFullCredit":false},{"lineNumber":11,"author":{"gitId":"wKynaston"},"content":"        catalogue[idx] \u003d catalogue[idx].replaceFirst(\"\\\\[ \\\\]\", \"[x]\");","lastModifiedDate":"2026-02-05T10:03:03","isFullCredit":false},{"lineNumber":12,"author":{"gitId":"wKynaston"},"content":"        System.out.println(line","lastModifiedDate":"2026-02-05T10:03:03","isFullCredit":false},{"lineNumber":13,"author":{"gitId":"wKynaston"},"content":"                + \"Nice! I\u0027ve marked this task as done:\\n\"","lastModifiedDate":"2026-02-05T10:03:03","isFullCredit":false},{"lineNumber":14,"author":{"gitId":"wKynaston"},"content":"                + catalogue[idx] + \"\\n\" + line);","lastModifiedDate":"2026-02-05T10:03:03","isFullCredit":false},{"lineNumber":15,"author":{"gitId":"wKynaston"},"content":"    }","lastModifiedDate":"2026-02-05T10:03:03","isFullCredit":false},{"lineNumber":16,"author":{"gitId":"wKynaston"},"content":"","lastModifiedDate":"2026-02-05T10:03:03","isFullCredit":false},{"lineNumber":17,"author":{"gitId":"wKynaston"},"content":"    public static void unmark(String[] catalogue, int fill, int position, String line) {","lastModifiedDate":"2026-02-05T10:03:03","isFullCredit":false},{"lineNumber":18,"author":{"gitId":"wKynaston"},"content":"        int idx \u003d position - 1;","lastModifiedDate":"2026-02-05T10:03:03","isFullCredit":false},{"lineNumber":19,"author":{"gitId":"wKynaston"},"content":"","lastModifiedDate":"2026-02-05T10:03:03","isFullCredit":false},{"lineNumber":20,"author":{"gitId":"wKynaston"},"content":"        if (!isValid(idx, fill, catalogue)) {","lastModifiedDate":"2026-02-05T10:03:03","isFullCredit":false},{"lineNumber":21,"author":{"gitId":"wKynaston"},"content":"            System.out.println(line + \"Invalid task number.\\n\" + line);","lastModifiedDate":"2026-02-05T10:03:03","isFullCredit":false},{"lineNumber":22,"author":{"gitId":"wKynaston"},"content":"            return;","lastModifiedDate":"2026-02-05T10:03:03","isFullCredit":false},{"lineNumber":23,"author":{"gitId":"wKynaston"},"content":"        }","lastModifiedDate":"2026-02-05T10:03:03","isFullCredit":false},{"lineNumber":24,"author":{"gitId":"wKynaston"},"content":"","lastModifiedDate":"2026-02-05T10:03:03","isFullCredit":false},{"lineNumber":25,"author":{"gitId":"wKynaston"},"content":"        catalogue[idx] \u003d catalogue[idx].replaceFirst(\"\\\\[x\\\\]\", \"[ ]\");","lastModifiedDate":"2026-02-05T10:03:03","isFullCredit":false},{"lineNumber":26,"author":{"gitId":"wKynaston"},"content":"        System.out.println(line","lastModifiedDate":"2026-02-05T10:03:03","isFullCredit":false},{"lineNumber":27,"author":{"gitId":"wKynaston"},"content":"                + \"Nice! I\u0027ve marked this task as not done yet:\\n\"","lastModifiedDate":"2026-02-05T10:03:03","isFullCredit":false},{"lineNumber":28,"author":{"gitId":"wKynaston"},"content":"                + catalogue[idx] + \"\\n\" + line);","lastModifiedDate":"2026-02-05T10:03:03","isFullCredit":false},{"lineNumber":29,"author":{"gitId":"wKynaston"},"content":"    }","lastModifiedDate":"2026-02-05T10:03:03","isFullCredit":false},{"lineNumber":30,"author":{"gitId":"wKynaston"},"content":"","lastModifiedDate":"2026-02-05T10:03:03","isFullCredit":false},{"lineNumber":31,"author":{"gitId":"wKynaston"},"content":"    private static boolean isValid(int idx, int fill, String[] catalogue) {","lastModifiedDate":"2026-02-05T10:03:03","isFullCredit":false},{"lineNumber":32,"author":{"gitId":"wKynaston"},"content":"        return idx \u003e\u003d 0 \u0026\u0026 idx \u003c fill \u0026\u0026 catalogue[idx] !\u003d null;","lastModifiedDate":"2026-02-05T10:03:03","isFullCredit":false},{"lineNumber":33,"author":{"gitId":"wKynaston"},"content":"    }","lastModifiedDate":"2026-02-05T10:03:03","isFullCredit":false},{"lineNumber":34,"author":{"gitId":"wKynaston"},"content":"}","lastModifiedDate":"2026-02-05T10:03:03","isFullCredit":false}],"authorContributionMap":{"wKynaston":34}},{"path":"src/main/java/Pepsi.java","fileType":"java","lines":[{"lineNumber":1,"author":{"gitId":"wKynaston"},"content":"import java.util.Scanner;","lastModifiedDate":"2026-01-29T20:44:43","isFullCredit":false},{"lineNumber":2,"author":{"gitId":"wKynaston"},"content":"","lastModifiedDate":"2026-01-29T20:44:43","isFullCredit":false},{"lineNumber":3,"author":{"gitId":"wKynaston"},"content":"public class Pepsi {","lastModifiedDate":"2026-01-29T19:58:08","isFullCredit":false},{"lineNumber":4,"author":{"gitId":"wKynaston"},"content":"","lastModifiedDate":"2026-01-29T23:16:54","isFullCredit":false},{"lineNumber":5,"author":{"gitId":"wKynaston"},"content":"    public static final String LONGLINE \u003d","lastModifiedDate":"2026-02-04T22:57:16","isFullCredit":false},{"lineNumber":6,"author":{"gitId":"wKynaston"},"content":"            \"____________________________________________________________\\n\";","lastModifiedDate":"2026-02-04T22:57:16","isFullCredit":false},{"lineNumber":7,"author":{"gitId":"wKynaston"},"content":"","lastModifiedDate":"2026-02-04T22:57:16","isFullCredit":false},{"lineNumber":8,"author":{"gitId":"wKynaston"},"content":"    private static final Task[] catalogue \u003d new Task[100];","lastModifiedDate":"2026-02-05T10:03:03","isFullCredit":false},{"lineNumber":9,"author":{"gitId":"wKynaston"},"content":"    private static int fill \u003d 0;","lastModifiedDate":"2026-02-04T22:57:16","isFullCredit":false},{"lineNumber":10,"author":{"gitId":"wKynaston"},"content":"","lastModifiedDate":"2026-02-04T22:57:16","isFullCredit":false},{"lineNumber":11,"author":{"gitId":"wKynaston"},"content":"    public static void main(String[] args) {","lastModifiedDate":"2026-02-04T22:57:16","isFullCredit":false},{"lineNumber":12,"author":{"gitId":"wKynaston"},"content":"        greetings();","lastModifiedDate":"2026-02-04T22:57:16","isFullCredit":false},{"lineNumber":13,"author":{"gitId":"wKynaston"},"content":"        manageList();","lastModifiedDate":"2026-02-04T22:57:16","isFullCredit":false},{"lineNumber":14,"author":{"gitId":"wKynaston"},"content":"    }","lastModifiedDate":"2026-02-04T22:57:16","isFullCredit":false},{"lineNumber":15,"author":{"gitId":"wKynaston"},"content":"","lastModifiedDate":"2026-02-04T22:57:16","isFullCredit":false},{"lineNumber":16,"author":{"gitId":"wKynaston"},"content":"    private static void manageList() {","lastModifiedDate":"2026-02-04T22:57:16","isFullCredit":false},{"lineNumber":17,"author":{"gitId":"wKynaston"},"content":"        Scanner in \u003d new Scanner(System.in);","lastModifiedDate":"2026-02-04T22:57:16","isFullCredit":false},{"lineNumber":18,"author":{"gitId":"wKynaston"},"content":"","lastModifiedDate":"2026-02-04T22:57:16","isFullCredit":false},{"lineNumber":19,"author":{"gitId":"wKynaston"},"content":"        while (true) {","lastModifiedDate":"2026-02-04T22:57:16","isFullCredit":false},{"lineNumber":20,"author":{"gitId":"wKynaston"},"content":"            String input \u003d in.nextLine().trim();","lastModifiedDate":"2026-02-04T22:57:16","isFullCredit":false},{"lineNumber":21,"author":{"gitId":"wKynaston"},"content":"","lastModifiedDate":"2026-02-04T22:57:16","isFullCredit":false},{"lineNumber":22,"author":{"gitId":"wKynaston"},"content":"            if (input.isEmpty()) {","lastModifiedDate":"2026-02-04T22:57:16","isFullCredit":false},{"lineNumber":23,"author":{"gitId":"wKynaston"},"content":"                System.out.println(LONGLINE","lastModifiedDate":"2026-02-04T22:57:16","isFullCredit":false},{"lineNumber":24,"author":{"gitId":"wKynaston"},"content":"                        + \"Typing nothing? That’s very Coke behaviour.\\n\"","lastModifiedDate":"2026-02-05T10:03:03","isFullCredit":false},{"lineNumber":25,"author":{"gitId":"wKynaston"},"content":"                        + LONGLINE);","lastModifiedDate":"2026-02-04T22:57:16","isFullCredit":false},{"lineNumber":26,"author":{"gitId":"wKynaston"},"content":"                continue;","lastModifiedDate":"2026-02-04T22:57:16","isFullCredit":false},{"lineNumber":27,"author":{"gitId":"wKynaston"},"content":"            }","lastModifiedDate":"2026-02-04T22:57:16","isFullCredit":false},{"lineNumber":28,"author":{"gitId":"wKynaston"},"content":"","lastModifiedDate":"2026-02-04T22:57:16","isFullCredit":false},{"lineNumber":29,"author":{"gitId":"wKynaston"},"content":"            String[] parts \u003d input.split(\"\\\\s+\", 2);","lastModifiedDate":"2026-02-05T10:03:03","isFullCredit":false},{"lineNumber":30,"author":{"gitId":"wKynaston"},"content":"            String cmd \u003d parts[0].toLowerCase();","lastModifiedDate":"2026-02-05T10:03:03","isFullCredit":false},{"lineNumber":31,"author":{"gitId":"wKynaston"},"content":"            String rest \u003d (parts.length \u003d\u003d 2) ? parts[1].trim() : \"\";","lastModifiedDate":"2026-02-05T10:03:03","isFullCredit":false},{"lineNumber":32,"author":{"gitId":"wKynaston"},"content":"","lastModifiedDate":"2026-02-04T22:57:16","isFullCredit":false},{"lineNumber":33,"author":{"gitId":"wKynaston"},"content":"            if (cmd.equals(\"mark\") || cmd.equals(\"unmark\")) {","lastModifiedDate":"2026-02-05T10:03:03","isFullCredit":false},{"lineNumber":34,"author":{"gitId":"wKynaston"},"content":"                handleMarking(cmd, rest);","lastModifiedDate":"2026-02-05T10:03:03","isFullCredit":false},{"lineNumber":35,"author":{"gitId":"wKynaston"},"content":"                continue;","lastModifiedDate":"2026-02-05T10:03:03","isFullCredit":false},{"lineNumber":36,"author":{"gitId":"wKynaston"},"content":"            }","lastModifiedDate":"2026-02-05T10:03:03","isFullCredit":false},{"lineNumber":37,"author":{"gitId":"wKynaston"},"content":"","lastModifiedDate":"2026-02-05T10:03:03","isFullCredit":false},{"lineNumber":38,"author":{"gitId":"wKynaston"},"content":"            boolean keepGoing \u003d handleActions(cmd, rest);","lastModifiedDate":"2026-02-05T10:03:03","isFullCredit":false},{"lineNumber":39,"author":{"gitId":"wKynaston"},"content":"            if (!keepGoing) {","lastModifiedDate":"2026-02-04T22:57:16","isFullCredit":false},{"lineNumber":40,"author":{"gitId":"wKynaston"},"content":"                break;","lastModifiedDate":"2026-02-04T22:57:16","isFullCredit":false},{"lineNumber":41,"author":{"gitId":"wKynaston"},"content":"            }","lastModifiedDate":"2026-02-04T22:57:16","isFullCredit":false},{"lineNumber":42,"author":{"gitId":"wKynaston"},"content":"        }","lastModifiedDate":"2026-02-04T22:57:16","isFullCredit":false},{"lineNumber":43,"author":{"gitId":"wKynaston"},"content":"    }","lastModifiedDate":"2026-02-04T22:57:16","isFullCredit":false},{"lineNumber":44,"author":{"gitId":"wKynaston"},"content":"","lastModifiedDate":"2026-02-04T22:57:16","isFullCredit":false},{"lineNumber":45,"author":{"gitId":"wKynaston"},"content":"    private static boolean handleActions(String cmd, String rest) {","lastModifiedDate":"2026-02-05T10:03:03","isFullCredit":false},{"lineNumber":46,"author":{"gitId":"wKynaston"},"content":"        switch (cmd) {","lastModifiedDate":"2026-02-05T10:03:03","isFullCredit":false},{"lineNumber":47,"author":{"gitId":"wKynaston"},"content":"        case \"bye\":","lastModifiedDate":"2026-02-04T22:57:16","isFullCredit":false},{"lineNumber":48,"author":{"gitId":"wKynaston"},"content":"            System.out.println(LONGLINE","lastModifiedDate":"2026-02-04T22:57:16","isFullCredit":false},{"lineNumber":49,"author":{"gitId":"wKynaston"},"content":"                    + \"Leaving already? Guess you’re switching to Coke.\\n\"","lastModifiedDate":"2026-02-05T10:03:03","isFullCredit":false},{"lineNumber":50,"author":{"gitId":"wKynaston"},"content":"                    + LONGLINE);","lastModifiedDate":"2026-02-04T22:57:16","isFullCredit":false},{"lineNumber":51,"author":{"gitId":"wKynaston"},"content":"            return false;","lastModifiedDate":"2026-01-29T20:44:43","isFullCredit":false},{"lineNumber":52,"author":{"gitId":"wKynaston"},"content":"","lastModifiedDate":"2026-02-04T22:57:16","isFullCredit":false},{"lineNumber":53,"author":{"gitId":"wKynaston"},"content":"        case \"list\":","lastModifiedDate":"2026-02-04T22:57:16","isFullCredit":false},{"lineNumber":54,"author":{"gitId":"wKynaston"},"content":"            listTasks();","lastModifiedDate":"2026-02-04T22:57:16","isFullCredit":false},{"lineNumber":55,"author":{"gitId":"wKynaston"},"content":"            return true;","lastModifiedDate":"2026-01-29T22:30:10","isFullCredit":false},{"lineNumber":56,"author":{"gitId":"wKynaston"},"content":"","lastModifiedDate":"2026-02-04T22:57:16","isFullCredit":false},{"lineNumber":57,"author":{"gitId":"wKynaston"},"content":"        case \"todo\":","lastModifiedDate":"2026-02-05T10:03:03","isFullCredit":false},{"lineNumber":58,"author":{"gitId":"wKynaston"},"content":"            addTodo(rest);","lastModifiedDate":"2026-02-05T10:03:03","isFullCredit":false},{"lineNumber":59,"author":{"gitId":"wKynaston"},"content":"            return true;","lastModifiedDate":"2026-02-05T10:03:03","isFullCredit":false},{"lineNumber":60,"author":{"gitId":"wKynaston"},"content":"","lastModifiedDate":"2026-02-05T10:03:03","isFullCredit":false},{"lineNumber":61,"author":{"gitId":"wKynaston"},"content":"        case \"deadline\":","lastModifiedDate":"2026-02-05T10:03:03","isFullCredit":false},{"lineNumber":62,"author":{"gitId":"wKynaston"},"content":"            addDeadline(rest);","lastModifiedDate":"2026-02-05T10:03:03","isFullCredit":false},{"lineNumber":63,"author":{"gitId":"wKynaston"},"content":"            return true;","lastModifiedDate":"2026-02-05T10:03:03","isFullCredit":false},{"lineNumber":64,"author":{"gitId":"wKynaston"},"content":"","lastModifiedDate":"2026-02-05T10:03:03","isFullCredit":false},{"lineNumber":65,"author":{"gitId":"wKynaston"},"content":"        case \"event\":","lastModifiedDate":"2026-02-05T10:03:03","isFullCredit":false},{"lineNumber":66,"author":{"gitId":"wKynaston"},"content":"            addEvent(rest);","lastModifiedDate":"2026-02-05T10:03:03","isFullCredit":false},{"lineNumber":67,"author":{"gitId":"wKynaston"},"content":"            return true;","lastModifiedDate":"2026-02-05T10:03:03","isFullCredit":false},{"lineNumber":68,"author":{"gitId":"wKynaston"},"content":"","lastModifiedDate":"2026-02-05T10:03:03","isFullCredit":false},{"lineNumber":69,"author":{"gitId":"wKynaston"},"content":"        default:","lastModifiedDate":"2026-01-29T22:30:10","isFullCredit":false},{"lineNumber":70,"author":{"gitId":"wKynaston"},"content":"            System.out.println(LONGLINE","lastModifiedDate":"2026-02-05T10:03:03","isFullCredit":false},{"lineNumber":71,"author":{"gitId":"wKynaston"},"content":"                    + \"Unknown command. Must be something Coke invented.\\n\"","lastModifiedDate":"2026-02-05T10:03:03","isFullCredit":false},{"lineNumber":72,"author":{"gitId":"wKynaston"},"content":"                    + \"Try: todo / deadline / event / list / mark / unmark / bye\\n\"","lastModifiedDate":"2026-02-05T10:03:03","isFullCredit":false},{"lineNumber":73,"author":{"gitId":"wKynaston"},"content":"                    + LONGLINE);","lastModifiedDate":"2026-02-05T10:03:03","isFullCredit":false},{"lineNumber":74,"author":{"gitId":"wKynaston"},"content":"            return true;","lastModifiedDate":"2026-01-29T20:44:43","isFullCredit":false},{"lineNumber":75,"author":{"gitId":"wKynaston"},"content":"        }","lastModifiedDate":"2026-01-29T20:44:43","isFullCredit":false},{"lineNumber":76,"author":{"gitId":"wKynaston"},"content":"    }","lastModifiedDate":"2026-01-29T20:44:43","isFullCredit":false},{"lineNumber":77,"author":{"gitId":"wKynaston"},"content":"","lastModifiedDate":"2026-01-29T20:44:43","isFullCredit":false},{"lineNumber":78,"author":{"gitId":"wKynaston"},"content":"    private static void addTodo(String rest) {","lastModifiedDate":"2026-02-05T10:03:03","isFullCredit":false},{"lineNumber":79,"author":{"gitId":"wKynaston"},"content":"        if (rest.isEmpty()) {","lastModifiedDate":"2026-02-05T10:03:03","isFullCredit":false},{"lineNumber":80,"author":{"gitId":"wKynaston"},"content":"            System.out.println(LONGLINE","lastModifiedDate":"2026-02-05T10:03:03","isFullCredit":false},{"lineNumber":81,"author":{"gitId":"wKynaston"},"content":"                    + \"A todo with no description? Classic Coke quality.\\n\"","lastModifiedDate":"2026-02-05T10:03:03","isFullCredit":false},{"lineNumber":82,"author":{"gitId":"wKynaston"},"content":"                    + \"Use: todo \u003cdescription\u003e\\n\"","lastModifiedDate":"2026-02-05T10:03:03","isFullCredit":false},{"lineNumber":83,"author":{"gitId":"wKynaston"},"content":"                    + LONGLINE);","lastModifiedDate":"2026-02-05T10:03:03","isFullCredit":false},{"lineNumber":84,"author":{"gitId":"wKynaston"},"content":"            return;","lastModifiedDate":"2026-02-05T10:03:03","isFullCredit":false},{"lineNumber":85,"author":{"gitId":"wKynaston"},"content":"        }","lastModifiedDate":"2026-02-05T10:03:03","isFullCredit":false},{"lineNumber":86,"author":{"gitId":"wKynaston"},"content":"","lastModifiedDate":"2026-02-05T10:03:03","isFullCredit":false},{"lineNumber":87,"author":{"gitId":"wKynaston"},"content":"        Task task \u003d new Todo(rest);","lastModifiedDate":"2026-02-05T10:03:03","isFullCredit":false},{"lineNumber":88,"author":{"gitId":"wKynaston"},"content":"        catalogue[fill++] \u003d task;","lastModifiedDate":"2026-02-05T10:03:03","isFullCredit":false},{"lineNumber":89,"author":{"gitId":"wKynaston"},"content":"        printAdded(task);","lastModifiedDate":"2026-02-05T10:03:03","isFullCredit":false},{"lineNumber":90,"author":{"gitId":"wKynaston"},"content":"    }","lastModifiedDate":"2026-02-05T10:03:03","isFullCredit":false},{"lineNumber":91,"author":{"gitId":"wKynaston"},"content":"","lastModifiedDate":"2026-02-05T10:03:03","isFullCredit":false},{"lineNumber":92,"author":{"gitId":"wKynaston"},"content":"    private static void addDeadline(String rest) {","lastModifiedDate":"2026-02-05T10:03:03","isFullCredit":false},{"lineNumber":93,"author":{"gitId":"wKynaston"},"content":"        // expected: \u003cdesc\u003e /by \u003cwhen\u003e","lastModifiedDate":"2026-02-05T10:03:03","isFullCredit":false},{"lineNumber":94,"author":{"gitId":"wKynaston"},"content":"        String[] split \u003d rest.split(\"\\\\s+/by\\\\s+\", 2);","lastModifiedDate":"2026-02-05T10:03:03","isFullCredit":false},{"lineNumber":95,"author":{"gitId":"wKynaston"},"content":"","lastModifiedDate":"2026-02-05T10:03:03","isFullCredit":false},{"lineNumber":96,"author":{"gitId":"wKynaston"},"content":"        if (split.length !\u003d 2 || split[0].trim().isEmpty() || split[1].trim().isEmpty()) {","lastModifiedDate":"2026-02-05T10:03:03","isFullCredit":false},{"lineNumber":97,"author":{"gitId":"wKynaston"},"content":"            System.out.println(LONGLINE","lastModifiedDate":"2026-02-05T10:03:03","isFullCredit":false},{"lineNumber":98,"author":{"gitId":"wKynaston"},"content":"                    + \"That deadline format is as vague as Coke’s ingredients.\\n\"","lastModifiedDate":"2026-02-05T10:03:03","isFullCredit":false},{"lineNumber":99,"author":{"gitId":"wKynaston"},"content":"                    + \"Use: deadline \u003cdescription\u003e /by \u003cwhen\u003e\\n\"","lastModifiedDate":"2026-02-05T10:03:03","isFullCredit":false},{"lineNumber":100,"author":{"gitId":"wKynaston"},"content":"                    + LONGLINE);","lastModifiedDate":"2026-02-05T10:03:03","isFullCredit":false},{"lineNumber":101,"author":{"gitId":"wKynaston"},"content":"            return;","lastModifiedDate":"2026-02-05T10:03:03","isFullCredit":false},{"lineNumber":102,"author":{"gitId":"wKynaston"},"content":"        }","lastModifiedDate":"2026-02-05T10:03:03","isFullCredit":false},{"lineNumber":103,"author":{"gitId":"wKynaston"},"content":"","lastModifiedDate":"2026-02-05T10:03:03","isFullCredit":false},{"lineNumber":104,"author":{"gitId":"wKynaston"},"content":"        String desc \u003d split[0].trim();","lastModifiedDate":"2026-02-05T10:03:03","isFullCredit":false},{"lineNumber":105,"author":{"gitId":"wKynaston"},"content":"        String by \u003d split[1].trim();","lastModifiedDate":"2026-02-05T10:03:03","isFullCredit":false},{"lineNumber":106,"author":{"gitId":"wKynaston"},"content":"","lastModifiedDate":"2026-02-05T10:03:03","isFullCredit":false},{"lineNumber":107,"author":{"gitId":"wKynaston"},"content":"        Task task \u003d new Deadline(desc, by);","lastModifiedDate":"2026-02-05T10:03:03","isFullCredit":false},{"lineNumber":108,"author":{"gitId":"wKynaston"},"content":"        catalogue[fill++] \u003d task;","lastModifiedDate":"2026-02-05T10:03:03","isFullCredit":false},{"lineNumber":109,"author":{"gitId":"wKynaston"},"content":"        printAdded(task);","lastModifiedDate":"2026-02-05T10:03:03","isFullCredit":false},{"lineNumber":110,"author":{"gitId":"wKynaston"},"content":"    }","lastModifiedDate":"2026-02-04T22:57:16","isFullCredit":false},{"lineNumber":111,"author":{"gitId":"wKynaston"},"content":"","lastModifiedDate":"2026-02-04T22:57:16","isFullCredit":false},{"lineNumber":112,"author":{"gitId":"wKynaston"},"content":"    private static void addEvent(String rest) {","lastModifiedDate":"2026-02-05T10:03:03","isFullCredit":false},{"lineNumber":113,"author":{"gitId":"wKynaston"},"content":"        // expected: \u003cdesc\u003e /from \u003cstart\u003e /to \u003cend\u003e","lastModifiedDate":"2026-02-05T10:03:03","isFullCredit":false},{"lineNumber":114,"author":{"gitId":"wKynaston"},"content":"        String[] splitFrom \u003d rest.split(\"\\\\s+/from\\\\s+\", 2);","lastModifiedDate":"2026-02-05T10:03:03","isFullCredit":false},{"lineNumber":115,"author":{"gitId":"wKynaston"},"content":"","lastModifiedDate":"2026-02-05T10:03:03","isFullCredit":false},{"lineNumber":116,"author":{"gitId":"wKynaston"},"content":"        if (splitFrom.length !\u003d 2 || splitFrom[0].trim().isEmpty()) {","lastModifiedDate":"2026-02-05T10:03:03","isFullCredit":false},{"lineNumber":117,"author":{"gitId":"wKynaston"},"content":"            System.out.println(LONGLINE","lastModifiedDate":"2026-02-04T22:57:16","isFullCredit":false},{"lineNumber":118,"author":{"gitId":"wKynaston"},"content":"                    + \"An event without timing? That’s very Coke-planned.\\n\"","lastModifiedDate":"2026-02-05T10:03:03","isFullCredit":false},{"lineNumber":119,"author":{"gitId":"wKynaston"},"content":"                    + \"Use: event \u003cdescription\u003e /from \u003cstart\u003e /to \u003cend\u003e\\n\"","lastModifiedDate":"2026-02-05T10:03:03","isFullCredit":false},{"lineNumber":120,"author":{"gitId":"wKynaston"},"content":"                    + LONGLINE);","lastModifiedDate":"2026-02-04T22:57:16","isFullCredit":false},{"lineNumber":121,"author":{"gitId":"wKynaston"},"content":"            return;","lastModifiedDate":"2026-02-04T22:57:16","isFullCredit":false},{"lineNumber":122,"author":{"gitId":"wKynaston"},"content":"        }","lastModifiedDate":"2026-02-04T22:57:16","isFullCredit":false},{"lineNumber":123,"author":{"gitId":"wKynaston"},"content":"","lastModifiedDate":"2026-02-04T22:57:16","isFullCredit":false},{"lineNumber":124,"author":{"gitId":"wKynaston"},"content":"        String desc \u003d splitFrom[0].trim();","lastModifiedDate":"2026-02-05T10:03:03","isFullCredit":false},{"lineNumber":125,"author":{"gitId":"wKynaston"},"content":"        String[] splitTo \u003d splitFrom[1].split(\"\\\\s+/to\\\\s+\", 2);","lastModifiedDate":"2026-02-05T10:03:03","isFullCredit":false},{"lineNumber":126,"author":{"gitId":"wKynaston"},"content":"","lastModifiedDate":"2026-02-04T22:57:16","isFullCredit":false},{"lineNumber":127,"author":{"gitId":"wKynaston"},"content":"        if (splitTo.length !\u003d 2 || splitTo[0].trim().isEmpty() || splitTo[1].trim().isEmpty()) {","lastModifiedDate":"2026-02-05T10:03:03","isFullCredit":false},{"lineNumber":128,"author":{"gitId":"wKynaston"},"content":"            System.out.println(LONGLINE","lastModifiedDate":"2026-02-05T10:03:03","isFullCredit":false},{"lineNumber":129,"author":{"gitId":"wKynaston"},"content":"                    + \"Start time but no end time? Coke scheduling again.\\n\"","lastModifiedDate":"2026-02-05T10:03:03","isFullCredit":false},{"lineNumber":130,"author":{"gitId":"wKynaston"},"content":"                    + \"Use: event \u003cdescription\u003e /from \u003cstart\u003e /to \u003cend\u003e\\n\"","lastModifiedDate":"2026-02-05T10:03:03","isFullCredit":false},{"lineNumber":131,"author":{"gitId":"wKynaston"},"content":"                    + LONGLINE);","lastModifiedDate":"2026-02-05T10:03:03","isFullCredit":false},{"lineNumber":132,"author":{"gitId":"wKynaston"},"content":"            return;","lastModifiedDate":"2026-02-05T10:03:03","isFullCredit":false},{"lineNumber":133,"author":{"gitId":"wKynaston"},"content":"        }","lastModifiedDate":"2026-02-04T22:57:16","isFullCredit":false},{"lineNumber":134,"author":{"gitId":"wKynaston"},"content":"","lastModifiedDate":"2026-02-04T22:57:16","isFullCredit":false},{"lineNumber":135,"author":{"gitId":"wKynaston"},"content":"        String from \u003d splitTo[0].trim();","lastModifiedDate":"2026-02-05T10:03:03","isFullCredit":false},{"lineNumber":136,"author":{"gitId":"wKynaston"},"content":"        String to \u003d splitTo[1].trim();","lastModifiedDate":"2026-02-05T10:03:03","isFullCredit":false},{"lineNumber":137,"author":{"gitId":"wKynaston"},"content":"","lastModifiedDate":"2026-02-05T10:03:03","isFullCredit":false},{"lineNumber":138,"author":{"gitId":"wKynaston"},"content":"        Task task \u003d new Event(desc, from, to);","lastModifiedDate":"2026-02-05T10:03:03","isFullCredit":false},{"lineNumber":139,"author":{"gitId":"wKynaston"},"content":"        catalogue[fill++] \u003d task;","lastModifiedDate":"2026-02-05T10:03:03","isFullCredit":false},{"lineNumber":140,"author":{"gitId":"wKynaston"},"content":"        printAdded(task);","lastModifiedDate":"2026-02-05T10:03:03","isFullCredit":false},{"lineNumber":141,"author":{"gitId":"wKynaston"},"content":"    }","lastModifiedDate":"2026-02-05T10:03:03","isFullCredit":false},{"lineNumber":142,"author":{"gitId":"wKynaston"},"content":"","lastModifiedDate":"2026-02-05T10:03:03","isFullCredit":false},{"lineNumber":143,"author":{"gitId":"wKynaston"},"content":"    private static void printAdded(Task task) {","lastModifiedDate":"2026-02-05T10:03:03","isFullCredit":false},{"lineNumber":144,"author":{"gitId":"wKynaston"},"content":"        System.out.println(LONGLINE","lastModifiedDate":"2026-02-05T10:03:03","isFullCredit":false},{"lineNumber":145,"author":{"gitId":"wKynaston"},"content":"                + \"Task added successfully. Unlike Coke, I don’t disappoint.\\n\"","lastModifiedDate":"2026-02-05T10:03:03","isFullCredit":false},{"lineNumber":146,"author":{"gitId":"wKynaston"},"content":"                + \"  \" + task + \"\\n\"","lastModifiedDate":"2026-02-05T10:03:03","isFullCredit":false},{"lineNumber":147,"author":{"gitId":"wKynaston"},"content":"                + \"You now have \" + fill + \" tasks — still fewer than Coke’s failures.\\n\"","lastModifiedDate":"2026-02-05T10:03:03","isFullCredit":false},{"lineNumber":148,"author":{"gitId":"wKynaston"},"content":"                + LONGLINE);","lastModifiedDate":"2026-02-05T10:03:03","isFullCredit":false},{"lineNumber":149,"author":{"gitId":"wKynaston"},"content":"    }","lastModifiedDate":"2026-02-05T10:03:03","isFullCredit":false},{"lineNumber":150,"author":{"gitId":"wKynaston"},"content":"","lastModifiedDate":"2026-02-05T10:03:03","isFullCredit":false},{"lineNumber":151,"author":{"gitId":"wKynaston"},"content":"","lastModifiedDate":"2026-02-05T10:03:03","isFullCredit":false},{"lineNumber":152,"author":{"gitId":"wKynaston"},"content":"    private static void handleMarking(String cmd, String rest) {","lastModifiedDate":"2026-02-05T10:03:03","isFullCredit":false},{"lineNumber":153,"author":{"gitId":"wKynaston"},"content":"        if (rest.isEmpty()) {","lastModifiedDate":"2026-02-05T10:03:03","isFullCredit":false},{"lineNumber":154,"author":{"gitId":"wKynaston"},"content":"            System.out.println(LONGLINE","lastModifiedDate":"2026-02-04T22:57:16","isFullCredit":false},{"lineNumber":155,"author":{"gitId":"wKynaston"},"content":"                    + \"Mark what? Coke-level instructions detected.\\n\"","lastModifiedDate":"2026-02-05T10:03:03","isFullCredit":false},{"lineNumber":156,"author":{"gitId":"wKynaston"},"content":"                    + \"Use: \" + cmd + \" \u003ctask number\u003e\\n\"","lastModifiedDate":"2026-02-05T10:03:03","isFullCredit":false},{"lineNumber":157,"author":{"gitId":"wKynaston"},"content":"                    + LONGLINE);","lastModifiedDate":"2026-02-04T22:57:16","isFullCredit":false},{"lineNumber":158,"author":{"gitId":"wKynaston"},"content":"            return;","lastModifiedDate":"2026-02-05T10:03:03","isFullCredit":false},{"lineNumber":159,"author":{"gitId":"wKynaston"},"content":"        }","lastModifiedDate":"2026-02-05T10:03:03","isFullCredit":false},{"lineNumber":160,"author":{"gitId":"wKynaston"},"content":"","lastModifiedDate":"2026-02-05T10:03:03","isFullCredit":false},{"lineNumber":161,"author":{"gitId":"wKynaston"},"content":"        if (!isAllDigits(rest)) {","lastModifiedDate":"2026-02-05T10:03:03","isFullCredit":false},{"lineNumber":162,"author":{"gitId":"wKynaston"},"content":"            System.out.println(LONGLINE","lastModifiedDate":"2026-02-05T10:03:03","isFullCredit":false},{"lineNumber":163,"author":{"gitId":"wKynaston"},"content":"                    + \"That’s not a number. Coke maths strikes again.\\n\"","lastModifiedDate":"2026-02-05T10:03:03","isFullCredit":false},{"lineNumber":164,"author":{"gitId":"wKynaston"},"content":"                    + LONGLINE);","lastModifiedDate":"2026-02-05T10:03:03","isFullCredit":false},{"lineNumber":165,"author":{"gitId":"wKynaston"},"content":"            return;","lastModifiedDate":"2026-02-05T10:03:03","isFullCredit":false},{"lineNumber":166,"author":{"gitId":"wKynaston"},"content":"        }","lastModifiedDate":"2026-01-29T23:16:54","isFullCredit":false},{"lineNumber":167,"author":{"gitId":"wKynaston"},"content":"","lastModifiedDate":"2026-02-05T10:03:03","isFullCredit":false},{"lineNumber":168,"author":{"gitId":"wKynaston"},"content":"        int number \u003d Integer.parseInt(rest);","lastModifiedDate":"2026-02-05T10:03:03","isFullCredit":false},{"lineNumber":169,"author":{"gitId":"wKynaston"},"content":"        int idx \u003d number - 1;","lastModifiedDate":"2026-02-05T10:03:03","isFullCredit":false},{"lineNumber":170,"author":{"gitId":"wKynaston"},"content":"","lastModifiedDate":"2026-02-05T10:03:03","isFullCredit":false},{"lineNumber":171,"author":{"gitId":"wKynaston"},"content":"        if (idx \u003c 0 || idx \u003e\u003d fill || catalogue[idx] \u003d\u003d null) {","lastModifiedDate":"2026-02-05T10:03:03","isFullCredit":false},{"lineNumber":172,"author":{"gitId":"wKynaston"},"content":"            System.out.println(LONGLINE","lastModifiedDate":"2026-02-05T10:03:03","isFullCredit":false},{"lineNumber":173,"author":{"gitId":"wKynaston"},"content":"                    + \"Invalid task number. Even Coke could count better than that.\\n\"","lastModifiedDate":"2026-02-05T10:03:03","isFullCredit":false},{"lineNumber":174,"author":{"gitId":"wKynaston"},"content":"                    + LONGLINE);","lastModifiedDate":"2026-02-05T10:03:03","isFullCredit":false},{"lineNumber":175,"author":{"gitId":"wKynaston"},"content":"            return;","lastModifiedDate":"2026-02-05T10:03:03","isFullCredit":false},{"lineNumber":176,"author":{"gitId":"wKynaston"},"content":"        }","lastModifiedDate":"2026-01-29T23:16:54","isFullCredit":false},{"lineNumber":177,"author":{"gitId":"wKynaston"},"content":"","lastModifiedDate":"2026-02-04T22:57:16","isFullCredit":false},{"lineNumber":178,"author":{"gitId":"wKynaston"},"content":"        if (cmd.equals(\"mark\")) {","lastModifiedDate":"2026-02-05T10:03:03","isFullCredit":false},{"lineNumber":179,"author":{"gitId":"wKynaston"},"content":"            catalogue[idx].setDone(true);","lastModifiedDate":"2026-02-05T10:03:03","isFullCredit":false},{"lineNumber":180,"author":{"gitId":"wKynaston"},"content":"            System.out.println(LONGLINE","lastModifiedDate":"2026-02-05T10:03:03","isFullCredit":false},{"lineNumber":181,"author":{"gitId":"wKynaston"},"content":"                    + \"Nice. Marked as done — something Coke rarely achieves:\\n\"","lastModifiedDate":"2026-02-05T10:03:03","isFullCredit":false},{"lineNumber":182,"author":{"gitId":"wKynaston"},"content":"                    + \"  \" + catalogue[idx] + \"\\n\"","lastModifiedDate":"2026-02-05T10:03:03","isFullCredit":false},{"lineNumber":183,"author":{"gitId":"wKynaston"},"content":"                    + LONGLINE);","lastModifiedDate":"2026-02-05T10:03:03","isFullCredit":false},{"lineNumber":184,"author":{"gitId":"wKynaston"},"content":"        } else {","lastModifiedDate":"2026-02-05T10:03:03","isFullCredit":false},{"lineNumber":185,"author":{"gitId":"wKynaston"},"content":"            catalogue[idx].setDone(false);","lastModifiedDate":"2026-02-05T10:03:03","isFullCredit":false},{"lineNumber":186,"author":{"gitId":"wKynaston"},"content":"            System.out.println(LONGLINE","lastModifiedDate":"2026-02-04T22:57:16","isFullCredit":false},{"lineNumber":187,"author":{"gitId":"wKynaston"},"content":"                    + \"Unmarked. Back to ‘not done’, like Coke’s product decisions:\\n\"","lastModifiedDate":"2026-02-05T10:03:03","isFullCredit":false},{"lineNumber":188,"author":{"gitId":"wKynaston"},"content":"                    + \"  \" + catalogue[idx] + \"\\n\"","lastModifiedDate":"2026-02-05T10:03:03","isFullCredit":false},{"lineNumber":189,"author":{"gitId":"wKynaston"},"content":"                    + LONGLINE);","lastModifiedDate":"2026-02-04T22:57:16","isFullCredit":false},{"lineNumber":190,"author":{"gitId":"wKynaston"},"content":"        }","lastModifiedDate":"2026-01-29T23:16:54","isFullCredit":false},{"lineNumber":191,"author":{"gitId":"wKynaston"},"content":"    }","lastModifiedDate":"2026-02-05T10:03:03","isFullCredit":false},{"lineNumber":192,"author":{"gitId":"wKynaston"},"content":"","lastModifiedDate":"2026-02-05T10:03:03","isFullCredit":false},{"lineNumber":193,"author":{"gitId":"wKynaston"},"content":"    private static boolean isAllDigits(String s) {","lastModifiedDate":"2026-02-05T10:03:03","isFullCredit":false},{"lineNumber":194,"author":{"gitId":"wKynaston"},"content":"        for (int i \u003d 0; i \u003c s.length(); i++) {","lastModifiedDate":"2026-02-05T10:03:03","isFullCredit":false},{"lineNumber":195,"author":{"gitId":"wKynaston"},"content":"            char ch \u003d s.charAt(i);","lastModifiedDate":"2026-02-05T10:03:03","isFullCredit":false},{"lineNumber":196,"author":{"gitId":"wKynaston"},"content":"            if (ch \u003c \u00270\u0027 || ch \u003e \u00279\u0027) {","lastModifiedDate":"2026-02-05T10:03:03","isFullCredit":false},{"lineNumber":197,"author":{"gitId":"wKynaston"},"content":"                return false;","lastModifiedDate":"2026-02-05T10:03:03","isFullCredit":false},{"lineNumber":198,"author":{"gitId":"wKynaston"},"content":"            }","lastModifiedDate":"2026-02-05T10:03:03","isFullCredit":false},{"lineNumber":199,"author":{"gitId":"wKynaston"},"content":"        }","lastModifiedDate":"2026-02-05T10:03:03","isFullCredit":false},{"lineNumber":200,"author":{"gitId":"wKynaston"},"content":"        return true;","lastModifiedDate":"2026-02-05T10:03:03","isFullCredit":false},{"lineNumber":201,"author":{"gitId":"wKynaston"},"content":"    }","lastModifiedDate":"2026-02-05T10:03:03","isFullCredit":false},{"lineNumber":202,"author":{"gitId":"wKynaston"},"content":"","lastModifiedDate":"2026-02-05T10:03:03","isFullCredit":false},{"lineNumber":203,"author":{"gitId":"wKynaston"},"content":"","lastModifiedDate":"2026-02-04T22:57:16","isFullCredit":false},{"lineNumber":204,"author":{"gitId":"wKynaston"},"content":"    private static void listTasks() {","lastModifiedDate":"2026-02-04T22:57:16","isFullCredit":false},{"lineNumber":205,"author":{"gitId":"wKynaston"},"content":"        System.out.println(LONGLINE);","lastModifiedDate":"2026-02-04T22:57:16","isFullCredit":false},{"lineNumber":206,"author":{"gitId":"wKynaston"},"content":"        System.out.println(\"Here’s your task list — cleaner than Coke’s brand image:\");","lastModifiedDate":"2026-02-05T10:03:03","isFullCredit":false},{"lineNumber":207,"author":{"gitId":"wKynaston"},"content":"        for (int i \u003d 0; i \u003c fill; i++) {","lastModifiedDate":"2026-02-04T22:57:16","isFullCredit":false},{"lineNumber":208,"author":{"gitId":"wKynaston"},"content":"            System.out.println((i + 1) + \". \" + catalogue[i]);","lastModifiedDate":"2026-02-04T22:57:16","isFullCredit":false},{"lineNumber":209,"author":{"gitId":"wKynaston"},"content":"        }","lastModifiedDate":"2026-02-04T22:57:16","isFullCredit":false},{"lineNumber":210,"author":{"gitId":"wKynaston"},"content":"        System.out.println(\"\\n\" + LONGLINE);","lastModifiedDate":"2026-02-04T22:57:16","isFullCredit":false},{"lineNumber":211,"author":{"gitId":"wKynaston"},"content":"    }","lastModifiedDate":"2026-01-29T23:16:54","isFullCredit":false},{"lineNumber":212,"author":{"gitId":"wKynaston"},"content":"","lastModifiedDate":"2026-01-29T23:16:54","isFullCredit":false},{"lineNumber":213,"author":{"gitId":"wKynaston"},"content":"","lastModifiedDate":"2026-02-05T10:03:03","isFullCredit":false},{"lineNumber":214,"author":{"gitId":"wKynaston"},"content":"    private static void greetings() {","lastModifiedDate":"2026-02-04T22:57:16","isFullCredit":false},{"lineNumber":215,"author":{"gitId":"wKynaston"},"content":"        System.out.println(LONGLINE);","lastModifiedDate":"2026-02-04T22:57:16","isFullCredit":false},{"lineNumber":216,"author":{"gitId":"wKynaston"},"content":"        String logo \u003d \"\"\"","lastModifiedDate":"2026-01-29T20:02:12","isFullCredit":false},{"lineNumber":217,"author":{"gitId":"wKynaston"},"content":"                 ____  _____ ____  ____ ___","lastModifiedDate":"2026-01-29T20:02:12","isFullCredit":false},{"lineNumber":218,"author":{"gitId":"wKynaston"},"content":"                |  _ \\\\| ____|  _ \\\\/ ___|_ _|","lastModifiedDate":"2026-01-29T20:02:12","isFullCredit":false},{"lineNumber":219,"author":{"gitId":"wKynaston"},"content":"                | |_) |  _| | |_) \\\\___ \\\\| |","lastModifiedDate":"2026-01-29T20:02:12","isFullCredit":false},{"lineNumber":220,"author":{"gitId":"wKynaston"},"content":"                |  __/| |___|  __/ ___) | |","lastModifiedDate":"2026-01-29T20:02:12","isFullCredit":false},{"lineNumber":221,"author":{"gitId":"wKynaston"},"content":"                |_|   |_____|_|   |____/___|","lastModifiedDate":"2026-01-29T20:02:12","isFullCredit":false},{"lineNumber":222,"author":{"gitId":"wKynaston"},"content":"                \"\"\";","lastModifiedDate":"2026-01-29T20:02:12","isFullCredit":false},{"lineNumber":223,"author":{"gitId":"wKynaston"},"content":"        System.out.println(logo);","lastModifiedDate":"2026-01-29T19:58:08","isFullCredit":false},{"lineNumber":224,"author":{"gitId":"wKynaston"},"content":"        System.out.println(","lastModifiedDate":"2026-02-05T10:03:03","isFullCredit":false},{"lineNumber":225,"author":{"gitId":"wKynaston"},"content":"                \"Hello! I\u0027m Pepsi.\\n\"","lastModifiedDate":"2026-02-05T10:03:03","isFullCredit":false},{"lineNumber":226,"author":{"gitId":"wKynaston"},"content":"                        + \"Smarter, clearer, and less overrated than Coke.\\n\"","lastModifiedDate":"2026-02-05T10:03:03","isFullCredit":false},{"lineNumber":227,"author":{"gitId":"wKynaston"},"content":"                        + \"What can I do for you today?\\n\"","lastModifiedDate":"2026-02-05T10:03:03","isFullCredit":false},{"lineNumber":228,"author":{"gitId":"wKynaston"},"content":"                        + LONGLINE);","lastModifiedDate":"2026-02-05T10:03:03","isFullCredit":false},{"lineNumber":229,"author":{"gitId":"wKynaston"},"content":"    }","lastModifiedDate":"2026-01-29T19:58:08","isFullCredit":false},{"lineNumber":230,"author":{"gitId":"wKynaston"},"content":"}","lastModifiedDate":"2026-01-29T19:58:08","isFullCredit":false}],"authorContributionMap":{"wKynaston":230}},{"path":"src/main/java/Task.java","fileType":"java","lines":[{"lineNumber":1,"author":{"gitId":"wKynaston"},"content":"public class Task {","lastModifiedDate":"2026-02-06T09:35:17","isFullCredit":false},{"lineNumber":2,"author":{"gitId":"wKynaston"},"content":"    protected String description;","lastModifiedDate":"2026-02-05T10:03:03","isFullCredit":false},{"lineNumber":3,"author":{"gitId":"wKynaston"},"content":"    protected boolean isDone;","lastModifiedDate":"2026-02-05T10:03:03","isFullCredit":false},{"lineNumber":4,"author":{"gitId":"wKynaston"},"content":"","lastModifiedDate":"2026-02-05T10:03:03","isFullCredit":false},{"lineNumber":5,"author":{"gitId":"wKynaston"},"content":"    public Task(String description) {","lastModifiedDate":"2026-02-05T10:03:03","isFullCredit":false},{"lineNumber":6,"author":{"gitId":"wKynaston"},"content":"        this.description \u003d description;","lastModifiedDate":"2026-02-05T10:03:03","isFullCredit":false},{"lineNumber":7,"author":{"gitId":"wKynaston"},"content":"        this.isDone \u003d false;","lastModifiedDate":"2026-02-05T10:03:03","isFullCredit":false},{"lineNumber":8,"author":{"gitId":"wKynaston"},"content":"    }","lastModifiedDate":"2026-02-05T10:03:03","isFullCredit":false},{"lineNumber":9,"author":{"gitId":"wKynaston"},"content":"","lastModifiedDate":"2026-02-05T10:03:03","isFullCredit":false},{"lineNumber":10,"author":{"gitId":"wKynaston"},"content":"    public void setDone(boolean done) {","lastModifiedDate":"2026-02-05T10:03:03","isFullCredit":false},{"lineNumber":11,"author":{"gitId":"wKynaston"},"content":"        isDone \u003d done;","lastModifiedDate":"2026-02-05T10:03:03","isFullCredit":false},{"lineNumber":12,"author":{"gitId":"wKynaston"},"content":"    }","lastModifiedDate":"2026-02-05T10:03:03","isFullCredit":false},{"lineNumber":13,"author":{"gitId":"wKynaston"},"content":"","lastModifiedDate":"2026-02-05T10:03:03","isFullCredit":false},{"lineNumber":14,"author":{"gitId":"wKynaston"},"content":"    protected String statusIcon() {","lastModifiedDate":"2026-02-05T10:03:03","isFullCredit":false},{"lineNumber":15,"author":{"gitId":"wKynaston"},"content":"        return isDone ? \"X\" : \" \";","lastModifiedDate":"2026-02-05T10:03:03","isFullCredit":false},{"lineNumber":16,"author":{"gitId":"wKynaston"},"content":"    }","lastModifiedDate":"2026-02-05T10:03:03","isFullCredit":false},{"lineNumber":17,"author":{"gitId":"wKynaston"},"content":"","lastModifiedDate":"2026-02-05T10:03:03","isFullCredit":false},{"lineNumber":18,"author":{"gitId":"wKynaston"},"content":"    protected String typeIcon() {","lastModifiedDate":"2026-02-06T09:35:17","isFullCredit":false},{"lineNumber":19,"author":{"gitId":"wKynaston"},"content":"        return \"?\";","lastModifiedDate":"2026-02-06T09:35:17","isFullCredit":false},{"lineNumber":20,"author":{"gitId":"wKynaston"},"content":"    }","lastModifiedDate":"2026-02-06T09:35:17","isFullCredit":false},{"lineNumber":21,"author":{"gitId":"wKynaston"},"content":"","lastModifiedDate":"2026-02-05T10:03:03","isFullCredit":false},{"lineNumber":22,"author":{"gitId":"wKynaston"},"content":"    @Override","lastModifiedDate":"2026-02-05T10:03:03","isFullCredit":false},{"lineNumber":23,"author":{"gitId":"wKynaston"},"content":"    public String toString() {","lastModifiedDate":"2026-02-05T10:03:03","isFullCredit":false},{"lineNumber":24,"author":{"gitId":"wKynaston"},"content":"        return \"[\" + typeIcon() + \"][\" + statusIcon() + \"] \" + description;","lastModifiedDate":"2026-02-05T10:03:03","isFullCredit":false},{"lineNumber":25,"author":{"gitId":"wKynaston"},"content":"    }","lastModifiedDate":"2026-02-05T10:03:03","isFullCredit":false},{"lineNumber":26,"author":{"gitId":"wKynaston"},"content":"}","lastModifiedDate":"2026-02-05T10:03:03","isFullCredit":false}],"authorContributionMap":{"wKynaston":26}},{"path":"src/main/java/Todo.java","fileType":"java","lines":[{"lineNumber":1,"author":{"gitId":"wKynaston"},"content":"public class Todo extends Task {","lastModifiedDate":"2026-02-05T10:03:03","isFullCredit":false},{"lineNumber":2,"author":{"gitId":"wKynaston"},"content":"    public Todo(String description) {","lastModifiedDate":"2026-02-05T10:03:03","isFullCredit":false},{"lineNumber":3,"author":{"gitId":"wKynaston"},"content":"        super(description);","lastModifiedDate":"2026-02-05T10:03:03","isFullCredit":false},{"lineNumber":4,"author":{"gitId":"wKynaston"},"content":"    }","lastModifiedDate":"2026-02-05T10:03:03","isFullCredit":false},{"lineNumber":5,"author":{"gitId":"wKynaston"},"content":"","lastModifiedDate":"2026-02-05T10:03:03","isFullCredit":false},{"lineNumber":6,"author":{"gitId":"wKynaston"},"content":"    @Override","lastModifiedDate":"2026-02-05T10:03:03","isFullCredit":false},{"lineNumber":7,"author":{"gitId":"wKynaston"},"content":"    protected String typeIcon() {","lastModifiedDate":"2026-02-05T10:03:03","isFullCredit":false},{"lineNumber":8,"author":{"gitId":"wKynaston"},"content":"        return \"T\";","lastModifiedDate":"2026-02-05T10:03:03","isFullCredit":false},{"lineNumber":9,"author":{"gitId":"wKynaston"},"content":"    }","lastModifiedDate":"2026-02-05T10:03:03","isFullCredit":false},{"lineNumber":10,"author":{"gitId":"wKynaston"},"content":"}","lastModifiedDate":"2026-02-05T10:03:03","isFullCredit":false}],"authorContributionMap":{"wKynaston":10}}]
