{"authorDailyContributionsMap":{"yc-zzz":[{"date":"2026-01-23T00:00:00","commitResults":[{"hash":"1fb8054a6d2578b843864aa19d083384f16d38cd","isMergeCommit":false,"messageTitle":"Change Duke.java to JohnChatBot.java and implement skeletal version","messageBody":"","tags":["Level-0"],"fileTypesAndContributionMap":{"java":{"insertions":7,"deletions":10},"bat":{"insertions":1,"deletions":1},"md":{"insertions":3,"deletions":3}}}]},{"date":"2026-01-28T00:00:00","commitResults":[{"hash":"cee7e8aca8a0843d2c7d91789273fb52c32f44d4","isMergeCommit":false,"messageTitle":"Implement level 1 echo","messageBody":"","tags":["Level-1"],"fileTypesAndContributionMap":{"java":{"insertions":15,"deletions":0}}},{"hash":"cc05083580ae93a3860724a1264d5fc59c67e43d","isMergeCommit":false,"messageTitle":"Implement level 2 add \u0026 list","messageBody":"","tags":["Level-2"],"fileTypesAndContributionMap":{"java":{"insertions":19,"deletions":2}}},{"hash":"0bdc8b247838b7eee2b7012c0decfa0a19f41e93","isMergeCommit":false,"messageTitle":"Implement level 3 mark as done","messageBody":"","tags":["Level-3"],"fileTypesAndContributionMap":{"java":{"insertions":14,"deletions":2}}}]}]},"authorFileTypeContributionMap":{"yc-zzz":{"java":51,"md":3,"fxml":0,"sh":0,"bat":1,"gradle":0,"txt":0}},"authorContributionVariance":{"yc-zzz":151.6275},"authorDisplayNameMap":{"yc-zzz":"CS2113-T14-4 ZHU ..HENG"}}
