{"authorDailyContributionsMap":{"manudagur87":[{"date":"2026-01-25T00:00:00","commitResults":[{"hash":"4ac2f8e76d82b424846f97b2135d59e38a5a240b","isMergeCommit":false,"messageTitle":"Level-0","messageBody":"","tags":["Level-0"],"fileTypesAndContributionMap":{"java":{"insertions":11,"deletions":10}}}]},{"date":"2026-01-29T00:00:00","commitResults":[{"hash":"b124ecae7f22990d9ee8f583e8e831b33991a4ea","isMergeCommit":false,"messageTitle":"added echo functionality","messageBody":"","tags":["Level-1"],"fileTypesAndContributionMap":{"java":{"insertions":28,"deletions":2},"md":{"insertions":10,"deletions":25}}},{"hash":"61c55a2935cb9b47ac4ecb929daa5164661e2ca7","isMergeCommit":false,"messageTitle":"Adding and committing","messageBody":"","tags":["Level-2"],"fileTypesAndContributionMap":{"java":{"insertions":21,"deletions":1},"md":{"insertions":7,"deletions":2}}}]},{"date":"2026-01-30T00:00:00","commitResults":[{"hash":"2be5e21db7c35812468c1158fb16cdfe770c3cfb","isMergeCommit":false,"messageTitle":"marking and unmarking","messageBody":"","tags":["Level-3","A-CodingStandard"],"fileTypesAndContributionMap":{"java":{"insertions":42,"deletions":5},"md":{"insertions":7,"deletions":1}}}]},{"date":"2026-02-06T00:00:00","commitResults":[{"hash":"cf0b6f0162b5eb9a65720a3fa8650dfb0548ce79","isMergeCommit":false,"messageTitle":"Added various types of tasks","messageBody":"","tags":["Level-4"],"fileTypesAndContributionMap":{"java":{"insertions":251,"deletions":48}}},{"hash":"a152d7e74b7f53c19d8ef1344c83898698ad40f1","isMergeCommit":false,"messageTitle":"Automated Text UI testing","messageBody":"","tags":["A-TextUiTesting"],"fileTypesAndContributionMap":{"txt":{"insertions":8,"deletions":0},"bat":{"insertions":1,"deletions":1}}},{"hash":"e96a511392b581d1c597dad2c77dbec3708eb146","isMergeCommit":false,"messageTitle":"fixed one magic number and simpler error message","messageBody":"","tags":["A-CodeQuality"],"fileTypesAndContributionMap":{"java":{"insertions":3,"deletions":2}}}]}]},"authorFileTypeContributionMap":{"manudagur87":{"java":298,"md":17,"fxml":0,"sh":0,"bat":1,"gradle":0,"txt":8}},"authorContributionVariance":{"manudagur87":3556.3213},"authorDisplayNameMap":{"manudagur87":"CS2113-W10-2 MANU..AGUR"}}
