{"authorDailyContributionsMap":{"Simplificatedd":[{"date":"2026-02-02T00:00:00","commitResults":[{"hash":"55c69df4b6b3690a5bd6439440af8f0ace3c7b4c","isMergeCommit":false,"messageTitle":"Rename Duke to Dick (Level-0)","messageBody":"","tags":["Level-0"],"fileTypesAndContributionMap":{"java":{"insertions":12,"deletions":10},"sh":{"insertions":0,"deletions":0}}},{"hash":"84dc2e2dec0e95bcd1d6d83a92928841b000a850","isMergeCommit":false,"messageTitle":"Add echo feature (Level-1)","messageBody":"","tags":["level-1"],"fileTypesAndContributionMap":{"java":{"insertions":12,"deletions":4}}},{"hash":"6693e176484b962f8d30e3955218527305664e27","isMergeCommit":false,"messageTitle":"Add add and list commands (Level-2)","messageBody":"","tags":["level-2"],"fileTypesAndContributionMap":{"java":{"insertions":27,"deletions":4}}}]},{"date":"2026-02-03T00:00:00","commitResults":[{"hash":"3abf5028ef84f89e84a33368079eb13e2424fa52","isMergeCommit":false,"messageTitle":"Add mark and unmark commands (Level-3)","messageBody":"","tags":["level-3"],"fileTypesAndContributionMap":{"java":{"insertions":53,"deletions":11}}},{"hash":"501a697b9fd69944fec077bff330a98b9517a620","isMergeCommit":false,"messageTitle":"Used a class to represent tasks","messageBody":"","tags":["A-Classes"],"fileTypesAndContributionMap":{"java":{"insertions":40,"deletions":12}}},{"hash":"f09371955b5f6ed2141842505ad87c8dc3133685","isMergeCommit":false,"messageTitle":"A-CodingStandard","messageBody":"","tags":["A-CodingStandard"],"fileTypesAndContributionMap":{"java":{"insertions":120,"deletions":72}}}]},{"date":"2026-02-04T00:00:00","commitResults":[{"hash":"996a454bbad1826e41b0ef59ccdcffe565861b69","isMergeCommit":false,"messageTitle":"Add todo, deadline, and event tasks","messageBody":"","tags":["level-4"],"fileTypesAndContributionMap":{"java":{"insertions":104,"deletions":1}}},{"hash":"2d61b0f8e6382faed5f3e2848fb53c95c95497a0","isMergeCommit":false,"messageTitle":"Add inheritance for Todo, Deadline, and Event tasks","messageBody":"","tags":["A-Inheritance"],"fileTypesAndContributionMap":{"java":{"insertions":5,"deletions":5}}},{"hash":"95d079ef3301cb8b289ac8d8cc819a5ebfef39b1","isMergeCommit":false,"messageTitle":"Add text UI testing","messageBody":"","tags":["A-TextUiTesting"],"fileTypesAndContributionMap":{"txt":{"insertions":10,"deletions":0},"sh":{"insertions":9,"deletions":34}}}]}]},"authorFileTypeContributionMap":{"Simplificatedd":{"java":264,"md":0,"fxml":0,"sh":5,"bat":0,"gradle":0,"txt":10}},"authorContributionVariance":{"Simplificatedd":4327.7065},"authorDisplayNameMap":{"Simplificatedd":"CS2113-T11-3 TANG..AVEN"}}
