[{"path":"README.md","fileType":"md","lines":[{"lineNumber":1,"author":{"gitId":"uphyrdia"},"content":"# Phrolova project template","lastModifiedDate":"2026-01-24T22:23:12","isFullCredit":false},{"lineNumber":2,"author":{"gitId":"-"},"content":"","lastModifiedDate":"2020-05-25T00:03:55","isFullCredit":false},{"lineNumber":3,"author":{"gitId":"-"},"content":"This is a project template for a greenfield Java project. It\u0027s named after the Java mascot _Duke_. Given below are instructions on how to use it.","lastModifiedDate":"2020-05-25T00:03:55","isFullCredit":false},{"lineNumber":4,"author":{"gitId":"-"},"content":"","lastModifiedDate":"2020-05-25T00:03:55","isFullCredit":false},{"lineNumber":5,"author":{"gitId":"-"},"content":"## Setting up in Intellij","lastModifiedDate":"2020-05-25T00:03:55","isFullCredit":false},{"lineNumber":6,"author":{"gitId":"-"},"content":"","lastModifiedDate":"2020-05-25T00:03:55","isFullCredit":false},{"lineNumber":7,"author":{"gitId":"-"},"content":"Prerequisites: JDK 17, update Intellij to the most recent version.","lastModifiedDate":"2024-07-11T16:50:14","isFullCredit":false},{"lineNumber":8,"author":{"gitId":"-"},"content":"","lastModifiedDate":"2020-05-25T00:03:55","isFullCredit":false},{"lineNumber":9,"author":{"gitId":"-"},"content":"1. Open Intellij (if you are not in the welcome screen, click `File` \u003e `Close Project` to close the existing project first)","lastModifiedDate":"2021-01-17T12:25:53","isFullCredit":false},{"lineNumber":10,"author":{"gitId":"-"},"content":"1. Open the project into Intellij as follows:","lastModifiedDate":"2021-01-17T12:25:53","isFullCredit":false},{"lineNumber":11,"author":{"gitId":"-"},"content":"   1. Click `Open`.","lastModifiedDate":"2021-01-17T12:25:53","isFullCredit":false},{"lineNumber":12,"author":{"gitId":"-"},"content":"   1. Select the project directory, and click `OK`.","lastModifiedDate":"2021-01-17T12:25:53","isFullCredit":false},{"lineNumber":13,"author":{"gitId":"-"},"content":"   1. If there are any further prompts, accept the defaults.","lastModifiedDate":"2020-05-25T00:03:55","isFullCredit":false},{"lineNumber":14,"author":{"gitId":"-"},"content":"1. Configure the project to use **JDK 17** (not other versions) as explained in [here](https://www.jetbrains.com/help/idea/sdk.html#set-up-jdk).\u003cbr\u003e","lastModifiedDate":"2024-07-11T16:50:14","isFullCredit":false},{"lineNumber":15,"author":{"gitId":"-"},"content":"   In the same dialog, set the **Project language level** field to the `SDK default` option.","lastModifiedDate":"2021-07-29T20:29:39","isFullCredit":false},{"lineNumber":16,"author":{"gitId":"uphyrdia"},"content":"1. After that, locate the `src/main/java/Phrolova.java` file, right-click it, and choose `Run Phrolova.main()` (if the code editor is showing compile errors, try restarting the IDE). If the setup is correct, you should see something like the below as the output:","lastModifiedDate":"2026-01-24T22:23:12","isFullCredit":false},{"lineNumber":17,"author":{"gitId":"-"},"content":"   ```","lastModifiedDate":"2020-05-25T00:03:55","isFullCredit":false},{"lineNumber":18,"author":{"gitId":"-"},"content":"   Hello from","lastModifiedDate":"2020-05-25T00:03:55","isFullCredit":false},{"lineNumber":19,"author":{"gitId":"-"},"content":"    ____        _        ","lastModifiedDate":"2020-05-25T00:03:55","isFullCredit":false},{"lineNumber":20,"author":{"gitId":"-"},"content":"   |  _ \\ _   _| | _____ ","lastModifiedDate":"2020-05-25T00:03:55","isFullCredit":false},{"lineNumber":21,"author":{"gitId":"-"},"content":"   | | | | | | | |/ / _ \\","lastModifiedDate":"2020-05-25T00:03:55","isFullCredit":false},{"lineNumber":22,"author":{"gitId":"-"},"content":"   | |_| | |_| |   \u003c  __/","lastModifiedDate":"2020-05-25T00:03:55","isFullCredit":false},{"lineNumber":23,"author":{"gitId":"-"},"content":"   |____/ \\__,_|_|\\_\\___|","lastModifiedDate":"2020-05-25T00:03:55","isFullCredit":false},{"lineNumber":24,"author":{"gitId":"-"},"content":"   ```","lastModifiedDate":"2020-05-25T00:03:55","isFullCredit":false},{"lineNumber":25,"author":{"gitId":"-"},"content":"","lastModifiedDate":"2025-01-04T21:44:28","isFullCredit":false},{"lineNumber":26,"author":{"gitId":"-"},"content":"**Warning:** Keep the `src\\main\\java` folder as the root folder for Java files (i.e., don\u0027t rename those folders or move Java files to another folder outside of this folder path), as this is the default location some tools (e.g., Gradle) expect to find Java files.","lastModifiedDate":"2025-01-04T21:44:28","isFullCredit":false}],"authorContributionMap":{"-":24,"uphyrdia":2}},{"path":"docs/README.md","fileType":"md","lines":[{"lineNumber":1,"author":{"gitId":"uphyrdia"},"content":"# Phrolova User Guide","lastModifiedDate":"2026-01-24T22:23:12","isFullCredit":false},{"lineNumber":2,"author":{"gitId":"-"},"content":"","lastModifiedDate":"2019-07-29T17:14:46","isFullCredit":false},{"lineNumber":3,"author":{"gitId":"-"},"content":"// Update the title above to match the actual product name","lastModifiedDate":"2024-01-07T18:33:52","isFullCredit":false},{"lineNumber":4,"author":{"gitId":"-"},"content":"","lastModifiedDate":"2019-07-29T17:14:46","isFullCredit":false},{"lineNumber":5,"author":{"gitId":"-"},"content":"// Product screenshot goes here","lastModifiedDate":"2024-01-07T18:33:52","isFullCredit":false},{"lineNumber":6,"author":{"gitId":"-"},"content":"","lastModifiedDate":"2021-07-17T16:49:07","isFullCredit":false},{"lineNumber":7,"author":{"gitId":"-"},"content":"// Product intro goes here","lastModifiedDate":"2024-01-07T18:33:52","isFullCredit":false},{"lineNumber":8,"author":{"gitId":"-"},"content":"","lastModifiedDate":"2021-07-17T16:49:07","isFullCredit":false},{"lineNumber":9,"author":{"gitId":"-"},"content":"## Adding deadlines","lastModifiedDate":"2024-01-07T18:33:52","isFullCredit":false},{"lineNumber":10,"author":{"gitId":"-"},"content":"","lastModifiedDate":"2021-07-17T16:49:07","isFullCredit":false},{"lineNumber":11,"author":{"gitId":"-"},"content":"// Describe the action and its outcome.","lastModifiedDate":"2024-01-07T18:33:52","isFullCredit":false},{"lineNumber":12,"author":{"gitId":"-"},"content":"","lastModifiedDate":"2019-07-29T17:14:46","isFullCredit":false},{"lineNumber":13,"author":{"gitId":"-"},"content":"// Give examples of usage","lastModifiedDate":"2024-01-07T18:33:52","isFullCredit":false},{"lineNumber":14,"author":{"gitId":"-"},"content":"","lastModifiedDate":"2019-07-29T17:14:46","isFullCredit":false},{"lineNumber":15,"author":{"gitId":"-"},"content":"Example: `keyword (optional arguments)`","lastModifiedDate":"2024-01-07T18:33:52","isFullCredit":false},{"lineNumber":16,"author":{"gitId":"-"},"content":"","lastModifiedDate":"2019-07-29T17:14:46","isFullCredit":false},{"lineNumber":17,"author":{"gitId":"-"},"content":"// A description of the expected outcome goes here","lastModifiedDate":"2024-01-07T18:33:52","isFullCredit":false},{"lineNumber":18,"author":{"gitId":"-"},"content":"","lastModifiedDate":"2019-07-29T17:14:46","isFullCredit":false},{"lineNumber":19,"author":{"gitId":"-"},"content":"```","lastModifiedDate":"2024-01-07T18:33:52","isFullCredit":false},{"lineNumber":20,"author":{"gitId":"-"},"content":"expected output","lastModifiedDate":"2024-01-07T18:33:52","isFullCredit":false},{"lineNumber":21,"author":{"gitId":"-"},"content":"```","lastModifiedDate":"2024-01-07T18:33:52","isFullCredit":false},{"lineNumber":22,"author":{"gitId":"-"},"content":"","lastModifiedDate":"2019-07-29T17:14:46","isFullCredit":false},{"lineNumber":23,"author":{"gitId":"-"},"content":"## Feature ABC","lastModifiedDate":"2024-01-07T18:33:52","isFullCredit":false},{"lineNumber":24,"author":{"gitId":"-"},"content":"","lastModifiedDate":"2019-07-29T17:14:46","isFullCredit":false},{"lineNumber":25,"author":{"gitId":"-"},"content":"// Feature details","lastModifiedDate":"2024-01-07T18:33:52","isFullCredit":false},{"lineNumber":26,"author":{"gitId":"-"},"content":"","lastModifiedDate":"2019-07-29T17:14:46","isFullCredit":false},{"lineNumber":27,"author":{"gitId":"-"},"content":"","lastModifiedDate":"2021-07-17T16:49:07","isFullCredit":false},{"lineNumber":28,"author":{"gitId":"-"},"content":"## Feature XYZ","lastModifiedDate":"2024-01-07T18:33:52","isFullCredit":false},{"lineNumber":29,"author":{"gitId":"-"},"content":"","lastModifiedDate":"2024-01-07T18:33:52","isFullCredit":false},{"lineNumber":30,"author":{"gitId":"-"},"content":"// Feature details","lastModifiedDate":"2024-01-07T18:33:52","isFullCredit":false}],"authorContributionMap":{"-":29,"uphyrdia":1}},{"path":"src/main/java/Deadline.java","fileType":"java","lines":[{"lineNumber":1,"author":{"gitId":"uphyrdia"},"content":"public class Deadline extends Task {","lastModifiedDate":"2026-02-02T18:18:21","isFullCredit":false},{"lineNumber":2,"author":{"gitId":"uphyrdia"},"content":"","lastModifiedDate":"2026-02-02T18:18:21","isFullCredit":false},{"lineNumber":3,"author":{"gitId":"uphyrdia"},"content":"    protected String by;","lastModifiedDate":"2026-02-02T18:18:21","isFullCredit":false},{"lineNumber":4,"author":{"gitId":"uphyrdia"},"content":"","lastModifiedDate":"2026-02-02T18:18:21","isFullCredit":false},{"lineNumber":5,"author":{"gitId":"uphyrdia"},"content":"    public Deadline(String description, String by) {","lastModifiedDate":"2026-02-02T18:18:21","isFullCredit":false},{"lineNumber":6,"author":{"gitId":"uphyrdia"},"content":"        super(description);","lastModifiedDate":"2026-02-02T18:18:21","isFullCredit":false},{"lineNumber":7,"author":{"gitId":"uphyrdia"},"content":"        this.by \u003d by;","lastModifiedDate":"2026-02-02T18:18:21","isFullCredit":false},{"lineNumber":8,"author":{"gitId":"uphyrdia"},"content":"    }","lastModifiedDate":"2026-02-02T18:18:21","isFullCredit":false},{"lineNumber":9,"author":{"gitId":"uphyrdia"},"content":"","lastModifiedDate":"2026-02-02T18:18:21","isFullCredit":false},{"lineNumber":10,"author":{"gitId":"uphyrdia"},"content":"    @Override","lastModifiedDate":"2026-02-02T18:18:21","isFullCredit":false},{"lineNumber":11,"author":{"gitId":"uphyrdia"},"content":"    public String toString() {","lastModifiedDate":"2026-02-02T18:18:21","isFullCredit":false},{"lineNumber":12,"author":{"gitId":"uphyrdia"},"content":"        return \"[D]\" + super.toString() + \" (by: \" + by + \")\";","lastModifiedDate":"2026-02-02T18:18:21","isFullCredit":false},{"lineNumber":13,"author":{"gitId":"uphyrdia"},"content":"    }","lastModifiedDate":"2026-02-02T18:18:21","isFullCredit":false},{"lineNumber":14,"author":{"gitId":"uphyrdia"},"content":"","lastModifiedDate":"2026-02-02T18:18:21","isFullCredit":false},{"lineNumber":15,"author":{"gitId":"uphyrdia"},"content":"}","lastModifiedDate":"2026-02-02T18:18:21","isFullCredit":false}],"authorContributionMap":{"uphyrdia":15}},{"path":"src/main/java/Event.java","fileType":"java","lines":[{"lineNumber":1,"author":{"gitId":"uphyrdia"},"content":"public class Event extends Task {","lastModifiedDate":"2026-02-02T18:18:21","isFullCredit":false},{"lineNumber":2,"author":{"gitId":"uphyrdia"},"content":"","lastModifiedDate":"2026-02-02T18:18:21","isFullCredit":false},{"lineNumber":3,"author":{"gitId":"uphyrdia"},"content":"    protected String from;","lastModifiedDate":"2026-02-02T18:18:21","isFullCredit":false},{"lineNumber":4,"author":{"gitId":"uphyrdia"},"content":"    protected String to;","lastModifiedDate":"2026-02-02T18:18:21","isFullCredit":false},{"lineNumber":5,"author":{"gitId":"uphyrdia"},"content":"","lastModifiedDate":"2026-02-02T18:18:21","isFullCredit":false},{"lineNumber":6,"author":{"gitId":"uphyrdia"},"content":"    public Event(String description, String from, String to) {","lastModifiedDate":"2026-02-02T18:18:21","isFullCredit":false},{"lineNumber":7,"author":{"gitId":"uphyrdia"},"content":"        super(description);","lastModifiedDate":"2026-02-02T18:18:21","isFullCredit":false},{"lineNumber":8,"author":{"gitId":"uphyrdia"},"content":"        this.from \u003d from;","lastModifiedDate":"2026-02-02T18:18:21","isFullCredit":false},{"lineNumber":9,"author":{"gitId":"uphyrdia"},"content":"        this.to \u003d to;","lastModifiedDate":"2026-02-02T18:18:21","isFullCredit":false},{"lineNumber":10,"author":{"gitId":"uphyrdia"},"content":"    }","lastModifiedDate":"2026-02-02T18:18:21","isFullCredit":false},{"lineNumber":11,"author":{"gitId":"uphyrdia"},"content":"","lastModifiedDate":"2026-02-02T18:18:21","isFullCredit":false},{"lineNumber":12,"author":{"gitId":"uphyrdia"},"content":"    @Override","lastModifiedDate":"2026-02-02T18:18:21","isFullCredit":false},{"lineNumber":13,"author":{"gitId":"uphyrdia"},"content":"    public String toString() {","lastModifiedDate":"2026-02-02T18:18:21","isFullCredit":false},{"lineNumber":14,"author":{"gitId":"uphyrdia"},"content":"        return \"[E]\" + super.toString() + \" (from: \" + from + \" to: \" + to + \")\";","lastModifiedDate":"2026-02-02T18:18:21","isFullCredit":false},{"lineNumber":15,"author":{"gitId":"uphyrdia"},"content":"    }","lastModifiedDate":"2026-02-02T18:18:21","isFullCredit":false},{"lineNumber":16,"author":{"gitId":"uphyrdia"},"content":"","lastModifiedDate":"2026-02-02T18:18:21","isFullCredit":false},{"lineNumber":17,"author":{"gitId":"uphyrdia"},"content":"}","lastModifiedDate":"2026-02-02T18:18:21","isFullCredit":false}],"authorContributionMap":{"uphyrdia":17}},{"path":"src/main/java/Phrolova.java","fileType":"java","lines":[{"lineNumber":1,"author":{"gitId":"uphyrdia"},"content":"import java.util.Scanner;","lastModifiedDate":"2026-01-28T07:25:35","isFullCredit":false},{"lineNumber":2,"author":{"gitId":"uphyrdia"},"content":"","lastModifiedDate":"2026-01-28T07:25:35","isFullCredit":false},{"lineNumber":3,"author":{"gitId":"uphyrdia"},"content":"public class Phrolova {","lastModifiedDate":"2026-01-24T22:23:12","isFullCredit":false},{"lineNumber":4,"author":{"gitId":"uphyrdia"},"content":"","lastModifiedDate":"2026-02-02T18:18:21","isFullCredit":false},{"lineNumber":5,"author":{"gitId":"uphyrdia"},"content":"    public static final int MAX_NUM_OF_TASKS \u003d 100;","lastModifiedDate":"2026-02-03T20:57:43","isFullCredit":false},{"lineNumber":6,"author":{"gitId":"uphyrdia"},"content":"","lastModifiedDate":"2026-02-03T20:57:43","isFullCredit":false},{"lineNumber":7,"author":{"gitId":"uphyrdia"},"content":"    public static void main(String[] args) {","lastModifiedDate":"2026-01-24T22:23:12","isFullCredit":false},{"lineNumber":8,"author":{"gitId":"uphyrdia"},"content":"","lastModifiedDate":"2026-02-04T08:07:37","isFullCredit":false},{"lineNumber":9,"author":{"gitId":"uphyrdia"},"content":"        UI ui \u003d new UI();","lastModifiedDate":"2026-02-03T20:57:43","isFullCredit":false},{"lineNumber":10,"author":{"gitId":"uphyrdia"},"content":"        Scanner in \u003d new Scanner(System.in);","lastModifiedDate":"2026-01-28T07:25:35","isFullCredit":false},{"lineNumber":11,"author":{"gitId":"uphyrdia"},"content":"        TaskList tasks \u003d new TaskList();","lastModifiedDate":"2026-02-04T08:07:37","isFullCredit":false},{"lineNumber":12,"author":{"gitId":"uphyrdia"},"content":"","lastModifiedDate":"2026-02-03T20:57:43","isFullCredit":false},{"lineNumber":13,"author":{"gitId":"uphyrdia"},"content":"        ui.greet();","lastModifiedDate":"2026-02-04T08:07:37","isFullCredit":false},{"lineNumber":14,"author":{"gitId":"uphyrdia"},"content":"        String message;","lastModifiedDate":"2026-02-03T20:57:43","isFullCredit":false},{"lineNumber":15,"author":{"gitId":"uphyrdia"},"content":"","lastModifiedDate":"2026-02-03T20:57:43","isFullCredit":false},{"lineNumber":16,"author":{"gitId":"uphyrdia"},"content":"        while (true) {","lastModifiedDate":"2026-01-28T07:52:36","isFullCredit":false},{"lineNumber":17,"author":{"gitId":"uphyrdia"},"content":"            message \u003d in.nextLine();","lastModifiedDate":"2026-01-28T07:25:35","isFullCredit":false},{"lineNumber":18,"author":{"gitId":"uphyrdia"},"content":"            if (message.equals(\"bye\")) {","lastModifiedDate":"2026-01-28T07:52:36","isFullCredit":false},{"lineNumber":19,"author":{"gitId":"uphyrdia"},"content":"                ui.print(\"Bye.\");","lastModifiedDate":"2026-02-03T20:57:43","isFullCredit":false},{"lineNumber":20,"author":{"gitId":"uphyrdia"},"content":"                return;","lastModifiedDate":"2026-01-28T07:52:36","isFullCredit":false},{"lineNumber":21,"author":{"gitId":"uphyrdia"},"content":"            }","lastModifiedDate":"2026-01-28T07:52:36","isFullCredit":false},{"lineNumber":22,"author":{"gitId":"uphyrdia"},"content":"            if (message.equals(\"list\")) {","lastModifiedDate":"2026-01-28T07:52:36","isFullCredit":false},{"lineNumber":23,"author":{"gitId":"uphyrdia"},"content":"                tasks.list();","lastModifiedDate":"2026-02-04T08:07:37","isFullCredit":false},{"lineNumber":24,"author":{"gitId":"uphyrdia"},"content":"                continue;","lastModifiedDate":"2026-01-28T07:52:36","isFullCredit":false},{"lineNumber":25,"author":{"gitId":"uphyrdia"},"content":"            }","lastModifiedDate":"2026-01-28T07:52:36","isFullCredit":false},{"lineNumber":26,"author":{"gitId":"uphyrdia"},"content":"            if (message.startsWith(\"mark\")) {","lastModifiedDate":"2026-01-28T09:02:00","isFullCredit":false},{"lineNumber":27,"author":{"gitId":"uphyrdia"},"content":"                tasks.mark(message);","lastModifiedDate":"2026-02-04T08:07:37","isFullCredit":false},{"lineNumber":28,"author":{"gitId":"uphyrdia"},"content":"                continue;","lastModifiedDate":"2026-01-28T09:02:00","isFullCredit":false},{"lineNumber":29,"author":{"gitId":"uphyrdia"},"content":"            }","lastModifiedDate":"2026-01-28T09:02:00","isFullCredit":false},{"lineNumber":30,"author":{"gitId":"uphyrdia"},"content":"            if (message.startsWith(\"unmark\")) {","lastModifiedDate":"2026-01-28T09:02:00","isFullCredit":false},{"lineNumber":31,"author":{"gitId":"uphyrdia"},"content":"                tasks.unmark(message);","lastModifiedDate":"2026-02-04T08:07:37","isFullCredit":false},{"lineNumber":32,"author":{"gitId":"uphyrdia"},"content":"                continue;","lastModifiedDate":"2026-02-03T20:57:43","isFullCredit":false},{"lineNumber":33,"author":{"gitId":"uphyrdia"},"content":"            }","lastModifiedDate":"2026-01-28T07:52:36","isFullCredit":false},{"lineNumber":34,"author":{"gitId":"uphyrdia"},"content":"            if (message.startsWith(\"todo\")) {","lastModifiedDate":"2026-02-02T18:18:21","isFullCredit":false},{"lineNumber":35,"author":{"gitId":"uphyrdia"},"content":"                tasks.addTodo(message);","lastModifiedDate":"2026-02-04T08:07:37","isFullCredit":false},{"lineNumber":36,"author":{"gitId":"uphyrdia"},"content":"                continue;","lastModifiedDate":"2026-02-02T18:18:21","isFullCredit":false},{"lineNumber":37,"author":{"gitId":"uphyrdia"},"content":"            }","lastModifiedDate":"2026-02-02T18:18:21","isFullCredit":false},{"lineNumber":38,"author":{"gitId":"uphyrdia"},"content":"            if (message.startsWith(\"deadline\")) {","lastModifiedDate":"2026-02-03T20:57:43","isFullCredit":false},{"lineNumber":39,"author":{"gitId":"uphyrdia"},"content":"                tasks.addDeadline(message);","lastModifiedDate":"2026-02-04T08:07:37","isFullCredit":false},{"lineNumber":40,"author":{"gitId":"uphyrdia"},"content":"                continue;","lastModifiedDate":"2026-02-02T18:18:21","isFullCredit":false},{"lineNumber":41,"author":{"gitId":"uphyrdia"},"content":"            }","lastModifiedDate":"2026-02-02T18:18:21","isFullCredit":false},{"lineNumber":42,"author":{"gitId":"uphyrdia"},"content":"            if (message.startsWith(\"event\")) {","lastModifiedDate":"2026-02-03T20:57:43","isFullCredit":false},{"lineNumber":43,"author":{"gitId":"uphyrdia"},"content":"                tasks.addEvent(message);","lastModifiedDate":"2026-02-04T08:07:37","isFullCredit":false},{"lineNumber":44,"author":{"gitId":"uphyrdia"},"content":"                continue;","lastModifiedDate":"2026-02-03T20:57:43","isFullCredit":false},{"lineNumber":45,"author":{"gitId":"uphyrdia"},"content":"            }","lastModifiedDate":"2026-02-03T20:57:43","isFullCredit":false},{"lineNumber":46,"author":{"gitId":"uphyrdia"},"content":"            ui.print(\"Invalid command.\");","lastModifiedDate":"2026-02-03T20:57:43","isFullCredit":false},{"lineNumber":47,"author":{"gitId":"uphyrdia"},"content":"        }","lastModifiedDate":"2026-01-24T22:23:12","isFullCredit":false},{"lineNumber":48,"author":{"gitId":"uphyrdia"},"content":"","lastModifiedDate":"2026-02-04T08:07:37","isFullCredit":false},{"lineNumber":49,"author":{"gitId":"uphyrdia"},"content":"    }","lastModifiedDate":"2026-01-24T22:23:12","isFullCredit":false},{"lineNumber":50,"author":{"gitId":"uphyrdia"},"content":"","lastModifiedDate":"2026-02-02T18:18:21","isFullCredit":false},{"lineNumber":51,"author":{"gitId":"uphyrdia"},"content":"}","lastModifiedDate":"2026-02-02T18:18:21","isFullCredit":false}],"authorContributionMap":{"uphyrdia":51}},{"path":"src/main/java/Task.java","fileType":"java","lines":[{"lineNumber":1,"author":{"gitId":"uphyrdia"},"content":"public class Task {","lastModifiedDate":"2026-01-28T09:02:00","isFullCredit":false},{"lineNumber":2,"author":{"gitId":"uphyrdia"},"content":"","lastModifiedDate":"2026-02-02T18:18:21","isFullCredit":false},{"lineNumber":3,"author":{"gitId":"uphyrdia"},"content":"    protected String description;","lastModifiedDate":"2026-01-28T09:02:00","isFullCredit":false},{"lineNumber":4,"author":{"gitId":"uphyrdia"},"content":"    protected boolean done;","lastModifiedDate":"2026-01-28T09:02:00","isFullCredit":false},{"lineNumber":5,"author":{"gitId":"uphyrdia"},"content":"    UI ui \u003d new UI();","lastModifiedDate":"2026-02-04T08:07:37","isFullCredit":false},{"lineNumber":6,"author":{"gitId":"uphyrdia"},"content":"","lastModifiedDate":"2026-01-28T09:02:00","isFullCredit":false},{"lineNumber":7,"author":{"gitId":"uphyrdia"},"content":"    public Task(String description) {","lastModifiedDate":"2026-01-28T09:02:00","isFullCredit":false},{"lineNumber":8,"author":{"gitId":"uphyrdia"},"content":"        this.description \u003d description;","lastModifiedDate":"2026-01-28T09:02:00","isFullCredit":false},{"lineNumber":9,"author":{"gitId":"uphyrdia"},"content":"        this.done \u003d false;","lastModifiedDate":"2026-01-28T09:02:00","isFullCredit":false},{"lineNumber":10,"author":{"gitId":"uphyrdia"},"content":"    }","lastModifiedDate":"2026-01-28T09:02:00","isFullCredit":false},{"lineNumber":11,"author":{"gitId":"uphyrdia"},"content":"","lastModifiedDate":"2026-01-28T09:02:00","isFullCredit":false},{"lineNumber":12,"author":{"gitId":"uphyrdia"},"content":"    public void mark() {","lastModifiedDate":"2026-01-28T09:02:00","isFullCredit":false},{"lineNumber":13,"author":{"gitId":"uphyrdia"},"content":"        this.done \u003d true;","lastModifiedDate":"2026-01-28T09:02:00","isFullCredit":false},{"lineNumber":14,"author":{"gitId":"uphyrdia"},"content":"        ui.print(\"Marked as done: \" + this.toString());","lastModifiedDate":"2026-02-04T08:07:37","isFullCredit":false},{"lineNumber":15,"author":{"gitId":"uphyrdia"},"content":"    }","lastModifiedDate":"2026-01-28T09:02:00","isFullCredit":false},{"lineNumber":16,"author":{"gitId":"uphyrdia"},"content":"","lastModifiedDate":"2026-01-28T09:02:00","isFullCredit":false},{"lineNumber":17,"author":{"gitId":"uphyrdia"},"content":"    public void unmark() {","lastModifiedDate":"2026-01-28T09:02:00","isFullCredit":false},{"lineNumber":18,"author":{"gitId":"uphyrdia"},"content":"        this.done \u003d false;","lastModifiedDate":"2026-01-28T09:02:00","isFullCredit":false},{"lineNumber":19,"author":{"gitId":"uphyrdia"},"content":"        ui.print(\"Unmarked: \" + this.toString());","lastModifiedDate":"2026-02-04T08:07:37","isFullCredit":false},{"lineNumber":20,"author":{"gitId":"uphyrdia"},"content":"    }","lastModifiedDate":"2026-01-28T09:02:00","isFullCredit":false},{"lineNumber":21,"author":{"gitId":"uphyrdia"},"content":"","lastModifiedDate":"2026-01-28T09:02:00","isFullCredit":false},{"lineNumber":22,"author":{"gitId":"uphyrdia"},"content":"    public String getStatusIcon() {","lastModifiedDate":"2026-02-02T18:18:21","isFullCredit":false},{"lineNumber":23,"author":{"gitId":"uphyrdia"},"content":"        return (done ? \"X\" : \" \");","lastModifiedDate":"2026-02-02T18:18:21","isFullCredit":false},{"lineNumber":24,"author":{"gitId":"uphyrdia"},"content":"    }","lastModifiedDate":"2026-02-02T18:18:21","isFullCredit":false},{"lineNumber":25,"author":{"gitId":"uphyrdia"},"content":"","lastModifiedDate":"2026-02-02T18:18:21","isFullCredit":false},{"lineNumber":26,"author":{"gitId":"uphyrdia"},"content":"    @Override","lastModifiedDate":"2026-02-02T18:18:21","isFullCredit":false},{"lineNumber":27,"author":{"gitId":"uphyrdia"},"content":"    public String toString() {","lastModifiedDate":"2026-01-28T09:02:00","isFullCredit":false},{"lineNumber":28,"author":{"gitId":"uphyrdia"},"content":"        return \"[\" + this.getStatusIcon() + \"] \" + this.description;","lastModifiedDate":"2026-01-28T09:02:00","isFullCredit":false},{"lineNumber":29,"author":{"gitId":"uphyrdia"},"content":"    }","lastModifiedDate":"2026-01-28T09:02:00","isFullCredit":false},{"lineNumber":30,"author":{"gitId":"uphyrdia"},"content":"","lastModifiedDate":"2026-01-28T09:02:00","isFullCredit":false},{"lineNumber":31,"author":{"gitId":"uphyrdia"},"content":"}","lastModifiedDate":"2026-01-28T09:02:00","isFullCredit":false}],"authorContributionMap":{"uphyrdia":31}},{"path":"src/main/java/TaskList.java","fileType":"java","lines":[{"lineNumber":1,"author":{"gitId":"uphyrdia"},"content":"import java.util.ArrayList;","lastModifiedDate":"2026-02-04T08:07:37","isFullCredit":false},{"lineNumber":2,"author":{"gitId":"uphyrdia"},"content":"","lastModifiedDate":"2026-02-04T08:07:37","isFullCredit":false},{"lineNumber":3,"author":{"gitId":"uphyrdia"},"content":"public class TaskList {","lastModifiedDate":"2026-02-04T08:07:37","isFullCredit":false},{"lineNumber":4,"author":{"gitId":"uphyrdia"},"content":"","lastModifiedDate":"2026-02-04T08:07:37","isFullCredit":false},{"lineNumber":5,"author":{"gitId":"uphyrdia"},"content":"    private final ArrayList\u003cTask\u003e tasks \u003d new ArrayList\u003c\u003e();","lastModifiedDate":"2026-02-04T08:07:37","isFullCredit":false},{"lineNumber":6,"author":{"gitId":"uphyrdia"},"content":"    UI ui \u003d new UI();","lastModifiedDate":"2026-02-04T08:07:37","isFullCredit":false},{"lineNumber":7,"author":{"gitId":"uphyrdia"},"content":"","lastModifiedDate":"2026-02-04T08:07:37","isFullCredit":false},{"lineNumber":8,"author":{"gitId":"uphyrdia"},"content":"    public void add(Task task) {","lastModifiedDate":"2026-02-04T08:07:37","isFullCredit":false},{"lineNumber":9,"author":{"gitId":"uphyrdia"},"content":"        tasks.add(task);","lastModifiedDate":"2026-02-04T08:07:37","isFullCredit":false},{"lineNumber":10,"author":{"gitId":"uphyrdia"},"content":"        ui.print(\"added: \" + tasks.get(tasks.size()-1).toString());","lastModifiedDate":"2026-02-04T08:07:37","isFullCredit":false},{"lineNumber":11,"author":{"gitId":"uphyrdia"},"content":"    }","lastModifiedDate":"2026-02-04T08:07:37","isFullCredit":false},{"lineNumber":12,"author":{"gitId":"uphyrdia"},"content":"","lastModifiedDate":"2026-02-04T08:07:37","isFullCredit":false},{"lineNumber":13,"author":{"gitId":"uphyrdia"},"content":"","lastModifiedDate":"2026-02-04T08:07:37","isFullCredit":false},{"lineNumber":14,"author":{"gitId":"uphyrdia"},"content":"    public void list() {","lastModifiedDate":"2026-02-04T08:07:37","isFullCredit":false},{"lineNumber":15,"author":{"gitId":"uphyrdia"},"content":"        for (int i \u003d 0; i \u003c tasks.size(); i++) {","lastModifiedDate":"2026-02-04T08:07:37","isFullCredit":false},{"lineNumber":16,"author":{"gitId":"uphyrdia"},"content":"            ui.print((i+1) + \".\" + tasks.get(i).toString());","lastModifiedDate":"2026-02-04T08:07:37","isFullCredit":false},{"lineNumber":17,"author":{"gitId":"uphyrdia"},"content":"        }","lastModifiedDate":"2026-02-04T08:07:37","isFullCredit":false},{"lineNumber":18,"author":{"gitId":"uphyrdia"},"content":"    }","lastModifiedDate":"2026-02-04T08:07:37","isFullCredit":false},{"lineNumber":19,"author":{"gitId":"uphyrdia"},"content":"","lastModifiedDate":"2026-02-04T08:07:37","isFullCredit":false},{"lineNumber":20,"author":{"gitId":"uphyrdia"},"content":"    public void mark(String message) {","lastModifiedDate":"2026-02-04T08:07:37","isFullCredit":false},{"lineNumber":21,"author":{"gitId":"uphyrdia"},"content":"        try {","lastModifiedDate":"2026-02-04T08:07:37","isFullCredit":false},{"lineNumber":22,"author":{"gitId":"uphyrdia"},"content":"            int n \u003d Integer.parseInt(message.replaceAll(\"\\\\D+\", \"\")) - 1;","lastModifiedDate":"2026-02-04T08:07:37","isFullCredit":false},{"lineNumber":23,"author":{"gitId":"uphyrdia"},"content":"            tasks.get(n).mark();","lastModifiedDate":"2026-02-04T08:07:37","isFullCredit":false},{"lineNumber":24,"author":{"gitId":"uphyrdia"},"content":"        } catch (Exception e) {","lastModifiedDate":"2026-02-04T08:07:37","isFullCredit":false},{"lineNumber":25,"author":{"gitId":"uphyrdia"},"content":"            ui.print(\"Invalid command.\");","lastModifiedDate":"2026-02-04T08:07:37","isFullCredit":false},{"lineNumber":26,"author":{"gitId":"uphyrdia"},"content":"        }","lastModifiedDate":"2026-02-04T08:07:37","isFullCredit":false},{"lineNumber":27,"author":{"gitId":"uphyrdia"},"content":"    }","lastModifiedDate":"2026-02-04T08:07:37","isFullCredit":false},{"lineNumber":28,"author":{"gitId":"uphyrdia"},"content":"","lastModifiedDate":"2026-02-04T08:07:37","isFullCredit":false},{"lineNumber":29,"author":{"gitId":"uphyrdia"},"content":"    public void unmark(String message) {","lastModifiedDate":"2026-02-04T08:07:37","isFullCredit":false},{"lineNumber":30,"author":{"gitId":"uphyrdia"},"content":"        try {","lastModifiedDate":"2026-02-04T08:07:37","isFullCredit":false},{"lineNumber":31,"author":{"gitId":"uphyrdia"},"content":"            int n \u003d Integer.parseInt(message.replaceAll(\"\\\\D+\", \"\")) - 1;","lastModifiedDate":"2026-02-04T08:07:37","isFullCredit":false},{"lineNumber":32,"author":{"gitId":"uphyrdia"},"content":"            tasks.get(n).unmark();","lastModifiedDate":"2026-02-04T08:07:37","isFullCredit":false},{"lineNumber":33,"author":{"gitId":"uphyrdia"},"content":"        } catch (Exception e) {","lastModifiedDate":"2026-02-04T08:07:37","isFullCredit":false},{"lineNumber":34,"author":{"gitId":"uphyrdia"},"content":"            ui.print(\"Invalid command.\");","lastModifiedDate":"2026-02-04T08:07:37","isFullCredit":false},{"lineNumber":35,"author":{"gitId":"uphyrdia"},"content":"        }","lastModifiedDate":"2026-02-04T08:07:37","isFullCredit":false},{"lineNumber":36,"author":{"gitId":"uphyrdia"},"content":"    }","lastModifiedDate":"2026-02-04T08:07:37","isFullCredit":false},{"lineNumber":37,"author":{"gitId":"uphyrdia"},"content":"","lastModifiedDate":"2026-02-04T08:07:37","isFullCredit":false},{"lineNumber":38,"author":{"gitId":"uphyrdia"},"content":"    public void addTodo(String message) {","lastModifiedDate":"2026-02-04T08:07:37","isFullCredit":false},{"lineNumber":39,"author":{"gitId":"uphyrdia"},"content":"        add(new Todo(message.substring(5)));","lastModifiedDate":"2026-02-04T08:07:37","isFullCredit":false},{"lineNumber":40,"author":{"gitId":"uphyrdia"},"content":"    }","lastModifiedDate":"2026-02-04T08:07:37","isFullCredit":false},{"lineNumber":41,"author":{"gitId":"uphyrdia"},"content":"","lastModifiedDate":"2026-02-04T08:07:37","isFullCredit":false},{"lineNumber":42,"author":{"gitId":"uphyrdia"},"content":"    public void addDeadline(String message) {","lastModifiedDate":"2026-02-04T08:07:37","isFullCredit":false},{"lineNumber":43,"author":{"gitId":"uphyrdia"},"content":"        int i \u003d message.indexOf(\"/by\");","lastModifiedDate":"2026-02-04T08:07:37","isFullCredit":false},{"lineNumber":44,"author":{"gitId":"uphyrdia"},"content":"        try {","lastModifiedDate":"2026-02-04T08:07:37","isFullCredit":false},{"lineNumber":45,"author":{"gitId":"uphyrdia"},"content":"            add(new Deadline(message.substring(9, i - 1), message.substring(i + 4)));","lastModifiedDate":"2026-02-04T08:07:37","isFullCredit":false},{"lineNumber":46,"author":{"gitId":"uphyrdia"},"content":"        } catch (Exception e) {","lastModifiedDate":"2026-02-04T08:07:37","isFullCredit":false},{"lineNumber":47,"author":{"gitId":"uphyrdia"},"content":"            ui.print(\"Invalid command.\");","lastModifiedDate":"2026-02-04T08:07:37","isFullCredit":false},{"lineNumber":48,"author":{"gitId":"uphyrdia"},"content":"        }","lastModifiedDate":"2026-02-04T08:07:37","isFullCredit":false},{"lineNumber":49,"author":{"gitId":"uphyrdia"},"content":"    }","lastModifiedDate":"2026-02-04T08:07:37","isFullCredit":false},{"lineNumber":50,"author":{"gitId":"uphyrdia"},"content":"","lastModifiedDate":"2026-02-04T08:07:37","isFullCredit":false},{"lineNumber":51,"author":{"gitId":"uphyrdia"},"content":"    public void addEvent(String message) {","lastModifiedDate":"2026-02-04T08:07:37","isFullCredit":false},{"lineNumber":52,"author":{"gitId":"uphyrdia"},"content":"        int i \u003d message.indexOf(\"/from\");","lastModifiedDate":"2026-02-04T08:07:37","isFullCredit":false},{"lineNumber":53,"author":{"gitId":"uphyrdia"},"content":"        int j \u003d message.indexOf(\"/to\");","lastModifiedDate":"2026-02-04T08:07:37","isFullCredit":false},{"lineNumber":54,"author":{"gitId":"uphyrdia"},"content":"        try {","lastModifiedDate":"2026-02-04T08:07:37","isFullCredit":false},{"lineNumber":55,"author":{"gitId":"uphyrdia"},"content":"            add(new Event(message.substring(6, i - 1), message.substring(i + 6, j - 1), message.substring(j + 4)));","lastModifiedDate":"2026-02-04T08:07:37","isFullCredit":false},{"lineNumber":56,"author":{"gitId":"uphyrdia"},"content":"        } catch (Exception e) {","lastModifiedDate":"2026-02-04T08:07:37","isFullCredit":false},{"lineNumber":57,"author":{"gitId":"uphyrdia"},"content":"            ui.print(\"Invalid command.\");","lastModifiedDate":"2026-02-04T08:07:37","isFullCredit":false},{"lineNumber":58,"author":{"gitId":"uphyrdia"},"content":"        }","lastModifiedDate":"2026-02-04T08:07:37","isFullCredit":false},{"lineNumber":59,"author":{"gitId":"uphyrdia"},"content":"    }","lastModifiedDate":"2026-02-04T08:07:37","isFullCredit":false},{"lineNumber":60,"author":{"gitId":"uphyrdia"},"content":"","lastModifiedDate":"2026-02-04T08:07:37","isFullCredit":false},{"lineNumber":61,"author":{"gitId":"uphyrdia"},"content":"}","lastModifiedDate":"2026-02-04T08:07:37","isFullCredit":false}],"authorContributionMap":{"uphyrdia":61}},{"path":"src/main/java/Todo.java","fileType":"java","lines":[{"lineNumber":1,"author":{"gitId":"uphyrdia"},"content":"public class Todo extends Task {","lastModifiedDate":"2026-02-02T18:18:21","isFullCredit":false},{"lineNumber":2,"author":{"gitId":"uphyrdia"},"content":"","lastModifiedDate":"2026-02-02T18:18:21","isFullCredit":false},{"lineNumber":3,"author":{"gitId":"uphyrdia"},"content":"    public Todo(String description) {","lastModifiedDate":"2026-02-02T18:18:21","isFullCredit":false},{"lineNumber":4,"author":{"gitId":"uphyrdia"},"content":"        super(description);","lastModifiedDate":"2026-02-02T18:18:21","isFullCredit":false},{"lineNumber":5,"author":{"gitId":"uphyrdia"},"content":"    }","lastModifiedDate":"2026-02-02T18:18:21","isFullCredit":false},{"lineNumber":6,"author":{"gitId":"uphyrdia"},"content":"","lastModifiedDate":"2026-02-02T18:18:21","isFullCredit":false},{"lineNumber":7,"author":{"gitId":"uphyrdia"},"content":"    @Override","lastModifiedDate":"2026-02-02T18:18:21","isFullCredit":false},{"lineNumber":8,"author":{"gitId":"uphyrdia"},"content":"    public String toString() {","lastModifiedDate":"2026-02-02T18:18:21","isFullCredit":false},{"lineNumber":9,"author":{"gitId":"uphyrdia"},"content":"        return \"[T]\" + super.toString();","lastModifiedDate":"2026-02-02T18:18:21","isFullCredit":false},{"lineNumber":10,"author":{"gitId":"uphyrdia"},"content":"    }","lastModifiedDate":"2026-02-02T18:18:21","isFullCredit":false},{"lineNumber":11,"author":{"gitId":"uphyrdia"},"content":"","lastModifiedDate":"2026-02-02T18:18:21","isFullCredit":false},{"lineNumber":12,"author":{"gitId":"uphyrdia"},"content":"}","lastModifiedDate":"2026-02-02T18:18:21","isFullCredit":false}],"authorContributionMap":{"uphyrdia":12}},{"path":"src/main/java/UI.java","fileType":"java","lines":[{"lineNumber":1,"author":{"gitId":"uphyrdia"},"content":"public class UI {","lastModifiedDate":"2026-02-03T20:57:43","isFullCredit":false},{"lineNumber":2,"author":{"gitId":"uphyrdia"},"content":"","lastModifiedDate":"2026-02-03T20:57:43","isFullCredit":false},{"lineNumber":3,"author":{"gitId":"uphyrdia"},"content":"    public void greet() {","lastModifiedDate":"2026-02-04T08:07:37","isFullCredit":false},{"lineNumber":4,"author":{"gitId":"uphyrdia"},"content":"        print(\"I\u0027m Phrolova.\");","lastModifiedDate":"2026-02-04T08:07:37","isFullCredit":false},{"lineNumber":5,"author":{"gitId":"uphyrdia"},"content":"        print(\"What are you planning to do?\");","lastModifiedDate":"2026-02-04T08:07:37","isFullCredit":false},{"lineNumber":6,"author":{"gitId":"uphyrdia"},"content":"    }","lastModifiedDate":"2026-02-04T08:07:37","isFullCredit":false},{"lineNumber":7,"author":{"gitId":"uphyrdia"},"content":"","lastModifiedDate":"2026-02-04T08:07:37","isFullCredit":false},{"lineNumber":8,"author":{"gitId":"uphyrdia"},"content":"    public void print(String s) {","lastModifiedDate":"2026-02-03T20:57:43","isFullCredit":false},{"lineNumber":9,"author":{"gitId":"uphyrdia"},"content":"        System.out.println(\"\\t\" + s);","lastModifiedDate":"2026-02-03T20:57:43","isFullCredit":false},{"lineNumber":10,"author":{"gitId":"uphyrdia"},"content":"    }","lastModifiedDate":"2026-02-03T20:57:43","isFullCredit":false},{"lineNumber":11,"author":{"gitId":"uphyrdia"},"content":"","lastModifiedDate":"2026-02-03T20:57:43","isFullCredit":false},{"lineNumber":12,"author":{"gitId":"uphyrdia"},"content":"}","lastModifiedDate":"2026-02-03T20:57:43","isFullCredit":false}],"authorContributionMap":{"uphyrdia":12}},{"path":"text-ui-test/runtest.bat","fileType":"bat","lines":[{"lineNumber":1,"author":{"gitId":"-"},"content":"@ECHO OFF","lastModifiedDate":"2020-05-25T00:03:55","isFullCredit":false},{"lineNumber":2,"author":{"gitId":"-"},"content":"","lastModifiedDate":"2020-05-25T00:03:55","isFullCredit":false},{"lineNumber":3,"author":{"gitId":"-"},"content":"REM create bin directory if it doesn\u0027t exist","lastModifiedDate":"2020-05-25T00:03:55","isFullCredit":false},{"lineNumber":4,"author":{"gitId":"-"},"content":"if not exist ..\\bin mkdir ..\\bin","lastModifiedDate":"2020-05-25T00:03:55","isFullCredit":false},{"lineNumber":5,"author":{"gitId":"-"},"content":"","lastModifiedDate":"2020-05-25T00:03:55","isFullCredit":false},{"lineNumber":6,"author":{"gitId":"-"},"content":"REM delete output from previous run","lastModifiedDate":"2020-05-25T00:03:55","isFullCredit":false},{"lineNumber":7,"author":{"gitId":"-"},"content":"if exist ACTUAL.TXT del ACTUAL.TXT","lastModifiedDate":"2020-08-25T17:23:26","isFullCredit":false},{"lineNumber":8,"author":{"gitId":"-"},"content":"","lastModifiedDate":"2020-05-25T00:03:55","isFullCredit":false},{"lineNumber":9,"author":{"gitId":"-"},"content":"REM compile the code into the bin folder","lastModifiedDate":"2020-05-25T00:03:55","isFullCredit":false},{"lineNumber":10,"author":{"gitId":"-"},"content":"javac  -cp ..\\src\\main\\java -Xlint:none -d ..\\bin ..\\src\\main\\java\\*.java","lastModifiedDate":"2020-08-25T17:23:26","isFullCredit":false},{"lineNumber":11,"author":{"gitId":"-"},"content":"IF ERRORLEVEL 1 (","lastModifiedDate":"2020-05-25T00:03:55","isFullCredit":false},{"lineNumber":12,"author":{"gitId":"-"},"content":"    echo ********** BUILD FAILURE **********","lastModifiedDate":"2020-05-25T00:03:55","isFullCredit":false},{"lineNumber":13,"author":{"gitId":"-"},"content":"    exit /b 1","lastModifiedDate":"2020-05-25T00:03:55","isFullCredit":false},{"lineNumber":14,"author":{"gitId":"-"},"content":")","lastModifiedDate":"2020-05-25T00:03:55","isFullCredit":false},{"lineNumber":15,"author":{"gitId":"-"},"content":"REM no error here, errorlevel \u003d\u003d 0","lastModifiedDate":"2020-05-25T00:03:55","isFullCredit":false},{"lineNumber":16,"author":{"gitId":"-"},"content":"","lastModifiedDate":"2020-05-25T00:03:55","isFullCredit":false},{"lineNumber":17,"author":{"gitId":"-"},"content":"REM run the program, feed commands from input.txt file and redirect the output to the ACTUAL.TXT","lastModifiedDate":"2020-05-25T00:03:55","isFullCredit":false},{"lineNumber":18,"author":{"gitId":"uphyrdia"},"content":"java -classpath ..\\bin Phrolova \u003c input.txt \u003e ACTUAL.TXT","lastModifiedDate":"2026-01-24T22:23:12","isFullCredit":false},{"lineNumber":19,"author":{"gitId":"-"},"content":"","lastModifiedDate":"2020-05-25T00:03:55","isFullCredit":false},{"lineNumber":20,"author":{"gitId":"-"},"content":"REM compare the output to the expected output","lastModifiedDate":"2020-05-25T00:03:55","isFullCredit":false},{"lineNumber":21,"author":{"gitId":"-"},"content":"FC ACTUAL.TXT EXPECTED.TXT","lastModifiedDate":"2020-05-25T00:03:55","isFullCredit":false}],"authorContributionMap":{"-":20,"uphyrdia":1}}]
