[{"path":"README.md","fileType":"md","lines":[{"lineNumber":1,"author":{"gitId":"wjw55"},"content":"# John project template","lastModifiedDate":"2026-01-20T20:28:58","isFullCredit":false},{"lineNumber":2,"author":{"gitId":"-"},"content":"","lastModifiedDate":"2020-05-25T00:03:55","isFullCredit":false},{"lineNumber":3,"author":{"gitId":"-"},"content":"This is a project template for a greenfield Java project. It\u0027s named after the Java mascot _Duke_. Given below are instructions on how to use it.","lastModifiedDate":"2020-05-25T00:03:55","isFullCredit":false},{"lineNumber":4,"author":{"gitId":"-"},"content":"","lastModifiedDate":"2020-05-25T00:03:55","isFullCredit":false},{"lineNumber":5,"author":{"gitId":"-"},"content":"## Setting up in Intellij","lastModifiedDate":"2020-05-25T00:03:55","isFullCredit":false},{"lineNumber":6,"author":{"gitId":"-"},"content":"","lastModifiedDate":"2020-05-25T00:03:55","isFullCredit":false},{"lineNumber":7,"author":{"gitId":"-"},"content":"Prerequisites: JDK 17, update Intellij to the most recent version.","lastModifiedDate":"2024-07-11T16:50:14","isFullCredit":false},{"lineNumber":8,"author":{"gitId":"-"},"content":"","lastModifiedDate":"2020-05-25T00:03:55","isFullCredit":false},{"lineNumber":9,"author":{"gitId":"-"},"content":"1. Open Intellij (if you are not in the welcome screen, click `File` \u003e `Close Project` to close the existing project first)","lastModifiedDate":"2021-01-17T12:25:53","isFullCredit":false},{"lineNumber":10,"author":{"gitId":"-"},"content":"1. Open the project into Intellij as follows:","lastModifiedDate":"2021-01-17T12:25:53","isFullCredit":false},{"lineNumber":11,"author":{"gitId":"-"},"content":"   1. Click `Open`.","lastModifiedDate":"2021-01-17T12:25:53","isFullCredit":false},{"lineNumber":12,"author":{"gitId":"-"},"content":"   1. Select the project directory, and click `OK`.","lastModifiedDate":"2021-01-17T12:25:53","isFullCredit":false},{"lineNumber":13,"author":{"gitId":"-"},"content":"   1. If there are any further prompts, accept the defaults.","lastModifiedDate":"2020-05-25T00:03:55","isFullCredit":false},{"lineNumber":14,"author":{"gitId":"-"},"content":"1. Configure the project to use **JDK 17** (not other versions) as explained in [here](https://www.jetbrains.com/help/idea/sdk.html#set-up-jdk).\u003cbr\u003e","lastModifiedDate":"2024-07-11T16:50:14","isFullCredit":false},{"lineNumber":15,"author":{"gitId":"-"},"content":"   In the same dialog, set the **Project language level** field to the `SDK default` option.","lastModifiedDate":"2021-07-29T20:29:39","isFullCredit":false},{"lineNumber":16,"author":{"gitId":"wjw55"},"content":"1. After that, locate the `src/main/java/John.java` file, right-click it, and choose `Run John.main()` (if the code editor is showing compile errors, try restarting the IDE). If the setup is correct, you should see something like the below as the output:","lastModifiedDate":"2026-01-20T20:28:58","isFullCredit":false},{"lineNumber":17,"author":{"gitId":"-"},"content":"   ```","lastModifiedDate":"2020-05-25T00:03:55","isFullCredit":false},{"lineNumber":18,"author":{"gitId":"-"},"content":"   Hello from","lastModifiedDate":"2020-05-25T00:03:55","isFullCredit":false},{"lineNumber":19,"author":{"gitId":"-"},"content":"    ____        _        ","lastModifiedDate":"2020-05-25T00:03:55","isFullCredit":false},{"lineNumber":20,"author":{"gitId":"-"},"content":"   |  _ \\ _   _| | _____ ","lastModifiedDate":"2020-05-25T00:03:55","isFullCredit":false},{"lineNumber":21,"author":{"gitId":"-"},"content":"   | | | | | | | |/ / _ \\","lastModifiedDate":"2020-05-25T00:03:55","isFullCredit":false},{"lineNumber":22,"author":{"gitId":"-"},"content":"   | |_| | |_| |   \u003c  __/","lastModifiedDate":"2020-05-25T00:03:55","isFullCredit":false},{"lineNumber":23,"author":{"gitId":"-"},"content":"   |____/ \\__,_|_|\\_\\___|","lastModifiedDate":"2020-05-25T00:03:55","isFullCredit":false},{"lineNumber":24,"author":{"gitId":"-"},"content":"   ```","lastModifiedDate":"2020-05-25T00:03:55","isFullCredit":false},{"lineNumber":25,"author":{"gitId":"-"},"content":"","lastModifiedDate":"2025-01-04T21:44:28","isFullCredit":false},{"lineNumber":26,"author":{"gitId":"-"},"content":"**Warning:** Keep the `src\\main\\java` folder as the root folder for Java files (i.e., don\u0027t rename those folders or move Java files to another folder outside of this folder path), as this is the default location some tools (e.g., Gradle) expect to find Java files.","lastModifiedDate":"2025-01-04T21:44:28","isFullCredit":false}],"authorContributionMap":{"wjw55":2,"-":24}},{"path":"docs/README.md","fileType":"md","lines":[{"lineNumber":1,"author":{"gitId":"wjw55"},"content":"# John User Guide","lastModifiedDate":"2026-01-20T20:28:58","isFullCredit":false},{"lineNumber":2,"author":{"gitId":"-"},"content":"","lastModifiedDate":"2019-07-29T17:14:46","isFullCredit":false},{"lineNumber":3,"author":{"gitId":"-"},"content":"// Update the title above to match the actual product name","lastModifiedDate":"2024-01-07T18:33:52","isFullCredit":false},{"lineNumber":4,"author":{"gitId":"-"},"content":"","lastModifiedDate":"2019-07-29T17:14:46","isFullCredit":false},{"lineNumber":5,"author":{"gitId":"-"},"content":"// Product screenshot goes here","lastModifiedDate":"2024-01-07T18:33:52","isFullCredit":false},{"lineNumber":6,"author":{"gitId":"-"},"content":"","lastModifiedDate":"2021-07-17T16:49:07","isFullCredit":false},{"lineNumber":7,"author":{"gitId":"-"},"content":"// Product intro goes here","lastModifiedDate":"2024-01-07T18:33:52","isFullCredit":false},{"lineNumber":8,"author":{"gitId":"-"},"content":"","lastModifiedDate":"2021-07-17T16:49:07","isFullCredit":false},{"lineNumber":9,"author":{"gitId":"-"},"content":"## Adding deadlines","lastModifiedDate":"2024-01-07T18:33:52","isFullCredit":false},{"lineNumber":10,"author":{"gitId":"-"},"content":"","lastModifiedDate":"2021-07-17T16:49:07","isFullCredit":false},{"lineNumber":11,"author":{"gitId":"-"},"content":"// Describe the action and its outcome.","lastModifiedDate":"2024-01-07T18:33:52","isFullCredit":false},{"lineNumber":12,"author":{"gitId":"-"},"content":"","lastModifiedDate":"2019-07-29T17:14:46","isFullCredit":false},{"lineNumber":13,"author":{"gitId":"-"},"content":"// Give examples of usage","lastModifiedDate":"2024-01-07T18:33:52","isFullCredit":false},{"lineNumber":14,"author":{"gitId":"-"},"content":"","lastModifiedDate":"2019-07-29T17:14:46","isFullCredit":false},{"lineNumber":15,"author":{"gitId":"-"},"content":"Example: `keyword (optional arguments)`","lastModifiedDate":"2024-01-07T18:33:52","isFullCredit":false},{"lineNumber":16,"author":{"gitId":"-"},"content":"","lastModifiedDate":"2019-07-29T17:14:46","isFullCredit":false},{"lineNumber":17,"author":{"gitId":"-"},"content":"// A description of the expected outcome goes here","lastModifiedDate":"2024-01-07T18:33:52","isFullCredit":false},{"lineNumber":18,"author":{"gitId":"-"},"content":"","lastModifiedDate":"2019-07-29T17:14:46","isFullCredit":false},{"lineNumber":19,"author":{"gitId":"-"},"content":"```","lastModifiedDate":"2024-01-07T18:33:52","isFullCredit":false},{"lineNumber":20,"author":{"gitId":"-"},"content":"expected output","lastModifiedDate":"2024-01-07T18:33:52","isFullCredit":false},{"lineNumber":21,"author":{"gitId":"-"},"content":"```","lastModifiedDate":"2024-01-07T18:33:52","isFullCredit":false},{"lineNumber":22,"author":{"gitId":"-"},"content":"","lastModifiedDate":"2019-07-29T17:14:46","isFullCredit":false},{"lineNumber":23,"author":{"gitId":"-"},"content":"## Feature ABC","lastModifiedDate":"2024-01-07T18:33:52","isFullCredit":false},{"lineNumber":24,"author":{"gitId":"-"},"content":"","lastModifiedDate":"2019-07-29T17:14:46","isFullCredit":false},{"lineNumber":25,"author":{"gitId":"-"},"content":"// Feature details","lastModifiedDate":"2024-01-07T18:33:52","isFullCredit":false},{"lineNumber":26,"author":{"gitId":"-"},"content":"","lastModifiedDate":"2019-07-29T17:14:46","isFullCredit":false},{"lineNumber":27,"author":{"gitId":"-"},"content":"","lastModifiedDate":"2021-07-17T16:49:07","isFullCredit":false},{"lineNumber":28,"author":{"gitId":"-"},"content":"## Feature XYZ","lastModifiedDate":"2024-01-07T18:33:52","isFullCredit":false},{"lineNumber":29,"author":{"gitId":"-"},"content":"","lastModifiedDate":"2024-01-07T18:33:52","isFullCredit":false},{"lineNumber":30,"author":{"gitId":"-"},"content":"// Feature details","lastModifiedDate":"2024-01-07T18:33:52","isFullCredit":false}],"authorContributionMap":{"wjw55":1,"-":29}},{"path":"src/main/java/duke/John.java","fileType":"java","lines":[{"lineNumber":1,"author":{"gitId":"wjw55"},"content":"package duke;","lastModifiedDate":"2026-02-08T21:23:05","isFullCredit":false},{"lineNumber":2,"author":{"gitId":"wjw55"},"content":"","lastModifiedDate":"2026-02-08T21:23:05","isFullCredit":false},{"lineNumber":3,"author":{"gitId":"wjw55"},"content":"import java.util.Scanner;","lastModifiedDate":"2026-01-27T21:26:00","isFullCredit":false},{"lineNumber":4,"author":{"gitId":"wjw55"},"content":"","lastModifiedDate":"2026-01-27T21:26:00","isFullCredit":false},{"lineNumber":5,"author":{"gitId":"wjw55"},"content":"import duke.exception.DukeException;","lastModifiedDate":"2026-02-08T21:23:05","isFullCredit":false},{"lineNumber":6,"author":{"gitId":"wjw55"},"content":"import duke.task.Deadline;","lastModifiedDate":"2026-02-08T21:23:05","isFullCredit":false},{"lineNumber":7,"author":{"gitId":"wjw55"},"content":"import duke.task.Event;","lastModifiedDate":"2026-02-08T21:23:05","isFullCredit":false},{"lineNumber":8,"author":{"gitId":"wjw55"},"content":"import duke.task.Task;","lastModifiedDate":"2026-02-08T21:23:05","isFullCredit":false},{"lineNumber":9,"author":{"gitId":"wjw55"},"content":"import duke.task.Todo;","lastModifiedDate":"2026-02-08T21:23:05","isFullCredit":false},{"lineNumber":10,"author":{"gitId":"wjw55"},"content":"","lastModifiedDate":"2026-02-08T21:23:05","isFullCredit":false},{"lineNumber":11,"author":{"gitId":"wjw55"},"content":"public class John {","lastModifiedDate":"2026-01-20T20:28:58","isFullCredit":false},{"lineNumber":12,"author":{"gitId":"wjw55"},"content":"    private static Task[] tasks \u003d new Task[100];","lastModifiedDate":"2026-02-13T11:02:48","isFullCredit":false},{"lineNumber":13,"author":{"gitId":"wjw55"},"content":"    private static int taskCount \u003d 0;","lastModifiedDate":"2026-02-04T20:07:23","isFullCredit":false},{"lineNumber":14,"author":{"gitId":"wjw55"},"content":"","lastModifiedDate":"2026-02-04T20:07:23","isFullCredit":false},{"lineNumber":15,"author":{"gitId":"wjw55"},"content":"    public static void addTask(Task t) {","lastModifiedDate":"2026-02-04T20:07:23","isFullCredit":false},{"lineNumber":16,"author":{"gitId":"wjw55"},"content":"        tasks[taskCount] \u003d t;","lastModifiedDate":"2026-02-13T11:02:48","isFullCredit":false},{"lineNumber":17,"author":{"gitId":"wjw55"},"content":"        taskCount++;","lastModifiedDate":"2026-02-04T20:07:23","isFullCredit":false},{"lineNumber":18,"author":{"gitId":"wjw55"},"content":"        System.out.println(\"Got it. I\u0027ve added this task: \" + System.lineSeparator() + t.toString());","lastModifiedDate":"2026-02-04T20:07:23","isFullCredit":false},{"lineNumber":19,"author":{"gitId":"wjw55"},"content":"        System.out.println(\"Now you have \" + taskCount + (taskCount \u003e 1 ? \" tasks\" : \" task\") + \" in the list.\");","lastModifiedDate":"2026-02-04T20:07:23","isFullCredit":false},{"lineNumber":20,"author":{"gitId":"wjw55"},"content":"    }","lastModifiedDate":"2026-02-04T20:07:23","isFullCredit":false},{"lineNumber":21,"author":{"gitId":"wjw55"},"content":"","lastModifiedDate":"2026-02-08T18:32:41","isFullCredit":false},{"lineNumber":22,"author":{"gitId":"wjw55"},"content":"    public static void main(String[] args) throws DukeException {","lastModifiedDate":"2026-02-08T18:32:41","isFullCredit":false},{"lineNumber":23,"author":{"gitId":"wjw55"},"content":"        String name \u003d \"John\";","lastModifiedDate":"2026-01-20T20:28:58","isFullCredit":false},{"lineNumber":24,"author":{"gitId":"wjw55"},"content":"        System.out.println(\"Hello! I\u0027m \" + name);","lastModifiedDate":"2026-01-20T20:28:58","isFullCredit":false},{"lineNumber":25,"author":{"gitId":"wjw55"},"content":"        System.out.println(\"What can I do for you?\");","lastModifiedDate":"2026-01-27T21:26:00","isFullCredit":false},{"lineNumber":26,"author":{"gitId":"wjw55"},"content":"        String line;","lastModifiedDate":"2026-01-27T21:26:00","isFullCredit":false},{"lineNumber":27,"author":{"gitId":"wjw55"},"content":"        Scanner in \u003d new Scanner(System.in);","lastModifiedDate":"2026-01-27T21:26:00","isFullCredit":false},{"lineNumber":28,"author":{"gitId":"wjw55"},"content":"        while (in.hasNextLine()) {","lastModifiedDate":"2026-02-04T20:07:23","isFullCredit":false},{"lineNumber":29,"author":{"gitId":"wjw55"},"content":"            try {","lastModifiedDate":"2026-02-08T18:32:41","isFullCredit":false},{"lineNumber":30,"author":{"gitId":"wjw55"},"content":"                line \u003d in.nextLine();","lastModifiedDate":"2026-01-27T21:26:00","isFullCredit":false},{"lineNumber":31,"author":{"gitId":"wjw55"},"content":"                if (line.equals(\"bye\")) {","lastModifiedDate":"2026-02-04T20:07:23","isFullCredit":false},{"lineNumber":32,"author":{"gitId":"wjw55"},"content":"                    break;","lastModifiedDate":"2026-02-04T20:07:23","isFullCredit":false},{"lineNumber":33,"author":{"gitId":"wjw55"},"content":"                }","lastModifiedDate":"2026-02-04T20:07:23","isFullCredit":false},{"lineNumber":34,"author":{"gitId":"wjw55"},"content":"                String[] words \u003d line.split(\" \");","lastModifiedDate":"2026-01-27T22:54:05","isFullCredit":false},{"lineNumber":35,"author":{"gitId":"wjw55"},"content":"                if (line.equals(\"list\")) {","lastModifiedDate":"2026-01-27T21:52:52","isFullCredit":false},{"lineNumber":36,"author":{"gitId":"wjw55"},"content":"                    System.out.println(\"Here are the tasks in your list:\");","lastModifiedDate":"2026-01-27T22:54:05","isFullCredit":false},{"lineNumber":37,"author":{"gitId":"wjw55"},"content":"                    for (int i \u003d 0; i \u003c taskCount; i++) {","lastModifiedDate":"2026-02-04T20:07:23","isFullCredit":false},{"lineNumber":38,"author":{"gitId":"wjw55"},"content":"                        int num \u003d i + 1;","lastModifiedDate":"2026-01-27T21:52:52","isFullCredit":false},{"lineNumber":39,"author":{"gitId":"wjw55"},"content":"                        System.out.println(num + \".\" + tasks[i].toString());","lastModifiedDate":"2026-02-13T11:02:48","isFullCredit":false},{"lineNumber":40,"author":{"gitId":"wjw55"},"content":"                    }","lastModifiedDate":"2026-01-27T21:52:52","isFullCredit":false},{"lineNumber":41,"author":{"gitId":"wjw55"},"content":"                } else if (words[0].equals(\"mark\")) {","lastModifiedDate":"2026-02-08T18:32:41","isFullCredit":false},{"lineNumber":42,"author":{"gitId":"wjw55"},"content":"                    if (words.length \u003c 2) {","lastModifiedDate":"2026-02-08T21:05:09","isFullCredit":false},{"lineNumber":43,"author":{"gitId":"wjw55"},"content":"                        throw new DukeException(\"Please specify which task you want to mark.\");","lastModifiedDate":"2026-02-08T21:05:09","isFullCredit":false},{"lineNumber":44,"author":{"gitId":"wjw55"},"content":"                    }","lastModifiedDate":"2026-02-08T21:05:09","isFullCredit":false},{"lineNumber":45,"author":{"gitId":"wjw55"},"content":"                    int item \u003d Integer.parseInt(words[1]) - 1;","lastModifiedDate":"2026-01-27T22:54:05","isFullCredit":false},{"lineNumber":46,"author":{"gitId":"wjw55"},"content":"                    if (item \u003e taskCount - 1) {","lastModifiedDate":"2026-02-08T21:05:09","isFullCredit":false},{"lineNumber":47,"author":{"gitId":"wjw55"},"content":"                        throw new DukeException(\"This task does not exist.\");","lastModifiedDate":"2026-02-08T21:05:09","isFullCredit":false},{"lineNumber":48,"author":{"gitId":"wjw55"},"content":"                    }","lastModifiedDate":"2026-02-08T21:05:09","isFullCredit":false},{"lineNumber":49,"author":{"gitId":"wjw55"},"content":"                    tasks[item].markAsDone();","lastModifiedDate":"2026-02-13T11:02:48","isFullCredit":false},{"lineNumber":50,"author":{"gitId":"wjw55"},"content":"                    System.out.println(\"Nice! I\u0027ve marked this task as done: \");","lastModifiedDate":"2026-01-27T22:54:05","isFullCredit":false},{"lineNumber":51,"author":{"gitId":"wjw55"},"content":"                    System.out.println(tasks[item]);","lastModifiedDate":"2026-02-13T11:02:48","isFullCredit":false},{"lineNumber":52,"author":{"gitId":"wjw55"},"content":"                } else if (words[0].equals(\"unmark\")) {","lastModifiedDate":"2026-02-08T18:32:41","isFullCredit":false},{"lineNumber":53,"author":{"gitId":"wjw55"},"content":"                    if (words.length \u003c 2) {","lastModifiedDate":"2026-02-08T21:05:09","isFullCredit":false},{"lineNumber":54,"author":{"gitId":"wjw55"},"content":"                        throw new DukeException(\"Please specify which task you want to unmark.\");","lastModifiedDate":"2026-02-08T21:05:09","isFullCredit":false},{"lineNumber":55,"author":{"gitId":"wjw55"},"content":"                    }","lastModifiedDate":"2026-02-08T21:05:09","isFullCredit":false},{"lineNumber":56,"author":{"gitId":"wjw55"},"content":"                    int item \u003d Integer.parseInt(words[1]) - 1;","lastModifiedDate":"2026-01-27T22:54:05","isFullCredit":false},{"lineNumber":57,"author":{"gitId":"wjw55"},"content":"                    if (item \u003e taskCount - 1) {","lastModifiedDate":"2026-02-08T21:05:09","isFullCredit":false},{"lineNumber":58,"author":{"gitId":"wjw55"},"content":"                        throw new DukeException(\"This task does not exist.\");","lastModifiedDate":"2026-02-08T21:05:09","isFullCredit":false},{"lineNumber":59,"author":{"gitId":"wjw55"},"content":"                    }","lastModifiedDate":"2026-02-08T21:05:09","isFullCredit":false},{"lineNumber":60,"author":{"gitId":"wjw55"},"content":"                    tasks[item].markAsUndone();","lastModifiedDate":"2026-02-13T11:02:48","isFullCredit":false},{"lineNumber":61,"author":{"gitId":"wjw55"},"content":"                    System.out.println(\"OK, I\u0027ve marked this task as not done yet: \");","lastModifiedDate":"2026-01-27T22:54:05","isFullCredit":false},{"lineNumber":62,"author":{"gitId":"wjw55"},"content":"                    System.out.println(tasks[item]);","lastModifiedDate":"2026-02-13T11:02:48","isFullCredit":false},{"lineNumber":63,"author":{"gitId":"wjw55"},"content":"                } else if (words[0].equals(\"todo\")) {","lastModifiedDate":"2026-02-08T18:32:41","isFullCredit":false},{"lineNumber":64,"author":{"gitId":"wjw55"},"content":"                    if (words.length \u003c 2) {","lastModifiedDate":"2026-02-08T18:32:41","isFullCredit":false},{"lineNumber":65,"author":{"gitId":"wjw55"},"content":"                        throw new DukeException(\"OOPS! Seems like you did not enter a description for todo ;-; Please enter a todo with description\");","lastModifiedDate":"2026-02-08T21:05:09","isFullCredit":false},{"lineNumber":66,"author":{"gitId":"wjw55"},"content":"                    }","lastModifiedDate":"2026-01-27T22:54:05","isFullCredit":false},{"lineNumber":67,"author":{"gitId":"wjw55"},"content":"                    int firstSpace \u003d line.indexOf(\" \");","lastModifiedDate":"2026-02-04T20:07:23","isFullCredit":false},{"lineNumber":68,"author":{"gitId":"wjw55"},"content":"                    String description \u003d line.substring(firstSpace + 1);","lastModifiedDate":"2026-02-04T20:07:23","isFullCredit":false},{"lineNumber":69,"author":{"gitId":"wjw55"},"content":"                    addTask(new Todo(description));","lastModifiedDate":"2026-02-04T20:07:23","isFullCredit":false},{"lineNumber":70,"author":{"gitId":"wjw55"},"content":"                } else if (words[0].equals(\"deadline\")) {","lastModifiedDate":"2026-02-08T18:32:41","isFullCredit":false},{"lineNumber":71,"author":{"gitId":"wjw55"},"content":"                    int firstSpace \u003d line.indexOf(\" \");","lastModifiedDate":"2026-02-04T20:07:23","isFullCredit":false},{"lineNumber":72,"author":{"gitId":"wjw55"},"content":"                    if (!line.contains(\"/by \")) {","lastModifiedDate":"2026-02-08T21:05:09","isFullCredit":false},{"lineNumber":73,"author":{"gitId":"wjw55"},"content":"                        throw new DukeException(\"Please enter deadline in the correct format (with /by).\");","lastModifiedDate":"2026-02-08T21:05:09","isFullCredit":false},{"lineNumber":74,"author":{"gitId":"wjw55"},"content":"                    }","lastModifiedDate":"2026-02-08T21:05:09","isFullCredit":false},{"lineNumber":75,"author":{"gitId":"wjw55"},"content":"                    int byIndex \u003d line.indexOf(\"/by \");","lastModifiedDate":"2026-02-04T20:07:23","isFullCredit":false},{"lineNumber":76,"author":{"gitId":"wjw55"},"content":"                    String description \u003d line.substring(firstSpace + 1, byIndex);","lastModifiedDate":"2026-02-04T20:07:23","isFullCredit":false},{"lineNumber":77,"author":{"gitId":"wjw55"},"content":"                    String by \u003d line.substring(byIndex + 1).replace(\"by \", \"\");","lastModifiedDate":"2026-02-04T20:07:23","isFullCredit":false},{"lineNumber":78,"author":{"gitId":"wjw55"},"content":"                    addTask(new Deadline(description, by));","lastModifiedDate":"2026-02-04T20:07:23","isFullCredit":false},{"lineNumber":79,"author":{"gitId":"wjw55"},"content":"                } else if (words[0].equals(\"event\")) {","lastModifiedDate":"2026-02-08T18:32:41","isFullCredit":false},{"lineNumber":80,"author":{"gitId":"wjw55"},"content":"                    int firstSpace \u003d line.indexOf(\" \");","lastModifiedDate":"2026-02-04T20:07:23","isFullCredit":false},{"lineNumber":81,"author":{"gitId":"wjw55"},"content":"                    if (!line.contains(\"/from\") || (!line.contains(\"/to\"))) {","lastModifiedDate":"2026-02-08T21:05:09","isFullCredit":false},{"lineNumber":82,"author":{"gitId":"wjw55"},"content":"                        throw new DukeException(\"Please enter event in the correct format (with /from and /to).\");","lastModifiedDate":"2026-02-08T21:05:09","isFullCredit":false},{"lineNumber":83,"author":{"gitId":"wjw55"},"content":"                    }","lastModifiedDate":"2026-02-08T21:05:09","isFullCredit":false},{"lineNumber":84,"author":{"gitId":"wjw55"},"content":"                    int fromIndex \u003d line.indexOf(\"/from\");","lastModifiedDate":"2026-02-04T20:07:23","isFullCredit":false},{"lineNumber":85,"author":{"gitId":"wjw55"},"content":"                    int toIndex \u003d line.indexOf(\"/to\");","lastModifiedDate":"2026-02-04T20:07:23","isFullCredit":false},{"lineNumber":86,"author":{"gitId":"wjw55"},"content":"                    String description \u003d line.substring(firstSpace + 1, fromIndex);","lastModifiedDate":"2026-02-04T20:07:23","isFullCredit":false},{"lineNumber":87,"author":{"gitId":"wjw55"},"content":"                    String startTime \u003d line.substring(fromIndex + 1, toIndex).replace(\"from \", \"\");","lastModifiedDate":"2026-02-04T20:07:23","isFullCredit":false},{"lineNumber":88,"author":{"gitId":"wjw55"},"content":"                    String endTime \u003d line.substring(toIndex + 1).replace(\"to \", \"\");","lastModifiedDate":"2026-02-04T20:07:23","isFullCredit":false},{"lineNumber":89,"author":{"gitId":"wjw55"},"content":"                    addTask(new Event(description, startTime, endTime));","lastModifiedDate":"2026-02-04T20:07:23","isFullCredit":false},{"lineNumber":90,"author":{"gitId":"wjw55"},"content":"                } else {","lastModifiedDate":"2026-02-08T18:32:41","isFullCredit":false},{"lineNumber":91,"author":{"gitId":"wjw55"},"content":"                    throw new DukeException(\"OOPS! Sorry I don\u0027t understand this :(\");","lastModifiedDate":"2026-02-08T21:05:09","isFullCredit":false},{"lineNumber":92,"author":{"gitId":"wjw55"},"content":"                }","lastModifiedDate":"2026-02-08T18:32:41","isFullCredit":false},{"lineNumber":93,"author":{"gitId":"wjw55"},"content":"            } catch (DukeException e) {","lastModifiedDate":"2026-02-08T18:32:41","isFullCredit":false},{"lineNumber":94,"author":{"gitId":"wjw55"},"content":"                System.out.println(e.getMessage());","lastModifiedDate":"2026-02-08T18:32:41","isFullCredit":false},{"lineNumber":95,"author":{"gitId":"wjw55"},"content":"            }","lastModifiedDate":"2026-01-27T21:52:52","isFullCredit":false},{"lineNumber":96,"author":{"gitId":"wjw55"},"content":"        }","lastModifiedDate":"2026-01-27T21:26:00","isFullCredit":false},{"lineNumber":97,"author":{"gitId":"wjw55"},"content":"        System.out.println(\"Bye. Hope to see you again soon!\");","lastModifiedDate":"2026-01-27T21:26:00","isFullCredit":false},{"lineNumber":98,"author":{"gitId":"wjw55"},"content":"    }","lastModifiedDate":"2026-01-20T20:28:58","isFullCredit":false},{"lineNumber":99,"author":{"gitId":"wjw55"},"content":"}","lastModifiedDate":"2026-01-20T20:28:58","isFullCredit":false}],"authorContributionMap":{"wjw55":99}},{"path":"src/main/java/duke/exception/DukeException.java","fileType":"java","lines":[{"lineNumber":1,"author":{"gitId":"wjw55"},"content":"package duke.exception;","lastModifiedDate":"2026-02-08T21:23:05","isFullCredit":false},{"lineNumber":2,"author":{"gitId":"wjw55"},"content":"","lastModifiedDate":"2026-02-08T21:23:05","isFullCredit":false},{"lineNumber":3,"author":{"gitId":"wjw55"},"content":"public class DukeException extends Exception {","lastModifiedDate":"2026-02-08T18:32:41","isFullCredit":false},{"lineNumber":4,"author":{"gitId":"wjw55"},"content":"","lastModifiedDate":"2026-02-08T18:32:41","isFullCredit":false},{"lineNumber":5,"author":{"gitId":"wjw55"},"content":"    public DukeException(String s) {","lastModifiedDate":"2026-02-08T18:32:41","isFullCredit":false},{"lineNumber":6,"author":{"gitId":"wjw55"},"content":"        super(s);","lastModifiedDate":"2026-02-08T18:32:41","isFullCredit":false},{"lineNumber":7,"author":{"gitId":"wjw55"},"content":"    }","lastModifiedDate":"2026-02-08T18:32:41","isFullCredit":false},{"lineNumber":8,"author":{"gitId":"wjw55"},"content":"}","lastModifiedDate":"2026-02-08T18:32:41","isFullCredit":false}],"authorContributionMap":{"wjw55":8}},{"path":"src/main/java/duke/task/Deadline.java","fileType":"java","lines":[{"lineNumber":1,"author":{"gitId":"wjw55"},"content":"package duke.task;","lastModifiedDate":"2026-02-08T21:23:05","isFullCredit":false},{"lineNumber":2,"author":{"gitId":"wjw55"},"content":"","lastModifiedDate":"2026-02-08T21:23:05","isFullCredit":false},{"lineNumber":3,"author":{"gitId":"wjw55"},"content":"public class Deadline extends Task {","lastModifiedDate":"2026-02-04T20:07:23","isFullCredit":false},{"lineNumber":4,"author":{"gitId":"wjw55"},"content":"    protected String by;","lastModifiedDate":"2026-02-04T20:07:23","isFullCredit":false},{"lineNumber":5,"author":{"gitId":"wjw55"},"content":"","lastModifiedDate":"2026-02-04T20:07:23","isFullCredit":false},{"lineNumber":6,"author":{"gitId":"wjw55"},"content":"    public Deadline(String description, String by){","lastModifiedDate":"2026-02-04T20:07:23","isFullCredit":false},{"lineNumber":7,"author":{"gitId":"wjw55"},"content":"        super(description, TaskType.DEADLINE);","lastModifiedDate":"2026-02-04T20:07:23","isFullCredit":false},{"lineNumber":8,"author":{"gitId":"wjw55"},"content":"        this.by \u003d by;","lastModifiedDate":"2026-02-04T20:07:23","isFullCredit":false},{"lineNumber":9,"author":{"gitId":"wjw55"},"content":"    }","lastModifiedDate":"2026-02-04T20:07:23","isFullCredit":false},{"lineNumber":10,"author":{"gitId":"wjw55"},"content":"","lastModifiedDate":"2026-02-04T20:07:23","isFullCredit":false},{"lineNumber":11,"author":{"gitId":"wjw55"},"content":"    @Override","lastModifiedDate":"2026-02-04T20:07:23","isFullCredit":false},{"lineNumber":12,"author":{"gitId":"wjw55"},"content":"    public String toString(){","lastModifiedDate":"2026-02-04T20:07:23","isFullCredit":false},{"lineNumber":13,"author":{"gitId":"wjw55"},"content":"        return super.toString() + \"(by: \" + this.by + \")\";","lastModifiedDate":"2026-02-04T20:07:23","isFullCredit":false},{"lineNumber":14,"author":{"gitId":"wjw55"},"content":"    }","lastModifiedDate":"2026-02-04T20:07:23","isFullCredit":false},{"lineNumber":15,"author":{"gitId":"wjw55"},"content":"}","lastModifiedDate":"2026-02-04T20:07:23","isFullCredit":false}],"authorContributionMap":{"wjw55":15}},{"path":"src/main/java/duke/task/Event.java","fileType":"java","lines":[{"lineNumber":1,"author":{"gitId":"wjw55"},"content":"package duke.task;","lastModifiedDate":"2026-02-08T21:23:05","isFullCredit":false},{"lineNumber":2,"author":{"gitId":"wjw55"},"content":"","lastModifiedDate":"2026-02-08T21:23:05","isFullCredit":false},{"lineNumber":3,"author":{"gitId":"wjw55"},"content":"public class Event extends Task {","lastModifiedDate":"2026-02-04T20:07:23","isFullCredit":false},{"lineNumber":4,"author":{"gitId":"wjw55"},"content":"    protected String startTime;","lastModifiedDate":"2026-02-04T20:07:23","isFullCredit":false},{"lineNumber":5,"author":{"gitId":"wjw55"},"content":"    protected String endTime;","lastModifiedDate":"2026-02-04T20:07:23","isFullCredit":false},{"lineNumber":6,"author":{"gitId":"wjw55"},"content":"","lastModifiedDate":"2026-02-04T20:07:23","isFullCredit":false},{"lineNumber":7,"author":{"gitId":"wjw55"},"content":"    public Event(String description, String startTime, String endTime) {","lastModifiedDate":"2026-02-04T20:07:23","isFullCredit":false},{"lineNumber":8,"author":{"gitId":"wjw55"},"content":"        super(description, TaskType.EVENT);","lastModifiedDate":"2026-02-04T20:07:23","isFullCredit":false},{"lineNumber":9,"author":{"gitId":"wjw55"},"content":"        this.startTime \u003d startTime;","lastModifiedDate":"2026-02-04T20:07:23","isFullCredit":false},{"lineNumber":10,"author":{"gitId":"wjw55"},"content":"        this.endTime \u003d endTime;","lastModifiedDate":"2026-02-04T20:07:23","isFullCredit":false},{"lineNumber":11,"author":{"gitId":"wjw55"},"content":"    }","lastModifiedDate":"2026-02-04T20:07:23","isFullCredit":false},{"lineNumber":12,"author":{"gitId":"wjw55"},"content":"","lastModifiedDate":"2026-02-04T20:07:23","isFullCredit":false},{"lineNumber":13,"author":{"gitId":"wjw55"},"content":"    @Override","lastModifiedDate":"2026-02-04T20:07:23","isFullCredit":false},{"lineNumber":14,"author":{"gitId":"wjw55"},"content":"    public String toString() {","lastModifiedDate":"2026-02-04T20:07:23","isFullCredit":false},{"lineNumber":15,"author":{"gitId":"wjw55"},"content":"        return super.toString() + \"(from: \" + startTime + \"to: \" + endTime + \")\";","lastModifiedDate":"2026-02-04T20:07:23","isFullCredit":false},{"lineNumber":16,"author":{"gitId":"wjw55"},"content":"    }","lastModifiedDate":"2026-02-04T20:07:23","isFullCredit":false},{"lineNumber":17,"author":{"gitId":"wjw55"},"content":"}","lastModifiedDate":"2026-02-04T20:07:23","isFullCredit":false}],"authorContributionMap":{"wjw55":17}},{"path":"src/main/java/duke/task/Task.java","fileType":"java","lines":[{"lineNumber":1,"author":{"gitId":"wjw55"},"content":"package duke.task;","lastModifiedDate":"2026-02-08T21:23:05","isFullCredit":false},{"lineNumber":2,"author":{"gitId":"wjw55"},"content":"","lastModifiedDate":"2026-02-08T21:23:05","isFullCredit":false},{"lineNumber":3,"author":{"gitId":"wjw55"},"content":"public class Task {","lastModifiedDate":"2026-01-27T22:54:05","isFullCredit":false},{"lineNumber":4,"author":{"gitId":"wjw55"},"content":"    protected String description;","lastModifiedDate":"2026-01-27T22:54:05","isFullCredit":false},{"lineNumber":5,"author":{"gitId":"wjw55"},"content":"    protected boolean isDone;","lastModifiedDate":"2026-01-27T22:54:05","isFullCredit":false},{"lineNumber":6,"author":{"gitId":"wjw55"},"content":"    protected TaskType type;","lastModifiedDate":"2026-02-04T20:07:23","isFullCredit":false},{"lineNumber":7,"author":{"gitId":"wjw55"},"content":"","lastModifiedDate":"2026-01-27T22:54:05","isFullCredit":false},{"lineNumber":8,"author":{"gitId":"wjw55"},"content":"","lastModifiedDate":"2026-02-04T20:07:23","isFullCredit":false},{"lineNumber":9,"author":{"gitId":"wjw55"},"content":"    public Task(String description, TaskType type) {","lastModifiedDate":"2026-02-04T20:07:23","isFullCredit":false},{"lineNumber":10,"author":{"gitId":"wjw55"},"content":"        this.description \u003d description;","lastModifiedDate":"2026-01-27T22:54:05","isFullCredit":false},{"lineNumber":11,"author":{"gitId":"wjw55"},"content":"        this.isDone \u003d false;","lastModifiedDate":"2026-01-27T22:54:05","isFullCredit":false},{"lineNumber":12,"author":{"gitId":"wjw55"},"content":"        this.type \u003d type;","lastModifiedDate":"2026-02-04T20:07:23","isFullCredit":false},{"lineNumber":13,"author":{"gitId":"wjw55"},"content":"    }","lastModifiedDate":"2026-02-04T20:07:23","isFullCredit":false},{"lineNumber":14,"author":{"gitId":"wjw55"},"content":"","lastModifiedDate":"2026-02-04T20:07:23","isFullCredit":false},{"lineNumber":15,"author":{"gitId":"wjw55"},"content":"    public String getTaskType() {","lastModifiedDate":"2026-02-04T20:07:23","isFullCredit":false},{"lineNumber":16,"author":{"gitId":"wjw55"},"content":"        return this.type.getLabel();","lastModifiedDate":"2026-02-04T20:07:23","isFullCredit":false},{"lineNumber":17,"author":{"gitId":"wjw55"},"content":"    }","lastModifiedDate":"2026-01-27T22:54:05","isFullCredit":false},{"lineNumber":18,"author":{"gitId":"wjw55"},"content":"","lastModifiedDate":"2026-01-27T22:54:05","isFullCredit":false},{"lineNumber":19,"author":{"gitId":"wjw55"},"content":"    public String getStatusIcon() {","lastModifiedDate":"2026-01-27T22:54:05","isFullCredit":false},{"lineNumber":20,"author":{"gitId":"wjw55"},"content":"        return (isDone ? \"X\" : \" \"); // mark done task with X","lastModifiedDate":"2026-01-27T22:54:05","isFullCredit":false},{"lineNumber":21,"author":{"gitId":"wjw55"},"content":"    }","lastModifiedDate":"2026-01-27T22:54:05","isFullCredit":false},{"lineNumber":22,"author":{"gitId":"wjw55"},"content":"","lastModifiedDate":"2026-01-27T22:54:05","isFullCredit":false},{"lineNumber":23,"author":{"gitId":"wjw55"},"content":"    public void markAsDone()  {","lastModifiedDate":"2026-01-27T22:54:05","isFullCredit":false},{"lineNumber":24,"author":{"gitId":"wjw55"},"content":"        this.isDone \u003d true;","lastModifiedDate":"2026-01-27T22:54:05","isFullCredit":false},{"lineNumber":25,"author":{"gitId":"wjw55"},"content":"    }","lastModifiedDate":"2026-01-27T22:54:05","isFullCredit":false},{"lineNumber":26,"author":{"gitId":"wjw55"},"content":"","lastModifiedDate":"2026-01-27T22:54:05","isFullCredit":false},{"lineNumber":27,"author":{"gitId":"wjw55"},"content":"    public void markAsUndone()  {","lastModifiedDate":"2026-01-27T22:54:05","isFullCredit":false},{"lineNumber":28,"author":{"gitId":"wjw55"},"content":"        this.isDone \u003d false;","lastModifiedDate":"2026-01-27T22:54:05","isFullCredit":false},{"lineNumber":29,"author":{"gitId":"wjw55"},"content":"    }","lastModifiedDate":"2026-01-27T22:54:05","isFullCredit":false},{"lineNumber":30,"author":{"gitId":"wjw55"},"content":"","lastModifiedDate":"2026-01-27T22:54:05","isFullCredit":false},{"lineNumber":31,"author":{"gitId":"wjw55"},"content":"    public String toString() {","lastModifiedDate":"2026-01-27T22:54:05","isFullCredit":false},{"lineNumber":32,"author":{"gitId":"wjw55"},"content":"        return \"[\" + getTaskType() + \"]\" + \"[\" + getStatusIcon() + \"] \" + this.description;","lastModifiedDate":"2026-02-04T20:07:23","isFullCredit":false},{"lineNumber":33,"author":{"gitId":"wjw55"},"content":"    }","lastModifiedDate":"2026-01-27T22:54:05","isFullCredit":false},{"lineNumber":34,"author":{"gitId":"wjw55"},"content":"}","lastModifiedDate":"2026-01-27T22:54:05","isFullCredit":false},{"lineNumber":35,"author":{"gitId":"wjw55"},"content":"","lastModifiedDate":"2026-01-27T22:54:05","isFullCredit":false}],"authorContributionMap":{"wjw55":35}},{"path":"src/main/java/duke/task/TaskType.java","fileType":"java","lines":[{"lineNumber":1,"author":{"gitId":"wjw55"},"content":"package duke.task;","lastModifiedDate":"2026-02-08T21:23:05","isFullCredit":false},{"lineNumber":2,"author":{"gitId":"wjw55"},"content":"","lastModifiedDate":"2026-02-08T21:23:05","isFullCredit":false},{"lineNumber":3,"author":{"gitId":"wjw55"},"content":"public enum TaskType {","lastModifiedDate":"2026-02-04T20:07:23","isFullCredit":false},{"lineNumber":4,"author":{"gitId":"wjw55"},"content":"    TODO(\"T\"), DEADLINE(\"D\"), EVENT(\"E\");","lastModifiedDate":"2026-02-04T20:07:23","isFullCredit":false},{"lineNumber":5,"author":{"gitId":"wjw55"},"content":"","lastModifiedDate":"2026-02-04T20:07:23","isFullCredit":false},{"lineNumber":6,"author":{"gitId":"wjw55"},"content":"    private final String label;","lastModifiedDate":"2026-02-04T20:07:23","isFullCredit":false},{"lineNumber":7,"author":{"gitId":"wjw55"},"content":"","lastModifiedDate":"2026-02-04T20:07:23","isFullCredit":false},{"lineNumber":8,"author":{"gitId":"wjw55"},"content":"    TaskType(String label) {","lastModifiedDate":"2026-02-04T20:07:23","isFullCredit":false},{"lineNumber":9,"author":{"gitId":"wjw55"},"content":"        this.label \u003d label;","lastModifiedDate":"2026-02-04T20:07:23","isFullCredit":false},{"lineNumber":10,"author":{"gitId":"wjw55"},"content":"    }","lastModifiedDate":"2026-02-04T20:07:23","isFullCredit":false},{"lineNumber":11,"author":{"gitId":"wjw55"},"content":"","lastModifiedDate":"2026-02-04T20:07:23","isFullCredit":false},{"lineNumber":12,"author":{"gitId":"wjw55"},"content":"    public String getLabel() {","lastModifiedDate":"2026-02-04T20:07:23","isFullCredit":false},{"lineNumber":13,"author":{"gitId":"wjw55"},"content":"        return label;","lastModifiedDate":"2026-02-04T20:07:23","isFullCredit":false},{"lineNumber":14,"author":{"gitId":"wjw55"},"content":"    }","lastModifiedDate":"2026-02-04T20:07:23","isFullCredit":false},{"lineNumber":15,"author":{"gitId":"wjw55"},"content":"}","lastModifiedDate":"2026-02-04T20:07:23","isFullCredit":false}],"authorContributionMap":{"wjw55":15}},{"path":"src/main/java/duke/task/Todo.java","fileType":"java","lines":[{"lineNumber":1,"author":{"gitId":"wjw55"},"content":"package duke.task;","lastModifiedDate":"2026-02-08T21:23:05","isFullCredit":false},{"lineNumber":2,"author":{"gitId":"wjw55"},"content":"","lastModifiedDate":"2026-02-08T21:23:05","isFullCredit":false},{"lineNumber":3,"author":{"gitId":"wjw55"},"content":"public class Todo extends Task {","lastModifiedDate":"2026-02-04T20:07:23","isFullCredit":false},{"lineNumber":4,"author":{"gitId":"wjw55"},"content":"","lastModifiedDate":"2026-02-04T20:07:23","isFullCredit":false},{"lineNumber":5,"author":{"gitId":"wjw55"},"content":"    public Todo(String description) {","lastModifiedDate":"2026-02-04T20:07:23","isFullCredit":false},{"lineNumber":6,"author":{"gitId":"wjw55"},"content":"        super(description, TaskType.TODO);","lastModifiedDate":"2026-02-04T20:07:23","isFullCredit":false},{"lineNumber":7,"author":{"gitId":"wjw55"},"content":"    }","lastModifiedDate":"2026-02-04T20:07:23","isFullCredit":false},{"lineNumber":8,"author":{"gitId":"wjw55"},"content":"","lastModifiedDate":"2026-02-04T20:07:23","isFullCredit":false},{"lineNumber":9,"author":{"gitId":"wjw55"},"content":"}","lastModifiedDate":"2026-02-04T20:07:23","isFullCredit":false}],"authorContributionMap":{"wjw55":9}},{"path":"text-ui-test/input.txt","fileType":"txt","lines":[{"lineNumber":1,"author":{"gitId":"wjw55"},"content":"todo read","lastModifiedDate":"2026-02-04T20:07:23","isFullCredit":false},{"lineNumber":2,"author":{"gitId":"wjw55"},"content":"list","lastModifiedDate":"2026-02-04T20:07:23","isFullCredit":false}],"authorContributionMap":{"wjw55":2}},{"path":"text-ui-test/runtest.bat","fileType":"bat","lines":[{"lineNumber":1,"author":{"gitId":"-"},"content":"@ECHO OFF","lastModifiedDate":"2020-05-25T00:03:55","isFullCredit":false},{"lineNumber":2,"author":{"gitId":"-"},"content":"","lastModifiedDate":"2020-05-25T00:03:55","isFullCredit":false},{"lineNumber":3,"author":{"gitId":"-"},"content":"REM create bin directory if it doesn\u0027t exist","lastModifiedDate":"2020-05-25T00:03:55","isFullCredit":false},{"lineNumber":4,"author":{"gitId":"-"},"content":"if not exist ..\\bin mkdir ..\\bin","lastModifiedDate":"2020-05-25T00:03:55","isFullCredit":false},{"lineNumber":5,"author":{"gitId":"-"},"content":"","lastModifiedDate":"2020-05-25T00:03:55","isFullCredit":false},{"lineNumber":6,"author":{"gitId":"-"},"content":"REM delete output from previous run","lastModifiedDate":"2020-05-25T00:03:55","isFullCredit":false},{"lineNumber":7,"author":{"gitId":"-"},"content":"if exist ACTUAL.TXT del ACTUAL.TXT","lastModifiedDate":"2020-08-25T17:23:26","isFullCredit":false},{"lineNumber":8,"author":{"gitId":"-"},"content":"","lastModifiedDate":"2020-05-25T00:03:55","isFullCredit":false},{"lineNumber":9,"author":{"gitId":"-"},"content":"REM compile the code into the bin folder","lastModifiedDate":"2020-05-25T00:03:55","isFullCredit":false},{"lineNumber":10,"author":{"gitId":"-"},"content":"javac  -cp ..\\src\\main\\java -Xlint:none -d ..\\bin ..\\src\\main\\java\\*.java","lastModifiedDate":"2020-08-25T17:23:26","isFullCredit":false},{"lineNumber":11,"author":{"gitId":"-"},"content":"IF ERRORLEVEL 1 (","lastModifiedDate":"2020-05-25T00:03:55","isFullCredit":false},{"lineNumber":12,"author":{"gitId":"-"},"content":"    echo ********** BUILD FAILURE **********","lastModifiedDate":"2020-05-25T00:03:55","isFullCredit":false},{"lineNumber":13,"author":{"gitId":"-"},"content":"    exit /b 1","lastModifiedDate":"2020-05-25T00:03:55","isFullCredit":false},{"lineNumber":14,"author":{"gitId":"-"},"content":")","lastModifiedDate":"2020-05-25T00:03:55","isFullCredit":false},{"lineNumber":15,"author":{"gitId":"-"},"content":"REM no error here, errorlevel \u003d\u003d 0","lastModifiedDate":"2020-05-25T00:03:55","isFullCredit":false},{"lineNumber":16,"author":{"gitId":"-"},"content":"","lastModifiedDate":"2020-05-25T00:03:55","isFullCredit":false},{"lineNumber":17,"author":{"gitId":"-"},"content":"REM run the program, feed commands from input.txt file and redirect the output to the ACTUAL.TXT","lastModifiedDate":"2020-05-25T00:03:55","isFullCredit":false},{"lineNumber":18,"author":{"gitId":"wjw55"},"content":"java -classpath ..\\bin John \u003c input.txt \u003e ACTUAL.TXT","lastModifiedDate":"2026-01-20T20:28:58","isFullCredit":false},{"lineNumber":19,"author":{"gitId":"-"},"content":"","lastModifiedDate":"2020-05-25T00:03:55","isFullCredit":false},{"lineNumber":20,"author":{"gitId":"-"},"content":"REM compare the output to the expected output","lastModifiedDate":"2020-05-25T00:03:55","isFullCredit":false},{"lineNumber":21,"author":{"gitId":"-"},"content":"FC ACTUAL.TXT EXPECTED.TXT","lastModifiedDate":"2020-05-25T00:03:55","isFullCredit":false}],"authorContributionMap":{"wjw55":1,"-":20}}]
