{"authorDailyContributionsMap":{"wjw55":[{"date":"2026-01-20T00:00:00","commitResults":[{"hash":"82d9679c79138bbf83ba174499236f13caa2bf32","isMergeCommit":false,"messageTitle":"Level-0: Rename, Greet, Exit","messageBody":"","tags":["Level-0"],"fileTypesAndContributionMap":{"java":{"insertions":8,"deletions":10},"bat":{"insertions":1,"deletions":1},"md":{"insertions":3,"deletions":3}}}]},{"date":"2026-01-27T00:00:00","commitResults":[{"hash":"c39ee17ebb0a235df9ce04e99c6eee43110ead6d","isMergeCommit":false,"messageTitle":"Complete Level -1","messageBody":"","tags":["Level-1"],"fileTypesAndContributionMap":{"java":{"insertions":11,"deletions":1}}},{"hash":"bc584567f28af3cc3ab317af5c3a23ff71d17d7a","isMergeCommit":false,"messageTitle":"Complete Level-2","messageBody":"","tags":["Level-2"],"fileTypesAndContributionMap":{"java":{"insertions":13,"deletions":2}}},{"hash":"5d612da6b7a8f83bf348ffb9ec4aecfbd81c8a44","isMergeCommit":false,"messageTitle":"Complete Level-3","messageBody":"","tags":["Level-3","A-CodingStandard"],"fileTypesAndContributionMap":{"java":{"insertions":44,"deletions":3}}}]}]},"authorFileTypeContributionMap":{"wjw55":{"java":70,"md":3,"fxml":0,"sh":0,"bat":1,"gradle":0,"txt":0}},"authorContributionVariance":{"wjw55":296.08862},"authorDisplayNameMap":{"wjw55":"CS2113-F09-3 WANG..AWEI"}}
