{"authorDailyContributionsMap":{"fromtyn":[{"date":"2026-01-26T00:00:00","commitResults":[{"hash":"81bc07f71c1156863681eb33b6922a8b0af8b8bc","isMergeCommit":false,"messageTitle":"Rename the chatbot","messageBody":"","tags":["Level-0"],"fileTypesAndContributionMap":{"java":{"insertions":10,"deletions":10},"bat":{"insertions":1,"deletions":1}}}]},{"date":"2026-01-30T00:00:00","commitResults":[{"hash":"10e689d266e42cae05e2e462d770fd0a788d0aa4","isMergeCommit":false,"messageTitle":"Complete Level-1 Echo","messageBody":"","tags":["Level-1"],"fileTypesAndContributionMap":{"java":{"insertions":15,"deletions":0}}},{"hash":"64426af7b5b8aeac08678c333eb4bdf95b09de24","isMergeCommit":false,"messageTitle":"Complete Level-2 Add,List","messageBody":"","tags":["Level-2"],"fileTypesAndContributionMap":{"java":{"insertions":18,"deletions":2}}},{"hash":"4ec8e9f8038449efaa37f6dba89961e6373e07b6","isMergeCommit":false,"messageTitle":"Complete Level 3 Mark as Done","messageBody":"","tags":["Level-3"],"fileTypesAndContributionMap":{"java":{"insertions":60,"deletions":3}}}]},{"date":"2026-02-03T00:00:00","commitResults":[{"hash":"f8b14eda8ea7808f25ce3f405a6cbd326486c2b3","isMergeCommit":false,"messageTitle":"Complete Level-4","messageBody":"","tags":["Level-4"],"fileTypesAndContributionMap":{"java":{"insertions":113,"deletions":7}}}]},{"date":"2026-02-05T00:00:00","commitResults":[{"hash":"cbd9870aecfa4bea0cce408874156d146604dbe8","isMergeCommit":false,"messageTitle":"Adjust codes to follow coding standard","messageBody":"","tags":["A-CodingStandard"],"fileTypesAndContributionMap":{"java":{"insertions":4,"deletions":10}}},{"hash":"7bd6a2f48942ec7065d7f25a948c3ba56e3b8c11","isMergeCommit":false,"messageTitle":"Improve code quality","messageBody":"","tags":["A-CodeQuality"],"fileTypesAndContributionMap":{"java":{"insertions":26,"deletions":26}}}]},{"date":"2026-02-14T00:00:00","commitResults":[{"hash":"45373bb4b076b3400704e909f6315bdaaad8a3e1","isMergeCommit":false,"messageTitle":"Complete Level-5","messageBody":"","fileTypesAndContributionMap":{"java":{"insertions":114,"deletions":61}}},{"hash":"70e740033dcad41b728fd5505118fee0404ff73f","isMergeCommit":true,"messageTitle":"Merge branch \u0027branch-Level-5\u0027","messageBody":"\u001a\n","tags":["Level-5"],"fileTypesAndContributionMap":{}}]}]},"authorFileTypeContributionMap":{"fromtyn":{"java":251,"md":0,"fxml":0,"sh":0,"bat":1,"gradle":0,"txt":0}},"authorContributionVariance":{"fromtyn":1438.2703},"authorDisplayNameMap":{"fromtyn":"CS2113-W11-2 NI T..ANYI"}}
