[{"path":"src/main/java/Deadline.java","fileType":"java","lines":[{"lineNumber":1,"author":{"gitId":"codefuul"},"content":"public class Deadline extends Task {","lastModifiedDate":"2026-02-02T22:19:41","isFullCredit":false},{"lineNumber":2,"author":{"gitId":"codefuul"},"content":"","lastModifiedDate":"2026-02-02T22:19:41","isFullCredit":false},{"lineNumber":3,"author":{"gitId":"codefuul"},"content":"    protected String by;","lastModifiedDate":"2026-02-02T22:19:41","isFullCredit":false},{"lineNumber":4,"author":{"gitId":"codefuul"},"content":"","lastModifiedDate":"2026-02-02T22:19:41","isFullCredit":false},{"lineNumber":5,"author":{"gitId":"codefuul"},"content":"    public Deadline(String description, String by) {","lastModifiedDate":"2026-02-02T22:19:41","isFullCredit":false},{"lineNumber":6,"author":{"gitId":"codefuul"},"content":"        super(description);","lastModifiedDate":"2026-02-02T22:19:41","isFullCredit":false},{"lineNumber":7,"author":{"gitId":"codefuul"},"content":"        this.by \u003d by;","lastModifiedDate":"2026-02-02T22:19:41","isFullCredit":false},{"lineNumber":8,"author":{"gitId":"codefuul"},"content":"    }","lastModifiedDate":"2026-02-02T22:19:41","isFullCredit":false},{"lineNumber":9,"author":{"gitId":"codefuul"},"content":"","lastModifiedDate":"2026-02-02T22:19:41","isFullCredit":false},{"lineNumber":10,"author":{"gitId":"codefuul"},"content":"    @Override","lastModifiedDate":"2026-02-02T22:19:41","isFullCredit":false},{"lineNumber":11,"author":{"gitId":"codefuul"},"content":"    public String toString() {","lastModifiedDate":"2026-02-02T22:19:41","isFullCredit":false},{"lineNumber":12,"author":{"gitId":"codefuul"},"content":"        return \"[D]\" + super.toString() + \" (by: \" + by + \")\";","lastModifiedDate":"2026-02-02T22:19:41","isFullCredit":false},{"lineNumber":13,"author":{"gitId":"codefuul"},"content":"    }","lastModifiedDate":"2026-02-02T22:19:41","isFullCredit":false},{"lineNumber":14,"author":{"gitId":"codefuul"},"content":"}","lastModifiedDate":"2026-02-02T22:19:41","isFullCredit":false}],"authorContributionMap":{"codefuul":14}},{"path":"src/main/java/Event.java","fileType":"java","lines":[{"lineNumber":1,"author":{"gitId":"codefuul"},"content":"public class Event extends Task {","lastModifiedDate":"2026-02-02T22:19:41","isFullCredit":false},{"lineNumber":2,"author":{"gitId":"codefuul"},"content":"","lastModifiedDate":"2026-02-02T22:19:41","isFullCredit":false},{"lineNumber":3,"author":{"gitId":"codefuul"},"content":"    protected String from;","lastModifiedDate":"2026-02-02T22:19:41","isFullCredit":false},{"lineNumber":4,"author":{"gitId":"codefuul"},"content":"    protected String to;","lastModifiedDate":"2026-02-02T22:19:41","isFullCredit":false},{"lineNumber":5,"author":{"gitId":"codefuul"},"content":"","lastModifiedDate":"2026-02-02T22:19:41","isFullCredit":false},{"lineNumber":6,"author":{"gitId":"codefuul"},"content":"    public Event(String description, String from, String to) {","lastModifiedDate":"2026-02-02T22:19:41","isFullCredit":false},{"lineNumber":7,"author":{"gitId":"codefuul"},"content":"        super(description);","lastModifiedDate":"2026-02-02T22:19:41","isFullCredit":false},{"lineNumber":8,"author":{"gitId":"codefuul"},"content":"        this.from \u003d from;","lastModifiedDate":"2026-02-02T22:19:41","isFullCredit":false},{"lineNumber":9,"author":{"gitId":"codefuul"},"content":"        this.to \u003d to;","lastModifiedDate":"2026-02-02T22:19:41","isFullCredit":false},{"lineNumber":10,"author":{"gitId":"codefuul"},"content":"    }","lastModifiedDate":"2026-02-02T22:19:41","isFullCredit":false},{"lineNumber":11,"author":{"gitId":"codefuul"},"content":"","lastModifiedDate":"2026-02-02T22:19:41","isFullCredit":false},{"lineNumber":12,"author":{"gitId":"codefuul"},"content":"    @Override","lastModifiedDate":"2026-02-02T22:19:41","isFullCredit":false},{"lineNumber":13,"author":{"gitId":"codefuul"},"content":"    public String toString() {","lastModifiedDate":"2026-02-02T22:19:41","isFullCredit":false},{"lineNumber":14,"author":{"gitId":"codefuul"},"content":"        return \"[E]\" + super.toString() + \" (from: \" + from + \" to: \" + to + \")\";","lastModifiedDate":"2026-02-02T22:19:41","isFullCredit":false},{"lineNumber":15,"author":{"gitId":"codefuul"},"content":"    }","lastModifiedDate":"2026-02-02T22:19:41","isFullCredit":false},{"lineNumber":16,"author":{"gitId":"codefuul"},"content":"}","lastModifiedDate":"2026-02-02T22:19:41","isFullCredit":false}],"authorContributionMap":{"codefuul":16}},{"path":"src/main/java/Jeffry.java","fileType":"java","lines":[{"lineNumber":1,"author":{"gitId":"codefuul"},"content":"import java.util.Scanner;","lastModifiedDate":"2026-01-29T22:34:51","isFullCredit":false},{"lineNumber":2,"author":{"gitId":"codefuul"},"content":"","lastModifiedDate":"2026-01-29T22:34:51","isFullCredit":false},{"lineNumber":3,"author":{"gitId":"codefuul"},"content":"public class Jeffry {","lastModifiedDate":"2026-01-29T22:00:18","isFullCredit":false},{"lineNumber":4,"author":{"gitId":"codefuul"},"content":"    public static void main(String[] args) {","lastModifiedDate":"2026-01-29T22:00:18","isFullCredit":false},{"lineNumber":5,"author":{"gitId":"codefuul"},"content":"        // POLYMORPHISM: We create an array of the parent class (Task)","lastModifiedDate":"2026-02-02T22:19:41","isFullCredit":false},{"lineNumber":6,"author":{"gitId":"codefuul"},"content":"        // This array can hold Todos, Deadlines, and Events!","lastModifiedDate":"2026-02-02T22:19:41","isFullCredit":false},{"lineNumber":7,"author":{"gitId":"codefuul"},"content":"        Task[] tasks \u003d new Task[100];","lastModifiedDate":"2026-01-29T23:08:49","isFullCredit":false},{"lineNumber":8,"author":{"gitId":"codefuul"},"content":"        int taskCount \u003d 0;","lastModifiedDate":"2026-01-29T22:34:51","isFullCredit":false},{"lineNumber":9,"author":{"gitId":"codefuul"},"content":"","lastModifiedDate":"2026-01-29T22:34:51","isFullCredit":false},{"lineNumber":10,"author":{"gitId":"codefuul"},"content":"        String logo \u003d \"   _           __    __          _   _ \\n\"","lastModifiedDate":"2026-01-29T22:00:18","isFullCredit":false},{"lineNumber":11,"author":{"gitId":"codefuul"},"content":"                + \"  (_)   ___   / _|  / _|  _ __  | | | |\\n\"","lastModifiedDate":"2026-01-29T22:00:18","isFullCredit":false},{"lineNumber":12,"author":{"gitId":"codefuul"},"content":"                + \"  | |  / _ \\\\ | |_  | |_  | \u0027__| | |_| |\\n\"","lastModifiedDate":"2026-01-29T22:00:18","isFullCredit":false},{"lineNumber":13,"author":{"gitId":"codefuul"},"content":"                + \" _/ | |  __/ |  _| |  _| | |     \\\\__, |\\n\"","lastModifiedDate":"2026-01-29T22:00:18","isFullCredit":false},{"lineNumber":14,"author":{"gitId":"codefuul"},"content":"                + \"|__/   \\\\___| |_|   |_|   |_|     |___/ \\n\";","lastModifiedDate":"2026-01-29T22:00:18","isFullCredit":false},{"lineNumber":15,"author":{"gitId":"codefuul"},"content":"","lastModifiedDate":"2026-01-29T22:00:18","isFullCredit":false},{"lineNumber":16,"author":{"gitId":"codefuul"},"content":"        System.out.println(\"Hello from\\n\" + logo);","lastModifiedDate":"2026-01-29T22:34:51","isFullCredit":false},{"lineNumber":17,"author":{"gitId":"codefuul"},"content":"        System.out.println(\"____________________________________________________________\");","lastModifiedDate":"2026-01-29T22:34:51","isFullCredit":false},{"lineNumber":18,"author":{"gitId":"codefuul"},"content":"        System.out.println(\"Hello! I\u0027m Jeffry.\");","lastModifiedDate":"2026-01-29T22:00:18","isFullCredit":false},{"lineNumber":19,"author":{"gitId":"codefuul"},"content":"        System.out.println(\"What can I do for you?\");","lastModifiedDate":"2026-01-29T22:00:18","isFullCredit":false},{"lineNumber":20,"author":{"gitId":"codefuul"},"content":"        System.out.println(\"____________________________________________________________\");","lastModifiedDate":"2026-01-29T22:34:51","isFullCredit":false},{"lineNumber":21,"author":{"gitId":"codefuul"},"content":"","lastModifiedDate":"2026-01-29T22:34:51","isFullCredit":false},{"lineNumber":22,"author":{"gitId":"codefuul"},"content":"        Scanner scanner \u003d new Scanner(System.in);","lastModifiedDate":"2026-01-29T22:34:51","isFullCredit":false},{"lineNumber":23,"author":{"gitId":"codefuul"},"content":"        String userInput;","lastModifiedDate":"2026-01-29T22:23:18","isFullCredit":false},{"lineNumber":24,"author":{"gitId":"codefuul"},"content":"","lastModifiedDate":"2026-01-29T22:34:51","isFullCredit":false},{"lineNumber":25,"author":{"gitId":"codefuul"},"content":"        while (true) {","lastModifiedDate":"2026-01-29T22:23:18","isFullCredit":false},{"lineNumber":26,"author":{"gitId":"codefuul"},"content":"            userInput \u003d scanner.nextLine();","lastModifiedDate":"2026-01-29T22:23:18","isFullCredit":false},{"lineNumber":27,"author":{"gitId":"codefuul"},"content":"            System.out.println(\"____________________________________________________________\");","lastModifiedDate":"2026-01-29T23:08:49","isFullCredit":false},{"lineNumber":28,"author":{"gitId":"codefuul"},"content":"","lastModifiedDate":"2026-01-29T22:34:51","isFullCredit":false},{"lineNumber":29,"author":{"gitId":"codefuul"},"content":"            if (userInput.equals(\"bye\")) {","lastModifiedDate":"2026-01-29T22:23:18","isFullCredit":false},{"lineNumber":30,"author":{"gitId":"codefuul"},"content":"                break;","lastModifiedDate":"2026-01-29T22:23:18","isFullCredit":false},{"lineNumber":31,"author":{"gitId":"codefuul"},"content":"            } else if (userInput.equals(\"list\")) {","lastModifiedDate":"2026-01-29T22:34:51","isFullCredit":false},{"lineNumber":32,"author":{"gitId":"codefuul"},"content":"                System.out.println(\"Here are the tasks in your list:\");","lastModifiedDate":"2026-01-29T23:08:49","isFullCredit":false},{"lineNumber":33,"author":{"gitId":"codefuul"},"content":"                for (int i \u003d 0; i \u003c taskCount; i++) {","lastModifiedDate":"2026-01-29T22:34:51","isFullCredit":false},{"lineNumber":34,"author":{"gitId":"codefuul"},"content":"                    // Polymorphism in action: Java calls the toString()","lastModifiedDate":"2026-02-02T22:19:41","isFullCredit":false},{"lineNumber":35,"author":{"gitId":"codefuul"},"content":"                    // of the specific child class (Todo, Deadline, or Event)","lastModifiedDate":"2026-02-02T22:19:41","isFullCredit":false},{"lineNumber":36,"author":{"gitId":"codefuul"},"content":"                    System.out.println((i + 1) + \".\" + tasks[i].toString());","lastModifiedDate":"2026-01-29T23:08:49","isFullCredit":false},{"lineNumber":37,"author":{"gitId":"codefuul"},"content":"                }","lastModifiedDate":"2026-01-29T22:34:51","isFullCredit":false},{"lineNumber":38,"author":{"gitId":"codefuul"},"content":"","lastModifiedDate":"2026-01-29T23:08:49","isFullCredit":false},{"lineNumber":39,"author":{"gitId":"codefuul"},"content":"            } else if (userInput.startsWith(\"mark\")) {","lastModifiedDate":"2026-01-29T23:08:49","isFullCredit":false},{"lineNumber":40,"author":{"gitId":"codefuul"},"content":"                int index \u003d Integer.parseInt(userInput.split(\" \")[1]) - 1;","lastModifiedDate":"2026-02-02T22:19:41","isFullCredit":false},{"lineNumber":41,"author":{"gitId":"codefuul"},"content":"                tasks[index].markAsDone();","lastModifiedDate":"2026-02-02T22:19:41","isFullCredit":false},{"lineNumber":42,"author":{"gitId":"codefuul"},"content":"                System.out.println(\"Nice! I\u0027ve marked this task as done:\");","lastModifiedDate":"2026-01-29T23:08:49","isFullCredit":false},{"lineNumber":43,"author":{"gitId":"codefuul"},"content":"                System.out.println(\"  \" + tasks[index]);","lastModifiedDate":"2026-02-02T22:19:41","isFullCredit":false},{"lineNumber":44,"author":{"gitId":"codefuul"},"content":"","lastModifiedDate":"2026-01-29T23:08:49","isFullCredit":false},{"lineNumber":45,"author":{"gitId":"codefuul"},"content":"            } else if (userInput.startsWith(\"unmark\")) {","lastModifiedDate":"2026-01-29T23:08:49","isFullCredit":false},{"lineNumber":46,"author":{"gitId":"codefuul"},"content":"                int index \u003d Integer.parseInt(userInput.split(\" \")[1]) - 1;","lastModifiedDate":"2026-02-02T22:19:41","isFullCredit":false},{"lineNumber":47,"author":{"gitId":"codefuul"},"content":"                tasks[index].markAsNotDone();","lastModifiedDate":"2026-02-02T22:19:41","isFullCredit":false},{"lineNumber":48,"author":{"gitId":"codefuul"},"content":"                System.out.println(\"OK, I\u0027ve marked this task as not done yet:\");","lastModifiedDate":"2026-01-29T23:08:49","isFullCredit":false},{"lineNumber":49,"author":{"gitId":"codefuul"},"content":"                System.out.println(\"  \" + tasks[index]);","lastModifiedDate":"2026-02-02T22:19:41","isFullCredit":false},{"lineNumber":50,"author":{"gitId":"codefuul"},"content":"","lastModifiedDate":"2026-01-29T22:34:51","isFullCredit":false},{"lineNumber":51,"author":{"gitId":"codefuul"},"content":"            } else if (userInput.startsWith(\"todo\")) {","lastModifiedDate":"2026-02-02T22:19:41","isFullCredit":false},{"lineNumber":52,"author":{"gitId":"codefuul"},"content":"                String description \u003d userInput.substring(5);","lastModifiedDate":"2026-02-02T22:19:41","isFullCredit":false},{"lineNumber":53,"author":{"gitId":"codefuul"},"content":"                tasks[taskCount] \u003d new Todo(description);","lastModifiedDate":"2026-02-02T22:19:41","isFullCredit":false},{"lineNumber":54,"author":{"gitId":"codefuul"},"content":"                taskCount++;","lastModifiedDate":"2026-01-29T22:34:51","isFullCredit":false},{"lineNumber":55,"author":{"gitId":"codefuul"},"content":"                printAddedTask(tasks[taskCount - 1], taskCount);","lastModifiedDate":"2026-02-02T22:19:41","isFullCredit":false},{"lineNumber":56,"author":{"gitId":"codefuul"},"content":"","lastModifiedDate":"2026-01-29T22:34:51","isFullCredit":false},{"lineNumber":57,"author":{"gitId":"codefuul"},"content":"            } else if (userInput.startsWith(\"deadline\")) {","lastModifiedDate":"2026-02-02T22:19:41","isFullCredit":false},{"lineNumber":58,"author":{"gitId":"codefuul"},"content":"                String[] parts \u003d userInput.substring(9).split(\" /by \");","lastModifiedDate":"2026-02-02T22:19:41","isFullCredit":false},{"lineNumber":59,"author":{"gitId":"codefuul"},"content":"                tasks[taskCount] \u003d new Deadline(parts[0], parts[1]);","lastModifiedDate":"2026-02-02T22:19:41","isFullCredit":false},{"lineNumber":60,"author":{"gitId":"codefuul"},"content":"                taskCount++;","lastModifiedDate":"2026-02-02T22:19:41","isFullCredit":false},{"lineNumber":61,"author":{"gitId":"codefuul"},"content":"                printAddedTask(tasks[taskCount - 1], taskCount);","lastModifiedDate":"2026-02-02T22:19:41","isFullCredit":false},{"lineNumber":62,"author":{"gitId":"codefuul"},"content":"","lastModifiedDate":"2026-02-02T22:19:41","isFullCredit":false},{"lineNumber":63,"author":{"gitId":"codefuul"},"content":"            } else if (userInput.startsWith(\"event\")) {","lastModifiedDate":"2026-02-02T22:19:41","isFullCredit":false},{"lineNumber":64,"author":{"gitId":"codefuul"},"content":"                String[] parts \u003d userInput.substring(6).split(\" /from \");","lastModifiedDate":"2026-02-02T22:19:41","isFullCredit":false},{"lineNumber":65,"author":{"gitId":"codefuul"},"content":"                String description \u003d parts[0];","lastModifiedDate":"2026-02-02T22:19:41","isFullCredit":false},{"lineNumber":66,"author":{"gitId":"codefuul"},"content":"                String[] times \u003d parts[1].split(\" /to \");","lastModifiedDate":"2026-02-02T22:19:41","isFullCredit":false},{"lineNumber":67,"author":{"gitId":"codefuul"},"content":"                tasks[taskCount] \u003d new Event(description, times[0], times[1]);","lastModifiedDate":"2026-02-02T22:19:41","isFullCredit":false},{"lineNumber":68,"author":{"gitId":"codefuul"},"content":"                taskCount++;","lastModifiedDate":"2026-02-02T22:19:41","isFullCredit":false},{"lineNumber":69,"author":{"gitId":"codefuul"},"content":"                printAddedTask(tasks[taskCount - 1], taskCount);","lastModifiedDate":"2026-02-02T22:19:41","isFullCredit":false},{"lineNumber":70,"author":{"gitId":"codefuul"},"content":"            }","lastModifiedDate":"2026-01-29T22:23:18","isFullCredit":false},{"lineNumber":71,"author":{"gitId":"codefuul"},"content":"","lastModifiedDate":"2026-01-29T22:34:51","isFullCredit":false},{"lineNumber":72,"author":{"gitId":"codefuul"},"content":"            System.out.println(\"____________________________________________________________\");","lastModifiedDate":"2026-01-29T22:34:51","isFullCredit":false},{"lineNumber":73,"author":{"gitId":"codefuul"},"content":"        }","lastModifiedDate":"2026-01-29T23:08:49","isFullCredit":false},{"lineNumber":74,"author":{"gitId":"codefuul"},"content":"        System.out.println(\"Bye. Hope to see you again soon!\");","lastModifiedDate":"2026-01-29T22:34:51","isFullCredit":false},{"lineNumber":75,"author":{"gitId":"codefuul"},"content":"        System.out.println(\"____________________________________________________________\");","lastModifiedDate":"2026-01-29T22:34:51","isFullCredit":false},{"lineNumber":76,"author":{"gitId":"codefuul"},"content":"    }","lastModifiedDate":"2026-01-29T22:00:18","isFullCredit":false},{"lineNumber":77,"author":{"gitId":"codefuul"},"content":"","lastModifiedDate":"2026-02-02T22:19:41","isFullCredit":false},{"lineNumber":78,"author":{"gitId":"codefuul"},"content":"    public static void printAddedTask(Task task, int count) {","lastModifiedDate":"2026-02-02T22:19:41","isFullCredit":false},{"lineNumber":79,"author":{"gitId":"codefuul"},"content":"        System.out.println(\"Got it. I\u0027ve added this task:\");","lastModifiedDate":"2026-02-02T22:19:41","isFullCredit":false},{"lineNumber":80,"author":{"gitId":"codefuul"},"content":"        System.out.println(\"  \" + task.toString());","lastModifiedDate":"2026-02-02T22:19:41","isFullCredit":false},{"lineNumber":81,"author":{"gitId":"codefuul"},"content":"        System.out.println(\"Now you have \" + count + \" tasks in the list.\");","lastModifiedDate":"2026-02-02T22:19:41","isFullCredit":false},{"lineNumber":82,"author":{"gitId":"codefuul"},"content":"    }","lastModifiedDate":"2026-02-02T22:19:41","isFullCredit":false},{"lineNumber":83,"author":{"gitId":"codefuul"},"content":"}","lastModifiedDate":"2026-01-29T22:00:18","isFullCredit":false}],"authorContributionMap":{"codefuul":83}},{"path":"src/main/java/Task.java","fileType":"java","lines":[{"lineNumber":1,"author":{"gitId":"codefuul"},"content":"public class Task {","lastModifiedDate":"2026-01-29T23:08:49","isFullCredit":false},{"lineNumber":2,"author":{"gitId":"codefuul"},"content":"    protected String description;","lastModifiedDate":"2026-01-29T23:08:49","isFullCredit":false},{"lineNumber":3,"author":{"gitId":"codefuul"},"content":"    protected boolean isDone;","lastModifiedDate":"2026-01-29T23:08:49","isFullCredit":false},{"lineNumber":4,"author":{"gitId":"codefuul"},"content":"","lastModifiedDate":"2026-01-29T23:08:49","isFullCredit":false},{"lineNumber":5,"author":{"gitId":"codefuul"},"content":"    public Task(String description) {","lastModifiedDate":"2026-01-29T23:08:49","isFullCredit":false},{"lineNumber":6,"author":{"gitId":"codefuul"},"content":"        this.description \u003d description;","lastModifiedDate":"2026-01-29T23:08:49","isFullCredit":false},{"lineNumber":7,"author":{"gitId":"codefuul"},"content":"        this.isDone \u003d false;","lastModifiedDate":"2026-01-29T23:08:49","isFullCredit":false},{"lineNumber":8,"author":{"gitId":"codefuul"},"content":"    }","lastModifiedDate":"2026-01-29T23:08:49","isFullCredit":false},{"lineNumber":9,"author":{"gitId":"codefuul"},"content":"","lastModifiedDate":"2026-01-29T23:08:49","isFullCredit":false},{"lineNumber":10,"author":{"gitId":"codefuul"},"content":"    public String getStatusIcon() {","lastModifiedDate":"2026-01-29T23:08:49","isFullCredit":false},{"lineNumber":11,"author":{"gitId":"codefuul"},"content":"        return (isDone ? \"X\" : \" \"); // mark done task with X","lastModifiedDate":"2026-02-02T22:19:41","isFullCredit":false},{"lineNumber":12,"author":{"gitId":"codefuul"},"content":"    }","lastModifiedDate":"2026-01-29T23:08:49","isFullCredit":false},{"lineNumber":13,"author":{"gitId":"codefuul"},"content":"","lastModifiedDate":"2026-01-29T23:08:49","isFullCredit":false},{"lineNumber":14,"author":{"gitId":"codefuul"},"content":"    public void markAsDone() {","lastModifiedDate":"2026-01-29T23:08:49","isFullCredit":false},{"lineNumber":15,"author":{"gitId":"codefuul"},"content":"        this.isDone \u003d true;","lastModifiedDate":"2026-01-29T23:08:49","isFullCredit":false},{"lineNumber":16,"author":{"gitId":"codefuul"},"content":"    }","lastModifiedDate":"2026-01-29T23:08:49","isFullCredit":false},{"lineNumber":17,"author":{"gitId":"codefuul"},"content":"","lastModifiedDate":"2026-01-29T23:08:49","isFullCredit":false},{"lineNumber":18,"author":{"gitId":"codefuul"},"content":"    public void markAsNotDone() {","lastModifiedDate":"2026-01-29T23:08:49","isFullCredit":false},{"lineNumber":19,"author":{"gitId":"codefuul"},"content":"        this.isDone \u003d false;","lastModifiedDate":"2026-01-29T23:08:49","isFullCredit":false},{"lineNumber":20,"author":{"gitId":"codefuul"},"content":"    }","lastModifiedDate":"2026-01-29T23:08:49","isFullCredit":false},{"lineNumber":21,"author":{"gitId":"codefuul"},"content":"","lastModifiedDate":"2026-01-29T23:08:49","isFullCredit":false},{"lineNumber":22,"author":{"gitId":"codefuul"},"content":"    public String toString() {","lastModifiedDate":"2026-01-29T23:08:49","isFullCredit":false},{"lineNumber":23,"author":{"gitId":"codefuul"},"content":"        return \"[\" + this.getStatusIcon() + \"] \" + this.description;","lastModifiedDate":"2026-01-29T23:08:49","isFullCredit":false},{"lineNumber":24,"author":{"gitId":"codefuul"},"content":"    }","lastModifiedDate":"2026-01-29T23:08:49","isFullCredit":false},{"lineNumber":25,"author":{"gitId":"codefuul"},"content":"}","lastModifiedDate":"2026-01-29T23:08:49","isFullCredit":false}],"authorContributionMap":{"codefuul":25}},{"path":"src/main/java/Todo.java","fileType":"java","lines":[{"lineNumber":1,"author":{"gitId":"codefuul"},"content":"public class Todo extends Task {","lastModifiedDate":"2026-02-02T22:19:41","isFullCredit":false},{"lineNumber":2,"author":{"gitId":"codefuul"},"content":"","lastModifiedDate":"2026-02-02T22:19:41","isFullCredit":false},{"lineNumber":3,"author":{"gitId":"codefuul"},"content":"    public Todo(String description) {","lastModifiedDate":"2026-02-02T22:19:41","isFullCredit":false},{"lineNumber":4,"author":{"gitId":"codefuul"},"content":"        super(description);","lastModifiedDate":"2026-02-02T22:19:41","isFullCredit":false},{"lineNumber":5,"author":{"gitId":"codefuul"},"content":"    }","lastModifiedDate":"2026-02-02T22:19:41","isFullCredit":false},{"lineNumber":6,"author":{"gitId":"codefuul"},"content":"","lastModifiedDate":"2026-02-02T22:19:41","isFullCredit":false},{"lineNumber":7,"author":{"gitId":"codefuul"},"content":"    @Override","lastModifiedDate":"2026-02-02T22:19:41","isFullCredit":false},{"lineNumber":8,"author":{"gitId":"codefuul"},"content":"    public String toString() {","lastModifiedDate":"2026-02-02T22:19:41","isFullCredit":false},{"lineNumber":9,"author":{"gitId":"codefuul"},"content":"        return \"[T]\" + super.toString();","lastModifiedDate":"2026-02-02T22:19:41","isFullCredit":false},{"lineNumber":10,"author":{"gitId":"codefuul"},"content":"    }","lastModifiedDate":"2026-02-02T22:19:41","isFullCredit":false},{"lineNumber":11,"author":{"gitId":"codefuul"},"content":"}","lastModifiedDate":"2026-02-02T22:19:41","isFullCredit":false}],"authorContributionMap":{"codefuul":11}}]
