{"authorDailyContributionsMap":{"codefuul":[{"date":"2026-01-29T00:00:00","commitResults":[{"hash":"e2054fe2d77364483b76a6f6bea08e07298664a9","isMergeCommit":false,"messageTitle":"Echo user input","messageBody":"","fileTypesAndContributionMap":{"java":{"insertions":27,"deletions":10}}},{"hash":"6acc934ce3aa69acf7d4212bc3b7e93597d75ecf","isMergeCommit":false,"messageTitle":"Changed chatbot name. Greets user and exits","messageBody":"","tags":["Level-0"],"fileTypesAndContributionMap":{"java":{"insertions":0,"deletions":7}}},{"hash":"c6c054845165abe0d3fa38552e56a0e59df9c837","isMergeCommit":false,"messageTitle":"Chatbot echoes user and terminates when user types bye","messageBody":"","tags":["Level-1"],"fileTypesAndContributionMap":{"java":{"insertions":12,"deletions":3}}},{"hash":"955d720f684cf40dfa91fb51ea225e9ed6295454","isMergeCommit":false,"messageTitle":"Add the ability to store whatever text entered by the user and display them back to the user when requested.","messageBody":"","tags":["level-2"],"fileTypesAndContributionMap":{"java":{"insertions":34,"deletions":11}}},{"hash":"457f9d813994d56de760bcb05b5c49dbe58780e5","isMergeCommit":false,"messageTitle":"Add the ability to mark tasks as done and add the ability to change the status back to not done.","messageBody":"","tags":["level-3"],"fileTypesAndContributionMap":{"java":{"insertions":56,"deletions":10}}}]}]},"authorFileTypeContributionMap":{"codefuul":{"java":98,"md":0,"fxml":0,"sh":0,"bat":0,"gradle":0,"txt":0}},"authorContributionVariance":{"codefuul":1310.6575},"authorDisplayNameMap":{"codefuul":"CS2113-W11-2 LEON..YANG"}}
