{"authorDailyContributionsMap":{"jainamashah":[{"date":"2026-01-23T00:00:00","commitResults":[{"hash":"7a97232ddbcee5dbb9774c5f702e2d52560793c1","isMergeCommit":false,"messageTitle":"Jaanu.java: Rename from Duke and revise greeting message","messageBody":"","tags":["Level-0"],"fileTypesAndContributionMap":{"java":{"insertions":11,"deletions":10},"bat":{"insertions":1,"deletions":1},"md":{"insertions":3,"deletions":3}}}]},{"date":"2026-01-25T00:00:00","commitResults":[{"hash":"0f362b9364ead79f2c45025276d863c83b10f956","isMergeCommit":false,"messageTitle":"Jaanu.java: Personalize chatbot and add input functionality","messageBody":"","tags":["Level-1"],"fileTypesAndContributionMap":{"java":{"insertions":19,"deletions":7}}},{"hash":"6611d62ba0fc902b25cdd178031c76bf6b17fec8","isMergeCommit":false,"messageTitle":"Jaanu.java: Add manageTasks functionality and refactor code - Chatbot can now store tasks when inputted by user. - Chatbot responds to \u0027list\u0027 command by listing all tasks inputted by   user. - Refactor code to use OOP by adding printGreeting, printBye, printList   to ensure readibility and better debugging.","messageBody":"","tags":["Level-2"],"fileTypesAndContributionMap":{"java":{"insertions":43,"deletions":9}}},{"hash":"11c4c6455e9cb66c16e802616fe49b37cd221d91","isMergeCommit":false,"messageTitle":"Jaanu.java: Add mark and unmark functionality so users can track progress","messageBody":"","fileTypesAndContributionMap":{"java":{"insertions":37,"deletions":5}}},{"hash":"51645fba5d3c62325f29196081017d643fda6bc4","isMergeCommit":false,"messageTitle":"Refactor code to use Task class to represent task list","messageBody":"","tags":["Level-3"],"fileTypesAndContributionMap":{"java":{"insertions":34,"deletions":21}}}]},{"date":"2026-02-01T00:00:00","commitResults":[{"hash":"627842fbf24805241db2fe32a5a3e7cfa0f14156","isMergeCommit":false,"messageTitle":"Refactor code to comply with A-CodingStandard","messageBody":"- Reformatted code to follow the coding standard guidelines\n- Updated variable naming conventions for consistency\n- Adjusted indentation and spacing throughout codebase\n- Ensured method and class structures align with standard requirements\n","fileTypesAndContributionMap":{"java":{"insertions":30,"deletions":35}}},{"hash":"aea161cfc257bb54820d33dc5a2220f2983a8c01","isMergeCommit":false,"messageTitle":"Add support for ToDo, Event, and Deadline tasks","messageBody":"- Implemented three task classes: ToDo, Event, and Deadline\n- ToDo: tasks without date/time attachment\n- Event: tasks with start and end date/time\n- Deadline: tasks with a due date/time\n- Updated task creation and storage to handle different task types\n","fileTypesAndContributionMap":{"java":{"insertions":183,"deletions":59}}},{"hash":"fc01e0caf7fca03140e409784c0acfa7821e9eb6","isMergeCommit":false,"messageTitle":"Fix minor bugs","messageBody":"","tags":["Level-4"],"fileTypesAndContributionMap":{"java":{"insertions":1,"deletions":2}}},{"hash":"4679fea8e62d7b32327732bd9d4f96772756a49d","isMergeCommit":false,"messageTitle":"Add ui testing functionality","messageBody":"","tags":["A-TextUiTesting"],"fileTypesAndContributionMap":{"txt":{"insertions":5,"deletions":0},"bat":{"insertions":17,"deletions":0}}}]},{"date":"2026-02-03T00:00:00","commitResults":[{"hash":"6974dbe4697a6ea983c3cc2659ade523889ce077","isMergeCommit":false,"messageTitle":"Refactor the code to follow object-oriented design principles by improving modularity and encapsulation","messageBody":"","tags":["A-CodeQuality"],"fileTypesAndContributionMap":{"java":{"insertions":140,"deletions":133}}}]},{"date":"2026-02-08T00:00:00","commitResults":[{"hash":"4ae05d1ae79badc78ab3a2ebce6de80a4a07bf7b","isMergeCommit":false,"messageTitle":"Add JaanuException class","messageBody":"","fileTypesAndContributionMap":{"java":{"insertions":4,"deletions":0}}},{"hash":"be01e13c8e613cadfac0d1c8fd1691e302459e7a","isMergeCommit":false,"messageTitle":"Add print error message capabilities in JaanuException class","messageBody":"","fileTypesAndContributionMap":{"java":{"insertions":4,"deletions":3}}},{"hash":"6df5d465c3421d01a5626a7b4278bd2ebc09f48b","isMergeCommit":false,"messageTitle":"Add comprehensive error handling for user input validation","messageBody":"Implement JaanuException custom exception class to handle all possible\nerror cases with specific, user-friendly error messages. Enhanced input\nvalidation across all commands with detailed feedback and usage examples.\n\nChanges:\n- Validate empty descriptions for todo/deadline/event commands\n- Validate mark/unmark commands (missing index, invalid number, out of range)\n- Check for already marked/unmarked tasks to prevent redundant operations\n- Validate deadline must include date with \"/\" separator\n- Validate event must include both start and end times\n- Handle empty input and unknown commands with helpful messages\n- Add error check for empty list display\n- Add error check for full task list (MAX_TASKS limit)\n- Provide usage examples in error messages for better UX\n","tags":["A-Exceptions"],"fileTypesAndContributionMap":{"java":{"insertions":149,"deletions":43}}},{"hash":"591e6e5581d799fa2f3be68bed3931a5105a52ce","isMergeCommit":true,"messageTitle":"Merge branch \u0027branch-Level-5\u0027","messageBody":"","tags":["Level-5"],"fileTypesAndContributionMap":{}},{"hash":"74c81c2d0c761b88d00b2d5fae6b68149ec0ed64","isMergeCommit":false,"messageTitle":"Divide the classes into packages for better organization","messageBody":"","fileTypesAndContributionMap":{"java":{"insertions":3,"deletions":1}}},{"hash":"8bdabe7c4ccd4d15d450a6367bcaf76bb1b63606","isMergeCommit":false,"messageTitle":"Divide the classes into packages for better organization (again)","messageBody":"","fileTypesAndContributionMap":{"java":{"insertions":22,"deletions":6}}},{"hash":"a4da32c6333fd352e9ffd624e9d5e0628f990406","isMergeCommit":true,"messageTitle":"Merge branch \u0027A-Packages\u0027","messageBody":"","tags":["A-Packages"],"fileTypesAndContributionMap":{}}]}]},"authorFileTypeContributionMap":{"jainamashah":{"java":356,"md":3,"fxml":0,"sh":0,"bat":18,"gradle":0,"txt":5}},"authorContributionVariance":{"jainamashah":7622.09},"authorDisplayNameMap":{"jainamashah":"CS2113-F14-4 SHAH..AMIT"}}
