{"authorDailyContributionsMap":{"KrishnaBajaj1506":[{"date":"2026-01-23T00:00:00","commitResults":[{"hash":"e6362ce453f304b751c6def94aba3c43abed469a","isMergeCommit":false,"messageTitle":"Implement level 0 Rename, greet, exit","messageBody":"","tags":["Level-0"],"fileTypesAndContributionMap":{"java":{"insertions":7,"deletions":10}}}]},{"date":"2026-01-27T00:00:00","commitResults":[{"hash":"0a3f01b66d8117014e6825d0dc93c2ea2b0b6fb3","isMergeCommit":false,"messageTitle":"Implement Level 1: Echo functionality","messageBody":"","tags":["Level-1"],"fileTypesAndContributionMap":{"java":{"insertions":21,"deletions":1}}},{"hash":"4b2e34bed67f99628a59cd0e9c00428cc27b7bef","isMergeCommit":false,"messageTitle":"Implement Level 2: Add and List","messageBody":"","tags":["Level-2"],"fileTypesAndContributionMap":{"java":{"insertions":49,"deletions":27}}}]},{"date":"2026-02-02T00:00:00","commitResults":[{"hash":"cc075c91a9c0e60b43f7007b25c96d74fb98a266","isMergeCommit":false,"messageTitle":"Align codebase coding standards","messageBody":"","fileTypesAndContributionMap":{"java":{"insertions":41,"deletions":4}}},{"hash":"24943b82034a8b5ef2e4744b3101acac58604724","isMergeCommit":false,"messageTitle":"Align codebase coding standards","messageBody":"","tags":["A-CodingStandard"],"fileTypesAndContributionMap":{"java":{"insertions":55,"deletions":30}}}]},{"date":"2026-02-04T00:00:00","commitResults":[{"hash":"a21e6076cbed7b0bc78862dadd95f1e36ae11bef","isMergeCommit":false,"messageTitle":"Implement Level 4: Add Todo, Deadline, Event and Refactor","messageBody":"","tags":["Level-4"],"fileTypesAndContributionMap":{"java":{"insertions":265,"deletions":48}}}]}]},"authorFileTypeContributionMap":{"KrishnaBajaj1506":{"java":328,"md":0,"fxml":0,"sh":0,"bat":0,"gradle":0,"txt":0}},"authorContributionVariance":{"KrishnaBajaj1506":4193.704},"authorDisplayNameMap":{"KrishnaBajaj1506":"CS2113-F14-1 BAJA..SHNA"}}
