{"authorDailyContributionsMap":{"yiweitoh44":[{"date":"2026-01-26T00:00:00","commitResults":[{"hash":"6d9d055dd56bef66a6422d41688355950aac97c9","isMergeCommit":false,"messageTitle":"Level-0: Rename Duke to Zack and add greeting and exit","messageBody":"","fileTypesAndContributionMap":{"java":{"insertions":9,"deletions":10}}},{"hash":"dbb17542f04a4240cd49dc47df5e0c6115bf4171","isMergeCommit":false,"messageTitle":"Level-1: Echo user input and exit on bye","messageBody":"","fileTypesAndContributionMap":{"java":{"insertions":15,"deletions":2}}},{"hash":"ef683fec3b5acf6331ee5dbd96cd35290dbbcbdb","isMergeCommit":false,"messageTitle":"Level-2: Add tasks, list tasks, and exit on bye","messageBody":"","fileTypesAndContributionMap":{"java":{"insertions":11,"deletions":2}}},{"hash":"16b69af04245299bd9353a9ff3a25be2d6df66b3","isMergeCommit":false,"messageTitle":"Level-3: Mark and unmark tasks using Task class","messageBody":"","fileTypesAndContributionMap":{"java":{"insertions":45,"deletions":3}}}]}]},"authorFileTypeContributionMap":{"yiweitoh44":{"java":73,"md":0,"fxml":0,"sh":0,"bat":0,"gradle":0,"txt":0}},"authorContributionVariance":{"yiweitoh44":493.68213},"authorDisplayNameMap":{"yiweitoh44":"CS2113-W11-1 TOH .. WEI"}}
