[{"path":"src/main/java/Echo.java","fileType":"java","lines":[{"lineNumber":1,"author":{"gitId":"elliotjohnwu"},"content":"import java.util.Scanner;","lastModifiedDate":"2026-01-29T13:22:17","isFullCredit":false},{"lineNumber":2,"author":{"gitId":"elliotjohnwu"},"content":"","lastModifiedDate":"2026-01-29T13:22:17","isFullCredit":false},{"lineNumber":3,"author":{"gitId":"elliotjohnwu"},"content":"public class Echo {","lastModifiedDate":"2026-01-29T13:22:17","isFullCredit":false},{"lineNumber":4,"author":{"gitId":"elliotjohnwu"},"content":"","lastModifiedDate":"2026-01-29T13:22:17","isFullCredit":false},{"lineNumber":5,"author":{"gitId":"elliotjohnwu"},"content":"    public static void startEcho() {","lastModifiedDate":"2026-01-29T13:22:17","isFullCredit":false},{"lineNumber":6,"author":{"gitId":"elliotjohnwu"},"content":"        String line;","lastModifiedDate":"2026-01-29T13:22:17","isFullCredit":false},{"lineNumber":7,"author":{"gitId":"elliotjohnwu"},"content":"        Scanner in \u003d new Scanner(System.in);","lastModifiedDate":"2026-01-29T13:22:17","isFullCredit":false},{"lineNumber":8,"author":{"gitId":"elliotjohnwu"},"content":"","lastModifiedDate":"2026-01-29T13:22:17","isFullCredit":false},{"lineNumber":9,"author":{"gitId":"elliotjohnwu"},"content":"        //boolean isBye \u003d false;","lastModifiedDate":"2026-01-29T18:06:15","isFullCredit":false},{"lineNumber":10,"author":{"gitId":"elliotjohnwu"},"content":"        Task[] tasks \u003d new Task[100];","lastModifiedDate":"2026-01-29T18:06:15","isFullCredit":false},{"lineNumber":11,"author":{"gitId":"elliotjohnwu"},"content":"        int taskCounter \u003d 0;","lastModifiedDate":"2026-01-29T18:06:15","isFullCredit":false},{"lineNumber":12,"author":{"gitId":"elliotjohnwu"},"content":"","lastModifiedDate":"2026-01-29T13:22:17","isFullCredit":false},{"lineNumber":13,"author":{"gitId":"elliotjohnwu"},"content":"        while (true) {","lastModifiedDate":"2026-01-29T18:06:15","isFullCredit":false},{"lineNumber":14,"author":{"gitId":"elliotjohnwu"},"content":"            line \u003d in.nextLine();","lastModifiedDate":"2026-01-29T13:22:17","isFullCredit":false},{"lineNumber":15,"author":{"gitId":"elliotjohnwu"},"content":"            //end echo","lastModifiedDate":"2026-01-29T18:06:15","isFullCredit":false},{"lineNumber":16,"author":{"gitId":"elliotjohnwu"},"content":"            if (line.equalsIgnoreCase(\"bye\")) {","lastModifiedDate":"2026-01-29T13:22:17","isFullCredit":false},{"lineNumber":17,"author":{"gitId":"elliotjohnwu"},"content":"                //isBye \u003d true;","lastModifiedDate":"2026-01-29T18:06:15","isFullCredit":false},{"lineNumber":18,"author":{"gitId":"elliotjohnwu"},"content":"                System.out.println(Jellyfish.space);","lastModifiedDate":"2026-01-29T13:22:17","isFullCredit":false},{"lineNumber":19,"author":{"gitId":"elliotjohnwu"},"content":"                break;","lastModifiedDate":"2026-01-29T18:06:15","isFullCredit":false},{"lineNumber":20,"author":{"gitId":"elliotjohnwu"},"content":"","lastModifiedDate":"2026-01-29T14:16:37","isFullCredit":false},{"lineNumber":21,"author":{"gitId":"elliotjohnwu"},"content":"            }","lastModifiedDate":"2026-01-29T18:06:15","isFullCredit":false},{"lineNumber":22,"author":{"gitId":"elliotjohnwu"},"content":"            //full list","lastModifiedDate":"2026-01-29T18:06:15","isFullCredit":false},{"lineNumber":23,"author":{"gitId":"elliotjohnwu"},"content":"            if (taskCounter \u003e\u003d99) {","lastModifiedDate":"2026-01-29T18:06:15","isFullCredit":false},{"lineNumber":24,"author":{"gitId":"elliotjohnwu"},"content":"                //isBye \u003d true;","lastModifiedDate":"2026-01-29T18:06:15","isFullCredit":false},{"lineNumber":25,"author":{"gitId":"elliotjohnwu"},"content":"                System.out.println(Jellyfish.space);","lastModifiedDate":"2026-01-29T14:16:37","isFullCredit":false},{"lineNumber":26,"author":{"gitId":"elliotjohnwu"},"content":"                break;","lastModifiedDate":"2026-01-29T14:16:37","isFullCredit":false},{"lineNumber":27,"author":{"gitId":"elliotjohnwu"},"content":"            }","lastModifiedDate":"2026-01-29T18:06:15","isFullCredit":false},{"lineNumber":28,"author":{"gitId":"elliotjohnwu"},"content":"            //call list","lastModifiedDate":"2026-01-29T18:06:15","isFullCredit":false},{"lineNumber":29,"author":{"gitId":"elliotjohnwu"},"content":"            if (line.equalsIgnoreCase(\"list\")) {","lastModifiedDate":"2026-01-29T18:06:15","isFullCredit":false},{"lineNumber":30,"author":{"gitId":"elliotjohnwu"},"content":"                for (int i \u003d 1; i \u003c\u003d taskCounter; i++ ) {","lastModifiedDate":"2026-01-29T18:06:15","isFullCredit":false},{"lineNumber":31,"author":{"gitId":"elliotjohnwu"},"content":"                    System.out.println(Integer.toString(i) + \".\" + tasks[i-1].toStringWithMarking());","lastModifiedDate":"2026-01-29T18:06:15","isFullCredit":false},{"lineNumber":32,"author":{"gitId":"elliotjohnwu"},"content":"                }","lastModifiedDate":"2026-01-29T14:16:37","isFullCredit":false},{"lineNumber":33,"author":{"gitId":"elliotjohnwu"},"content":"                System.out.println(\"\\n\" + Jellyfish.space);","lastModifiedDate":"2026-01-29T14:16:37","isFullCredit":false},{"lineNumber":34,"author":{"gitId":"elliotjohnwu"},"content":"                continue;","lastModifiedDate":"2026-01-29T18:06:15","isFullCredit":false},{"lineNumber":35,"author":{"gitId":"elliotjohnwu"},"content":"            }","lastModifiedDate":"2026-01-29T18:06:15","isFullCredit":false},{"lineNumber":36,"author":{"gitId":"elliotjohnwu"},"content":"            //marking","lastModifiedDate":"2026-01-29T18:06:15","isFullCredit":false},{"lineNumber":37,"author":{"gitId":"elliotjohnwu"},"content":"            if (line.contains((\"mark\"))) { //change to line.substring(0,5)  start with mark/unmark","lastModifiedDate":"2026-01-29T18:06:15","isFullCredit":false},{"lineNumber":38,"author":{"gitId":"elliotjohnwu"},"content":"                int markedPosition \u003d 0;","lastModifiedDate":"2026-01-29T18:06:15","isFullCredit":false},{"lineNumber":39,"author":{"gitId":"elliotjohnwu"},"content":"                String text \u003d line.trim().toLowerCase();","lastModifiedDate":"2026-01-29T18:06:15","isFullCredit":false},{"lineNumber":40,"author":{"gitId":"elliotjohnwu"},"content":"                if (text.startsWith(\"unmark\")) {","lastModifiedDate":"2026-01-29T18:06:15","isFullCredit":false},{"lineNumber":41,"author":{"gitId":"elliotjohnwu"},"content":"                    markedPosition \u003d Integer.parseInt(line.substring(7)) - 1;","lastModifiedDate":"2026-01-29T18:06:15","isFullCredit":false},{"lineNumber":42,"author":{"gitId":"elliotjohnwu"},"content":"                    tasks[markedPosition].markNotDone();","lastModifiedDate":"2026-01-29T18:06:15","isFullCredit":false},{"lineNumber":43,"author":{"gitId":"elliotjohnwu"},"content":"                    //tasks[markedPosition-1] \u003d \"[ ] \" + tasks[markedPosition-1].substring(4);","lastModifiedDate":"2026-01-29T18:06:15","isFullCredit":false},{"lineNumber":44,"author":{"gitId":"elliotjohnwu"},"content":"                    System.out.println(\"not done :(\\n\" + Integer.toString(markedPosition+1) + \". \" + tasks[markedPosition].toStringWithMarking());","lastModifiedDate":"2026-01-29T18:06:15","isFullCredit":false},{"lineNumber":45,"author":{"gitId":"elliotjohnwu"},"content":"","lastModifiedDate":"2026-01-29T15:00:31","isFullCredit":false},{"lineNumber":46,"author":{"gitId":"elliotjohnwu"},"content":"                } else if (text.startsWith(\"mark\")) {","lastModifiedDate":"2026-01-29T18:06:15","isFullCredit":false},{"lineNumber":47,"author":{"gitId":"elliotjohnwu"},"content":"                    markedPosition \u003d Integer.parseInt(line.substring(5)) - 1;","lastModifiedDate":"2026-01-29T18:06:15","isFullCredit":false},{"lineNumber":48,"author":{"gitId":"elliotjohnwu"},"content":"                    tasks[markedPosition].markDone();","lastModifiedDate":"2026-01-29T18:06:15","isFullCredit":false},{"lineNumber":49,"author":{"gitId":"elliotjohnwu"},"content":"                    //tasks[markedPosition-1] \u003d \"[X] \" + tasks[markedPosition].substring(4);","lastModifiedDate":"2026-01-29T18:06:15","isFullCredit":false},{"lineNumber":50,"author":{"gitId":"elliotjohnwu"},"content":"                    System.out.println(\"done :)\\n\" + Integer.toString(markedPosition+1) + \". \" + tasks[markedPosition].toStringWithMarking());","lastModifiedDate":"2026-01-29T18:06:15","isFullCredit":false},{"lineNumber":51,"author":{"gitId":"elliotjohnwu"},"content":"                } //ERROR CASE FOR IF OUT OF BOUNDS (NO INTEGER AFTER (UN)MARK)","lastModifiedDate":"2026-01-29T18:06:15","isFullCredit":false},{"lineNumber":52,"author":{"gitId":"elliotjohnwu"},"content":"                continue;","lastModifiedDate":"2026-01-29T18:06:15","isFullCredit":false},{"lineNumber":53,"author":{"gitId":"elliotjohnwu"},"content":"            }","lastModifiedDate":"2026-01-29T13:22:17","isFullCredit":false},{"lineNumber":54,"author":{"gitId":"elliotjohnwu"},"content":"            tasks[taskCounter] \u003d new Task(line);","lastModifiedDate":"2026-01-29T18:06:15","isFullCredit":false},{"lineNumber":55,"author":{"gitId":"elliotjohnwu"},"content":"            System.out.println(\"added: \" + tasks[taskCounter].toStringWithMarking() + \"\\n\" + Jellyfish.space);","lastModifiedDate":"2026-01-29T18:06:15","isFullCredit":false},{"lineNumber":56,"author":{"gitId":"elliotjohnwu"},"content":"            taskCounter++;","lastModifiedDate":"2026-01-29T18:06:15","isFullCredit":false},{"lineNumber":57,"author":{"gitId":"elliotjohnwu"},"content":"        }","lastModifiedDate":"2026-01-29T13:22:17","isFullCredit":false},{"lineNumber":58,"author":{"gitId":"elliotjohnwu"},"content":"    }","lastModifiedDate":"2026-01-29T13:22:17","isFullCredit":false},{"lineNumber":59,"author":{"gitId":"elliotjohnwu"},"content":"}","lastModifiedDate":"2026-01-29T13:22:17","isFullCredit":false}],"authorContributionMap":{"elliotjohnwu":59}},{"path":"src/main/java/Jellyfish.java","fileType":"java","lines":[{"lineNumber":1,"author":{"gitId":"elliotjohnwu"},"content":"import java.util.Scanner;","lastModifiedDate":"2026-01-29T13:22:17","isFullCredit":false},{"lineNumber":2,"author":{"gitId":"elliotjohnwu"},"content":"","lastModifiedDate":"2026-01-29T13:22:17","isFullCredit":false},{"lineNumber":3,"author":{"gitId":"elliotjohnwu"},"content":"public class Jellyfish {","lastModifiedDate":"2026-01-29T13:22:17","isFullCredit":false},{"lineNumber":4,"author":{"gitId":"elliotjohnwu"},"content":"    public static final String space \u003d \"____________________________________________________________\\n\";","lastModifiedDate":"2026-01-29T13:22:17","isFullCredit":false},{"lineNumber":5,"author":{"gitId":"elliotjohnwu"},"content":"","lastModifiedDate":"2026-01-29T13:22:17","isFullCredit":false},{"lineNumber":6,"author":{"gitId":"elliotjohnwu"},"content":"    public static void main(String[] args) {","lastModifiedDate":"2026-01-29T13:22:17","isFullCredit":false},{"lineNumber":7,"author":{"gitId":"elliotjohnwu"},"content":"        /*String logo \u003d \" ____        _        \\n\"","lastModifiedDate":"2026-01-29T13:22:17","isFullCredit":false},{"lineNumber":8,"author":{"gitId":"elliotjohnwu"},"content":"                + \"|  _ \\\\ _   _| | _____ \\n\"","lastModifiedDate":"2026-01-29T13:22:17","isFullCredit":false},{"lineNumber":9,"author":{"gitId":"elliotjohnwu"},"content":"                + \"| | | | | | | |/ / _ \\\\\\n\"","lastModifiedDate":"2026-01-29T13:22:17","isFullCredit":false},{"lineNumber":10,"author":{"gitId":"elliotjohnwu"},"content":"                + \"| |_| | |_| |   \u003c  __/\\n\"","lastModifiedDate":"2026-01-29T13:22:17","isFullCredit":false},{"lineNumber":11,"author":{"gitId":"elliotjohnwu"},"content":"                + \"|____/ \\\\__,_|_|\\\\_\\\\___|\\n\";*/","lastModifiedDate":"2026-01-29T13:22:17","isFullCredit":false},{"lineNumber":12,"author":{"gitId":"elliotjohnwu"},"content":"        //System.out.println(\"Hello from\\n\" + logo);","lastModifiedDate":"2026-01-29T13:22:17","isFullCredit":false},{"lineNumber":13,"author":{"gitId":"elliotjohnwu"},"content":"        String name \u003d \"Jellyfish\\n\";","lastModifiedDate":"2026-01-29T13:22:17","isFullCredit":false},{"lineNumber":14,"author":{"gitId":"elliotjohnwu"},"content":"        String greeting \u003d \"Hi, need help?\\n\";","lastModifiedDate":"2026-01-29T13:22:17","isFullCredit":false},{"lineNumber":15,"author":{"gitId":"elliotjohnwu"},"content":"        System.out.println(\"Hello, I\u0027m \" + name + greeting + space);","lastModifiedDate":"2026-01-29T13:22:17","isFullCredit":false},{"lineNumber":16,"author":{"gitId":"elliotjohnwu"},"content":"","lastModifiedDate":"2026-01-29T13:22:17","isFullCredit":false},{"lineNumber":17,"author":{"gitId":"elliotjohnwu"},"content":"        Echo.startEcho();","lastModifiedDate":"2026-01-29T13:22:17","isFullCredit":false},{"lineNumber":18,"author":{"gitId":"elliotjohnwu"},"content":"","lastModifiedDate":"2026-01-29T13:22:17","isFullCredit":false},{"lineNumber":19,"author":{"gitId":"elliotjohnwu"},"content":"        String farewell \u003d \"Byebye. Dont die\\n\";","lastModifiedDate":"2026-01-29T13:22:17","isFullCredit":false},{"lineNumber":20,"author":{"gitId":"elliotjohnwu"},"content":"        System.out.println(farewell + space);","lastModifiedDate":"2026-01-29T13:22:17","isFullCredit":false},{"lineNumber":21,"author":{"gitId":"elliotjohnwu"},"content":"","lastModifiedDate":"2026-01-29T13:22:17","isFullCredit":false},{"lineNumber":22,"author":{"gitId":"elliotjohnwu"},"content":"","lastModifiedDate":"2026-01-29T13:22:17","isFullCredit":false},{"lineNumber":23,"author":{"gitId":"elliotjohnwu"},"content":"    }","lastModifiedDate":"2026-01-29T13:22:17","isFullCredit":false},{"lineNumber":24,"author":{"gitId":"elliotjohnwu"},"content":"}","lastModifiedDate":"2026-01-29T13:22:17","isFullCredit":false}],"authorContributionMap":{"elliotjohnwu":24}},{"path":"src/main/java/Task.java","fileType":"java","lines":[{"lineNumber":1,"author":{"gitId":"elliotjohnwu"},"content":"public class Task {","lastModifiedDate":"2026-01-29T18:06:15","isFullCredit":false},{"lineNumber":2,"author":{"gitId":"elliotjohnwu"},"content":"    protected String description;","lastModifiedDate":"2026-01-29T18:06:15","isFullCredit":false},{"lineNumber":3,"author":{"gitId":"elliotjohnwu"},"content":"    protected boolean isDone;","lastModifiedDate":"2026-01-29T18:06:15","isFullCredit":false},{"lineNumber":4,"author":{"gitId":"elliotjohnwu"},"content":"","lastModifiedDate":"2026-01-29T18:06:15","isFullCredit":false},{"lineNumber":5,"author":{"gitId":"elliotjohnwu"},"content":"    public Task(String description) {","lastModifiedDate":"2026-01-29T18:06:15","isFullCredit":false},{"lineNumber":6,"author":{"gitId":"elliotjohnwu"},"content":"        this.description \u003d description;","lastModifiedDate":"2026-01-29T18:06:15","isFullCredit":false},{"lineNumber":7,"author":{"gitId":"elliotjohnwu"},"content":"        this.isDone \u003d false;","lastModifiedDate":"2026-01-29T18:06:15","isFullCredit":false},{"lineNumber":8,"author":{"gitId":"elliotjohnwu"},"content":"    }","lastModifiedDate":"2026-01-29T18:06:15","isFullCredit":false},{"lineNumber":9,"author":{"gitId":"elliotjohnwu"},"content":"","lastModifiedDate":"2026-01-29T18:06:15","isFullCredit":false},{"lineNumber":10,"author":{"gitId":"elliotjohnwu"},"content":"    public void markDone() {","lastModifiedDate":"2026-01-29T18:06:15","isFullCredit":false},{"lineNumber":11,"author":{"gitId":"elliotjohnwu"},"content":"        isDone \u003d true;","lastModifiedDate":"2026-01-29T18:06:15","isFullCredit":false},{"lineNumber":12,"author":{"gitId":"elliotjohnwu"},"content":"    }","lastModifiedDate":"2026-01-29T18:06:15","isFullCredit":false},{"lineNumber":13,"author":{"gitId":"elliotjohnwu"},"content":"","lastModifiedDate":"2026-01-29T18:06:15","isFullCredit":false},{"lineNumber":14,"author":{"gitId":"elliotjohnwu"},"content":"    public void markNotDone() {","lastModifiedDate":"2026-01-29T18:06:15","isFullCredit":false},{"lineNumber":15,"author":{"gitId":"elliotjohnwu"},"content":"        isDone \u003d false;","lastModifiedDate":"2026-01-29T18:06:15","isFullCredit":false},{"lineNumber":16,"author":{"gitId":"elliotjohnwu"},"content":"    }","lastModifiedDate":"2026-01-29T18:06:15","isFullCredit":false},{"lineNumber":17,"author":{"gitId":"elliotjohnwu"},"content":"","lastModifiedDate":"2026-01-29T18:06:15","isFullCredit":false},{"lineNumber":18,"author":{"gitId":"elliotjohnwu"},"content":"    public String getStatusIcon() {","lastModifiedDate":"2026-01-29T18:06:15","isFullCredit":false},{"lineNumber":19,"author":{"gitId":"elliotjohnwu"},"content":"        return isDone ? \"X\" : \" \";","lastModifiedDate":"2026-01-29T18:06:15","isFullCredit":false},{"lineNumber":20,"author":{"gitId":"elliotjohnwu"},"content":"    }","lastModifiedDate":"2026-01-29T18:06:15","isFullCredit":false},{"lineNumber":21,"author":{"gitId":"elliotjohnwu"},"content":"","lastModifiedDate":"2026-01-29T18:06:15","isFullCredit":false},{"lineNumber":22,"author":{"gitId":"elliotjohnwu"},"content":"    public String toStringWithMarking() {","lastModifiedDate":"2026-01-29T18:06:15","isFullCredit":false},{"lineNumber":23,"author":{"gitId":"elliotjohnwu"},"content":"        return \"[\" + getStatusIcon() + \"] \" + description;","lastModifiedDate":"2026-01-29T18:06:15","isFullCredit":false},{"lineNumber":24,"author":{"gitId":"elliotjohnwu"},"content":"    }","lastModifiedDate":"2026-01-29T18:06:15","isFullCredit":false},{"lineNumber":25,"author":{"gitId":"elliotjohnwu"},"content":"}","lastModifiedDate":"2026-01-29T18:06:15","isFullCredit":false},{"lineNumber":26,"author":{"gitId":"elliotjohnwu"},"content":"","lastModifiedDate":"2026-01-29T18:06:15","isFullCredit":false}],"authorContributionMap":{"elliotjohnwu":26}}]
