{"authorDailyContributionsMap":{"Javierseow":[{"date":"2026-01-25T00:00:00","commitResults":[{"hash":"968aa72832a93419a9e873bac8f720a1bd52895d","isMergeCommit":false,"messageTitle":"Rename chatbot; add greetings","messageBody":"","fileTypesAndContributionMap":{"java":{"insertions":10,"deletions":10},"bat":{"insertions":1,"deletions":1},"md":{"insertions":3,"deletions":3}}}]},{"date":"2026-01-29T00:00:00","commitResults":[{"hash":"07383595d60a9c13cefd87c8b523002e0c1969c8","isMergeCommit":false,"messageTitle":"Remove horizontal lines","messageBody":"","tags":["Level-0"],"fileTypesAndContributionMap":{"java":{"insertions":0,"deletions":3}}},{"hash":"ed61b0611c809af17c6507caf4712601d30bb090","isMergeCommit":false,"messageTitle":"Add echo","messageBody":"","fileTypesAndContributionMap":{"java":{"insertions":8,"deletions":0}}},{"hash":"73ac179578c43c59699a8da1708b7d9934b525b8","isMergeCommit":false,"messageTitle":"Fix bug regarding bye input","messageBody":"Jackson bot incorrectly echoes the \"bye\" input if it was\nthe very first input received. Improve bot to not echo bye\ninputs in all cases.\n","tags":["Level-1"],"fileTypesAndContributionMap":{"java":{"insertions":6,"deletions":5}}},{"hash":"599afe26ac4314e8f252b12fabfa747927d1d509","isMergeCommit":false,"messageTitle":"Add list function","messageBody":"","tags":["Level-2"],"fileTypesAndContributionMap":{"java":{"insertions":25,"deletions":4}}}]},{"date":"2026-01-30T00:00:00","commitResults":[{"hash":"2bbe6c304699105c301b490cfacde06c93055f55","isMergeCommit":false,"messageTitle":"Add mark and unmark options","messageBody":"","fileTypesAndContributionMap":{"java":{"insertions":63,"deletions":9}}}]},{"date":"2026-02-01T00:00:00","commitResults":[{"hash":"315af6d7ef01aea18d8873f87d4a87f171ad47c8","isMergeCommit":false,"messageTitle":"Add mark unmark readbacks","messageBody":"","tags":["Level-3","A-CodingStandard"],"fileTypesAndContributionMap":{"java":{"insertions":2,"deletions":0}}}]}]},"authorFileTypeContributionMap":{"Javierseow":{"java":93,"md":3,"fxml":0,"sh":0,"bat":1,"gradle":0,"txt":0}},"authorContributionVariance":{"Javierseow":316.56772},"authorDisplayNameMap":{"Javierseow":"CS2113-F09-1 SEOW..VIER"}}
