[{"path":"src/main/java/HarryBotter/CommandHandler.java","fileType":"java","lines":[{"lineNumber":1,"author":{"gitId":"matheuczx"},"content":"package HarryBotter;","lastModifiedDate":"2026-02-10T17:35:23","isFullCredit":false},{"lineNumber":2,"author":{"gitId":"matheuczx"},"content":"","lastModifiedDate":"2026-02-10T17:35:23","isFullCredit":false},{"lineNumber":3,"author":{"gitId":"matheuczx"},"content":"import HarryBotter.UI.UserInterface;","lastModifiedDate":"2026-02-10T17:35:23","isFullCredit":false},{"lineNumber":4,"author":{"gitId":"matheuczx"},"content":"","lastModifiedDate":"2026-02-10T17:35:23","isFullCredit":false},{"lineNumber":5,"author":{"gitId":"matheuczx"},"content":"public class CommandHandler {","lastModifiedDate":"2026-02-02T23:33:52","isFullCredit":false},{"lineNumber":6,"author":{"gitId":"matheuczx"},"content":"    private TaskManager manager;","lastModifiedDate":"2026-02-02T23:33:52","isFullCredit":false},{"lineNumber":7,"author":{"gitId":"matheuczx"},"content":"    private UserInterface userInterface;","lastModifiedDate":"2026-02-02T23:33:52","isFullCredit":false},{"lineNumber":8,"author":{"gitId":"matheuczx"},"content":"","lastModifiedDate":"2026-02-02T23:33:52","isFullCredit":false},{"lineNumber":9,"author":{"gitId":"matheuczx"},"content":"    public CommandHandler(TaskManager manager, UserInterface userInterface){","lastModifiedDate":"2026-02-02T23:33:52","isFullCredit":false},{"lineNumber":10,"author":{"gitId":"matheuczx"},"content":"        this.manager \u003d  manager;","lastModifiedDate":"2026-02-02T23:33:52","isFullCredit":false},{"lineNumber":11,"author":{"gitId":"matheuczx"},"content":"        this.userInterface \u003d userInterface;","lastModifiedDate":"2026-02-02T23:33:52","isFullCredit":false},{"lineNumber":12,"author":{"gitId":"matheuczx"},"content":"    }","lastModifiedDate":"2026-02-02T23:33:52","isFullCredit":false},{"lineNumber":13,"author":{"gitId":"matheuczx"},"content":"","lastModifiedDate":"2026-02-02T23:33:52","isFullCredit":false},{"lineNumber":14,"author":{"gitId":"matheuczx"},"content":"    public boolean handleInput(String input){","lastModifiedDate":"2026-02-02T23:33:52","isFullCredit":false},{"lineNumber":15,"author":{"gitId":"matheuczx"},"content":"        input \u003d input.toLowerCase();","lastModifiedDate":"2026-02-02T23:33:52","isFullCredit":false},{"lineNumber":16,"author":{"gitId":"matheuczx"},"content":"","lastModifiedDate":"2026-02-02T23:33:52","isFullCredit":false},{"lineNumber":17,"author":{"gitId":"matheuczx"},"content":"        try{","lastModifiedDate":"2026-02-10T16:19:18","isFullCredit":false},{"lineNumber":18,"author":{"gitId":"matheuczx"},"content":"            if(input.equals(\"list\")){","lastModifiedDate":"2026-02-02T23:33:52","isFullCredit":false},{"lineNumber":19,"author":{"gitId":"matheuczx"},"content":"                manager.listTasks();","lastModifiedDate":"2026-02-02T23:33:52","isFullCredit":false},{"lineNumber":20,"author":{"gitId":"matheuczx"},"content":"            }","lastModifiedDate":"2026-02-02T23:33:52","isFullCredit":false},{"lineNumber":21,"author":{"gitId":"matheuczx"},"content":"            else if(input.equals(\"bye\")){","lastModifiedDate":"2026-02-02T23:33:52","isFullCredit":false},{"lineNumber":22,"author":{"gitId":"matheuczx"},"content":"                return true;","lastModifiedDate":"2026-02-02T23:33:52","isFullCredit":false},{"lineNumber":23,"author":{"gitId":"matheuczx"},"content":"            }","lastModifiedDate":"2026-02-02T23:33:52","isFullCredit":false},{"lineNumber":24,"author":{"gitId":"matheuczx"},"content":"            else if(input.startsWith(\"mark\")){","lastModifiedDate":"2026-02-02T23:33:52","isFullCredit":false},{"lineNumber":25,"author":{"gitId":"matheuczx"},"content":"                handleMark(input);","lastModifiedDate":"2026-02-02T23:33:52","isFullCredit":false},{"lineNumber":26,"author":{"gitId":"matheuczx"},"content":"            }","lastModifiedDate":"2026-02-02T23:33:52","isFullCredit":false},{"lineNumber":27,"author":{"gitId":"matheuczx"},"content":"            else if(input.startsWith(\"unmark\")){","lastModifiedDate":"2026-02-02T23:33:52","isFullCredit":false},{"lineNumber":28,"author":{"gitId":"matheuczx"},"content":"                handleUnmark(input);","lastModifiedDate":"2026-02-02T23:33:52","isFullCredit":false},{"lineNumber":29,"author":{"gitId":"matheuczx"},"content":"            }","lastModifiedDate":"2026-02-02T23:33:52","isFullCredit":false},{"lineNumber":30,"author":{"gitId":"matheuczx"},"content":"            else{","lastModifiedDate":"2026-02-02T23:33:52","isFullCredit":false},{"lineNumber":31,"author":{"gitId":"matheuczx"},"content":"                manager.addTask(input);","lastModifiedDate":"2026-02-02T23:33:52","isFullCredit":false},{"lineNumber":32,"author":{"gitId":"matheuczx"},"content":"            }","lastModifiedDate":"2026-02-02T23:33:52","isFullCredit":false},{"lineNumber":33,"author":{"gitId":"matheuczx"},"content":"        } catch (HarryBotterException e){","lastModifiedDate":"2026-02-10T16:19:18","isFullCredit":false},{"lineNumber":34,"author":{"gitId":"matheuczx"},"content":"            userInterface.showError(e.getMessage());","lastModifiedDate":"2026-02-10T16:19:18","isFullCredit":false},{"lineNumber":35,"author":{"gitId":"matheuczx"},"content":"        }","lastModifiedDate":"2026-02-10T16:19:18","isFullCredit":false},{"lineNumber":36,"author":{"gitId":"matheuczx"},"content":"","lastModifiedDate":"2026-02-10T16:19:18","isFullCredit":false},{"lineNumber":37,"author":{"gitId":"matheuczx"},"content":"        return false;","lastModifiedDate":"2026-02-02T23:33:52","isFullCredit":false},{"lineNumber":38,"author":{"gitId":"matheuczx"},"content":"    }","lastModifiedDate":"2026-02-02T23:33:52","isFullCredit":false},{"lineNumber":39,"author":{"gitId":"matheuczx"},"content":"","lastModifiedDate":"2026-02-02T23:33:52","isFullCredit":false},{"lineNumber":40,"author":{"gitId":"matheuczx"},"content":"    private void handleUnmark(String input){","lastModifiedDate":"2026-02-02T23:33:52","isFullCredit":false},{"lineNumber":41,"author":{"gitId":"matheuczx"},"content":"        try {","lastModifiedDate":"2026-02-02T23:33:52","isFullCredit":false},{"lineNumber":42,"author":{"gitId":"matheuczx"},"content":"            int taskIndex \u003d Integer.parseInt(input.split(\" \")[1]);","lastModifiedDate":"2026-02-02T23:33:52","isFullCredit":false},{"lineNumber":43,"author":{"gitId":"matheuczx"},"content":"            manager.unmarkTask(taskIndex-1);","lastModifiedDate":"2026-02-02T23:33:52","isFullCredit":false},{"lineNumber":44,"author":{"gitId":"matheuczx"},"content":"        } catch(Exception e){","lastModifiedDate":"2026-02-02T23:33:52","isFullCredit":false},{"lineNumber":45,"author":{"gitId":"matheuczx"},"content":"            System.out.println(\"Thats not it. Please provide a valid task number to mark.\");","lastModifiedDate":"2026-02-10T16:19:18","isFullCredit":false},{"lineNumber":46,"author":{"gitId":"matheuczx"},"content":"        }","lastModifiedDate":"2026-02-02T23:33:52","isFullCredit":false},{"lineNumber":47,"author":{"gitId":"matheuczx"},"content":"    }","lastModifiedDate":"2026-02-02T23:33:52","isFullCredit":false},{"lineNumber":48,"author":{"gitId":"matheuczx"},"content":"","lastModifiedDate":"2026-02-02T23:33:52","isFullCredit":false},{"lineNumber":49,"author":{"gitId":"matheuczx"},"content":"    private void handleMark(String input){","lastModifiedDate":"2026-02-02T23:33:52","isFullCredit":false},{"lineNumber":50,"author":{"gitId":"matheuczx"},"content":"        try {","lastModifiedDate":"2026-02-02T23:33:52","isFullCredit":false},{"lineNumber":51,"author":{"gitId":"matheuczx"},"content":"            int taskIndex \u003d Integer.parseInt(input.split(\" \")[1]);","lastModifiedDate":"2026-02-02T23:33:52","isFullCredit":false},{"lineNumber":52,"author":{"gitId":"matheuczx"},"content":"            manager.markTask(taskIndex-1);","lastModifiedDate":"2026-02-02T23:33:52","isFullCredit":false},{"lineNumber":53,"author":{"gitId":"matheuczx"},"content":"        } catch(Exception e){","lastModifiedDate":"2026-02-02T23:33:52","isFullCredit":false},{"lineNumber":54,"author":{"gitId":"matheuczx"},"content":"            System.out.println(\"Thats not it. Please provide a valid task number to mark.\");","lastModifiedDate":"2026-02-10T16:19:18","isFullCredit":false},{"lineNumber":55,"author":{"gitId":"matheuczx"},"content":"        }","lastModifiedDate":"2026-02-02T23:33:52","isFullCredit":false},{"lineNumber":56,"author":{"gitId":"matheuczx"},"content":"    }","lastModifiedDate":"2026-02-02T23:33:52","isFullCredit":false},{"lineNumber":57,"author":{"gitId":"matheuczx"},"content":"}","lastModifiedDate":"2026-02-02T23:33:52","isFullCredit":false}],"authorContributionMap":{"matheuczx":57}},{"path":"src/main/java/HarryBotter/HarryBotter.java","fileType":"java","lines":[{"lineNumber":1,"author":{"gitId":"matheuczx"},"content":"package HarryBotter;","lastModifiedDate":"2026-02-10T17:35:23","isFullCredit":false},{"lineNumber":2,"author":{"gitId":"matheuczx"},"content":"","lastModifiedDate":"2026-02-10T17:35:23","isFullCredit":false},{"lineNumber":3,"author":{"gitId":"matheuczx"},"content":"import HarryBotter.UI.UserInterface;","lastModifiedDate":"2026-02-10T17:35:23","isFullCredit":false},{"lineNumber":4,"author":{"gitId":"matheuczx"},"content":"","lastModifiedDate":"2026-01-29T16:23:06","isFullCredit":false},{"lineNumber":5,"author":{"gitId":"matheuczx"},"content":"/**","lastModifiedDate":"2026-01-29T18:41:52","isFullCredit":false},{"lineNumber":6,"author":{"gitId":"matheuczx"},"content":" * HarryBotter is a simple chatbot","lastModifiedDate":"2026-01-29T18:41:52","isFullCredit":false},{"lineNumber":7,"author":{"gitId":"matheuczx"},"content":" * Features a wannabe British personality.","lastModifiedDate":"2026-01-29T18:41:52","isFullCredit":false},{"lineNumber":8,"author":{"gitId":"matheuczx"},"content":" */","lastModifiedDate":"2026-01-29T18:41:52","isFullCredit":false},{"lineNumber":9,"author":{"gitId":"matheuczx"},"content":"","lastModifiedDate":"2026-01-29T18:41:52","isFullCredit":false},{"lineNumber":10,"author":{"gitId":"matheuczx"},"content":"public class HarryBotter {","lastModifiedDate":"2026-01-29T16:23:06","isFullCredit":false},{"lineNumber":11,"author":{"gitId":"matheuczx"},"content":"    public static void main(String[] args) {","lastModifiedDate":"2026-01-29T16:23:06","isFullCredit":false},{"lineNumber":12,"author":{"gitId":"matheuczx"},"content":"        UserInterface userInterface \u003d new UserInterface();","lastModifiedDate":"2026-02-02T23:33:52","isFullCredit":false},{"lineNumber":13,"author":{"gitId":"matheuczx"},"content":"        TaskManager manager \u003d new TaskManager();","lastModifiedDate":"2026-01-29T17:45:00","isFullCredit":false},{"lineNumber":14,"author":{"gitId":"matheuczx"},"content":"        CommandHandler commandHandler \u003d new CommandHandler(manager, userInterface);","lastModifiedDate":"2026-02-02T23:33:52","isFullCredit":false},{"lineNumber":15,"author":{"gitId":"matheuczx"},"content":"","lastModifiedDate":"2026-02-02T23:33:52","isFullCredit":false},{"lineNumber":16,"author":{"gitId":"matheuczx"},"content":"        userInterface.showWelcome();","lastModifiedDate":"2026-02-02T23:33:52","isFullCredit":false},{"lineNumber":17,"author":{"gitId":"matheuczx"},"content":"","lastModifiedDate":"2026-01-29T17:45:00","isFullCredit":false},{"lineNumber":18,"author":{"gitId":"matheuczx"},"content":"        while(true){","lastModifiedDate":"2026-01-29T16:23:06","isFullCredit":false},{"lineNumber":19,"author":{"gitId":"matheuczx"},"content":"            String input \u003d userInterface.readCommand();","lastModifiedDate":"2026-02-02T23:33:52","isFullCredit":false},{"lineNumber":20,"author":{"gitId":"matheuczx"},"content":"            boolean shouldExit \u003d commandHandler.handleInput(input);","lastModifiedDate":"2026-02-02T23:33:52","isFullCredit":false},{"lineNumber":21,"author":{"gitId":"matheuczx"},"content":"","lastModifiedDate":"2026-02-02T23:33:52","isFullCredit":false},{"lineNumber":22,"author":{"gitId":"matheuczx"},"content":"            if(shouldExit){","lastModifiedDate":"2026-02-02T23:33:52","isFullCredit":false},{"lineNumber":23,"author":{"gitId":"matheuczx"},"content":"                userInterface.showExit();","lastModifiedDate":"2026-02-02T23:33:52","isFullCredit":false},{"lineNumber":24,"author":{"gitId":"matheuczx"},"content":"                break;","lastModifiedDate":"2026-01-29T16:23:06","isFullCredit":false},{"lineNumber":25,"author":{"gitId":"matheuczx"},"content":"            }","lastModifiedDate":"2026-01-29T16:23:06","isFullCredit":false},{"lineNumber":26,"author":{"gitId":"matheuczx"},"content":"        }","lastModifiedDate":"2026-01-29T16:23:06","isFullCredit":false},{"lineNumber":27,"author":{"gitId":"matheuczx"},"content":"    }","lastModifiedDate":"2026-01-29T16:23:06","isFullCredit":false},{"lineNumber":28,"author":{"gitId":"matheuczx"},"content":"}","lastModifiedDate":"2026-01-29T16:23:06","isFullCredit":false}],"authorContributionMap":{"matheuczx":28}},{"path":"src/main/java/HarryBotter/HarryBotterException.java","fileType":"java","lines":[{"lineNumber":1,"author":{"gitId":"matheuczx"},"content":"package HarryBotter;","lastModifiedDate":"2026-02-10T17:35:23","isFullCredit":false},{"lineNumber":2,"author":{"gitId":"matheuczx"},"content":"","lastModifiedDate":"2026-02-10T17:35:23","isFullCredit":false},{"lineNumber":3,"author":{"gitId":"matheuczx"},"content":"public class HarryBotterException extends Exception{","lastModifiedDate":"2026-02-10T16:15:26","isFullCredit":false},{"lineNumber":4,"author":{"gitId":"matheuczx"},"content":"","lastModifiedDate":"2026-02-10T16:15:26","isFullCredit":false},{"lineNumber":5,"author":{"gitId":"matheuczx"},"content":"    public HarryBotterException(String message){","lastModifiedDate":"2026-02-10T16:15:26","isFullCredit":false},{"lineNumber":6,"author":{"gitId":"matheuczx"},"content":"        super(message);","lastModifiedDate":"2026-02-10T16:15:26","isFullCredit":false},{"lineNumber":7,"author":{"gitId":"matheuczx"},"content":"    }","lastModifiedDate":"2026-02-10T16:15:26","isFullCredit":false},{"lineNumber":8,"author":{"gitId":"matheuczx"},"content":"}","lastModifiedDate":"2026-02-10T16:15:26","isFullCredit":false}],"authorContributionMap":{"matheuczx":8}},{"path":"src/main/java/HarryBotter/TaskManager.java","fileType":"java","lines":[{"lineNumber":1,"author":{"gitId":"matheuczx"},"content":"package HarryBotter;","lastModifiedDate":"2026-02-10T17:35:23","isFullCredit":false},{"lineNumber":2,"author":{"gitId":"matheuczx"},"content":"","lastModifiedDate":"2026-02-10T17:35:23","isFullCredit":false},{"lineNumber":3,"author":{"gitId":"matheuczx"},"content":"import HarryBotter.task.Deadline;","lastModifiedDate":"2026-02-10T17:35:23","isFullCredit":false},{"lineNumber":4,"author":{"gitId":"matheuczx"},"content":"import HarryBotter.task.Event;","lastModifiedDate":"2026-02-10T17:35:23","isFullCredit":false},{"lineNumber":5,"author":{"gitId":"matheuczx"},"content":"import HarryBotter.task.Task;","lastModifiedDate":"2026-02-10T17:35:23","isFullCredit":false},{"lineNumber":6,"author":{"gitId":"matheuczx"},"content":"import HarryBotter.task.ToDo;","lastModifiedDate":"2026-02-10T17:35:23","isFullCredit":false},{"lineNumber":7,"author":{"gitId":"matheuczx"},"content":"","lastModifiedDate":"2026-02-10T17:35:23","isFullCredit":false},{"lineNumber":8,"author":{"gitId":"matheuczx"},"content":"/**","lastModifiedDate":"2026-01-29T18:41:52","isFullCredit":false},{"lineNumber":9,"author":{"gitId":"matheuczx"},"content":" * Manages a list of Task objects.","lastModifiedDate":"2026-01-29T18:41:52","isFullCredit":false},{"lineNumber":10,"author":{"gitId":"matheuczx"},"content":" * Supports adding, listing, marking, and unmarking tasks.","lastModifiedDate":"2026-01-29T18:41:52","isFullCredit":false},{"lineNumber":11,"author":{"gitId":"matheuczx"},"content":" */","lastModifiedDate":"2026-01-29T18:41:52","isFullCredit":false},{"lineNumber":12,"author":{"gitId":"matheuczx"},"content":"","lastModifiedDate":"2026-01-29T18:41:52","isFullCredit":false},{"lineNumber":13,"author":{"gitId":"matheuczx"},"content":"public class TaskManager {","lastModifiedDate":"2026-01-29T17:45:00","isFullCredit":false},{"lineNumber":14,"author":{"gitId":"matheuczx"},"content":"    private Task[] tasks;","lastModifiedDate":"2026-02-06T12:05:09","isFullCredit":false},{"lineNumber":15,"author":{"gitId":"matheuczx"},"content":"    private int taskCount;","lastModifiedDate":"2026-01-29T17:45:00","isFullCredit":false},{"lineNumber":16,"author":{"gitId":"matheuczx"},"content":"    private static final int MAX_TASKS \u003d 100;","lastModifiedDate":"2026-02-06T12:05:09","isFullCredit":false},{"lineNumber":17,"author":{"gitId":"matheuczx"},"content":"    private static final String LINE \u003d \"____________________________________________________________\";","lastModifiedDate":"2026-02-06T12:05:09","isFullCredit":false},{"lineNumber":18,"author":{"gitId":"matheuczx"},"content":"","lastModifiedDate":"2026-02-06T12:05:09","isFullCredit":false},{"lineNumber":19,"author":{"gitId":"matheuczx"},"content":"    //constructor","lastModifiedDate":"2026-01-29T18:41:52","isFullCredit":false},{"lineNumber":20,"author":{"gitId":"matheuczx"},"content":"    public TaskManager(){","lastModifiedDate":"2026-01-29T18:41:52","isFullCredit":false},{"lineNumber":21,"author":{"gitId":"matheuczx"},"content":"        this.tasks \u003d new Task[MAX_TASKS];","lastModifiedDate":"2026-02-06T12:05:09","isFullCredit":false},{"lineNumber":22,"author":{"gitId":"matheuczx"},"content":"        this.taskCount \u003d 0;","lastModifiedDate":"2026-01-29T17:45:00","isFullCredit":false},{"lineNumber":23,"author":{"gitId":"matheuczx"},"content":"    }","lastModifiedDate":"2026-01-29T17:45:00","isFullCredit":false},{"lineNumber":24,"author":{"gitId":"matheuczx"},"content":"","lastModifiedDate":"2026-01-29T17:45:00","isFullCredit":false},{"lineNumber":25,"author":{"gitId":"matheuczx"},"content":"    public Task createTask(String taskDescription){","lastModifiedDate":"2026-01-29T17:45:00","isFullCredit":false},{"lineNumber":26,"author":{"gitId":"matheuczx"},"content":"        return new Task(taskDescription);","lastModifiedDate":"2026-01-29T18:41:52","isFullCredit":false},{"lineNumber":27,"author":{"gitId":"matheuczx"},"content":"    }","lastModifiedDate":"2026-01-29T17:45:00","isFullCredit":false},{"lineNumber":28,"author":{"gitId":"matheuczx"},"content":"","lastModifiedDate":"2026-01-29T17:45:00","isFullCredit":false},{"lineNumber":29,"author":{"gitId":"matheuczx"},"content":"    private String[] parseDeadline(String input) {","lastModifiedDate":"2026-02-06T12:05:09","isFullCredit":false},{"lineNumber":30,"author":{"gitId":"matheuczx"},"content":"        return input.split(\" /by \", 2);","lastModifiedDate":"2026-02-06T12:05:09","isFullCredit":false},{"lineNumber":31,"author":{"gitId":"matheuczx"},"content":"    }","lastModifiedDate":"2026-02-06T12:05:09","isFullCredit":false},{"lineNumber":32,"author":{"gitId":"matheuczx"},"content":"","lastModifiedDate":"2026-02-06T12:05:09","isFullCredit":false},{"lineNumber":33,"author":{"gitId":"matheuczx"},"content":"    private String[] parseEvent(String input) throws HarryBotterException{","lastModifiedDate":"2026-02-10T16:19:18","isFullCredit":false},{"lineNumber":34,"author":{"gitId":"matheuczx"},"content":"        if(!input.contains(\" /from\") || !input.contains(\"/to\")){","lastModifiedDate":"2026-02-10T16:19:18","isFullCredit":false},{"lineNumber":35,"author":{"gitId":"matheuczx"},"content":"            throw new HarryBotterException(","lastModifiedDate":"2026-02-10T16:19:18","isFullCredit":false},{"lineNumber":36,"author":{"gitId":"matheuczx"},"content":"                    \"Hey mate, event must be in the format: event \u003cdesc\u003e /from \u003cstart\u003e /to \u003cend\u003e\"","lastModifiedDate":"2026-02-10T16:19:18","isFullCredit":false},{"lineNumber":37,"author":{"gitId":"matheuczx"},"content":"            );","lastModifiedDate":"2026-02-10T16:19:18","isFullCredit":false},{"lineNumber":38,"author":{"gitId":"matheuczx"},"content":"        }","lastModifiedDate":"2026-02-10T16:19:18","isFullCredit":false},{"lineNumber":39,"author":{"gitId":"matheuczx"},"content":"        String[] eventTimeline \u003d input.split(\" /from \", 2);","lastModifiedDate":"2026-02-06T12:05:09","isFullCredit":false},{"lineNumber":40,"author":{"gitId":"matheuczx"},"content":"","lastModifiedDate":"2026-02-10T16:19:18","isFullCredit":false},{"lineNumber":41,"author":{"gitId":"matheuczx"},"content":"        if (eventTimeline.length \u003c 2 || eventTimeline[0].isBlank()) {","lastModifiedDate":"2026-02-10T16:19:18","isFullCredit":false},{"lineNumber":42,"author":{"gitId":"matheuczx"},"content":"            throw new HarryBotterException(\"Hey mate, what event are you adding?\");","lastModifiedDate":"2026-02-10T16:19:18","isFullCredit":false},{"lineNumber":43,"author":{"gitId":"matheuczx"},"content":"        }","lastModifiedDate":"2026-02-10T16:19:18","isFullCredit":false},{"lineNumber":44,"author":{"gitId":"matheuczx"},"content":"","lastModifiedDate":"2026-02-10T16:19:18","isFullCredit":false},{"lineNumber":45,"author":{"gitId":"matheuczx"},"content":"        String[] timelineSplit \u003d eventTimeline[1].split(\" /to \",2);","lastModifiedDate":"2026-02-06T12:05:09","isFullCredit":false},{"lineNumber":46,"author":{"gitId":"matheuczx"},"content":"","lastModifiedDate":"2026-02-10T16:19:18","isFullCredit":false},{"lineNumber":47,"author":{"gitId":"matheuczx"},"content":"        if (timelineSplit.length \u003c 2 || timelineSplit[0].isBlank() || timelineSplit[1].isBlank()) {","lastModifiedDate":"2026-02-10T16:19:18","isFullCredit":false},{"lineNumber":48,"author":{"gitId":"matheuczx"},"content":"            throw new HarryBotterException(","lastModifiedDate":"2026-02-10T16:19:18","isFullCredit":false},{"lineNumber":49,"author":{"gitId":"matheuczx"},"content":"                    \"Yo, when does your event start and end?\"","lastModifiedDate":"2026-02-10T16:19:18","isFullCredit":false},{"lineNumber":50,"author":{"gitId":"matheuczx"},"content":"            );","lastModifiedDate":"2026-02-10T16:19:18","isFullCredit":false},{"lineNumber":51,"author":{"gitId":"matheuczx"},"content":"        }","lastModifiedDate":"2026-02-10T16:19:18","isFullCredit":false},{"lineNumber":52,"author":{"gitId":"matheuczx"},"content":"        return new String[]{eventTimeline[0], timelineSplit[0], timelineSplit[1]};","lastModifiedDate":"2026-02-06T12:05:09","isFullCredit":false},{"lineNumber":53,"author":{"gitId":"matheuczx"},"content":"    }","lastModifiedDate":"2026-02-06T12:05:09","isFullCredit":false},{"lineNumber":54,"author":{"gitId":"matheuczx"},"content":"","lastModifiedDate":"2026-02-06T12:05:09","isFullCredit":false},{"lineNumber":55,"author":{"gitId":"matheuczx"},"content":"    /**","lastModifiedDate":"2026-02-06T12:05:09","isFullCredit":false},{"lineNumber":56,"author":{"gitId":"matheuczx"},"content":"     * Adds a new task to the task list based on the user input.","lastModifiedDate":"2026-02-06T12:05:09","isFullCredit":false},{"lineNumber":57,"author":{"gitId":"matheuczx"},"content":"     * Supports \"todo\", \"deadline\", and \"event\" task types.","lastModifiedDate":"2026-02-06T12:05:09","isFullCredit":false},{"lineNumber":58,"author":{"gitId":"matheuczx"},"content":"     *","lastModifiedDate":"2026-02-06T12:05:09","isFullCredit":false},{"lineNumber":59,"author":{"gitId":"matheuczx"},"content":"     * @param taskInput the input string entered by the user","lastModifiedDate":"2026-02-06T12:05:09","isFullCredit":false},{"lineNumber":60,"author":{"gitId":"matheuczx"},"content":"     */","lastModifiedDate":"2026-02-06T12:05:09","isFullCredit":false},{"lineNumber":61,"author":{"gitId":"matheuczx"},"content":"    public void addTask(String taskInput) throws HarryBotterException{","lastModifiedDate":"2026-02-10T16:19:18","isFullCredit":false},{"lineNumber":62,"author":{"gitId":"matheuczx"},"content":"        if (taskCount \u003e\u003d tasks.length) {","lastModifiedDate":"2026-02-06T12:05:09","isFullCredit":false},{"lineNumber":63,"author":{"gitId":"matheuczx"},"content":"            System.out.println(\"Cannot add more tasks! Maximum reached.\");","lastModifiedDate":"2026-01-29T18:41:52","isFullCredit":false},{"lineNumber":64,"author":{"gitId":"matheuczx"},"content":"            return;","lastModifiedDate":"2026-01-29T18:41:52","isFullCredit":false},{"lineNumber":65,"author":{"gitId":"matheuczx"},"content":"        }","lastModifiedDate":"2026-01-29T18:41:52","isFullCredit":false},{"lineNumber":66,"author":{"gitId":"matheuczx"},"content":"","lastModifiedDate":"2026-02-02T23:33:52","isFullCredit":false},{"lineNumber":67,"author":{"gitId":"matheuczx"},"content":"        Task newTask;","lastModifiedDate":"2026-02-02T23:33:52","isFullCredit":false},{"lineNumber":68,"author":{"gitId":"matheuczx"},"content":"        String[] taskComponents \u003d taskInput.split(\" \",2);","lastModifiedDate":"2026-02-02T23:33:52","isFullCredit":false},{"lineNumber":69,"author":{"gitId":"matheuczx"},"content":"        String taskType \u003d taskComponents[0].toLowerCase();","lastModifiedDate":"2026-02-02T23:33:52","isFullCredit":false},{"lineNumber":70,"author":{"gitId":"matheuczx"},"content":"","lastModifiedDate":"2026-02-02T23:33:52","isFullCredit":false},{"lineNumber":71,"author":{"gitId":"matheuczx"},"content":"        switch (taskType){","lastModifiedDate":"2026-02-02T23:33:52","isFullCredit":false},{"lineNumber":72,"author":{"gitId":"matheuczx"},"content":"        case \"todo\":","lastModifiedDate":"2026-02-02T23:33:52","isFullCredit":false},{"lineNumber":73,"author":{"gitId":"matheuczx"},"content":"            if(taskComponents.length \u003c2 || taskComponents[1].isBlank()){","lastModifiedDate":"2026-02-10T16:19:18","isFullCredit":false},{"lineNumber":74,"author":{"gitId":"matheuczx"},"content":"                throw new HarryBotterException(\"Come on, add a task description mate!\");","lastModifiedDate":"2026-02-10T16:19:18","isFullCredit":false},{"lineNumber":75,"author":{"gitId":"matheuczx"},"content":"            }","lastModifiedDate":"2026-02-02T23:33:52","isFullCredit":false},{"lineNumber":76,"author":{"gitId":"matheuczx"},"content":"            newTask \u003d new ToDo(taskComponents[1]);","lastModifiedDate":"2026-02-02T23:33:52","isFullCredit":false},{"lineNumber":77,"author":{"gitId":"matheuczx"},"content":"            break;","lastModifiedDate":"2026-02-02T23:33:52","isFullCredit":false},{"lineNumber":78,"author":{"gitId":"matheuczx"},"content":"","lastModifiedDate":"2026-02-02T23:33:52","isFullCredit":false},{"lineNumber":79,"author":{"gitId":"matheuczx"},"content":"        case \"deadline\":","lastModifiedDate":"2026-02-02T23:33:52","isFullCredit":false},{"lineNumber":80,"author":{"gitId":"matheuczx"},"content":"            if (taskComponents.length \u003c 2 || taskComponents[1].isBlank()) {","lastModifiedDate":"2026-02-10T16:19:18","isFullCredit":false},{"lineNumber":81,"author":{"gitId":"matheuczx"},"content":"                throw new HarryBotterException(\"M8... the description of a deadline cannot be empty.\");","lastModifiedDate":"2026-02-10T16:19:18","isFullCredit":false},{"lineNumber":82,"author":{"gitId":"matheuczx"},"content":"            }","lastModifiedDate":"2026-02-02T23:33:52","isFullCredit":false},{"lineNumber":83,"author":{"gitId":"matheuczx"},"content":"            String[] deadlineComponents \u003d parseDeadline(taskComponents[1]);","lastModifiedDate":"2026-02-06T12:05:09","isFullCredit":false},{"lineNumber":84,"author":{"gitId":"matheuczx"},"content":"            if (deadlineComponents.length \u003c 2 || deadlineComponents[1].isBlank()) {","lastModifiedDate":"2026-02-10T16:19:18","isFullCredit":false},{"lineNumber":85,"author":{"gitId":"matheuczx"},"content":"                throw new HarryBotterException(\"add a the description or date mate!\");","lastModifiedDate":"2026-02-10T16:19:18","isFullCredit":false},{"lineNumber":86,"author":{"gitId":"matheuczx"},"content":"            }","lastModifiedDate":"2026-02-10T16:19:18","isFullCredit":false},{"lineNumber":87,"author":{"gitId":"matheuczx"},"content":"            newTask  \u003d new Deadline(deadlineComponents[0],deadlineComponents[1]);","lastModifiedDate":"2026-02-02T23:33:52","isFullCredit":false},{"lineNumber":88,"author":{"gitId":"matheuczx"},"content":"            break;","lastModifiedDate":"2026-02-02T23:33:52","isFullCredit":false},{"lineNumber":89,"author":{"gitId":"matheuczx"},"content":"","lastModifiedDate":"2026-02-02T23:33:52","isFullCredit":false},{"lineNumber":90,"author":{"gitId":"matheuczx"},"content":"        case \"event\":","lastModifiedDate":"2026-02-02T23:33:52","isFullCredit":false},{"lineNumber":91,"author":{"gitId":"matheuczx"},"content":"            if (taskComponents.length\u003c2 || !taskComponents[1].contains(\" /from \") || !taskComponents[1].contains(\" /to\")){","lastModifiedDate":"2026-02-02T23:33:52","isFullCredit":false},{"lineNumber":92,"author":{"gitId":"matheuczx"},"content":"                System.out.println(\"Hey man, deadline must be in format: description /from start /to end\");","lastModifiedDate":"2026-02-10T16:19:18","isFullCredit":false},{"lineNumber":93,"author":{"gitId":"matheuczx"},"content":"                return;","lastModifiedDate":"2026-02-02T23:33:52","isFullCredit":false},{"lineNumber":94,"author":{"gitId":"matheuczx"},"content":"            }","lastModifiedDate":"2026-02-02T23:33:52","isFullCredit":false},{"lineNumber":95,"author":{"gitId":"matheuczx"},"content":"            String[] eventParts \u003d parseEvent(taskComponents[1]);","lastModifiedDate":"2026-02-06T12:05:09","isFullCredit":false},{"lineNumber":96,"author":{"gitId":"matheuczx"},"content":"            newTask \u003d new Event(eventParts[0], eventParts[1], eventParts[2]);","lastModifiedDate":"2026-02-06T12:05:09","isFullCredit":false},{"lineNumber":97,"author":{"gitId":"matheuczx"},"content":"            break;","lastModifiedDate":"2026-02-02T23:33:52","isFullCredit":false},{"lineNumber":98,"author":{"gitId":"matheuczx"},"content":"","lastModifiedDate":"2026-02-02T23:33:52","isFullCredit":false},{"lineNumber":99,"author":{"gitId":"matheuczx"},"content":"        default:","lastModifiedDate":"2026-02-02T23:33:52","isFullCredit":false},{"lineNumber":100,"author":{"gitId":"matheuczx"},"content":"            throw new HarryBotterException(","lastModifiedDate":"2026-02-10T16:19:18","isFullCredit":false},{"lineNumber":101,"author":{"gitId":"matheuczx"},"content":"                    \"What did you say? Use todo, deadline, or event. If there\u0027s nothing else, type bye.\"","lastModifiedDate":"2026-02-10T16:19:18","isFullCredit":false},{"lineNumber":102,"author":{"gitId":"matheuczx"},"content":"            );","lastModifiedDate":"2026-02-10T16:19:18","isFullCredit":false},{"lineNumber":103,"author":{"gitId":"matheuczx"},"content":"        }","lastModifiedDate":"2026-02-02T23:33:52","isFullCredit":false},{"lineNumber":104,"author":{"gitId":"matheuczx"},"content":"","lastModifiedDate":"2026-02-02T23:33:52","isFullCredit":false},{"lineNumber":105,"author":{"gitId":"matheuczx"},"content":"        this.tasks[taskCount] \u003d newTask;","lastModifiedDate":"2026-02-06T12:05:09","isFullCredit":false},{"lineNumber":106,"author":{"gitId":"matheuczx"},"content":"        taskCount++;","lastModifiedDate":"2026-01-29T17:45:00","isFullCredit":false},{"lineNumber":107,"author":{"gitId":"matheuczx"},"content":"","lastModifiedDate":"2026-02-02T23:33:52","isFullCredit":false},{"lineNumber":108,"author":{"gitId":"matheuczx"},"content":"        System.out.println(\"Alrighty! Added: \" + System.lineSeparator() + newTask.toString());","lastModifiedDate":"2026-02-02T23:33:52","isFullCredit":false},{"lineNumber":109,"author":{"gitId":"matheuczx"},"content":"    }","lastModifiedDate":"2026-01-29T17:45:00","isFullCredit":false},{"lineNumber":110,"author":{"gitId":"matheuczx"},"content":"","lastModifiedDate":"2026-01-29T17:45:00","isFullCredit":false},{"lineNumber":111,"author":{"gitId":"matheuczx"},"content":"    public void listTasks(){","lastModifiedDate":"2026-01-29T17:45:00","isFullCredit":false},{"lineNumber":112,"author":{"gitId":"matheuczx"},"content":"        System.out.println(\"Here ya go!\");","lastModifiedDate":"2026-01-29T17:45:00","isFullCredit":false},{"lineNumber":113,"author":{"gitId":"matheuczx"},"content":"        System.out.println(LINE);","lastModifiedDate":"2026-02-06T12:05:09","isFullCredit":false},{"lineNumber":114,"author":{"gitId":"matheuczx"},"content":"","lastModifiedDate":"2026-01-29T17:45:00","isFullCredit":false},{"lineNumber":115,"author":{"gitId":"matheuczx"},"content":"        for(int i \u003d 0; i\u003ctaskCount; i++){","lastModifiedDate":"2026-01-29T17:45:00","isFullCredit":false},{"lineNumber":116,"author":{"gitId":"matheuczx"},"content":"            System.out.print(i+1 + \".\" );","lastModifiedDate":"2026-01-29T18:19:16","isFullCredit":false},{"lineNumber":117,"author":{"gitId":"matheuczx"},"content":"            System.out.println(tasks[i].toString());","lastModifiedDate":"2026-02-06T12:05:09","isFullCredit":false},{"lineNumber":118,"author":{"gitId":"matheuczx"},"content":"            System.out.println(LINE);","lastModifiedDate":"2026-02-06T12:05:09","isFullCredit":false},{"lineNumber":119,"author":{"gitId":"matheuczx"},"content":"        }","lastModifiedDate":"2026-01-29T18:19:16","isFullCredit":false},{"lineNumber":120,"author":{"gitId":"matheuczx"},"content":"    }","lastModifiedDate":"2026-01-29T18:19:16","isFullCredit":false},{"lineNumber":121,"author":{"gitId":"matheuczx"},"content":"","lastModifiedDate":"2026-01-29T18:19:16","isFullCredit":false},{"lineNumber":122,"author":{"gitId":"matheuczx"},"content":"    public void markTask(int taskIndex) throws HarryBotterException{","lastModifiedDate":"2026-02-10T16:19:18","isFullCredit":false},{"lineNumber":123,"author":{"gitId":"matheuczx"},"content":"        if (taskIndex\u003c0 || taskIndex \u003e\u003dtaskCount){","lastModifiedDate":"2026-01-29T18:41:52","isFullCredit":false},{"lineNumber":124,"author":{"gitId":"matheuczx"},"content":"            throw new HarryBotterException(\"Invalid task number mate!\");","lastModifiedDate":"2026-02-10T16:19:18","isFullCredit":false},{"lineNumber":125,"author":{"gitId":"matheuczx"},"content":"        }","lastModifiedDate":"2026-01-29T18:41:52","isFullCredit":false},{"lineNumber":126,"author":{"gitId":"matheuczx"},"content":"        this.tasks[taskIndex].updateStatus(true);","lastModifiedDate":"2026-02-06T12:05:09","isFullCredit":false},{"lineNumber":127,"author":{"gitId":"matheuczx"},"content":"        System.out.println(\"OK mate, I\u0027ve marked this task as done!\");","lastModifiedDate":"2026-01-29T18:19:16","isFullCredit":false},{"lineNumber":128,"author":{"gitId":"matheuczx"},"content":"        System.out.println(tasks[taskIndex].toString());","lastModifiedDate":"2026-02-06T12:05:09","isFullCredit":false},{"lineNumber":129,"author":{"gitId":"matheuczx"},"content":"        System.out.println(LINE);","lastModifiedDate":"2026-02-06T12:05:09","isFullCredit":false},{"lineNumber":130,"author":{"gitId":"matheuczx"},"content":"    }","lastModifiedDate":"2026-01-29T17:45:00","isFullCredit":false},{"lineNumber":131,"author":{"gitId":"matheuczx"},"content":"","lastModifiedDate":"2026-01-29T18:19:16","isFullCredit":false},{"lineNumber":132,"author":{"gitId":"matheuczx"},"content":"    public void unmarkTask(int taskIndex) throws HarryBotterException{","lastModifiedDate":"2026-02-10T16:19:18","isFullCredit":false},{"lineNumber":133,"author":{"gitId":"matheuczx"},"content":"        if (taskIndex\u003c0 || taskIndex \u003e\u003dtaskCount){","lastModifiedDate":"2026-01-29T18:41:52","isFullCredit":false},{"lineNumber":134,"author":{"gitId":"matheuczx"},"content":"            throw new HarryBotterException(\"Invalid task number mate!\");","lastModifiedDate":"2026-02-10T16:19:18","isFullCredit":false},{"lineNumber":135,"author":{"gitId":"matheuczx"},"content":"        }","lastModifiedDate":"2026-01-29T18:41:52","isFullCredit":false},{"lineNumber":136,"author":{"gitId":"matheuczx"},"content":"        this.tasks[taskIndex].updateStatus(false);","lastModifiedDate":"2026-02-06T12:05:09","isFullCredit":false},{"lineNumber":137,"author":{"gitId":"matheuczx"},"content":"        System.out.println(\"OK mate, I\u0027ve marked this task as not done yet:\");","lastModifiedDate":"2026-01-29T18:19:16","isFullCredit":false},{"lineNumber":138,"author":{"gitId":"matheuczx"},"content":"        System.out.println(tasks[taskIndex].toString());","lastModifiedDate":"2026-02-06T12:05:09","isFullCredit":false},{"lineNumber":139,"author":{"gitId":"matheuczx"},"content":"        System.out.println(LINE);","lastModifiedDate":"2026-02-06T12:05:09","isFullCredit":false},{"lineNumber":140,"author":{"gitId":"matheuczx"},"content":"    }","lastModifiedDate":"2026-01-29T17:45:00","isFullCredit":false},{"lineNumber":141,"author":{"gitId":"matheuczx"},"content":"}","lastModifiedDate":"2026-01-29T17:45:00","isFullCredit":false}],"authorContributionMap":{"matheuczx":141}},{"path":"src/main/java/HarryBotter/UI/UserInterface.java","fileType":"java","lines":[{"lineNumber":1,"author":{"gitId":"matheuczx"},"content":"package HarryBotter.UI;","lastModifiedDate":"2026-02-10T17:35:23","isFullCredit":false},{"lineNumber":2,"author":{"gitId":"matheuczx"},"content":"import java.util.Scanner;","lastModifiedDate":"2026-02-02T23:33:52","isFullCredit":false},{"lineNumber":3,"author":{"gitId":"matheuczx"},"content":"","lastModifiedDate":"2026-02-02T23:33:52","isFullCredit":false},{"lineNumber":4,"author":{"gitId":"matheuczx"},"content":"public class UserInterface {","lastModifiedDate":"2026-02-02T23:33:52","isFullCredit":false},{"lineNumber":5,"author":{"gitId":"matheuczx"},"content":"    private static final String LINE \u003d","lastModifiedDate":"2026-02-02T23:33:52","isFullCredit":false},{"lineNumber":6,"author":{"gitId":"matheuczx"},"content":"            \"____________________________________________________________\";","lastModifiedDate":"2026-02-02T23:33:52","isFullCredit":false},{"lineNumber":7,"author":{"gitId":"matheuczx"},"content":"","lastModifiedDate":"2026-02-02T23:33:52","isFullCredit":false},{"lineNumber":8,"author":{"gitId":"matheuczx"},"content":"    private final Scanner scanner;","lastModifiedDate":"2026-02-02T23:33:52","isFullCredit":false},{"lineNumber":9,"author":{"gitId":"matheuczx"},"content":"","lastModifiedDate":"2026-02-02T23:33:52","isFullCredit":false},{"lineNumber":10,"author":{"gitId":"matheuczx"},"content":"    //constructor","lastModifiedDate":"2026-02-02T23:33:52","isFullCredit":false},{"lineNumber":11,"author":{"gitId":"matheuczx"},"content":"    public UserInterface(){","lastModifiedDate":"2026-02-02T23:33:52","isFullCredit":false},{"lineNumber":12,"author":{"gitId":"matheuczx"},"content":"        this.scanner \u003d new Scanner(System.in);","lastModifiedDate":"2026-02-02T23:33:52","isFullCredit":false},{"lineNumber":13,"author":{"gitId":"matheuczx"},"content":"    }","lastModifiedDate":"2026-02-02T23:33:52","isFullCredit":false},{"lineNumber":14,"author":{"gitId":"matheuczx"},"content":"","lastModifiedDate":"2026-02-02T23:33:52","isFullCredit":false},{"lineNumber":15,"author":{"gitId":"matheuczx"},"content":"    public void showWelcome() {","lastModifiedDate":"2026-02-02T23:33:52","isFullCredit":false},{"lineNumber":16,"author":{"gitId":"matheuczx"},"content":"        System.out.println(LINE);","lastModifiedDate":"2026-02-02T23:33:52","isFullCredit":false},{"lineNumber":17,"author":{"gitId":"matheuczx"},"content":"        System.out.println(\"Hello! I\u0027m Harry, your loyal chatbot mate!\");","lastModifiedDate":"2026-02-02T23:33:52","isFullCredit":false},{"lineNumber":18,"author":{"gitId":"matheuczx"},"content":"        System.out.println(\"Oi! What can I do for you today?\");","lastModifiedDate":"2026-02-02T23:33:52","isFullCredit":false},{"lineNumber":19,"author":{"gitId":"matheuczx"},"content":"        System.out.println(LINE);","lastModifiedDate":"2026-02-02T23:33:52","isFullCredit":false},{"lineNumber":20,"author":{"gitId":"matheuczx"},"content":"    }","lastModifiedDate":"2026-02-02T23:33:52","isFullCredit":false},{"lineNumber":21,"author":{"gitId":"matheuczx"},"content":"","lastModifiedDate":"2026-02-02T23:33:52","isFullCredit":false},{"lineNumber":22,"author":{"gitId":"matheuczx"},"content":"    public String readCommand() {","lastModifiedDate":"2026-02-02T23:33:52","isFullCredit":false},{"lineNumber":23,"author":{"gitId":"matheuczx"},"content":"        return scanner.nextLine().trim();","lastModifiedDate":"2026-02-02T23:33:52","isFullCredit":false},{"lineNumber":24,"author":{"gitId":"matheuczx"},"content":"    }","lastModifiedDate":"2026-02-02T23:33:52","isFullCredit":false},{"lineNumber":25,"author":{"gitId":"matheuczx"},"content":"","lastModifiedDate":"2026-02-02T23:33:52","isFullCredit":false},{"lineNumber":26,"author":{"gitId":"matheuczx"},"content":"    public void showExit() {","lastModifiedDate":"2026-02-02T23:33:52","isFullCredit":false},{"lineNumber":27,"author":{"gitId":"matheuczx"},"content":"        System.out.println(\"Cheers! I\u0027m off to play some quiddich!\");","lastModifiedDate":"2026-02-02T23:33:52","isFullCredit":false},{"lineNumber":28,"author":{"gitId":"matheuczx"},"content":"        System.out.println(LINE);","lastModifiedDate":"2026-02-02T23:33:52","isFullCredit":false},{"lineNumber":29,"author":{"gitId":"matheuczx"},"content":"    }","lastModifiedDate":"2026-02-02T23:33:52","isFullCredit":false},{"lineNumber":30,"author":{"gitId":"matheuczx"},"content":"","lastModifiedDate":"2026-02-02T23:33:52","isFullCredit":false},{"lineNumber":31,"author":{"gitId":"matheuczx"},"content":"    public void showError(String message) {","lastModifiedDate":"2026-02-02T23:33:52","isFullCredit":false},{"lineNumber":32,"author":{"gitId":"matheuczx"},"content":"        System.out.println(message);","lastModifiedDate":"2026-02-02T23:33:52","isFullCredit":false},{"lineNumber":33,"author":{"gitId":"matheuczx"},"content":"        System.out.println(LINE);","lastModifiedDate":"2026-02-02T23:33:52","isFullCredit":false},{"lineNumber":34,"author":{"gitId":"matheuczx"},"content":"    }","lastModifiedDate":"2026-02-02T23:33:52","isFullCredit":false},{"lineNumber":35,"author":{"gitId":"matheuczx"},"content":"}","lastModifiedDate":"2026-02-02T23:33:52","isFullCredit":false}],"authorContributionMap":{"matheuczx":35}},{"path":"src/main/java/HarryBotter/task/Deadline.java","fileType":"java","lines":[{"lineNumber":1,"author":{"gitId":"matheuczx"},"content":"package HarryBotter.task;","lastModifiedDate":"2026-02-10T17:35:23","isFullCredit":false},{"lineNumber":2,"author":{"gitId":"matheuczx"},"content":"","lastModifiedDate":"2026-02-10T17:35:23","isFullCredit":false},{"lineNumber":3,"author":{"gitId":"matheuczx"},"content":"public class Deadline extends Task{","lastModifiedDate":"2026-02-02T23:33:52","isFullCredit":false},{"lineNumber":4,"author":{"gitId":"matheuczx"},"content":"    private String dueDate;","lastModifiedDate":"2026-02-02T17:28:56","isFullCredit":false},{"lineNumber":5,"author":{"gitId":"matheuczx"},"content":"","lastModifiedDate":"2026-02-02T17:28:56","isFullCredit":false},{"lineNumber":6,"author":{"gitId":"matheuczx"},"content":"    public Deadline(String description, String dueDate){","lastModifiedDate":"2026-02-02T17:28:56","isFullCredit":false},{"lineNumber":7,"author":{"gitId":"matheuczx"},"content":"        super(description);","lastModifiedDate":"2026-02-02T17:28:56","isFullCredit":false},{"lineNumber":8,"author":{"gitId":"matheuczx"},"content":"        this.dueDate \u003d dueDate;","lastModifiedDate":"2026-02-02T17:28:56","isFullCredit":false},{"lineNumber":9,"author":{"gitId":"matheuczx"},"content":"    }","lastModifiedDate":"2026-02-02T17:28:56","isFullCredit":false},{"lineNumber":10,"author":{"gitId":"matheuczx"},"content":"","lastModifiedDate":"2026-02-02T17:28:56","isFullCredit":false},{"lineNumber":11,"author":{"gitId":"matheuczx"},"content":"    @Override","lastModifiedDate":"2026-02-02T17:28:56","isFullCredit":false},{"lineNumber":12,"author":{"gitId":"matheuczx"},"content":"    public String toString() {","lastModifiedDate":"2026-02-02T17:28:56","isFullCredit":false},{"lineNumber":13,"author":{"gitId":"matheuczx"},"content":"        return \"[D]\" + super.toString() + \" (by: \" + this.dueDate + \")\";","lastModifiedDate":"2026-02-02T17:28:56","isFullCredit":false},{"lineNumber":14,"author":{"gitId":"matheuczx"},"content":"    }","lastModifiedDate":"2026-02-02T17:28:56","isFullCredit":false},{"lineNumber":15,"author":{"gitId":"matheuczx"},"content":"}","lastModifiedDate":"2026-02-02T17:28:56","isFullCredit":false}],"authorContributionMap":{"matheuczx":15}},{"path":"src/main/java/HarryBotter/task/Event.java","fileType":"java","lines":[{"lineNumber":1,"author":{"gitId":"matheuczx"},"content":"package HarryBotter.task;","lastModifiedDate":"2026-02-10T17:35:23","isFullCredit":false},{"lineNumber":2,"author":{"gitId":"matheuczx"},"content":"","lastModifiedDate":"2026-02-10T17:35:23","isFullCredit":false},{"lineNumber":3,"author":{"gitId":"matheuczx"},"content":"public class Event extends Task{","lastModifiedDate":"2026-02-02T23:33:52","isFullCredit":false},{"lineNumber":4,"author":{"gitId":"matheuczx"},"content":"    private String startDateTime;","lastModifiedDate":"2026-02-02T17:28:56","isFullCredit":false},{"lineNumber":5,"author":{"gitId":"matheuczx"},"content":"    private String endDateTime;","lastModifiedDate":"2026-02-02T17:28:56","isFullCredit":false},{"lineNumber":6,"author":{"gitId":"matheuczx"},"content":"","lastModifiedDate":"2026-02-02T17:28:56","isFullCredit":false},{"lineNumber":7,"author":{"gitId":"matheuczx"},"content":"    public Event(String description, String startDateTime, String endDateTime){","lastModifiedDate":"2026-02-02T17:28:56","isFullCredit":false},{"lineNumber":8,"author":{"gitId":"matheuczx"},"content":"        super(description);","lastModifiedDate":"2026-02-02T17:28:56","isFullCredit":false},{"lineNumber":9,"author":{"gitId":"matheuczx"},"content":"        this.startDateTime \u003d startDateTime;","lastModifiedDate":"2026-02-02T17:28:56","isFullCredit":false},{"lineNumber":10,"author":{"gitId":"matheuczx"},"content":"        this.endDateTime \u003d endDateTime;","lastModifiedDate":"2026-02-02T17:28:56","isFullCredit":false},{"lineNumber":11,"author":{"gitId":"matheuczx"},"content":"    }","lastModifiedDate":"2026-02-02T17:28:56","isFullCredit":false},{"lineNumber":12,"author":{"gitId":"matheuczx"},"content":"","lastModifiedDate":"2026-02-02T17:28:56","isFullCredit":false},{"lineNumber":13,"author":{"gitId":"matheuczx"},"content":"    @Override","lastModifiedDate":"2026-02-02T17:28:56","isFullCredit":false},{"lineNumber":14,"author":{"gitId":"matheuczx"},"content":"    public String toString() {","lastModifiedDate":"2026-02-02T17:28:56","isFullCredit":false},{"lineNumber":15,"author":{"gitId":"matheuczx"},"content":"        return \"[E]\" + super.toString() + \" (from: \" + this.startDateTime + \" to: \" + this.endDateTime + \")\";","lastModifiedDate":"2026-02-06T12:05:09","isFullCredit":false},{"lineNumber":16,"author":{"gitId":"matheuczx"},"content":"    }","lastModifiedDate":"2026-02-02T17:28:56","isFullCredit":false},{"lineNumber":17,"author":{"gitId":"matheuczx"},"content":"}","lastModifiedDate":"2026-02-02T17:28:56","isFullCredit":false}],"authorContributionMap":{"matheuczx":17}},{"path":"src/main/java/HarryBotter/task/Task.java","fileType":"java","lines":[{"lineNumber":1,"author":{"gitId":"matheuczx"},"content":"package HarryBotter.task;","lastModifiedDate":"2026-02-10T17:35:23","isFullCredit":false},{"lineNumber":2,"author":{"gitId":"matheuczx"},"content":"","lastModifiedDate":"2026-02-10T17:35:23","isFullCredit":false},{"lineNumber":3,"author":{"gitId":"matheuczx"},"content":"/**","lastModifiedDate":"2026-01-29T18:41:52","isFullCredit":false},{"lineNumber":4,"author":{"gitId":"matheuczx"},"content":" * Represents a task with a description and completion status.","lastModifiedDate":"2026-01-29T18:41:52","isFullCredit":false},{"lineNumber":5,"author":{"gitId":"matheuczx"},"content":" */","lastModifiedDate":"2026-01-29T18:41:52","isFullCredit":false},{"lineNumber":6,"author":{"gitId":"matheuczx"},"content":"","lastModifiedDate":"2026-01-29T18:41:52","isFullCredit":false},{"lineNumber":7,"author":{"gitId":"matheuczx"},"content":"public class Task {","lastModifiedDate":"2026-01-29T17:45:00","isFullCredit":false},{"lineNumber":8,"author":{"gitId":"matheuczx"},"content":"","lastModifiedDate":"2026-01-29T18:41:52","isFullCredit":false},{"lineNumber":9,"author":{"gitId":"matheuczx"},"content":"    private String description;","lastModifiedDate":"2026-01-29T17:45:00","isFullCredit":false},{"lineNumber":10,"author":{"gitId":"matheuczx"},"content":"    private boolean isDone;","lastModifiedDate":"2026-01-29T17:45:00","isFullCredit":false},{"lineNumber":11,"author":{"gitId":"matheuczx"},"content":"","lastModifiedDate":"2026-02-02T17:28:56","isFullCredit":false},{"lineNumber":12,"author":{"gitId":"matheuczx"},"content":"    //constructor","lastModifiedDate":"2026-01-29T18:41:52","isFullCredit":false},{"lineNumber":13,"author":{"gitId":"matheuczx"},"content":"    public Task(String description){","lastModifiedDate":"2026-01-29T17:45:00","isFullCredit":false},{"lineNumber":14,"author":{"gitId":"matheuczx"},"content":"        this.description \u003d description;","lastModifiedDate":"2026-01-29T17:45:00","isFullCredit":false},{"lineNumber":15,"author":{"gitId":"matheuczx"},"content":"        this.isDone \u003d false;","lastModifiedDate":"2026-01-29T18:19:16","isFullCredit":false},{"lineNumber":16,"author":{"gitId":"matheuczx"},"content":"    }","lastModifiedDate":"2026-01-29T17:45:00","isFullCredit":false},{"lineNumber":17,"author":{"gitId":"matheuczx"},"content":"","lastModifiedDate":"2026-01-29T17:45:00","isFullCredit":false},{"lineNumber":18,"author":{"gitId":"matheuczx"},"content":"    public String getDescription() {","lastModifiedDate":"2026-01-29T17:45:00","isFullCredit":false},{"lineNumber":19,"author":{"gitId":"matheuczx"},"content":"        return description;","lastModifiedDate":"2026-01-29T17:45:00","isFullCredit":false},{"lineNumber":20,"author":{"gitId":"matheuczx"},"content":"    }","lastModifiedDate":"2026-01-29T17:45:00","isFullCredit":false},{"lineNumber":21,"author":{"gitId":"matheuczx"},"content":"","lastModifiedDate":"2026-01-29T17:45:00","isFullCredit":false},{"lineNumber":22,"author":{"gitId":"matheuczx"},"content":"    public void setDescription(String description) {","lastModifiedDate":"2026-01-29T17:45:00","isFullCredit":false},{"lineNumber":23,"author":{"gitId":"matheuczx"},"content":"        this.description \u003d description;","lastModifiedDate":"2026-01-29T17:45:00","isFullCredit":false},{"lineNumber":24,"author":{"gitId":"matheuczx"},"content":"    }","lastModifiedDate":"2026-01-29T17:45:00","isFullCredit":false},{"lineNumber":25,"author":{"gitId":"matheuczx"},"content":"","lastModifiedDate":"2026-01-29T18:19:16","isFullCredit":false},{"lineNumber":26,"author":{"gitId":"matheuczx"},"content":"    public boolean isDone() {","lastModifiedDate":"2026-01-29T18:19:16","isFullCredit":false},{"lineNumber":27,"author":{"gitId":"matheuczx"},"content":"        return isDone;","lastModifiedDate":"2026-01-29T18:19:16","isFullCredit":false},{"lineNumber":28,"author":{"gitId":"matheuczx"},"content":"    }","lastModifiedDate":"2026-01-29T18:19:16","isFullCredit":false},{"lineNumber":29,"author":{"gitId":"matheuczx"},"content":"    //updates status of task","lastModifiedDate":"2026-01-29T18:41:52","isFullCredit":false},{"lineNumber":30,"author":{"gitId":"matheuczx"},"content":"    public void updateStatus(boolean done) {","lastModifiedDate":"2026-01-29T18:41:52","isFullCredit":false},{"lineNumber":31,"author":{"gitId":"matheuczx"},"content":"        this.isDone \u003d done;","lastModifiedDate":"2026-01-29T18:19:16","isFullCredit":false},{"lineNumber":32,"author":{"gitId":"matheuczx"},"content":"    }","lastModifiedDate":"2026-01-29T18:19:16","isFullCredit":false},{"lineNumber":33,"author":{"gitId":"matheuczx"},"content":"","lastModifiedDate":"2026-02-02T17:28:56","isFullCredit":false},{"lineNumber":34,"author":{"gitId":"matheuczx"},"content":"    @Override","lastModifiedDate":"2026-02-02T17:28:56","isFullCredit":false},{"lineNumber":35,"author":{"gitId":"matheuczx"},"content":"    public String toString() {","lastModifiedDate":"2026-02-02T17:28:56","isFullCredit":false},{"lineNumber":36,"author":{"gitId":"matheuczx"},"content":"        return (isDone() ? \"[X] \" : \"[ ] \") + getDescription();","lastModifiedDate":"2026-02-02T17:28:56","isFullCredit":false},{"lineNumber":37,"author":{"gitId":"matheuczx"},"content":"    }","lastModifiedDate":"2026-02-02T17:28:56","isFullCredit":false},{"lineNumber":38,"author":{"gitId":"matheuczx"},"content":"}","lastModifiedDate":"2026-01-29T17:45:00","isFullCredit":false}],"authorContributionMap":{"matheuczx":38}},{"path":"src/main/java/HarryBotter/task/ToDo.java","fileType":"java","lines":[{"lineNumber":1,"author":{"gitId":"matheuczx"},"content":"package HarryBotter.task;","lastModifiedDate":"2026-02-10T17:35:23","isFullCredit":false},{"lineNumber":2,"author":{"gitId":"matheuczx"},"content":"","lastModifiedDate":"2026-02-10T17:35:23","isFullCredit":false},{"lineNumber":3,"author":{"gitId":"matheuczx"},"content":"public class ToDo extends Task {","lastModifiedDate":"2026-02-02T17:28:56","isFullCredit":false},{"lineNumber":4,"author":{"gitId":"matheuczx"},"content":"    public ToDo(String description){","lastModifiedDate":"2026-02-02T17:28:56","isFullCredit":false},{"lineNumber":5,"author":{"gitId":"matheuczx"},"content":"        super(description);","lastModifiedDate":"2026-02-02T17:28:56","isFullCredit":false},{"lineNumber":6,"author":{"gitId":"matheuczx"},"content":"    }","lastModifiedDate":"2026-02-02T17:28:56","isFullCredit":false},{"lineNumber":7,"author":{"gitId":"matheuczx"},"content":"","lastModifiedDate":"2026-02-02T17:28:56","isFullCredit":false},{"lineNumber":8,"author":{"gitId":"matheuczx"},"content":"    @Override","lastModifiedDate":"2026-02-02T17:28:56","isFullCredit":false},{"lineNumber":9,"author":{"gitId":"matheuczx"},"content":"    public String toString(){","lastModifiedDate":"2026-02-02T17:28:56","isFullCredit":false},{"lineNumber":10,"author":{"gitId":"matheuczx"},"content":"        return \"[T]\" + super.toString();","lastModifiedDate":"2026-02-02T17:28:56","isFullCredit":false},{"lineNumber":11,"author":{"gitId":"matheuczx"},"content":"    }","lastModifiedDate":"2026-02-02T17:28:56","isFullCredit":false},{"lineNumber":12,"author":{"gitId":"matheuczx"},"content":"}","lastModifiedDate":"2026-02-02T17:28:56","isFullCredit":false}],"authorContributionMap":{"matheuczx":12}}]
