[{"path":"src/main/java/gojo/Deadline.java","fileType":"java","lines":[{"lineNumber":1,"author":{"gitId":"1cecream03"},"content":"package gojo;","lastModifiedDate":"2026-02-13T02:28:21","isFullCredit":false},{"lineNumber":2,"author":{"gitId":"1cecream03"},"content":"","lastModifiedDate":"2026-02-13T02:28:21","isFullCredit":false},{"lineNumber":3,"author":{"gitId":"1cecream03"},"content":"public class Deadline extends Task {","lastModifiedDate":"2026-02-06T04:18:23","isFullCredit":false},{"lineNumber":4,"author":{"gitId":"1cecream03"},"content":"    protected String by;","lastModifiedDate":"2026-02-06T04:18:23","isFullCredit":false},{"lineNumber":5,"author":{"gitId":"1cecream03"},"content":"","lastModifiedDate":"2026-02-06T04:18:23","isFullCredit":false},{"lineNumber":6,"author":{"gitId":"1cecream03"},"content":"    public Deadline(String description, String by) {","lastModifiedDate":"2026-02-06T04:18:23","isFullCredit":false},{"lineNumber":7,"author":{"gitId":"1cecream03"},"content":"        super(description);","lastModifiedDate":"2026-02-06T04:18:23","isFullCredit":false},{"lineNumber":8,"author":{"gitId":"1cecream03"},"content":"        this.by \u003d by;","lastModifiedDate":"2026-02-06T04:18:23","isFullCredit":false},{"lineNumber":9,"author":{"gitId":"1cecream03"},"content":"    }","lastModifiedDate":"2026-02-06T04:18:23","isFullCredit":false},{"lineNumber":10,"author":{"gitId":"1cecream03"},"content":"","lastModifiedDate":"2026-02-06T04:18:23","isFullCredit":false},{"lineNumber":11,"author":{"gitId":"1cecream03"},"content":"    @Override","lastModifiedDate":"2026-02-06T04:18:23","isFullCredit":false},{"lineNumber":12,"author":{"gitId":"1cecream03"},"content":"    public String toString() {","lastModifiedDate":"2026-02-06T04:18:23","isFullCredit":false},{"lineNumber":13,"author":{"gitId":"1cecream03"},"content":"        return \"[D]\" + super.toString() + \" (by: \" + by + \")\";","lastModifiedDate":"2026-02-06T04:18:23","isFullCredit":false},{"lineNumber":14,"author":{"gitId":"1cecream03"},"content":"    }","lastModifiedDate":"2026-02-06T04:18:23","isFullCredit":false},{"lineNumber":15,"author":{"gitId":"1cecream03"},"content":"}","lastModifiedDate":"2026-02-06T04:18:23","isFullCredit":false}],"authorContributionMap":{"1cecream03":15}},{"path":"src/main/java/gojo/Event.java","fileType":"java","lines":[{"lineNumber":1,"author":{"gitId":"1cecream03"},"content":"package gojo;","lastModifiedDate":"2026-02-13T02:28:21","isFullCredit":false},{"lineNumber":2,"author":{"gitId":"1cecream03"},"content":"","lastModifiedDate":"2026-02-13T02:28:21","isFullCredit":false},{"lineNumber":3,"author":{"gitId":"1cecream03"},"content":"public class Event extends Task {","lastModifiedDate":"2026-02-06T04:18:23","isFullCredit":false},{"lineNumber":4,"author":{"gitId":"1cecream03"},"content":"    protected String from;","lastModifiedDate":"2026-02-06T04:18:23","isFullCredit":false},{"lineNumber":5,"author":{"gitId":"1cecream03"},"content":"    protected String to;","lastModifiedDate":"2026-02-06T04:18:23","isFullCredit":false},{"lineNumber":6,"author":{"gitId":"1cecream03"},"content":"","lastModifiedDate":"2026-02-06T04:18:23","isFullCredit":false},{"lineNumber":7,"author":{"gitId":"1cecream03"},"content":"    public Event(String description, String from, String to) {","lastModifiedDate":"2026-02-06T04:18:23","isFullCredit":false},{"lineNumber":8,"author":{"gitId":"1cecream03"},"content":"        super(description);","lastModifiedDate":"2026-02-06T04:18:23","isFullCredit":false},{"lineNumber":9,"author":{"gitId":"1cecream03"},"content":"        this.from \u003d from;","lastModifiedDate":"2026-02-06T04:18:23","isFullCredit":false},{"lineNumber":10,"author":{"gitId":"1cecream03"},"content":"        this.to \u003d to;","lastModifiedDate":"2026-02-06T04:18:23","isFullCredit":false},{"lineNumber":11,"author":{"gitId":"1cecream03"},"content":"    }","lastModifiedDate":"2026-02-06T04:18:23","isFullCredit":false},{"lineNumber":12,"author":{"gitId":"1cecream03"},"content":"","lastModifiedDate":"2026-02-06T04:18:23","isFullCredit":false},{"lineNumber":13,"author":{"gitId":"1cecream03"},"content":"    @Override","lastModifiedDate":"2026-02-06T04:18:23","isFullCredit":false},{"lineNumber":14,"author":{"gitId":"1cecream03"},"content":"    public String toString() {","lastModifiedDate":"2026-02-06T04:18:23","isFullCredit":false},{"lineNumber":15,"author":{"gitId":"1cecream03"},"content":"        return \"[E]\" + super.toString() + \" (from: \" + from + \" to: \" + to + \")\";","lastModifiedDate":"2026-02-06T04:18:23","isFullCredit":false},{"lineNumber":16,"author":{"gitId":"1cecream03"},"content":"    }","lastModifiedDate":"2026-02-06T04:18:23","isFullCredit":false},{"lineNumber":17,"author":{"gitId":"1cecream03"},"content":"}","lastModifiedDate":"2026-02-06T04:18:23","isFullCredit":false}],"authorContributionMap":{"1cecream03":17}},{"path":"src/main/java/gojo/Gojo.java","fileType":"java","lines":[{"lineNumber":1,"author":{"gitId":"1cecream03"},"content":"package gojo;","lastModifiedDate":"2026-02-13T02:28:21","isFullCredit":false},{"lineNumber":2,"author":{"gitId":"1cecream03"},"content":"","lastModifiedDate":"2026-02-13T02:28:21","isFullCredit":false},{"lineNumber":3,"author":{"gitId":"1cecream03"},"content":"import java.util.Scanner;","lastModifiedDate":"2026-01-30T03:55:15","isFullCredit":false},{"lineNumber":4,"author":{"gitId":"1cecream03"},"content":"","lastModifiedDate":"2026-01-30T03:55:15","isFullCredit":false},{"lineNumber":5,"author":{"gitId":"1cecream03"},"content":"public class Gojo {","lastModifiedDate":"2026-01-29T02:18:25","isFullCredit":false},{"lineNumber":6,"author":{"gitId":"1cecream03"},"content":"    // UI Configuration Constants","lastModifiedDate":"2026-02-11T18:24:53","isFullCredit":false},{"lineNumber":7,"author":{"gitId":"1cecream03"},"content":"    private static final String DIVIDER \u003d \"____________________________________________________________\";","lastModifiedDate":"2026-02-11T17:50:16","isFullCredit":false},{"lineNumber":8,"author":{"gitId":"1cecream03"},"content":"    private static final String INDENT \u003d \"    \";","lastModifiedDate":"2026-02-11T17:50:16","isFullCredit":false},{"lineNumber":9,"author":{"gitId":"1cecream03"},"content":"    private static final String NAME \u003d \"gojo.Gojo\";","lastModifiedDate":"2026-02-13T02:28:21","isFullCredit":false},{"lineNumber":10,"author":{"gitId":"1cecream03"},"content":"","lastModifiedDate":"2026-02-11T18:24:53","isFullCredit":false},{"lineNumber":11,"author":{"gitId":"1cecream03"},"content":"    // gojo.Task Management State","lastModifiedDate":"2026-02-13T02:28:21","isFullCredit":false},{"lineNumber":12,"author":{"gitId":"1cecream03"},"content":"    private static Task[] tasks \u003d new Task[100];","lastModifiedDate":"2026-02-11T17:50:16","isFullCredit":false},{"lineNumber":13,"author":{"gitId":"1cecream03"},"content":"    private static int taskCount \u003d 0;","lastModifiedDate":"2026-02-11T17:50:16","isFullCredit":false},{"lineNumber":14,"author":{"gitId":"1cecream03"},"content":"","lastModifiedDate":"2026-02-11T18:24:53","isFullCredit":false},{"lineNumber":15,"author":{"gitId":"1cecream03"},"content":"    // Command Parsing Offsets","lastModifiedDate":"2026-02-11T18:24:53","isFullCredit":false},{"lineNumber":16,"author":{"gitId":"1cecream03"},"content":"    private static final int MARK_OFFSET \u003d 5;","lastModifiedDate":"2026-02-11T17:50:16","isFullCredit":false},{"lineNumber":17,"author":{"gitId":"1cecream03"},"content":"    private static final int UNMARK_OFFSET \u003d 7;","lastModifiedDate":"2026-02-11T17:50:16","isFullCredit":false},{"lineNumber":18,"author":{"gitId":"1cecream03"},"content":"    private static final int TODO_OFFSET \u003d 5;","lastModifiedDate":"2026-02-11T17:50:16","isFullCredit":false},{"lineNumber":19,"author":{"gitId":"1cecream03"},"content":"    private static final int DEADLINE_OFFSET \u003d 9;","lastModifiedDate":"2026-02-11T18:06:46","isFullCredit":false},{"lineNumber":20,"author":{"gitId":"1cecream03"},"content":"    private static final int EVENT_OFFSET \u003d 6;","lastModifiedDate":"2026-02-11T18:06:46","isFullCredit":false},{"lineNumber":21,"author":{"gitId":"1cecream03"},"content":"","lastModifiedDate":"2026-02-11T18:06:46","isFullCredit":false},{"lineNumber":22,"author":{"gitId":"1cecream03"},"content":"    public static void main(String[] args) {","lastModifiedDate":"2026-01-29T02:18:25","isFullCredit":false},{"lineNumber":23,"author":{"gitId":"1cecream03"},"content":"        Scanner in \u003d new Scanner(System.in);","lastModifiedDate":"2026-01-30T03:55:15","isFullCredit":false},{"lineNumber":24,"author":{"gitId":"1cecream03"},"content":"","lastModifiedDate":"2026-01-29T02:18:25","isFullCredit":false},{"lineNumber":25,"author":{"gitId":"1cecream03"},"content":"        formatResponse(\"Throughout heaven and earth, I alone am the honored one.\\n\" +","lastModifiedDate":"2026-02-11T18:06:46","isFullCredit":false},{"lineNumber":26,"author":{"gitId":"1cecream03"},"content":"                \"I\u0027m \" + NAME + \". Ask me anything.\");","lastModifiedDate":"2026-02-11T18:06:46","isFullCredit":false},{"lineNumber":27,"author":{"gitId":"1cecream03"},"content":"","lastModifiedDate":"2026-01-29T02:18:25","isFullCredit":false},{"lineNumber":28,"author":{"gitId":"1cecream03"},"content":"        while (true) {","lastModifiedDate":"2026-01-30T03:55:15","isFullCredit":false},{"lineNumber":29,"author":{"gitId":"1cecream03"},"content":"            String input \u003d in.nextLine();","lastModifiedDate":"2026-02-11T18:06:46","isFullCredit":false},{"lineNumber":30,"author":{"gitId":"1cecream03"},"content":"            try {","lastModifiedDate":"2026-02-13T02:14:25","isFullCredit":false},{"lineNumber":31,"author":{"gitId":"1cecream03"},"content":"                //Exit","lastModifiedDate":"2026-02-11T18:06:46","isFullCredit":false},{"lineNumber":32,"author":{"gitId":"1cecream03"},"content":"                if (input.equals(\"bye\")) {","lastModifiedDate":"2026-02-11T18:06:46","isFullCredit":false},{"lineNumber":33,"author":{"gitId":"1cecream03"},"content":"                    formatResponse(\"Bye. Don\u0027t get weak while I\u0027m gone.\");","lastModifiedDate":"2026-02-11T18:06:46","isFullCredit":false},{"lineNumber":34,"author":{"gitId":"1cecream03"},"content":"                    break;","lastModifiedDate":"2026-01-30T03:55:15","isFullCredit":false},{"lineNumber":35,"author":{"gitId":"1cecream03"},"content":"                }","lastModifiedDate":"2026-01-30T03:55:15","isFullCredit":false},{"lineNumber":36,"author":{"gitId":"1cecream03"},"content":"                //List all tasks","lastModifiedDate":"2026-02-11T18:06:46","isFullCredit":false},{"lineNumber":37,"author":{"gitId":"1cecream03"},"content":"                else if (input.equals(\"list\")) {","lastModifiedDate":"2026-02-11T18:06:46","isFullCredit":false},{"lineNumber":38,"author":{"gitId":"1cecream03"},"content":"                    String listContent \u003d \"\";","lastModifiedDate":"2026-02-11T18:06:46","isFullCredit":false},{"lineNumber":39,"author":{"gitId":"1cecream03"},"content":"                    for (int i \u003d 0; i \u003c taskCount; i++) {","lastModifiedDate":"2026-01-30T03:59:21","isFullCredit":false},{"lineNumber":40,"author":{"gitId":"1cecream03"},"content":"                        listContent +\u003d (i + 1) + \". \" + tasks[i] + \"\\n\";","lastModifiedDate":"2026-02-11T18:06:46","isFullCredit":false},{"lineNumber":41,"author":{"gitId":"1cecream03"},"content":"                    }","lastModifiedDate":"2026-01-30T03:59:21","isFullCredit":false},{"lineNumber":42,"author":{"gitId":"1cecream03"},"content":"                    formatResponse(listContent);","lastModifiedDate":"2026-02-11T18:06:46","isFullCredit":false},{"lineNumber":43,"author":{"gitId":"1cecream03"},"content":"                }","lastModifiedDate":"2026-01-30T03:55:15","isFullCredit":false},{"lineNumber":44,"author":{"gitId":"1cecream03"},"content":"                //Mark task","lastModifiedDate":"2026-02-11T18:06:46","isFullCredit":false},{"lineNumber":45,"author":{"gitId":"1cecream03"},"content":"                else if (input.startsWith(\"mark \")) {","lastModifiedDate":"2026-02-11T18:06:46","isFullCredit":false},{"lineNumber":46,"author":{"gitId":"1cecream03"},"content":"                    if (input.trim().equals(\"mark\")) {","lastModifiedDate":"2026-02-13T02:14:25","isFullCredit":false},{"lineNumber":47,"author":{"gitId":"1cecream03"},"content":"                        throw new GojoException(\"You didn\u0027t tell me which one to mark.\");","lastModifiedDate":"2026-02-13T02:14:25","isFullCredit":false},{"lineNumber":48,"author":{"gitId":"1cecream03"},"content":"                    }","lastModifiedDate":"2026-02-13T02:14:25","isFullCredit":false},{"lineNumber":49,"author":{"gitId":"1cecream03"},"content":"                    int taskNumber \u003d Integer.parseInt(input.substring(MARK_OFFSET));","lastModifiedDate":"2026-02-11T18:06:46","isFullCredit":false},{"lineNumber":50,"author":{"gitId":"1cecream03"},"content":"                    int index \u003d taskNumber - 1;","lastModifiedDate":"2026-02-06T04:18:23","isFullCredit":false},{"lineNumber":51,"author":{"gitId":"1cecream03"},"content":"                    tasks[index].markAsDone();","lastModifiedDate":"2026-01-30T14:44:32","isFullCredit":false},{"lineNumber":52,"author":{"gitId":"1cecream03"},"content":"                    formatResponse(\"Good. I\u0027ve marked this task as done:\\n  \" + tasks[index]);","lastModifiedDate":"2026-02-11T18:06:46","isFullCredit":false},{"lineNumber":53,"author":{"gitId":"1cecream03"},"content":"                }","lastModifiedDate":"2026-01-30T14:44:32","isFullCredit":false},{"lineNumber":54,"author":{"gitId":"1cecream03"},"content":"                //Unmark task","lastModifiedDate":"2026-02-11T18:06:46","isFullCredit":false},{"lineNumber":55,"author":{"gitId":"1cecream03"},"content":"                else if (input.startsWith(\"unmark \")) {","lastModifiedDate":"2026-02-11T18:06:46","isFullCredit":false},{"lineNumber":56,"author":{"gitId":"1cecream03"},"content":"                    if (input.trim().equals(\"unmark\")) {","lastModifiedDate":"2026-02-13T02:14:25","isFullCredit":false},{"lineNumber":57,"author":{"gitId":"1cecream03"},"content":"                        throw new GojoException(\"You didn\u0027t tell me which one to unmark.\");","lastModifiedDate":"2026-02-13T02:14:25","isFullCredit":false},{"lineNumber":58,"author":{"gitId":"1cecream03"},"content":"                    }","lastModifiedDate":"2026-02-13T02:14:25","isFullCredit":false},{"lineNumber":59,"author":{"gitId":"1cecream03"},"content":"                    int taskNumber \u003d Integer.parseInt(input.substring(UNMARK_OFFSET));","lastModifiedDate":"2026-02-11T18:06:46","isFullCredit":false},{"lineNumber":60,"author":{"gitId":"1cecream03"},"content":"                    int index \u003d taskNumber - 1;","lastModifiedDate":"2026-01-30T14:44:32","isFullCredit":false},{"lineNumber":61,"author":{"gitId":"1cecream03"},"content":"                    tasks[index].markAsUndone();","lastModifiedDate":"2026-01-30T14:44:32","isFullCredit":false},{"lineNumber":62,"author":{"gitId":"1cecream03"},"content":"                    formatResponse(\"Okay, I\u0027ve marked this task as not done:\\n  \" + tasks[index]);","lastModifiedDate":"2026-02-11T18:06:46","isFullCredit":false},{"lineNumber":63,"author":{"gitId":"1cecream03"},"content":"                }","lastModifiedDate":"2026-01-30T14:44:32","isFullCredit":false},{"lineNumber":64,"author":{"gitId":"1cecream03"},"content":"                //Todo logic","lastModifiedDate":"2026-02-13T12:36:29","isFullCredit":false},{"lineNumber":65,"author":{"gitId":"1cecream03"},"content":"                else if (input.startsWith(\"todo \")) {","lastModifiedDate":"2026-02-11T18:06:46","isFullCredit":false},{"lineNumber":66,"author":{"gitId":"1cecream03"},"content":"                    if (input.trim().length() \u003c\u003d 4) {","lastModifiedDate":"2026-02-13T02:14:25","isFullCredit":false},{"lineNumber":67,"author":{"gitId":"1cecream03"},"content":"                        throw new GojoException(\"You want me to do nothing? The description of a todo cannot be empty.\");","lastModifiedDate":"2026-02-13T02:14:25","isFullCredit":false},{"lineNumber":68,"author":{"gitId":"1cecream03"},"content":"                    }","lastModifiedDate":"2026-02-13T02:14:25","isFullCredit":false},{"lineNumber":69,"author":{"gitId":"1cecream03"},"content":"                    tasks[taskCount] \u003d new Todo(input.substring(TODO_OFFSET));","lastModifiedDate":"2026-02-11T18:06:46","isFullCredit":false},{"lineNumber":70,"author":{"gitId":"1cecream03"},"content":"                    taskCount++;","lastModifiedDate":"2026-02-06T04:18:23","isFullCredit":false},{"lineNumber":71,"author":{"gitId":"1cecream03"},"content":"                    printAddedMessage(tasks[taskCount - 1], taskCount);","lastModifiedDate":"2026-02-06T04:18:23","isFullCredit":false},{"lineNumber":72,"author":{"gitId":"1cecream03"},"content":"                }","lastModifiedDate":"2026-02-06T04:18:23","isFullCredit":false},{"lineNumber":73,"author":{"gitId":"1cecream03"},"content":"                //Deadline logic","lastModifiedDate":"2026-02-13T12:36:29","isFullCredit":false},{"lineNumber":74,"author":{"gitId":"1cecream03"},"content":"                else if (input.startsWith(\"deadline \")) {","lastModifiedDate":"2026-02-11T18:06:46","isFullCredit":false},{"lineNumber":75,"author":{"gitId":"1cecream03"},"content":"                    if (input.trim().length() \u003c\u003d 8) {","lastModifiedDate":"2026-02-13T02:14:25","isFullCredit":false},{"lineNumber":76,"author":{"gitId":"1cecream03"},"content":"                        throw new GojoException(\"A deadline cannot be empty.\");","lastModifiedDate":"2026-02-13T02:14:25","isFullCredit":false},{"lineNumber":77,"author":{"gitId":"1cecream03"},"content":"                    }","lastModifiedDate":"2026-02-13T02:14:25","isFullCredit":false},{"lineNumber":78,"author":{"gitId":"1cecream03"},"content":"                    //Split the input string to separate the task description from the deadline time.","lastModifiedDate":"2026-02-13T02:14:25","isFullCredit":false},{"lineNumber":79,"author":{"gitId":"1cecream03"},"content":"                    String[] parts \u003d input.substring(DEADLINE_OFFSET).split(\" /by \");","lastModifiedDate":"2026-02-11T18:06:46","isFullCredit":false},{"lineNumber":80,"author":{"gitId":"1cecream03"},"content":"                    if (parts.length \u003c 2) {","lastModifiedDate":"2026-02-13T02:14:25","isFullCredit":false},{"lineNumber":81,"author":{"gitId":"1cecream03"},"content":"                        throw new GojoException(\"Use \u0027/by\u0027 to tell me the deadline. Don\u0027t make me guess.\");","lastModifiedDate":"2026-02-13T02:14:25","isFullCredit":false},{"lineNumber":82,"author":{"gitId":"1cecream03"},"content":"                    }","lastModifiedDate":"2026-02-13T02:14:25","isFullCredit":false},{"lineNumber":83,"author":{"gitId":"1cecream03"},"content":"                    tasks[taskCount] \u003d new Deadline(parts[0], parts[1]);","lastModifiedDate":"2026-02-06T04:18:23","isFullCredit":false},{"lineNumber":84,"author":{"gitId":"1cecream03"},"content":"                    taskCount++;","lastModifiedDate":"2026-02-06T04:18:23","isFullCredit":false},{"lineNumber":85,"author":{"gitId":"1cecream03"},"content":"                    printAddedMessage(tasks[taskCount - 1], taskCount);","lastModifiedDate":"2026-02-06T04:18:23","isFullCredit":false},{"lineNumber":86,"author":{"gitId":"1cecream03"},"content":"                }","lastModifiedDate":"2026-02-06T04:18:23","isFullCredit":false},{"lineNumber":87,"author":{"gitId":"1cecream03"},"content":"                //Event logic","lastModifiedDate":"2026-02-13T12:36:29","isFullCredit":false},{"lineNumber":88,"author":{"gitId":"1cecream03"},"content":"                else if (input.startsWith(\"event \")) {","lastModifiedDate":"2026-02-11T18:06:46","isFullCredit":false},{"lineNumber":89,"author":{"gitId":"1cecream03"},"content":"                    if (input.trim().length() \u003c\u003d 5) {","lastModifiedDate":"2026-02-13T02:14:25","isFullCredit":false},{"lineNumber":90,"author":{"gitId":"1cecream03"},"content":"                        throw new GojoException(\"An event cannot be empty.\");","lastModifiedDate":"2026-02-13T02:14:25","isFullCredit":false},{"lineNumber":91,"author":{"gitId":"1cecream03"},"content":"                    }","lastModifiedDate":"2026-02-13T02:14:25","isFullCredit":false},{"lineNumber":92,"author":{"gitId":"1cecream03"},"content":"                    String[] parts \u003d input.substring(EVENT_OFFSET).split(\" /from | /to \");","lastModifiedDate":"2026-02-11T18:06:46","isFullCredit":false},{"lineNumber":93,"author":{"gitId":"1cecream03"},"content":"                    if (parts.length \u003c 3) {","lastModifiedDate":"2026-02-13T02:14:25","isFullCredit":false},{"lineNumber":94,"author":{"gitId":"1cecream03"},"content":"                        throw new GojoException(\"Incomplete event. Use \u0027/from\u0027 and \u0027/to\u0027.\");","lastModifiedDate":"2026-02-13T02:14:25","isFullCredit":false},{"lineNumber":95,"author":{"gitId":"1cecream03"},"content":"                    }","lastModifiedDate":"2026-02-13T02:14:25","isFullCredit":false},{"lineNumber":96,"author":{"gitId":"1cecream03"},"content":"                    tasks[taskCount] \u003d new Event(parts[0], parts[1], parts[2]);","lastModifiedDate":"2026-02-06T04:18:23","isFullCredit":false},{"lineNumber":97,"author":{"gitId":"1cecream03"},"content":"                    taskCount++;","lastModifiedDate":"2026-02-06T04:18:23","isFullCredit":false},{"lineNumber":98,"author":{"gitId":"1cecream03"},"content":"                    printAddedMessage(tasks[taskCount - 1], taskCount);","lastModifiedDate":"2026-02-06T04:18:23","isFullCredit":false},{"lineNumber":99,"author":{"gitId":"1cecream03"},"content":"                }","lastModifiedDate":"2026-02-06T04:18:23","isFullCredit":false},{"lineNumber":100,"author":{"gitId":"1cecream03"},"content":"                //Unknown Command","lastModifiedDate":"2026-02-13T12:36:29","isFullCredit":false},{"lineNumber":101,"author":{"gitId":"1cecream03"},"content":"                else {","lastModifiedDate":"2026-01-30T03:59:21","isFullCredit":false},{"lineNumber":102,"author":{"gitId":"1cecream03"},"content":"                    throw new GojoException(\"What is that? I don\u0027t know what that means.\");","lastModifiedDate":"2026-02-13T02:14:25","isFullCredit":false},{"lineNumber":103,"author":{"gitId":"1cecream03"},"content":"                }","lastModifiedDate":"2026-02-13T02:14:25","isFullCredit":false},{"lineNumber":104,"author":{"gitId":"1cecream03"},"content":"","lastModifiedDate":"2026-02-13T02:14:25","isFullCredit":false},{"lineNumber":105,"author":{"gitId":"1cecream03"},"content":"            } catch (GojoException e) {","lastModifiedDate":"2026-02-13T02:14:25","isFullCredit":false},{"lineNumber":106,"author":{"gitId":"1cecream03"},"content":"                formatResponse(\"Umm... \" + e.getMessage());","lastModifiedDate":"2026-02-13T02:14:25","isFullCredit":false},{"lineNumber":107,"author":{"gitId":"1cecream03"},"content":"            } catch (NumberFormatException e) {","lastModifiedDate":"2026-02-13T02:14:25","isFullCredit":false},{"lineNumber":108,"author":{"gitId":"1cecream03"},"content":"                // This catches cases where they type \"mark xyz\"","lastModifiedDate":"2026-02-13T12:36:29","isFullCredit":false},{"lineNumber":109,"author":{"gitId":"1cecream03"},"content":"                formatResponse(\"OPPS!!! That\u0027s not a valid number.\");","lastModifiedDate":"2026-02-13T02:14:25","isFullCredit":false},{"lineNumber":110,"author":{"gitId":"1cecream03"},"content":"            }","lastModifiedDate":"2026-01-30T03:59:21","isFullCredit":false},{"lineNumber":111,"author":{"gitId":"1cecream03"},"content":"        }","lastModifiedDate":"2026-01-30T03:59:21","isFullCredit":false},{"lineNumber":112,"author":{"gitId":"1cecream03"},"content":"    }","lastModifiedDate":"2026-01-29T02:18:25","isFullCredit":false},{"lineNumber":113,"author":{"gitId":"1cecream03"},"content":"","lastModifiedDate":"2026-01-29T02:18:25","isFullCredit":false},{"lineNumber":114,"author":{"gitId":"1cecream03"},"content":"    public static void printLine() {","lastModifiedDate":"2026-01-29T02:18:25","isFullCredit":false},{"lineNumber":115,"author":{"gitId":"1cecream03"},"content":"        System.out.println(INDENT + DIVIDER);","lastModifiedDate":"2026-02-11T18:06:46","isFullCredit":false},{"lineNumber":116,"author":{"gitId":"1cecream03"},"content":"    }","lastModifiedDate":"2026-01-29T02:18:25","isFullCredit":false},{"lineNumber":117,"author":{"gitId":"1cecream03"},"content":"","lastModifiedDate":"2026-02-06T04:18:23","isFullCredit":false},{"lineNumber":118,"author":{"gitId":"1cecream03"},"content":"    public static void formatResponse(String message) {","lastModifiedDate":"2026-02-11T18:06:46","isFullCredit":false},{"lineNumber":119,"author":{"gitId":"1cecream03"},"content":"        printLine();","lastModifiedDate":"2026-02-06T04:18:23","isFullCredit":false},{"lineNumber":120,"author":{"gitId":"1cecream03"},"content":"        // Splits the message into individual lines based on newline characters (\\n)","lastModifiedDate":"2026-02-11T18:24:53","isFullCredit":false},{"lineNumber":121,"author":{"gitId":"1cecream03"},"content":"        // and iterates through each line one by one","lastModifiedDate":"2026-02-11T18:24:53","isFullCredit":false},{"lineNumber":122,"author":{"gitId":"1cecream03"},"content":"        for (String line : message.split(\"\\n\")) {","lastModifiedDate":"2026-02-11T18:06:46","isFullCredit":false},{"lineNumber":123,"author":{"gitId":"1cecream03"},"content":"            System.out.println(INDENT + \" \" + line);","lastModifiedDate":"2026-02-11T18:06:46","isFullCredit":false},{"lineNumber":124,"author":{"gitId":"1cecream03"},"content":"        }","lastModifiedDate":"2026-02-11T18:06:46","isFullCredit":false},{"lineNumber":125,"author":{"gitId":"1cecream03"},"content":"        printLine();","lastModifiedDate":"2026-02-06T04:18:23","isFullCredit":false},{"lineNumber":126,"author":{"gitId":"1cecream03"},"content":"    }","lastModifiedDate":"2026-02-06T04:18:23","isFullCredit":false},{"lineNumber":127,"author":{"gitId":"1cecream03"},"content":"","lastModifiedDate":"2026-02-11T18:06:46","isFullCredit":false},{"lineNumber":128,"author":{"gitId":"1cecream03"},"content":"    public static void printAddedMessage(Task task, int totalTasks) {","lastModifiedDate":"2026-02-11T18:06:46","isFullCredit":false},{"lineNumber":129,"author":{"gitId":"1cecream03"},"content":"        String message \u003d \"Got it. I\u0027ve added this task:\\n\" +","lastModifiedDate":"2026-02-11T18:06:46","isFullCredit":false},{"lineNumber":130,"author":{"gitId":"1cecream03"},"content":"                \"  \" + task + \"\\n\" +","lastModifiedDate":"2026-02-11T18:06:46","isFullCredit":false},{"lineNumber":131,"author":{"gitId":"1cecream03"},"content":"                \"Now you have \" + totalTasks + \" tasks in the list.\";","lastModifiedDate":"2026-02-11T18:06:46","isFullCredit":false},{"lineNumber":132,"author":{"gitId":"1cecream03"},"content":"        formatResponse(message);","lastModifiedDate":"2026-02-11T18:06:46","isFullCredit":false},{"lineNumber":133,"author":{"gitId":"1cecream03"},"content":"    }","lastModifiedDate":"2026-02-11T18:06:46","isFullCredit":false},{"lineNumber":134,"author":{"gitId":"1cecream03"},"content":"}","lastModifiedDate":"2026-01-29T02:18:25","isFullCredit":false}],"authorContributionMap":{"1cecream03":134}},{"path":"src/main/java/gojo/GojoException.java","fileType":"java","lines":[{"lineNumber":1,"author":{"gitId":"1cecream03"},"content":"package gojo;","lastModifiedDate":"2026-02-13T02:28:21","isFullCredit":false},{"lineNumber":2,"author":{"gitId":"1cecream03"},"content":"","lastModifiedDate":"2026-02-13T02:28:21","isFullCredit":false},{"lineNumber":3,"author":{"gitId":"1cecream03"},"content":"public class GojoException extends Exception {","lastModifiedDate":"2026-02-13T02:14:25","isFullCredit":false},{"lineNumber":4,"author":{"gitId":"1cecream03"},"content":"    public GojoException(String message) {","lastModifiedDate":"2026-02-13T02:14:25","isFullCredit":false},{"lineNumber":5,"author":{"gitId":"1cecream03"},"content":"        super(message);","lastModifiedDate":"2026-02-13T02:14:25","isFullCredit":false},{"lineNumber":6,"author":{"gitId":"1cecream03"},"content":"    }","lastModifiedDate":"2026-02-13T02:14:25","isFullCredit":false},{"lineNumber":7,"author":{"gitId":"1cecream03"},"content":"}","lastModifiedDate":"2026-02-13T02:14:25","isFullCredit":false}],"authorContributionMap":{"1cecream03":7}},{"path":"src/main/java/gojo/Task.java","fileType":"java","lines":[{"lineNumber":1,"author":{"gitId":"1cecream03"},"content":"package gojo;","lastModifiedDate":"2026-02-13T02:28:21","isFullCredit":false},{"lineNumber":2,"author":{"gitId":"1cecream03"},"content":"","lastModifiedDate":"2026-02-13T02:28:21","isFullCredit":false},{"lineNumber":3,"author":{"gitId":"1cecream03"},"content":"public class Task {","lastModifiedDate":"2026-01-30T14:44:32","isFullCredit":false},{"lineNumber":4,"author":{"gitId":"1cecream03"},"content":"    protected String description;","lastModifiedDate":"2026-01-30T14:44:32","isFullCredit":false},{"lineNumber":5,"author":{"gitId":"1cecream03"},"content":"    protected boolean isDone;","lastModifiedDate":"2026-01-30T14:44:32","isFullCredit":false},{"lineNumber":6,"author":{"gitId":"1cecream03"},"content":"","lastModifiedDate":"2026-01-30T14:44:32","isFullCredit":false},{"lineNumber":7,"author":{"gitId":"1cecream03"},"content":"    public Task(String description) {","lastModifiedDate":"2026-01-30T14:44:32","isFullCredit":false},{"lineNumber":8,"author":{"gitId":"1cecream03"},"content":"        this.description \u003d description;","lastModifiedDate":"2026-01-30T14:44:32","isFullCredit":false},{"lineNumber":9,"author":{"gitId":"1cecream03"},"content":"        this.isDone \u003d false;","lastModifiedDate":"2026-01-30T14:44:32","isFullCredit":false},{"lineNumber":10,"author":{"gitId":"1cecream03"},"content":"    }","lastModifiedDate":"2026-01-30T14:44:32","isFullCredit":false},{"lineNumber":11,"author":{"gitId":"1cecream03"},"content":"","lastModifiedDate":"2026-01-30T14:44:32","isFullCredit":false},{"lineNumber":12,"author":{"gitId":"1cecream03"},"content":"    public String getStatusIcon() {","lastModifiedDate":"2026-01-30T14:44:32","isFullCredit":false},{"lineNumber":13,"author":{"gitId":"1cecream03"},"content":"        return (isDone ? \"X\" : \" \");","lastModifiedDate":"2026-01-30T14:44:32","isFullCredit":false},{"lineNumber":14,"author":{"gitId":"1cecream03"},"content":"    }","lastModifiedDate":"2026-01-30T14:44:32","isFullCredit":false},{"lineNumber":15,"author":{"gitId":"1cecream03"},"content":"","lastModifiedDate":"2026-01-30T14:44:32","isFullCredit":false},{"lineNumber":16,"author":{"gitId":"1cecream03"},"content":"    public void markAsDone() {","lastModifiedDate":"2026-01-30T14:44:32","isFullCredit":false},{"lineNumber":17,"author":{"gitId":"1cecream03"},"content":"        this.isDone \u003d true;","lastModifiedDate":"2026-01-30T14:44:32","isFullCredit":false},{"lineNumber":18,"author":{"gitId":"1cecream03"},"content":"    }","lastModifiedDate":"2026-01-30T14:44:32","isFullCredit":false},{"lineNumber":19,"author":{"gitId":"1cecream03"},"content":"","lastModifiedDate":"2026-01-30T14:44:32","isFullCredit":false},{"lineNumber":20,"author":{"gitId":"1cecream03"},"content":"    public void markAsUndone() {","lastModifiedDate":"2026-01-30T14:44:32","isFullCredit":false},{"lineNumber":21,"author":{"gitId":"1cecream03"},"content":"        this.isDone \u003d false;","lastModifiedDate":"2026-01-30T14:44:32","isFullCredit":false},{"lineNumber":22,"author":{"gitId":"1cecream03"},"content":"    }","lastModifiedDate":"2026-01-30T14:44:32","isFullCredit":false},{"lineNumber":23,"author":{"gitId":"1cecream03"},"content":"","lastModifiedDate":"2026-01-30T14:44:32","isFullCredit":false},{"lineNumber":24,"author":{"gitId":"1cecream03"},"content":"    @Override","lastModifiedDate":"2026-02-11T17:50:16","isFullCredit":false},{"lineNumber":25,"author":{"gitId":"1cecream03"},"content":"    public String toString() {","lastModifiedDate":"2026-01-30T14:44:32","isFullCredit":false},{"lineNumber":26,"author":{"gitId":"1cecream03"},"content":"        return \"[\" + getStatusIcon() + \"] \" + description;","lastModifiedDate":"2026-01-30T14:44:32","isFullCredit":false},{"lineNumber":27,"author":{"gitId":"1cecream03"},"content":"    }","lastModifiedDate":"2026-01-30T14:44:32","isFullCredit":false},{"lineNumber":28,"author":{"gitId":"1cecream03"},"content":"}","lastModifiedDate":"2026-01-30T14:44:32","isFullCredit":false}],"authorContributionMap":{"1cecream03":28}},{"path":"src/main/java/gojo/Todo.java","fileType":"java","lines":[{"lineNumber":1,"author":{"gitId":"1cecream03"},"content":"package gojo;","lastModifiedDate":"2026-02-13T02:28:21","isFullCredit":false},{"lineNumber":2,"author":{"gitId":"1cecream03"},"content":"","lastModifiedDate":"2026-02-13T02:28:21","isFullCredit":false},{"lineNumber":3,"author":{"gitId":"1cecream03"},"content":"public class Todo extends Task {","lastModifiedDate":"2026-02-06T04:18:23","isFullCredit":false},{"lineNumber":4,"author":{"gitId":"1cecream03"},"content":"    public Todo(String description) {","lastModifiedDate":"2026-02-06T04:18:23","isFullCredit":false},{"lineNumber":5,"author":{"gitId":"1cecream03"},"content":"        super(description);","lastModifiedDate":"2026-02-06T04:18:23","isFullCredit":false},{"lineNumber":6,"author":{"gitId":"1cecream03"},"content":"    }","lastModifiedDate":"2026-02-06T04:18:23","isFullCredit":false},{"lineNumber":7,"author":{"gitId":"1cecream03"},"content":"","lastModifiedDate":"2026-02-06T04:18:23","isFullCredit":false},{"lineNumber":8,"author":{"gitId":"1cecream03"},"content":"    @Override","lastModifiedDate":"2026-02-06T04:18:23","isFullCredit":false},{"lineNumber":9,"author":{"gitId":"1cecream03"},"content":"    public String toString() {","lastModifiedDate":"2026-02-06T04:18:23","isFullCredit":false},{"lineNumber":10,"author":{"gitId":"1cecream03"},"content":"        return \"[T]\" + super.toString();","lastModifiedDate":"2026-02-06T04:18:23","isFullCredit":false},{"lineNumber":11,"author":{"gitId":"1cecream03"},"content":"    }","lastModifiedDate":"2026-02-06T04:18:23","isFullCredit":false},{"lineNumber":12,"author":{"gitId":"1cecream03"},"content":"}","lastModifiedDate":"2026-02-06T04:18:23","isFullCredit":false}],"authorContributionMap":{"1cecream03":12}},{"path":"text-ui-test/input.txt","fileType":"txt","lines":[{"lineNumber":1,"author":{"gitId":"1cecream03"},"content":"todo read book","lastModifiedDate":"2026-02-13T12:04:18","isFullCredit":false},{"lineNumber":2,"author":{"gitId":"1cecream03"},"content":"deadline return book /by Sunday","lastModifiedDate":"2026-02-13T12:04:18","isFullCredit":false},{"lineNumber":3,"author":{"gitId":"1cecream03"},"content":"event project meeting /from Mon 2pm /to 4pm","lastModifiedDate":"2026-02-13T12:04:18","isFullCredit":false},{"lineNumber":4,"author":{"gitId":"1cecream03"},"content":"list","lastModifiedDate":"2026-02-13T12:04:18","isFullCredit":false},{"lineNumber":5,"author":{"gitId":"1cecream03"},"content":"bye","lastModifiedDate":"2026-02-13T12:04:18","isFullCredit":false}],"authorContributionMap":{"1cecream03":5}},{"path":"text-ui-test/runtest.bat","fileType":"bat","lines":[{"lineNumber":1,"author":{"gitId":"-"},"content":"@ECHO OFF","lastModifiedDate":"2020-05-25T00:03:55","isFullCredit":false},{"lineNumber":2,"author":{"gitId":"-"},"content":"","lastModifiedDate":"2020-05-25T00:03:55","isFullCredit":false},{"lineNumber":3,"author":{"gitId":"-"},"content":"REM create bin directory if it doesn\u0027t exist","lastModifiedDate":"2020-05-25T00:03:55","isFullCredit":false},{"lineNumber":4,"author":{"gitId":"-"},"content":"if not exist ..\\bin mkdir ..\\bin","lastModifiedDate":"2020-05-25T00:03:55","isFullCredit":false},{"lineNumber":5,"author":{"gitId":"-"},"content":"","lastModifiedDate":"2020-05-25T00:03:55","isFullCredit":false},{"lineNumber":6,"author":{"gitId":"-"},"content":"REM delete output from previous run","lastModifiedDate":"2020-05-25T00:03:55","isFullCredit":false},{"lineNumber":7,"author":{"gitId":"-"},"content":"if exist ACTUAL.TXT del ACTUAL.TXT","lastModifiedDate":"2020-08-25T17:23:26","isFullCredit":false},{"lineNumber":8,"author":{"gitId":"-"},"content":"","lastModifiedDate":"2020-05-25T00:03:55","isFullCredit":false},{"lineNumber":9,"author":{"gitId":"-"},"content":"REM compile the code into the bin folder","lastModifiedDate":"2020-05-25T00:03:55","isFullCredit":false},{"lineNumber":10,"author":{"gitId":"1cecream03"},"content":"javac  -cp ..\\src\\main\\java -Xlint:none -d ..\\bin ..\\src\\main\\java\\gojo\\*.java","lastModifiedDate":"2026-02-13T12:04:18","isFullCredit":false},{"lineNumber":11,"author":{"gitId":"-"},"content":"IF ERRORLEVEL 1 (","lastModifiedDate":"2020-05-25T00:03:55","isFullCredit":false},{"lineNumber":12,"author":{"gitId":"-"},"content":"    echo ********** BUILD FAILURE **********","lastModifiedDate":"2020-05-25T00:03:55","isFullCredit":false},{"lineNumber":13,"author":{"gitId":"-"},"content":"    exit /b 1","lastModifiedDate":"2020-05-25T00:03:55","isFullCredit":false},{"lineNumber":14,"author":{"gitId":"-"},"content":")","lastModifiedDate":"2020-05-25T00:03:55","isFullCredit":false},{"lineNumber":15,"author":{"gitId":"-"},"content":"REM no error here, errorlevel \u003d\u003d 0","lastModifiedDate":"2020-05-25T00:03:55","isFullCredit":false},{"lineNumber":16,"author":{"gitId":"-"},"content":"","lastModifiedDate":"2020-05-25T00:03:55","isFullCredit":false},{"lineNumber":17,"author":{"gitId":"-"},"content":"REM run the program, feed commands from input.txt file and redirect the output to the ACTUAL.TXT","lastModifiedDate":"2020-05-25T00:03:55","isFullCredit":false},{"lineNumber":18,"author":{"gitId":"1cecream03"},"content":"java -classpath ..\\bin gojo.Gojo \u003c input.txt \u003e ACTUAL.TXT","lastModifiedDate":"2026-02-13T12:04:18","isFullCredit":false},{"lineNumber":19,"author":{"gitId":"-"},"content":"","lastModifiedDate":"2020-05-25T00:03:55","isFullCredit":false},{"lineNumber":20,"author":{"gitId":"-"},"content":"REM compare the output to the expected output","lastModifiedDate":"2020-05-25T00:03:55","isFullCredit":false},{"lineNumber":21,"author":{"gitId":"-"},"content":"FC ACTUAL.TXT EXPECTED.TXT","lastModifiedDate":"2020-05-25T00:03:55","isFullCredit":false}],"authorContributionMap":{"1cecream03":2,"-":19}}]
