[{"path":"src/main/java/duko/Duko.java","fileType":"java","lines":[{"lineNumber":1,"author":{"gitId":"cyanduck32"},"content":"package duko;","lastModifiedDate":"2026-02-12T03:41:23","isFullCredit":false},{"lineNumber":2,"author":{"gitId":"cyanduck32"},"content":"","lastModifiedDate":"2026-02-12T03:41:23","isFullCredit":false},{"lineNumber":3,"author":{"gitId":"cyanduck32"},"content":"import duko.exception.DukoException;","lastModifiedDate":"2026-02-12T03:41:23","isFullCredit":false},{"lineNumber":4,"author":{"gitId":"cyanduck32"},"content":"import duko.task.Deadline;","lastModifiedDate":"2026-02-12T03:41:23","isFullCredit":false},{"lineNumber":5,"author":{"gitId":"cyanduck32"},"content":"import duko.task.Event;","lastModifiedDate":"2026-02-12T03:41:23","isFullCredit":false},{"lineNumber":6,"author":{"gitId":"cyanduck32"},"content":"import duko.task.Task;","lastModifiedDate":"2026-02-12T03:41:23","isFullCredit":false},{"lineNumber":7,"author":{"gitId":"cyanduck32"},"content":"import duko.task.Todo;","lastModifiedDate":"2026-02-12T03:41:23","isFullCredit":false},{"lineNumber":8,"author":{"gitId":"cyanduck32"},"content":"","lastModifiedDate":"2026-02-12T03:41:23","isFullCredit":false},{"lineNumber":9,"author":{"gitId":"cyanduck32"},"content":"import java.util.Scanner;","lastModifiedDate":"2026-02-02T21:58:16","isFullCredit":false},{"lineNumber":10,"author":{"gitId":"cyanduck32"},"content":"","lastModifiedDate":"2026-02-02T21:58:16","isFullCredit":false},{"lineNumber":11,"author":{"gitId":"cyanduck32"},"content":"public class Duko {","lastModifiedDate":"2026-02-01T23:28:03","isFullCredit":false},{"lineNumber":12,"author":{"gitId":"cyanduck32"},"content":"    static String horizontalLine \u003d \"____________________________________________________________\";","lastModifiedDate":"2026-02-02T21:58:16","isFullCredit":false},{"lineNumber":13,"author":{"gitId":"cyanduck32"},"content":"    public static String GREETING \u003d \"Hello! I\u0027m Duko\\nWhat can I do for you?\";","lastModifiedDate":"2026-02-02T23:55:29","isFullCredit":false},{"lineNumber":14,"author":{"gitId":"cyanduck32"},"content":"    public static String CLOSING_GREETING \u003d \"Bye. Hope to see you again soon!\";","lastModifiedDate":"2026-02-02T23:55:29","isFullCredit":false},{"lineNumber":15,"author":{"gitId":"cyanduck32"},"content":"    public static Task[] tasks \u003d new Task[100];","lastModifiedDate":"2026-02-02T23:40:38","isFullCredit":false},{"lineNumber":16,"author":{"gitId":"cyanduck32"},"content":"    public static int taskCount \u003d 0;","lastModifiedDate":"2026-02-02T23:40:38","isFullCredit":false},{"lineNumber":17,"author":{"gitId":"cyanduck32"},"content":"    public static String LOGO \u003d  \" ____        _        \\n\"","lastModifiedDate":"2026-02-09T00:51:49","isFullCredit":false},{"lineNumber":18,"author":{"gitId":"cyanduck32"},"content":"            + \"|  _ \\\\ _   _| | _____ \\n\"","lastModifiedDate":"2026-02-01T23:28:03","isFullCredit":false},{"lineNumber":19,"author":{"gitId":"cyanduck32"},"content":"            + \"| | | | | | | |/ / _ \\\\\\n\"","lastModifiedDate":"2026-02-01T23:28:03","isFullCredit":false},{"lineNumber":20,"author":{"gitId":"cyanduck32"},"content":"            + \"| |_| | |_| |   \u003c | | |\\n\"","lastModifiedDate":"2026-02-01T23:28:03","isFullCredit":false},{"lineNumber":21,"author":{"gitId":"cyanduck32"},"content":"            + \"|____/ \\\\__,_|_|\\\\_\\\\___/\\n\";","lastModifiedDate":"2026-02-01T23:28:03","isFullCredit":false},{"lineNumber":22,"author":{"gitId":"cyanduck32"},"content":"","lastModifiedDate":"2026-02-02T21:58:16","isFullCredit":false},{"lineNumber":23,"author":{"gitId":"cyanduck32"},"content":"","lastModifiedDate":"2026-02-09T00:51:49","isFullCredit":false},{"lineNumber":24,"author":{"gitId":"cyanduck32"},"content":"","lastModifiedDate":"2026-02-09T00:51:49","isFullCredit":false},{"lineNumber":25,"author":{"gitId":"cyanduck32"},"content":"    public static void main(String[] args) {","lastModifiedDate":"2026-02-09T00:51:49","isFullCredit":false},{"lineNumber":26,"author":{"gitId":"cyanduck32"},"content":"        System.out.println(horizontalLine + \"\\n\" + LOGO + GREETING + \"\\n\" + horizontalLine);","lastModifiedDate":"2026-02-09T00:51:49","isFullCredit":false},{"lineNumber":27,"author":{"gitId":"cyanduck32"},"content":"        Scanner scanner \u003d new Scanner(System.in);","lastModifiedDate":"2026-02-02T21:58:16","isFullCredit":false},{"lineNumber":28,"author":{"gitId":"cyanduck32"},"content":"","lastModifiedDate":"2026-02-02T21:58:16","isFullCredit":false},{"lineNumber":29,"author":{"gitId":"cyanduck32"},"content":"        while (scanner.hasNextLine()) {","lastModifiedDate":"2026-02-12T02:41:32","isFullCredit":false},{"lineNumber":30,"author":{"gitId":"cyanduck32"},"content":"            String input \u003d scanner.nextLine().trim();","lastModifiedDate":"2026-02-12T02:41:32","isFullCredit":false},{"lineNumber":31,"author":{"gitId":"cyanduck32"},"content":"","lastModifiedDate":"2026-02-02T21:58:16","isFullCredit":false},{"lineNumber":32,"author":{"gitId":"cyanduck32"},"content":"            try{","lastModifiedDate":"2026-02-12T02:41:32","isFullCredit":false},{"lineNumber":33,"author":{"gitId":"cyanduck32"},"content":"                if (input.equals(\"bye\")) {","lastModifiedDate":"2026-02-02T21:58:16","isFullCredit":false},{"lineNumber":34,"author":{"gitId":"cyanduck32"},"content":"                System.out.println(horizontalLine + \"\\n\" + CLOSING_GREETING + \"\\n\" + horizontalLine);","lastModifiedDate":"2026-02-09T00:51:49","isFullCredit":false},{"lineNumber":35,"author":{"gitId":"cyanduck32"},"content":"                break;","lastModifiedDate":"2026-02-02T21:58:16","isFullCredit":false},{"lineNumber":36,"author":{"gitId":"cyanduck32"},"content":"            } else if (input.equals(\"list\")) {","lastModifiedDate":"2026-02-02T22:50:55","isFullCredit":false},{"lineNumber":37,"author":{"gitId":"cyanduck32"},"content":"                printList();","lastModifiedDate":"2026-02-09T00:51:49","isFullCredit":false},{"lineNumber":38,"author":{"gitId":"cyanduck32"},"content":"            } else if (input.startsWith(\"mark\")) {","lastModifiedDate":"2026-02-09T00:51:49","isFullCredit":false},{"lineNumber":39,"author":{"gitId":"cyanduck32"},"content":"                updateTaskStatus(input, true);","lastModifiedDate":"2026-02-09T00:51:49","isFullCredit":false},{"lineNumber":40,"author":{"gitId":"cyanduck32"},"content":"            } else if (input.startsWith(\"unmark\")) {","lastModifiedDate":"2026-02-09T00:51:49","isFullCredit":false},{"lineNumber":41,"author":{"gitId":"cyanduck32"},"content":"                updateTaskStatus(input, false);","lastModifiedDate":"2026-02-09T00:51:49","isFullCredit":false},{"lineNumber":42,"author":{"gitId":"cyanduck32"},"content":"            } else if (input.startsWith(\"todo\") || input.startsWith(\"deadline\")||input.startsWith(\"event\")){","lastModifiedDate":"2026-02-12T02:41:32","isFullCredit":false},{"lineNumber":43,"author":{"gitId":"cyanduck32"},"content":"                handleAddTask(input);","lastModifiedDate":"2026-02-09T00:51:49","isFullCredit":false},{"lineNumber":44,"author":{"gitId":"cyanduck32"},"content":"            } else {","lastModifiedDate":"2026-02-12T02:41:32","isFullCredit":false},{"lineNumber":45,"author":{"gitId":"cyanduck32"},"content":"                    throw new DukoException(\"I\u0027m sorry, but I don\u0027t know what that command means.\");","lastModifiedDate":"2026-02-12T02:41:32","isFullCredit":false},{"lineNumber":46,"author":{"gitId":"cyanduck32"},"content":"                }","lastModifiedDate":"2026-02-12T02:41:32","isFullCredit":false},{"lineNumber":47,"author":{"gitId":"cyanduck32"},"content":"            } catch (DukoException e){","lastModifiedDate":"2026-02-12T02:41:32","isFullCredit":false},{"lineNumber":48,"author":{"gitId":"cyanduck32"},"content":"                System.out.println(horizontalLine);","lastModifiedDate":"2026-02-12T02:41:32","isFullCredit":false},{"lineNumber":49,"author":{"gitId":"cyanduck32"},"content":"                System.out.println(\"oh no!\" + e.getMessage());","lastModifiedDate":"2026-02-12T02:41:32","isFullCredit":false},{"lineNumber":50,"author":{"gitId":"cyanduck32"},"content":"                System.out.println(horizontalLine);","lastModifiedDate":"2026-02-12T02:41:32","isFullCredit":false},{"lineNumber":51,"author":{"gitId":"cyanduck32"},"content":"            }","lastModifiedDate":"2026-02-09T00:51:49","isFullCredit":false},{"lineNumber":52,"author":{"gitId":"cyanduck32"},"content":"        }","lastModifiedDate":"2026-02-09T00:51:49","isFullCredit":false},{"lineNumber":53,"author":{"gitId":"cyanduck32"},"content":"        scanner.close();","lastModifiedDate":"2026-02-09T00:51:49","isFullCredit":false},{"lineNumber":54,"author":{"gitId":"cyanduck32"},"content":"    }","lastModifiedDate":"2026-02-09T00:51:49","isFullCredit":false},{"lineNumber":55,"author":{"gitId":"cyanduck32"},"content":"","lastModifiedDate":"2026-02-09T00:51:49","isFullCredit":false},{"lineNumber":56,"author":{"gitId":"cyanduck32"},"content":"    private static void handleAddTask(String input) throws DukoException {","lastModifiedDate":"2026-02-12T02:41:32","isFullCredit":false},{"lineNumber":57,"author":{"gitId":"cyanduck32"},"content":"        Task newTask \u003d null;","lastModifiedDate":"2026-02-09T00:51:49","isFullCredit":false},{"lineNumber":58,"author":{"gitId":"cyanduck32"},"content":"","lastModifiedDate":"2026-02-09T00:51:49","isFullCredit":false},{"lineNumber":59,"author":{"gitId":"cyanduck32"},"content":"        if (input.startsWith(\"todo\")) {","lastModifiedDate":"2026-02-09T00:51:49","isFullCredit":false},{"lineNumber":60,"author":{"gitId":"cyanduck32"},"content":"            // \"todo borrow book\" results in \"borrow book\"","lastModifiedDate":"2026-02-09T00:51:49","isFullCredit":false},{"lineNumber":61,"author":{"gitId":"cyanduck32"},"content":"            String description \u003d input.replaceFirst(\"todo\", \"\").trim();","lastModifiedDate":"2026-02-09T00:51:49","isFullCredit":false},{"lineNumber":62,"author":{"gitId":"cyanduck32"},"content":"            if (description.isEmpty()){","lastModifiedDate":"2026-02-12T02:41:32","isFullCredit":false},{"lineNumber":63,"author":{"gitId":"cyanduck32"},"content":"                throw new DukoException(\"The description of a todo cannot be empty.\");","lastModifiedDate":"2026-02-12T02:41:32","isFullCredit":false},{"lineNumber":64,"author":{"gitId":"cyanduck32"},"content":"            }","lastModifiedDate":"2026-02-12T02:41:32","isFullCredit":false},{"lineNumber":65,"author":{"gitId":"cyanduck32"},"content":"            newTask \u003d new Todo(description);","lastModifiedDate":"2026-02-09T00:51:49","isFullCredit":false},{"lineNumber":66,"author":{"gitId":"cyanduck32"},"content":"","lastModifiedDate":"2026-02-09T00:51:49","isFullCredit":false},{"lineNumber":67,"author":{"gitId":"cyanduck32"},"content":"        } else if (input.startsWith(\"deadline\")) {","lastModifiedDate":"2026-02-09T00:51:49","isFullCredit":false},{"lineNumber":68,"author":{"gitId":"cyanduck32"},"content":"            // \"deadline return book /by Sunday\"","lastModifiedDate":"2026-02-09T00:51:49","isFullCredit":false},{"lineNumber":69,"author":{"gitId":"cyanduck32"},"content":"            String content \u003d input.replaceFirst(\"deadline\", \"\").trim();","lastModifiedDate":"2026-02-12T02:41:32","isFullCredit":false},{"lineNumber":70,"author":{"gitId":"cyanduck32"},"content":"            if (content.isEmpty()) {","lastModifiedDate":"2026-02-12T02:41:32","isFullCredit":false},{"lineNumber":71,"author":{"gitId":"cyanduck32"},"content":"                throw new DukoException(\"The description of a deadline cannot be empty.\");","lastModifiedDate":"2026-02-12T02:41:32","isFullCredit":false},{"lineNumber":72,"author":{"gitId":"cyanduck32"},"content":"            }","lastModifiedDate":"2026-02-12T02:41:32","isFullCredit":false},{"lineNumber":73,"author":{"gitId":"cyanduck32"},"content":"            if (!content.contains(\" /by \")){","lastModifiedDate":"2026-02-12T02:41:32","isFullCredit":false},{"lineNumber":74,"author":{"gitId":"cyanduck32"},"content":"                throw new DukoException(\"Deadlines must include \u0027 /by \u0027 followed by the time.\");","lastModifiedDate":"2026-02-12T02:41:32","isFullCredit":false},{"lineNumber":75,"author":{"gitId":"cyanduck32"},"content":"            }","lastModifiedDate":"2026-02-12T02:41:32","isFullCredit":false},{"lineNumber":76,"author":{"gitId":"cyanduck32"},"content":"            String[] parts \u003d content.split(\" /by \");","lastModifiedDate":"2026-02-12T02:41:32","isFullCredit":false},{"lineNumber":77,"author":{"gitId":"cyanduck32"},"content":"            newTask \u003d new Deadline(parts[0].trim(), parts[1].trim());","lastModifiedDate":"2026-02-09T00:51:49","isFullCredit":false},{"lineNumber":78,"author":{"gitId":"cyanduck32"},"content":"","lastModifiedDate":"2026-02-09T00:51:49","isFullCredit":false},{"lineNumber":79,"author":{"gitId":"cyanduck32"},"content":"        } else if (input.startsWith(\"event\")) {","lastModifiedDate":"2026-02-09T00:51:49","isFullCredit":false},{"lineNumber":80,"author":{"gitId":"cyanduck32"},"content":"            // \"event meeting /from Mon 2pm /to 4pm\"","lastModifiedDate":"2026-02-09T00:51:49","isFullCredit":false},{"lineNumber":81,"author":{"gitId":"cyanduck32"},"content":"            String content \u003d input.replaceFirst(\"event\", \"\").trim();","lastModifiedDate":"2026-02-12T02:41:32","isFullCredit":false},{"lineNumber":82,"author":{"gitId":"cyanduck32"},"content":"            if (content.isEmpty()){","lastModifiedDate":"2026-02-12T02:41:32","isFullCredit":false},{"lineNumber":83,"author":{"gitId":"cyanduck32"},"content":"                throw new DukoException(\"The description of an event cannot be empty.\");","lastModifiedDate":"2026-02-12T02:41:32","isFullCredit":false},{"lineNumber":84,"author":{"gitId":"cyanduck32"},"content":"            }","lastModifiedDate":"2026-02-12T02:41:32","isFullCredit":false},{"lineNumber":85,"author":{"gitId":"cyanduck32"},"content":"            if (!content.contains(\" /from \")||!content.contains(\" /to \")){","lastModifiedDate":"2026-02-12T02:41:32","isFullCredit":false},{"lineNumber":86,"author":{"gitId":"cyanduck32"},"content":"                throw new DukoException(\"Events must include \u0027 /from \u0027 and  \u0027 /to \u0027 timings.\");","lastModifiedDate":"2026-02-12T02:41:32","isFullCredit":false},{"lineNumber":87,"author":{"gitId":"cyanduck32"},"content":"            }","lastModifiedDate":"2026-02-12T02:41:32","isFullCredit":false},{"lineNumber":88,"author":{"gitId":"cyanduck32"},"content":"            String[] parts \u003d content.split(\" /from | /to\");","lastModifiedDate":"2026-02-12T02:41:32","isFullCredit":false},{"lineNumber":89,"author":{"gitId":"cyanduck32"},"content":"            newTask \u003d new Event(parts[0].trim(), parts[1].trim(), parts[2].trim());","lastModifiedDate":"2026-02-09T00:51:49","isFullCredit":false},{"lineNumber":90,"author":{"gitId":"cyanduck32"},"content":"        }","lastModifiedDate":"2026-02-02T21:58:16","isFullCredit":false},{"lineNumber":91,"author":{"gitId":"cyanduck32"},"content":"","lastModifiedDate":"2026-02-09T00:51:49","isFullCredit":false},{"lineNumber":92,"author":{"gitId":"cyanduck32"},"content":"        if (newTask !\u003d null) {","lastModifiedDate":"2026-02-09T00:51:49","isFullCredit":false},{"lineNumber":93,"author":{"gitId":"cyanduck32"},"content":"            tasks[taskCount] \u003d newTask;","lastModifiedDate":"2026-02-09T00:51:49","isFullCredit":false},{"lineNumber":94,"author":{"gitId":"cyanduck32"},"content":"            taskCount++;","lastModifiedDate":"2026-02-09T00:51:49","isFullCredit":false},{"lineNumber":95,"author":{"gitId":"cyanduck32"},"content":"            System.out.println(horizontalLine);","lastModifiedDate":"2026-02-02T22:50:55","isFullCredit":false},{"lineNumber":96,"author":{"gitId":"cyanduck32"},"content":"            System.out.println(\"Got it. I\u0027ve added this task:\");","lastModifiedDate":"2026-02-09T00:51:49","isFullCredit":false},{"lineNumber":97,"author":{"gitId":"cyanduck32"},"content":"            System.out.println(\"  \" + newTask);","lastModifiedDate":"2026-02-09T00:51:49","isFullCredit":false},{"lineNumber":98,"author":{"gitId":"cyanduck32"},"content":"            System.out.println(\"Now you have \" + taskCount + \" tasks in the list.\");","lastModifiedDate":"2026-02-09T00:51:49","isFullCredit":false},{"lineNumber":99,"author":{"gitId":"cyanduck32"},"content":"            System.out.println(horizontalLine);","lastModifiedDate":"2026-02-09T00:51:49","isFullCredit":false},{"lineNumber":100,"author":{"gitId":"cyanduck32"},"content":"        }","lastModifiedDate":"2026-02-09T00:51:49","isFullCredit":false},{"lineNumber":101,"author":{"gitId":"cyanduck32"},"content":"    }","lastModifiedDate":"2026-02-09T00:51:49","isFullCredit":false},{"lineNumber":102,"author":{"gitId":"cyanduck32"},"content":"","lastModifiedDate":"2026-02-09T00:51:49","isFullCredit":false},{"lineNumber":103,"author":{"gitId":"cyanduck32"},"content":"    private static void updateTaskStatus(String input, boolean isMark) throws DukoException {","lastModifiedDate":"2026-02-12T02:41:32","isFullCredit":false},{"lineNumber":104,"author":{"gitId":"cyanduck32"},"content":"        String[] parts \u003d input.split(\" \");","lastModifiedDate":"2026-02-12T02:41:32","isFullCredit":false},{"lineNumber":105,"author":{"gitId":"cyanduck32"},"content":"        if (parts.length \u003c 2){","lastModifiedDate":"2026-02-12T02:41:32","isFullCredit":false},{"lineNumber":106,"author":{"gitId":"cyanduck32"},"content":"            throw new DukoException(\"Please specify a task number to mark/unmark.\");","lastModifiedDate":"2026-02-12T02:41:32","isFullCredit":false},{"lineNumber":107,"author":{"gitId":"cyanduck32"},"content":"        }","lastModifiedDate":"2026-02-12T02:41:32","isFullCredit":false},{"lineNumber":108,"author":{"gitId":"cyanduck32"},"content":"        try {","lastModifiedDate":"2026-02-12T02:41:32","isFullCredit":false},{"lineNumber":109,"author":{"gitId":"cyanduck32"},"content":"            int index \u003d Integer.parseInt(input.split(\" \")[1]) - 1;","lastModifiedDate":"2026-02-02T23:40:38","isFullCredit":false},{"lineNumber":110,"author":{"gitId":"cyanduck32"},"content":"            if (index \u003c 0 || index \u003e\u003d taskCount){","lastModifiedDate":"2026-02-12T02:41:32","isFullCredit":false},{"lineNumber":111,"author":{"gitId":"cyanduck32"},"content":"                throw new DukoException(\"That task number does not exist in your list!\");","lastModifiedDate":"2026-02-12T02:41:32","isFullCredit":false},{"lineNumber":112,"author":{"gitId":"cyanduck32"},"content":"            }","lastModifiedDate":"2026-02-12T02:41:32","isFullCredit":false},{"lineNumber":113,"author":{"gitId":"cyanduck32"},"content":"            if (isMark) {","lastModifiedDate":"2026-02-09T00:51:49","isFullCredit":false},{"lineNumber":114,"author":{"gitId":"cyanduck32"},"content":"                tasks[index].setDone();","lastModifiedDate":"2026-02-02T23:55:29","isFullCredit":false},{"lineNumber":115,"author":{"gitId":"cyanduck32"},"content":"                System.out.println(horizontalLine + \"\\nNice! I\u0027ve marked this task as done:\\n \" + tasks[index] + \"\\n\" + horizontalLine);","lastModifiedDate":"2026-02-02T23:40:38","isFullCredit":false},{"lineNumber":116,"author":{"gitId":"cyanduck32"},"content":"            } else {","lastModifiedDate":"2026-02-09T00:51:49","isFullCredit":false},{"lineNumber":117,"author":{"gitId":"cyanduck32"},"content":"                tasks[index].unmark();","lastModifiedDate":"2026-02-02T23:40:38","isFullCredit":false},{"lineNumber":118,"author":{"gitId":"cyanduck32"},"content":"                System.out.println(horizontalLine + \"\\nOK, I\u0027ve marked this task as not done yet:\\n \" + tasks[index] + \"\\n\" + horizontalLine);","lastModifiedDate":"2026-02-02T23:40:38","isFullCredit":false},{"lineNumber":119,"author":{"gitId":"cyanduck32"},"content":"            }","lastModifiedDate":"2026-02-02T21:58:16","isFullCredit":false},{"lineNumber":120,"author":{"gitId":"cyanduck32"},"content":"","lastModifiedDate":"2026-02-12T02:41:32","isFullCredit":false},{"lineNumber":121,"author":{"gitId":"cyanduck32"},"content":"        } catch (NumberFormatException e){","lastModifiedDate":"2026-02-12T02:41:32","isFullCredit":false},{"lineNumber":122,"author":{"gitId":"cyanduck32"},"content":"            throw new DukoException(\"Please provide a valid number, not text.\");","lastModifiedDate":"2026-02-12T02:41:32","isFullCredit":false},{"lineNumber":123,"author":{"gitId":"cyanduck32"},"content":"        }","lastModifiedDate":"2026-02-12T02:41:32","isFullCredit":false},{"lineNumber":124,"author":{"gitId":"cyanduck32"},"content":"    }","lastModifiedDate":"2026-02-02T22:50:55","isFullCredit":false},{"lineNumber":125,"author":{"gitId":"cyanduck32"},"content":"","lastModifiedDate":"2026-02-09T00:51:49","isFullCredit":false},{"lineNumber":126,"author":{"gitId":"cyanduck32"},"content":"    private static void printList() {","lastModifiedDate":"2026-02-09T00:51:49","isFullCredit":false},{"lineNumber":127,"author":{"gitId":"cyanduck32"},"content":"        System.out.println(horizontalLine + \"\\nHere are the tasks in your list:\");","lastModifiedDate":"2026-02-09T00:51:49","isFullCredit":false},{"lineNumber":128,"author":{"gitId":"cyanduck32"},"content":"        for (int i \u003d 0; i \u003c taskCount; i++) {","lastModifiedDate":"2026-02-09T00:51:49","isFullCredit":false},{"lineNumber":129,"author":{"gitId":"cyanduck32"},"content":"            System.out.println((i + 1) + \".\" + tasks[i]);","lastModifiedDate":"2026-02-09T00:51:49","isFullCredit":false},{"lineNumber":130,"author":{"gitId":"cyanduck32"},"content":"        }","lastModifiedDate":"2026-02-09T00:51:49","isFullCredit":false},{"lineNumber":131,"author":{"gitId":"cyanduck32"},"content":"        System.out.println(horizontalLine);","lastModifiedDate":"2026-02-09T00:51:49","isFullCredit":false},{"lineNumber":132,"author":{"gitId":"cyanduck32"},"content":"    }","lastModifiedDate":"2026-02-01T23:28:03","isFullCredit":false},{"lineNumber":133,"author":{"gitId":"cyanduck32"},"content":"}","lastModifiedDate":"2026-02-01T23:28:03","isFullCredit":false}],"authorContributionMap":{"cyanduck32":133}},{"path":"src/main/java/duko/exception/DukoException.java","fileType":"java","lines":[{"lineNumber":1,"author":{"gitId":"cyanduck32"},"content":"package duko.exception;","lastModifiedDate":"2026-02-12T03:41:23","isFullCredit":false},{"lineNumber":2,"author":{"gitId":"cyanduck32"},"content":"","lastModifiedDate":"2026-02-12T03:41:23","isFullCredit":false},{"lineNumber":3,"author":{"gitId":"cyanduck32"},"content":"public class DukoException extends Exception {","lastModifiedDate":"2026-02-12T02:41:32","isFullCredit":false},{"lineNumber":4,"author":{"gitId":"cyanduck32"},"content":"    public DukoException(String message) {","lastModifiedDate":"2026-02-12T02:41:32","isFullCredit":false},{"lineNumber":5,"author":{"gitId":"cyanduck32"},"content":"        super(message);","lastModifiedDate":"2026-02-12T02:41:32","isFullCredit":false},{"lineNumber":6,"author":{"gitId":"cyanduck32"},"content":"    }","lastModifiedDate":"2026-02-12T02:41:32","isFullCredit":false},{"lineNumber":7,"author":{"gitId":"cyanduck32"},"content":"}","lastModifiedDate":"2026-02-12T02:41:32","isFullCredit":false}],"authorContributionMap":{"cyanduck32":7}},{"path":"src/main/java/duko/task/Deadline.java","fileType":"java","lines":[{"lineNumber":1,"author":{"gitId":"cyanduck32"},"content":"package duko.task;","lastModifiedDate":"2026-02-12T03:41:23","isFullCredit":false},{"lineNumber":2,"author":{"gitId":"cyanduck32"},"content":"","lastModifiedDate":"2026-02-09T00:51:49","isFullCredit":false},{"lineNumber":3,"author":{"gitId":"cyanduck32"},"content":"// --- duke.task.Deadline.java ---","lastModifiedDate":"2026-02-12T03:41:23","isFullCredit":false},{"lineNumber":4,"author":{"gitId":"cyanduck32"},"content":"public class Deadline extends Task {","lastModifiedDate":"2026-02-09T00:51:49","isFullCredit":false},{"lineNumber":5,"author":{"gitId":"cyanduck32"},"content":"    private static final String DEADLINE_SYMBOL\u003d \"[D]\";","lastModifiedDate":"2026-02-12T01:37:24","isFullCredit":false},{"lineNumber":6,"author":{"gitId":"cyanduck32"},"content":"    protected String by;","lastModifiedDate":"2026-02-09T00:51:49","isFullCredit":false},{"lineNumber":7,"author":{"gitId":"cyanduck32"},"content":"","lastModifiedDate":"2026-02-09T00:51:49","isFullCredit":false},{"lineNumber":8,"author":{"gitId":"cyanduck32"},"content":"    public Deadline(String description, String by) {","lastModifiedDate":"2026-02-09T00:51:49","isFullCredit":false},{"lineNumber":9,"author":{"gitId":"cyanduck32"},"content":"        super(description);","lastModifiedDate":"2026-02-09T00:51:49","isFullCredit":false},{"lineNumber":10,"author":{"gitId":"cyanduck32"},"content":"        this.by \u003d by;","lastModifiedDate":"2026-02-09T00:51:49","isFullCredit":false},{"lineNumber":11,"author":{"gitId":"cyanduck32"},"content":"    }","lastModifiedDate":"2026-02-09T00:51:49","isFullCredit":false},{"lineNumber":12,"author":{"gitId":"cyanduck32"},"content":"","lastModifiedDate":"2026-02-09T00:51:49","isFullCredit":false},{"lineNumber":13,"author":{"gitId":"cyanduck32"},"content":"    @Override","lastModifiedDate":"2026-02-09T00:51:49","isFullCredit":false},{"lineNumber":14,"author":{"gitId":"cyanduck32"},"content":"    public String toString() {","lastModifiedDate":"2026-02-09T00:51:49","isFullCredit":false},{"lineNumber":15,"author":{"gitId":"cyanduck32"},"content":"        return DEADLINE_SYMBOL + super.toString() + \" (by: \" + by + \")\";","lastModifiedDate":"2026-02-12T01:37:24","isFullCredit":false},{"lineNumber":16,"author":{"gitId":"cyanduck32"},"content":"    }","lastModifiedDate":"2026-02-09T00:51:49","isFullCredit":false},{"lineNumber":17,"author":{"gitId":"cyanduck32"},"content":"}","lastModifiedDate":"2026-02-09T00:51:49","isFullCredit":false}],"authorContributionMap":{"cyanduck32":17}},{"path":"src/main/java/duko/task/Event.java","fileType":"java","lines":[{"lineNumber":1,"author":{"gitId":"cyanduck32"},"content":"package duko.task;","lastModifiedDate":"2026-02-12T03:41:23","isFullCredit":false},{"lineNumber":2,"author":{"gitId":"cyanduck32"},"content":"","lastModifiedDate":"2026-02-09T00:51:49","isFullCredit":false},{"lineNumber":3,"author":{"gitId":"cyanduck32"},"content":"// --- duke.task.Event.java ---","lastModifiedDate":"2026-02-12T03:41:23","isFullCredit":false},{"lineNumber":4,"author":{"gitId":"cyanduck32"},"content":"public class Event extends Task {","lastModifiedDate":"2026-02-09T00:51:49","isFullCredit":false},{"lineNumber":5,"author":{"gitId":"cyanduck32"},"content":"    private static final String EVENT_SYMBOL\u003d \"[E]\";","lastModifiedDate":"2026-02-12T01:37:24","isFullCredit":false},{"lineNumber":6,"author":{"gitId":"cyanduck32"},"content":"    protected String from;","lastModifiedDate":"2026-02-09T00:51:49","isFullCredit":false},{"lineNumber":7,"author":{"gitId":"cyanduck32"},"content":"    protected String to;","lastModifiedDate":"2026-02-09T00:51:49","isFullCredit":false},{"lineNumber":8,"author":{"gitId":"cyanduck32"},"content":"","lastModifiedDate":"2026-02-09T00:51:49","isFullCredit":false},{"lineNumber":9,"author":{"gitId":"cyanduck32"},"content":"    public Event(String description, String from, String to) {","lastModifiedDate":"2026-02-09T00:51:49","isFullCredit":false},{"lineNumber":10,"author":{"gitId":"cyanduck32"},"content":"        super(description);","lastModifiedDate":"2026-02-09T00:51:49","isFullCredit":false},{"lineNumber":11,"author":{"gitId":"cyanduck32"},"content":"        this.from \u003d from;","lastModifiedDate":"2026-02-09T00:51:49","isFullCredit":false},{"lineNumber":12,"author":{"gitId":"cyanduck32"},"content":"        this.to \u003d to;","lastModifiedDate":"2026-02-09T00:51:49","isFullCredit":false},{"lineNumber":13,"author":{"gitId":"cyanduck32"},"content":"    }","lastModifiedDate":"2026-02-09T00:51:49","isFullCredit":false},{"lineNumber":14,"author":{"gitId":"cyanduck32"},"content":"","lastModifiedDate":"2026-02-09T00:51:49","isFullCredit":false},{"lineNumber":15,"author":{"gitId":"cyanduck32"},"content":"    @Override","lastModifiedDate":"2026-02-09T00:51:49","isFullCredit":false},{"lineNumber":16,"author":{"gitId":"cyanduck32"},"content":"    public String toString() {","lastModifiedDate":"2026-02-09T00:51:49","isFullCredit":false},{"lineNumber":17,"author":{"gitId":"cyanduck32"},"content":"        return EVENT_SYMBOL + super.toString() + \" (from: \" + from + \" to: \" + to + \")\";","lastModifiedDate":"2026-02-12T01:37:24","isFullCredit":false},{"lineNumber":18,"author":{"gitId":"cyanduck32"},"content":"    }","lastModifiedDate":"2026-02-09T00:51:49","isFullCredit":false},{"lineNumber":19,"author":{"gitId":"cyanduck32"},"content":"}","lastModifiedDate":"2026-02-09T00:51:49","isFullCredit":false}],"authorContributionMap":{"cyanduck32":19}},{"path":"src/main/java/duko/task/Task.java","fileType":"java","lines":[{"lineNumber":1,"author":{"gitId":"cyanduck32"},"content":"package duko.task;","lastModifiedDate":"2026-02-12T03:41:23","isFullCredit":false},{"lineNumber":2,"author":{"gitId":"cyanduck32"},"content":"","lastModifiedDate":"2026-02-12T03:41:23","isFullCredit":false},{"lineNumber":3,"author":{"gitId":"cyanduck32"},"content":"public class Task {","lastModifiedDate":"2026-02-02T23:40:38","isFullCredit":false},{"lineNumber":4,"author":{"gitId":"cyanduck32"},"content":"    protected String description;","lastModifiedDate":"2026-02-02T23:40:38","isFullCredit":false},{"lineNumber":5,"author":{"gitId":"cyanduck32"},"content":"    protected boolean isDone;","lastModifiedDate":"2026-02-02T23:40:38","isFullCredit":false},{"lineNumber":6,"author":{"gitId":"cyanduck32"},"content":"","lastModifiedDate":"2026-02-02T23:40:38","isFullCredit":false},{"lineNumber":7,"author":{"gitId":"cyanduck32"},"content":"    public Task(String description){","lastModifiedDate":"2026-02-02T23:40:38","isFullCredit":false},{"lineNumber":8,"author":{"gitId":"cyanduck32"},"content":"        this.description \u003d description;","lastModifiedDate":"2026-02-02T23:40:38","isFullCredit":false},{"lineNumber":9,"author":{"gitId":"cyanduck32"},"content":"        this.isDone \u003d false;","lastModifiedDate":"2026-02-02T23:40:38","isFullCredit":false},{"lineNumber":10,"author":{"gitId":"cyanduck32"},"content":"    }","lastModifiedDate":"2026-02-02T23:40:38","isFullCredit":false},{"lineNumber":11,"author":{"gitId":"cyanduck32"},"content":"","lastModifiedDate":"2026-02-02T23:40:38","isFullCredit":false},{"lineNumber":12,"author":{"gitId":"cyanduck32"},"content":"    public String getStatusIcon(){","lastModifiedDate":"2026-02-02T23:40:38","isFullCredit":false},{"lineNumber":13,"author":{"gitId":"cyanduck32"},"content":"        return (isDone ? \"X\" : \" \");","lastModifiedDate":"2026-02-02T23:40:38","isFullCredit":false},{"lineNumber":14,"author":{"gitId":"cyanduck32"},"content":"    }","lastModifiedDate":"2026-02-02T23:40:38","isFullCredit":false},{"lineNumber":15,"author":{"gitId":"cyanduck32"},"content":"","lastModifiedDate":"2026-02-02T23:40:38","isFullCredit":false},{"lineNumber":16,"author":{"gitId":"cyanduck32"},"content":"    public void setDone(){","lastModifiedDate":"2026-02-02T23:55:29","isFullCredit":false},{"lineNumber":17,"author":{"gitId":"cyanduck32"},"content":"        this.isDone \u003d true;","lastModifiedDate":"2026-02-02T23:40:38","isFullCredit":false},{"lineNumber":18,"author":{"gitId":"cyanduck32"},"content":"    }","lastModifiedDate":"2026-02-02T23:40:38","isFullCredit":false},{"lineNumber":19,"author":{"gitId":"cyanduck32"},"content":"","lastModifiedDate":"2026-02-02T23:40:38","isFullCredit":false},{"lineNumber":20,"author":{"gitId":"cyanduck32"},"content":"    public void unmark(){","lastModifiedDate":"2026-02-02T23:40:38","isFullCredit":false},{"lineNumber":21,"author":{"gitId":"cyanduck32"},"content":"        this.isDone \u003d false;","lastModifiedDate":"2026-02-02T23:40:38","isFullCredit":false},{"lineNumber":22,"author":{"gitId":"cyanduck32"},"content":"    }","lastModifiedDate":"2026-02-02T23:40:38","isFullCredit":false},{"lineNumber":23,"author":{"gitId":"cyanduck32"},"content":"","lastModifiedDate":"2026-02-02T23:40:38","isFullCredit":false},{"lineNumber":24,"author":{"gitId":"cyanduck32"},"content":"    @Override","lastModifiedDate":"2026-02-02T23:40:38","isFullCredit":false},{"lineNumber":25,"author":{"gitId":"cyanduck32"},"content":"    public String toString(){","lastModifiedDate":"2026-02-02T23:40:38","isFullCredit":false},{"lineNumber":26,"author":{"gitId":"cyanduck32"},"content":"        return \"[\" + getStatusIcon() + \"] \" + description;","lastModifiedDate":"2026-02-02T23:40:38","isFullCredit":false},{"lineNumber":27,"author":{"gitId":"cyanduck32"},"content":"    }","lastModifiedDate":"2026-02-02T23:40:38","isFullCredit":false},{"lineNumber":28,"author":{"gitId":"cyanduck32"},"content":"}","lastModifiedDate":"2026-02-02T23:40:38","isFullCredit":false},{"lineNumber":29,"author":{"gitId":"cyanduck32"},"content":"","lastModifiedDate":"2026-02-09T00:51:49","isFullCredit":false}],"authorContributionMap":{"cyanduck32":29}},{"path":"src/main/java/duko/task/Todo.java","fileType":"java","lines":[{"lineNumber":1,"author":{"gitId":"cyanduck32"},"content":"package duko.task;","lastModifiedDate":"2026-02-12T03:41:23","isFullCredit":false},{"lineNumber":2,"author":{"gitId":"cyanduck32"},"content":"","lastModifiedDate":"2026-02-12T03:41:23","isFullCredit":false},{"lineNumber":3,"author":{"gitId":"cyanduck32"},"content":"public class Todo extends Task {","lastModifiedDate":"2026-02-09T00:51:49","isFullCredit":false},{"lineNumber":4,"author":{"gitId":"cyanduck32"},"content":"    private static final String TODO_SYMBOL \u003d \"[T]\";","lastModifiedDate":"2026-02-12T01:37:24","isFullCredit":false},{"lineNumber":5,"author":{"gitId":"cyanduck32"},"content":"    public Todo(String description) {","lastModifiedDate":"2026-02-09T00:51:49","isFullCredit":false},{"lineNumber":6,"author":{"gitId":"cyanduck32"},"content":"        super(description);","lastModifiedDate":"2026-02-09T00:51:49","isFullCredit":false},{"lineNumber":7,"author":{"gitId":"cyanduck32"},"content":"    }","lastModifiedDate":"2026-02-09T00:51:49","isFullCredit":false},{"lineNumber":8,"author":{"gitId":"cyanduck32"},"content":"","lastModifiedDate":"2026-02-09T00:51:49","isFullCredit":false},{"lineNumber":9,"author":{"gitId":"cyanduck32"},"content":"    @Override","lastModifiedDate":"2026-02-09T00:51:49","isFullCredit":false},{"lineNumber":10,"author":{"gitId":"cyanduck32"},"content":"    public String toString() {","lastModifiedDate":"2026-02-09T00:51:49","isFullCredit":false},{"lineNumber":11,"author":{"gitId":"cyanduck32"},"content":"","lastModifiedDate":"2026-02-12T01:37:24","isFullCredit":false},{"lineNumber":12,"author":{"gitId":"cyanduck32"},"content":"        return TODO_SYMBOL + super.toString();","lastModifiedDate":"2026-02-12T01:37:24","isFullCredit":false},{"lineNumber":13,"author":{"gitId":"cyanduck32"},"content":"    }","lastModifiedDate":"2026-02-09T00:51:49","isFullCredit":false},{"lineNumber":14,"author":{"gitId":"cyanduck32"},"content":"}","lastModifiedDate":"2026-02-09T00:51:49","isFullCredit":false}],"authorContributionMap":{"cyanduck32":14}},{"path":"text-ui-test/input.txt","fileType":"txt","lines":[{"lineNumber":1,"author":{"gitId":"cyanduck32"},"content":"todo borrow book","lastModifiedDate":"2026-02-12T02:10:48","isFullCredit":false},{"lineNumber":2,"author":{"gitId":"cyanduck32"},"content":"list","lastModifiedDate":"2026-02-12T02:10:48","isFullCredit":false},{"lineNumber":3,"author":{"gitId":"cyanduck32"},"content":"deadline return book /by Sunday","lastModifiedDate":"2026-02-12T02:10:48","isFullCredit":false},{"lineNumber":4,"author":{"gitId":"cyanduck32"},"content":"event project meeting /from Mon 2pm /to 4pm","lastModifiedDate":"2026-02-12T02:10:48","isFullCredit":false},{"lineNumber":5,"author":{"gitId":"cyanduck32"},"content":"bye","lastModifiedDate":"2026-02-12T02:10:48","isFullCredit":false}],"authorContributionMap":{"cyanduck32":5}},{"path":"text-ui-test/runtest.bat","fileType":"bat","lines":[{"lineNumber":1,"author":{"gitId":"-"},"content":"@ECHO OFF","lastModifiedDate":"2020-05-25T00:03:55","isFullCredit":false},{"lineNumber":2,"author":{"gitId":"-"},"content":"","lastModifiedDate":"2020-05-25T00:03:55","isFullCredit":false},{"lineNumber":3,"author":{"gitId":"-"},"content":"REM create bin directory if it doesn\u0027t exist","lastModifiedDate":"2020-05-25T00:03:55","isFullCredit":false},{"lineNumber":4,"author":{"gitId":"-"},"content":"if not exist ..\\bin mkdir ..\\bin","lastModifiedDate":"2020-05-25T00:03:55","isFullCredit":false},{"lineNumber":5,"author":{"gitId":"-"},"content":"","lastModifiedDate":"2020-05-25T00:03:55","isFullCredit":false},{"lineNumber":6,"author":{"gitId":"-"},"content":"REM delete output from previous run","lastModifiedDate":"2020-05-25T00:03:55","isFullCredit":false},{"lineNumber":7,"author":{"gitId":"-"},"content":"if exist ACTUAL.TXT del ACTUAL.TXT","lastModifiedDate":"2020-08-25T17:23:26","isFullCredit":false},{"lineNumber":8,"author":{"gitId":"-"},"content":"","lastModifiedDate":"2020-05-25T00:03:55","isFullCredit":false},{"lineNumber":9,"author":{"gitId":"-"},"content":"REM compile the code into the bin folder","lastModifiedDate":"2020-05-25T00:03:55","isFullCredit":false},{"lineNumber":10,"author":{"gitId":"cyanduck32"},"content":"javac  -cp ..\\src\\main\\java -Xlint:none -d ..\\bin ..\\src\\main\\java\\duko\\Duko.java","lastModifiedDate":"2026-02-12T03:41:23","isFullCredit":false},{"lineNumber":11,"author":{"gitId":"-"},"content":"IF ERRORLEVEL 1 (","lastModifiedDate":"2020-05-25T00:03:55","isFullCredit":false},{"lineNumber":12,"author":{"gitId":"-"},"content":"    echo ********** BUILD FAILURE **********","lastModifiedDate":"2020-05-25T00:03:55","isFullCredit":false},{"lineNumber":13,"author":{"gitId":"-"},"content":"    exit /b 1","lastModifiedDate":"2020-05-25T00:03:55","isFullCredit":false},{"lineNumber":14,"author":{"gitId":"-"},"content":")","lastModifiedDate":"2020-05-25T00:03:55","isFullCredit":false},{"lineNumber":15,"author":{"gitId":"-"},"content":"REM no error here, errorlevel \u003d\u003d 0","lastModifiedDate":"2020-05-25T00:03:55","isFullCredit":false},{"lineNumber":16,"author":{"gitId":"-"},"content":"","lastModifiedDate":"2020-05-25T00:03:55","isFullCredit":false},{"lineNumber":17,"author":{"gitId":"-"},"content":"REM run the program, feed commands from input.txt file and redirect the output to the ACTUAL.TXT","lastModifiedDate":"2020-05-25T00:03:55","isFullCredit":false},{"lineNumber":18,"author":{"gitId":"cyanduck32"},"content":"java -classpath ..\\bin duko.Duko \u003c input.txt \u003e ACTUAL.TXT","lastModifiedDate":"2026-02-12T03:41:23","isFullCredit":false},{"lineNumber":19,"author":{"gitId":"-"},"content":"","lastModifiedDate":"2020-05-25T00:03:55","isFullCredit":false},{"lineNumber":20,"author":{"gitId":"-"},"content":"REM compare the output to the expected output","lastModifiedDate":"2020-05-25T00:03:55","isFullCredit":false},{"lineNumber":21,"author":{"gitId":"-"},"content":"FC ACTUAL.TXT EXPECTED.TXT","lastModifiedDate":"2020-05-25T00:03:55","isFullCredit":false}],"authorContributionMap":{"cyanduck32":2,"-":19}}]
