{"authorDailyContributionsMap":{"AnnikaGarg":[{"date":"2026-01-29T00:00:00","commitResults":[{"hash":"ab4f90fa58f2545706da2855121047ff98bc6090","isMergeCommit":false,"messageTitle":"Rename chatbot to Shiro and add greet/exit","messageBody":"","tags":["Level-0"],"fileTypesAndContributionMap":{"java":{"insertions":8,"deletions":10}}},{"hash":"88f24e7f7165895b9b950ad0bb2ad4960fabc7c4","isMergeCommit":false,"messageTitle":"Echo user input and exit on bye","messageBody":"","tags":["Level-1"],"fileTypesAndContributionMap":{"java":{"insertions":37,"deletions":4}}}]},{"date":"2026-01-30T00:00:00","commitResults":[{"hash":"c66188a48fc0a75638def5ada4ebeaef3a76521d","isMergeCommit":false,"messageTitle":"Add and list tasks","messageBody":"","tags":["Level-2"],"fileTypesAndContributionMap":{"java":{"insertions":24,"deletions":1}}},{"hash":"60fea03f2f4de038e6975c1450b4a70c08cfaf97","isMergeCommit":false,"messageTitle":"Mark and unmark tasks using Task class","messageBody":"","tags":["Level-3"],"fileTypesAndContributionMap":{"java":{"insertions":59,"deletions":11}}},{"hash":"8c9d110978eab12d2461d1ea38491c7f95e95787","isMergeCommit":false,"messageTitle":"Fix code style and formatting for Shiro and Task to comply with the coding standard","messageBody":"","tags":["A-CodingStandard"],"fileTypesAndContributionMap":{"java":{"insertions":25,"deletions":22}}}]},{"date":"2026-02-05T00:00:00","commitResults":[{"hash":"a816b4011e4b03bc98704674ec10a59a11639257","isMergeCommit":false,"messageTitle":"Add Todo task type using inheritance","messageBody":"","fileTypesAndContributionMap":{"java":{"insertions":27,"deletions":8}}},{"hash":"d34f7150b2c7cd1331791e7e9ffb9ca39d80bf9b","isMergeCommit":false,"messageTitle":"Add Event task type using inheritance","messageBody":"","fileTypesAndContributionMap":{"java":{"insertions":32,"deletions":0}}},{"hash":"a76cda8f592c657c28f8d8a9c69b294a659a3f2d","isMergeCommit":false,"messageTitle":"Add Deadline task type using inheritance","messageBody":"","tags":["Level-4"],"fileTypesAndContributionMap":{"java":{"insertions":30,"deletions":1}}},{"hash":"97ef24d1304fd8babd4a317eebf39dd0cc34f047","isMergeCommit":false,"messageTitle":"Improve code quality by refactoring","messageBody":"","tags":["A-CodeQuality"],"fileTypesAndContributionMap":{"java":{"insertions":87,"deletions":44}}}]},{"date":"2026-02-12T00:00:00","commitResults":[{"hash":"ba3b324cb941123368cd2c278eb5676d07d8116d","isMergeCommit":false,"messageTitle":"Update mark/umark message format to reflect task type","messageBody":"","fileTypesAndContributionMap":{"java":{"insertions":2,"deletions":2}}},{"hash":"2b6b699b0267cf2b481bc9c77baa4299171f8a17","isMergeCommit":false,"messageTitle":"Handle invalid index for mark/unmark and empty description for todo","messageBody":"","tags":["A-Exceptions"],"fileTypesAndContributionMap":{"java":{"insertions":66,"deletions":24}}}]},{"date":"2026-02-13T00:00:00","commitResults":[{"hash":"8d9834a118c76dc49fc7e80d0a8cc95cf250fc9a","isMergeCommit":false,"messageTitle":"Handle invalid event format and empty description","messageBody":"","fileTypesAndContributionMap":{"java":{"insertions":23,"deletions":17}}},{"hash":"fa23bade4acfaf14dd75021c0945911a435da8c3","isMergeCommit":false,"messageTitle":"Handle unknown commands, empty index for mark/unmark, and invalid format for deadline","messageBody":"","fileTypesAndContributionMap":{"java":{"insertions":24,"deletions":12}}},{"hash":"8bf87f7161d616d13d13460134bca4083261a12c","isMergeCommit":true,"messageTitle":"Merge branch \u0027branch-Level-5\u0027","messageBody":"","tags":["Level-5"],"fileTypesAndContributionMap":{}},{"hash":"8500c8a8d025a92178480cb6e8a79569ff5201f1","isMergeCommit":false,"messageTitle":"Organize classes into shiro package","messageBody":"","fileTypesAndContributionMap":{"java":{"insertions":12,"deletions":0}}},{"hash":"f933b5993ce850f875c7e93281e9f19707b717a5","isMergeCommit":true,"messageTitle":"Merge branch \u0027branch-A-Packages\u0027","messageBody":"","tags":["A-Packages"],"fileTypesAndContributionMap":{}}]}]},"authorFileTypeContributionMap":{"AnnikaGarg":{"java":310,"md":0,"fxml":0,"sh":0,"bat":0,"gradle":0,"txt":0}},"authorContributionVariance":{"AnnikaGarg":2285.0557},"authorDisplayNameMap":{"AnnikaGarg":"CS2113-F14-1 GARG..AJAY"}}
