{"authorDailyContributionsMap":{"Calvin-GH":[{"date":"2026-02-04T00:00:00","commitResults":[{"hash":"0a982da001bec3c9167d72ce9b53eb828c273549","isMergeCommit":false,"messageTitle":"Level-0: Rename chatbot to Timer, greet and exit","messageBody":"","fileTypesAndContributionMap":{"java":{"insertions":10,"deletions":10}}},{"hash":"04c951d6be518939f833f1d254d9cb819167552d","isMergeCommit":false,"messageTitle":"Level 1-1: Echo and exit on bye","messageBody":"","tags":["Level1-1"],"fileTypesAndContributionMap":{"java":{"insertions":24,"deletions":3}}},{"hash":"a9a2ff278bf1cc371d971de1e41b296499f31c76","isMergeCommit":false,"messageTitle":"Level1-2: Add and list tasks","messageBody":"","tags":["Level1-2"],"fileTypesAndContributionMap":{"java":{"insertions":28,"deletions":4}}},{"hash":"d637cbddcaf111c62a2ae7f885c542c626ed2836","isMergeCommit":false,"messageTitle":"Level1-3: Mark and unmark tasks","messageBody":"","tags":["Level1-3"],"fileTypesAndContributionMap":{"java":{"insertions":53,"deletions":1}}},{"hash":"fec55869ed4cbc9619bf9e606e3f592f6fb2e447","isMergeCommit":false,"messageTitle":"Level1-4: Todo, Deadline, Event","messageBody":"","tags":["Level1-4"],"fileTypesAndContributionMap":{"java":{"insertions":185,"deletions":21}}}]}]},"authorFileTypeContributionMap":{"Calvin-GH":{"java":271,"md":0,"fxml":0,"sh":0,"bat":0,"gradle":0,"txt":0}},"authorContributionVariance":{"Calvin-GH":4098.692},"authorDisplayNameMap":{"Calvin-GH":"CS2113-T11-3 CALV..UANG"}}
