{"authorDailyContributionsMap":{"tablehao":[{"date":"2026-01-28T00:00:00","commitResults":[{"hash":"04c14d3eb4b7ecec9b72ffc029c6a182ee7802a5","isMergeCommit":false,"messageTitle":"Add Level-0","messageBody":"Renamed chatbot\n","fileTypesAndContributionMap":{"java":{"insertions":6,"deletions":10}}},{"hash":"cc4de46f0a889f45e073b27950c291ce9eb457ac","isMergeCommit":false,"messageTitle":"Add Level-1","messageBody":"Echoes user\u0027s input and exits on \"bye\".\n","fileTypesAndContributionMap":{"java":{"insertions":22,"deletions":3}}}]},{"date":"2026-01-29T00:00:00","commitResults":[{"hash":"b09908f5b8c5d94cd93b2db6785312158badc5c4","isMergeCommit":false,"messageTitle":"Add Level-2","messageBody":"Implement a simple list that stores text from user.\n","fileTypesAndContributionMap":{"java":{"insertions":14,"deletions":1}}},{"hash":"7da83573320cb37da68d9f15465434fa168c969b","isMergeCommit":false,"messageTitle":"Add Level-3","messageBody":"Add a new Task class so users can mark or unmark their tasks.\n","fileTypesAndContributionMap":{"java":{"insertions":39,"deletions":3}}}]}]},"authorFileTypeContributionMap":{"tablehao":{"java":74,"md":0,"fxml":0,"sh":0,"bat":0,"gradle":0,"txt":0}},"authorContributionVariance":{"tablehao":212.98412},"authorDisplayNameMap":{"tablehao":"CS2113-T10-2 CHIA.. JUN"}}
